frame_id,frame_path,label,kpt_0_x,kpt_0_y,kpt_0_z,kpt_1_x,kpt_1_y,kpt_1_z,kpt_2_x,kpt_2_y,kpt_2_z,kpt_3_x,kpt_3_y,kpt_3_z,kpt_4_x,kpt_4_y,kpt_4_z,kpt_5_x,kpt_5_y,kpt_5_z,kpt_6_x,kpt_6_y,kpt_6_z,kpt_7_x,kpt_7_y,kpt_7_z,kpt_8_x,kpt_8_y,kpt_8_z,kpt_9_x,kpt_9_y,kpt_9_z,kpt_10_x,kpt_10_y,kpt_10_z,kpt_11_x,kpt_11_y,kpt_11_z,kpt_12_x,kpt_12_y,kpt_12_z,kpt_13_x,kpt_13_y,kpt_13_z,kpt_14_x,kpt_14_y,kpt_14_z,kpt_15_x,kpt_15_y,kpt_15_z,kpt_16_x,kpt_16_y,kpt_16_z,kpt_17_x,kpt_17_y,kpt_17_z,kpt_18_x,kpt_18_y,kpt_18_z,kpt_19_x,kpt_19_y,kpt_19_z,kpt_20_x,kpt_20_y,kpt_20_z,kpt_21_x,kpt_21_y,kpt_21_z,kpt_22_x,kpt_22_y,kpt_22_z,kpt_23_x,kpt_23_y,kpt_23_z,kpt_24_x,kpt_24_y,kpt_24_z,kpt_25_x,kpt_25_y,kpt_25_z,kpt_26_x,kpt_26_y,kpt_26_z,kpt_27_x,kpt_27_y,kpt_27_z,kpt_28_x,kpt_28_y,kpt_28_z,kpt_29_x,kpt_29_y,kpt_29_z,kpt_30_x,kpt_30_y,kpt_30_z,kpt_31_x,kpt_31_y,kpt_31_z,kpt_32_x,kpt_32_y,kpt_32_z
0042,./images/114/frame_00042.jpg,Normal,0.5200358033180237,0.5856581330299377,-0.33163976669311523,0.5208225250244141,0.5792168974876404,-0.32521262764930725,0.521630585193634,0.5781768560409546,-0.3252148926258087,0.5223366022109985,0.5771598815917969,-0.32538190484046936,0.5192443132400513,0.5813007950782776,-0.32601335644721985,0.5188340544700623,0.5817368626594543,-0.32602933049201965,0.5184643268585205,0.5820978283882141,-0.32607361674308777,0.5247795581817627,0.5689172744750977,-0.25250428915023804,0.5184923410415649,0.5756950378417969,-0.25203758478164673,0.5221737027168274,0.5830032825469971,-0.29842808842658997,0.5199941396713257,0.5866234302520752,-0.29857078194618225,0.5340996384620667,0.5679832696914673,-0.1581605225801468,0.5296484231948853,0.5842869281768799,-0.149434894323349,0.5742956399917603,0.6186082363128662,-0.15742184221744537,0.5816577076911926,0.5948725342750549,-0.14243580400943756,0.6253268122673035,0.636462390422821,-0.22451992332935333,0.6351647973060608,0.6017373204231262,-0.15989480912685394,0.6371965408325195,0.631930947303772,-0.2481749951839447,0.64433753490448,0.6068607568740845,-0.17287106812000275,0.6368826627731323,0.6361753344535828,-0.2495252788066864,0.6446196436882019,0.5956852436065674,-0.1853659600019455,0.631892740726471,0.6388376951217651,-0.22741742432117462,0.6419268846511841,0.5916831493377686,-0.16580191254615784,0.47475466132164,0.5056880712509155,-0.0067529501393437386,0.47842270135879517,0.5394695401191711,0.006750876549631357,0.5190598964691162,0.5191500782966614,-0.15709398686885834,0.5100558400154114,0.6254817247390747,-0.1006680279970169,0.5833587050437927,0.6290415525436401,-0.12556573748588562,0.5819847583770752,0.6854845285415649,-0.11828474700450897,0.5886209011077881,0.637694239616394,-0.12376068532466888,0.5930039882659912,0.6803998351097107,-0.12060108035802841,0.620876133441925,0.6698041558265686,-0.18879494071006775,0.6100350618362427,0.72666335105896,-0.1803034394979477
0043,./images/114/frame_00043.jpg,Normal,0.5437458753585815,0.5964159965515137,0.0095563605427742,0.5432406067848206,0.599400520324707,0.02446063980460167,0.5420247316360474,0.6022270917892456,0.02449658513069153,0.5407679677009583,0.6049390435218811,0.024430811405181885,0.5461563467979431,0.5903403162956238,0.024502290412783623,0.5468039512634277,0.5870261788368225,0.024555310606956482,0.5474400520324707,0.5842295289039612,0.024431347846984863,0.5347462892532349,0.6009202599525452,0.07388199120759964,0.5441035032272339,0.5746526122093201,0.07673024386167526,0.5379199385643005,0.5952096581459045,0.025869574397802353,0.5409714579582214,0.58717280626297,0.026390939950942993,0.5237393379211426,0.6135069727897644,0.04649993032217026,0.5408767461776733,0.5357757806777954,0.0803600400686264,0.5647705793380737,0.6855577230453491,-0.020016351714730263,0.6052004098892212,0.5187501907348633,0.07723609358072281,0.6201425790786743,0.6986900568008423,-0.07326945662498474,0.6473139524459839,0.5252184271812439,0.0724368542432785,0.6328396201133728,0.7020105719566345,-0.08430707454681396,0.6591129899024963,0.5199576616287231,0.07420606166124344,0.6353874206542969,0.6941158175468445,-0.06914593279361725,0.6555033922195435,0.5257782340049744,0.07185973227024078,0.6303480863571167,0.6916907429695129,-0.06919355690479279,0.6512253880500793,0.5296148657798767,0.07012423872947693,0.467190682888031,0.5337850451469421,-0.007324362639337778,0.4828159809112549,0.5105974674224854,0.007194518111646175,0.47666239738464355,0.5591223239898682,-0.04130396991968155,0.5387252569198608,0.5490321516990662,0.009168867021799088,0.5788324475288391,0.6458718180656433,0.04815760254859924,0.583663821220398,0.6340082287788391,0.04776544123888016,0.5893239974975586,0.6529280543327332,0.060103170573711395,0.5914520025253296,0.6429762840270996,0.053469277918338776,0.6108962893486023,0.6696524024009705,0.0371367372572422,0.6031238436698914,0.6650969982147217,0.022942950949072838
0148,./images/114/frame_00148.jpg,Normal,0.5469371676445007,0.6394980549812317,0.19315765798091888,0.5482956767082214,0.6455109119415283,0.21563322842121124,0.5469421148300171,0.648501992225647,0.21559607982635498,0.5455467700958252,0.6514117121696472,0.21559861302375793,0.5524263978004456,0.6359719038009644,0.214259073138237,0.5536558628082275,0.6323229670524597,0.21426573395729065,0.5548881888389587,0.6287410259246826,0.21410569548606873,0.542056679725647,0.64743572473526,0.28064295649528503,0.5557914972305298,0.6129146814346313,0.2753123939037323,0.5411892533302307,0.6359415054321289,0.2134641706943512,0.5454926490783691,0.6249085068702698,0.2113615721464157,0.5194728970527649,0.6460790038108826,0.22648224234580994,0.5584251880645752,0.5566662549972534,0.22499601542949677,0.5432292819023132,0.6689353585243225,0.10236106067895889,0.5794072151184082,0.5702174305915833,0.06332956254482269,0.6033982038497925,0.7097058296203613,0.015749044716358185,0.6070009469985962,0.6455391049385071,-0.027120690792798996,0.6181857585906982,0.7233282327651978,-0.0012630753917619586,0.6146132349967957,0.6620360612869263,-0.03893616423010826,0.6215805411338806,0.7206572890281677,0.01449824683368206,0.6160230040550232,0.6656937599182129,-0.0243449155241251,0.617384672164917,0.7136980891227722,0.020015696063637733,0.6115955710411072,0.6629382371902466,-0.023288168013095856,0.4725695252418518,0.5374224781990051,-0.0005160194705240428,0.5046507120132446,0.4953419864177704,0.0005725700175389647,0.5034317374229431,0.5948362946510315,-0.15842914581298828,0.5611328482627869,0.5672963261604309,-0.12408580631017685,0.5743916034698486,0.6533914804458618,-0.3266684114933014,0.5906261801719666,0.6323864459991455,-0.3127352297306061,0.5778443813323975,0.6531397104263306,-0.34684720635414124,0.5854103565216064,0.6263372302055359,-0.3329882323741913,0.6111414432525635,0.6872581243515015,-0.42151379585266113,0.6146059036254883,0.6846475601196289,-0.4073973298072815
0150,./images/114/frame_00150.jpg,Normal,0.5498015284538269,0.6347682476043701,0.1964082419872284,0.5495560765266418,0.6395960450172424,0.22159871459007263,0.5479844808578491,0.6424645781517029,0.22154362499713898,0.5463739633560181,0.6452345848083496,0.22158212959766388,0.5538524389266968,0.6307392716407776,0.2196679413318634,0.5550646781921387,0.6273006200790405,0.21966032683849335,0.5562636852264404,0.6238745450973511,0.2194869965314865,0.540752112865448,0.6426635384559631,0.28974032402038574,0.5554026961326599,0.609663188457489,0.28230077028274536,0.5435740351676941,0.6320513486862183,0.2159791886806488,0.5478271842002869,0.6219518184661865,0.21329693496227264,0.5166963934898376,0.6449000835418701,0.23678168654441833,0.5561200380325317,0.5565159320831299,0.22186379134655,0.5502698421478271,0.6854904890060425,0.12853868305683136,0.5843306183815002,0.5756021738052368,0.05737139657139778,0.6046370267868042,0.722076416015625,0.0749843567609787,0.6131317615509033,0.6487523317337036,-0.018994905054569244,0.6145713925361633,0.7349544763565063,0.05565739423036575,0.6199684143066406,0.6641184091567993,-0.036318156868219376,0.6171809434890747,0.7284584641456604,0.06699352711439133,0.6187750101089478,0.668215274810791,-0.024085581302642822,0.6145228147506714,0.720879852771759,0.07647550851106644,0.614456832408905,0.6665045022964478,-0.01735713891685009,0.47180992364883423,0.5521490573883057,0.004942889325320721,0.5027316808700562,0.49925506114959717,-0.0049958000890910625,0.5151715278625488,0.6243546605110168,-0.15446984767913818,0.562935471534729,0.5672034025192261,-0.1375763863325119,0.5774683952331543,0.6735323667526245,-0.37739214301109314,0.5986098647117615,0.6091446876525879,-0.35581105947494507,0.5783582329750061,0.6687178015708923,-0.40546876192092896,0.5936595797538757,0.6061487793922424,-0.3816213309764862,0.6117728352546692,0.7117710709571838,-0.48971986770629883,0.6250008344650269,0.6423830389976501,-0.456235408782959
0160,./images/114/frame_00160.jpg,Normal,0.5547423958778381,0.6508574485778809,0.16766338050365448,0.5536324381828308,0.6537832021713257,0.19071120023727417,0.5521764755249023,0.6560463309288025,0.19066153466701508,0.5506833791732788,0.6581992506980896,0.1906360238790512,0.5578138828277588,0.6460232734680176,0.18656034767627716,0.5589675903320312,0.6429080963134766,0.1865597367286682,0.5601401925086975,0.6398252248764038,0.18638262152671814,0.5462237596511841,0.6522210836410522,0.2514972686767578,0.5598573088645935,0.6242850422859192,0.23274335265159607,0.5495133399963379,0.6458798050880432,0.1848495751619339,0.553652286529541,0.6373082995414734,0.1791672706604004,0.5276647806167603,0.6472614407539368,0.2092854529619217,0.5627754926681519,0.572145938873291,0.1843010038137436,0.5650281310081482,0.6903305053710938,0.15041202306747437,0.5967248678207397,0.5976389646530151,0.1037522554397583,0.6185498833656311,0.7053439617156982,0.13695593178272247,0.6285143494606018,0.6234057545661926,0.11251308768987656,0.6296322345733643,0.7091856002807617,0.12691310048103333,0.6365835666656494,0.6270931959152222,0.11413266509771347,0.633183479309082,0.7036013603210449,0.14218741655349731,0.6355810165405273,0.6255164742469788,0.1174384132027626,0.6304484605789185,0.7000930309295654,0.14082121849060059,0.6311996579170227,0.6287319660186768,0.1126268059015274,0.470137357711792,0.5591358542442322,0.013645333237946033,0.5012913346290588,0.5223720073699951,-0.013719385489821434,0.50255286693573,0.6230942010879517,-0.14871366322040558,0.5498596429824829,0.5969758033752441,-0.15446332097053528,0.5766050815582275,0.6760724186897278,-0.3104124367237091,0.5932280421257019,0.6398259401321411,-0.30977344512939453,0.582105278968811,0.6792632937431335,-0.3296828269958496,0.5928710103034973,0.6381127834320068,-0.32633012533187866,0.6125190854072571,0.6977496147155762,-0.4033704400062561,0.6199711561203003,0.6658987998962402,-0.39299479126930237
0161,./images/114/frame_00161.jpg,Normal,0.5416337251663208,0.6348804831504822,0.2023199498653412,0.5475519895553589,0.6332101821899414,0.2254004031419754,0.5472951531410217,0.6353206038475037,0.2253742665052414,0.5349681973457336,0.6462002396583557,0.2253008335828781,0.5489859580993652,0.6268971562385559,0.22547218203544617,0.5491843223571777,0.6256799697875977,0.22548902034759521,0.546087920665741,0.6261278390884399,0.2253817319869995,0.5289634466171265,0.6419270634651184,0.27759310603141785,0.5451476573944092,0.6118895411491394,0.2780859172344208,0.5365971326828003,0.6299294233322144,0.21567587554454803,0.5417218804359436,0.6205130815505981,0.21540208160877228,0.5180054903030396,0.6388294100761414,0.21405503153800964,0.5509409308433533,0.5556883215904236,0.2385891228914261,0.5638076066970825,0.6831640601158142,0.15593348443508148,0.5926955342292786,0.5646016597747803,0.19954201579093933,0.6180936694145203,0.6971450448036194,0.18234996497631073,0.6280993223190308,0.5980681777000427,0.22737571597099304,0.6295996308326721,0.7022969722747803,0.17867425084114075,0.6365203261375427,0.6029084324836731,0.23101377487182617,0.6314741373062134,0.6961780786514282,0.19342175126075745,0.6355252861976624,0.6072712540626526,0.23497843742370605,0.6282979249954224,0.6915637850761414,0.18726111948490143,0.6312478184700012,0.6092716455459595,0.2280007302761078,0.47004157304763794,0.5610158443450928,-0.0009644768433645368,0.49744516611099243,0.5188099145889282,0.0009393059881404042,0.508537232875824,0.6340005397796631,-0.10031024366617203,0.552981972694397,0.5828815698623657,-0.07937230914831161,0.5773354768753052,0.680483877658844,-0.22630782425403595,0.5971277952194214,0.6343087553977966,-0.20827996730804443,0.5836212635040283,0.6795102953910828,-0.2412916123867035,0.5971916913986206,0.6357287764549255,-0.22198553383350372,0.6045218706130981,0.7072255611419678,-0.3082819879055023,0.6199671030044556,0.6599187254905701,-0.2799682319164276
0163,./images/114/frame_00163.jpg,Normal,0.554546594619751,0.6476562023162842,0.1777949184179306,0.5549779534339905,0.6503584980964661,0.19958066940307617,0.5537500381469727,0.6525814533233643,0.19953329861164093,0.5524900555610657,0.654716968536377,0.19952383637428284,0.5584021210670471,0.6424875855445862,0.19594807922840118,0.5593336224555969,0.639223575592041,0.195932075381279,0.5602595210075378,0.6360101103782654,0.1957518607378006,0.5477613806724548,0.6490305662155151,0.2530941367149353,0.5593018531799316,0.6207506060600281,0.2377174198627472,0.5490407943725586,0.6445554494857788,0.19277027249336243,0.5524879693984985,0.6352295875549316,0.18790194392204285,0.5255677700042725,0.6489816904067993,0.20470492541790009,0.5588077306747437,0.5745236277580261,0.17662551999092102,0.5517970323562622,0.6847760677337646,0.11357487738132477,0.5849913954734802,0.5934978127479553,0.040211450308561325,0.605158269405365,0.7174398899078369,0.0708228349685669,0.6118524074554443,0.6505622267723083,-0.017112554982304573,0.6168428063392639,0.7285956740379333,0.06080368906259537,0.6187859177589417,0.6623419523239136,-0.027062948793172836,0.6187649965286255,0.7243083715438843,0.07544198632240295,0.6184800863265991,0.6642241477966309,-0.016467969864606857,0.6155370473861694,0.7177218794822693,0.0747009813785553,0.6143909692764282,0.6632110476493835,-0.015218126587569714,0.47634536027908325,0.5533300042152405,0.010161953046917915,0.5043304562568665,0.5132861137390137,-0.010171264410018921,0.5101284980773926,0.6108453273773193,-0.11005880683660507,0.5571523904800415,0.5831475257873535,-0.12377893924713135,0.5748193264007568,0.6619132161140442,-0.25344493985176086,0.5935947895050049,0.6365633606910706,-0.26958638429641724,0.578345537185669,0.6615524888038635,-0.27142494916915894,0.5905005931854248,0.6353142857551575,-0.2855815291404724,0.6036989092826843,0.6890259981155396,-0.34442558884620667,0.6157150864601135,0.6665498614311218,-0.3548300564289093
0164,./images/114/frame_00164.jpg,Normal,0.546821117401123,0.6410351395606995,0.2479698359966278,0.5447636842727661,0.644498348236084,0.27199646830558777,0.5432084798812866,0.6473642587661743,0.2720009684562683,0.5415967702865601,0.6501237154006958,0.271968811750412,0.5485817193984985,0.6350715756416321,0.2752782702445984,0.5494822263717651,0.6314272880554199,0.2753092646598816,0.5503882765769958,0.6278259754180908,0.2752407491207123,0.5356594920158386,0.6457731127738953,0.3262380361557007,0.5487381219863892,0.6125872731208801,0.34406548738479614,0.5417068600654602,0.638142466545105,0.2616531550884247,0.5457481145858765,0.6274837255477905,0.2664402425289154,0.5193277597427368,0.6504717469215393,0.24568966031074524,0.548454761505127,0.5603501796722412,0.2969376742839813,0.5516929030418396,0.6914770007133484,0.13438668847084045,0.5760036110877991,0.5591711401939392,0.20241661369800568,0.6019759178161621,0.7247806787490845,0.08657205104827881,0.6030335426330566,0.6405112147331238,0.1628076732158661,0.6132687926292419,0.7372549176216125,0.07186558842658997,0.6093668341636658,0.6590362191200256,0.15638341009616852,0.6147841215133667,0.7300142049789429,0.08738867193460464,0.6097778677940369,0.6636645793914795,0.17165568470954895,0.6116909384727478,0.7226410508155823,0.0906360000371933,0.6069892644882202,0.6616977453231812,0.1663622260093689,0.47873377799987793,0.563469648361206,-0.018631896004080772,0.5033500790596008,0.513307511806488,0.018444117158651352,0.5201926231384277,0.6259689927101135,-0.06828893721103668,0.5662575960159302,0.5618991851806641,-0.04288383573293686,0.5888869166374207,0.6884284615516663,-0.1120901107788086,0.5960081815719604,0.6432023644447327,-0.11774460971355438,0.5955160856246948,0.6867275238037109,-0.11858067661523819,0.5932425260543823,0.6483316421508789,-0.1255461871623993,0.610724925994873,0.722290575504303,-0.16571739315986633,0.616388738155365,0.6742470860481262,-0.16425465047359467
0165,./images/114/frame_00165.jpg,Normal,0.5439189672470093,0.6400879621505737,0.23792512714862823,0.5416437387466431,0.6440107226371765,0.26151251792907715,0.5399807691574097,0.6469823718070984,0.2615090012550354,0.5382614731788635,0.649846613407135,0.26146429777145386,0.5457857847213745,0.6343215107917786,0.2643367350101471,0.5468043684959412,0.6306123733520508,0.2643703818321228,0.5478320121765137,0.6269423961639404,0.2642977833747864,0.5321249961853027,0.6456241607666016,0.3165125250816345,0.5463318824768066,0.6113995313644409,0.33231303095817566,0.5386927723884583,0.6370190382003784,0.2524312138557434,0.5431657433509827,0.625994086265564,0.256641149520874,0.5169299840927124,0.6518734097480774,0.23720133304595947,0.5459350347518921,0.5569996237754822,0.28914791345596313,0.5513455867767334,0.6958533525466919,0.12797901034355164,0.5728598237037659,0.5522664189338684,0.19567492604255676,0.5998198390007019,0.7293894290924072,0.0841524749994278,0.6016541123390198,0.6358814835548401,0.1537889838218689,0.6102719902992249,0.7426129579544067,0.07045254856348038,0.6086130142211914,0.6557597517967224,0.14732447266578674,0.6118069291114807,0.7343288064002991,0.08611570298671722,0.6091440320014954,0.6622307896614075,0.16194851696491241,0.6089183688163757,0.7265841364860535,0.08842198550701141,0.6062312126159668,0.6595247387886047,0.15713924169540405,0.4786030352115631,0.5662252306938171,-0.0218584593385458,0.501250147819519,0.5128055810928345,0.021696489304304123,0.5210277438163757,0.6336846947669983,-0.06721235066652298,0.5667999982833862,0.5588594675064087,-0.04148036986589432,0.589996874332428,0.6903895735740662,-0.10402156412601471,0.5963083505630493,0.6437453627586365,-0.1132517009973526,0.5976072549819946,0.687981903553009,-0.10926233232021332,0.5941285490989685,0.6493611335754395,-0.12040762603282928,0.6111866235733032,0.7219631671905518,-0.1576407253742218,0.6157062649726868,0.6760832667350769,-0.1617969572544098
0166,./images/114/frame_00166.jpg,Normal,0.5342223644256592,0.6327966451644897,0.25526440143585205,0.5324402451515198,0.6374127864837646,0.27949953079223633,0.5307027101516724,0.6403628587722778,0.279485285282135,0.5289161801338196,0.6432316303253174,0.2794329524040222,0.5434380173683167,0.6249604225158691,0.280687153339386,0.5439964532852173,0.6229772567749023,0.28073304891586304,0.5396658182144165,0.6210647821426392,0.28065213561058044,0.5233380198478699,0.6397965550422668,0.3363417983055115,0.5393408536911011,0.6056815385818481,0.34402090311050415,0.5292108654975891,0.629795491695404,0.2705380916595459,0.5341756939888,0.6191664934158325,0.272406667470932,0.5095559358596802,0.6473015546798706,0.25923168659210205,0.5429271459579468,0.5523806214332581,0.29345452785491943,0.5425530076026917,0.6946483850479126,0.15563148260116577,0.5711873769760132,0.5568955540657043,0.19163957238197327,0.5925110578536987,0.7305598855018616,0.12020565569400787,0.6028271913528442,0.6379828453063965,0.1509934961795807,0.6032963991165161,0.7444536685943604,0.10768561065196991,0.610224187374115,0.6563335657119751,0.14171499013900757,0.6050243377685547,0.733343780040741,0.12292079627513885,0.6105365753173828,0.6641854047775269,0.1549394130706787,0.6024878025054932,0.72869473695755,0.12439195811748505,0.6073285341262817,0.6609991192817688,0.15384505689144135,0.474686861038208,0.5656497478485107,-0.015477610751986504,0.49983152747154236,0.511290431022644,0.01540278922766447,0.519641101360321,0.6390563249588013,-0.07802623510360718,0.5656169056892395,0.5614191293716431,-0.06851658225059509,0.5874704122543335,0.6865876317024231,-0.16707853972911835,0.5952485203742981,0.64377760887146,-0.18295882642269135,0.5930854082107544,0.683437705039978,-0.1782698929309845,0.5927650332450867,0.6482617855072021,-0.19495901465415955,0.6069799065589905,0.7158104777336121,-0.23899522423744202,0.6110116243362427,0.679269552230835,-0.2512512803077698
0168,./images/114/frame_00168.jpg,Normal,0.5440890192985535,0.6298003196716309,0.16875670850276947,0.5445564985275269,0.6338306069374084,0.19151821732521057,0.5432077646255493,0.6363772749900818,0.19147492945194244,0.5418158769607544,0.6388123035430908,0.19150479137897491,0.5484377145767212,0.6259358525276184,0.18829800188541412,0.5496165156364441,0.6227884292602539,0.18828070163726807,0.5507822632789612,0.6196463108062744,0.18807417154312134,0.5375809073448181,0.6359633207321167,0.25237298011779785,0.5508054494857788,0.6068142056465149,0.23904702067375183,0.5386285781860352,0.6273775100708008,0.18592716753482819,0.542422890663147,0.618306040763855,0.18159908056259155,0.5152022242546082,0.6398301124572754,0.20538440346717834,0.5541720986366272,0.5595468282699585,0.18131281435489655,0.5451003313064575,0.6796787977218628,0.10431380569934845,0.5839060544967651,0.5765655636787415,0.02635362185537815,0.6001027226448059,0.7110244035720825,0.04602200910449028,0.6139206290245056,0.6428685188293457,-0.04232645407319069,0.6105657815933228,0.720481276512146,0.02817753329873085,0.6217774748802185,0.6561170220375061,-0.055751897394657135,0.613577127456665,0.7149361371994019,0.04242515191435814,0.6200258731842041,0.6583964824676514,-0.04441779479384422,0.6109307408332825,0.7089487314224243,0.048726025968790054,0.6152186989784241,0.6580595374107361,-0.040675196796655655,0.47447460889816284,0.5526582598686218,0.011433843523263931,0.504201352596283,0.5074561834335327,-0.011549817398190498,0.5153663158416748,0.6242310404777527,-0.1566985845565796,0.5584904551506042,0.5844233632087708,-0.14361990988254547,0.5766376256942749,0.6718157529830933,-0.36209094524383545,0.596269428730011,0.6239899396896362,-0.3387255370616913,0.5779879093170166,0.6701710224151611,-0.38783714175224304,0.5932327508926392,0.6208077073097229,-0.36190932989120483,0.6097372770309448,0.701248049736023,-0.47544044256210327,0.6224270462989807,0.6511118412017822,-0.4402647614479065
0169,./images/114/frame_00169.jpg,Normal,0.5418347120285034,0.6229072213172913,0.26543134450912476,0.5417706370353699,0.6287615299224854,0.2888251841068268,0.5320671200752258,0.632917582988739,0.28883084654808044,0.5303688645362854,0.6356322765350342,0.28878235816955566,0.5447148680686951,0.6218969225883484,0.2916943430900574,0.5461981296539307,0.6190940141677856,0.291742742061615,0.5468115210533142,0.6171542406082153,0.29168686270713806,0.5254356861114502,0.6326678395271301,0.34239906072616577,0.540367066860199,0.6010192632675171,0.3585820496082306,0.5309323668479919,0.6225579380989075,0.2795187830924988,0.5396415591239929,0.6118940114974976,0.2837458550930023,0.5114854574203491,0.6394014358520508,0.2649093270301819,0.544031023979187,0.5498504042625427,0.3109862804412842,0.545495867729187,0.6834642887115479,0.1762910783290863,0.572064220905304,0.560566246509552,0.21924519538879395,0.5994980335235596,0.7216829061508179,0.16107164323329926,0.6071523427963257,0.643193781375885,0.1846347153186798,0.6104847192764282,0.7351217269897461,0.15040183067321777,0.616243302822113,0.6617514491081238,0.17574572563171387,0.6128975749015808,0.7275040745735168,0.16450582444667816,0.6163920760154724,0.6666520833969116,0.1913343369960785,0.6100319027900696,0.7201515436172485,0.16517667472362518,0.6123757362365723,0.6640982031822205,0.18806251883506775,0.4748503267765045,0.5543165802955627,-0.017160262912511826,0.5016161203384399,0.5065011978149414,0.0170377679169178,0.5169833302497864,0.6270270347595215,-0.050405293703079224,0.562402606010437,0.5630273222923279,-0.047332845628261566,0.5862049460411072,0.6861674189567566,-0.13159504532814026,0.5962883234024048,0.6450749039649963,-0.15128029882907867,0.5939350128173828,0.6847114562988281,-0.14145970344543457,0.5937973260879517,0.6503406763076782,-0.1616651713848114,0.6098480820655823,0.7177459597587585,-0.19223082065582275,0.6178950667381287,0.6791990995407104,-0.20614752173423767
0170,./images/114/frame_00170.jpg,Normal,0.5358833074569702,0.6163009405136108,0.2925909459590912,0.536324143409729,0.6211130619049072,0.3160895109176636,0.52546226978302,0.6304272413253784,0.3160989582538605,0.5237647294998169,0.6332653760910034,0.31603631377220154,0.5392947196960449,0.6149222254753113,0.31944596767425537,0.5400634407997131,0.6134504079818726,0.31948649883270264,0.5415154099464417,0.6109662652015686,0.31943827867507935,0.5190020203590393,0.6301908493041992,0.36815783381462097,0.5335561037063599,0.5976254940032959,0.386216938495636,0.5254026651382446,0.6194940209388733,0.305861234664917,0.5307137370109558,0.6091165542602539,0.3105875849723816,0.5082046985626221,0.6380242109298706,0.28593236207962036,0.539949893951416,0.5444580316543579,0.3417770564556122,0.5454895496368408,0.6833266615867615,0.20303595066070557,0.5715978741645813,0.5519807934761047,0.26480939984321594,0.599341869354248,0.726256787776947,0.1950971931219101,0.6080467104911804,0.6386902928352356,0.24405698478221893,0.6107437014579773,0.7409982681274414,0.18726526200771332,0.617003858089447,0.6598689556121826,0.239353746175766,0.6129321455955505,0.7342866063117981,0.2007540911436081,0.61676025390625,0.6660926938056946,0.2539243996143341,0.6100496053695679,0.7263954877853394,0.19934514164924622,0.6133315563201904,0.6632113456726074,0.24758467078208923,0.4749905467033386,0.555443286895752,-0.022655170410871506,0.5005849003791809,0.5055564641952515,0.022566309198737144,0.5170443058013916,0.627057671546936,-0.05853313207626343,0.5637719631195068,0.5547717809677124,-0.041684649884700775,0.5876296758651733,0.6841408014297485,-0.15593907237052917,0.5961802005767822,0.6448244452476501,-0.17021587491035461,0.5955415368080139,0.6820252537727356,-0.16733071208000183,0.5934895277023315,0.6478065252304077,-0.1829065978527069,0.6101328134536743,0.7175554037094116,-0.21554939448833466,0.6176772713661194,0.6845912337303162,-0.22592684626579285
0171,./images/114/frame_00171.jpg,Normal,0.5351909399032593,0.6129776239395142,0.2943148910999298,0.534813404083252,0.6185497045516968,0.3179343044757843,0.525693953037262,0.6288330554962158,0.3179340958595276,0.5240539908409119,0.631697952747345,0.31787124276161194,0.5378392338752747,0.6123322248458862,0.3214372992515564,0.538477897644043,0.6110846400260925,0.3214742839336395,0.5401121377944946,0.6082897782325745,0.3214111328125,0.5191543698310852,0.6283965110778809,0.3700729012489319,0.5330386757850647,0.595571756362915,0.3887392282485962,0.5250220894813538,0.6179735660552979,0.3075218200683594,0.5294969081878662,0.6076620817184448,0.31237733364105225,0.5072523355484009,0.6371774673461914,0.2882559895515442,0.5384351015090942,0.5419761538505554,0.3431864380836487,0.5454985499382019,0.6827092170715332,0.2042558193206787,0.5702134370803833,0.5505540370941162,0.26341092586517334,0.5993294715881348,0.726011335849762,0.1915326714515686,0.6078124046325684,0.6382936835289001,0.23998768627643585,0.6111723780632019,0.7408866882324219,0.1835811287164688,0.6170257329940796,0.6596643924713135,0.23462247848510742,0.61309415102005,0.7346163988113403,0.19621680676937103,0.6170318126678467,0.6654609441757202,0.24903826415538788,0.610081672668457,0.7266108393669128,0.19547811150550842,0.6133634448051453,0.662818193435669,0.24341532588005066,0.47482115030288696,0.555936872959137,-0.02255145274102688,0.4993399977684021,0.504536509513855,0.022477097809314728,0.517025887966156,0.6265504360198975,-0.06285565346479416,0.5642167329788208,0.5522294640541077,-0.04349904507398605,0.5868806838989258,0.6827386617660522,-0.16997258365154266,0.5953243374824524,0.6438146829605103,-0.19125854969024658,0.5940433740615845,0.681858479976654,-0.18236860632896423,0.591738760471344,0.6458742618560791,-0.20590808987617493,0.6098991632461548,0.7153121829032898,-0.23215854167938232,0.6162803769111633,0.6845808029174805,-0.251374751329422
0172,./images/114/frame_00172.jpg,Normal,0.5317289233207703,0.6144054532051086,0.29036346077919006,0.5359722375869751,0.6196763515472412,0.31402185559272766,0.5266554951667786,0.6288712620735168,0.3140145242214203,0.5250363945960999,0.631714940071106,0.31394162774086,0.5390416383743286,0.6132005453109741,0.3170773386955261,0.5400876998901367,0.6111438274383545,0.3171050250530243,0.5398674607276917,0.6072152256965637,0.3170398771762848,0.5200680494308472,0.6282208561897278,0.36798280477523804,0.5337810516357422,0.595342218875885,0.38466137647628784,0.5256322622299194,0.6180267930030823,0.3045353889465332,0.5299160480499268,0.6077333092689514,0.30882006883621216,0.5074741244316101,0.637023389339447,0.2873540222644806,0.538725733757019,0.5411309003829956,0.34053805470466614,0.5454990267753601,0.6823011040687561,0.2011587917804718,0.5700454115867615,0.548899233341217,0.25956636667251587,0.5994317531585693,0.7245250940322876,0.18666410446166992,0.6075596809387207,0.6353702545166016,0.23142075538635254,0.6119621992111206,0.7386365532875061,0.17856237292289734,0.6168620586395264,0.6566823720932007,0.22558709979057312,0.6137803792953491,0.7324305772781372,0.19205905497074127,0.6172239780426025,0.6636574864387512,0.2391453981399536,0.6104926466941833,0.7247085571289062,0.19102782011032104,0.6134442090988159,0.660269558429718,0.23455743491649628,0.47476521134376526,0.5561861991882324,-0.02283988893032074,0.4990156590938568,0.5036061406135559,0.022764122113585472,0.5168536901473999,0.6246790289878845,-0.06864427030086517,0.5640181303024292,0.5490595698356628,-0.05533815175294876,0.5864211916923523,0.6804987788200378,-0.169920414686203,0.5949276685714722,0.6415306925773621,-0.19751426577568054,0.5934751033782959,0.6770403981208801,-0.1814931333065033,0.5910420417785645,0.6429769992828369,-0.21141842007637024,0.6097128987312317,0.7151282429695129,-0.23083308339118958,0.6160503625869751,0.6807782053947449,-0.2559059262275696
0173,./images/114/frame_00173.jpg,Normal,0.5273057818412781,0.6160411238670349,0.2898486256599426,0.5337396860122681,0.6181294918060303,0.31357741355895996,0.5233253240585327,0.6280664205551147,0.3135770857334137,0.5216410756111145,0.6308984756469727,0.3135027289390564,0.5368258357048035,0.6116700172424316,0.3164016604423523,0.5376223921775818,0.610114336013794,0.31643256545066833,0.5388156771659851,0.6067320704460144,0.3163765072822571,0.5167116522789001,0.6271593570709229,0.36753159761428833,0.5309754610061646,0.5943728685379028,0.38325005769729614,0.522839367389679,0.6168985366821289,0.3040781617164612,0.527186930179596,0.606709361076355,0.3081376850605011,0.5055581331253052,0.6353002190589905,0.28607267141342163,0.5372418761253357,0.5397272109985352,0.33924466371536255,0.5443717241287231,0.6822221875190735,0.19756291806697845,0.5688095688819885,0.5483288168907166,0.26020240783691406,0.5983883142471313,0.7171167135238647,0.18525591492652893,0.607313334941864,0.6336174011230469,0.2369583547115326,0.6110074520111084,0.7372667789459229,0.1772322952747345,0.6168678998947144,0.6545690298080444,0.23202624917030334,0.6128445863723755,0.7310020327568054,0.1914055496454239,0.6173616051673889,0.662135124206543,0.24594923853874207,0.6094557046890259,0.7234949469566345,0.18977776169776917,0.6134939789772034,0.6585147380828857,0.24035489559173584,0.4744761884212494,0.5563383102416992,-0.02344534546136856,0.4983692169189453,0.5033954381942749,0.023372041061520576,0.5169541239738464,0.6261829733848572,-0.06659606099128723,0.5637305378913879,0.5504946708679199,-0.04595789685845375,0.5864665508270264,0.6808334589004517,-0.17157888412475586,0.5949497222900391,0.6424376964569092,-0.17746663093566895,0.5937985777854919,0.6766602993011475,-0.18382863700389862,0.591103196144104,0.6441869735717773,-0.19049689173698425,0.6093124151229858,0.7173832654953003,-0.23662349581718445,0.6163824796676636,0.6841292381286621,-0.23553848266601562
0247,./images/114/frame_00247.jpg,Warning,0.21582886576652527,0.017550498247146606,-0.1672218292951584,0.22060349583625793,-0.002514481544494629,-0.1807270497083664,0.22039982676506042,0.0042303502559661865,-0.18077826499938965,0.22178569436073303,0.0038632601499557495,-0.1808612197637558,0.21967491507530212,-0.0041672587394714355,-0.15982750058174133,0.21988911926746368,-0.00462457537651062,-0.15985660254955292,0.21997225284576416,-0.005015075206756592,-0.15992975234985352,0.23145385086536407,0.00523984432220459,-0.21276810765266418,0.22915372252464294,0.0008775591850280762,-0.11782467365264893,0.22457318007946014,0.02453679032623768,-0.17560534179210663,0.222549170255661,0.022299975156784058,-0.14821520447731018,0.26279470324516296,0.07848842442035675,-0.23216474056243896,0.2435135394334793,0.05721558630466461,-0.04843074455857277,0.2659222483634949,0.19486601650714874,-0.24397949874401093,0.22187992930412292,0.12387065589427948,0.008901364170014858,0.2495526373386383,0.281852126121521,-0.25363102555274963,0.1914903074502945,0.15985456109046936,0.002334627090021968,0.2507416605949402,0.30215442180633545,-0.2785864472389221,0.18001094460487366,0.1647351086139679,0.0038335651624947786,0.24483487010002136,0.29811549186706543,-0.2796989381313324,0.17950353026390076,0.16185276210308075,-0.015382458455860615,0.24424079060554504,0.2886326014995575,-0.25490105152130127,0.18357424437999725,0.16304028034210205,-0.007264387793838978,0.25560301542282104,0.23551736772060394,-0.058886587619781494,0.24752017855644226,0.21484065055847168,0.05859421566128731,0.2603667080402374,0.32210344076156616,0.1106201633810997,0.25615209341049194,0.26610133051872253,0.25633957982063293,0.29881909489631653,0.33619922399520874,0.3116864562034607,0.27173498272895813,0.30552390217781067,0.4506526589393616,0.31063342094421387,0.338532030582428,0.3326692283153534,0.2789755165576935,0.31434160470962524,0.47119027376174927,0.2929573655128479,0.3515323996543884,0.31343868374824524,0.2517337203025818,0.32034632563591003,0.46301335096359253
0248,./images/114/frame_00248.jpg,Warning,0.21522274613380432,0.020320501178503036,-0.10063312202692032,0.21781134605407715,0.00909537635743618,-0.11609655618667603,0.21818788349628448,0.009955997578799725,-0.11614014208316803,0.21856915950775146,0.009826340712606907,-0.11616241931915283,0.21715791523456573,0.008598490618169308,-0.09996448457241058,0.21892936527729034,0.008010800927877426,-0.09999971836805344,0.21911561489105225,0.007711500395089388,-0.10009513050317764,0.2254853993654251,0.01142687164247036,-0.15638503432273865,0.2277269810438156,0.011578960344195366,-0.08403269946575165,0.22066161036491394,0.02891506813466549,-0.11167514324188232,0.2207040786743164,0.0279224943369627,-0.09072510898113251,0.24074208736419678,0.07847238332033157,-0.19071824848651886,0.24499468505382538,0.063216932117939,-0.027970895171165466,0.21148765087127686,0.1536719799041748,-0.20039984583854675,0.2201237976551056,0.1360960453748703,0.008558642119169235,0.17821604013442993,0.18059247732162476,-0.1961309015750885,0.18071123957633972,0.1677129715681076,-0.02420080080628395,0.16983889043331146,0.18086721003055573,-0.22149553894996643,0.17469659447669983,0.17143584787845612,-0.031536661088466644,0.17021486163139343,0.17373567819595337,-0.2168220579624176,0.17124579846858978,0.16852125525474548,-0.04691753163933754,0.17486423254013062,0.17544139921665192,-0.1949155628681183,0.1750425100326538,0.16560834646224976,-0.03261458873748779,0.2559741139411926,0.24039927124977112,-0.0567607581615448,0.25773733854293823,0.22648870944976807,0.05650334432721138,0.25967907905578613,0.3176655173301697,0.09888218343257904,0.24563339352607727,0.277240127325058,0.23282365500926971,0.28898969292640686,0.368743896484375,0.2685844898223877,0.24917952716350555,0.3321780264377594,0.4191145896911621,0.29719045758247375,0.37863147258758545,0.2863953113555908,0.2550363540649414,0.3436197340488434,0.43909016251564026,0.2837902009487152,0.3832416236400604,0.2708519399166107,0.22942940890789032,0.3446218967437744,0.4389680027961731
0249,./images/114/frame_00249.jpg,Warning,0.2151750773191452,0.02713070437312126,-0.1491607129573822,0.2179768830537796,0.015781830996274948,-0.15677624940872192,0.21861033141613007,0.015495823696255684,-0.1568039208650589,0.21945838630199432,0.015800030902028084,-0.15683694183826447,0.2163880318403244,0.015024285763502121,-0.13985751569271088,0.21678657829761505,0.014524444937705994,-0.13992081582546234,0.21635445952415466,0.014138791710138321,-0.14002788066864014,0.225817009806633,0.018137026578187943,-0.1816404014825821,0.222860187292099,0.01632160320878029,-0.09706215560436249,0.22046980261802673,0.037245698273181915,-0.1384100466966629,0.21844562888145447,0.036885082721710205,-0.11998909711837769,0.2476787269115448,0.08815367519855499,-0.19471850991249084,0.2279779613018036,0.0801873505115509,-0.03314635902643204,0.255994588136673,0.1804998368024826,-0.2065715789794922,0.20553414523601532,0.14940334856510162,0.016965454444289207,0.2542743682861328,0.20234836637973785,-0.22142234444618225,0.17092594504356384,0.17444156110286713,-0.015058147720992565,0.2561867833137512,0.22355316579341888,-0.2502080798149109,0.15776009857654572,0.1716451793909073,-0.018561050295829773,0.25329846143722534,0.2221163809299469,-0.26418760418891907,0.15544326603412628,0.17060354351997375,-0.03557981178164482,0.2517258822917938,0.2158081829547882,-0.2318609207868576,0.16165821254253387,0.1680157333612442,-0.024074357002973557,0.26672571897506714,0.2493625283241272,-0.056524503976106644,0.2557423710823059,0.23943810164928436,0.056305915117263794,0.2608678936958313,0.32295820116996765,0.09705008566379547,0.24700620770454407,0.2971633970737457,0.22911417484283447,0.2958681285381317,0.36597877740859985,0.2747710049152374,0.2537243962287903,0.34488725662231445,0.422370582818985,0.3054031431674957,0.3725866973400116,0.2930925786495209,0.2594166100025177,0.3529236912727356,0.4426753520965576,0.2916181683540344,0.3790908455848694,0.2686324715614319,0.23713156580924988,0.3640919029712677,0.4342932105064392
0250,./images/114/frame_00250.jpg,Warning,0.2118082046508789,0.03650638088583946,-0.1428418606519699,0.21581938862800598,0.023783694952726364,-0.15409675240516663,0.2172432839870453,0.023383285850286484,-0.15412911772727966,0.2187938392162323,0.023477723821997643,-0.1541813760995865,0.21340835094451904,0.02287347801029682,-0.13444195687770844,0.21345171332359314,0.02214352786540985,-0.13447734713554382,0.21319763362407684,0.021426018327474594,-0.13455556333065033,0.22655026614665985,0.02727755531668663,-0.17630977928638458,0.22146709263324738,0.0243439469486475,-0.08674107491970062,0.21712060272693634,0.04882582649588585,-0.14539127051830292,0.21399959921836853,0.04820433259010315,-0.12062857300043106,0.25002342462539673,0.09818461537361145,-0.19348348677158356,0.22516724467277527,0.09038291871547699,-0.016499724239110947,0.26820290088653564,0.19707053899765015,-0.2038106918334961,0.2062489092350006,0.15738555788993835,0.05308150500059128,0.2675284743309021,0.26910078525543213,-0.22076550126075745,0.16782471537590027,0.1786508411169052,0.04538159817457199,0.27178293466567993,0.28972557187080383,-0.24287696182727814,0.15690262615680695,0.1783619523048401,0.04717983305454254,0.26579633355140686,0.28996187448501587,-0.2503359615802765,0.1561780422925949,0.17658892273902893,0.026614582166075706,0.26286745071411133,0.28203943371772766,-0.22479212284088135,0.1603456437587738,0.1756773591041565,0.0355985090136528,0.2715323567390442,0.2584584355354309,-0.0560755617916584,0.25467896461486816,0.24431298673152924,0.05593116208910942,0.2550606429576874,0.3327995836734772,0.02748442068696022,0.23172780871391296,0.2925083041191101,0.19631800055503845,0.29540884494781494,0.36452895402908325,0.22459551692008972,0.254536509513855,0.3291212320327759,0.3598248362541199,0.304596871137619,0.3558555245399475,0.24620136618614197,0.26118260622024536,0.3272622525691986,0.3777991533279419,0.29425492882728577,0.3737477660179138,0.2487214356660843,0.2379693239927292,0.35494476556777954,0.3865305185317993
0251,./images/114/frame_00251.jpg,Warning,0.21135452389717102,0.04574232175946236,-0.2263011634349823,0.2158866822719574,0.030523795634508133,-0.22941854596138,0.21750526130199432,0.030646853148937225,-0.22944733500480652,0.22026923298835754,0.03148619830608368,-0.22951778769493103,0.21119782328605652,0.029882388189435005,-0.2162884920835495,0.2100992649793625,0.029780784621834755,-0.21632690727710724,0.20903852581977844,0.02972184494137764,-0.21638071537017822,0.22910872101783752,0.03421652689576149,-0.20593783259391785,0.21475648880004883,0.03219826892018318,-0.149048313498497,0.21795940399169922,0.06055756285786629,-0.2148638665676117,0.21314725279808044,0.05967123061418533,-0.19817331433296204,0.25146350264549255,0.10439245402812958,-0.20144426822662354,0.21962058544158936,0.09405159205198288,-0.056787826120853424,0.26874467730522156,0.20572823286056519,-0.20569837093353271,0.207585409283638,0.1616268903017044,0.032250069081783295,0.26801392436027527,0.3054206967353821,-0.22830572724342346,0.17192861437797546,0.18441732227802277,0.013520059175789356,0.27240386605262756,0.3222659230232239,-0.2507675290107727,0.1619270145893097,0.18990948796272278,0.015359160490334034,0.2666918635368347,0.3242342174053192,-0.256186306476593,0.16065730154514313,0.18792550265789032,-0.01189499907195568,0.26296624541282654,0.31463509798049927,-0.2309536188840866,0.1649099737405777,0.1866588592529297,0.0028085317462682724,0.27130386233329773,0.2547062635421753,-0.047743797302246094,0.2544821798801422,0.24378730356693268,0.047685910016298294,0.25874555110931396,0.3305571973323822,0.024131743237376213,0.2376602590084076,0.29825514554977417,0.1521596610546112,0.29107025265693665,0.35893842577934265,0.22217044234275818,0.257540762424469,0.33611586689949036,0.32481810450553894,0.2979455888271332,0.35490351915359497,0.24243104457855225,0.2645052373409271,0.33834025263786316,0.3429867625236511,0.29501718282699585,0.37171146273612976,0.22819313406944275,0.25034400820732117,0.36298301815986633,0.329683780670166
0252,./images/114/frame_00252.jpg,Warning,0.2091626673936844,0.057833924889564514,-0.23699632287025452,0.21442405879497528,0.04357614368200302,-0.23937924206256866,0.21749480068683624,0.0433182455599308,-0.23940536379814148,0.22032424807548523,0.04377244785428047,-0.2394471913576126,0.20769941806793213,0.043657656759023666,-0.22679540514945984,0.20635724067687988,0.04362306743860245,-0.22683796286582947,0.20503132045269012,0.043626442551612854,-0.22689668834209442,0.22931525111198425,0.04618890583515167,-0.21529754996299744,0.21108496189117432,0.04651407152414322,-0.16109807789325714,0.2179410457611084,0.07362543046474457,-0.22558431327342987,0.21105530858039856,0.07147907465696335,-0.20975708961486816,0.2522205114364624,0.1160781979560852,-0.20434994995594025,0.21976618468761444,0.11182505637407303,-0.0683818906545639,0.27362096309661865,0.21148787438869476,-0.21200065314769745,0.20613625645637512,0.16977770626544952,0.03233043849468231,0.26985615491867065,0.3101871609687805,-0.24390411376953125,0.17191897332668304,0.19048088788986206,0.039533831179142,0.2736920714378357,0.33200353384017944,-0.26418668031692505,0.16195067763328552,0.19491983950138092,0.04114292562007904,0.26629847288131714,0.331540584564209,-0.27287739515304565,0.15973243117332458,0.19235464930534363,0.020065780729055405,0.2628253102302551,0.322020560503006,-0.2475219964981079,0.16444425284862518,0.19177667796611786,0.030741030350327492,0.27343982458114624,0.2583826184272766,-0.04674976319074631,0.2543581426143646,0.2532481849193573,0.04664655774831772,0.2688189148902893,0.3186127841472626,0.10269051790237427,0.24005162715911865,0.3056998550891876,0.19591310620307922,0.289812296628952,0.35791245102882385,0.2932843565940857,0.2587571144104004,0.34117570519447327,0.3304802477359772,0.2961018681526184,0.3546733856201172,0.3117615580558777,0.265381395816803,0.34339433908462524,0.35041335225105286,0.2916809916496277,0.3711802065372467,0.27722352743148804,0.25023001432418823,0.37148094177246094,0.3899599313735962
0253,./images/114/frame_00253.jpg,Warning,0.20680300891399384,0.07105281949043274,-0.21126720309257507,0.21216590702533722,0.05587570369243622,-0.21674779057502747,0.2152385413646698,0.055947642773389816,-0.21677429974079132,0.21799735724925995,0.0565604493021965,-0.21682751178741455,0.2057420313358307,0.05618871748447418,-0.20271286368370056,0.2046307623386383,0.055972836911678314,-0.20275995135307312,0.20356743037700653,0.05564538761973381,-0.20281998813152313,0.2284117192029953,0.06012196093797684,-0.2099517583847046,0.21104058623313904,0.05771096050739288,-0.14632007479667664,0.21593013405799866,0.08598119765520096,-0.20518037676811218,0.20884177088737488,0.08554144203662872,-0.18733197450637817,0.24928422272205353,0.13122303783893585,-0.2061145007610321,0.21918924152851105,0.11561185121536255,-0.06170285493135452,0.2713462710380554,0.22858507931232452,-0.21224960684776306,0.20581655204296112,0.17804597318172455,0.029244203120470047,0.2697729170322418,0.32761308550834656,-0.23498985171318054,0.17318567633628845,0.19484233856201172,0.038308341056108475,0.2718510329723358,0.3393048048019409,-0.2546256184577942,0.162818044424057,0.19786228239536285,0.04117084667086601,0.26453185081481934,0.3379463255405426,-0.2618016302585602,0.15974782407283783,0.19414740800857544,0.02174878679215908,0.26153793931007385,0.3287188708782196,-0.23796291649341583,0.16495844721794128,0.1948094218969345,0.030177075415849686,0.2756112217903137,0.2692930996417999,-0.048167452216148376,0.25616928935050964,0.2567344009876251,0.04803912341594696,0.266907662153244,0.3187514543533325,0.07023625075817108,0.24159176647663116,0.3010600507259369,0.20285622775554657,0.29050394892692566,0.3519224524497986,0.24440355598926544,0.25713619589805603,0.33892619609832764,0.37581610679626465,0.29821816086769104,0.3488214612007141,0.2625756859779358,0.2630459666252136,0.3392217755317688,0.39504438638687134,0.2899645268917084,0.37060174345970154,0.2516595125198364,0.24538831412792206,0.36132460832595825,0.39854300022125244
0254,./images/114/frame_00254.jpg,Warning,0.207222580909729,0.09099163115024567,-0.2039252072572708,0.2111193686723709,0.07639190554618835,-0.21072998642921448,0.213987797498703,0.07623795419931412,-0.2107578068971634,0.21635539829730988,0.07644544541835785,-0.21082539856433868,0.20578327775001526,0.07612115144729614,-0.1955384463071823,0.20483548939228058,0.07579580694437027,-0.1955830454826355,0.20393891632556915,0.07536578923463821,-0.1956324577331543,0.2254633605480194,0.07764579355716705,-0.20869918167591095,0.21018478274345398,0.0756983831524849,-0.13807013630867004,0.21544107794761658,0.10085941851139069,-0.1985243856906891,0.20936104655265808,0.10146796703338623,-0.1790652573108673,0.24765928089618683,0.14162541925907135,-0.20565275847911835,0.2221343070268631,0.13412906229496002,-0.05762644484639168,0.2707165479660034,0.23797814548015594,-0.2135014832019806,0.2048899233341217,0.18593432009220123,0.010119603015482426,0.27361196279525757,0.3307529091835022,-0.22957734763622284,0.17157815396785736,0.1988125443458557,-0.01793191023170948,0.27761128544807434,0.3461843729019165,-0.24891731142997742,0.16000506281852722,0.20214998722076416,-0.020192395895719528,0.2709694504737854,0.34586334228515625,-0.2565424144268036,0.15831580758094788,0.19883275032043457,-0.041225649416446686,0.2673821747303009,0.3372180759906769,-0.23256142437458038,0.16218113899230957,0.19867759943008423,-0.027882587164640427,0.2747599482536316,0.2747513949871063,-0.0491449311375618,0.25640323758125305,0.2650759816169739,0.048997122794389725,0.2511461079120636,0.3306925594806671,-0.019957376644015312,0.23937883973121643,0.2937099039554596,0.141841322183609,0.2790045440196991,0.3377343416213989,0.1933116912841797,0.2515891194343567,0.3229885399341583,0.31094133853912354,0.2864897549152374,0.33064326643943787,0.2163066416978836,0.2569239139556885,0.32703885436058044,0.32925087213516235,0.2786569595336914,0.360027015209198,0.22443640232086182,0.23931977152824402,0.3411184847354889,0.3311835527420044
0255,./images/114/frame_00255.jpg,Warning,0.20781245827674866,0.09669255465269089,-0.19770556688308716,0.21133235096931458,0.08290693163871765,-0.20848698914051056,0.21427325904369354,0.0816236287355423,-0.20843827724456787,0.21668419241905212,0.08094131946563721,-0.20838972926139832,0.2058527171611786,0.08393123745918274,-0.1893528550863266,0.20464250445365906,0.08423048257827759,-0.18939432501792908,0.20362667739391327,0.08401315659284592,-0.1894558072090149,0.22478409111499786,0.07889945060014725,-0.17819055914878845,0.20738506317138672,0.08376870304346085,-0.12849180400371552,0.21581247448921204,0.10390005260705948,-0.19120071828365326,0.20971174538135529,0.10669554769992828,-0.17407599091529846,0.24735777080059052,0.14016525447368622,-0.17380498349666595,0.2214743196964264,0.14308804273605347,-0.04815753549337387,0.2704736292362213,0.23670877516269684,-0.18306946754455566,0.20384564995765686,0.19080187380313873,0.02184278331696987,0.269709050655365,0.33067479729652405,-0.20218272507190704,0.17071786522865295,0.2035619169473648,0.008615151979029179,0.2719190716743469,0.3487677574157715,-0.2175132781267166,0.15835906565189362,0.20711195468902588,0.010442454367876053,0.2654479444026947,0.34879061579704285,-0.22378870844841003,0.1558324247598648,0.204753115773201,-0.006689326371997595,0.2624813914299011,0.3400874137878418,-0.2044261246919632,0.16110993921756744,0.20479238033294678,0.0013327115448191762,0.27426519989967346,0.27183571457862854,-0.04026922211050987,0.2568289637565613,0.27101659774780273,0.04011743888258934,0.2511196434497833,0.2988370358943939,0.027461957186460495,0.2397318184375763,0.2932819724082947,0.10045360028743744,0.26708388328552246,0.33902016282081604,0.1820244938135147,0.25632405281066895,0.3316093981266022,0.19177022576332092,0.27187857031822205,0.3352554440498352,0.19784118235111237,0.2610696256160736,0.33843356370925903,0.20157702267169952,0.26518505811691284,0.36295968294143677,0.18872690200805664,0.2540150284767151,0.3521004617214203,0.18591035902500153
0256,./images/114/frame_00256.jpg,Warning,0.20815584063529968,0.11843562871217728,-0.21459344029426575,0.2117965668439865,0.10259505361318588,-0.21573734283447266,0.21441781520843506,0.10160019248723984,-0.2157229632139206,0.21720483899116516,0.10101183503866196,-0.21573272347450256,0.20513388514518738,0.10190414637327194,-0.20327427983283997,0.20357093214988708,0.10132069140672684,-0.20332744717597961,0.2020052969455719,0.10073605924844742,-0.20335015654563904,0.22505852580070496,0.09724071621894836,-0.18358102440834045,0.20650362968444824,0.0993727371096611,-0.1325445920228958,0.2161388099193573,0.12403766065835953,-0.20036236941814423,0.20962877571582794,0.12638598680496216,-0.18579402565956116,0.2478417456150055,0.1617230623960495,-0.18402215838432312,0.2192821502685547,0.146858811378479,-0.04792044311761856,0.2657996416091919,0.26074495911598206,-0.1904282569885254,0.20472100377082825,0.1993708312511444,0.002025633817538619,0.2549923062324524,0.33556488156318665,-0.1943984180688858,0.17175211012363434,0.20501579344272614,-0.03299874812364578,0.25671035051345825,0.35751402378082275,-0.20912854373455048,0.15900637209415436,0.20838432013988495,-0.035778485238552094,0.2506523132324219,0.35420525074005127,-0.2140146940946579,0.15551543235778809,0.20476225018501282,-0.05005300045013428,0.24928970634937286,0.34540435671806335,-0.19578605890274048,0.16242656111717224,0.20587347447872162,-0.04007292911410332,0.27517494559288025,0.2875927686691284,-0.0432480163872242,0.2587868571281433,0.2798663377761841,0.04309557378292084,0.24275369942188263,0.31112396717071533,0.001454503508284688,0.23542897403240204,0.30256229639053345,0.13331982493400574,0.2685842514038086,0.3468908369541168,0.1599925458431244,0.25804999470710754,0.33982381224632263,0.2460339367389679,0.2758535146713257,0.34479114413261414,0.17786237597465515,0.2649526000022888,0.3444827198982239,0.2589532434940338,0.2658337950706482,0.37618938088417053,0.1906377375125885,0.2547319531440735,0.3644771873950958,0.26498132944107056
0257,./images/114/frame_00257.jpg,Warning,0.2065116912126541,0.12121887505054474,-0.22630909085273743,0.209459587931633,0.10902723670005798,-0.23310533165931702,0.21165966987609863,0.1122654601931572,-0.23310227692127228,0.21518242359161377,0.10815096646547318,-0.2331489771604538,0.20317117869853973,0.10675611346960068,-0.21988871693611145,0.20215025544166565,0.1058492362499237,-0.21996060013771057,0.20117409527301788,0.10496003925800323,-0.22000880539417267,0.22332243621349335,0.10458396375179291,-0.22245652973651886,0.20782098174095154,0.10963055491447449,-0.16629980504512787,0.2142084389925003,0.12767456471920013,-0.21902665495872498,0.20797650516033173,0.12808209657669067,-0.2027290165424347,0.24733026325702667,0.16891008615493774,-0.2221624106168747,0.21788665652275085,0.14485934376716614,-0.08713861554861069,0.26421263813972473,0.2659834027290344,-0.23467805981636047,0.20254342257976532,0.19601085782051086,-0.021202217787504196,0.25353196263313293,0.34608593583106995,-0.23651106655597687,0.16816209256649017,0.2059195190668106,-0.015021574683487415,0.25550174713134766,0.36898964643478394,-0.25509876012802124,0.15479058027267456,0.20598527789115906,-0.015069985762238503,0.2485850751399994,0.36605873703956604,-0.26017463207244873,0.15126457810401917,0.20409880578517914,-0.031762123107910156,0.24703176319599152,0.35659658908843994,-0.23842117190361023,0.15693262219429016,0.20709463953971863,-0.022372310981154442,0.27483388781547546,0.285110205411911,-0.04211889207363129,0.25840282440185547,0.2751568853855133,0.04201316088438034,0.24450108408927917,0.3181460201740265,0.0036552422679960728,0.23247113823890686,0.3168974220752716,0.11651016771793365,0.27380579710006714,0.3581590950489044,0.17114754021167755,0.25792208313941956,0.35426825284957886,0.24362751841545105,0.28122571110725403,0.3584755063056946,0.18968121707439423,0.26478147506713867,0.3577732443809509,0.258173406124115,0.27199381589889526,0.3873506784439087,0.19583284854888916,0.253457635641098,0.3787716031074524,0.25897353887557983
0258,./images/114/frame_00258.jpg,Warning,0.2047225683927536,0.12448451668024063,-0.22941771149635315,0.2068396508693695,0.11459039151668549,-0.23942920565605164,0.20831581950187683,0.11569680273532867,-0.2394331693649292,0.2099655568599701,0.11608819663524628,-0.2394847571849823,0.20250287652015686,0.11064619570970535,-0.22500541806221008,0.20209026336669922,0.10970626771450043,-0.22508247196674347,0.20156662166118622,0.10884778946638107,-0.2251594364643097,0.21947798132896423,0.1153464987874031,-0.24226708710193634,0.2082875519990921,0.11453751474618912,-0.17988960444927216,0.21147651970386505,0.13209925591945648,-0.2263496220111847,0.20722706615924835,0.13182024657726288,-0.20837333798408508,0.24639876186847687,0.17059914767742157,-0.2423892319202423,0.2192390412092209,0.14622969925403595,-0.09918677806854248,0.2598291039466858,0.2720853388309479,-0.2531246542930603,0.20295599102973938,0.19681023061275482,-0.01704743504524231,0.25167614221572876,0.35204240679740906,-0.25708872079849243,0.16537943482398987,0.20711779594421387,0.012044904753565788,0.2537134289741516,0.3731796145439148,-0.2781341075897217,0.15351538360118866,0.20426689088344574,0.014778358861804008,0.2471214085817337,0.37131550908088684,-0.2833225727081299,0.14947931468486786,0.20360936224460602,-0.0005766225513070822,0.24555785953998566,0.3623315989971161,-0.25918492674827576,0.15462341904640198,0.20758315920829773,0.005795549135655165,0.2743413746356964,0.2841636836528778,-0.04140044003725052,0.2593296766281128,0.27407217025756836,0.04130972549319267,0.2533743679523468,0.32071545720100403,0.09584735333919525,0.2402961552143097,0.32485535740852356,0.19195766746997833,0.27771374583244324,0.3568938374519348,0.2722659111022949,0.258208692073822,0.3628331124782562,0.3606203496456146,0.28272876143455505,0.35872793197631836,0.2907741367816925,0.26487308740615845,0.3663475513458252,0.3786517381668091,0.2763020694255829,0.382013738155365,0.28384965658187866,0.25340527296066284,0.38950368762016296,0.37292852997779846
0259,./images/114/frame_00259.jpg,Warning,0.20377914607524872,0.14079564809799194,-0.24309778213500977,0.20577478408813477,0.1296273171901703,-0.2522450089454651,0.2077341079711914,0.1300065517425537,-0.2522447407245636,0.20941810309886932,0.1307462751865387,-0.2522960603237152,0.2020294964313507,0.12663601338863373,-0.23762190341949463,0.2015983760356903,0.12552793323993683,-0.2377062737941742,0.20114831626415253,0.1247471496462822,-0.23777668178081512,0.21801695227622986,0.13305702805519104,-0.2500932812690735,0.20736458897590637,0.1301109492778778,-0.18680313229560852,0.21105007827281952,0.14886781573295593,-0.2382022589445114,0.20635874569416046,0.15596996247768402,-0.21997907757759094,0.24788177013397217,0.19153428077697754,-0.2489815503358841,0.2195468246936798,0.1552385687828064,-0.10807079076766968,0.2599231004714966,0.28737908601760864,-0.26268672943115234,0.20037701725959778,0.19957824051380157,-0.03471750020980835,0.2520800530910492,0.36381417512893677,-0.27057892084121704,0.15840694308280945,0.20868586003780365,-0.023842191323637962,0.24885137379169464,0.3844130337238312,-0.295123815536499,0.14634886384010315,0.2047274261713028,-0.028459753841161728,0.24259328842163086,0.38051196932792664,-0.29910847544670105,0.14273443818092346,0.20696362853050232,-0.04461423307657242,0.241756409406662,0.37122565507888794,-0.27264347672462463,0.14825110137462616,0.21197687089443207,-0.03150422126054764,0.27439841628074646,0.29337653517723083,-0.04258670657873154,0.26122570037841797,0.27973759174346924,0.04248467832803726,0.2590486407279968,0.3258592188358307,0.12083812057971954,0.25186604261398315,0.3286946713924408,0.21560759842395782,0.28496307134628296,0.3554505705833435,0.30991846323013306,0.27006015181541443,0.36237233877182007,0.4023989140987396,0.29292723536491394,0.35784637928009033,0.3300069570541382,0.2773442268371582,0.36443421244621277,0.42222684621810913,0.2787814438343048,0.38141030073165894,0.31967854499816895,0.26035016775131226,0.39133745431900024,0.4119350016117096
0260,./images/114/frame_00260.jpg,Warning,0.20184138417243958,0.14836756885051727,-0.231875941157341,0.20318174362182617,0.13510574400424957,-0.2411382645368576,0.20450758934020996,0.1355699896812439,-0.24114950001239777,0.20563408732414246,0.13627134263515472,-0.2412189543247223,0.20095880329608917,0.1328527182340622,-0.2256779670715332,0.20090408623218536,0.13176226615905762,-0.22575441002845764,0.20042085647583008,0.13174840807914734,-0.22581465542316437,0.2156253606081009,0.1410377472639084,-0.24519188702106476,0.2074577361345291,0.13768531382083893,-0.1770029067993164,0.20964805781841278,0.16274212300777435,-0.22959642112255096,0.2059800922870636,0.16378451883792877,-0.2099808156490326,0.24892297387123108,0.20647621154785156,-0.2526089549064636,0.2211109697818756,0.1644284725189209,-0.10414475202560425,0.26046788692474365,0.30094030499458313,-0.2715255916118622,0.1997166872024536,0.20868340134620667,-0.044515009969472885,0.25508588552474976,0.3867180645465851,-0.27650946378707886,0.15442444384098053,0.21271146833896637,-0.050981659442186356,0.2504022717475891,0.4086093604564667,-0.30488112568855286,0.1419774740934372,0.20698072016239166,-0.059016089886426926,0.24504491686820984,0.40642285346984863,-0.3090384006500244,0.13829906284809113,0.21164539456367493,-0.0771406888961792,0.24369987845420837,0.3957088589668274,-0.27915772795677185,0.14398734271526337,0.21732737123966217,-0.06016559153795242,0.2763356864452362,0.3066655993461609,-0.04517515003681183,0.26579031348228455,0.28649598360061646,0.04511331766843796,0.2518708407878876,0.3319248557090759,0.10958872735500336,0.25570765137672424,0.3301144242286682,0.22620908915996552,0.2825832664966583,0.35469090938568115,0.3127979636192322,0.2747410237789154,0.35994648933410645,0.41598543524742126,0.2924348711967468,0.35762226581573486,0.3346874415874481,0.28260478377342224,0.363006055355072,0.4367395341396332,0.27356651425361633,0.3807084262371063,0.33613696694374084,0.2615170478820801,0.3842926025390625,0.4337517321109772
0261,./images/114/frame_00261.jpg,Warning,0.20196089148521423,0.16116562485694885,-0.25567394495010376,0.20301690697669983,0.1491391658782959,-0.26521921157836914,0.20428064465522766,0.14950357377529144,-0.2652108073234558,0.20559582114219666,0.15075914561748505,-0.26527702808380127,0.20084643363952637,0.14653369784355164,-0.24878546595573425,0.2007685899734497,0.14489023387432098,-0.24886682629585266,0.20045383274555206,0.1435808539390564,-0.24891634285449982,0.21414804458618164,0.15311871469020844,-0.2728033661842346,0.20781037211418152,0.1474943310022354,-0.2004624605178833,0.20924369990825653,0.16963234543800354,-0.2555379271507263,0.20583441853523254,0.16894251108169556,-0.23449361324310303,0.24897435307502747,0.2160671502351761,-0.2782232463359833,0.22171130776405334,0.16788707673549652,-0.14086292684078217,0.2594243288040161,0.3052448630332947,-0.3108077645301819,0.18651722371578217,0.2052280157804489,-0.12420431524515152,0.2535363435745239,0.39128294587135315,-0.3275086283683777,0.12818166613578796,0.2094348669052124,-0.1566116362810135,0.2495652735233307,0.4141365587711334,-0.36260098218917847,0.1143113374710083,0.20534341037273407,-0.17305076122283936,0.24204933643341064,0.4123663306236267,-0.3656299114227295,0.11117011308670044,0.2110716998577118,-0.19346149265766144,0.24094557762145996,0.4030584692955017,-0.331355482339859,0.11714496463537216,0.21700109541416168,-0.16839152574539185,0.27703723311424255,0.3072238862514496,-0.04530182108283043,0.26668912172317505,0.2858394682407379,0.045240309089422226,0.2533915340900421,0.3369971811771393,0.10780467838048935,0.2604670524597168,0.3283762037754059,0.21358168125152588,0.28938379883766174,0.3483467400074005,0.30516114830970764,0.27508848905563354,0.36166641116142273,0.4015582501888275,0.29981860518455505,0.34300515055656433,0.3258507549762726,0.282162606716156,0.3639862537384033,0.42115291953086853,0.28956249356269836,0.3754844665527344,0.32060179114341736,0.26205429434776306,0.3884594738483429,0.41017454862594604
0262,./images/114/frame_00262.jpg,Warning,0.2026209533214569,0.1711401790380478,-0.26110512018203735,0.2038286179304123,0.15758661925792694,-0.2680545747280121,0.20531463623046875,0.1581583321094513,-0.26807886362075806,0.20689184963703156,0.1582915186882019,-0.26817941665649414,0.20132628083229065,0.1563308984041214,-0.25346291065216064,0.20115642249584198,0.15517191588878632,-0.2535390853881836,0.20081405341625214,0.15416567027568817,-0.253584086894989,0.21531228721141815,0.15641625225543976,-0.26432666182518005,0.20685943961143494,0.15768399834632874,-0.20020270347595215,0.20995862782001495,0.17826487123966217,-0.25697559118270874,0.20621386170387268,0.1785680502653122,-0.23833493888378143,0.2501680850982666,0.22073039412498474,-0.265703409910202,0.22046606242656708,0.1836203634738922,-0.13742724061012268,0.26592469215393066,0.3138471245765686,-0.30041128396987915,0.18315041065216064,0.2194218784570694,-0.12102027982473373,0.2538246810436249,0.40534329414367676,-0.31775522232055664,0.12372572720050812,0.21096840500831604,-0.1520230919122696,0.2511705756187439,0.42726409435272217,-0.3508071005344391,0.10796841233968735,0.20518353581428528,-0.16812455654144287,0.24260179698467255,0.4205426573753357,-0.3529995083808899,0.10570736229419708,0.20882204174995422,-0.1867528110742569,0.241563081741333,0.4116761386394501,-0.32094866037368774,0.11210045963525772,0.21280494332313538,-0.16302984952926636,0.2805953323841095,0.3157559335231781,-0.04256456717848778,0.2673267722129822,0.2977399528026581,0.04248625412583351,0.2541380524635315,0.354874849319458,0.0939803421497345,0.2579754889011383,0.33475959300994873,0.20299021899700165,0.2935355603694916,0.3500692546367645,0.28664740920066833,0.2742590308189392,0.35896745324134827,0.3783162534236908,0.3042183816432953,0.3437323570251465,0.3072888255119324,0.280915766954422,0.36093801259994507,0.39699509739875793,0.2925403118133545,0.3775942027568817,0.3079396188259125,0.26368555426597595,0.38418230414390564,0.38926246762275696
0263,./images/114/frame_00263.jpg,Warning,0.20157913863658905,0.1738097220659256,-0.25513505935668945,0.20218539237976074,0.16243042051792145,-0.2641780972480774,0.20335805416107178,0.1629636585712433,-0.26418906450271606,0.20453965663909912,0.16356587409973145,-0.26427504420280457,0.20033304393291473,0.15976770222187042,-0.2489016056060791,0.20042404532432556,0.15809765458106995,-0.24898028373718262,0.20016935467720032,0.15562838315963745,-0.24904604256153107,0.21375131607055664,0.16410157084465027,-0.27105283737182617,0.20712700486183167,0.1581977903842926,-0.20387282967567444,0.2086377888917923,0.18240050971508026,-0.2547985017299652,0.2056211233139038,0.1845080852508545,-0.23517432808876038,0.2505890727043152,0.22677968442440033,-0.271932452917099,0.220560222864151,0.180889293551445,-0.1529417634010315,0.265781432390213,0.32181209325790405,-0.30854877829551697,0.18096689879894257,0.21867868304252625,-0.14120975136756897,0.25403016805648804,0.41258156299591064,-0.33053988218307495,0.11572472751140594,0.2130170464515686,-0.16872456669807434,0.2519191801548004,0.4335763156414032,-0.3659913241863251,0.10225065052509308,0.207992285490036,-0.18569433689117432,0.24326500296592712,0.4309583008289337,-0.36844414472579956,0.09979073703289032,0.21067312359809875,-0.2052079141139984,0.24311840534210205,0.4220419228076935,-0.33470454812049866,0.10612261295318604,0.2155267745256424,-0.18015578389167786,0.2793664336204529,0.3152770698070526,-0.040164146572351456,0.2665029764175415,0.29636043310165405,0.04002966731786728,0.26057201623916626,0.349621057510376,0.11652570962905884,0.2612372040748596,0.3358308672904968,0.20153161883354187,0.2926124334335327,0.3503948748111725,0.31479090452194214,0.27468353509902954,0.364117294549942,0.39104118943214417,0.30186277627944946,0.34422892332077026,0.33539849519729614,0.281067430973053,0.3646705746650696,0.41078734397888184,0.29413390159606934,0.3770935833454132,0.3248492479324341,0.26450371742248535,0.39193999767303467,0.3938063085079193
0264,./images/114/frame_00264.jpg,Warning,0.20068633556365967,0.18001331388950348,-0.2409125566482544,0.2009875476360321,0.16845233738422394,-0.25756892561912537,0.2019418179988861,0.16875940561294556,-0.25757867097854614,0.20286639034748077,0.16922315955162048,-0.2577373683452606,0.19971902668476105,0.1654888540506363,-0.2430802285671234,0.19990375638008118,0.16378383338451385,-0.24320745468139648,0.19973976910114288,0.16089001297950745,-0.24334505200386047,0.2128526270389557,0.17143511772155762,-0.2564376890659332,0.20694199204444885,0.16212494671344757,-0.19073840975761414,0.20745408535003662,0.18843652307987213,-0.25351351499557495,0.20535126328468323,0.18987280130386353,-0.23321346938610077,0.2510634660720825,0.23298870027065277,-0.25861024856567383,0.22221486270427704,0.1781562864780426,-0.13155780732631683,0.26562148332595825,0.3337175250053406,-0.2845430076122284,0.18744124472141266,0.21917755901813507,-0.09116946160793304,0.2535502314567566,0.421499639749527,-0.31447872519493103,0.11842775344848633,0.236488938331604,-0.1044415608048439,0.2523817718029022,0.442283034324646,-0.3324078917503357,0.11359033733606339,0.22503505647182465,-0.11401540040969849,0.2440190315246582,0.4421021342277527,-0.34155160188674927,0.11004823446273804,0.2367384433746338,-0.13256701827049255,0.24464042484760284,0.4325801730155945,-0.31943804025650024,0.11194460093975067,0.24566927552223206,-0.11437001079320908,0.27968353033065796,0.31839630007743835,-0.041107866913080215,0.26937335729599,0.2942359149456024,0.04098052531480789,0.2654738426208496,0.35821396112442017,0.11767102777957916,0.26712363958358765,0.33883893489837646,0.20573660731315613,0.29440248012542725,0.3585037589073181,0.30793100595474243,0.28504738211631775,0.36194249987602234,0.3929184079170227,0.3033442795276642,0.35008588433265686,0.3281674087047577,0.29225701093673706,0.36251118779182434,0.4127901494503021,0.2937026619911194,0.38209351897239685,0.3215780556201935,0.2764233648777008,0.38875070214271545,0.4003322124481201
0265,./images/114/frame_00265.jpg,Warning,0.20086601376533508,0.19031941890716553,-0.26844531297683716,0.20102742314338684,0.17063400149345398,-0.2778579294681549,0.2023516148328781,0.17265938222408295,-0.2778759002685547,0.20378586649894714,0.17840713262557983,-0.277985543012619,0.1992272287607193,0.17646625638008118,-0.26524823904037476,0.19897878170013428,0.1751139909029007,-0.2653307616710663,0.1985759735107422,0.17364853620529175,-0.26541075110435486,0.2129969596862793,0.17588892579078674,-0.2768164277076721,0.20502054691314697,0.1688307374715805,-0.22197234630584717,0.20803673565387726,0.19453410804271698,-0.2653631567955017,0.20556779205799103,0.19238628447055817,-0.24921000003814697,0.25102800130844116,0.23436139523983002,-0.27137309312820435,0.22001516819000244,0.18400608003139496,-0.16168394684791565,0.26528069376945496,0.33719688653945923,-0.2966409921646118,0.18570801615715027,0.22800381481647491,-0.13452553749084473,0.25240010023117065,0.42820146679878235,-0.3133064806461334,0.12114161252975464,0.2317570149898529,-0.15936370193958282,0.2519880533218384,0.4482733905315399,-0.3451516926288605,0.11537428200244904,0.23300884664058685,-0.1748497188091278,0.2447642982006073,0.44842231273651123,-0.3470601439476013,0.11248429119586945,0.2457231879234314,-0.19429424405097961,0.2447165548801422,0.4397026598453522,-0.3164609968662262,0.11899322271347046,0.2553349733352661,-0.17001256346702576,0.27953484654426575,0.31761500239372253,-0.03786691278219223,0.2685430645942688,0.2953433692455292,0.037763215601444244,0.2707436680793762,0.365019828081131,0.12526850402355194,0.2689063847064972,0.34112486243247986,0.20276939868927002,0.29800546169281006,0.3629443645477295,0.31901296973228455,0.28849267959594727,0.3617115914821625,0.3917231857776642,0.3056989312171936,0.35369980335235596,0.3391284942626953,0.2948678731918335,0.35724398493766785,0.4120406210422516,0.29720890522003174,0.3824872374534607,0.32501021027565,0.2856667935848236,0.3848988115787506,0.3952443301677704
0266,./images/114/frame_00266.jpg,Warning,0.2009601593017578,0.20085732638835907,-0.2540617883205414,0.20148512721061707,0.18798048794269562,-0.2637190818786621,0.20279589295387268,0.18810534477233887,-0.26373451948165894,0.2042502611875534,0.18866409361362457,-0.26382720470428467,0.1996002495288849,0.18635080754756927,-0.2501833140850067,0.19936564564704895,0.18490184843540192,-0.2502679228782654,0.19892732799053192,0.18344877660274506,-0.2503485679626465,0.21425290405750275,0.18045195937156677,-0.26487767696380615,0.2053462266921997,0.17743287980556488,-0.20704343914985657,0.20966067910194397,0.20625673234462738,-0.2508484721183777,0.20661363005638123,0.20479749143123627,-0.2336595505475998,0.2532023787498474,0.2394673228263855,-0.26236996054649353,0.2196636199951172,0.1904841512441635,-0.1397857666015625,0.26625192165374756,0.34468454122543335,-0.2874322831630707,0.19341951608657837,0.23481404781341553,-0.09752998501062393,0.2526324987411499,0.42560938000679016,-0.29761841893196106,0.15414954721927643,0.2434150129556656,-0.0910177230834961,0.2520673871040344,0.4493553042411804,-0.3311546742916107,0.13743294775485992,0.25118738412857056,-0.09868921339511871,0.24487169086933136,0.4473353922367096,-0.3257424831390381,0.134805366396904,0.26089027523994446,-0.11832691729068756,0.24486398696899414,0.4383716583251953,-0.29655250906944275,0.141404926776886,0.26701006293296814,-0.09961780905723572,0.2798922061920166,0.3240659832954407,-0.038996268063783646,0.2675169110298157,0.30297425389289856,0.03887256234884262,0.26890939474105835,0.3667779266834259,0.12304939329624176,0.2662274241447449,0.34808099269866943,0.20500066876411438,0.2961391806602478,0.3638496398925781,0.30791088938713074,0.28478118777275085,0.36721739172935486,0.3899819552898407,0.30446672439575195,0.3556652367115021,0.3275020718574524,0.29145902395248413,0.36433881521224976,0.40970802307128906,0.2962622344493866,0.3844297528266907,0.3198433816432953,0.2780032157897949,0.3942452371120453,0.39833709597587585
0267,./images/114/frame_00267.jpg,Warning,0.20106157660484314,0.2121157944202423,-0.26520097255706787,0.20198294520378113,0.19941632449626923,-0.2728862166404724,0.20338518917560577,0.19841870665550232,-0.27289721369743347,0.2048947513103485,0.19791537523269653,-0.2730010151863098,0.19987061619758606,0.1984778344631195,-0.2594224214553833,0.19959571957588196,0.19715163111686707,-0.2595119774341583,0.19916248321533203,0.19642259180545807,-0.25958287715911865,0.21487970650196075,0.1942778080701828,-0.2673412263393402,0.2051229178905487,0.18947577476501465,-0.20939460396766663,0.2097436934709549,0.2174062579870224,-0.2593821585178375,0.2067442387342453,0.2175322026014328,-0.24254341423511505,0.2546631395816803,0.24953928589820862,-0.2621289789676666,0.21949318051338196,0.20316937565803528,-0.1354140043258667,0.26691609621047974,0.34874746203422546,-0.28195396065711975,0.19527728855609894,0.23986022174358368,-0.0823124498128891,0.25289255380630493,0.43498051166534424,-0.28307706117630005,0.16194525361061096,0.24958238005638123,-0.0858071893453598,0.2521165609359741,0.45805880427360535,-0.3131580352783203,0.14412663877010345,0.2514441907405853,-0.09219092130661011,0.24522905051708221,0.45717641711235046,-0.31027930974960327,0.14099404215812683,0.26046887040138245,-0.11152162402868271,0.24534054100513458,0.44904911518096924,-0.2827347218990326,0.14795628190040588,0.2661154568195343,-0.09443823993206024,0.2830961048603058,0.33104225993156433,-0.03928577899932861,0.2669147551059723,0.3104557991027832,0.039181943982839584,0.26682382822036743,0.37551307678222656,0.12139608711004257,0.2658318281173706,0.34278881549835205,0.20412103831768036,0.28406041860580444,0.3693394958972931,0.29052799940109253,0.2660043239593506,0.3667275309562683,0.37677836418151855,0.291525274515152,0.3599702715873718,0.30893585085868835,0.27037662267684937,0.3664199411869049,0.394131064414978,0.2758822739124298,0.3914291262626648,0.3006807565689087,0.25446122884750366,0.3942892849445343,0.38357478380203247
0268,./images/114/frame_00268.jpg,Warning,0.20136968791484833,0.2267911732196808,-0.2804657518863678,0.20203986763954163,0.2088293731212616,-0.2906202971935272,0.20351901650428772,0.20836065709590912,-0.2906341254711151,0.20510633289813995,0.20768123865127563,-0.29074281454086304,0.19995097815990448,0.2069844752550125,-0.276406466960907,0.19977812469005585,0.20510181784629822,-0.27650928497314453,0.19932623207569122,0.20357677340507507,-0.2765887677669525,0.21500937640666962,0.20882688462734222,-0.2889792025089264,0.2042999565601349,0.20061974227428436,-0.22810156643390656,0.2100362777709961,0.2272239625453949,-0.2749998867511749,0.20717231929302216,0.22617028653621674,-0.2573327124118805,0.25545233488082886,0.2579383850097656,-0.283346027135849,0.21965113282203674,0.2027091085910797,-0.14836987853050232,0.26704245805740356,0.3551240563392639,-0.29912787675857544,0.20565298199653625,0.2364254593849182,-0.06954658776521683,0.2530195116996765,0.44115325808525085,-0.297288715839386,0.17277368903160095,0.2545686662197113,-0.05489926412701607,0.25160667300224304,0.46508827805519104,-0.3273863196372986,0.1656278669834137,0.2552897036075592,-0.05614132434129715,0.24551963806152344,0.4627803862094879,-0.32511094212532043,0.16105380654335022,0.2598896622657776,-0.07562000304460526,0.24580807983875275,0.45423635840415955,-0.2968444228172302,0.16649599373340607,0.2646326422691345,-0.06267233192920685,0.28406646847724915,0.3317297101020813,-0.043495986610651016,0.26714444160461426,0.3064458966255188,0.04339098185300827,0.27476510405540466,0.3774676024913788,0.11753426492214203,0.26862770318984985,0.3400510847568512,0.2128029614686966,0.2933209538459778,0.3670573830604553,0.2999131977558136,0.28514960408210754,0.3653196096420288,0.40517330169677734,0.3065267503261566,0.35879385471343994,0.31936800479888916,0.2924261689186096,0.36558419466018677,0.42567676305770874,0.2941834628582001,0.38771095871925354,0.3114394545555115,0.2753553092479706,0.3918718993663788,0.4197097718715668
0269,./images/114/frame_00269.jpg,Warning,0.20149481296539307,0.23142719268798828,-0.2939488887786865,0.20208194851875305,0.21890594065189362,-0.3041765093803406,0.20386724174022675,0.218953937292099,-0.3041890263557434,0.20575197041034698,0.21902944147586823,-0.30429622530937195,0.20051269233226776,0.21448712050914764,-0.2905634045600891,0.19986890256404877,0.21176905930042267,-0.2906602919101715,0.19943293929100037,0.2099934071302414,-0.2907399535179138,0.21525020897388458,0.21433497965335846,-0.29946738481521606,0.20391979813575745,0.20475934445858002,-0.2418094426393509,0.21095356345176697,0.2317522019147873,-0.2870215177536011,0.20704269409179688,0.23445989191532135,-0.270324170589447,0.25564056634902954,0.26280272006988525,-0.29179537296295166,0.21973916888237,0.20448991656303406,-0.15808413922786713,0.26754558086395264,0.3638758659362793,-0.30489271879196167,0.2108953446149826,0.23996073007583618,-0.06970973312854767,0.2530239224433899,0.4452487826347351,-0.3027573227882385,0.17472371459007263,0.26130253076553345,-0.04424041137099266,0.25146228075027466,0.46940284967422485,-0.33253467082977295,0.1665056347846985,0.2617086172103882,-0.04425599426031113,0.2457151859998703,0.4682648479938507,-0.3304363489151001,0.16255828738212585,0.26928260922431946,-0.06322099268436432,0.24593520164489746,0.4595608711242676,-0.3024117350578308,0.1681469976902008,0.27346503734588623,-0.051557499915361404,0.2832152843475342,0.3338455557823181,-0.04433729499578476,0.2670309841632843,0.30757614970207214,0.044216763228178024,0.2746352255344391,0.3811069130897522,0.12895467877388,0.2666671574115753,0.3396225571632385,0.22372713685035706,0.2963668704032898,0.37683534622192383,0.32301920652389526,0.2834562063217163,0.3645062744617462,0.42829546332359314,0.30633533000946045,0.36948925256729126,0.34359246492385864,0.29066768288612366,0.36465877294540405,0.45006895065307617,0.29265958070755005,0.38712769746780396,0.33306455612182617,0.27296000719070435,0.3916911780834198,0.44305628538131714
0270,./images/114/frame_00270.jpg,Warning,0.20262043178081512,0.2391471415758133,-0.2880772054195404,0.20440423488616943,0.22356495261192322,-0.29737967252731323,0.20592375099658966,0.2227841019630432,-0.2973800301551819,0.2060844898223877,0.22694970667362213,-0.2974744737148285,0.20147569477558136,0.2221413552761078,-0.28424516320228577,0.20071473717689514,0.22027687728405,-0.2843491733074188,0.200002521276474,0.21862894296646118,-0.28443092107772827,0.21632125973701477,0.214935764670372,-0.29358336329460144,0.20418599247932434,0.2108909785747528,-0.2382582724094391,0.2131885290145874,0.23850128054618835,-0.28196457028388977,0.20926444232463837,0.23893491923809052,-0.26590436697006226,0.25650733709335327,0.27056095004081726,-0.28691205382347107,0.22422417998313904,0.21586106717586517,-0.15653711557388306,0.2683156132698059,0.37110379338264465,-0.30380648374557495,0.21918077766895294,0.2469385713338852,-0.056681908667087555,0.2530374825000763,0.45343640446662903,-0.30857187509536743,0.1830492615699768,0.27060332894325256,-0.008601280860602856,0.25108858942985535,0.47711876034736633,-0.33902081847190857,0.17252954840660095,0.2692823112010956,-0.003629834158346057,0.24556708335876465,0.47675201296806335,-0.3351697325706482,0.16941183805465698,0.27728599309921265,-0.022241508588194847,0.24596214294433594,0.46660542488098145,-0.30787262320518494,0.17442037165164948,0.2817120850086212,-0.014933006837964058,0.28525277972221375,0.3450976312160492,-0.044476285576820374,0.270663321018219,0.3152381181716919,0.0443403534591198,0.27698424458503723,0.3864651918411255,0.13366305828094482,0.26983314752578735,0.33933767676353455,0.22388362884521484,0.29580196738243103,0.3730514943599701,0.3320620059967041,0.2848531901836395,0.364279568195343,0.43171900510787964,0.30579158663749695,0.36969706416130066,0.35333359241485596,0.29206082224845886,0.36435431241989136,0.453878790140152,0.29172974824905396,0.38657718896865845,0.3445433974266052,0.27329903841018677,0.39107635617256165,0.4473826289176941
0271,./images/114/frame_00271.jpg,Warning,0.20173358917236328,0.24224337935447693,-0.28865721821784973,0.2032681405544281,0.22821636497974396,-0.3019968569278717,0.20434674620628357,0.22787880897521973,-0.301969051361084,0.2049485146999359,0.23211517930030823,-0.30204638838768005,0.2010086327791214,0.22605563700199127,-0.2858550548553467,0.2003289759159088,0.2234252691268921,-0.28596681356430054,0.19975382089614868,0.22179774940013885,-0.2860719859600067,0.2151133269071579,0.22697791457176208,-0.31825095415115356,0.20434920489788055,0.21420593559741974,-0.24885186553001404,0.21299254894256592,0.24041475355625153,-0.28992345929145813,0.20918205380439758,0.24002452194690704,-0.26992666721343994,0.25602248311042786,0.27520281076431274,-0.31474989652633667,0.22406283020973206,0.21541950106620789,-0.17411772906780243,0.26840442419052124,0.37406450510025024,-0.34023499488830566,0.22439149022102356,0.24759578704833984,-0.06849710643291473,0.2529809772968292,0.4615226686000824,-0.3618817925453186,0.18699267506599426,0.2744952142238617,-0.011587568558752537,0.2505376636981964,0.48366740345954895,-0.3986436426639557,0.17593762278556824,0.27108627557754517,-0.008337038569152355,0.24512040615081787,0.4827345907688141,-0.3955302834510803,0.1715089976787567,0.2825174331665039,-0.02822026237845421,0.24587059020996094,0.47438281774520874,-0.3628076910972595,0.17884179949760437,0.2747003138065338,-0.01896929368376732,0.28446149826049805,0.34432271122932434,-0.038521088659763336,0.27060478925704956,0.31645241379737854,0.038332633674144745,0.2610693573951721,0.3718875050544739,0.16521503031253815,0.23989084362983704,0.3034842312335968,0.22755928337574005,0.244177907705307,0.37119022011756897,0.4019525647163391,0.21110443770885468,0.32683658599853516,0.46090373396873474,0.2447010725736618,0.3687469959259033,0.4263792932033539,0.21063581109046936,0.33160293102264404,0.4847954213619232,0.23003283143043518,0.38272222876548767,0.40013784170150757,0.1895768940448761,0.3317301869392395,0.4637703001499176
0272,./images/114/frame_00272.jpg,Warning,0.20087233185768127,0.25105997920036316,-0.3446040749549866,0.202305868268013,0.23833617568016052,-0.35622504353523254,0.20380465686321259,0.23812955617904663,-0.3562059998512268,0.2049640417098999,0.2384919673204422,-0.356306254863739,0.19927987456321716,0.2360217422246933,-0.34036076068878174,0.20037031173706055,0.2324627935886383,-0.3404783606529236,0.19790038466453552,0.2331385463476181,-0.34057608246803284,0.21520569920539856,0.22785112261772156,-0.3577520251274109,0.20429721474647522,0.2252105474472046,-0.2900063395500183,0.21292631328105927,0.2505623996257782,-0.3404378294944763,0.2070743292570114,0.2545512616634369,-0.3206636309623718,0.2555234134197235,0.2798917591571808,-0.3396955132484436,0.2217690497636795,0.22439967095851898,-0.2027553766965866,0.2693205177783966,0.37569645047187805,-0.3747365176677704,0.21700099110603333,0.2539254426956177,-0.10314210504293442,0.2529452443122864,0.46508488059043884,-0.4027387499809265,0.17913472652435303,0.27950480580329895,-0.03581243380904198,0.250606507062912,0.4897782504558563,-0.4408225417137146,0.16765490174293518,0.28400400280952454,-0.03543689101934433,0.24522057175636292,0.48992669582366943,-0.4407399594783783,0.16370940208435059,0.2906518280506134,-0.05463741347193718,0.24594099819660187,0.4801921546459198,-0.4051169455051422,0.16988509893417358,0.2922503650188446,-0.04340042918920517,0.28415724635124207,0.34531161189079285,-0.035227689892053604,0.26232925057411194,0.3183143138885498,0.03504922240972519,0.2555517852306366,0.37153616547584534,0.1536102145910263,0.22184529900550842,0.2867256700992584,0.2220926731824875,0.23686401546001434,0.37218233942985535,0.39606788754463196,0.19642189145088196,0.3171432316303253,0.43598565459251404,0.23584255576133728,0.3711574673652649,0.4212244153022766,0.19711148738861084,0.3237123191356659,0.4577292501926422,0.22316884994506836,0.38345736265182495,0.39738863706588745,0.17370671033859253,0.323515385389328,0.4399629533290863
0273,./images/114/frame_00273.jpg,Warning,0.20102599263191223,0.2580203413963318,-0.3435116410255432,0.2024122178554535,0.24872562289237976,-0.35686469078063965,0.20393438637256622,0.24938765168190002,-0.35683247447013855,0.20516595244407654,0.2501678168773651,-0.356902539730072,0.1994396299123764,0.2443285435438156,-0.3414316475391388,0.20003625750541687,0.2421117126941681,-0.34155482053756714,0.19799821078777313,0.23767289519309998,-0.341659814119339,0.2153339684009552,0.24680820107460022,-0.3656710982322693,0.20452193915843964,0.23106053471565247,-0.3004762828350067,0.21173830330371857,0.26308637857437134,-0.3419824540615082,0.2070339024066925,0.26066863536834717,-0.3229672312736511,0.2560942769050598,0.2918410003185272,-0.345836877822876,0.22176821529865265,0.2274470180273056,-0.21918156743049622,0.26982083916664124,0.38670599460601807,-0.37069350481033325,0.218357115983963,0.2529253661632538,-0.10285933315753937,0.25217175483703613,0.4785846769809723,-0.4035685062408447,0.1826065629720688,0.283555805683136,-0.013302643783390522,0.24962112307548523,0.5031955242156982,-0.4430542588233948,0.17285826802253723,0.29033491015434265,-0.009934748522937298,0.24431943893432617,0.5024880170822144,-0.44496697187423706,0.1662086695432663,0.29645204544067383,-0.029955485835671425,0.2451736181974411,0.4929063618183136,-0.4071125388145447,0.17599940299987793,0.29012301564216614,-0.019871409982442856,0.2834071218967438,0.3446682095527649,-0.03204138204455376,0.26163870096206665,0.3164229393005371,0.03189372271299362,0.2525011897087097,0.35645896196365356,0.17461638152599335,0.22593125700950623,0.291380375623703,0.22177644073963165,0.2315211296081543,0.37001025676727295,0.42493247985839844,0.18849703669548035,0.31272467970848083,0.45639556646347046,0.22969384491443634,0.36946287751197815,0.4505971372127533,0.18619981408119202,0.3187413215637207,0.48029986023902893,0.21835920214653015,0.37728872895240784,0.4221338629722595,0.16472123563289642,0.3118029534816742,0.4539637565612793
0274,./images/114/frame_00274.jpg,Warning,0.20095768570899963,0.2659303545951843,-0.3451249301433563,0.20164480805397034,0.25959646701812744,-0.35880666971206665,0.20330843329429626,0.25949206948280334,-0.35877683758735657,0.2044924795627594,0.26026836037635803,-0.35887396335601807,0.199149951338768,0.2537113130092621,-0.34227895736694336,0.19943860173225403,0.2507328391075134,-0.3423921465873718,0.19806663691997528,0.24801930785179138,-0.3424842059612274,0.2154502123594284,0.2603541612625122,-0.371143639087677,0.20461983978748322,0.24025088548660278,-0.29937100410461426,0.21014802157878876,0.27859413623809814,-0.3447754979133606,0.2062128782272339,0.27591782808303833,-0.32382073998451233,0.2567595839500427,0.29842787981033325,-0.3500995337963104,0.2215060293674469,0.23561657965183258,-0.2255670130252838,0.27105608582496643,0.3888646364212036,-0.38042357563972473,0.19425688683986664,0.2664850950241089,-0.16301080584526062,0.2512798011302948,0.4843158721923828,-0.4112614691257477,0.15314185619354248,0.3091519773006439,-0.1432042121887207,0.2483433485031128,0.5090143084526062,-0.4531872272491455,0.138938769698143,0.3060690462589264,-0.1523011028766632,0.2436482161283493,0.5081341862678528,-0.45269790291786194,0.1202303022146225,0.3265664279460907,-0.17579801380634308,0.24455122649669647,0.49843326210975647,-0.41449084877967834,0.1459876000881195,0.3273826241493225,-0.15377235412597656,0.28330379724502563,0.3533502221107483,-0.03206627443432808,0.2587372660636902,0.32131990790367126,0.03191974014043808,0.2498801201581955,0.35745298862457275,0.15444746613502502,0.21935871243476868,0.29066747426986694,0.1936674416065216,0.22815406322479248,0.3695603311061859,0.39323142170906067,0.19229325652122498,0.32442939281463623,0.39806023240089417,0.22651760280132294,0.36886435747146606,0.4174286425113678,0.1926422119140625,0.32513031363487244,0.41887831687927246,0.21345961093902588,0.3754509687423706,0.39000314474105835,0.16927073895931244,0.3343826234340668,0.3903025686740875
0275,./images/114/frame_00275.jpg,Warning,0.20088067650794983,0.26830369234085083,-0.3204376697540283,0.20177879929542542,0.2616071403026581,-0.3325776755809784,0.20323166251182556,0.26236650347709656,-0.3325551152229309,0.20406797528266907,0.26328244805336,-0.3326345980167389,0.19955873489379883,0.2554159164428711,-0.3168793320655823,0.1998162418603897,0.25291162729263306,-0.3169861435890198,0.19905516505241394,0.2508324682712555,-0.3170754015445709,0.21496793627738953,0.26145297288894653,-0.3486042618751526,0.20582345128059387,0.24396292865276337,-0.2785942554473877,0.21021457016468048,0.27255740761756897,-0.3196418285369873,0.20626124739646912,0.2701374292373657,-0.2996531128883362,0.2563982307910919,0.303886353969574,-0.3386434316635132,0.22365093231201172,0.23672842979431152,-0.2085513323545456,0.2707160413265228,0.38999518752098083,-0.37063050270080566,0.22588077187538147,0.26300954818725586,-0.12075458467006683,0.25107163190841675,0.4873650074005127,-0.40183109045028687,0.1895754337310791,0.305154949426651,-0.05142304301261902,0.24839897453784943,0.5115728974342346,-0.44396543502807617,0.18014565110206604,0.3035922348499298,-0.05321735143661499,0.24369235336780548,0.5095354318618774,-0.4420374929904938,0.17789605259895325,0.30784711241722107,-0.07521548867225647,0.244654580950737,0.502031683921814,-0.40476536750793457,0.1810251921415329,0.308668315410614,-0.059949230402708054,0.283102422952652,0.35754838585853577,-0.03359713405370712,0.26471424102783203,0.3255419433116913,0.033451490104198456,0.24779686331748962,0.3441709280014038,0.17555388808250427,0.229771688580513,0.2914237678050995,0.21554693579673767,0.21673288941383362,0.361829936504364,0.42389145493507385,0.19653953611850739,0.32910609245300293,0.47592705488204956,0.21296539902687073,0.3655916750431061,0.44870319962501526,0.19377349317073822,0.3304983377456665,0.5022208094596863,0.202592134475708,0.3608398139476776,0.4124164581298828,0.176917165517807,0.3366970717906952,0.46970877051353455
0276,./images/114/frame_00276.jpg,Warning,0.20092174410820007,0.27461332082748413,-0.37097594141960144,0.20166492462158203,0.26713091135025024,-0.3850942552089691,0.20310287177562714,0.26777470111846924,-0.38506996631622314,0.20412154495716095,0.2685309946537018,-0.3851134181022644,0.19924265146255493,0.2625526785850525,-0.3688035011291504,0.2001122236251831,0.25781217217445374,-0.36891448497772217,0.19970083236694336,0.25602608919143677,-0.3689953684806824,0.21472612023353577,0.26505497097969055,-0.3953286111354828,0.20651428401470184,0.2494821697473526,-0.32504263520240784,0.2102455198764801,0.2787630558013916,-0.369448721408844,0.2063969075679779,0.27582526206970215,-0.3490199148654938,0.25626692175865173,0.303457647562027,-0.37559056282043457,0.22439558804035187,0.24314258992671967,-0.235762357711792,0.2703664004802704,0.4002215564250946,-0.4014403223991394,0.23369833827018738,0.28279754519462585,-0.12326006591320038,0.25075453519821167,0.5000297427177429,-0.4364998936653137,0.20116741955280304,0.3117263615131378,-0.052941612899303436,0.24803297221660614,0.5191940069198608,-0.4829353392124176,0.1932707279920578,0.31427913904190063,-0.055785298347473145,0.24362584948539734,0.5182203054428101,-0.48378124833106995,0.19276180863380432,0.3166060447692871,-0.07702642679214478,0.24460479617118835,0.5125367641448975,-0.4403199553489685,0.19352613389492035,0.3160237669944763,-0.06127424165606499,0.28271907567977905,0.3543305993080139,-0.03384826332330704,0.26471373438835144,0.32673150300979614,0.03367549180984497,0.2509881854057312,0.335075706243515,0.19364948570728302,0.2275034487247467,0.2997031509876251,0.24124231934547424,0.2225593775510788,0.35152724385261536,0.4658282399177551,0.18794552981853485,0.33154311776161194,0.5167912840843201,0.21802377700805664,0.3528327941894531,0.49335551261901855,0.18472786247730255,0.33391273021698,0.54473876953125,0.2121516764163971,0.3558831810951233,0.4584617614746094,0.1665356308221817,0.3397080600261688,0.5127235651016235
0277,./images/114/frame_00277.jpg,Warning,0.20321711897850037,0.2801762521266937,-0.4057583212852478,0.20207366347312927,0.2714402377605438,-0.41924920678138733,0.2033829689025879,0.2711479663848877,-0.41922086477279663,0.20440152287483215,0.27096912264823914,-0.4192369878292084,0.19956913590431213,0.2694520652294159,-0.40591001510620117,0.20013539493083954,0.26769647002220154,-0.4060232639312744,0.19970789551734924,0.26629340648651123,-0.40612125396728516,0.21441571414470673,0.26532217860221863,-0.42233824729919434,0.20633825659751892,0.2582339942455292,-0.3654518723487854,0.21174967288970947,0.2819456458091736,-0.4012705683708191,0.20930683612823486,0.2747211754322052,-0.38472476601600647,0.2528224587440491,0.2937300503253937,-0.3916204571723938,0.22425253689289093,0.25626879930496216,-0.27961087226867676,0.2675037086009979,0.4038122892379761,-0.4076187014579773,0.2346312552690506,0.2902093827724457,-0.17923778295516968,0.25123149156570435,0.49938544631004333,-0.4382503032684326,0.2231975495815277,0.3291170001029968,-0.1135975569486618,0.24815800786018372,0.5240669846534729,-0.48121389746665955,0.21878953278064728,0.3320430815219879,-0.12266024202108383,0.24301835894584656,0.5232277512550354,-0.48392152786254883,0.2166268527507782,0.3395756185054779,-0.1389683187007904,0.24286282062530518,0.5126108527183533,-0.442056804895401,0.21882012486457825,0.3380616009235382,-0.12032582610845566,0.27690625190734863,0.33667904138565063,-0.02462436631321907,0.2610803246498108,0.32427406311035156,0.024415232241153717,0.25194358825683594,0.3258970379829407,0.22011587023735046,0.22579362988471985,0.322767436504364,0.24671629071235657,0.2278415709733963,0.33607521653175354,0.5050052404403687,0.1826786994934082,0.3400905728340149,0.5244497656822205,0.2232196033000946,0.3342266380786896,0.5346869230270386,0.17888016998767853,0.33907511830329895,0.5526620745658875,0.22164002060890198,0.34538352489471436,0.5010478496551514,0.16571630537509918,0.34616827964782715,0.5149821043014526
0278,./images/114/frame_00278.jpg,Warning,0.20358195900917053,0.29506874084472656,-0.39505812525749207,0.20209860801696777,0.2869476079940796,-0.41156649589538574,0.2034229338169098,0.28688764572143555,-0.41153407096862793,0.20448580384254456,0.286918044090271,-0.41156521439552307,0.19937452673912048,0.2833051085472107,-0.3963605463504791,0.19922754168510437,0.28098031878471375,-0.396455317735672,0.19857361912727356,0.2786993682384491,-0.3965452313423157,0.2146395444869995,0.27076002955436707,-0.4211391508579254,0.20354178547859192,0.26593446731567383,-0.35662201046943665,0.2119888812303543,0.2944519519805908,-0.3922431170940399,0.20924794673919678,0.2823708653450012,-0.3735348582267761,0.2522750496864319,0.2933974862098694,-0.39008718729019165,0.21986894309520721,0.25323981046676636,-0.26698535680770874,0.267255038022995,0.40768924355506897,-0.3990939259529114,0.22891612350940704,0.2920887768268585,-0.15184688568115234,0.2526717782020569,0.5023273825645447,-0.42906099557876587,0.20868125557899475,0.34413525462150574,-0.08946333825588226,0.2530182898044586,0.5295683741569519,-0.4740320146083832,0.20134732127189636,0.34950971603393555,-0.09604950249195099,0.24441690742969513,0.5280231237411499,-0.47547417879104614,0.19771243631839752,0.3590071499347687,-0.11681918054819107,0.24347932636737823,0.5164753794670105,-0.4319273829460144,0.2017543762922287,0.3574778735637665,-0.09768851846456528,0.27647843956947327,0.3350876271724701,-0.023995082825422287,0.2582319378852844,0.3228261172771454,0.023819876834750175,0.2668767273426056,0.33195391297340393,0.2550637125968933,0.22545096278190613,0.3321353495121002,0.2772325873374939,0.2445124387741089,0.34301701188087463,0.5488108396530151,0.1871580183506012,0.3552628457546234,0.5714074373245239,0.23796260356903076,0.34089040756225586,0.5799049139022827,0.18486186861991882,0.35491734743118286,0.6017646789550781,0.2432599812746048,0.3473193049430847,0.5489781498908997,0.170888289809227,0.36906546354293823,0.5651445388793945
0279,./images/114/frame_00279.jpg,Warning,0.2031513899564743,0.28835269808769226,-0.30589404702186584,0.20062287151813507,0.28400754928588867,-0.32578617334365845,0.20149993896484375,0.2852540612220764,-0.3257550597190857,0.2022513449192047,0.286625474691391,-0.3257460594177246,0.20067544281482697,0.2733045220375061,-0.314120888710022,0.20064249634742737,0.2715885043144226,-0.31421393156051636,0.2004384994506836,0.2702745795249939,-0.3143598139286041,0.2095944583415985,0.2833750545978546,-0.36171582341194153,0.2036759853363037,0.2624610364437103,-0.3446856141090393,0.21055927872657776,0.29054927825927734,-0.3117727041244507,0.209191232919693,0.2794419825077057,-0.2979190945625305,0.2384757697582245,0.31852948665618896,-0.3633878529071808,0.2310849130153656,0.24802850186824799,-0.23922379314899445,0.25274568796157837,0.4185293912887573,-0.36179548501968384,0.25846266746520996,0.23995044827461243,-0.1446315348148346,0.2529437243938446,0.5111717581748962,-0.37437063455581665,0.23776701092720032,0.27106809616088867,-0.008610893040895462,0.2532164454460144,0.5395026206970215,-0.4087461531162262,0.23533251881599426,0.2710694372653961,-0.0019983723759651184,0.244673490524292,0.5343732833862305,-0.4115990102291107,0.23036830127239227,0.2864459753036499,-0.020146969705820084,0.2434266358613968,0.5217256546020508,-0.3772006332874298,0.23131851851940155,0.2878578305244446,-0.013637210242450237,0.2728404700756073,0.3491787910461426,-0.025611409917473793,0.26456913352012634,0.3220405876636505,0.02540229819715023,0.2634938359260559,0.37412694096565247,0.22853529453277588,0.24074068665504456,0.34078139066696167,0.25159573554992676,0.25283604860305786,0.4128608703613281,0.4978505074977875,0.21829287707805634,0.3800133466720581,0.5100348591804504,0.25354066491127014,0.4175663888454437,0.5263476967811584,0.21851404011249542,0.38405588269233704,0.5366892218589783,0.24625447392463684,0.42526403069496155,0.4948095381259918,0.20576386153697968,0.3882356286048889,0.50403892993927
0282,./images/114/frame_00282.jpg,Warning,0.20539680123329163,0.3126692771911621,-0.1221320629119873,0.20252129435539246,0.3059714436531067,-0.14197006821632385,0.20353436470031738,0.30577924847602844,-0.14198878407478333,0.20467694103717804,0.3057192265987396,-0.14203178882598877,0.20082494616508484,0.3069159984588623,-0.12295080721378326,0.20078592002391815,0.30737680196762085,-0.12301589548587799,0.2008657157421112,0.30827513337135315,-0.12302398681640625,0.20993129909038544,0.30422502756118774,-0.175214022397995,0.2058577984571457,0.30347520112991333,-0.09424366801977158,0.21174316108226776,0.31257468461990356,-0.12875567376613617,0.20992180705070496,0.3141554594039917,-0.10545782744884491,0.24759435653686523,0.3423476815223694,-0.19482600688934326,0.24936094880104065,0.2965140640735626,-0.010981912724673748,0.26453322172164917,0.4267553687095642,-0.13232627511024475,0.2669728994369507,0.3132522702217102,0.13895665109157562,0.25704655051231384,0.5341627597808838,0.02237238921225071,0.2566494941711426,0.33696335554122925,0.2683292031288147,0.25315433740615845,0.5624523162841797,0.023803159594535828,0.2552272379398346,0.34001386165618896,0.29154452681541443,0.24726338684558868,0.5601338148117065,0.02540191076695919,0.2533193826675415,0.3453510105609894,0.26655635237693787,0.25011366605758667,0.5493811964988708,0.02876894548535347,0.2549052834510803,0.34747669100761414,0.26217031478881836,0.3721587657928467,0.4370114207267761,-0.06127486750483513,0.36814039945602417,0.421435683965683,0.06119389086961746,0.47724682092666626,0.4924023151397705,-0.1279287338256836,0.4629787504673004,0.5135906934738159,0.018855517730116844,0.579533576965332,0.5756136775016785,-0.09419712424278259,0.5673226118087769,0.5968146324157715,0.059395886957645416,0.5931822061538696,0.5826974511146545,-0.09177155792713165,0.5842853784561157,0.5971189737319946,0.06143265217542648,0.6074886322021484,0.5978541374206543,-0.15322516858577728,0.589350700378418,0.6481003165245056,-0.0006795991212129593
0285,./images/114/frame_00285.jpg,Warning,0.20320478081703186,0.3463233709335327,-0.04839329048991203,0.1994076371192932,0.3418596684932709,-0.06835581362247467,0.19988460838794708,0.34335488080978394,-0.06835366040468216,0.20043127238750458,0.3452346920967102,-0.06837399303913116,0.1992843747138977,0.33660030364990234,-0.04534834995865822,0.1997934728860855,0.33456921577453613,-0.045369915664196014,0.20039954781532288,0.3327976167201996,-0.04536692053079605,0.20617571473121643,0.34154391288757324,-0.12086591869592667,0.20674893260002136,0.32467877864837646,-0.02156374603509903,0.20928171277046204,0.3482052683830261,-0.06362922489643097,0.2094922512769699,0.3437896966934204,-0.03503933548927307,0.24186575412750244,0.369586318731308,-0.16842502355575562,0.24367065727710724,0.3120514750480652,0.0517498143017292,0.25523924827575684,0.461546927690506,-0.1257743537425995,0.22057680785655975,0.35399651527404785,0.15795479714870453,0.2554343640804291,0.551713228225708,0.02067708782851696,0.18805474042892456,0.4235965311527252,0.21857932209968567,0.24997659027576447,0.5732170939445496,0.020133327692747116,0.17562365531921387,0.42711320519447327,0.2327689379453659,0.2387142926454544,0.5613840222358704,0.024679869413375854,0.17607440054416656,0.4335860013961792,0.20523719489574432,0.23992864787578583,0.5529140830039978,0.02758953347802162,0.1806660145521164,0.43374761939048767,0.20861351490020752,0.3503190577030182,0.4527961015701294,-0.07492586225271225,0.3509112000465393,0.41571399569511414,0.07476629316806793,0.4446996748447418,0.5340396165847778,-0.12422201782464981,0.4459800720214844,0.4977635145187378,0.01200786605477333,0.5499769449234009,0.6005206108093262,-0.14583329856395721,0.5529409050941467,0.574440598487854,0.00957350991666317,0.5677159428596497,0.6010779142379761,-0.1490127444267273,0.5711448192596436,0.5717251300811768,0.007331418804824352,0.5659993290901184,0.6243969202041626,-0.20290875434875488,0.5690199732780457,0.6279399991035461,-0.044820815324783325
0286,./images/114/frame_00286.jpg,Warning,0.20215252041816711,0.35843655467033386,-0.09921900928020477,0.1990397870540619,0.3526328504085541,-0.11745281517505646,0.1996307671070099,0.35276204347610474,-0.1174490675330162,0.20021049678325653,0.35351458191871643,-0.11748756468296051,0.1985938400030136,0.34877312183380127,-0.09449183940887451,0.19899699091911316,0.34651458263397217,-0.09451781213283539,0.1994093507528305,0.34475430846214294,-0.09454217553138733,0.20604650676250458,0.34580913186073303,-0.16556976735591888,0.20565156638622284,0.33473700284957886,-0.06538774073123932,0.20848068594932556,0.35802778601646423,-0.11329807341098785,0.20840200781822205,0.35324564576148987,-0.08438138663768768,0.24050919711589813,0.37887072563171387,-0.20840373635292053,0.23854057490825653,0.3224591016769409,0.0077263787388801575,0.2575652003288269,0.45617958903312683,-0.23107752203941345,0.21647708117961884,0.37014105916023254,0.09784162044525146,0.2639676034450531,0.5549220442771912,-0.2011255919933319,0.18592952191829681,0.4376629590988159,0.13427674770355225,0.2603261172771454,0.5737204551696777,-0.22440361976623535,0.17479202151298523,0.4455516040325165,0.14719639718532562,0.2535395324230194,0.5652760863304138,-0.21571461856365204,0.17383132874965668,0.451633483171463,0.1191307082772255,0.2560790181159973,0.5607019066810608,-0.1971808671951294,0.178717702627182,0.4532936215400696,0.123472198843956,0.3341814875602722,0.45205044746398926,-0.0737989991903305,0.32906609773635864,0.4155343472957611,0.07368588447570801,0.3840506672859192,0.5305866599082947,-0.10799888521432877,0.38953733444213867,0.4969694912433624,0.0825391486287117,0.4660263657569885,0.575089156627655,-0.06749048084020615,0.4709476828575134,0.5469839572906494,0.1300884336233139,0.4797913432121277,0.5697001814842224,-0.06362688541412354,0.48398900032043457,0.5421522855758667,0.1333712488412857,0.47888821363449097,0.5973212718963623,-0.09247465431690216,0.4852319657802582,0.5867459177970886,0.10275401920080185
0288,./images/114/frame_00288.jpg,Warning,0.19969098269939423,0.3899496793746948,-0.013035910204052925,0.19666332006454468,0.3791918158531189,-0.03493058681488037,0.19761303067207336,0.3794439435005188,-0.034972429275512695,0.1986246109008789,0.38007286190986633,-0.035005245357751846,0.19499154388904572,0.3762097954750061,-0.005683938041329384,0.19496114552021027,0.3744879364967346,-0.00570546742528677,0.19500654935836792,0.37312254309654236,-0.005740703549236059,0.2036166489124298,0.3743652403354645,-0.0913037434220314,0.19956904649734497,0.365111380815506,0.03534441441297531,0.20639602839946747,0.3927996754646301,-0.030275290831923485,0.2047196328639984,0.3911270201206207,0.006360743194818497,0.24566414952278137,0.40542975068092346,-0.15682734549045563,0.24410375952720642,0.3714616000652313,0.11526910215616226,0.2884339690208435,0.4804430603981018,-0.15167894959449768,0.25753143429756165,0.41742515563964844,0.22999432682991028,0.26765239238739014,0.5588634610176086,-0.04514289274811745,0.23114295303821564,0.4871310889720917,0.28614193201065063,0.2580779194831848,0.5757704973220825,-0.05534388870000839,0.22249719500541687,0.5009797215461731,0.3033831715583801,0.24939730763435364,0.5658621788024902,-0.04509535804390907,0.219723179936409,0.5044567584991455,0.2748551666736603,0.2533002495765686,0.5606833100318909,-0.037234701216220856,0.2240363359451294,0.5038239359855652,0.2752849757671356,0.3720554709434509,0.4928048551082611,-0.0856746956706047,0.36747419834136963,0.47070953249931335,0.08568387478590012,0.47352784872055054,0.5648922920227051,-0.12870725989341736,0.4631817936897278,0.5546479821205139,0.059390127658843994,0.5790056586265564,0.6359162330627441,-0.11836834251880646,0.5666773319244385,0.614342987537384,0.08275126665830612,0.5926334857940674,0.6354655027389526,-0.11659003794193268,0.5831878185272217,0.6099272966384888,0.08369389176368713,0.6066875457763672,0.6688054203987122,-0.15848073363304138,0.5858682990074158,0.6697995662689209,0.043254122138023376
0289,./images/114/frame_00289.jpg,Warning,0.20296549797058105,0.3992863595485687,-0.032440606504678726,0.1987610161304474,0.38807234168052673,-0.05572152137756348,0.19932562112808228,0.38683196902275085,-0.055761367082595825,0.19990567862987518,0.38602128624916077,-0.055798374116420746,0.19711311161518097,0.38801345229148865,-0.02761053666472435,0.19667461514472961,0.3864484131336212,-0.027595292776823044,0.19625690579414368,0.38511860370635986,-0.027619030326604843,0.203894704580307,0.3766053020954132,-0.11081449687480927,0.19996784627437592,0.3733882009983063,0.012252180837094784,0.20945851504802704,0.39722031354904175,-0.04767168313264847,0.20761218667030334,0.3980335295200348,-0.012086121365427971,0.24465778470039368,0.3853559195995331,-0.1601075828075409,0.2408854067325592,0.36905696988105774,0.08159996569156647,0.2887670397758484,0.47649073600769043,-0.15864983201026917,0.2767017185688019,0.4171609580516815,0.16484810411930084,0.2684918940067291,0.5580360293388367,-0.08474548161029816,0.2783449590206146,0.48568230867385864,0.17711241543293,0.259329229593277,0.5757697820663452,-0.0973975658416748,0.27884161472320557,0.4989103078842163,0.18688461184501648,0.2520604729652405,0.5657157897949219,-0.08620411902666092,0.27322956919670105,0.5032786130905151,0.158585324883461,0.2551092505455017,0.560723602771759,-0.07690346240997314,0.27390438318252563,0.5025789141654968,0.16577443480491638,0.3635508418083191,0.4925200939178467,-0.07795185595750809,0.35920751094818115,0.47532573342323303,0.07794903218746185,0.463702529668808,0.5639746189117432,-0.11917835474014282,0.4576984941959381,0.5603119730949402,0.05791405960917473,0.5693081617355347,0.635327935218811,-0.1118529811501503,0.5588653087615967,0.627630889415741,0.08254986256361008,0.5839127898216248,0.6352576017379761,-0.11100685596466064,0.574903130531311,0.6240691542625427,0.0834917426109314,0.596869170665741,0.6639084815979004,-0.15667784214019775,0.5784493684768677,0.6807682514190674,0.039659276604652405
0291,./images/114/frame_00291.jpg,Warning,0.20588740706443787,0.41002652049064636,0.13893553614616394,0.19986483454704285,0.40856364369392395,0.10607212781906128,0.1994115561246872,0.4106534421443939,0.10601359605789185,0.19890576601028442,0.412807434797287,0.1059366837143898,0.20068570971488953,0.39948561787605286,0.1274249404668808,0.20108255743980408,0.395088791847229,0.12745143473148346,0.20140986144542694,0.3913290202617645,0.12743763625621796,0.20037727057933807,0.40694987773895264,-0.002748501021414995,0.2047148048877716,0.3816366493701935,0.08946347236633301,0.21045604348182678,0.41244614124298096,0.10423491895198822,0.21154579520225525,0.40386709570884705,0.1308143138885498,0.24229836463928223,0.445183128118515,-0.0801253616809845,0.25719010829925537,0.33024314045906067,0.12005282938480377,0.29927682876586914,0.5003748536109924,-0.047876160591840744,0.29207420349121094,0.34409213066101074,0.24575361609458923,0.2797270119190216,0.5560224652290344,0.08299120515584946,0.2632638216018677,0.3606697916984558,0.38782840967178345,0.27232491970062256,0.5796869397163391,0.08579839020967484,0.25409868359565735,0.3587418794631958,0.415477454662323,0.2615155875682831,0.5727763772010803,0.09466274082660675,0.2503519058227539,0.36686643958091736,0.4024491310119629,0.26506614685058594,0.5662626624107361,0.09156433492898941,0.25468897819519043,0.37098580598831177,0.3859562277793884,0.36907973885536194,0.4985550343990326,-0.0732121393084526,0.3774951100349426,0.4390784502029419,0.07318808138370514,0.47528839111328125,0.5787897706031799,-0.11029379069805145,0.4747177064418793,0.5248923897743225,0.0797603577375412,0.5847474932670593,0.6540071964263916,-0.13808411359786987,0.5866429805755615,0.5685697793960571,0.07657450437545776,0.6010800004005432,0.6542553901672363,-0.13902387022972107,0.6038587093353271,0.5655568838119507,0.07686474919319153,0.6080896854400635,0.6881483793258667,-0.16976146399974823,0.6072480082511902,0.613754153251648,0.048524849116802216
0293,./images/114/frame_00293.jpg,Warning,0.2029963731765747,0.4341643154621124,0.02653617225587368,0.19831135869026184,0.4268401563167572,5.205375055084005e-05,0.19868327677249908,0.42743736505508423,1.0253092113998719e-05,0.19908519089221954,0.42815887928009033,-5.380610309657641e-05,0.196919783949852,0.4223017394542694,0.0280819833278656,0.19681145250797272,0.42012643814086914,0.028085991740226746,0.19671206176280975,0.41815900802612305,0.028062891215085983,0.20207419991493225,0.4185459017753601,-0.07660901546478271,0.20092716813087463,0.40369507670402527,0.04613664001226425,0.2083950936794281,0.42867225408554077,0.002993657486513257,0.20784977078437805,0.4251041114330292,0.038368821144104004,0.24686884880065918,0.4335932433605194,-0.14361035823822021,0.24574270844459534,0.35749325156211853,0.12017448246479034,0.3033716082572937,0.4904981851577759,-0.1333814114332199,0.2657474875450134,0.3891974091529846,0.2691291570663452,0.27252525091171265,0.556328535079956,-0.010405078530311584,0.22233662009239197,0.4406258165836334,0.38542550802230835,0.26477015018463135,0.5805306434631348,-0.013013152405619621,0.20945203304290771,0.4475897550582886,0.41061931848526,0.2572903633117676,0.5740452408790588,-0.003182596294209361,0.2066420614719391,0.45653149485588074,0.39108607172966003,0.2598787844181061,0.5646407604217529,-0.001453032367862761,0.21218101680278778,0.45722249150276184,0.37969347834587097,0.3781958222389221,0.4921026825904846,-0.08932442963123322,0.37673699855804443,0.45676490664482117,0.08937786519527435,0.47112828493118286,0.5535221695899963,-0.13021965324878693,0.4663911461830139,0.5379160642623901,0.059948306530714035,0.5748665928840637,0.604991614818573,-0.09947367012500763,0.5708353519439697,0.5874775648117065,0.09366292506456375,0.5889231562614441,0.600508451461792,-0.09463805705308914,0.5876339673995972,0.5799365639686584,0.09571084380149841,0.6023327112197876,0.637690544128418,-0.12238035351037979,0.5930837392807007,0.6431692838668823,0.05804610997438431
0294,./images/114/frame_00294.jpg,Warning,0.20230838656425476,0.42943495512008667,0.07072605937719345,0.19790489971637726,0.4266595244407654,0.04849367216229439,0.19819168746471405,0.4272749722003937,0.04845075309276581,0.198426753282547,0.4280054271221161,0.048413850367069244,0.19685585796833038,0.4223211109638214,0.06527175009250641,0.196790874004364,0.42032530903816223,0.06524495780467987,0.1967111974954605,0.41832539439201355,0.06514786183834076,0.2010185718536377,0.419519305229187,-0.014756563119590282,0.2006664276123047,0.40780749917030334,0.05770447105169296,0.2079607993364334,0.4269419312477112,0.0520821288228035,0.20750896632671356,0.4238753020763397,0.07296028733253479,0.24488291144371033,0.4421883523464203,-0.07469476759433746,0.24610714614391327,0.3733227550983429,0.0958239883184433,0.3026025891304016,0.5049391984939575,-0.12149081379175186,0.2839975953102112,0.4328411817550659,0.06698285788297653,0.27382344007492065,0.5646392703056335,-0.12010421603918076,0.2643454670906067,0.4891403913497925,-0.02809254452586174,0.26693326234817505,0.5855491161346436,-0.14082075655460358,0.25852543115615845,0.497771292924881,-0.03582838922739029,0.2587476670742035,0.5744543671607971,-0.12731429934501648,0.2512463927268982,0.5050138235092163,-0.05430673435330391,0.2613227963447571,0.5669963955879211,-0.11547841131687164,0.25385648012161255,0.5058825016021729,-0.03907579928636551,0.3725607693195343,0.5019162893295288,-0.0696137323975563,0.37333065271377563,0.4667423665523529,0.06955092400312424,0.4745660424232483,0.5500660538673401,-0.09666452556848526,0.4713512063026428,0.5381602048873901,0.05847473815083504,0.5855612754821777,0.6056836247444153,-0.09947983920574188,0.5789841413497925,0.5932276248931885,0.07105813175439835,0.6022621393203735,0.6046050786972046,-0.09929835796356201,0.5968846678733826,0.5897467732429504,0.07051543146371841,0.6073179841041565,0.6355828046798706,-0.15396063029766083,0.5954285860061646,0.6451640725135803,0.018931465223431587
0298,./images/114/frame_00298.jpg,Warning,0.22663041949272156,0.4626261293888092,0.061888188123703,0.2177116423845291,0.4625387489795685,0.03338072821497917,0.21778874099254608,0.46474677324295044,0.033369943499565125,0.21781830489635468,0.46740424633026123,0.033325109630823135,0.2158474624156952,0.4524471163749695,0.04306812584400177,0.21390457451343536,0.44886210560798645,0.043098606169223785,0.2129591405391693,0.44632914662361145,0.04302609711885452,0.21578748524188995,0.4651438891887665,-0.051527686417102814,0.21215157210826874,0.43575936555862427,-0.010176794603466988,0.22798752784729004,0.46131131052970886,0.03749498352408409,0.22602784633636475,0.4529445767402649,0.049383290112018585,0.25041091442108154,0.48324838280677795,-0.07529482990503311,0.24602513015270233,0.36014068126678467,0.012665336951613426,0.3024636507034302,0.5232305526733398,0.027218293398618698,0.28211066126823425,0.3889061510562897,0.15118283033370972,0.2785857617855072,0.560940146446228,0.18123245239257812,0.26308006048202515,0.4756371080875397,0.31243473291397095,0.2717237174510956,0.5760905742645264,0.1922435611486435,0.2566256523132324,0.4913422763347626,0.34093356132507324,0.26241499185562134,0.5693959593772888,0.19257201254367828,0.2550382912158966,0.5046252608299255,0.32141223549842834,0.26825886964797974,0.5599911212921143,0.18642914295196533,0.2584403157234192,0.5020714402198792,0.3097456097602844,0.3833395838737488,0.49762797355651855,-0.04496913030743599,0.3810545802116394,0.4286561608314514,0.044836316257715225,0.4759613871574402,0.5562021136283875,-0.08314253389835358,0.47195929288864136,0.5033184289932251,0.07067413628101349,0.5877574682235718,0.6059965491294861,-0.09463115781545639,0.5797873735427856,0.5487310290336609,0.07480969280004501,0.6077552437782288,0.6023259162902832,-0.09558573365211487,0.5980621576309204,0.5478100776672363,0.07339410483837128,0.5988800525665283,0.626605749130249,-0.12494882196187973,0.5975106358528137,0.5728030204772949,0.036781247705221176
0300,./images/114/frame_00300.jpg,Warning,0.2182886302471161,0.4756682217121124,0.02989211119711399,0.21052351593971252,0.47406208515167236,0.001373929320834577,0.21154320240020752,0.47657039761543274,0.0013550487346947193,0.21238550543785095,0.4795268476009369,0.0012513844994828105,0.2080826461315155,0.46117931604385376,0.017562322318553925,0.20756575465202332,0.457550048828125,0.017637645825743675,0.20707769691944122,0.4548172354698181,0.017590392380952835,0.2138911932706833,0.47488290071487427,-0.0859169214963913,0.20964062213897705,0.4442906379699707,-0.016064157709479332,0.22098000347614288,0.4723808169364929,0.003811692353338003,0.22151179611682892,0.46628427505493164,0.023760266602039337,0.24738183617591858,0.48664411902427673,-0.11835422366857529,0.23047085106372833,0.36909833550453186,0.013819453306496143,0.3026299476623535,0.5351041555404663,-0.033222950994968414,0.23559340834617615,0.35367459058761597,0.13766643404960632,0.2619660794734955,0.5597489476203918,0.1046445220708847,0.22005648910999298,0.393044650554657,0.23980960249900818,0.2560952603816986,0.5758112072944641,0.1073317751288414,0.21228981018066406,0.39899808168411255,0.255215048789978,0.25142547488212585,0.5654453039169312,0.10879132896661758,0.21065673232078552,0.4176640808582306,0.23665949702262878,0.2536798417568207,0.5620083808898926,0.10955993831157684,0.214778870344162,0.40977033972740173,0.2354603260755539,0.36375755071640015,0.4735807180404663,-0.0639798641204834,0.35520488023757935,0.41554519534111023,0.0639103502035141,0.450007826089859,0.54985511302948,-0.11878782510757446,0.4289359152317047,0.47362861037254333,0.04677843675017357,0.5530871152877808,0.5599716305732727,-0.12262140214443207,0.5302979350090027,0.48663437366485596,0.06600116938352585,0.5681077241897583,0.5463550686836243,-0.12199287116527557,0.5451939105987549,0.47729846835136414,0.06579218804836273,0.573013186454773,0.5783788561820984,-0.15261639654636383,0.5542108416557312,0.5106134414672852,0.02355637587606907
0301,./images/114/frame_00301.jpg,Warning,0.21107642352581024,0.4759085774421692,-0.027113396674394608,0.20901639759540558,0.47606217861175537,-0.052203256636857986,0.20984140038490295,0.47888803482055664,-0.052200429141521454,0.21043948829174042,0.4820200502872467,-0.05225623771548271,0.20582501590251923,0.46326735615730286,-0.041058700531721115,0.20566359162330627,0.4596972167491913,-0.041088130325078964,0.20529372990131378,0.4568275511264801,-0.04116032272577286,0.21176505088806152,0.48145949840545654,-0.11026519536972046,0.20624776184558868,0.45343518257141113,-0.06284139305353165,0.21811357140541077,0.4774654507637024,-0.04059482738375664,0.21665850281715393,0.4687902331352234,-0.027431419119238853,0.24471935629844666,0.5164923667907715,-0.1082628145813942,0.23042938113212585,0.40014004707336426,-0.023538272827863693,0.29248011112213135,0.5443046689033508,0.019549209624528885,0.24367228150367737,0.3560120761394501,0.09973970055580139,0.26205864548683167,0.5645490288734436,0.16845408082008362,0.22228391468524933,0.3888656198978424,0.21505296230316162,0.25604048371315,0.5810396075248718,0.18311962485313416,0.2172391414642334,0.39167165756225586,0.2307649552822113,0.2508697807788849,0.5703154802322388,0.17953859269618988,0.21510979533195496,0.41025030612945557,0.20991452038288116,0.25270918011665344,0.5629276633262634,0.1728922426700592,0.21822285652160645,0.4054408669471741,0.21088993549346924,0.3626815974712372,0.5231805443763733,-0.05142506957054138,0.355189710855484,0.46694061160087585,0.05117572471499443,0.44979286193847656,0.5811725854873657,-0.08654521405696869,0.4342886507511139,0.5039861798286438,0.04447931423783302,0.5480223894119263,0.5877382755279541,-0.08556371182203293,0.5358224511146545,0.5362316370010376,0.06210259720683098,0.5631787180900574,0.5758129358291626,-0.08456672728061676,0.5529637932777405,0.5334261059761047,0.061109550297260284,0.5664253830909729,0.6063563823699951,-0.11480720341205597,0.5570670366287231,0.5585832595825195,0.012324387207627296
0303,./images/114/frame_00303.jpg,Warning,0.21423406898975372,0.4750244617462158,-0.05404079705476761,0.2061462104320526,0.4777064919471741,-0.08444767445325851,0.20683495700359344,0.4824090003967285,-0.0844213142991066,0.20739564299583435,0.4885757863521576,-0.08446387201547623,0.20439068973064423,0.4645513892173767,-0.08072538673877716,0.204471156001091,0.46122729778289795,-0.08076322823762894,0.20430509746074677,0.4575263261795044,-0.08085048198699951,0.2107733190059662,0.48998308181762695,-0.1617269217967987,0.20790597796440125,0.45500391721725464,-0.14661432802677155,0.2214210331439972,0.4799320101737976,-0.07420957088470459,0.21868965029716492,0.4644232392311096,-0.07006566971540451,0.2523752450942993,0.5241932272911072,-0.18453752994537354,0.2304365336894989,0.3784767985343933,-0.13960574567317963,0.2876335680484772,0.5293477177619934,-0.16210444271564484,0.23966827988624573,0.32507193088531494,-0.15271179378032684,0.2692151963710785,0.523400068283081,-0.11256535351276398,0.24523933231830597,0.37427765130996704,-0.17674720287322998,0.26993629336357117,0.5273397564888,-0.1303931325674057,0.24508515000343323,0.38578352332115173,-0.1879151612520218,0.25871115922927856,0.5425914525985718,-0.12651899456977844,0.24417033791542053,0.3886197805404663,-0.20117315649986267,0.2656177878379822,0.5149280428886414,-0.1106405109167099,0.24396994709968567,0.3882162868976593,-0.18272122740745544,0.3466409742832184,0.4807089567184448,-0.02646433375775814,0.3385528326034546,0.4027941823005676,0.02616196498274803,0.30472803115844727,0.5077391266822815,0.1299619972705841,0.30960822105407715,0.4343887269496918,0.21597261726856232,0.331966757774353,0.5293449759483337,0.30525797605514526,0.32643529772758484,0.46198001503944397,0.3735535144805908,0.3417052626609802,0.5277119874954224,0.32422560453414917,0.33274757862091064,0.46353858709335327,0.38971859216690063,0.3149931728839874,0.5443578958511353,0.3173825144767761,0.31544044613838196,0.47202083468437195,0.3793775737285614
0304,./images/114/frame_00304.jpg,Warning,0.21498477458953857,0.4870303273200989,-0.14215682446956635,0.21156096458435059,0.4881821572780609,-0.17585812509059906,0.21249648928642273,0.49069687724113464,-0.17581824958324432,0.2134259045124054,0.49604615569114685,-0.17584536969661713,0.207309290766716,0.4801642894744873,-0.16852577030658722,0.20657256245613098,0.4777089059352875,-0.16859115660190582,0.2058165818452835,0.47557130455970764,-0.16870853304862976,0.21408267319202423,0.4947201609611511,-0.2559795081615448,0.20758862793445587,0.4674134850502014,-0.2219529151916504,0.2211146354675293,0.48695963621139526,-0.16122910380363464,0.21795102953910828,0.4775258004665375,-0.15163572132587433,0.2517167925834656,0.5175933241844177,-0.2357151210308075,0.2114400565624237,0.36923277378082275,-0.1808428019285202,0.28832703828811646,0.5275819301605225,-0.13212576508522034,0.22456249594688416,0.34102311730384827,-0.058476995676755905,0.26883429288864136,0.5425947308540344,-0.018781227990984917,0.221490740776062,0.40639767050743103,0.04436008632183075,0.26723846793174744,0.5640425682067871,-0.026220401749014854,0.22020144760608673,0.4118322730064392,0.054140061140060425,0.258212149143219,0.5542588233947754,-0.028222519904375076,0.2239299714565277,0.42771482467651367,0.03053232654929161,0.25935274362564087,0.538435697555542,-0.016905825585126877,0.224808931350708,0.4291324317455292,0.03851353004574776,0.3209083676338196,0.4641375243663788,-0.029604697600007057,0.3078501522541046,0.38194894790649414,0.02935638464987278,0.28367099165916443,0.5007382035255432,0.13108809292316437,0.27255022525787354,0.3710143566131592,0.21401210129261017,0.28946036100387573,0.5294440984725952,0.3537164330482483,0.27489978075027466,0.4073266386985779,0.4374380111694336,0.29526346921920776,0.5289030075073242,0.3793479800224304,0.2765029966831207,0.41099441051483154,0.4629824161529541,0.2619020938873291,0.5545337200164795,0.3757193684577942,0.26465922594070435,0.41996651887893677,0.4644097685813904
0305,./images/114/frame_00305.jpg,Warning,0.21682707965373993,0.49507489800453186,-0.1443270891904831,0.21134307980537415,0.49099352955818176,-0.17385441064834595,0.21276208758354187,0.492329865694046,-0.17380553483963013,0.21369686722755432,0.4959317445755005,-0.17379716038703918,0.20741620659828186,0.4832688271999359,-0.16794928908348083,0.20649400353431702,0.47974327206611633,-0.16800041496753693,0.20574502646923065,0.4776262640953064,-0.16813093423843384,0.22526276111602783,0.5054684281349182,-0.24095384776592255,0.2071019411087036,0.4699300229549408,-0.21582403779029846,0.22233350574970245,0.4923464059829712,-0.15980395674705505,0.21802306175231934,0.4810914397239685,-0.1527101844549179,0.25614407658576965,0.5077951550483704,-0.21814203262329102,0.20982058346271515,0.3710131347179413,-0.18615706264972687,0.29894858598709106,0.5221129059791565,-0.10045626014471054,0.2237609177827835,0.352143257856369,-0.05410964414477348,0.26716938614845276,0.5412644147872925,0.023960981518030167,0.2136087864637375,0.42036718130111694,0.06209369748830795,0.2639109194278717,0.5610355138778687,0.02099989354610443,0.20568156242370605,0.43672528862953186,0.07016367465257645,0.25630423426628113,0.5530838370323181,0.020428508520126343,0.20984891057014465,0.44317829608917236,0.04883173108100891,0.25692757964134216,0.5359593629837036,0.026338279247283936,0.21028967201709747,0.44251805543899536,0.056776273995637894,0.31692415475845337,0.4505383372306824,-0.02526247501373291,0.30107182264328003,0.38312509655952454,0.025098484009504318,0.2842957675457001,0.48565441370010376,0.1884768158197403,0.26978009939193726,0.3922273814678192,0.22911517322063446,0.2940761148929596,0.5320736169815063,0.4414082169532776,0.27689656615257263,0.4201483428478241,0.49724236130714417,0.2988681197166443,0.5385259985923767,0.4707338809967041,0.2795873284339905,0.4217139482498169,0.5263059139251709,0.26735618710517883,0.5542892217636108,0.4664965569972992,0.2646453380584717,0.43022555112838745,0.518799364566803
0306,./images/114/frame_00306.jpg,Fall,0.20940610766410828,0.5019795298576355,-0.11467144638299942,0.21091003715991974,0.5030959844589233,-0.15042699873447418,0.212596133351326,0.5053085088729858,-0.15019777417182922,0.21318192780017853,0.5076782703399658,-0.15005722641944885,0.205905482172966,0.49542245268821716,-0.14003141224384308,0.20467226207256317,0.49178817868232727,-0.14021296799182892,0.20347118377685547,0.4883100688457489,-0.140274316072464,0.22249487042427063,0.5086958408355713,-0.18035706877708435,0.20516732335090637,0.47198575735092163,-0.1543579399585724,0.21723628044128418,0.5001331567764282,-0.15005971491336823,0.2113480567932129,0.48835381865501404,-0.14625777304172516,0.2617257237434387,0.5081729292869568,-0.1457482874393463,0.20833301544189453,0.4075166881084442,-0.14680686593055725,0.3010849952697754,0.525771975517273,-0.0510454997420311,0.20106378197669983,0.40734976530075073,-0.004438410513103008,0.267550528049469,0.5529220700263977,0.03294992074370384,0.18265846371650696,0.4854814410209656,0.12269822508096695,0.26435983180999756,0.5696858763694763,0.026060068979859352,0.1733921617269516,0.5010659694671631,0.12678804993629456,0.25764769315719604,0.5589035749435425,0.014596669003367424,0.17738041281700134,0.5029588937759399,0.10741771757602692,0.25699007511138916,0.5542715191841125,0.029667455703020096,0.17991852760314941,0.4984569847583771,0.11757054179906845,0.31593191623687744,0.4466497600078583,-0.0003009288338944316,0.2936811149120331,0.3840409517288208,-7.002709025982767e-05,0.27501362562179565,0.4908880889415741,0.207902193069458,0.23671749234199524,0.3423923850059509,0.14002276957035065,0.29721182584762573,0.47685012221336365,0.44879692792892456,0.2784899175167084,0.30420976877212524,0.35626840591430664,0.30150362849235535,0.4689300060272217,0.4786316454410553,0.285102516412735,0.30115780234336853,0.3819373846054077,0.28329864144325256,0.4701494574546814,0.5073956847190857,0.27467137575149536,0.27785199880599976,0.3998848795890808
0307,./images/114/frame_00307.jpg,Fall,0.20980098843574524,0.5026090145111084,-0.08884795010089874,0.21128585934638977,0.5072450637817383,-0.11068391799926758,0.21314558386802673,0.5100187659263611,-0.11059366166591644,0.21461482346057892,0.5131542086601257,-0.11056143045425415,0.20623579621315002,0.4988878071308136,-0.10584884881973267,0.20494675636291504,0.49509158730506897,-0.10593708604574203,0.20363092422485352,0.49147918820381165,-0.1060323566198349,0.2228589951992035,0.5139897465705872,-0.1591859757900238,0.20618879795074463,0.47895193099975586,-0.14119206368923187,0.21764755249023438,0.502596914768219,-0.10467720031738281,0.21202585101127625,0.490358829498291,-0.10072394460439682,0.2631099820137024,0.504627525806427,-0.13188141584396362,0.21163144707679749,0.41751641035079956,-0.14050441980361938,0.3121696412563324,0.5291406512260437,-0.052970755845308304,0.2009059488773346,0.41551777720451355,-0.018371229991316795,0.26772069931030273,0.5598786473274231,-0.0023058271035552025,0.1830601692199707,0.4854121208190918,0.08487426489591599,0.26459431648254395,0.5777980089187622,-0.015057643875479698,0.17135602235794067,0.5029093623161316,0.08169826120138168,0.2576131224632263,0.5688143968582153,-0.02581411972641945,0.17342542111873627,0.4964335262775421,0.06827838718891144,0.2575153410434723,0.5623839497566223,-0.006900382693856955,0.18122979998588562,0.49912431836128235,0.08115536719560623,0.3153030276298523,0.44270461797714233,0.0024860715493559837,0.2929590940475464,0.3813238739967346,-0.0029023706447333097,0.28148722648620605,0.49076712131500244,0.21847112476825714,0.24735160171985626,0.3319415748119354,0.16855758428573608,0.2950337827205658,0.4511485993862152,0.4672321379184723,0.28097662329673767,0.2910934090614319,0.3929141163825989,0.29837143421173096,0.4405395984649658,0.4979464113712311,0.2875369191169739,0.28893643617630005,0.42574039101600647,0.2868209481239319,0.44623106718063354,0.524546205997467,0.27473554015159607,0.2713211476802826,0.44794130325317383
0308,./images/114/frame_00308.jpg,Fall,0.21313004195690155,0.5048274397850037,-0.10395471751689911,0.2149190902709961,0.5078452825546265,-0.1216326355934143,0.21703863143920898,0.5097979307174683,-0.12158374488353729,0.21909773349761963,0.5122221112251282,-0.12157590687274933,0.20939476788043976,0.5012786984443665,-0.115921750664711,0.2080698013305664,0.4984915852546692,-0.11597927659749985,0.20670518279075623,0.495775043964386,-0.11603782325983047,0.22669968008995056,0.5111925601959229,-0.16825823485851288,0.2098391354084015,0.48105624318122864,-0.14500144124031067,0.22272522747516632,0.503375768661499,-0.11434167623519897,0.21552689373493195,0.49363407492637634,-0.10791615396738052,0.264552503824234,0.4961048662662506,-0.14847508072853088,0.21302290260791779,0.4256102740764618,-0.1297765076160431,0.3089773654937744,0.5291056036949158,-0.07977021485567093,0.19459471106529236,0.4373572766780853,-0.009431533515453339,0.2688913941383362,0.56021648645401,-0.02584340237081051,0.17386311292648315,0.5083401799201965,0.08238535374403,0.26469698548316956,0.5773744583129883,-0.04469236731529236,0.16188755631446838,0.5251112580299377,0.07551675289869308,0.25779789686203003,0.5695348978042603,-0.06610623002052307,0.16592150926589966,0.5270621180534363,0.06588391214609146,0.2580875754356384,0.5623382329940796,-0.03860873728990555,0.1717299520969391,0.5209316611289978,0.07952182739973068,0.3102837800979614,0.42869216203689575,-0.0024232356809079647,0.2922822833061218,0.3779841959476471,0.0020950506441295147,0.2840977609157562,0.4728755056858063,0.1906285285949707,0.2518154978752136,0.3396575152873993,0.21080322563648224,0.28951165080070496,0.42716509103775024,0.4277452826499939,0.28059789538383484,0.2994566261768341,0.45052820444107056,0.2923467457294464,0.414440780878067,0.4573569893836975,0.28697341680526733,0.29398080706596375,0.4787541329860687,0.2817211151123047,0.4307137727737427,0.4831635355949402,0.2781254053115845,0.2949671149253845,0.4955631196498871
0309,./images/114/frame_00309.jpg,Fall,0.21549668908119202,0.5111406445503235,-0.10375072062015533,0.21771176159381866,0.5130937695503235,-0.12301862239837646,0.21988597512245178,0.5144309997558594,-0.1229761391878128,0.22213444113731384,0.5162075757980347,-0.12297189235687256,0.21224665641784668,0.507921576499939,-0.11698617041110992,0.21093198657035828,0.5058727264404297,-0.1170300841331482,0.20940804481506348,0.5023398995399475,-0.11707867681980133,0.22927992045879364,0.5126734972000122,-0.1712276190519333,0.21180252730846405,0.48867616057395935,-0.1454104781150818,0.22480979561805725,0.5068087577819824,-0.1146874874830246,0.2173393964767456,0.5008376836776733,-0.10759725421667099,0.2694621682167053,0.49496757984161377,-0.1504364013671875,0.21369192004203796,0.42932552099227905,-0.13052672147750854,0.30851975083351135,0.5292145013809204,-0.08108535408973694,0.1951732188463211,0.43917062878608704,-0.013808217830955982,0.27198177576065063,0.5630279183387756,-0.041168663650751114,0.17120525240898132,0.5132081508636475,0.06596218049526215,0.2667481303215027,0.5798876881599426,-0.06131387874484062,0.157913938164711,0.5268742442131042,0.05455396696925163,0.25952547788619995,0.5720061659812927,-0.07789743691682816,0.16277869045734406,0.5305331945419312,0.04518185183405876,0.2595534920692444,0.5655373334884644,-0.05089976638555527,0.1688065230846405,0.5257372260093689,0.06262589991092682,0.31206971406936646,0.419389933347702,-0.00804716907441616,0.2905583083629608,0.37271440029144287,0.007746766321361065,0.28468334674835205,0.46308115124702454,0.1992696225643158,0.2554711699485779,0.33947089314460754,0.22646120190620422,0.2890372574329376,0.4217676818370819,0.4500862956047058,0.2790774703025818,0.2962181568145752,0.47434502840042114,0.2915812134742737,0.40985816717147827,0.48092779517173767,0.284679651260376,0.28598663210868835,0.5036669969558716,0.28071585297584534,0.4301081895828247,0.5032077431678772,0.27571892738342285,0.2947307229042053,0.5179182291030884
0310,./images/114/frame_00310.jpg,Fall,0.22295255959033966,0.5090664029121399,-0.07652311027050018,0.2241782695055008,0.5130932331085205,-0.10010933876037598,0.22653062641620636,0.5155127644538879,-0.10004623979330063,0.2289886772632599,0.5173037052154541,-0.10003431141376495,0.21894121170043945,0.5067994594573975,-0.09516142308712006,0.2172606736421585,0.5042957067489624,-0.09521017968654633,0.2156830132007599,0.5012310743331909,-0.09526768326759338,0.2354239970445633,0.5158516764640808,-0.158754363656044,0.21722643077373505,0.4879329800605774,-0.13716045022010803,0.23132570087909698,0.5060450434684753,-0.09052543342113495,0.22410738468170166,0.4977166950702667,-0.0845787450671196,0.2754484713077545,0.49604615569114685,-0.14287938177585602,0.21742697060108185,0.42862075567245483,-0.1294213831424713,0.31004244089126587,0.5291926860809326,-0.05777360126376152,0.20197756588459015,0.41906052827835083,0.0011538424296304584,0.2721845209598541,0.5611987113952637,0.0019527336116880178,0.18212059140205383,0.49344316124916077,0.10066844522953033,0.2667003571987152,0.577911913394928,-0.013485749252140522,0.172542005777359,0.5049681067466736,0.09618814289569855,0.2594902515411377,0.5722943544387817,-0.02545168064534664,0.1749877780675888,0.5113279819488525,0.0809343010187149,0.2597411274909973,0.565703809261322,-0.003161871340125799,0.18073806166648865,0.506083607673645,0.09640292823314667,0.31362223625183105,0.4125475585460663,-0.01016000472009182,0.2913565933704376,0.36473366618156433,0.009844131767749786,0.28542429208755493,0.4697672128677368,0.19984988868236542,0.23970472812652588,0.34385257959365845,0.20316891372203827,0.29157301783561707,0.4254838228225708,0.4491181969642639,0.27734312415122986,0.2961706817150116,0.45643216371536255,0.2939419150352478,0.41307151317596436,0.4802377223968506,0.28282663226127625,0.29001733660697937,0.4926868975162506,0.28298303484916687,0.42859315872192383,0.5144994258880615,0.26305824518203735,0.28050723671913147,0.4799860119819641
0311,./images/114/frame_00311.jpg,Fall,0.22579987347126007,0.5196249485015869,-0.0767040029168129,0.22817209362983704,0.5244704484939575,-0.10371313989162445,0.2299964725971222,0.5263544917106628,-0.10355924069881439,0.23199453949928284,0.5283998847007751,-0.10347861051559448,0.22327184677124023,0.5173659920692444,-0.09973252564668655,0.22140386700630188,0.5133373737335205,-0.09984313696622849,0.21967950463294983,0.5102211236953735,-0.09983722120523453,0.23784665763378143,0.5236945152282715,-0.16213813424110413,0.2199939489364624,0.49472948908805847,-0.14041957259178162,0.23371057212352753,0.5151354670524597,-0.09441515058279037,0.22706517577171326,0.5051850080490112,-0.08763788640499115,0.2792660593986511,0.5026653409004211,-0.15039443969726562,0.2219712734222412,0.4289120137691498,-0.13557496666908264,0.31021812558174133,0.5283395051956177,-0.055968500673770905,0.2165079414844513,0.4104067087173462,-0.004980393685400486,0.2710389494895935,0.5587158799171448,0.015663865953683853,0.19821423292160034,0.46474525332450867,0.10843145847320557,0.2638920247554779,0.5743904709815979,0.002129778964444995,0.18793687224388123,0.45763134956359863,0.1060788482427597,0.25710487365722656,0.570789635181427,-0.006858175154775381,0.19344797730445862,0.4779619574546814,0.08910608291625977,0.257934033870697,0.5609983205795288,0.012379199266433716,0.19489532709121704,0.4853299558162689,0.10383226722478867,0.31563952565193176,0.4098292589187622,-0.007295276969671249,0.29337385296821594,0.3617815375328064,0.006997766438871622,0.28625866770744324,0.4602561593055725,0.21179787814617157,0.24101588129997253,0.348861962556839,0.20322182774543762,0.29299888014793396,0.40256571769714355,0.45320454239845276,0.2641095817089081,0.3075847923755646,0.4491707682609558,0.2957629859447479,0.38802069425582886,0.48323073983192444,0.2703306972980499,0.30135729908943176,0.4792124629020691,0.2832292914390564,0.40210023522377014,0.518738329410553,0.2548542022705078,0.29569703340530396,0.5108411908149719
0312,./images/114/frame_00312.jpg,Fall,0.2270168960094452,0.5197944641113281,-0.12227209657430649,0.22798927128314972,0.5252097845077515,-0.14937372505664825,0.22967994213104248,0.5272323489189148,-0.14929500222206116,0.2320878505706787,0.5299464464187622,-0.14929960668087006,0.22368581593036652,0.517792284488678,-0.1456722915172577,0.2221592217683792,0.514095664024353,-0.14575894176959991,0.22067579627037048,0.5108518600463867,-0.14576952159404755,0.23924210667610168,0.5258517861366272,-0.19680216908454895,0.22258329391479492,0.4971804618835449,-0.18033957481384277,0.23432274162769318,0.5156415700912476,-0.13013969361782074,0.22900286316871643,0.5060769319534302,-0.12553007900714874,0.27980419993400574,0.5164880752563477,-0.15593551099300385,0.22872784733772278,0.43399038910865784,-0.16219839453697205,0.3090406358242035,0.5306099653244019,-0.04939276725053787,0.21981632709503174,0.4069255292415619,-0.02771150693297386,0.27008792757987976,0.5580880641937256,0.03413252905011177,0.1956896334886551,0.4645611643791199,0.06684005260467529,0.26175567507743835,0.5733045935630798,0.023542340844869614,0.18363772332668304,0.45996177196502686,0.06499136984348297,0.25566238164901733,0.5692893266677856,0.012281318195164204,0.18824854493141174,0.4776194989681244,0.051028620451688766,0.25734272599220276,0.5586954951286316,0.030704006552696228,0.19353236258029938,0.48385241627693176,0.06234154850244522,0.3164626359939575,0.4075569212436676,0.0029903287068009377,0.2925446033477783,0.3637683093547821,-0.003193966578692198,0.28332334756851196,0.4435252249240875,0.22160843014717102,0.24009902775287628,0.34910741448402405,0.1989971399307251,0.28547602891921997,0.36867234110832214,0.45125406980514526,0.27244725823402405,0.30369654297828674,0.4393077492713928,0.2871944308280945,0.3531301021575928,0.4801444411277771,0.2744099497795105,0.2914310693740845,0.46683645248413086,0.2749650478363037,0.3570510149002075,0.5187178254127502,0.2635152041912079,0.2866741716861725,0.5005124807357788
0313,./images/114/frame_00313.jpg,Fall,0.23084907233715057,0.5164639353752136,-0.11640182882547379,0.2326938658952713,0.5230306386947632,-0.14248988032341003,0.2348756492137909,0.5253114700317383,-0.14243140816688538,0.23730972409248352,0.5279441475868225,-0.14245538413524628,0.22705669701099396,0.5152110457420349,-0.13835781812667847,0.22538788616657257,0.5114022493362427,-0.13843442499637604,0.2240399569272995,0.5082383751869202,-0.13846437633037567,0.24381737411022186,0.5243731737136841,-0.19223909080028534,0.22657155990600586,0.49637091159820557,-0.1744590550661087,0.2383957803249359,0.5143029093742371,-0.12528356909751892,0.23330393433570862,0.5056635141372681,-0.12039847671985626,0.2807106673717499,0.5163431763648987,-0.1649210900068283,0.23193450272083282,0.43544238805770874,-0.15619708597660065,0.31297242641448975,0.5316358804702759,-0.0627233237028122,0.22965529561042786,0.4040026068687439,-0.030250152572989464,0.2713365852832794,0.5577722787857056,0.01915593072772026,0.20209160447120667,0.4457123279571533,0.07419600337743759,0.2619229853153229,0.5722286701202393,0.011357138864696026,0.19321708381175995,0.4458042085170746,0.07368804514408112,0.2566027045249939,0.5686842799186707,0.001558195916004479,0.1965472400188446,0.4567303955554962,0.06180416792631149,0.25926443934440613,0.5574385523796082,0.016867343336343765,0.20245209336280823,0.45711737871170044,0.07163342833518982,0.31678271293640137,0.394453763961792,-0.0016913110157474875,0.2943900227546692,0.3572614789009094,0.0014371686847880483,0.2912236154079437,0.4052296578884125,0.2092127501964569,0.24558043479919434,0.35083240270614624,0.20251145958900452,0.29274284839630127,0.3211927115917206,0.41280490159988403,0.2692650854587555,0.28889894485473633,0.41836199164390564,0.2919312119483948,0.3017353415489197,0.4381991922855377,0.2737787961959839,0.2772992253303528,0.4437622129917145,0.28531473875045776,0.31279775500297546,0.47644710540771484,0.26379266381263733,0.2707133889198303,0.4885016083717346
0314,./images/114/frame_00314.jpg,Fall,0.23488152027130127,0.5166871547698975,-0.09340717643499374,0.23513484001159668,0.5240126252174377,-0.11772863566875458,0.23758085072040558,0.5264714360237122,-0.11768951267004013,0.240367129445076,0.528511106967926,-0.11774416267871857,0.23003074526786804,0.5166345238685608,-0.11386297643184662,0.2288215458393097,0.5136785507202148,-0.11391637474298477,0.22759394347667694,0.51060950756073,-0.11392561346292496,0.24707670509815216,0.5243362188339233,-0.16419760882854462,0.22968415915966034,0.49954766035079956,-0.1476474404335022,0.24235939979553223,0.5141321420669556,-0.10148362070322037,0.2370988428592682,0.5049753189086914,-0.09706290066242218,0.2825862765312195,0.5153558254241943,-0.14548656344413757,0.2346896380186081,0.442236065864563,-0.12926383316516876,0.313414603471756,0.5314898490905762,-0.05568519979715347,0.23283740878105164,0.40460553765296936,-0.01975979283452034,0.2716604471206665,0.5574578642845154,0.017180461436510086,0.20327448844909668,0.44345805048942566,0.08207962661981583,0.26210424304008484,0.5715324878692627,0.010824005119502544,0.19430282711982727,0.44438260793685913,0.08199647068977356,0.25766992568969727,0.5681329369544983,0.001337277004495263,0.19695666432380676,0.4542047381401062,0.07263144850730896,0.2595142424106598,0.5584576725959778,0.015207534655928612,0.2017120122909546,0.4549504220485687,0.08053985983133316,0.31694725155830383,0.39373689889907837,-0.0022382852621376514,0.2890147566795349,0.35882940888404846,0.0020070059690624475,0.2916122376918793,0.4115326702594757,0.17051544785499573,0.24436882138252258,0.36421558260917664,0.1733207404613495,0.2908790707588196,0.32412850856781006,0.34182459115982056,0.2679896950721741,0.2940632700920105,0.355562299489975,0.29093149304389954,0.3056751489639282,0.36422958970069885,0.2690388560295105,0.2825883626937866,0.37821120023727417,0.2837613821029663,0.31463170051574707,0.39675092697143555,0.259251207113266,0.2791520357131958,0.417520672082901
0315,./images/114/frame_00315.jpg,Fall,0.23492947220802307,0.5229147672653198,-0.09283936768770218,0.23569639027118683,0.5296945571899414,-0.11804260313510895,0.23812806606292725,0.5321172475814819,-0.11799190193414688,0.24111370742321014,0.535005509853363,-0.11802394688129425,0.23049786686897278,0.5216635465621948,-0.11399431526660919,0.22908218204975128,0.5184909105300903,-0.11404726654291153,0.2279014140367508,0.5158594250679016,-0.11407546699047089,0.2495952844619751,0.5282487869262695,-0.16589105129241943,0.22942304611206055,0.5044503211975098,-0.1486402451992035,0.24259081482887268,0.5194490551948547,-0.10122902691364288,0.2366809844970703,0.5102450251579285,-0.09636325389146805,0.28465235233306885,0.5144737362861633,-0.14382199943065643,0.23474112153053284,0.44103023409843445,-0.13280217349529266,0.3145544230937958,0.5313904881477356,-0.06152045726776123,0.2304646223783493,0.39886194467544556,-0.02349443919956684,0.2728176712989807,0.5569141507148743,0.013143087737262249,0.2057299166917801,0.4427925646305084,0.07804973423480988,0.2662801444530487,0.5712752938270569,0.005496858153492212,0.19883649051189423,0.4422990083694458,0.07570613920688629,0.25830021500587463,0.5647290349006653,-0.0003511680115479976,0.19878879189491272,0.44874709844589233,0.060183800756931305,0.2597636282444,0.557127058506012,0.010565390810370445,0.2037954032421112,0.4553840756416321,0.07774437963962555,0.31745201349258423,0.3977818489074707,0.005942837335169315,0.28666767477989197,0.35499805212020874,-0.006102174520492554,0.2940390706062317,0.4598744809627533,0.179015651345253,0.2439611405134201,0.35917821526527405,0.13030660152435303,0.2876221835613251,0.37723514437675476,0.3672102391719818,0.26967090368270874,0.29483768343925476,0.30791157484054565,0.28811734914779663,0.3507135510444641,0.390476793050766,0.2721673846244812,0.2855839729309082,0.330032616853714,0.274616539478302,0.3867279887199402,0.43221983313560486,0.2600186765193939,0.2863469421863556,0.3748316466808319
0316,./images/114/frame_00316.jpg,Fall,0.23691308498382568,0.5228888392448425,-0.08152150362730026,0.23781688511371613,0.5299844741821289,-0.10586658865213394,0.2399931699037552,0.5324519872665405,-0.10581377893686295,0.24248135089874268,0.5352370142936707,-0.10584388673305511,0.23311498761177063,0.522268533706665,-0.10373847186565399,0.23177289962768555,0.5193682909011841,-0.10378670692443848,0.23075354099273682,0.5172163248062134,-0.10381215810775757,0.2504644989967346,0.5306786298751831,-0.15161381661891937,0.23228466510772705,0.5068224668502808,-0.1433907449245453,0.2447538822889328,0.5204935073852539,-0.08931052684783936,0.23928049206733704,0.5120116472244263,-0.08704311400651932,0.2866935431957245,0.5138645768165588,-0.13256940245628357,0.23860247433185577,0.44817760586738586,-0.13057908415794373,0.31637951731681824,0.5295732021331787,-0.05327627807855606,0.2339233160018921,0.4047366678714752,-0.028866970911622047,0.27596360445022583,0.5562461614608765,0.012396818958222866,0.20631475746631622,0.43700018525123596,0.05931520462036133,0.27282267808914185,0.5706768035888672,0.005437541753053665,0.19941481947898865,0.435874342918396,0.05622636154294014,0.2632191777229309,0.562360405921936,-0.003477527527138591,0.1997898519039154,0.44792425632476807,0.05282865837216377,0.26418644189834595,0.5555202960968018,0.010144663974642754,0.20452778041362762,0.44896164536476135,0.061172593384981155,0.31803053617477417,0.3940964639186859,0.008396970108151436,0.2877052426338196,0.35736706852912903,-0.008545086719095707,0.2943357825279236,0.45476147532463074,0.18222156167030334,0.24983736872673035,0.3584311306476593,0.13898363709449768,0.28842228651046753,0.3758023977279663,0.3698354661464691,0.2701733708381653,0.28197798132896423,0.31503650546073914,0.2894447445869446,0.35639846324920654,0.39264699816703796,0.2775045335292816,0.2710627615451813,0.3365131914615631,0.27611932158470154,0.3796430230140686,0.4308738708496094,0.2621878981590271,0.2691400647163391,0.37193670868873596
0317,./images/114/frame_00317.jpg,Fall,0.23781120777130127,0.5248311161994934,-0.0542675256729126,0.23813048005104065,0.5332518815994263,-0.07624800503253937,0.24016372859477997,0.5359037518501282,-0.07620026171207428,0.2427259385585785,0.5392106771469116,-0.07621785253286362,0.2337261438369751,0.5253199934959412,-0.07574798166751862,0.23260852694511414,0.5223792195320129,-0.07578983902931213,0.23162636160850525,0.5200112462043762,-0.07582046091556549,0.2505411207675934,0.5337259769439697,-0.12024763971567154,0.23366744816303253,0.5082509517669678,-0.11959929764270782,0.24561500549316406,0.5228385925292969,-0.06224815174937248,0.24041804671287537,0.5137052536010742,-0.062113869935274124,0.2888643145561218,0.5155627131462097,-0.09862373769283295,0.2416895180940628,0.450731486082077,-0.11910128593444824,0.31817248463630676,0.527478814125061,-0.01939253695309162,0.23406603932380676,0.40468108654022217,-0.029789194464683533,0.27649495005607605,0.5612803101539612,0.03978611156344414,0.2065730094909668,0.43663206696510315,0.05856285244226456,0.2724035084247589,0.574259877204895,0.0365002378821373,0.19892963767051697,0.4373270273208618,0.05541088432073593,0.2625358998775482,0.5652912855148315,0.024395417422056198,0.20018872618675232,0.4495830237865448,0.04933011531829834,0.263910710811615,0.55842125415802,0.03681693598628044,0.2045089453458786,0.4496780335903168,0.058838266879320145,0.31822654604911804,0.3968549370765686,0.021474774926900864,0.2892581820487976,0.35850244760513306,-0.021671857684850693,0.2971440255641937,0.45531871914863586,0.19761566817760468,0.25647830963134766,0.3688932955265045,0.10268541425466537,0.2889143228530884,0.3765842914581299,0.3735198378562927,0.27347221970558167,0.2906079888343811,0.2694157063961029,0.2901643216609955,0.35846227407455444,0.39508670568466187,0.2823743224143982,0.2759862542152405,0.28958576917648315,0.27511584758758545,0.3765150308609009,0.4336455464363098,0.2631363570690155,0.27082160115242004,0.3263445496559143
0318,./images/114/frame_00318.jpg,Fall,0.2389208823442459,0.5271611213684082,-0.0453781932592392,0.23926904797554016,0.5351956486701965,-0.0674062967300415,0.2413388043642044,0.5377097129821777,-0.06735086441040039,0.24376562237739563,0.5404682755470276,-0.06736121326684952,0.23476913571357727,0.5276291370391846,-0.0671488344669342,0.23349495232105255,0.5249752998352051,-0.06717921048402786,0.23238813877105713,0.5227975845336914,-0.06720144301652908,0.25176718831062317,0.5353320837020874,-0.1134720891714096,0.2337082177400589,0.5110374689102173,-0.11335164308547974,0.24669432640075684,0.5252882838249207,-0.05387025326490402,0.24131426215171814,0.5160446763038635,-0.05389872193336487,0.28889861702919006,0.5172865390777588,-0.09454943984746933,0.24255752563476562,0.45387789607048035,-0.11388709396123886,0.3169058859348297,0.5302934646606445,-0.017072783783078194,0.23441597819328308,0.4060550630092621,-0.02667921409010887,0.27923184633255005,0.5616344213485718,0.040233977138996124,0.2075398713350296,0.4378449320793152,0.06449828296899796,0.27159473299980164,0.5736256837844849,0.036118607968091965,0.20022055506706238,0.43742862343788147,0.06089824438095093,0.262509822845459,0.5654895305633545,0.02479121834039688,0.20156466960906982,0.4495444893836975,0.05657096952199936,0.2658023536205292,0.5584563612937927,0.037413857877254486,0.20512716472148895,0.4506225287914276,0.06492479890584946,0.31874188780784607,0.39505535364151,0.02255355380475521,0.29008835554122925,0.3586990237236023,-0.0227982085198164,0.3001278042793274,0.4562866687774658,0.20359165966510773,0.2567276358604431,0.3713720142841339,0.11759141832590103,0.2975967526435852,0.3769240975379944,0.3759542405605316,0.2736995816230774,0.28883078694343567,0.2959865927696228,0.2997485101222992,0.35990333557128906,0.3976452946662903,0.28400471806526184,0.2798641324043274,0.3179060220718384,0.2855917811393738,0.379783034324646,0.43921834230422974,0.2631726861000061,0.2750624120235443,0.36309483647346497
0319,./images/114/frame_00319.jpg,Fall,0.23946166038513184,0.5274047255516052,-0.043879929929971695,0.23937857151031494,0.534713089466095,-0.06635989248752594,0.24541433155536652,0.5365409255027771,-0.06630715727806091,0.24717648327350616,0.5390902757644653,-0.06629354506731033,0.23536178469657898,0.5273209810256958,-0.06769348680973053,0.2341957539319992,0.524686872959137,-0.06770689785480499,0.233382910490036,0.5223096609115601,-0.06772804260253906,0.25353488326072693,0.5360152125358582,-0.10927027463912964,0.2369396686553955,0.508615255355835,-0.1156940907239914,0.24948446452617645,0.5234693884849548,-0.05058838799595833,0.24169591069221497,0.5157687067985535,-0.05261567234992981,0.2892265319824219,0.5188264846801758,-0.08408065885305405,0.24561910331249237,0.45575761795043945,-0.11774317920207977,0.3166935443878174,0.5378403663635254,0.007889093831181526,0.23491311073303223,0.4056285321712494,-0.04057449847459793,0.2784404158592224,0.5608868598937988,0.06642869859933853,0.207372784614563,0.43661847710609436,0.02814962901175022,0.2701687216758728,0.5733351111412048,0.05889995023608208,0.19957688450813293,0.43772318959236145,0.01677536964416504,0.26222509145736694,0.5658032894134521,0.047180987894535065,0.20098049938678741,0.44796836376190186,0.012687483802437782,0.2664770483970642,0.5580662488937378,0.06292656809091568,0.20480553805828094,0.448630154132843,0.027626696974039078,0.3188086450099945,0.3972606360912323,0.02685954049229622,0.28976285457611084,0.36008694767951965,-0.027045508846640587,0.30312567949295044,0.44261693954467773,0.2259548008441925,0.25445693731307983,0.36641448736190796,0.1346830576658249,0.29760369658470154,0.37105175852775574,0.4239009916782379,0.27387508749961853,0.2901207208633423,0.32448166608810425,0.2991349399089813,0.3573335111141205,0.44840025901794434,0.2834085524082184,0.28759005665779114,0.34417203068733215,0.285003662109375,0.36922553181648254,0.4908927083015442,0.26296213269233704,0.2774781584739685,0.39920297265052795
0320,./images/114/frame_00320.jpg,Fall,0.24064724147319794,0.5267714858055115,-0.052258264273405075,0.24016471207141876,0.5339896082878113,-0.07481379806995392,0.24664004147052765,0.5351259708404541,-0.07476718723773956,0.24839074909687042,0.5376632809638977,-0.07475077360868454,0.23670323193073273,0.5266899466514587,-0.0765695571899414,0.2362053394317627,0.5239768624305725,-0.07659135013818741,0.2352549135684967,0.5212303400039673,-0.07661302387714386,0.2541026175022125,0.5358006358146667,-0.11496945470571518,0.23815858364105225,0.507292628288269,-0.12327595800161362,0.2486996352672577,0.5234310626983643,-0.05756942182779312,0.24358110129833221,0.5153220295906067,-0.06013735011219978,0.2890332043170929,0.5186685919761658,-0.08286381512880325,0.24835613369941711,0.45427435636520386,-0.12040203809738159,0.3162893056869507,0.5391789078712463,0.019739586859941483,0.2352403849363327,0.40527573227882385,-0.05240831524133682,0.27630072832107544,0.5603446364402771,0.08243083953857422,0.20722182095050812,0.43635550141334534,0.014454509131610394,0.268440306186676,0.5730335712432861,0.0763586089015007,0.19909529387950897,0.4367278218269348,0.0015460889553651214,0.26356205344200134,0.5658068656921387,0.06434258073568344,0.20077307522296906,0.4470098614692688,-0.0035030809231102467,0.2661827504634857,0.5580225586891174,0.07886095345020294,0.2044709026813507,0.44797980785369873,0.01331566832959652,0.3192289471626282,0.39545196294784546,0.03091536834836006,0.29074305295944214,0.3601369559764862,-0.031087007373571396,0.3012131452560425,0.41953781247138977,0.23957756161689758,0.25866788625717163,0.368967741727829,0.1386033296585083,0.29722145199775696,0.3447089195251465,0.43731689453125,0.27662593126296997,0.293083518743515,0.3481835722923279,0.2988693118095398,0.3299175798892975,0.4619206488132477,0.2851549983024597,0.28945353627204895,0.37279191613197327,0.2821429371833801,0.3420267403125763,0.5017737746238708,0.26327836513519287,0.28164178133010864,0.41860586404800415
0321,./images/114/frame_00321.jpg,Fall,0.24122357368469238,0.5327896475791931,-0.05027518421411514,0.2435159683227539,0.5366635322570801,-0.07250060141086578,0.24641737341880798,0.5384555459022522,-0.07245849072933197,0.24815449118614197,0.5405818819999695,-0.07243932038545609,0.23753373324871063,0.5305472612380981,-0.07361042499542236,0.23691418766975403,0.5280358195304871,-0.07362556457519531,0.2356944978237152,0.5248768925666809,-0.07364814728498459,0.25478291511535645,0.5365238189697266,-0.11218229681253433,0.23768261075019836,0.5092145204544067,-0.1168905645608902,0.24898242950439453,0.5244393944740295,-0.0553826279938221,0.24396541714668274,0.5192965865135193,-0.056816987693309784,0.2886464595794678,0.5185210108757019,-0.08222092688083649,0.24804119765758514,0.45372533798217773,-0.12040413916110992,0.3164879083633423,0.5402063727378845,0.016239114105701447,0.23446862399578094,0.4048106372356415,-0.04657330363988876,0.27977246046066284,0.5630229711532593,0.0810646191239357,0.2068912535905838,0.4350613057613373,0.028931254521012306,0.26845496892929077,0.5727980136871338,0.07557187974452972,0.1991703063249588,0.43638306856155396,0.01900668814778328,0.2668045461177826,0.565741777420044,0.06532581150531769,0.20146922767162323,0.445939302444458,0.013552513904869556,0.2681300938129425,0.5578925609588623,0.07830961048603058,0.20518000423908234,0.44548624753952026,0.027868036180734634,0.3192615211009979,0.39516517519950867,0.028219521045684814,0.2908588647842407,0.3591892123222351,-0.0284099318087101,0.3010372519493103,0.41710981726646423,0.24359695613384247,0.2614976763725281,0.3662041127681732,0.1563408374786377,0.29689210653305054,0.3427755534648895,0.4390936493873596,0.27851828932762146,0.2946919798851013,0.35582613945007324,0.29859182238578796,0.32756170630455017,0.4636008143424988,0.2865297794342041,0.28873923420906067,0.38031989336013794,0.28122633695602417,0.3418252766132355,0.5054615139961243,0.26346713304519653,0.2832927107810974,0.4241834282875061
0322,./images/114/frame_00322.jpg,Fall,0.24256174266338348,0.5306991338729858,-0.05103958398103714,0.24427545070648193,0.5361449718475342,-0.07904824614524841,0.24633440375328064,0.5382753014564514,-0.07897969335317612,0.24806790053844452,0.5405339002609253,-0.07897435128688812,0.23798701167106628,0.531068742275238,-0.07906864583492279,0.2369786500930786,0.5279635190963745,-0.07905949652194977,0.23620598018169403,0.5252442955970764,-0.07909150421619415,0.2554174065589905,0.5382047295570374,-0.11799683421850204,0.23921313881874084,0.508400022983551,-0.12456347793340683,0.2487328052520752,0.5244665145874023,-0.06360776722431183,0.24423785507678986,0.5179975628852844,-0.057955384254455566,0.28916245698928833,0.5218273401260376,-0.07970892637968063,0.2506025433540344,0.4537321627140045,-0.1356341391801834,0.31703823804855347,0.5410928726196289,0.024001920595765114,0.23709788918495178,0.4043995440006256,-0.07124436646699905,0.2789362072944641,0.5637420415878296,0.08675412088632584,0.20658907294273376,0.43360552191734314,-0.011448061093688011,0.27075809240341187,0.5731707811355591,0.08139466494321823,0.19896692037582397,0.4347541332244873,-0.026001453399658203,0.2660698890686035,0.5653132200241089,0.06920885294675827,0.20129820704460144,0.44390588998794556,-0.031927190721035004,0.2675464451313019,0.5577892661094666,0.08302786946296692,0.20514261722564697,0.44398510456085205,-0.013286063447594643,0.31926125288009644,0.3964420258998871,0.03530322015285492,0.2919510006904602,0.364016056060791,-0.03540118783712387,0.2988117039203644,0.4057396352291107,0.23025870323181152,0.26058992743492126,0.3659130036830902,0.13936999440193176,0.2968209981918335,0.33412840962409973,0.4251357913017273,0.2788391411304474,0.29531368613243103,0.34297090768814087,0.2984675168991089,0.31943264603614807,0.44910556077957153,0.28702428936958313,0.2875312566757202,0.3676203787326813,0.27912598848342896,0.33201104402542114,0.4863359034061432,0.26281240582466125,0.284101665019989,0.4040830135345459
0323,./images/114/frame_00323.jpg,Fall,0.24214641749858856,0.5296194553375244,-0.04954710230231285,0.2426544427871704,0.5352405309677124,-0.07119671255350113,0.24625328183174133,0.537622332572937,-0.07116380333900452,0.24797062575817108,0.5398502945899963,-0.07115109264850616,0.23795747756958008,0.53017258644104,-0.07425165176391602,0.23727793991565704,0.5270801782608032,-0.07426776736974716,0.23661816120147705,0.5243076086044312,-0.07429684698581696,0.25510144233703613,0.5372007489204407,-0.10604854673147202,0.24003687500953674,0.5081607103347778,-0.1208140105009079,0.24877400696277618,0.5231634974479675,-0.0544135645031929,0.24506819248199463,0.5171383023262024,-0.05752518028020859,0.28925979137420654,0.5220878720283508,-0.06823741644620895,0.25032392144203186,0.4536100924015045,-0.1328287571668625,0.3167720139026642,0.5423415899276733,0.03370290249586105,0.23633873462677002,0.40552830696105957,-0.06523086875677109,0.27884286642074585,0.5636743903160095,0.09540439397096634,0.20670053362846375,0.4326910674571991,-0.006451726891100407,0.27086731791496277,0.5730273723602295,0.09077943116426468,0.19889938831329346,0.4349738359451294,-0.021654201671481133,0.2655227482318878,0.5631586909294128,0.07847972959280014,0.2010883092880249,0.4434588551521301,-0.027122866362333298,0.2673616111278534,0.5562223792076111,0.09171062707901001,0.20497667789459229,0.4417079985141754,-0.00817442499101162,0.3192395567893982,0.3971852958202362,0.03643633797764778,0.29744037985801697,0.36306846141815186,-0.03652682155370712,0.2935771346092224,0.41367292404174805,0.2262991964817047,0.2638092637062073,0.363233745098114,0.13212057948112488,0.29195475578308105,0.34307530522346497,0.41946372389793396,0.28102707862854004,0.2943054735660553,0.3326454758644104,0.29486724734306335,0.32844752073287964,0.44417792558670044,0.2872479557991028,0.2842658460140228,0.3569251000881195,0.27311432361602783,0.34151241183280945,0.4826018810272217,0.26268595457077026,0.2813943922519684,0.39158064126968384
0324,./images/114/frame_00324.jpg,Fall,0.24242103099822998,0.5292233228683472,-0.05299540236592293,0.24264176189899445,0.5346925854682922,-0.07401271909475327,0.2467038333415985,0.5364100337028503,-0.07399111986160278,0.24846453964710236,0.5388266444206238,-0.07398717105388641,0.23842212557792664,0.5292146801948547,-0.0773753672838211,0.23782317340373993,0.5268920660018921,-0.07739216834306717,0.23720523715019226,0.5239578485488892,-0.07742573320865631,0.2562182545661926,0.5366141200065613,-0.10863794386386871,0.24063751101493835,0.5083872079849243,-0.12374240159988403,0.2491118609905243,0.5217934250831604,-0.056948475539684296,0.24558381736278534,0.5168609023094177,-0.06118969991803169,0.28917771577835083,0.522104799747467,-0.06975600123405457,0.2512967586517334,0.4531400501728058,-0.13372156023979187,0.3170025050640106,0.5424084067344666,0.03526733070611954,0.2385372668504715,0.40528449416160583,-0.07313179224729538,0.2783758342266083,0.5631341338157654,0.09608598798513412,0.206816628575325,0.43035849928855896,-0.020677540451288223,0.27145206928253174,0.5720153450965881,0.09056473523378372,0.1993514746427536,0.43266409635543823,-0.037040792405605316,0.26557764410972595,0.5609028935432434,0.07828681170940399,0.20099835097789764,0.44108062982559204,-0.04314158484339714,0.26711228489875793,0.5541626811027527,0.09228913486003876,0.20507673919200897,0.4389899671077728,-0.022787339985370636,0.3195531964302063,0.3984181582927704,0.03713671490550041,0.299782395362854,0.3614771068096161,-0.037197791039943695,0.29208701848983765,0.4144695997238159,0.23141154646873474,0.2642379403114319,0.3557639718055725,0.13830076158046722,0.2908354699611664,0.34972596168518066,0.4284398555755615,0.2810842990875244,0.2915271520614624,0.3472893536090851,0.2943989634513855,0.3353115916252136,0.45221608877182007,0.28978458046913147,0.28137627243995667,0.37293675541877747,0.2714684009552002,0.34864604473114014,0.48507994413375854,0.26277270913124084,0.2804626524448395,0.4042398929595947
0325,./images/114/frame_00325.jpg,Fall,0.2422354519367218,0.5286192297935486,-0.04855220019817352,0.24233059585094452,0.5343695878982544,-0.06970898061990738,0.24681782722473145,0.5359154343605042,-0.06968756020069122,0.24862341582775116,0.5383462905883789,-0.06968159973621368,0.23831744492053986,0.5285705327987671,-0.07363729178905487,0.2377202808856964,0.5261179804801941,-0.07365287840366364,0.23704910278320312,0.5231766700744629,-0.0736875906586647,0.25609010457992554,0.5367259383201599,-0.10563953965902328,0.2406037300825119,0.5086880326271057,-0.12287969887256622,0.24922916293144226,0.5216978788375854,-0.05248557776212692,0.24563142657279968,0.5163988471031189,-0.05764244124293327,0.28897738456726074,0.5226465463638306,-0.06632612645626068,0.2514517903327942,0.45340749621391296,-0.13308843970298767,0.3168575167655945,0.5417476296424866,0.04216219484806061,0.23924048244953156,0.40204137563705444,-0.0714602917432785,0.2789599895477295,0.5627737045288086,0.1068890318274498,0.20700180530548096,0.42820948362350464,-0.019893156364560127,0.27368590235710144,0.5716656446456909,0.10201758146286011,0.19949299097061157,0.43069881200790405,-0.03629955276846886,0.2671626806259155,0.5603817105293274,0.08983908593654633,0.2009190022945404,0.4386163055896759,-0.042390964925289154,0.2680148184299469,0.5535638332366943,0.10326413065195084,0.20495426654815674,0.43664059042930603,-0.0219810102134943,0.31959736347198486,0.39911648631095886,0.03726087510585785,0.29924383759498596,0.36140963435173035,-0.03732883185148239,0.2925323247909546,0.41295555233955383,0.2374124974012375,0.2645813822746277,0.3551267683506012,0.13930222392082214,0.290558397769928,0.3472103476524353,0.4383767247200012,0.28081145882606506,0.29002273082733154,0.3465792238712311,0.29397931694984436,0.3328465223312378,0.4624587595462799,0.28908342123031616,0.28064244985580444,0.3724406361579895,0.2717171311378479,0.34770071506500244,0.4943919777870178,0.26264697313308716,0.2803221344947815,0.4033065736293793
0326,./images/114/frame_00326.jpg,Fall,0.24253258109092712,0.5277632474899292,-0.05299397557973862,0.24369534850120544,0.5338025093078613,-0.07078757137060165,0.2466006577014923,0.5355501770973206,-0.07068939507007599,0.24841037392616272,0.5379779934883118,-0.07065381109714508,0.2386045902967453,0.5279846787452698,-0.07929090410470963,0.23804497718811035,0.5254446864128113,-0.07930749654769897,0.23743999004364014,0.5225878357887268,-0.07935886085033417,0.2569637894630432,0.5370936989784241,-0.11055786907672882,0.24155695736408234,0.5086782574653625,-0.1293085515499115,0.24896188080310822,0.5219586491584778,-0.05577869340777397,0.24506211280822754,0.5161546468734741,-0.06299888342618942,0.2887612581253052,0.5275540947914124,-0.07237248122692108,0.25217440724372864,0.4530676007270813,-0.13670970499515533,0.31635820865631104,0.5414650440216064,0.033159784972667694,0.239933580160141,0.40007761120796204,-0.08177042752504349,0.2761281132698059,0.5623156428337097,0.09526493400335312,0.20721490681171417,0.4273560345172882,-0.04019353911280632,0.27187401056289673,0.5703940987586975,0.08912365138530731,0.19971808791160583,0.4298095703125,-0.05846656486392021,0.26506611704826355,0.5588130354881287,0.07686778157949448,0.2009635716676712,0.43749862909317017,-0.06502086669206619,0.26537007093429565,0.5519638061523438,0.09145372360944748,0.2048792541027069,0.4358275234699249,-0.042777255177497864,0.31960633397102356,0.40378662943840027,0.036112409085035324,0.29970282316207886,0.3624361753463745,-0.036134086549282074,0.2938012480735779,0.4100901186466217,0.23195192217826843,0.26590561866760254,0.3537237048149109,0.14340880513191223,0.2917223274707794,0.34854093194007874,0.43353646993637085,0.2819824814796448,0.29069456458091736,0.35845789313316345,0.29531604051589966,0.3346858620643616,0.4578002989292145,0.2887295186519623,0.28082457184791565,0.383937805891037,0.27265551686286926,0.34957391023635864,0.48753729462623596,0.2627066373825073,0.28084179759025574,0.41113919019699097
0327,./images/114/frame_00327.jpg,Fall,0.2427397519350052,0.5288728475570679,-0.05114113539457321,0.24410536885261536,0.5352745652198792,-0.07163821160793304,0.24642030894756317,0.5380229949951172,-0.07159426808357239,0.24868662655353546,0.5413239598274231,-0.07158468663692474,0.23972129821777344,0.5280793309211731,-0.07447566837072372,0.2387811839580536,0.525238573551178,-0.07447986304759979,0.2379680871963501,0.5223442316055298,-0.07451870292425156,0.2579803466796875,0.5371407270431519,-0.11149938404560089,0.24186532199382782,0.5085194706916809,-0.11925192922353745,0.2508598566055298,0.5221109390258789,-0.056279946118593216,0.24586288630962372,0.5161364078521729,-0.05922624468803406,0.29047784209251404,0.5260528922080994,-0.07792127132415771,0.2520337998867035,0.4520917534828186,-0.1210617646574974,0.31625285744667053,0.541170060634613,0.023146364837884903,0.24024586379528046,0.3999752998352051,-0.05643845349550247,0.2740814983844757,0.5622568130493164,0.07329237461090088,0.20820069313049316,0.4264708161354065,-0.0029722917824983597,0.2676100432872772,0.5729120969772339,0.06499870121479034,0.20025178790092468,0.4292016625404358,-0.01578279212117195,0.26131898164749146,0.5649703741073608,0.0527292899787426,0.2017209529876709,0.436786949634552,-0.024270517751574516,0.26316991448402405,0.55841463804245,0.06923869252204895,0.2056884765625,0.4347774386405945,-0.005679158493876457,0.3199511170387268,0.4041416049003601,0.03083535097539425,0.2977338135242462,0.3619946837425232,-0.030860114842653275,0.29936864972114563,0.4360775351524353,0.23125973343849182,0.26492956280708313,0.34784889221191406,0.14335304498672485,0.29432910680770874,0.3897450864315033,0.4290633201599121,0.2815430164337158,0.287826269865036,0.3571850061416626,0.2977834939956665,0.37835392355918884,0.453208863735199,0.2883564829826355,0.2807181477546692,0.3831121325492859,0.27494606375694275,0.39645156264305115,0.4863014221191406,0.26395100355148315,0.2779167592525482,0.4092441201210022
0328,./images/114/frame_00328.jpg,Fall,0.24712955951690674,0.5256160497665405,-0.048969559371471405,0.24626967310905457,0.5352104306221008,-0.07062606513500214,0.24803049862384796,0.5376326441764832,-0.07059623301029205,0.2510865330696106,0.5406551957130432,-0.0705966129899025,0.24253034591674805,0.5277128219604492,-0.07156028598546982,0.2414989024400711,0.5245530605316162,-0.07155953347682953,0.24113769829273224,0.5212185978889465,-0.07159071415662766,0.2601087689399719,0.5357899069786072,-0.11170349270105362,0.2445477992296219,0.5082283616065979,-0.11495258659124374,0.2533021569252014,0.5214982628822327,-0.0552864745259285,0.24945178627967834,0.5142288208007812,-0.05645828694105148,0.29300615191459656,0.5221468806266785,-0.07966814935207367,0.25231412053108215,0.4476204812526703,-0.11618410050868988,0.3163263499736786,0.5427150726318359,0.012031328864395618,0.23981526494026184,0.39982932806015015,-0.0517120435833931,0.2729302942752838,0.5621247887611389,0.06356949359178543,0.2086440771818161,0.42527076601982117,-0.0025292306672781706,0.2650391161441803,0.5735273361206055,0.054985374212265015,0.20028741657733917,0.4281601905822754,-0.015139250084757805,0.25972461700439453,0.5657931566238403,0.04209555685520172,0.2020171880722046,0.4352613687515259,-0.022679466754198074,0.2622731626033783,0.5590876340866089,0.059394799172878265,0.20611822605133057,0.4337306022644043,-0.005312163848429918,0.3199753761291504,0.40425390005111694,0.027470236644148827,0.29679495096206665,0.3608025014400482,-0.02749328315258026,0.29958823323249817,0.44353243708610535,0.2213650941848755,0.26454299688339233,0.3427971601486206,0.1389337182044983,0.2943424582481384,0.39401885867118835,0.41443586349487305,0.27924343943595886,0.2843391001224518,0.3505501449108124,0.29767730832099915,0.38296130299568176,0.4377201497554779,0.28562965989112854,0.2790414094924927,0.3768647611141205,0.27524423599243164,0.39795249700546265,0.47038546204566956,0.26394739747047424,0.2743037939071655,0.40902310609817505
0329,./images/114/frame_00329.jpg,Fall,0.24961301684379578,0.5253387689590454,-0.0657467469573021,0.2484319657087326,0.5349739789962769,-0.08813619613647461,0.25092124938964844,0.537614643573761,-0.08810790628194809,0.25340354442596436,0.5403518676757812,-0.08811507374048233,0.2445772886276245,0.5274596810340881,-0.08793533593416214,0.2438184767961502,0.5243543982505798,-0.08794964104890823,0.24297299981117249,0.5211532711982727,-0.08797800540924072,0.2621982991695404,0.535232424736023,-0.12690356373786926,0.245448037981987,0.508128821849823,-0.12538771331310272,0.25509366393089294,0.521480917930603,-0.07094618678092957,0.2511734366416931,0.5131452083587646,-0.07076621800661087,0.29496580362319946,0.5183972120285034,-0.09312130510807037,0.2518457770347595,0.4439524710178375,-0.11796073615550995,0.3163035809993744,0.5433197021484375,0.004915102384984493,0.2394271343946457,0.39984941482543945,-0.052401818335056305,0.27230942249298096,0.5621363520622253,0.06202041357755661,0.2086314857006073,0.42552921175956726,-0.0017771413549780846,0.2640179991722107,0.5749537348747253,0.05419234186410904,0.2004663497209549,0.42873415350914,-0.013609698042273521,0.2595018148422241,0.5662761330604553,0.04059535264968872,0.20214740931987762,0.43617358803749084,-0.020920079201459885,0.2612978219985962,0.557868480682373,0.05784628912806511,0.20634841918945312,0.4347536265850067,-0.003931537736207247,0.3203684687614441,0.4040573537349701,0.026435021311044693,0.29556649923324585,0.36023980379104614,-0.026487359777092934,0.2995195984840393,0.43330657482147217,0.22088949382305145,0.2650136649608612,0.3451113700866699,0.13983799517154694,0.2948014438152313,0.37658432126045227,0.415457546710968,0.2782433032989502,0.2858392596244812,0.3498954474925995,0.2976432144641876,0.3653234839439392,0.4391539990901947,0.2839992642402649,0.27974796295166016,0.3765103220939636,0.27802592515945435,0.3769378364086151,0.4720229506492615,0.2639307379722595,0.2747286856174469,0.40948909521102905
0330,./images/114/frame_00330.jpg,Fall,0.24859130382537842,0.5253231525421143,-0.060457926243543625,0.24799975752830505,0.5347926020622253,-0.07903061807155609,0.250078022480011,0.5373204350471497,-0.07901414483785629,0.25252899527549744,0.5405022501945496,-0.07904456555843353,0.2445073425769806,0.5273202061653137,-0.07973210513591766,0.2435712367296219,0.5243265628814697,-0.07976682484149933,0.2428826540708542,0.5210545063018799,-0.07978802919387817,0.2618834376335144,0.5350311398506165,-0.11393257230520248,0.24577923119068146,0.5079918503761292,-0.11805325746536255,0.2541979253292084,0.5215188264846802,-0.06599049270153046,0.25107088685035706,0.513463020324707,-0.06664799153804779,0.2955208420753479,0.5184974670410156,-0.07819204032421112,0.25237390398979187,0.442552775144577,-0.12055172026157379,0.31619662046432495,0.5466049909591675,0.018737515434622765,0.240835040807724,0.39828699827194214,-0.05462975054979324,0.2724270820617676,0.5627946853637695,0.08139961212873459,0.2107204645872116,0.4216526448726654,0.000642173457890749,0.2644219994544983,0.5748950242996216,0.0793173760175705,0.2022552490234375,0.4254647195339203,-0.008810563012957573,0.25982314348220825,0.5663540363311768,0.06462003290653229,0.20401224493980408,0.43307337164878845,-0.015164615586400032,0.26150551438331604,0.5575101375579834,0.07729900628328323,0.20816215872764587,0.4309817850589752,-0.000797593966126442,0.32036295533180237,0.4041139483451843,0.031392134726047516,0.2956041693687439,0.3625241219997406,-0.03149445727467537,0.29139652848243713,0.43245428800582886,0.2085166871547699,0.2637553811073303,0.34929072856903076,0.08832311630249023,0.2908642292022705,0.36414799094200134,0.3627532124519348,0.27606791257858276,0.2862250506877899,0.25541675090789795,0.2938470244407654,0.35155439376831055,0.38159793615341187,0.281933456659317,0.27987661957740784,0.27657270431518555,0.27652621269226074,0.35434091091156006,0.40852537751197815,0.26325181126594543,0.27498626708984375,0.30902427434921265
0331,./images/114/frame_00331.jpg,Fall,0.24819442629814148,0.5253065824508667,-0.06261485815048218,0.24891237914562225,0.5335118770599365,-0.0811498761177063,0.2506627142429352,0.5364052057266235,-0.08113806694746017,0.25264260172843933,0.5393133759498596,-0.08117443323135376,0.24492916464805603,0.5271855592727661,-0.08210694789886475,0.24384279549121857,0.5242376327514648,-0.08214818686246872,0.24346551299095154,0.5207462310791016,-0.08217407763004303,0.2613428831100464,0.5348812341690063,-0.11517639458179474,0.2463776171207428,0.5079137086868286,-0.11910591274499893,0.2537586987018585,0.5218522548675537,-0.068318672478199,0.25021636486053467,0.5134747624397278,-0.06961619853973389,0.29494914412498474,0.5201568603515625,-0.07971535623073578,0.25309959053993225,0.44307640194892883,-0.12444262206554413,0.3162127435207367,0.5487973093986511,0.015359878540039062,0.24269530177116394,0.3967350125312805,-0.06411056220531464,0.27156752347946167,0.5648638606071472,0.07853993028402328,0.2146422117948532,0.4191337525844574,-0.006074889563024044,0.2633693218231201,0.5747620463371277,0.07506914436817169,0.20559342205524445,0.4213621914386749,-0.01659766212105751,0.2596324682235718,0.5662893056869507,0.06423007696866989,0.20731580257415771,0.42865923047065735,-0.022702092304825783,0.26153311133384705,0.5601378083229065,0.07377297431230545,0.21143858134746552,0.42728957533836365,-0.007660645991563797,0.31992924213409424,0.40641194581985474,0.031800396740436554,0.29484203457832336,0.3636184334754944,-0.0318959578871727,0.2913930118083954,0.4286809265613556,0.2001229077577591,0.2630773186683655,0.3496144115924835,0.08934777975082397,0.2911461293697357,0.35646873712539673,0.35650748014450073,0.27513641119003296,0.2867007255554199,0.2560226321220398,0.29407212138175964,0.34313493967056274,0.3755265176296234,0.28106948733329773,0.2796187400817871,0.2768246531486511,0.27834659814834595,0.34674346446990967,0.3999594449996948,0.2663097083568573,0.2755815088748932,0.30634456872940063
0332,./images/114/frame_00332.jpg,Fall,0.24833306670188904,0.5253193974494934,-0.062053799629211426,0.24970948696136475,0.5328965783119202,-0.07970406115055084,0.25136566162109375,0.5359944701194763,-0.07969839125871658,0.25315219163894653,0.5388034582138062,-0.07973894476890564,0.24532732367515564,0.5271174907684326,-0.08125420659780502,0.2443636953830719,0.524104654788971,-0.08129610866308212,0.24419617652893066,0.5207021832466125,-0.08132122457027435,0.2616553008556366,0.534855842590332,-0.11407949030399323,0.2483435869216919,0.5078365206718445,-0.12022627890110016,0.2538014352321625,0.5224050283432007,-0.06790200620889664,0.24994251132011414,0.5136227607727051,-0.06921032816171646,0.29597505927085876,0.5218955278396606,-0.07706938683986664,0.2537923753261566,0.4434218406677246,-0.12530262768268585,0.31684809923171997,0.5498875379562378,0.02115243300795555,0.24405646324157715,0.3961552083492279,-0.06754199415445328,0.2766377329826355,0.5646767020225525,0.08680509030818939,0.21561357378959656,0.41667604446411133,-0.01206289418041706,0.2729552388191223,0.5744182467460632,0.08508984744548798,0.2070363312959671,0.41823968291282654,-0.023672576993703842,0.2666657567024231,0.5648201704025269,0.0720963329076767,0.20862388610839844,0.4260067939758301,-0.030250975862145424,0.26710695028305054,0.5590129494667053,0.08317957818508148,0.21284225583076477,0.4247772991657257,-0.01391011755913496,0.3199281394481659,0.4086269438266754,0.03340250626206398,0.2949361503124237,0.36467158794403076,-0.03347893804311752,0.29198551177978516,0.4292938709259033,0.20431768894195557,0.2628506124019623,0.3502320647239685,0.08427409827709198,0.29330116510391235,0.3570138216018677,0.37075111269950867,0.27532249689102173,0.28707897663116455,0.25469285249710083,0.29661405086517334,0.3450523316860199,0.39076822996139526,0.28129640221595764,0.27993616461753845,0.27614182233810425,0.28197741508483887,0.3514557182788849,0.4166285991668701,0.26610249280929565,0.2744937539100647,0.3067314028739929
0333,./images/114/frame_00333.jpg,Fall,0.24719639122486115,0.5252707600593567,-0.0756981298327446,0.24910061061382294,0.5312763452529907,-0.09277044981718063,0.2511650621891022,0.5345838069915771,-0.09278272837400436,0.2529856562614441,0.5374435186386108,-0.09282813221216202,0.24487634003162384,0.5252500176429749,-0.09551141411066055,0.24417202174663544,0.5221297144889832,-0.09555329382419586,0.2438523769378662,0.5180346369743347,-0.09559439867734909,0.26120537519454956,0.5347716212272644,-0.12104139477014542,0.24802987277507782,0.506249725818634,-0.13350264728069305,0.252673864364624,0.5230505466461182,-0.07922273874282837,0.2500980794429779,0.5131906867027283,-0.08269256353378296,0.29583626985549927,0.537544310092926,-0.07875184714794159,0.2539784014225006,0.4417618215084076,-0.1352073699235916,0.317081481218338,0.5513371229171753,0.02182755246758461,0.24644501507282257,0.39548370242118835,-0.08162686973810196,0.2773037552833557,0.565351128578186,0.0885239690542221,0.21580679714679718,0.4159456789493561,-0.032166946679353714,0.272050678730011,0.5733503699302673,0.08764110505580902,0.20691001415252686,0.4171810448169708,-0.04412519186735153,0.26627618074417114,0.5648346543312073,0.07443706691265106,0.20841941237449646,0.4256143867969513,-0.0518784336745739,0.2668539583683014,0.559794545173645,0.08516789972782135,0.21257035434246063,0.424733430147171,-0.03465838357806206,0.3194093406200409,0.41056790947914124,0.034676261246204376,0.2947845160961151,0.3675506114959717,-0.03469259664416313,0.2899073362350464,0.42692211270332336,0.19806955754756927,0.262447714805603,0.3523111343383789,0.08268679678440094,0.2931106388568878,0.35801276564598083,0.3596004843711853,0.275515615940094,0.2873811423778534,0.24549373984336853,0.29660776257514954,0.3458488881587982,0.3787784278392792,0.281669557094574,0.27983802556991577,0.26570555567741394,0.28162163496017456,0.35066550970077515,0.39786994457244873,0.26468172669410706,0.27425578236579895,0.28782159090042114
0334,./images/114/frame_00334.jpg,Fall,0.24855449795722961,0.5251168608665466,-0.0778655931353569,0.2505604326725006,0.530729353427887,-0.09546318650245667,0.2522062659263611,0.5340327024459839,-0.09546379745006561,0.2537984251976013,0.5368660688400269,-0.09549680352210999,0.24758727848529816,0.525249719619751,-0.09722298383712769,0.246442049741745,0.5220551490783691,-0.09726523607969284,0.2459457367658615,0.5180471539497375,-0.09731602668762207,0.2620474696159363,0.5347327589988708,-0.12516337633132935,0.24919843673706055,0.506106972694397,-0.13402609527111053,0.253770649433136,0.5229995846748352,-0.08192175626754761,0.25413545966148376,0.5131089091300964,-0.08439870178699493,0.2960161864757538,0.534335732460022,-0.0848144069314003,0.25407010316848755,0.44017016887664795,-0.1337159425020218,0.31689396500587463,0.5511183142662048,0.019474146887660027,0.24919195473194122,0.39452093839645386,-0.07565772533416748,0.2770339548587799,0.5652827620506287,0.08653578162193298,0.21969285607337952,0.4147823452949524,-0.007233854383230209,0.2712532579898834,0.5731924772262573,0.08610306680202484,0.2114919126033783,0.4146873950958252,-0.013253368437290192,0.26590925455093384,0.5650397539138794,0.07265594601631165,0.21324852108955383,0.42397579550743103,-0.021749699488282204,0.26773935556411743,0.5596188306808472,0.08319149166345596,0.21719565987586975,0.4235807955265045,-0.009379487484693527,0.31827351450920105,0.41219109296798706,0.034063469618558884,0.2943008244037628,0.36882859468460083,-0.03410709276795387,0.2836717963218689,0.43937259912490845,0.19923552870750427,0.2600124776363373,0.3566957116127014,0.06960994750261307,0.2877652049064636,0.37409669160842896,0.3672357201576233,0.27174821496009827,0.29016703367233276,0.24160389602184296,0.2923299968242645,0.3610289692878723,0.3868787884712219,0.2784540057182312,0.2823791205883026,0.2630428373813629,0.2743179202079773,0.3677639067173004,0.40689167380332947,0.2587055265903473,0.27545085549354553,0.28898605704307556
0335,./images/114/frame_00335.jpg,Fall,0.24954155087471008,0.5256432890892029,-0.07921861112117767,0.2515479326248169,0.5311140418052673,-0.0960063487291336,0.253050833940506,0.5344363451004028,-0.0960046723484993,0.2545508146286011,0.5372840166091919,-0.09603818506002426,0.24930067360401154,0.5252596139907837,-0.0974322035908699,0.24811510741710663,0.5220516920089722,-0.09747724235057831,0.2475467175245285,0.5181597471237183,-0.09753477573394775,0.26491841673851013,0.5353714227676392,-0.1257430464029312,0.25027456879615784,0.5063127875328064,-0.1329410970211029,0.25827649235725403,0.5243667364120483,-0.08369193971157074,0.25617340207099915,0.5131456255912781,-0.08560125529766083,0.29750341176986694,0.5321147441864014,-0.08578837662935257,0.2549456059932709,0.4391433596611023,-0.13341161608695984,0.31697192788124084,0.5511506795883179,0.014432357624173164,0.24950194358825684,0.3870905637741089,-0.0718127116560936,0.2768767178058624,0.5649985671043396,0.08364546298980713,0.2214709222316742,0.4113273620605469,0.00021135693532414734,0.2710786461830139,0.5728498101234436,0.08256588131189346,0.2147950828075409,0.4123368263244629,-0.0048113721422851086,0.26558059453964233,0.5661128759384155,0.07027417421340942,0.21701522171497345,0.4210118055343628,-0.013724771328270435,0.26737967133522034,0.5609384775161743,0.07997240871191025,0.21989849209785461,0.4206336438655853,-0.0019601904787123203,0.31834104657173157,0.41179484128952026,0.03424536809325218,0.2942579984664917,0.3686376214027405,-0.03430407494306564,0.2822166085243225,0.4410029947757721,0.20056557655334473,0.25807783007621765,0.3585885763168335,0.060766927897930145,0.2879631817340851,0.3778701722621918,0.3450268805027008,0.27164384722709656,0.29014164209365845,0.1988557130098343,0.2926556169986725,0.3653823137283325,0.361573725938797,0.27871114015579224,0.28223031759262085,0.21634522080421448,0.2739858627319336,0.36917775869369507,0.37620604038238525,0.25842469930648804,0.27386292815208435,0.2361113578081131
0336,./images/114/frame_00336.jpg,Fall,0.24941687285900116,0.5269361138343811,-0.10131187736988068,0.25157248973846436,0.5319958329200745,-0.11802782863378525,0.25308045744895935,0.5353037714958191,-0.11802203953266144,0.2545912563800812,0.5381784439086914,-0.11805514991283417,0.2503497004508972,0.5254525542259216,-0.11943415552377701,0.24904105067253113,0.5220725536346436,-0.11948232352733612,0.24837429821491241,0.518291711807251,-0.11954911053180695,0.2661293148994446,0.5369088649749756,-0.14553792774677277,0.250837504863739,0.506334662437439,-0.15208348631858826,0.25716206431388855,0.5255349278450012,-0.10469348728656769,0.25695881247520447,0.5134907960891724,-0.10665471851825714,0.2980605661869049,0.5307894945144653,-0.09877102822065353,0.25671085715293884,0.43868836760520935,-0.1492186039686203,0.31635892391204834,0.5531865358352661,0.010303376242518425,0.25563788414001465,0.3886110484600067,-0.07903233170509338,0.2760187089443207,0.5648166537284851,0.08758390694856644,0.22607357800006866,0.4110831320285797,-0.002464324003085494,0.2697611451148987,0.5724478960037231,0.08972589671611786,0.2193504273891449,0.4109920859336853,-0.007859444245696068,0.2649354338645935,0.5660941004753113,0.07585660368204117,0.21998806297779083,0.41948753595352173,-0.01511705107986927,0.2667088508605957,0.5615837574005127,0.084110789000988,0.22396406531333923,0.4202421009540558,-0.004769114777445793,0.31710416078567505,0.41273006796836853,0.03404320031404495,0.2973337769508362,0.3685635030269623,-0.03411342576146126,0.27864691615104675,0.45218679308891296,0.20267805457115173,0.2565845251083374,0.35970649123191833,0.06320835649967194,0.28453508019447327,0.39341166615486145,0.3629534840583801,0.2693444490432739,0.2898109257221222,0.22334344685077667,0.29008424282073975,0.38063904643058777,0.38251200318336487,0.2764171063899994,0.28124934434890747,0.24346549808979034,0.26847460865974426,0.3894210457801819,0.4035484790802002,0.25476017594337463,0.2735369801521301,0.2652398347854614
0337,./images/114/frame_00337.jpg,Fall,0.25059595704078674,0.5313360691070557,-0.11906810849905014,0.25505566596984863,0.5384629964828491,-0.13312669098377228,0.2571471333503723,0.5417263507843018,-0.13312211632728577,0.2585762143135071,0.5440314412117004,-0.1331501305103302,0.25197190046310425,0.5295388698577881,-0.13437864184379578,0.25130996108055115,0.5252972841262817,-0.1344386637210846,0.2504541575908661,0.521826446056366,-0.1345132738351822,0.2661181092262268,0.5401070713996887,-0.15085257589817047,0.25149089097976685,0.5073939561843872,-0.1570117175579071,0.2569698393344879,0.5283922553062439,-0.11958511173725128,0.25863325595855713,0.5165717601776123,-0.12136220932006836,0.29890507459640503,0.5306333899497986,-0.09831340610980988,0.25708243250846863,0.4377233684062958,-0.1504291594028473,0.3165134787559509,0.5534942746162415,0.007718951441347599,0.2568104565143585,0.3887619972229004,-0.07551639527082443,0.2766781449317932,0.5633853673934937,0.08686688542366028,0.22986488044261932,0.40933629870414734,0.011212926357984543,0.2749786972999573,0.572547197341919,0.09037087112665176,0.22295045852661133,0.4082604646682739,0.00924048200249672,0.2666394114494324,0.5648506879806519,0.0758446529507637,0.22438988089561462,0.41801273822784424,0.00022546744730789214,0.26873475313186646,0.5588755011558533,0.08336863666772842,0.22737205028533936,0.41846346855163574,0.009528076276183128,0.3164985477924347,0.41248631477355957,0.03468596190214157,0.2987512946128845,0.36615580320358276,-0.03475898876786232,0.2754194140434265,0.4508178234100342,0.19361348450183868,0.25562411546707153,0.3708869218826294,0.03836248070001602,0.2799135148525238,0.38626280426979065,0.338257759809494,0.2690257430076599,0.2998153269290924,0.18184919655323029,0.28507521748542786,0.37458688020706177,0.35493209958076477,0.2758970558643341,0.2901340425014496,0.1999623328447342,0.26391690969467163,0.38860228657722473,0.36850640177726746,0.2546398639678955,0.2841218411922455,0.21814945340156555
0338,./images/114/frame_00338.jpg,Fall,0.2505338490009308,0.53099125623703,-0.12369929254055023,0.25534117221832275,0.5388835668563843,-0.13652294874191284,0.256949782371521,0.5418474078178406,-0.13651470839977264,0.25892215967178345,0.5447791814804077,-0.1365399956703186,0.2523190379142761,0.5293735861778259,-0.1387062966823578,0.25131386518478394,0.5252308249473572,-0.13877810537815094,0.2507222294807434,0.5217120051383972,-0.1388346254825592,0.2659723162651062,0.5399328470230103,-0.14985054731369019,0.25220876932144165,0.5078951120376587,-0.15982066094875336,0.2566266357898712,0.5282350182533264,-0.12279488146305084,0.2588045001029968,0.5166786313056946,-0.12575866281986237,0.29890793561935425,0.5298395156860352,-0.0959201529622078,0.2590867280960083,0.4371780455112457,-0.15007735788822174,0.31667494773864746,0.5530539751052856,0.015572935342788696,0.2623777985572815,0.38707149028778076,-0.07318069040775299,0.28002113103866577,0.5618530511856079,0.10419843345880508,0.23502084612846375,0.40652626752853394,0.027859613299369812,0.278891384601593,0.5689417719841003,0.11195310205221176,0.22874388098716736,0.40600523352622986,0.028259366750717163,0.27194809913635254,0.559190034866333,0.09663639962673187,0.2288963496685028,0.4154079854488373,0.01941392384469509,0.2721005976200104,0.5532246232032776,0.10091139376163483,0.23207131028175354,0.41581693291664124,0.026899462565779686,0.3167117238044739,0.41215455532073975,0.03545322269201279,0.3014814853668213,0.3656221926212311,-0.03548971191048622,0.27587589621543884,0.45467478036880493,0.15210959315299988,0.2538534998893738,0.3823526203632355,0.011388549581170082,0.2775598466396332,0.3714195787906647,0.25823041796684265,0.26840347051620483,0.3007424771785736,0.11858546733856201,0.2810018062591553,0.3566209077835083,0.27092766761779785,0.27461785078048706,0.2905484139919281,0.1326809972524643,0.263653963804245,0.34933900833129883,0.28317323327064514,0.2556796669960022,0.2838912308216095,0.14577890932559967
0339,./images/114/frame_00339.jpg,Fall,0.2514263987541199,0.5336960554122925,-0.14761342108249664,0.25680163502693176,0.5407570004463196,-0.16047462821006775,0.2587912976741791,0.5438342690467834,-0.16045686602592468,0.26051223278045654,0.5464014410972595,-0.16048359870910645,0.25342875719070435,0.5306622982025146,-0.16254322230815887,0.25252270698547363,0.5268348455429077,-0.16261905431747437,0.2512408494949341,0.523190975189209,-0.16269777715206146,0.26857492327690125,0.5407024025917053,-0.16787168383598328,0.25256842374801636,0.5088281631469727,-0.17793682217597961,0.2575497627258301,0.5299634337425232,-0.1442621797323227,0.25968238711357117,0.5175544023513794,-0.14718632400035858,0.3009769320487976,0.5289114117622375,-0.10613147914409637,0.2598148286342621,0.43677249550819397,-0.16020138561725616,0.31566208600997925,0.5504738092422485,0.013026985339820385,0.2695615589618683,0.37871140241622925,-0.07241427898406982,0.2805027961730957,0.5606053471565247,0.10204894840717316,0.25304919481277466,0.3841449022293091,0.023386312648653984,0.27967771887779236,0.5684135556221008,0.10662975162267685,0.2472880333662033,0.37362146377563477,0.02272685617208481,0.27288317680358887,0.5582365989685059,0.09156759083271027,0.24833345413208008,0.38441306352615356,0.009192424826323986,0.27217450737953186,0.551572859287262,0.09833361208438873,0.25189417600631714,0.3906647861003876,0.020414549857378006,0.31775009632110596,0.41048508882522583,0.03453594818711281,0.3013065755367279,0.3640078604221344,-0.0345025435090065,0.2783612310886383,0.4595527648925781,0.16257064044475555,0.25313296914100647,0.3912011981010437,0.030540112406015396,0.27876824140548706,0.3825165927410126,0.3133358955383301,0.26169508695602417,0.31703588366508484,0.18713292479515076,0.28189772367477417,0.36584290862083435,0.3304862678050995,0.2669529318809509,0.3039712905883789,0.2061372548341751,0.2645030617713928,0.37734028697013855,0.3394661545753479,0.24762316048145294,0.31047526001930237,0.2192494422197342
0340,./images/114/frame_00340.jpg,Fall,0.25330859422683716,0.5360703468322754,-0.16594289243221283,0.2592282295227051,0.54250168800354,-0.1777677834033966,0.26086553931236267,0.5450930595397949,-0.17775927484035492,0.2624851167201996,0.5474722981452942,-0.17780259251594543,0.2558079659938812,0.5323216915130615,-0.1806311458349228,0.25459960103034973,0.5283892154693604,-0.18071722984313965,0.2535358667373657,0.5250906348228455,-0.18078887462615967,0.270337849855423,0.5417519211769104,-0.18090321123600006,0.25564122200012207,0.5092283487319946,-0.19432857632637024,0.26449713110923767,0.5331848859786987,-0.16108956933021545,0.26149898767471313,0.5188281536102295,-0.16501200199127197,0.3027398884296417,0.5295776128768921,-0.10917896032333374,0.2612835764884949,0.43650588393211365,-0.1747961938381195,0.3149677813053131,0.5502290725708008,0.01372438669204712,0.26687657833099365,0.3787180185317993,-0.0891130119562149,0.2799779176712036,0.5557946562767029,0.10658218711614609,0.24154910445213318,0.39383232593536377,0.00595864187926054,0.2783438563346863,0.5634351968765259,0.11274401843547821,0.23556450009346008,0.3784937560558319,0.00740292202681303,0.27184396982192993,0.5534424185752869,0.09604300558567047,0.23658344149589539,0.39102381467819214,-0.008960744366049767,0.271398663520813,0.5465674996376038,0.10251311957836151,0.24085135757923126,0.3968009054660797,0.0025364707689732313,0.3177584409713745,0.410647451877594,0.03566295653581619,0.301670640707016,0.3636455535888672,-0.035616811364889145,0.27906280755996704,0.4582393765449524,0.13799050450325012,0.2528390884399414,0.3868458569049835,0.0024840920232236385,0.27320995926856995,0.38074153661727905,0.2752039134502411,0.2584424614906311,0.31951627135276794,0.15928210318088531,0.27492862939834595,0.3648851215839386,0.2908283770084381,0.2628658413887024,0.30873116850852966,0.1786392480134964,0.2582806944847107,0.3761376142501831,0.2953130602836609,0.24570739269256592,0.30993548035621643,0.1893623322248459
0341,./images/114/frame_00341.jpg,Fall,0.25736117362976074,0.5385375618934631,-0.16696633398532867,0.2628762125968933,0.5438401103019714,-0.17952436208724976,0.2646624445915222,0.5459911227226257,-0.17950378358364105,0.26698940992355347,0.5483091473579407,-0.17953673005104065,0.2570764124393463,0.5345962643623352,-0.18021856248378754,0.2575448453426361,0.5315134525299072,-0.18030473589897156,0.2558997869491577,0.5282003879547119,-0.18038788437843323,0.2733534276485443,0.5418684482574463,-0.1857547014951706,0.25730565190315247,0.510573148727417,-0.1895449161529541,0.2687424123287201,0.5333622097969055,-0.16357456147670746,0.2642262578010559,0.5212785005569458,-0.16455180943012238,0.3036746382713318,0.5295214653015137,-0.11738216876983643,0.260445773601532,0.43675148487091064,-0.17249973118305206,0.3146364092826843,0.5496000051498413,0.0005461357650347054,0.26426300406455994,0.3806205689907074,-0.08398150652647018,0.2804669737815857,0.5562042593955994,0.10106750577688217,0.23881220817565918,0.39714181423187256,0.01619555614888668,0.279975950717926,0.5642151236534119,0.10799483954906464,0.232395738363266,0.38736844062805176,0.018323514610528946,0.2730836272239685,0.5546929836273193,0.09376378357410431,0.2340357005596161,0.39858025312423706,0.005498216487467289,0.2721098065376282,0.5478657484054565,0.0977955013513565,0.23839178681373596,0.40264010429382324,0.013711035251617432,0.31775251030921936,0.4058153033256531,0.03562801331281662,0.3011731803417206,0.36139681935310364,-0.03555837646126747,0.28515422344207764,0.4205167889595032,0.1332113891839981,0.2505800127983093,0.382394403219223,0.023562781512737274,0.27592894434928894,0.3313252329826355,0.2320568561553955,0.2594439387321472,0.3152690529823303,0.16484810411930084,0.27658265829086304,0.316927045583725,0.24471211433410645,0.2639082074165344,0.30692917108535767,0.18267613649368286,0.26144182682037354,0.3066908121109009,0.2526876628398895,0.24863246083259583,0.30640682578086853,0.20027494430541992
0342,./images/114/frame_00342.jpg,Fall,0.2598673403263092,0.5386621952056885,-0.18280141055583954,0.2650880515575409,0.545174241065979,-0.19540095329284668,0.2668585181236267,0.546898603439331,-0.1953659951686859,0.2695080637931824,0.5491270422935486,-0.19539371132850647,0.2599472999572754,0.5372636914253235,-0.19495011866092682,0.258514404296875,0.5337902307510376,-0.19504356384277344,0.2575097680091858,0.5300350785255432,-0.19513121247291565,0.27458077669143677,0.5417999029159546,-0.20008976757526398,0.2576510012149811,0.511643648147583,-0.19884014129638672,0.27025535702705383,0.5343316793441772,-0.17910782992839813,0.2652142643928528,0.5239254832267761,-0.1786903738975525,0.30321553349494934,0.5310472846031189,-0.1287318915128708,0.26042187213897705,0.4384253919124603,-0.17758901417255402,0.3146754205226898,0.5512259006500244,-0.015728821977972984,0.2645992636680603,0.3808748126029968,-0.08290646225214005,0.27896812558174133,0.56037437915802,0.08674414455890656,0.24832162261009216,0.3880716860294342,0.02072344347834587,0.2789944112300873,0.5687034130096436,0.0954933613538742,0.24302498996257782,0.3780612051486969,0.024308180436491966,0.2724206745624542,0.5579990148544312,0.08330146223306656,0.2456391602754593,0.38676080107688904,0.009653950110077858,0.2714998722076416,0.5510859489440918,0.08427993953227997,0.24933764338493347,0.392061322927475,0.017779873684048653,0.3177463412284851,0.40396520495414734,0.03572622686624527,0.3008628487586975,0.3618447184562683,-0.03574306145310402,0.2842307984828949,0.42735177278518677,0.12912705540657043,0.24426186084747314,0.39628100395202637,0.0012250917498022318,0.2774152159690857,0.3413415551185608,0.24530088901519775,0.2610958218574524,0.3214133381843567,0.14136961102485657,0.27887651324272156,0.3271941542625427,0.2593516707420349,0.2664497196674347,0.3132161796092987,0.15899285674095154,0.26168325543403625,0.31787487864494324,0.2667938470840454,0.24907174706459045,0.3011274039745331,0.17468614876270294
0343,./images/114/frame_00343.jpg,Fall,0.26370587944984436,0.5387015342712402,-0.183034285902977,0.26698774099349976,0.5464197993278503,-0.1958766132593155,0.2694627642631531,0.5481302738189697,-0.19581711292266846,0.27147191762924194,0.549683690071106,-0.19583241641521454,0.2618657946586609,0.5399424433708191,-0.19418342411518097,0.260943740606308,0.5363808870315552,-0.1942688375711441,0.2589719891548157,0.5329723954200745,-0.19434848427772522,0.27597281336784363,0.5421155095100403,-0.20032477378845215,0.25788286328315735,0.5135647058486938,-0.19384357333183289,0.27194884419441223,0.5355521440505981,-0.17938265204429626,0.2648441195487976,0.5262824296951294,-0.17740674316883087,0.3039485216140747,0.5299693942070007,-0.12886512279510498,0.26025375723838806,0.4449000358581543,-0.17382940649986267,0.31486082077026367,0.5517702102661133,-0.01840941794216633,0.2627003788948059,0.38626953959465027,-0.08100009709596634,0.27888253331184387,0.5653932690620422,0.08186573535203934,0.2476908266544342,0.39152777194976807,0.024791691452264786,0.278293251991272,0.5735977292060852,0.08926800638437271,0.24276013672351837,0.382785826921463,0.029336845502257347,0.27198129892349243,0.5632706880569458,0.0775173008441925,0.24534372985363007,0.3895525336265564,0.013401919975876808,0.27126115560531616,0.5569044947624207,0.07952561974525452,0.2489803582429886,0.3940367102622986,0.021694274619221687,0.31776636838912964,0.4007119834423065,0.03470121696591377,0.3002155125141144,0.3631666302680969,-0.03483200818300247,0.2851504981517792,0.4314158856868744,0.14573588967323303,0.2452031821012497,0.397082656621933,0.013924489729106426,0.28134435415267944,0.3483264148235321,0.262306809425354,0.262132853269577,0.31935951113700867,0.1444859504699707,0.28224408626556396,0.3326430320739746,0.27640944719314575,0.2671228349208832,0.31083518266677856,0.16139252483844757,0.270270973443985,0.3285653293132782,0.28562769293785095,0.2507055103778839,0.3005341589450836,0.17815522849559784
0344,./images/114/frame_00344.jpg,Fall,0.26512715220451355,0.5399258732795715,-0.17269375920295715,0.2678050696849823,0.5478492975234985,-0.18546879291534424,0.2704019248485565,0.5492630004882812,-0.1854163110256195,0.27233657240867615,0.5503248572349548,-0.1854323148727417,0.262625128030777,0.5424954891204834,-0.18352511525154114,0.2615084648132324,0.5398346185684204,-0.1836082935333252,0.2601432502269745,0.5375852584838867,-0.18369503319263458,0.27680152654647827,0.5423151254653931,-0.19065901637077332,0.2581132650375366,0.5162186026573181,-0.18430085480213165,0.2735004425048828,0.5376104712486267,-0.1693691909313202,0.2651020884513855,0.5287039279937744,-0.1669968217611313,0.3037817180156708,0.5272547602653503,-0.1244279146194458,0.25965219736099243,0.45045891404151917,-0.17074786126613617,0.3152465522289276,0.5521532297134399,-0.01573215052485466,0.26188597083091736,0.39320892095565796,-0.0633913204073906,0.28058117628097534,0.5712448358535767,0.08318658918142319,0.247795969247818,0.4006293714046478,0.04443616420030594,0.28117647767066956,0.5800180435180664,0.08942081034183502,0.24295346438884735,0.3928576707839966,0.04942592605948448,0.27487337589263916,0.5705583095550537,0.07774880528450012,0.24581274390220642,0.3962528109550476,0.032573577016592026,0.2735721170902252,0.5644522309303284,0.0808061808347702,0.24944908916950226,0.40120065212249756,0.04100591689348221,0.31780779361724854,0.3990406394004822,0.030430560931563377,0.29820460081100464,0.3649466931819916,-0.030639979988336563,0.2886871099472046,0.43313509225845337,0.14515146613121033,0.24525973200798035,0.40251100063323975,0.02282920479774475,0.2823302447795868,0.3516288995742798,0.26900237798690796,0.2592480182647705,0.31992748379707336,0.15892469882965088,0.28228288888931274,0.3356802761554718,0.2841794192790985,0.2651214599609375,0.30972394347190857,0.17634853720664978,0.2722434997558594,0.33368802070617676,0.2937897741794586,0.248254656791687,0.2986961007118225,0.192955881357193
0345,./images/114/frame_00345.jpg,Fall,0.2626666724681854,0.5396617650985718,-0.18420767784118652,0.2661456763744354,0.5473937392234802,-0.195504829287529,0.26838457584381104,0.5488548874855042,-0.1954643428325653,0.270347535610199,0.5500760674476624,-0.19549204409122467,0.2612287402153015,0.541376531124115,-0.19527651369571686,0.2599474787712097,0.5384085178375244,-0.19536693394184113,0.25871583819389343,0.5360279083251953,-0.19543522596359253,0.27561289072036743,0.5422371029853821,-0.19609248638153076,0.25790664553642273,0.5156547427177429,-0.19536247849464417,0.2726207375526428,0.5368289351463318,-0.17911747097969055,0.2649047374725342,0.528173565864563,-0.17892257869243622,0.3034251630306244,0.5283336043357849,-0.12396258115768433,0.2603549063205719,0.44967782497406006,-0.1742209494113922,0.3069441616535187,0.5456584692001343,-0.011670166626572609,0.2635380029678345,0.3878975808620453,-0.07924957573413849,0.27752771973609924,0.5699579119682312,0.08434341102838516,0.24733474850654602,0.3891811668872833,0.026995141059160233,0.27770113945007324,0.5785887241363525,0.09054400026798248,0.24158187210559845,0.3793434500694275,0.03723740577697754,0.27159395813941956,0.5692236423492432,0.07809705287218094,0.24391064047813416,0.3859785795211792,0.019803177565336227,0.27020472288131714,0.5630254745483398,0.08174863457679749,0.24774715304374695,0.3914184272289276,0.0243263877928257,0.3178260326385498,0.3991851806640625,0.031576402485370636,0.29854893684387207,0.36545872688293457,-0.031772490590810776,0.2881065011024475,0.4302229583263397,0.10132931172847748,0.24618403613567352,0.39907708764076233,0.0023596766404807568,0.28161880373954773,0.3400461971759796,0.20556464791297913,0.2603360712528229,0.3213230073451996,0.13502053916454315,0.28116247057914734,0.3271191418170929,0.2184349000453949,0.2663092315196991,0.31353074312210083,0.15175914764404297,0.2718239426612854,0.3102579712867737,0.22002148628234863,0.25332120060920715,0.29826176166534424,0.16349777579307556
0346,./images/114/frame_00346.jpg,Fall,0.26147839426994324,0.5392552018165588,-0.16763606667518616,0.2651152014732361,0.547166109085083,-0.18069735169410706,0.2672217786312103,0.5489153265953064,-0.18066911399364471,0.26920217275619507,0.5502200126647949,-0.18069709837436676,0.26038140058517456,0.5407828092575073,-0.18088528513908386,0.25912994146347046,0.5378912091255188,-0.18096736073493958,0.2581813931465149,0.5352928638458252,-0.18104340136051178,0.27484434843063354,0.5424694418907166,-0.1895030438899994,0.2576008439064026,0.519429087638855,-0.19333206117153168,0.27238649129867554,0.5367798209190369,-0.16456721723079681,0.2639518976211548,0.5275890231132507,-0.16482457518577576,0.3032049238681793,0.5283100605010986,-0.12113592773675919,0.26128312945365906,0.4498620331287384,-0.16031061112880707,0.30794650316238403,0.5406990051269531,-0.013843494467437267,0.27086037397384644,0.3896861672401428,-0.05030059069395065,0.2765487730503082,0.5694702863693237,0.08183170855045319,0.26025262475013733,0.39297613501548767,0.07217930257320404,0.2743600010871887,0.5784928798675537,0.08627092838287354,0.25584590435028076,0.3845442533493042,0.08118049800395966,0.2692941427230835,0.5691495537757874,0.07482437789440155,0.2585013210773468,0.38834521174430847,0.06332212686538696,0.2688732147216797,0.5625124573707581,0.07925163209438324,0.2615059018135071,0.39514219760894775,0.06880784034729004,0.3178708553314209,0.39918527007102966,0.027393415570259094,0.2983165681362152,0.3645429313182831,-0.02755095064640045,0.2879623472690582,0.46800875663757324,0.10822280496358871,0.24685685336589813,0.39929744601249695,0.006108148489147425,0.28020039200782776,0.3917452394962311,0.23991377651691437,0.25383251905441284,0.3198070228099823,0.1427096426486969,0.2800843119621277,0.3786565661430359,0.2555326223373413,0.2583797574043274,0.3124748170375824,0.15974098443984985,0.27059176564216614,0.3769437074661255,0.2618955671787262,0.24178549647331238,0.2991013526916504,0.17178703844547272
0347,./images/114/frame_00347.jpg,Fall,0.2612212300300598,0.5389639735221863,-0.13877126574516296,0.2648373246192932,0.5468287467956543,-0.153015598654747,0.2669740915298462,0.5486536026000977,-0.15295997262001038,0.26887255907058716,0.5500516891479492,-0.1529851257801056,0.26032689213752747,0.540277361869812,-0.15289655327796936,0.25917917490005493,0.537363588809967,-0.15296900272369385,0.25815486907958984,0.5348062515258789,-0.15302661061286926,0.274605393409729,0.5424569249153137,-0.16949619352817535,0.25740283727645874,0.5185587406158447,-0.1695663183927536,0.271701455116272,0.5365049242973328,-0.13925370573997498,0.2648835778236389,0.527216374874115,-0.13922737538814545,0.3057243227958679,0.5248363614082336,-0.11211571842432022,0.26161855459213257,0.45136019587516785,-0.14909014105796814,0.3052693009376526,0.5273237228393555,-0.0035980609245598316,0.2716624438762665,0.3893893361091614,-0.036755211651325226,0.2741319239139557,0.5569494962692261,0.09777826815843582,0.26238352060317993,0.39986011385917664,0.08716006577014923,0.27097806334495544,0.5653387308120728,0.10364788770675659,0.25818589329719543,0.39488542079925537,0.09619340300559998,0.26649031043052673,0.5580528378486633,0.09300673753023148,0.2612582743167877,0.4008627235889435,0.07715997099876404,0.26660358905792236,0.5527485609054565,0.0955306738615036,0.2641236484050751,0.40596821904182434,0.08330740034580231,0.3182245194911957,0.3985449969768524,0.02337765507400036,0.2982800602912903,0.3643037974834442,-0.023506175726652145,0.28833475708961487,0.4838447570800781,0.10127468407154083,0.24817052483558655,0.397311270236969,0.010167372412979603,0.28076764941215515,0.4217318594455719,0.23848089575767517,0.2538088858127594,0.31882452964782715,0.1530713587999344,0.28021717071533203,0.4099515378475189,0.25458720326423645,0.2577790319919586,0.3100079894065857,0.1705784797668457,0.2720803916454315,0.41430234909057617,0.26280465722084045,0.24238164722919464,0.30014923214912415,0.18347764015197754
0348,./images/114/frame_00348.jpg,Fall,0.264431357383728,0.5391311049461365,-0.13886308670043945,0.2651747763156891,0.5471099615097046,-0.1545179784297943,0.26720282435417175,0.5489566326141357,-0.15442931652069092,0.26901954412460327,0.5503853559494019,-0.15441128611564636,0.26099130511283875,0.5405239462852478,-0.1548105925321579,0.2599271833896637,0.5377307534217834,-0.15488378703594208,0.25890016555786133,0.5353114008903503,-0.1549246609210968,0.2746738791465759,0.5429625511169434,-0.1743929088115692,0.2592267394065857,0.5220605731010437,-0.17633725702762604,0.2720107436180115,0.536766767501831,-0.14101411402225494,0.26687997579574585,0.5269998908042908,-0.1414295732975006,0.30642110109329224,0.5243226289749146,-0.12352470308542252,0.2613973021507263,0.4565556049346924,-0.15065565705299377,0.3063730001449585,0.5075829029083252,-0.0236052218824625,0.2745533585548401,0.3937010169029236,-0.042484529316425323,0.28220173716545105,0.5388792157173157,0.07357244938611984,0.2702624201774597,0.39947929978370667,0.058447033166885376,0.279517263174057,0.5472378730773926,0.07632298767566681,0.26760655641555786,0.3944030702114105,0.06320822983980179,0.27564412355422974,0.5426924228668213,0.06888918578624725,0.271580308675766,0.39988386631011963,0.048899706453084946,0.27567705512046814,0.5382324457168579,0.07211357355117798,0.27354252338409424,0.4047825336456299,0.05624988675117493,0.31938469409942627,0.3986601233482361,0.017494013532996178,0.29766470193862915,0.36512696743011475,-0.01757972128689289,0.30029556155204773,0.5206884145736694,0.07168613374233246,0.2465873658657074,0.42700624465942383,0.010881218127906322,0.2808220386505127,0.522771418094635,0.17500083148479462,0.24865694344043732,0.3903738558292389,0.14803294837474823,0.28014546632766724,0.5148308873176575,0.18605157732963562,0.2522614896297455,0.3812980651855469,0.16328606009483337,0.27192848920822144,0.548429548740387,0.17399826645851135,0.2400726079940796,0.3938541114330292,0.16536664962768555
0349,./images/114/frame_00349.jpg,Fall,0.265580952167511,0.5376220345497131,-0.14166536927223206,0.2678956687450409,0.546398937702179,-0.1550162136554718,0.26961252093315125,0.5478430986404419,-0.15481507778167725,0.27133017778396606,0.5490794777870178,-0.15471728146076202,0.263496458530426,0.5404626727104187,-0.15654213726520538,0.26194971799850464,0.5375121831893921,-0.15661205351352692,0.26089659333229065,0.5349369645118713,-0.15666785836219788,0.2759435772895813,0.5423691868782043,-0.18112100660800934,0.26075440645217896,0.5227749943733215,-0.17752794921398163,0.2739350199699402,0.5352957248687744,-0.14345891773700714,0.26907283067703247,0.5268727540969849,-0.1418766975402832,0.30708417296409607,0.5182429552078247,-0.12795451283454895,0.2619154155254364,0.45885324478149414,-0.15305529534816742,0.30648472905158997,0.49937325716018677,-0.02377581037580967,0.2717580199241638,0.4034380316734314,-0.04835771769285202,0.2863226532936096,0.5288835763931274,0.07230130583047867,0.2668256163597107,0.41350123286247253,0.06034190207719803,0.2840879559516907,0.5352283716201782,0.07532532513141632,0.2638554573059082,0.4098525047302246,0.06774197518825531,0.2795366942882538,0.5312415361404419,0.06637048721313477,0.267825186252594,0.41412603855133057,0.046179354190826416,0.2794570326805115,0.5280089378356934,0.07037272304296494,0.2701053321361542,0.4177788496017456,0.05534655600786209,0.3200245499610901,0.39900118112564087,0.013899247162044048,0.2968541383743286,0.36888691782951355,-0.014039565809071064,0.3027068078517914,0.5224714279174805,0.06994615495204926,0.24694204330444336,0.4285336434841156,0.0053769322112202644,0.2824142575263977,0.5043700933456421,0.18566040694713593,0.2496979683637619,0.3745163381099701,0.13917124271392822,0.28069576621055603,0.494947612285614,0.19859042763710022,0.25335830450057983,0.36237573623657227,0.15419410169124603,0.27350693941116333,0.5201366543769836,0.19255927205085754,0.24026422202587128,0.3731713891029358,0.15565259754657745
0350,./images/114/frame_00350.jpg,Fall,0.26948267221450806,0.537793755531311,-0.1642773449420929,0.2713896632194519,0.5462887287139893,-0.17875581979751587,0.27294066548347473,0.5472625494003296,-0.17862635850906372,0.2748839557170868,0.5482951402664185,-0.1785978525876999,0.26681047677993774,0.540425717830658,-0.17595311999320984,0.26545748114585876,0.537902295589447,-0.1760362684726715,0.2643055319786072,0.5358384847640991,-0.17609402537345886,0.2778043746948242,0.5408644080162048,-0.19374284148216248,0.2607828676700592,0.5219086408615112,-0.18134064972400665,0.2771545946598053,0.534754753112793,-0.16452524065971375,0.27016034722328186,0.5278850793838501,-0.16068406403064728,0.3068271577358246,0.510530412197113,-0.1324135661125183,0.26203373074531555,0.46495580673217773,-0.15423670411109924,0.307070791721344,0.49242570996284485,-0.024668386206030846,0.2705274224281311,0.41315799951553345,-0.044868215918540955,0.2850319743156433,0.5259486436843872,0.06991047412157059,0.2689867615699768,0.4221664071083069,0.06543506681919098,0.2826550304889679,0.5329578518867493,0.07274822890758514,0.2672010660171509,0.4190077781677246,0.07316749542951584,0.2779235243797302,0.5285444259643555,0.06252127885818481,0.2718173861503601,0.4198867082595825,0.04962380602955818,0.2779635190963745,0.5254651308059692,0.06748008728027344,0.273715078830719,0.4227207899093628,0.05976013094186783,0.3200138211250305,0.3985530436038971,0.014495393261313438,0.2959882616996765,0.3727801442146301,-0.014702146872878075,0.30208009481430054,0.5149580240249634,0.05677990987896919,0.24719688296318054,0.43013229966163635,-0.009645460173487663,0.2831283211708069,0.47569453716278076,0.19078510999679565,0.25135448575019836,0.35938987135887146,0.12612074613571167,0.28089144825935364,0.46561017632484436,0.20615069568157196,0.25508230924606323,0.34641703963279724,0.14166250824928284,0.2765447199344635,0.47840210795402527,0.20753085613250732,0.24190664291381836,0.35066333413124084,0.14593450725078583
0351,./images/114/frame_00351.jpg,Fall,0.26940110325813293,0.5401773452758789,-0.18144430220127106,0.27167266607284546,0.5465096235275269,-0.19742238521575928,0.27353131771087646,0.5474305748939514,-0.1973346322774887,0.2753201425075531,0.5483616590499878,-0.1973411589860916,0.26712483167648315,0.5416082143783569,-0.19477123022079468,0.26586320996284485,0.539477527141571,-0.1948661208152771,0.2643606662750244,0.537469208240509,-0.19493485987186432,0.27910342812538147,0.5406596660614014,-0.21322357654571533,0.2623041868209839,0.5238045454025269,-0.2021486759185791,0.27791839838027954,0.5350738167762756,-0.18162769079208374,0.2695181667804718,0.5300768613815308,-0.17850378155708313,0.30835431814193726,0.51079261302948,-0.15242227911949158,0.2594139873981476,0.46363478899002075,-0.17525969445705414,0.30715516209602356,0.4927184283733368,-0.0500931516289711,0.2701907753944397,0.4077455699443817,-0.065939761698246,0.2846374809741974,0.5263159275054932,0.03919212520122528,0.2685776352882385,0.4217149615287781,0.03978443518280983,0.2823420464992523,0.5348882079124451,0.03761237859725952,0.2662537395954132,0.4161665737628937,0.04442116245627403,0.27742379903793335,0.5297419428825378,0.02731512114405632,0.2714743912220001,0.4128972887992859,0.020422976464033127,0.27733114361763,0.5254594683647156,0.03625405207276344,0.2737419605255127,0.41525712609291077,0.0334450826048851,0.31990689039230347,0.39848145842552185,0.01548854261636734,0.2942882180213928,0.3730773627758026,-0.0156740490347147,0.29967522621154785,0.5007904171943665,0.10940302908420563,0.25008153915405273,0.43275412917137146,0.024065595120191574,0.2835005819797516,0.4522976875305176,0.2822823226451874,0.252361536026001,0.3790317177772522,0.1939500868320465,0.28093817830085754,0.44136932492256165,0.301201730966568,0.25625696778297424,0.3669464588165283,0.21330659091472626,0.27694717049598694,0.4532333016395569,0.3028724491596222,0.2425498217344284,0.3810221254825592,0.21723611652851105
0352,./images/114/frame_00352.jpg,Fall,0.27060064673423767,0.5431759357452393,-0.1747150719165802,0.2711380124092102,0.5478262305259705,-0.1913803070783615,0.2730756998062134,0.5485309362411499,-0.19130751490592957,0.2748698890209198,0.5491585731506348,-0.19132539629936218,0.26668745279312134,0.5437330603599548,-0.18871301412582397,0.2653156518936157,0.5415337681770325,-0.18879590928554535,0.2639988958835602,0.5396016240119934,-0.18887487053871155,0.27920040488243103,0.5408416986465454,-0.2095683366060257,0.2627386450767517,0.5263632535934448,-0.1983633190393448,0.27778804302215576,0.5365514755249023,-0.1754387617111206,0.2688341438770294,0.5342347025871277,-0.17239254713058472,0.3084332048892975,0.5115258693695068,-0.1559949368238449,0.2586379051208496,0.4648934602737427,-0.1726115643978119,0.3076098561286926,0.49713408946990967,-0.053401630371809006,0.2698049545288086,0.40655770897865295,-0.0647200345993042,0.28400808572769165,0.5309736132621765,0.038655977696180344,0.2687206566333771,0.4182793200016022,0.04007173329591751,0.28171971440315247,0.5384958982467651,0.03697434812784195,0.26593250036239624,0.414522260427475,0.044541701674461365,0.2767059803009033,0.5344027876853943,0.027782108634710312,0.27094703912734985,0.41350606083869934,0.022955622524023056,0.27665266394615173,0.5279332399368286,0.036252688616514206,0.27362266182899475,0.4156060814857483,0.03456982970237732,0.31984785199165344,0.3982362151145935,0.012537064962089062,0.29363054037094116,0.3753933012485504,-0.01271809171885252,0.30311885476112366,0.46276381611824036,0.12825587391853333,0.2582729160785675,0.4307273030281067,0.061222802847623825,0.28802576661109924,0.41714638471603394,0.3074180483818054,0.2528274953365326,0.36937370896339417,0.2349783182144165,0.28540948033332825,0.40681397914886475,0.32841116189956665,0.2564105987548828,0.35874298214912415,0.25558334589004517,0.281553715467453,0.4208627939224243,0.33455169200897217,0.2430911511182785,0.3714623749256134,0.2624497711658478
0353,./images/114/frame_00353.jpg,Fall,0.26948654651641846,0.5446690320968628,-0.19710353016853333,0.2703976035118103,0.5486593246459961,-0.21240992844104767,0.27230891585350037,0.5494385361671448,-0.21234798431396484,0.2741169333457947,0.5501503944396973,-0.21237149834632874,0.2659439444541931,0.5439783334732056,-0.21082766354084015,0.26465505361557007,0.5416449904441833,-0.21090999245643616,0.2633935511112213,0.5395652055740356,-0.21098211407661438,0.2789764106273651,0.5416384935379028,-0.22340354323387146,0.26126736402511597,0.5247880816459656,-0.21713440120220184,0.2767964005470276,0.53693026304245,-0.19497022032737732,0.2675217092037201,0.5346791744232178,-0.19328773021697998,0.30868595838546753,0.5167163014411926,-0.16285169124603271,0.2592921257019043,0.4638189673423767,-0.18177856504917145,0.307858407497406,0.5106175541877747,-0.04912039637565613,0.2705813944339752,0.4020692706108093,-0.0701432079076767,0.2823181748390198,0.5462936162948608,0.051710110157728195,0.26820990443229675,0.41094648838043213,0.030713927000761032,0.28041213750839233,0.5560663342475891,0.052029259502887726,0.2645849883556366,0.4056433439254761,0.035449083894491196,0.2749285101890564,0.5481792688369751,0.041684698313474655,0.2694765627384186,0.40685269236564636,0.013368355110287666,0.2743969261646271,0.5421979427337646,0.04919365420937538,0.2722480893135071,0.4104432761669159,0.025077098980545998,0.32027918100357056,0.39973872900009155,0.012162593193352222,0.29388219118118286,0.3744518756866455,-0.012291248887777328,0.30534353852272034,0.47173306345939636,0.13642077147960663,0.25843334197998047,0.42837393283843994,0.06966881453990936,0.2888747453689575,0.4457622170448303,0.3190663754940033,0.252360463142395,0.3686675727367401,0.2468871772289276,0.28663748502731323,0.4354345202445984,0.3398561179637909,0.25443461537361145,0.3586066663265228,0.2674853205680847,0.2804745137691498,0.4587424695491791,0.3417399525642395,0.24227437376976013,0.37177014350891113,0.2695736289024353
0354,./images/114/frame_00354.jpg,Fall,0.26845496892929077,0.545408308506012,-0.21759459376335144,0.270253986120224,0.5487031936645508,-0.23368880152702332,0.2720726728439331,0.5495669841766357,-0.23362024128437042,0.2740541994571686,0.5505231022834778,-0.23362691700458527,0.2657834589481354,0.543825089931488,-0.2308659851551056,0.2643888294696808,0.5413957834243774,-0.23093800246715546,0.26317378878593445,0.5393089652061462,-0.2310188114643097,0.27867943048477173,0.5419299006462097,-0.24340295791625977,0.2599427402019501,0.5237311124801636,-0.23176956176757812,0.2765197157859802,0.5368734002113342,-0.2144734114408493,0.2697232663631439,0.5345215201377869,-0.21117791533470154,0.3088889718055725,0.517593264579773,-0.1788862943649292,0.25929826498031616,0.46264317631721497,-0.1924043595790863,0.3084127604961395,0.5111888647079468,-0.06638505309820175,0.27003273367881775,0.3987334072589874,-0.08725717663764954,0.2835440933704376,0.5450509190559387,0.03555617853999138,0.27101534605026245,0.39648324251174927,0.003919658251106739,0.2825149893760681,0.554297924041748,0.036199189722537994,0.26844730973243713,0.3879672884941101,0.007868638262152672,0.27669158577919006,0.545193612575531,0.02893846295773983,0.27328211069107056,0.38879045844078064,-0.013991741463541985,0.27587202191352844,0.539626955986023,0.03460558131337166,0.2756537199020386,0.39384692907333374,-0.0018876073881983757,0.3200097680091858,0.4037463366985321,0.011974984779953957,0.2939838767051697,0.3740394711494446,-0.012107452377676964,0.30343303084373474,0.4793764352798462,0.17289994657039642,0.2608177661895752,0.391462504863739,0.10966656357049942,0.29210028052330017,0.45719319581985474,0.35413336753845215,0.25888070464134216,0.32503923773765564,0.2945203483104706,0.29375386238098145,0.4452061653137207,0.3742505609989166,0.2628100514411926,0.3127702474594116,0.3155049979686737,0.2795657515525818,0.47473251819610596,0.37544959783554077,0.24460062384605408,0.3206709921360016,0.31635618209838867
0355,./images/114/frame_00355.jpg,Fall,0.26786547899246216,0.545430064201355,-0.19591577351093292,0.27016493678092957,0.5486081838607788,-0.21137599647045135,0.2719370722770691,0.5495493412017822,-0.21131305396556854,0.27396470308303833,0.5506371259689331,-0.21132738888263702,0.2657029330730438,0.5436005592346191,-0.20974767208099365,0.26427656412124634,0.541143536567688,-0.20982249081134796,0.26307088136672974,0.5390287637710571,-0.2099020928144455,0.27868548035621643,0.5422409772872925,-0.22255253791809082,0.26173970103263855,0.5240725874900818,-0.21570606529712677,0.2763241231441498,0.5367939472198486,-0.193684384226799,0.2703247368335724,0.5335630178451538,-0.19179989397525787,0.3086843490600586,0.5227194428443909,-0.16029664874076843,0.26078861951828003,0.4592227041721344,-0.1836473047733307,0.30843061208724976,0.5331406593322754,-0.060317326337099075,0.2735576331615448,0.3913271129131317,-0.07971569895744324,0.28116804361343384,0.5525278449058533,0.05583756044507027,0.27290672063827515,0.3882444202899933,0.01436721719801426,0.2803697884082794,0.5608405470848083,0.057773225009441376,0.26975786685943604,0.37920325994491577,0.01797596924006939,0.27498769760131836,0.5501116514205933,0.04948275908827782,0.27418333292007446,0.3820801079273224,-0.003760973457247019,0.27400195598602295,0.5445172786712646,0.05454670265316963,0.27672815322875977,0.38720762729644775,0.008613552898168564,0.3198516368865967,0.4057340919971466,0.012430277653038502,0.29435572028160095,0.3739358186721802,-0.012531873770058155,0.3030591309070587,0.47704166173934937,0.1654723584651947,0.2608563005924225,0.3954503834247589,0.08466585725545883,0.2929806113243103,0.4341736137866974,0.3486274778842926,0.25962328910827637,0.3280138373374939,0.25190210342407227,0.29496532678604126,0.4194234609603882,0.36891475319862366,0.2640044093132019,0.3148670792579651,0.271124005317688,0.2800808548927307,0.4484238028526306,0.36922070384025574,0.244142085313797,0.32449397444725037,0.2698574662208557
0356,./images/114/frame_00356.jpg,Fall,0.2675543427467346,0.5450818538665771,-0.1848013997077942,0.27059751749038696,0.5485311150550842,-0.19946521520614624,0.27233678102493286,0.549518883228302,-0.19942045211791992,0.27435413002967834,0.5506535172462463,-0.19945140182971954,0.2661023437976837,0.5434414148330688,-0.198309987783432,0.2646506428718567,0.5409628748893738,-0.1983838975429535,0.26339858770370483,0.5388314723968506,-0.19844599068164825,0.27902889251708984,0.5423434972763062,-0.21069331467151642,0.26270967721939087,0.5241504907608032,-0.20552988350391388,0.2764509618282318,0.5367410182952881,-0.1827763170003891,0.27080056071281433,0.5326032638549805,-0.18142099678516388,0.3085314631462097,0.5239380598068237,-0.1571638286113739,0.26192933320999146,0.45734766125679016,-0.17162379622459412,0.31287461519241333,0.5407088398933411,-0.05609844997525215,0.27415695786476135,0.3919582664966583,-0.06384995579719543,0.28063252568244934,0.5529179573059082,0.05882483720779419,0.27131277322769165,0.39250263571739197,0.03703046962618828,0.2791154384613037,0.5607576370239258,0.06092444807291031,0.26780498027801514,0.38553550839424133,0.04181072488427162,0.2740107774734497,0.5507280826568604,0.05064517259597778,0.27194899320602417,0.39051318168640137,0.02121352218091488,0.27336442470550537,0.5454109907150269,0.056729622185230255,0.27456870675086975,0.3954354226589203,0.03184302896261215,0.32071471214294434,0.40542057156562805,0.013262699358165264,0.29443877935409546,0.37305089831352234,-0.013373245485126972,0.30426454544067383,0.48061683773994446,0.1482912302017212,0.2599063515663147,0.3972466289997101,0.06884072721004486,0.29460951685905457,0.443191796541214,0.3144964575767517,0.25894874334335327,0.32896000146865845,0.23173093795776367,0.29548710584640503,0.4310013949871063,0.3333736062049866,0.26233580708503723,0.3162717819213867,0.2505587339401245,0.28271809220314026,0.4540776014328003,0.33462056517601013,0.24399223923683167,0.328169047832489,0.25215432047843933
0357,./images/114/frame_00357.jpg,Fall,0.27124637365341187,0.5453139543533325,-0.21420744061470032,0.2720337510108948,0.5492134690284729,-0.23023629188537598,0.2738761305809021,0.5500996708869934,-0.23017394542694092,0.2756716012954712,0.5510006546974182,-0.23019203543663025,0.26749399304389954,0.5446175336837769,-0.2274864912033081,0.26592376828193665,0.542210578918457,-0.2275666445493698,0.26463377475738525,0.54017573595047,-0.227643221616745,0.2800266444683075,0.542367696762085,-0.2396196871995926,0.2624525725841522,0.5241137742996216,-0.22839856147766113,0.2778339087963104,0.5371334552764893,-0.2109416276216507,0.2721054255962372,0.5321755409240723,-0.20777399837970734,0.30962514877319336,0.5233614444732666,-0.17648985981941223,0.26106947660446167,0.45714911818504333,-0.18621417880058289,0.3132466673851013,0.5365898013114929,-0.0612933412194252,0.2740384042263031,0.3903875946998596,-0.07897941023111343,0.28572148084640503,0.5439890623092651,0.04114117473363876,0.2714456021785736,0.3853761553764343,0.014791970141232014,0.28514784574508667,0.55279940366745,0.04106855392456055,0.2680986225605011,0.3770825266838074,0.01796608604490757,0.27983027696609497,0.5430958867073059,0.03186850622296333,0.27259737253189087,0.3785030245780945,-0.0034198351204395294,0.27886825799942017,0.5373531579971313,0.039432816207408905,0.2751903235912323,0.3833249509334564,0.009134719148278236,0.32071027159690857,0.40527817606925964,0.011718150228261948,0.29419949650764465,0.3727385699748993,-0.011812514625489712,0.30510011315345764,0.4784036874771118,0.1639273464679718,0.26147180795669556,0.4036993384361267,0.09861147403717041,0.2972952127456665,0.4421130418777466,0.3547237515449524,0.25903505086898804,0.3501938581466675,0.26684316992759705,0.29802802205085754,0.4287499785423279,0.3758999705314636,0.2622147500514984,0.33860766887664795,0.2859293222427368,0.2871783375740051,0.4514118731021881,0.37383130192756653,0.24522700905799866,0.3565211296081543,0.2812667787075043
0358,./images/114/frame_00358.jpg,Fall,0.27032405138015747,0.5456481575965881,-0.2040397822856903,0.2725236713886261,0.5492730736732483,-0.22064349055290222,0.2743011713027954,0.5501718521118164,-0.22057576477527618,0.27619948983192444,0.5511242151260376,-0.22058486938476562,0.26786309480667114,0.5446137189865112,-0.21881529688835144,0.2662668824195862,0.5422138571739197,-0.21888992190361023,0.26494741439819336,0.5402071475982666,-0.21895840764045715,0.2806118130683899,0.5425107479095459,-0.2332375943660736,0.26214367151260376,0.5238803029060364,-0.2260924130678177,0.2781180143356323,0.5370785593986511,-0.20158779621124268,0.2724628746509552,0.5320901870727539,-0.1995692402124405,0.31044796109199524,0.523284912109375,-0.17247387766838074,0.26105254888534546,0.4577593505382538,-0.1871713548898697,0.3133823275566101,0.5362185835838318,-0.05773365497589111,0.27370724081993103,0.39071324467658997,-0.08501432836055756,0.28523337841033936,0.5352557897567749,0.036237992346286774,0.2715584635734558,0.384563148021698,0.0019875045400112867,0.28416335582733154,0.5435323119163513,0.034839384257793427,0.26857370138168335,0.3757475018501282,0.0024089482612907887,0.27898144721984863,0.5351606011390686,0.025316715240478516,0.27275604009628296,0.3770234286785126,-0.018468691036105156,0.27824729681015015,0.529460608959198,0.034093860536813736,0.27519288659095764,0.3817709982395172,-0.0037823424208909273,0.3210366666316986,0.4052233099937439,0.01075954269617796,0.29427045583724976,0.3726617097854614,-0.01086805947124958,0.30754411220550537,0.47843724489212036,0.17681880295276642,0.2608484923839569,0.403809130191803,0.11677747964859009,0.3004581332206726,0.4528288245201111,0.36850184202194214,0.25920170545578003,0.35502010583877563,0.30900776386260986,0.3015797734260559,0.4421418607234955,0.38965505361557007,0.26228806376457214,0.3446987271308899,0.33074337244033813,0.2895778715610504,0.4695685803890228,0.39129555225372314,0.24712872505187988,0.3600338399410248,0.33440327644348145
0359,./images/114/frame_00359.jpg,Fall,0.27015137672424316,0.5454767942428589,-0.1651417762041092,0.27329397201538086,0.5492344498634338,-0.18159237504005432,0.27496635913848877,0.5501546263694763,-0.18150672316551208,0.2768036723136902,0.5511327981948853,-0.18150141835212708,0.2687959671020508,0.5445402264595032,-0.18002699315547943,0.2672745883464813,0.5421628952026367,-0.18009141087532043,0.2659936845302582,0.5401804447174072,-0.18013499677181244,0.280891090631485,0.5425946712493896,-0.20101051032543182,0.2622164189815521,0.523659348487854,-0.19453750550746918,0.2787255644798279,0.5370604991912842,-0.1660033017396927,0.2732399106025696,0.5318316221237183,-0.16421909630298615,0.31018292903900146,0.5234920978546143,-0.14940308034420013,0.2612308859825134,0.4599384665489197,-0.1644890010356903,0.3119034171104431,0.5393883585929871,-0.0503411591053009,0.27324622869491577,0.4032174050807953,-0.05597926303744316,0.2798810601234436,0.5480818152427673,0.04160870984196663,0.2708580195903778,0.40922003984451294,0.04657738655805588,0.2762446999549866,0.5565306544303894,0.04269075393676758,0.2678796947002411,0.405019074678421,0.05041508004069328,0.27137598395347595,0.5485275983810425,0.03413371369242668,0.2721816897392273,0.40786421298980713,0.03037046454846859,0.2717578113079071,0.5430500507354736,0.04101474955677986,0.2745562195777893,0.410950243473053,0.04176706448197365,0.3217528164386749,0.4051285684108734,0.010479200631380081,0.2939125895500183,0.37258195877075195,-0.01061920914798975,0.3157903552055359,0.49230724573135376,0.15961256623268127,0.26071977615356445,0.4242638349533081,0.09155489504337311,0.3025752902030945,0.4692249298095703,0.3142698407173157,0.25908103585243225,0.3816724121570587,0.26448166370391846,0.30183127522468567,0.4594745337963104,0.33188506960868835,0.26183077692985535,0.3706474304199219,0.28414738178253174,0.29378896951675415,0.4852353036403656,0.3313097655773163,0.24938742816448212,0.3896341919898987,0.2874906063079834
0360,./images/114/frame_00360.jpg,Fall,0.2701234221458435,0.5459678173065186,-0.16678838431835175,0.2739364802837372,0.5492322444915771,-0.18528728187084198,0.2755465507507324,0.5501664876937866,-0.18520864844322205,0.277407169342041,0.5511886477470398,-0.1852095127105713,0.2694040834903717,0.54451984167099,-0.18301722407341003,0.2678154408931732,0.5421594381332397,-0.18308547139167786,0.26654618978500366,0.5402370095252991,-0.18314284086227417,0.2812228500843048,0.5428966879844666,-0.2040550708770752,0.2642516493797302,0.5260432958602905,-0.197831392288208,0.2791483998298645,0.5370824337005615,-0.16810443997383118,0.2736749053001404,0.5316299200057983,-0.16542869806289673,0.31081855297088623,0.5230923295021057,-0.15640905499458313,0.26290562748908997,0.4620482623577118,-0.16682949662208557,0.31411656737327576,0.5199951529502869,-0.05108164623379707,0.27104270458221436,0.40525758266448975,-0.06068187952041626,0.28280109167099,0.5312612652778625,0.03697815164923668,0.2709527313709259,0.40738052129745483,0.03423446789383888,0.27983173727989197,0.5405558943748474,0.034018199890851974,0.26816460490226746,0.40255820751190186,0.03209781274199486,0.2750979959964752,0.5346797108650208,0.02456999383866787,0.2721993923187256,0.40499147772789,0.011357610113918781,0.2753155827522278,0.5286755561828613,0.034678928554058075,0.27458932995796204,0.4083258807659149,0.028090989217162132,0.32191720604896545,0.4050835967063904,0.009976369328796864,0.29402101039886475,0.374752014875412,-0.01011743675917387,0.31379935145378113,0.49014952778816223,0.1689041703939438,0.26170334219932556,0.43287932872772217,0.10790605843067169,0.3046795427799225,0.4654391407966614,0.3527352213859558,0.26711133122444153,0.3800239562988281,0.293966144323349,0.3044436573982239,0.45391225814819336,0.37379175424575806,0.27069786190986633,0.3682651221752167,0.3149215877056122,0.29594483971595764,0.47675377130508423,0.38241663575172424,0.2584086060523987,0.3843558132648468,0.32407981157302856
0361,./images/114/frame_00361.jpg,Fall,0.2712284326553345,0.5471053719520569,-0.17605885863304138,0.2751474678516388,0.5493804812431335,-0.1983151137828827,0.2769396901130676,0.5503531694412231,-0.19823023676872253,0.2785586416721344,0.551318883895874,-0.19822090864181519,0.27044153213500977,0.5448710918426514,-0.19372832775115967,0.2686440050601959,0.542626678943634,-0.19379518926143646,0.2673395276069641,0.5409529209136963,-0.19385632872581482,0.28195860981941223,0.5431125164031982,-0.22674179077148438,0.2635616660118103,0.525787889957428,-0.21024644374847412,0.2807641923427582,0.5376715064048767,-0.1804860383272171,0.27479344606399536,0.5315774083137512,-0.1748192310333252,0.3120080530643463,0.5218847393989563,-0.1815272718667984,0.26347240805625916,0.46735432744026184,-0.17457978427410126,0.3138459324836731,0.49488991498947144,-0.07552005350589752,0.2699991762638092,0.40568679571151733,-0.07619953900575638,0.29191532731056213,0.512307345867157,0.006604887545108795,0.2751351594924927,0.3947642147541046,-9.324659185949713e-05,0.2906959354877472,0.5204792618751526,0.00029555149376392365,0.27370619773864746,0.3871329426765442,-0.003912271000444889,0.2860279083251953,0.5150443315505981,-0.008411290124058723,0.2774505019187927,0.3857038617134094,-0.024678634479641914,0.2855730354785919,0.5092877149581909,0.00418984517455101,0.2792668640613556,0.3892781138420105,-0.006409510038793087,0.32201436161994934,0.4049876630306244,0.005445384420454502,0.2940758764743805,0.37753286957740784,-0.005601164884865284,0.3139178156852722,0.4877406656742096,0.18071632087230682,0.2630898952484131,0.43419092893600464,0.1339520812034607,0.30781030654907227,0.45905864238739014,0.3820050358772278,0.2709977328777313,0.3816263973712921,0.3352719247341156,0.30754929780960083,0.44948750734329224,0.4050430357456207,0.2743549346923828,0.37006279826164246,0.35770726203918457,0.30030179023742676,0.4739202857017517,0.4169413447380066,0.26369908452033997,0.38633888959884644,0.36912107467651367
0362,./images/114/frame_00362.jpg,Fall,0.271847665309906,0.5480599403381348,-0.1768302023410797,0.2754376232624054,0.5495573282241821,-0.19883078336715698,0.2772365212440491,0.5505290627479553,-0.1987430900335312,0.2788441777229309,0.5514510869979858,-0.1987346112728119,0.2708205580711365,0.5452145338058472,-0.1941714882850647,0.26910850405693054,0.5430840253829956,-0.19423159956932068,0.26780983805656433,0.541513204574585,-0.19428181648254395,0.2824185788631439,0.5432012677192688,-0.22916623950004578,0.2634594738483429,0.5257204174995422,-0.21335414052009583,0.2812417149543762,0.5378469228744507,-0.18050208687782288,0.27519136667251587,0.5315070748329163,-0.17530329525470734,0.31234094500541687,0.5220934152603149,-0.18271465599536896,0.2631734013557434,0.46666547656059265,-0.1774606555700302,0.30748608708381653,0.5027400255203247,-0.07000522315502167,0.27062493562698364,0.4046723246574402,-0.07681478559970856,0.28738850355148315,0.5332344770431519,0.020987926051020622,0.2763684391975403,0.38935357332229614,-0.00492698373273015,0.2860463261604309,0.5462785363197327,0.01511961966753006,0.27431055903434753,0.380948543548584,-0.009577522054314613,0.28172916173934937,0.5394225716590881,0.005863630678504705,0.27849727869033813,0.3803529441356659,-0.031720466911792755,0.2809521555900574,0.53123939037323,0.018371636047959328,0.2805623412132263,0.3839878439903259,-0.01187903806567192,0.32226303219795227,0.4045591652393341,0.004214690998196602,0.29433417320251465,0.37773144245147705,-0.004359881859272718,0.3141205608844757,0.4820701479911804,0.18352706730365753,0.2660365104675293,0.436296671628952,0.14893773198127747,0.31045788526535034,0.45016878843307495,0.3954792320728302,0.27286818623542786,0.3871055245399475,0.3557993173599243,0.3102124333381653,0.4411686062812805,0.41982871294021606,0.27585846185684204,0.3762928545475006,0.37909001111984253,0.30415287613868713,0.4660927355289459,0.4302913248538971,0.26619479060173035,0.39329245686531067,0.389549195766449
0363,./images/114/frame_00363.jpg,Fall,0.2756063938140869,0.5469846725463867,-0.1713811755180359,0.2764074206352234,0.5495880842208862,-0.1942705512046814,0.2779885232448578,0.5505284070968628,-0.19417645037174225,0.2795303463935852,0.5514472723007202,-0.1941654086112976,0.27170148491859436,0.5453771948814392,-0.1889677196741104,0.27021968364715576,0.5434362888336182,-0.18902499973773956,0.26869210600852966,0.5418621301651001,-0.18907007575035095,0.2827606499195099,0.5432011485099792,-0.22597253322601318,0.26593703031539917,0.5282810926437378,-0.20758549869060516,0.2819060981273651,0.5378267168998718,-0.17600275576114655,0.27617067098617554,0.5314407348632812,-0.16963240504264832,0.31207478046417236,0.5215368270874023,-0.18384724855422974,0.26202020049095154,0.466508686542511,-0.17261193692684174,0.30732277035713196,0.5205713510513306,-0.07721439003944397,0.26948410272598267,0.40592923760414124,-0.06271029263734818,0.2879267930984497,0.5590259432792664,0.02107347920536995,0.27517861127853394,0.397979199886322,0.009219421073794365,0.2874411940574646,0.5719406008720398,0.015003664419054985,0.27279773354530334,0.3922806680202484,-0.008495068177580833,0.2823597490787506,0.5641850829124451,0.00639767711982131,0.2769254744052887,0.3923060894012451,-0.027112508192658424,0.28135061264038086,0.5564548969268799,0.018710488453507423,0.2791352868080139,0.3947294354438782,0.0012358810054138303,0.3225709795951843,0.4041670560836792,0.001703527756035328,0.29425519704818726,0.37763163447380066,-0.0018741351086646318,0.31685152649879456,0.47610151767730713,0.17662040889263153,0.26678982377052307,0.43541887402534485,0.15048757195472717,0.3136112689971924,0.44995635747909546,0.38175755739212036,0.2729295790195465,0.39239031076431274,0.3516954779624939,0.31318220496177673,0.4399498403072357,0.4057311415672302,0.27580446004867554,0.3822573721408844,0.3745737373828888,0.3075806796550751,0.46330806612968445,0.41739422082901,0.2666035592556,0.4016469419002533,0.38613536953926086
0364,./images/114/frame_00364.jpg,Fall,0.27626675367355347,0.5450341105461121,-0.1778952181339264,0.2766043543815613,0.5495284199714661,-0.20059266686439514,0.2781562805175781,0.5504944920539856,-0.2005017101764679,0.27971139550209045,0.5514348149299622,-0.2004937380552292,0.27182966470718384,0.545247495174408,-0.19695007801055908,0.27041345834732056,0.5434064269065857,-0.1970129907131195,0.2688654959201813,0.5418235063552856,-0.19706547260284424,0.282939612865448,0.5432218313217163,-0.22962240874767303,0.2667153775691986,0.5279821753501892,-0.2159983366727829,0.2820044159889221,0.5376542210578918,-0.1813749372959137,0.2760213613510132,0.5308919548988342,-0.1767561286687851,0.31207534670829773,0.5247558355331421,-0.18112412095069885,0.26205411553382874,0.4660317003726959,-0.18133261799812317,0.3118945062160492,0.5495805740356445,-0.07512180507183075,0.27044206857681274,0.405485063791275,-0.07508716732263565,0.2862810492515564,0.5696007013320923,0.01556019764393568,0.27451246976852417,0.39849579334259033,0.0019728676415979862,0.2856052815914154,0.5809831619262695,0.00952811911702156,0.27210527658462524,0.39246779680252075,-0.003820472862571478,0.28104108572006226,0.5715916752815247,-0.000378526485292241,0.27633458375930786,0.39323699474334717,-0.024524521082639694,0.2798600494861603,0.564085841178894,0.012540171854197979,0.27851420640945435,0.39596349000930786,-0.004520691465586424,0.32307717204093933,0.4043554961681366,0.002180262003093958,0.2944042980670929,0.3772598206996918,-0.0022615722846239805,0.3171637952327728,0.4766007661819458,0.1804649978876114,0.26580435037612915,0.43392184376716614,0.13958010077476501,0.31318774819374084,0.4492535889148712,0.38218119740486145,0.2714698314666748,0.388563334941864,0.33774182200431824,0.3129565119743347,0.439105361700058,0.4053271412849426,0.2748803496360779,0.37780898809432983,0.36011120676994324,0.30602914094924927,0.4620920419692993,0.41558900475502014,0.263592392206192,0.39706939458847046,0.37136712670326233
0365,./images/114/frame_00365.jpg,Fall,0.27531105279922485,0.5470343232154846,-0.18567845225334167,0.27652549743652344,0.5497049689292908,-0.2075577676296234,0.27814605832099915,0.5507169365882874,-0.20746847987174988,0.279672771692276,0.551658570766449,-0.20745782554149628,0.27194613218307495,0.5455463528633118,-0.2044678032398224,0.2706317603588104,0.5438152551651001,-0.20452852547168732,0.2691231966018677,0.5422586798667908,-0.20456500351428986,0.28291577100753784,0.5435864329338074,-0.23444890975952148,0.2674058675765991,0.5298500657081604,-0.22185461223125458,0.28198009729385376,0.5376685857772827,-0.18751482665538788,0.27595463395118713,0.5308905243873596,-0.18374618887901306,0.3122186064720154,0.524818480014801,-0.185318261384964,0.26369601488113403,0.4643864631652832,-0.1846289336681366,0.3118439018726349,0.5443099737167358,-0.07698556780815125,0.27211958169937134,0.3999808728694916,-0.08578230440616608,0.2861238121986389,0.5614134073257446,0.013438346795737743,0.2760692834854126,0.37916678190231323,-0.016544099897146225,0.2852484881877899,0.5722640752792358,0.006669027265161276,0.2733966112136841,0.3689470887184143,-0.023021455854177475,0.2805221974849701,0.5635507702827454,-0.0032631992362439632,0.2777577042579651,0.3688371777534485,-0.04368681088089943,0.2795359492301941,0.5565791726112366,0.010455429553985596,0.2798379063606262,0.37335729598999023,-0.02309136651456356,0.32302841544151306,0.4080144166946411,0.0034834309481084347,0.2944185435771942,0.3778042197227478,-0.0035942737013101578,0.31575679779052734,0.4784241020679474,0.1841777265071869,0.26787978410720825,0.4422290325164795,0.1542288362979889,0.31110092997550964,0.452541321516037,0.3994641900062561,0.27211830019950867,0.4045630991458893,0.3582141101360321,0.31104499101638794,0.44224655628204346,0.42362499237060547,0.27474671602249146,0.3947121202945709,0.3808477520942688,0.304046630859375,0.4704527258872986,0.4271807074546814,0.26581451296806335,0.4172048270702362,0.3851904273033142
0366,./images/114/frame_00366.jpg,Fall,0.2742452025413513,0.5438459515571594,-0.16449502110481262,0.2764023244380951,0.5494447350502014,-0.18136192858219147,0.2780797481536865,0.5505857467651367,-0.1812698394060135,0.2795645296573639,0.5516428351402283,-0.18123838305473328,0.27171117067337036,0.5450599193572998,-0.18058620393276215,0.270362913608551,0.5433403253555298,-0.18062742054462433,0.2688998281955719,0.5418684482574463,-0.18062785267829895,0.2828126847743988,0.5437986850738525,-0.20411893725395203,0.2674577832221985,0.5293944478034973,-0.20109014213085175,0.2816353440284729,0.5368614792823792,-0.1662852168083191,0.2757861316204071,0.5302274823188782,-0.16537532210350037,0.3127467632293701,0.5252217650413513,-0.16584357619285583,0.2642863392829895,0.462297260761261,-0.16554707288742065,0.31687578558921814,0.5408905744552612,-0.0780869722366333,0.27472734451293945,0.3985101878643036,-0.08136288821697235,0.2893029749393463,0.5612630844116211,0.008188076317310333,0.2809271216392517,0.3821050822734833,-0.004586783703416586,0.2875010669231415,0.57147616147995,0.003971565049141645,0.27960607409477234,0.37361663579940796,-0.0066228522919118404,0.2835262715816498,0.5609695911407471,-0.004157268907874823,0.2842780649662018,0.374897301197052,-0.0272594653069973,0.2829722464084625,0.5540453195571899,0.006050398573279381,0.28546765446662903,0.3791564106941223,-0.010428233072161674,0.3234935402870178,0.41012150049209595,0.0036813258193433285,0.2942347526550293,0.37773755192756653,-0.0037534746807068586,0.31559327244758606,0.49717408418655396,0.12808309495449066,0.26841968297958374,0.4554153382778168,0.12638528645038605,0.3052079677581787,0.5112695097923279,0.29375702142715454,0.2688184380531311,0.45563066005706787,0.2923513948917389,0.30492669343948364,0.5058367848396301,0.31038936972618103,0.2686932384967804,0.44980981945991516,0.30934596061706543,0.2964816093444824,0.5436146855354309,0.28975722193717957,0.26401084661483765,0.48016470670700073,0.2930225133895874
0367,./images/114/frame_00367.jpg,Fall,0.2740340232849121,0.5423352718353271,-0.14104041457176208,0.27621641755104065,0.5493744611740112,-0.1581815630197525,0.2778880000114441,0.5505814552307129,-0.15810100734233856,0.27945324778556824,0.551669716835022,-0.15806546807289124,0.27165690064430237,0.5447040796279907,-0.15750005841255188,0.27033519744873047,0.5429028272628784,-0.1575556993484497,0.2689850926399231,0.5413784384727478,-0.15757393836975098,0.2830221652984619,0.544211208820343,-0.1839769184589386,0.26789042353630066,0.5290482640266418,-0.18119372427463531,0.28149980306625366,0.5365817546844482,-0.14419536292552948,0.2757047712802887,0.5288817882537842,-0.14341118931770325,0.31302759051322937,0.5248416662216187,-0.14717021584510803,0.26495012640953064,0.4602559506893158,-0.1534695029258728,0.32186996936798096,0.542048454284668,-0.07410937547683716,0.2751777172088623,0.3986101746559143,-0.06721924245357513,0.2989972233772278,0.5591835975646973,0.015466812066733837,0.2792077660560608,0.3893832266330719,0.019519280642271042,0.2983950674533844,0.5689837336540222,0.01161933969706297,0.2773841321468353,0.3832090198993683,0.022244038060307503,0.2941012382507324,0.5613687634468079,0.0023281562607735395,0.28176647424697876,0.38786575198173523,0.0026461612433195114,0.29316985607147217,0.5549235343933105,0.013241802342236042,0.2833704352378845,0.3919622600078583,0.014346161857247353,0.3241843283176422,0.40891367197036743,0.005145138595253229,0.2947007119655609,0.37629660964012146,-0.005142020061612129,0.3150666058063507,0.5085543990135193,0.1253649890422821,0.2675941586494446,0.4577700197696686,0.08983249217271805,0.3009665906429291,0.5162800550460815,0.2779519855976105,0.26863884925842285,0.44283315539360046,0.24883008003234863,0.30096134543418884,0.509182870388031,0.2934114933013916,0.26871392130851746,0.43439173698425293,0.26536279916763306,0.2913227677345276,0.547626256942749,0.27874502539634705,0.2630842328071594,0.46263372898101807,0.25607818365097046
0368,./images/114/frame_00368.jpg,Fall,0.27422791719436646,0.541571855545044,-0.1418519914150238,0.27613896131515503,0.5493000149726868,-0.15965037047863007,0.2778014838695526,0.5505759716033936,-0.15957726538181305,0.27934885025024414,0.5517146587371826,-0.15954801440238953,0.2715640962123871,0.544105052947998,-0.15828092396259308,0.2702321410179138,0.542061984539032,-0.1583370715379715,0.2688957154750824,0.5402476191520691,-0.15835896134376526,0.28317949175834656,0.5444765090942383,-0.186622753739357,0.26751142740249634,0.5284579992294312,-0.18067166209220886,0.2814245820045471,0.5364742875099182,-0.1450570523738861,0.2756038010120392,0.5284246802330017,-0.14334459602832794,0.3140971064567566,0.5247389078140259,-0.15032389760017395,0.26478904485702515,0.4570523500442505,-0.1504073441028595,0.3234563171863556,0.541655421257019,-0.07180800288915634,0.27487725019454956,0.3987056314945221,-0.05887642502784729,0.30209988355636597,0.5574033260345459,0.016269275918602943,0.2782544493675232,0.4010635018348694,0.03155817091464996,0.3014447093009949,0.5674561858177185,0.012373337522149086,0.276187539100647,0.3969089388847351,0.03402112424373627,0.2966802716255188,0.5596391558647156,0.003530333284288645,0.280648410320282,0.4020063579082489,0.015227395109832287,0.29568618535995483,0.5531678795814514,0.014170398004353046,0.28242015838623047,0.4057639241218567,0.026611903682351112,0.32415109872817993,0.4064235985279083,0.005405053496360779,0.2946796119213104,0.3748645484447479,-0.0054187290370464325,0.3149529695510864,0.5056385397911072,0.1270800530910492,0.2680707275867462,0.45124027132987976,0.10055337101221085,0.300903856754303,0.5117213129997253,0.287260502576828,0.26963821053504944,0.43856409192085266,0.27321693301200867,0.3010222613811493,0.5041532516479492,0.30388143658638,0.27025869488716125,0.43046578764915466,0.2915169596672058,0.2910270392894745,0.5448338985443115,0.29302215576171875,0.2653340697288513,0.4620697498321533,0.2863548696041107
0369,./images/114/frame_00369.jpg,Fall,0.2740512490272522,0.5417127013206482,-0.13604411482810974,0.27581220865249634,0.5493543148040771,-0.15302374958992004,0.27753737568855286,0.5507041811943054,-0.1529569923877716,0.27916839718818665,0.5519409775733948,-0.15292620658874512,0.27125880122184753,0.5440922379493713,-0.15267986059188843,0.2699728310108185,0.5420098304748535,-0.1527368128299713,0.26860108971595764,0.5401059985160828,-0.15275661647319794,0.28322911262512207,0.5446527004241943,-0.18003514409065247,0.2673225998878479,0.5283709764480591,-0.17870216071605682,0.28121083974838257,0.5367200970649719,-0.13952003419399261,0.2753133177757263,0.5284309983253479,-0.1392022669315338,0.3142513930797577,0.5219135284423828,-0.14594042301177979,0.2646535038948059,0.4561062753200531,-0.15072277188301086,0.32260239124298096,0.5162599086761475,-0.06869201362133026,0.27768898010253906,0.3980887830257416,-0.0691375732421875,0.3059673607349396,0.5472549200057983,0.01723725162446499,0.2808409333229065,0.3908523619174957,0.0034000470768660307,0.30698877573013306,0.5578711032867432,0.013415174558758736,0.2791464924812317,0.3834882974624634,0.0033415891230106354,0.30181482434272766,0.5539802312850952,0.0053736260160803795,0.2827414870262146,0.3886013925075531,-0.013482424430549145,0.3000797629356384,0.5471023321151733,0.015553099103271961,0.2842446565628052,0.3934568762779236,-0.0014887353172525764,0.3240862488746643,0.40415433049201965,0.005433931481093168,0.29468581080436707,0.37410447001457214,-0.005428061354905367,0.3147428631782532,0.5078623294830322,0.1240633949637413,0.2693790793418884,0.44999513030052185,0.10180474817752838,0.2963200509548187,0.5250129103660583,0.2826605439186096,0.26964807510375977,0.4471246600151062,0.2727198600769043,0.29603132605552673,0.5186734199523926,0.2986067235469818,0.27032092213630676,0.4412417411804199,0.29044175148010254,0.2856671214103699,0.5613086223602295,0.28099945187568665,0.26621106266975403,0.4701782763004303,0.27913638949394226
0370,./images/114/frame_00370.jpg,Fall,0.27423402667045593,0.5396034717559814,-0.13453719019889832,0.2757538855075836,0.5486226081848145,-0.15135087072849274,0.27746087312698364,0.5501606464385986,-0.15127991139888763,0.279098778963089,0.5515714883804321,-0.15125374495983124,0.2712162137031555,0.5428881645202637,-0.1514205038547516,0.26991671323776245,0.540681004524231,-0.1514819860458374,0.26855045557022095,0.5383219718933105,-0.15150411427021027,0.2835405766963959,0.5445252656936646,-0.1782429963350296,0.26712676882743835,0.5272852778434753,-0.1787593513727188,0.28112947940826416,0.5351399183273315,-0.1380905956029892,0.2752498984336853,0.526762068271637,-0.1382877379655838,0.31496661901474,0.5208694934844971,-0.14303964376449585,0.26473695039749146,0.45545047521591187,-0.15166226029396057,0.32374459505081177,0.5088356733322144,-0.06226959079504013,0.27790024876594543,0.3984217345714569,-0.06917484104633331,0.307574063539505,0.5322672724723816,0.01831413246691227,0.28048840165138245,0.3911433219909668,0.005499896127730608,0.3081698417663574,0.5395867824554443,0.015152854844927788,0.2786863446235657,0.38386934995651245,0.008489558473229408,0.30308061838150024,0.5364773869514465,0.008350059390068054,0.2821844518184662,0.3886190950870514,-0.007185598369687796,0.3014799952507019,0.531147837638855,0.0170718003064394,0.2837545871734619,0.39354366064071655,0.0018254000460729003,0.32414519786834717,0.4030885100364685,0.005583253689110279,0.2946908473968506,0.3739132881164551,-0.0055219694040715694,0.3146226108074188,0.5063202381134033,0.11763051897287369,0.26974403858184814,0.4517490267753601,0.09572730213403702,0.2942051291465759,0.528863787651062,0.2704624831676483,0.2695236802101135,0.45593032240867615,0.25946706533432007,0.2936251163482666,0.5236667394638062,0.2856183350086212,0.270069420337677,0.4507870674133301,0.2762671113014221,0.2838212847709656,0.5656343102455139,0.2658427357673645,0.26566311717033386,0.4801385700702667,0.2619222402572632
0371,./images/114/frame_00371.jpg,Fall,0.27421313524246216,0.5398454666137695,-0.1389876902103424,0.27567416429519653,0.548606276512146,-0.15622392296791077,0.27741700410842896,0.5501655340194702,-0.15615962445735931,0.2790580689907074,0.5516242384910583,-0.15613429248332977,0.2711942195892334,0.5427420735359192,-0.155788853764534,0.269867867231369,0.5405066609382629,-0.15585079789161682,0.2685275673866272,0.538192093372345,-0.15588247776031494,0.2835584282875061,0.5447403788566589,-0.18366286158561707,0.26702412962913513,0.5272533297538757,-0.1820615828037262,0.2810843586921692,0.5351672172546387,-0.14254392683506012,0.2751937806606293,0.5268487930297852,-0.1421678364276886,0.3148716390132904,0.5208797454833984,-0.14726659655570984,0.26488587260246277,0.45543769001960754,-0.1538952887058258,0.3238103687763214,0.5157542824745178,-0.06260809302330017,0.2777758538722992,0.39866647124290466,-0.08203424513339996,0.3093215227127075,0.5307276248931885,0.01900603249669075,0.2819119095802307,0.3836762309074402,-0.01766999438405037,0.3107048273086548,0.5378459692001343,0.015711655840277672,0.2807440161705017,0.3747917115688324,-0.019926907494664192,0.30562663078308105,0.5343353152275085,0.008500205352902412,0.28384119272232056,0.3781728446483612,-0.03724700212478638,0.30371689796447754,0.5284807682037354,0.017539631575345993,0.28513631224632263,0.38308021426200867,-0.022971823811531067,0.32412460446357727,0.402641624212265,0.005293970927596092,0.2942189872264862,0.37279659509658813,-0.005246615968644619,0.31365150213241577,0.5040918588638306,0.12895432114601135,0.2697879672050476,0.45002514123916626,0.10950624942779541,0.29488900303840637,0.5158072113990784,0.29436320066452026,0.2691126763820648,0.4461171329021454,0.2783587574958801,0.2947636544704437,0.5095030665397644,0.3113279640674591,0.2694088816642761,0.4402448534965515,0.2944168150424957,0.2846878468990326,0.5477728247642517,0.2951841652393341,0.26516103744506836,0.4671276807785034,0.2813147008419037
0372,./images/114/frame_00372.jpg,Fall,0.2731524109840393,0.5427143573760986,-0.13793779909610748,0.2753463387489319,0.550236165523529,-0.15600177645683289,0.27704209089279175,0.5518379211425781,-0.15594470500946045,0.27864834666252136,0.5533833503723145,-0.15592804551124573,0.27094143629074097,0.544253945350647,-0.15467944741249084,0.2697541117668152,0.541525661945343,-0.1547383964061737,0.26840782165527344,0.5391456484794617,-0.1547757238149643,0.2836512625217438,0.5458301305770874,-0.1844833940267563,0.26549777388572693,0.5251220464706421,-0.17935584485530853,0.2808900773525238,0.5376002788543701,-0.14169028401374817,0.27507930994033813,0.5288253426551819,-0.14023785293102264,0.315049946308136,0.5217922329902649,-0.148992121219635,0.2651787996292114,0.45556843280792236,-0.15111756324768066,0.324605256319046,0.5120888352394104,-0.05775011330842972,0.27400869131088257,0.39840224385261536,-0.08068250864744186,0.3076252341270447,0.5293110609054565,0.028455272316932678,0.28268274664878845,0.38375771045684814,-0.009557802230119705,0.3085050880908966,0.5356996059417725,0.025077924132347107,0.2812468409538269,0.37467461824417114,-0.01174173690378666,0.3033362925052643,0.5305963754653931,0.016150258481502533,0.28485363721847534,0.377044141292572,-0.030608665198087692,0.30159950256347656,0.525003969669342,0.026339415460824966,0.28640028834342957,0.38205137848854065,-0.015430246479809284,0.32444822788238525,0.40229442715644836,0.003967293072491884,0.2953549921512604,0.37333250045776367,-0.003932437393814325,0.31216055154800415,0.4960359036922455,0.1391509622335434,0.2709917426109314,0.44954240322113037,0.12839075922966003,0.2962664067745209,0.49391478300094604,0.3182768225669861,0.27045774459838867,0.4402243196964264,0.3133333623409271,0.297575443983078,0.4840644896030426,0.33663350343704224,0.27095159888267517,0.43396487832069397,0.33271703124046326,0.2856716215610504,0.5271776914596558,0.32390862703323364,0.26637834310531616,0.45756620168685913,0.32514074444770813
0373,./images/114/frame_00373.jpg,Fall,0.27314409613609314,0.5441778898239136,-0.13435551524162292,0.27491486072540283,0.5511397123336792,-0.15243132412433624,0.27671629190444946,0.5526255965232849,-0.1523647904396057,0.2783460319042206,0.554206907749176,-0.15233668684959412,0.2707018256187439,0.5449984669685364,-0.15152142941951752,0.26957157254219055,0.5424268245697021,-0.15156525373458862,0.2682512104511261,0.5400890707969666,-0.15157775580883026,0.28362956643104553,0.5466960072517395,-0.1831659972667694,0.26544636487960815,0.524423360824585,-0.17931702733039856,0.2805933654308319,0.5393709540367126,-0.13900862634181976,0.2748938202857971,0.5305622220039368,-0.13797269761562347,0.31502872705459595,0.5226320028305054,-0.1499553769826889,0.2652605175971985,0.4569392204284668,-0.15143486857414246,0.3248562812805176,0.5083988308906555,-0.06088998168706894,0.2759307026863098,0.3975588381290436,-0.07991782575845718,0.306773841381073,0.5196478366851807,0.02536875009536743,0.28545838594436646,0.38124990463256836,-0.010362187400460243,0.30692824721336365,0.5246441960334778,0.022471725940704346,0.2847663462162018,0.3724082410335541,-0.011239146813750267,0.30196326971054077,0.5199764370918274,0.015210291370749474,0.28862932324409485,0.37443414330482483,-0.029032206162810326,0.30055639147758484,0.5150108933448792,0.023879945278167725,0.28968364000320435,0.37934768199920654,-0.01572384312748909,0.32475560903549194,0.4029049873352051,0.0022912498097866774,0.2945854067802429,0.3725126087665558,-0.002241953741759062,0.31216809153556824,0.49475038051605225,0.13620993494987488,0.2761772871017456,0.4486871361732483,0.12947362661361694,0.29325735569000244,0.5137200355529785,0.3084547221660614,0.272329717874527,0.4604673683643341,0.30571290850639343,0.2930905222892761,0.508030891418457,0.32532066106796265,0.27204519510269165,0.4571528136730194,0.32395654916763306,0.28189629316329956,0.5527223944664001,0.3054993152618408,0.2700025737285614,0.4885074198246002,0.3178540766239166
0374,./images/114/frame_00374.jpg,Fall,0.273712694644928,0.5446529984474182,-0.13884493708610535,0.27500709891319275,0.5516224503517151,-0.15690261125564575,0.2768147587776184,0.553033173084259,-0.1568286418914795,0.2784799337387085,0.554612934589386,-0.15680067241191864,0.2707548439502716,0.5454117655754089,-0.15577396750450134,0.2695997655391693,0.5429425835609436,-0.15582087635993958,0.26825276017189026,0.540657103061676,-0.15583498775959015,0.2842160165309906,0.5470940470695496,-0.18634279072284698,0.26548975706100464,0.5239327549934387,-0.1818484365940094,0.28067106008529663,0.5399824976921082,-0.14314749836921692,0.2749175727367401,0.5312341451644897,-0.14187666773796082,0.3151044547557831,0.5225597023963928,-0.1507633924484253,0.2652314603328705,0.45764121413230896,-0.15316100418567657,0.3242819309234619,0.5118957161903381,-0.06404978781938553,0.277664452791214,0.3977462649345398,-0.07871242612600327,0.304781049489975,0.525169849395752,0.02579294703900814,0.2863801121711731,0.38025176525115967,-0.006399376783519983,0.30275413393974304,0.5317644476890564,0.023188605904579163,0.28552761673927307,0.3712441027164459,-0.010242229327559471,0.2981404662132263,0.5267956852912903,0.015219703316688538,0.2896202504634857,0.3720465302467346,-0.028778111562132835,0.29762691259384155,0.5213343501091003,0.024078119546175003,0.2906617522239685,0.37674543261528015,-0.011898184195160866,0.32480114698410034,0.4011017978191376,0.0025157888885587454,0.29396212100982666,0.37183910608291626,-0.0024808705784380436,0.3126893639564514,0.49475666880607605,0.12501725554466248,0.276096910238266,0.45189979672431946,0.12486608326435089,0.2922552824020386,0.5159055590629578,0.2874245047569275,0.27185386419296265,0.4707973003387451,0.28803443908691406,0.2911263108253479,0.5103678107261658,0.30343395471572876,0.27175047993659973,0.4672773480415344,0.3044573962688446,0.2814585566520691,0.5538780093193054,0.2813458740711212,0.2692651152610779,0.5014957189559937,0.28697627782821655
0375,./images/114/frame_00375.jpg,Fall,0.27450817823410034,0.5447562336921692,-0.13626542687416077,0.27544528245925903,0.5515640377998352,-0.1544891744852066,0.2771865725517273,0.5529891848564148,-0.1544240564107895,0.27899059653282166,0.5545699000358582,-0.15440405905246735,0.2711164355278015,0.5454304218292236,-0.15293392539024353,0.26990726590156555,0.5430097579956055,-0.1529858410358429,0.2684829831123352,0.5407617688179016,-0.15301530063152313,0.2847076654434204,0.5470448136329651,-0.18478867411613464,0.2654702663421631,0.5237258672714233,-0.17845675349235535,0.28083744645118713,0.5399549007415771,-0.14086325466632843,0.27526500821113586,0.5313642024993896,-0.13907167315483093,0.3150769770145416,0.521539032459259,-0.15100067853927612,0.2652301490306854,0.45898786187171936,-0.15037935972213745,0.32551413774490356,0.5060717463493347,-0.06404571235179901,0.27291038632392883,0.3981000781059265,-0.07807693630456924,0.30886727571487427,0.5279406905174255,0.02465122379362583,0.28558748960494995,0.3810250461101532,-0.007617979310452938,0.3051953911781311,0.5310479998588562,0.02121748961508274,0.2848956882953644,0.372416615486145,-0.008979099802672863,0.3002946376800537,0.5260674953460693,0.013712477870285511,0.2890560030937195,0.37272122502326965,-0.02746863290667534,0.2992658317089081,0.520352840423584,0.022953618317842484,0.29017263650894165,0.37707337737083435,-0.013210596516728401,0.32479044795036316,0.3979765474796295,0.0014769904082641006,0.29373788833618164,0.373825341463089,-0.0014583076117560267,0.31167367100715637,0.4854414165019989,0.12667132914066315,0.2770378887653351,0.452950119972229,0.1260281503200531,0.29348891973495483,0.4937434792518616,0.29404085874557495,0.2764659821987152,0.4634590148925781,0.29442909359931946,0.29259389638900757,0.48655450344085693,0.3109802305698395,0.27669772505760193,0.45863381028175354,0.31149908900260925,0.28546661138534546,0.5284848213195801,0.2950640022754669,0.27541425824165344,0.4917052090167999,0.2971738576889038
0376,./images/114/frame_00376.jpg,Fall,0.27477914094924927,0.5449011921882629,-0.13447727262973785,0.27563685178756714,0.551613450050354,-0.15166237950325012,0.2773970365524292,0.5529851913452148,-0.15160058438777924,0.2791804373264313,0.5545505285263062,-0.15158729255199432,0.2712542414665222,0.5454651117324829,-0.15122926235198975,0.26999783515930176,0.5430681109428406,-0.151288703083992,0.26853063702583313,0.540820837020874,-0.15131956338882446,0.2848890423774719,0.5470173954963684,-0.17889969050884247,0.26570138335227966,0.5238335728645325,-0.17735041677951813,0.2809101343154907,0.540012001991272,-0.1381174623966217,0.2752912640571594,0.5315012335777283,-0.13767069578170776,0.3152567148208618,0.5211915969848633,-0.14234568178653717,0.2652125656604767,0.45937347412109375,-0.14908155798912048,0.32505112886428833,0.5030010938644409,-0.05079256370663643,0.273303747177124,0.3981282114982605,-0.0678129643201828,0.3071039617061615,0.5253998041152954,0.03696773946285248,0.2841280400753021,0.38834965229034424,0.01384520810097456,0.3049468696117401,0.5314220786094666,0.0343644954264164,0.2828952670097351,0.38149189949035645,0.015911154448986053,0.29981204867362976,0.527124285697937,0.02586744725704193,0.2872333228588104,0.3832201659679413,-0.0019058797042816877,0.2985849976539612,0.5215145349502563,0.03486872464418411,0.28861865401268005,0.3872084319591522,0.008900592103600502,0.3248438835144043,0.39735981822013855,0.0022018924355506897,0.2936946451663971,0.37523511052131653,-0.0021673045121133327,0.3114882707595825,0.485946923494339,0.11861400306224823,0.2758662700653076,0.4604334235191345,0.11171146482229233,0.29479512572288513,0.48748981952667236,0.280087411403656,0.27687638998031616,0.464529424905777,0.2745952606201172,0.29387396574020386,0.4793151915073395,0.29638633131980896,0.27779704332351685,0.4583137035369873,0.29144537448883057,0.2880149781703949,0.5193389654159546,0.2794494032859802,0.27563101053237915,0.4923965036869049,0.2783832848072052
0377,./images/114/frame_00377.jpg,Fall,0.27510035037994385,0.5448987483978271,-0.1353949010372162,0.2758761942386627,0.5515368580818176,-0.15095123648643494,0.2776378095149994,0.5529618263244629,-0.15088924765586853,0.2793797552585602,0.5545341372489929,-0.15088845789432526,0.27155742049217224,0.5454297661781311,-0.15089938044548035,0.2703052759170532,0.543042778968811,-0.15096883475780487,0.2688648998737335,0.5408045649528503,-0.151003897190094,0.285029798746109,0.5468766689300537,-0.17348098754882812,0.26690274477005005,0.5259304046630859,-0.17359505593776703,0.2810448706150055,0.5399531722068787,-0.1380615383386612,0.2755711078643799,0.53150475025177,-0.1379842907190323,0.31559908390045166,0.5211648344993591,-0.13299259543418884,0.26564672589302063,0.46003833413124084,-0.1460629254579544,0.324471116065979,0.5149758458137512,-0.038533154875040054,0.27524733543395996,0.40885624289512634,-0.05356450006365776,0.3046523928642273,0.5271386504173279,0.05229105427861214,0.2792547643184662,0.4106789827346802,0.04780728369951248,0.30277442932128906,0.5333096981048584,0.051327746361494064,0.27665844559669495,0.4056095480918884,0.05302867293357849,0.2978823184967041,0.5285161137580872,0.0404738113284111,0.27957040071487427,0.40848594903945923,0.03604932129383087,0.29698631167411804,0.5221615433692932,0.04937378317117691,0.28152742981910706,0.4119725227355957,0.043886203318834305,0.3249218165874481,0.3976995348930359,0.004515728913247585,0.293705016374588,0.37679752707481384,-0.004508397076278925,0.3115825057029724,0.48694920539855957,0.09406273066997528,0.27335864305496216,0.4742739498615265,0.08542316406965256,0.2963440716266632,0.479756236076355,0.245843768119812,0.27852123975753784,0.46389028429985046,0.2366492748260498,0.29445332288742065,0.4704451560974121,0.261532187461853,0.2806472182273865,0.4552922248840332,0.2524755597114563,0.29123932123184204,0.5064874291419983,0.24927234649658203,0.27791184186935425,0.4890408515930176,0.24341349303722382
0378,./images/114/frame_00378.jpg,Fall,0.2756059765815735,0.5442497134208679,-0.13881196081638336,0.276368647813797,0.5510062575340271,-0.15111705660820007,0.2781769037246704,0.5526552200317383,-0.15105566382408142,0.27995744347572327,0.5543535947799683,-0.15106293559074402,0.27187520265579224,0.5446545481681824,-0.15196329355239868,0.2705133557319641,0.5421869158744812,-0.1520642340183258,0.2689806818962097,0.5398789644241333,-0.15209650993347168,0.2856484651565552,0.5468060374259949,-0.17776453495025635,0.267037034034729,0.5258968472480774,-0.1760633885860443,0.28135961294174194,0.5394152998924255,-0.1394362896680832,0.27575355768203735,0.5308515429496765,-0.13978320360183716,0.31615033745765686,0.5213422179222107,-0.13611730933189392,0.26563408970832825,0.45988577604293823,-0.14673635363578796,0.3244023621082306,0.5348430871963501,-0.043118204921483994,0.27620741724967957,0.4215136766433716,-0.052143264561891556,0.304983913898468,0.5413822531700134,0.053364552557468414,0.2751217782497406,0.4273220896720886,0.05312463641166687,0.30247414112091064,0.5401560068130493,0.05307772755622864,0.2718760371208191,0.42276108264923096,0.05899006873369217,0.2976387143135071,0.5349426865577698,0.04225494712591171,0.27380532026290894,0.42614567279815674,0.04265741631388664,0.2969069182872772,0.5302768349647522,0.050748247653245926,0.27604609727859497,0.4297787547111511,0.04969162121415138,0.3252753019332886,0.3978738486766815,0.005743319634348154,0.293687641620636,0.37675827741622925,-0.005739322863519192,0.31882911920547485,0.4920678436756134,0.08815417438745499,0.2716684937477112,0.4741309583187103,0.07550740987062454,0.2982535660266876,0.48250114917755127,0.2358289211988449,0.27829957008361816,0.4651672840118408,0.22501179575920105,0.2947467863559723,0.47412729263305664,0.2510952055454254,0.28043144941329956,0.456522673368454,0.2403491735458374,0.2922447621822357,0.5113222599029541,0.2382436990737915,0.27798783779144287,0.4893796145915985,0.23003263771533966
0379,./images/114/frame_00379.jpg,Fall,0.2759783864021301,0.5442376732826233,-0.14025738835334778,0.2767416536808014,0.550990104675293,-0.15178921818733215,0.2785707116127014,0.5526368021965027,-0.1517426073551178,0.28037571907043457,0.5543417930603027,-0.15176698565483093,0.2721865773200989,0.5446287989616394,-0.15246324241161346,0.27077439427375793,0.5421562790870667,-0.15258580446243286,0.26918989419937134,0.5398451685905457,-0.152620330452919,0.2860592007637024,0.5467959046363831,-0.1797666847705841,0.268330454826355,0.5256434679031372,-0.1771799474954605,0.28167596459388733,0.5393935441970825,-0.14087562263011932,0.2760257422924042,0.5308021306991577,-0.1407027244567871,0.3163266181945801,0.5217234492301941,-0.13804227113723755,0.26574042439460754,0.4600985646247864,-0.14493921399116516,0.3245421051979065,0.5370875597000122,-0.04711980000138283,0.2769315540790558,0.41638320684432983,-0.05183712765574455,0.3058772683143616,0.5409320592880249,0.045814357697963715,0.2766041159629822,0.4162163734436035,0.04307832568883896,0.30436843633651733,0.5402088761329651,0.044215813279151917,0.27427148818969727,0.41097962856292725,0.047636549919843674,0.29967981576919556,0.5350558161735535,0.03408975154161453,0.2754208445549011,0.4139189124107361,0.029152762144804,0.29883643984794617,0.5305543541908264,0.043323684483766556,0.27694833278656006,0.4174081087112427,0.03845292329788208,0.32553502917289734,0.3980705738067627,0.003461889224126935,0.29375091195106506,0.3766433298587799,-0.0034540235064923763,0.31915757060050964,0.49627044796943665,0.08701110631227493,0.27373772859573364,0.4730682671070099,0.0881974995136261,0.3030659258365631,0.4852639138698578,0.24702906608581543,0.283397912979126,0.46201807260513306,0.24643611907958984,0.3004293739795685,0.4768664836883545,0.26357704401016235,0.2853485941886902,0.45362553000450134,0.262677401304245,0.2981986403465271,0.5132740139961243,0.25158625841140747,0.2845582365989685,0.48591506481170654,0.25231119990348816
0380,./images/114/frame_00380.jpg,Fall,0.275994211435318,0.5443277359008789,-0.1451473981142044,0.27679604291915894,0.5510292649269104,-0.1603449285030365,0.2786371111869812,0.5527054667472839,-0.16028739511966705,0.2804678976535797,0.5544158220291138,-0.16028814017772675,0.2722218632698059,0.5447240471839905,-0.15979249775409698,0.27080243825912476,0.5422741770744324,-0.1598762571811676,0.26920950412750244,0.5399646162986755,-0.1598995327949524,0.28634876012802124,0.5468045473098755,-0.1873469054698944,0.2682409882545471,0.5264523029327393,-0.18278704583644867,0.28176361322402954,0.5393781065940857,-0.14746806025505066,0.2760322690010071,0.5308325290679932,-0.14637760818004608,0.3165155351161957,0.5223667621612549,-0.14978842437267303,0.2657277286052704,0.4601055681705475,-0.14530016481876373,0.32495588064193726,0.5338110327720642,-0.055381882935762405,0.2753886580467224,0.4066237509250641,-0.056385587900877,0.3067322373390198,0.533029317855835,0.04151390865445137,0.28180190920829773,0.3993411064147949,0.03372485190629959,0.3061653971672058,0.5357887148857117,0.039482373744249344,0.280470609664917,0.3910241723060608,0.037416957318782806,0.30145496129989624,0.5311747193336487,0.029054775834083557,0.28329339623451233,0.39326316118240356,0.01865382492542267,0.30024850368499756,0.5265042781829834,0.03914151340723038,0.2843479514122009,0.39813685417175293,0.02882634475827217,0.3257179856300354,0.40045449137687683,0.0027447219472378492,0.29373782873153687,0.3769858181476593,-0.002716550137847662,0.3182351291179657,0.4974870979785919,0.09978358447551727,0.27656108140945435,0.470357209444046,0.10303644090890884,0.30277910828590393,0.493134468793869,0.2613234519958496,0.2829318344593048,0.466462105512619,0.263510525226593,0.30093735456466675,0.4844242036342621,0.2781371772289276,0.28418102860450745,0.4589531719684601,0.2792961001396179,0.29673439264297485,0.5252074599266052,0.26511234045028687,0.2837333679199219,0.4933471977710724,0.26168662309646606
0381,./images/114/frame_00381.jpg,Fall,0.27610883116722107,0.5447076559066772,-0.14697135984897614,0.2769213318824768,0.551324725151062,-0.1632055938243866,0.27879226207733154,0.5529030561447144,-0.1631447970867157,0.2806388735771179,0.5545883774757385,-0.16314038634300232,0.2723183035850525,0.5449831485748291,-0.16231980919837952,0.2708755135536194,0.5425310134887695,-0.16239145398139954,0.2692625820636749,0.5401833057403564,-0.16241441667079926,0.2866605222225189,0.5468765497207642,-0.18926852941513062,0.26818010210990906,0.526891827583313,-0.18451091647148132,0.28187423944473267,0.5395414233207703,-0.1496688723564148,0.27606093883514404,0.5310205817222595,-0.14840126037597656,0.31660959124565125,0.5233147740364075,-0.15387356281280518,0.26582854986190796,0.46038517355918884,-0.1457459032535553,0.3255539536476135,0.5313953161239624,-0.06178653985261917,0.27434295415878296,0.40179359912872314,-0.057529278099536896,0.3083319365978241,0.5330415368080139,0.03366462141275406,0.28252384066581726,0.39647194743156433,0.03103354573249817,0.30864590406417847,0.5366367697715759,0.03112778067588806,0.28116053342819214,0.38767209649086,0.03351014479994774,0.3037474453449249,0.5324348211288452,0.02173888310790062,0.28427255153656006,0.38985249400138855,0.015123367309570312,0.30219343304634094,0.5275071263313293,0.031687699258327484,0.28539735078811646,0.394905686378479,0.026204794645309448,0.3258303105831146,0.40226566791534424,0.0023081288672983646,0.2937607765197754,0.3778739869594574,-0.002276936313137412,0.31777262687683105,0.497178316116333,0.1033668965101242,0.2779581844806671,0.46934646368026733,0.1103220134973526,0.30361852049827576,0.4931237995624542,0.2634194493293762,0.28368693590164185,0.4675431549549103,0.2728560268878937,0.30226874351501465,0.48440444469451904,0.2800527513027191,0.2847907543182373,0.4600349962711334,0.28919604420661926,0.2973593771457672,0.5250311493873596,0.2686012089252472,0.28443917632102966,0.4956285357475281,0.2752704322338104
0382,./images/114/frame_00382.jpg,Fall,0.2761741280555725,0.5443382263183594,-0.1515795886516571,0.2769913971424103,0.5509684085845947,-0.16866128146648407,0.2788684368133545,0.5526379942893982,-0.16858819127082825,0.2807406783103943,0.5543810725212097,-0.16857461631298065,0.27239957451820374,0.5448055863380432,-0.16741588711738586,0.27095621824264526,0.542408287525177,-0.16747236251831055,0.26934871077537537,0.5400941371917725,-0.16748066246509552,0.28686612844467163,0.5468601584434509,-0.19538947939872742,0.26819533109664917,0.5268599987030029,-0.18955083191394806,0.2818961441516876,0.5391613841056824,-0.1548631638288498,0.2761097848415375,0.5309091210365295,-0.15322770178318024,0.3168080151081085,0.5242341756820679,-0.15955862402915955,0.2660991847515106,0.4606868028640747,-0.15127255022525787,0.32588666677474976,0.530171811580658,-0.07118427008390427,0.27371513843536377,0.3986453115940094,-0.05879402905702591,0.30828535556793213,0.5297310948371887,0.019034255295991898,0.28445789217948914,0.3911869525909424,0.03786865249276161,0.3080555498600006,0.5345244407653809,0.015820864588022232,0.28320664167404175,0.3825325071811676,0.04388323426246643,0.3034648001194,0.5299031734466553,0.008108491078019142,0.28711599111557007,0.3838941752910614,0.024828214198350906,0.3022170066833496,0.524963915348053,0.017462309449911118,0.2882435917854309,0.38885951042175293,0.033211834728717804,0.32599014043807983,0.4033471345901489,0.0022604160476475954,0.29431504011154175,0.379999577999115,-0.0022251589689403772,0.3174406886100769,0.49701499938964844,0.10483478009700775,0.2782357335090637,0.46924808621406555,0.11215205490589142,0.302224725484848,0.5086754560470581,0.2672804594039917,0.28294700384140015,0.48077592253685,0.2737271189689636,0.3006870150566101,0.5027974247932434,0.28398996591567993,0.28362250328063965,0.4757169187068939,0.2900247275829315,0.29445213079452515,0.543660581111908,0.2681867480278015,0.2826099991798401,0.5112287402153015,0.2752627730369568
0383,./images/114/frame_00383.jpg,Fall,0.276342511177063,0.5432968139648438,-0.150037482380867,0.277298241853714,0.5500515103340149,-0.16704261302947998,0.2792234420776367,0.5518308281898499,-0.16697163879871368,0.2812146246433258,0.5536822080612183,-0.16695763170719147,0.2725796103477478,0.5440647602081299,-0.16594670712947845,0.2711014151573181,0.5417537093162537,-0.16600573062896729,0.2694716453552246,0.5395071506500244,-0.16601859033107758,0.28738901019096375,0.5466419458389282,-0.19337104260921478,0.2682740092277527,0.5266933441162109,-0.18821880221366882,0.2820482850074768,0.5381863117218018,-0.15322774648666382,0.2761848568916321,0.530327558517456,-0.1517869234085083,0.3174298107624054,0.5244815945625305,-0.15769580006599426,0.2661392092704773,0.4588874876499176,-0.15128761529922485,0.3267720639705658,0.5178816318511963,-0.06791640818119049,0.27368298172950745,0.3969047963619232,-0.05352715775370598,0.3090617060661316,0.5243111848831177,0.021902412176132202,0.28412774205207825,0.39173075556755066,0.05145852640271187,0.3086952567100525,0.5285894870758057,0.01774683967232704,0.2827438414096832,0.38339343667030334,0.05826155096292496,0.304360568523407,0.5239601135253906,0.008456568233668804,0.2865212559700012,0.3845556080341339,0.03908667713403702,0.3032021224498749,0.5194494724273682,0.0196179561316967,0.28776776790618896,0.38926905393600464,0.04692404717206955,0.32632580399513245,0.4038577973842621,0.004046953283250332,0.29465416073799133,0.3769712746143341,-0.004000857472419739,0.31779414415359497,0.49880239367485046,0.10677196085453033,0.2776643931865692,0.469856858253479,0.10018360614776611,0.3036048114299774,0.508109450340271,0.2660892605781555,0.2843214273452759,0.47460663318634033,0.26119929552078247,0.3027350604534149,0.5015894174575806,0.2818865180015564,0.2858622670173645,0.4688499867916107,0.27724209427833557,0.2957909107208252,0.5405817627906799,0.2639857530593872,0.28424713015556335,0.5028209686279297,0.26268258690834045
0384,./images/114/frame_00384.jpg,Fall,0.2763853073120117,0.5430988073348999,-0.14929983019828796,0.2774887681007385,0.5498438477516174,-0.16650620102882385,0.27951472997665405,0.5516387224197388,-0.16644176840782166,0.2816247344017029,0.5534968972206116,-0.16642817854881287,0.27259111404418945,0.5439428687095642,-0.1652863621711731,0.2710918188095093,0.5416324138641357,-0.16534635424613953,0.26946017146110535,0.5393537878990173,-0.16536171734333038,0.2880810797214508,0.5466100573539734,-0.19496192038059235,0.26823320984840393,0.5264015793800354,-0.18862131237983704,0.2821275591850281,0.5378053188323975,-0.15237560868263245,0.27617213129997253,0.5301970839500427,-0.15109485387802124,0.3178597092628479,0.5253062844276428,-0.1571940928697586,0.26609915494918823,0.4576190412044525,-0.15163728594779968,0.3266114294528961,0.5110321640968323,-0.06411994993686676,0.2720165550708771,0.3904982805252075,-0.05547209456562996,0.30864158272743225,0.5212304592132568,0.028609728440642357,0.2893636226654053,0.3805285096168518,0.02800002135336399,0.30830833315849304,0.5260751247406006,0.024352941662073135,0.28363680839538574,0.37583982944488525,0.029416337609291077,0.30379801988601685,0.521233320236206,0.014615963213145733,0.2874399721622467,0.3782694637775421,0.009687434881925583,0.30257081985473633,0.5163045525550842,0.026622463017702103,0.2887670397758484,0.3834094703197479,0.022333670407533646,0.326427161693573,0.4046793282032013,0.003535274416208267,0.2958798408508301,0.37695783376693726,-0.0034779063425958157,0.3179042935371399,0.4962676465511322,0.12943552434444427,0.27986815571784973,0.4608875811100006,0.12300913035869598,0.3094790577888489,0.4899646043777466,0.3085033595561981,0.2893642783164978,0.4565590023994446,0.3052506744861603,0.3100256323814392,0.4805055856704712,0.327043354511261,0.29114586114883423,0.44863954186439514,0.3240828514099121,0.3025810122489929,0.5204169154167175,0.3155147433280945,0.28999602794647217,0.4850529134273529,0.31585991382598877
0385,./images/114/frame_00385.jpg,Fall,0.27649393677711487,0.5431137681007385,-0.1568947285413742,0.2777201533317566,0.549845814704895,-0.17524930834770203,0.2798815071582794,0.551621675491333,-0.17518123984336853,0.282133013010025,0.5534670352935791,-0.17516037821769714,0.2726733088493347,0.5439560413360596,-0.17378202080726624,0.2711332440376282,0.5416502356529236,-0.17383703589439392,0.2694733738899231,0.5393670797348022,-0.17384348809719086,0.28877267241477966,0.5466087460517883,-0.20362761616706848,0.2682040333747864,0.5263806581497192,-0.19711686670780182,0.28234174847602844,0.5377975106239319,-0.16013455390930176,0.27616673707962036,0.5302644371986389,-0.1583528369665146,0.3182506859302521,0.5261107683181763,-0.16381295025348663,0.26609233021736145,0.457339346408844,-0.1565418541431427,0.32657790184020996,0.511677622795105,-0.06961719691753387,0.27166542410850525,0.3892398774623871,-0.06287850439548492,0.30740660429000854,0.5223327875137329,0.019110769033432007,0.28795963525772095,0.38240310549736023,0.021858299151062965,0.30697450041770935,0.5276132225990295,0.014967997558414936,0.2842126786708832,0.3752482831478119,0.024336572736501694,0.302800714969635,0.5226395726203918,0.006286655552685261,0.288199245929718,0.3774010241031647,0.004684829153120518,0.301583856344223,0.5174592733383179,0.017347943037748337,0.2896188199520111,0.38264575600624084,0.016479458659887314,0.32641297578811646,0.40646710991859436,0.0030272083822637796,0.29583635926246643,0.37713295221328735,-0.0029733360279351473,0.32065171003341675,0.49654680490493774,0.1305747926235199,0.2793557047843933,0.45957085490226746,0.1251024305820465,0.30902254581451416,0.49956339597702026,0.3071170747280121,0.2870156764984131,0.46002399921417236,0.3059542775154114,0.3091594874858856,0.4914557635784149,0.3250337839126587,0.2885343134403229,0.4529048502445221,0.32432764768600464,0.3011183440685272,0.5359780788421631,0.3089580237865448,0.28716903924942017,0.49360889196395874,0.3127587139606476
0386,./images/114/frame_00386.jpg,Fall,0.27647942304611206,0.5438063144683838,-0.15845711529254913,0.2778705656528473,0.5500826835632324,-0.17558619379997253,0.2800823748111725,0.5518614649772644,-0.17551347613334656,0.28238657116889954,0.5537030100822449,-0.17549307644367218,0.2726922631263733,0.5443811416625977,-0.17475177347660065,0.2711319923400879,0.5421200394630432,-0.17480885982513428,0.2694684863090515,0.5396788120269775,-0.1748092919588089,0.2890649735927582,0.5468772649765015,-0.20060186088085175,0.2681810259819031,0.5265591740608215,-0.19633683562278748,0.2823627293109894,0.5382651686668396,-0.16065751016139984,0.27603062987327576,0.5314512848854065,-0.15952326357364655,0.3182721436023712,0.5262739658355713,-0.1586247980594635,0.266033798456192,0.45730060338974,-0.15642575919628143,0.3249380886554718,0.5117505192756653,-0.05788746476173401,0.27609363198280334,0.4033910930156708,-0.05531550571322441,0.3018341660499573,0.5295912623405457,0.03395064175128937,0.28291285037994385,0.40979212522506714,0.046983752399683,0.30085068941116333,0.5359618663787842,0.03093162551522255,0.27915817499160767,0.40526145696640015,0.05224057286977768,0.2959565818309784,0.5307926535606384,0.02023581601679325,0.2835504710674286,0.40961527824401855,0.033251889050006866,0.2948816418647766,0.5258274078369141,0.03145407885313034,0.28571492433547974,0.41384047269821167,0.04236613214015961,0.3264070451259613,0.4085794687271118,0.004951820708811283,0.2936249375343323,0.37742483615875244,-0.004893450997769833,0.32055696845054626,0.496526837348938,0.12520672380924225,0.2748051583766937,0.4603167772293091,0.10876651108264923,0.3078209161758423,0.5076810717582703,0.2937401831150055,0.2815241515636444,0.4714691936969757,0.28179141879081726,0.3076898455619812,0.5011897087097168,0.30942219495773315,0.2836989462375641,0.4647764563560486,0.299061119556427,0.3009651005268097,0.5448083281517029,0.2805553078651428,0.2804684638977051,0.5074343085289001,0.2789544463157654
0387,./images/114/frame_00387.jpg,Fall,0.276554137468338,0.5446748733520508,-0.16294081509113312,0.278137743473053,0.5505785942077637,-0.18129590153694153,0.28042569756507874,0.5523567199707031,-0.18122395873069763,0.2828127145767212,0.554183304309845,-0.1812015324831009,0.27278220653533936,0.5450325608253479,-0.179774671792984,0.27117905020713806,0.5428124070167542,-0.17983070015907288,0.2694932520389557,0.5402501821517944,-0.17983268201351166,0.28962719440460205,0.5473074913024902,-0.20706698298454285,0.2681655287742615,0.526918351650238,-0.20034611225128174,0.28255361318588257,0.5389547944068909,-0.1650625616312027,0.2760240435600281,0.5325509309768677,-0.16314123570919037,0.3185364007949829,0.5262154340744019,-0.16406333446502686,0.265991747379303,0.45678186416625977,-0.15786181390285492,0.32663288712501526,0.513785719871521,-0.06579463928937912,0.276233434677124,0.40298178791999817,-0.056408487260341644,0.30400025844573975,0.5379436016082764,0.025072220712900162,0.28257980942726135,0.4056936800479889,0.043361712247133255,0.30410805344581604,0.5457583665847778,0.02054307609796524,0.2792094349861145,0.40120232105255127,0.04976124316453934,0.2985038161277771,0.5399709939956665,0.01073310524225235,0.28362569212913513,0.4047757089138031,0.030919354408979416,0.29691511392593384,0.5340362787246704,0.022931810468435287,0.28573545813560486,0.4087437391281128,0.039636097848415375,0.32640308141708374,0.4086441099643707,0.004775409121066332,0.2933703660964966,0.3774203360080719,-0.004715326242148876,0.3207845091819763,0.4953192472457886,0.13049142062664032,0.2756682336330414,0.4557541012763977,0.12153607606887817,0.30804699659347534,0.5060845017433167,0.3100530803203583,0.28216224908828735,0.4694383442401886,0.30631983280181885,0.3080449104309082,0.4992143511772156,0.3282600939273834,0.28407755494117737,0.46318352222442627,0.3252137303352356,0.30017125606536865,0.5418965816497803,0.3085448741912842,0.2814708352088928,0.5030587315559387,0.31004616618156433
0388,./images/114/frame_00388.jpg,Fall,0.2768082022666931,0.545276403427124,-0.16681161522865295,0.2786311209201813,0.5511614680290222,-0.18600018322467804,0.28102660179138184,0.5529496669769287,-0.18593627214431763,0.28351661562919617,0.554755687713623,-0.18591687083244324,0.27298682928085327,0.5456783175468445,-0.18409086763858795,0.2713088393211365,0.5434861779212952,-0.18415191769599915,0.26957690715789795,0.5408687591552734,-0.1841568648815155,0.2903372347354889,0.5476592779159546,-0.21214237809181213,0.268161416053772,0.5273146033287048,-0.20393693447113037,0.28295236825942993,0.5394852757453918,-0.16873520612716675,0.27602288126945496,0.5333062410354614,-0.16634811460971832,0.31877201795578003,0.5259094834327698,-0.16918233036994934,0.265838623046875,0.456526517868042,-0.16004730761051178,0.32913345098495483,0.5162897109985352,-0.07293009757995605,0.2727743983268738,0.395142138004303,-0.05722818896174431,0.312851220369339,0.5464847683906555,0.016090745106339455,0.28048861026763916,0.40408656001091003,0.0329006090760231,0.30933019518852234,0.55307537317276,0.010517464019358158,0.27741652727127075,0.398279070854187,0.034408461302518845,0.3031817078590393,0.5468494296073914,0.000831776880659163,0.2822032570838928,0.40193188190460205,0.014467665925621986,0.3011796772480011,0.5404716730117798,0.013978478498756886,0.28458088636398315,0.4063839316368103,0.02775856852531433,0.32639214396476746,0.40833374857902527,0.004215917084366083,0.2927725315093994,0.3756146728992462,-0.004151166416704655,0.3220471739768982,0.4952484667301178,0.13711635768413544,0.27693670988082886,0.4482351541519165,0.12757721543312073,0.31063520908355713,0.5052084922790527,0.3235843777656555,0.2850179076194763,0.4529574513435364,0.3192867338657379,0.3110807240009308,0.4976021647453308,0.3428348898887634,0.2870822548866272,0.44529974460601807,0.33918777108192444,0.30269187688827515,0.5403591394424438,0.32806116342544556,0.2849692106246948,0.4875502288341522,0.32784852385520935
0389,./images/114/frame_00389.jpg,Fall,0.2767762839794159,0.5462695360183716,-0.16681607067584991,0.278599351644516,0.5518710017204285,-0.18581917881965637,0.2809854745864868,0.5536885261535645,-0.18575522303581238,0.28347018361091614,0.5555086135864258,-0.18573535978794098,0.27298423647880554,0.5463515520095825,-0.1843220293521881,0.27130287885665894,0.5441415905952454,-0.18438033759593964,0.2695733904838562,0.5414536595344543,-0.1843850016593933,0.29029977321624756,0.548208475112915,-0.2125515192747116,0.26816874742507935,0.5277124643325806,-0.20624426007270813,0.282940536737442,0.5404726266860962,-0.16906216740608215,0.27585309743881226,0.5344659090042114,-0.16720148921012878,0.31877291202545166,0.5260191559791565,-0.16928230226039886,0.26583340764045715,0.4566401243209839,-0.16346468031406403,0.3287326991558075,0.5153207778930664,-0.07508637756109238,0.2717244029045105,0.39300549030303955,-0.06680455803871155,0.31166142225265503,0.5407038331031799,0.010978336445987225,0.2805807292461395,0.3999604880809784,0.019909720867872238,0.3091396391391754,0.5482811331748962,0.006146641913801432,0.27776288986206055,0.3923349678516388,0.021289991214871407,0.30338770151138306,0.5419941544532776,-0.002558924490585923,0.282387375831604,0.3967399597167969,0.0018995304126292467,0.30149704217910767,0.5354935526847839,0.009245576336979866,0.2846607565879822,0.40201336145401,0.014657741412520409,0.32637903094291687,0.408113569021225,0.003882667515426874,0.2925768196582794,0.3750001788139343,-0.003813502611592412,0.32307693362236023,0.49589475989341736,0.14119121432304382,0.27740293741226196,0.4469262957572937,0.13074292242527008,0.30968526005744934,0.5102855563163757,0.3275606036186218,0.2848183810710907,0.45445284247398376,0.32411879301071167,0.30986636877059937,0.5031560063362122,0.3465602695941925,0.2866862416267395,0.4472489356994629,0.3439551293849945,0.30192503333091736,0.5484703183174133,0.3303436040878296,0.2848402261734009,0.48814383149147034,0.33187055587768555
0390,./images/114/frame_00390.jpg,Fall,0.2767730951309204,0.546224057674408,-0.16356496512889862,0.27860239148139954,0.5518627166748047,-0.18226155638694763,0.28098219633102417,0.5536885261535645,-0.18219423294067383,0.2834590673446655,0.5555351972579956,-0.18217340111732483,0.273007869720459,0.5463458299636841,-0.18098567426204681,0.27135205268859863,0.5441153049468994,-0.18104326725006104,0.2696280777454376,0.5414659380912781,-0.18104930222034454,0.2901996374130249,0.5483532547950745,-0.20954768359661102,0.26831361651420593,0.5279372930526733,-0.2046283483505249,0.28300076723098755,0.540434718132019,-0.16602444648742676,0.27592015266418457,0.5343791246414185,-0.16437876224517822,0.3187597393989563,0.5260452032089233,-0.16698536276817322,0.2658531069755554,0.45673272013664246,-0.1640842854976654,0.3286447525024414,0.5151923894882202,-0.07346463948488235,0.27153122425079346,0.3924044668674469,-0.07019337266683578,0.3095795512199402,0.5376538634300232,0.011844365857541561,0.28073233366012573,0.39549434185028076,0.016674350947141647,0.3080873191356659,0.5455908179283142,0.007579732686281204,0.2779656648635864,0.38688749074935913,0.018675964325666428,0.3025358021259308,0.5392098426818848,-0.0006422286969609559,0.2824705243110657,0.39114663004875183,-0.0005364538519643247,0.3008701801300049,0.5327669382095337,0.010273409076035023,0.28469136357307434,0.3966124951839447,0.011512424796819687,0.3263635039329529,0.40795838832855225,0.0039048728067427874,0.2926066219806671,0.3741665780544281,-0.0038409107364714146,0.32301220297813416,0.49635547399520874,0.14308765530586243,0.2773911654949188,0.44494369626045227,0.12953779101371765,0.30817705392837524,0.5108499526977539,0.32615017890930176,0.2845897674560547,0.45343872904777527,0.3208494186401367,0.3080723285675049,0.5037341713905334,0.34491613507270813,0.28638172149658203,0.44708946347236633,0.34072545170783997,0.29931265115737915,0.5486012101173401,0.3306271731853485,0.28455424308776855,0.4860973060131073,0.3312440514564514
0391,./images/114/frame_00391.jpg,Fall,0.2767443060874939,0.5472297668457031,-0.15960122644901276,0.27858245372772217,0.5528502464294434,-0.17856678366661072,0.2809469699859619,0.5547612905502319,-0.17850682139396667,0.2834021747112274,0.5566645264625549,-0.1784900724887848,0.27300432324409485,0.5471094250679016,-0.17781902849674225,0.27135077118873596,0.5448459386825562,-0.17787514626979828,0.26962804794311523,0.5423890948295593,-0.1778796762228012,0.2901064157485962,0.5492709875106812,-0.20706896483898163,0.2683829367160797,0.52871173620224,-0.20345647633075714,0.2829950153827667,0.541321337223053,-0.16229799389839172,0.275890052318573,0.5352447032928467,-0.16138508915901184,0.3188174366950989,0.5260493755340576,-0.16522537171840668,0.26587823033332825,0.45679742097854614,-0.16273179650306702,0.3284204602241516,0.512710690498352,-0.07184074819087982,0.2712903916835785,0.39045101404190063,-0.07205904275178909,0.30925214290618896,0.5356786251068115,0.013534516096115112,0.2803548276424408,0.39419060945510864,0.014083449728786945,0.308241069316864,0.5448504686355591,0.009696739725768566,0.27764004468917847,0.3854638338088989,0.016162734478712082,0.3026826083660126,0.5386434197425842,0.0021113359834998846,0.282187283039093,0.39005178213119507,-0.0024967645294964314,0.3010086715221405,0.5317633748054504,0.012282603420317173,0.2844495177268982,0.39557144045829773,0.009073292836546898,0.32635581493377686,0.40790218114852905,0.004012225195765495,0.292885422706604,0.37405768036842346,-0.003945399075746536,0.3226918876171112,0.4963473975658417,0.14161066710948944,0.27732497453689575,0.44426023960113525,0.12754595279693604,0.3075087368488312,0.5095142722129822,0.3231286406517029,0.28474730253219604,0.45147907733917236,0.3165319263935089,0.30747881531715393,0.5022994875907898,0.3418537974357605,0.2866085469722748,0.44503140449523926,0.33622413873672485,0.29841747879981995,0.5463782548904419,0.3284706175327301,0.28509896993637085,0.48380935192108154,0.32752829790115356
0392,./images/114/frame_00392.jpg,Fall,0.2767396569252014,0.5480479001998901,-0.15558530390262604,0.27857208251953125,0.5536282658576965,-0.17390990257263184,0.2809236943721771,0.5555487871170044,-0.17385250329971313,0.28336894512176514,0.5574538111686707,-0.17383965849876404,0.27302268147468567,0.5477176904678345,-0.17381104826927185,0.27139049768447876,0.5454058647155762,-0.17386671900749207,0.2696895897388458,0.5430279970169067,-0.1738676130771637,0.2900633215904236,0.5497076511383057,-0.20142073929309845,0.2686103582382202,0.5291362404823303,-0.20223912596702576,0.28298765420913696,0.5419881939888,-0.1582556664943695,0.27588897943496704,0.535879909992218,-0.15814711153507233,0.31884485483169556,0.5260516405105591,-0.15909826755523682,0.265924870967865,0.45683160424232483,-0.16271820664405823,0.3275115191936493,0.5060244798660278,-0.07114686071872711,0.27129340171813965,0.3855394721031189,-0.07517779618501663,0.3086317479610443,0.5229764580726624,0.013778464868664742,0.2802008092403412,0.3926132917404175,0.010689159855246544,0.30819326639175415,0.5302844047546387,0.010040891356766224,0.2775076627731323,0.3840639293193817,0.012544320896267891,0.3026426434516907,0.5253857374191284,0.0029476776253432035,0.28204482793807983,0.38914409279823303,-0.005645597353577614,0.300944983959198,0.5194817781448364,0.01261073350906372,0.28430265188217163,0.3946548104286194,0.005786268971860409,0.32636693120002747,0.4077773094177246,0.004630334675312042,0.29322946071624756,0.3740888237953186,-0.004549889359623194,0.32246696949005127,0.49675580859184265,0.13978424668312073,0.27672597765922546,0.44566890597343445,0.12680059671401978,0.3057551980018616,0.5116661787033081,0.3177270293235779,0.2846638560295105,0.4523937702178955,0.3111570477485657,0.3056773841381073,0.5046066641807556,0.3359915018081665,0.2865452766418457,0.44546186923980713,0.3303438425064087,0.29618728160858154,0.5495744943618774,0.32164517045021057,0.2849995493888855,0.4843883514404297,0.320541113615036
0393,./images/114/frame_00393.jpg,Fall,0.27673372626304626,0.5486869215965271,-0.1536579728126526,0.2785753309726715,0.5543025732040405,-0.1711408793926239,0.2809152901172638,0.5562348961830139,-0.17107954621315002,0.2833532989025116,0.5581444501876831,-0.17106615006923676,0.27306604385375977,0.5482494235038757,-0.17153096199035645,0.2714698910713196,0.545892059803009,-0.17158646881580353,0.2698046565055847,0.5435541272163391,-0.17158599197864532,0.29004546999931335,0.5500911474227905,-0.19549831748008728,0.2688352167606354,0.5295894742012024,-0.19875238835811615,0.2829788327217102,0.5425626635551453,-0.15555010735988617,0.2758934795856476,0.5363727807998657,-0.1560765653848648,0.31889885663986206,0.5260796546936035,-0.15112562477588654,0.2659740447998047,0.45681190490722656,-0.1621970236301422,0.3262545168399811,0.5045462250709534,-0.06369825452566147,0.2712154686450958,0.383344441652298,-0.07269860804080963,0.30559080839157104,0.521315336227417,0.014026232063770294,0.27939796447753906,0.39342281222343445,0.01517556607723236,0.3051052391529083,0.528213381767273,0.010706404224038124,0.276515394449234,0.38513001799583435,0.019264010712504387,0.2997092306613922,0.5233772397041321,0.005061334930360317,0.2812146544456482,0.3907892107963562,0.001394152524881065,0.2983895540237427,0.5178338885307312,0.012984903529286385,0.2835901379585266,0.3961699604988098,0.01083933375775814,0.3264552056789398,0.40774333477020264,0.006248547695577145,0.2936311960220337,0.37412211298942566,-0.006165035534650087,0.3223111033439636,0.4974926710128784,0.138201043009758,0.27535587549209595,0.44647416472435,0.11442133039236069,0.305377721786499,0.5121417045593262,0.30788254737854004,0.28467583656311035,0.45289039611816406,0.2950957119464874,0.30526113510131836,0.5049417018890381,0.32516077160835266,0.28680330514907837,0.445931077003479,0.31396740674972534,0.2957654893398285,0.5497919917106628,0.31120285391807556,0.2851830720901489,0.4849870800971985,0.30562061071395874
0394,./images/114/frame_00394.jpg,Fall,0.27672773599624634,0.5485938787460327,-0.14946161210536957,0.2785727083683014,0.5542300939559937,-0.165483295917511,0.2809021472930908,0.5561559796333313,-0.16541823744773865,0.2833326458930969,0.5580806732177734,-0.16540323197841644,0.27312541007995605,0.5481979846954346,-0.16682645678520203,0.2715728282928467,0.5458438396453857,-0.16688241064548492,0.26997384428977966,0.5435106754302979,-0.16688460111618042,0.29003557562828064,0.5501542687416077,-0.18569961190223694,0.269018292427063,0.5296133756637573,-0.19239702820777893,0.2829516530036926,0.5424923300743103,-0.15010981261730194,0.2759692668914795,0.5363368988037109,-0.151854008436203,0.31889134645462036,0.5263615250587463,-0.13932496309280396,0.2660329341888428,0.4565749764442444,-0.16097742319107056,0.32520008087158203,0.5046806931495667,-0.04763135686516762,0.2711898684501648,0.3825540244579315,-0.06997260451316833,0.2997351288795471,0.5217334628105164,0.03419774770736694,0.27876269817352295,0.3963354229927063,0.02944408915936947,0.2980327606201172,0.5283504128456116,0.03267745301127434,0.27570244669914246,0.3886975944042206,0.03436381742358208,0.2928398847579956,0.5236517786979675,0.02397869899868965,0.28036871552467346,0.39465785026550293,0.016090089455246925,0.2919789254665375,0.5182710886001587,0.03223472088575363,0.2827244997024536,0.3998529613018036,0.025021400302648544,0.3266009986400604,0.4077717661857605,0.009348442777991295,0.2942976653575897,0.37410256266593933,-0.009282518178224564,0.32109031081199646,0.4977800250053406,0.1344761848449707,0.2744361162185669,0.44730138778686523,0.1030169352889061,0.30451294779777527,0.509268045425415,0.29730695486068726,0.2852534353733063,0.4526803195476532,0.27927786111831665,0.30445724725723267,0.5013301372528076,0.3140169680118561,0.2880461812019348,0.44538751244544983,0.2977605164051056,0.2947658896446228,0.5435802936553955,0.300641804933548,0.28580284118652344,0.48309198021888733,0.28971463441848755
0395,./images/114/frame_00395.jpg,Fall,0.27671995759010315,0.548542857170105,-0.1469123810529709,0.2785664498806,0.5541748404502869,-0.1623685210943222,0.2808919847011566,0.5560997128486633,-0.162302166223526,0.2833173871040344,0.5580485463142395,-0.16228923201560974,0.27315935492515564,0.5481601357460022,-0.16429108381271362,0.27162760496139526,0.5458160638809204,-0.1643468290567398,0.27002814412117004,0.5435027480125427,-0.1643470972776413,0.2900274097919464,0.5503559112548828,-0.1813284158706665,0.26905587315559387,0.5296675562858582,-0.19008103013038635,0.2829308807849884,0.5424764156341553,-0.14707890152931213,0.276043564081192,0.5363110303878784,-0.14954504370689392,0.3188832700252533,0.5264978408813477,-0.13459955155849457,0.26609006524086,0.456451416015625,-0.16072700917720795,0.324800968170166,0.5061144828796387,-0.042703863233327866,0.2711034417152405,0.3818875253200531,-0.06912671774625778,0.2987799644470215,0.5223415493965149,0.03916681930422783,0.2779681384563446,0.39780494570732117,0.033911459147930145,0.2971513867378235,0.5284496545791626,0.037850283086299896,0.27475863695144653,0.39061176776885986,0.0389782153069973,0.2919360399246216,0.5235581994056702,0.02920585870742798,0.2794507145881653,0.39677947759628296,0.020947901532053947,0.29103538393974304,0.5185166001319885,0.037237174808979034,0.28179696202278137,0.4019041359424591,0.029623862355947495,0.32674628496170044,0.4077170193195343,0.010444101877510548,0.29486915469169617,0.3739471137523651,-0.010375245474278927,0.3198539912700653,0.4978305697441101,0.1321185678243637,0.27405714988708496,0.44757890701293945,0.10194839537143707,0.303448349237442,0.5078554749488831,0.2944476008415222,0.2852782607078552,0.4531610608100891,0.27771127223968506,0.3034546971321106,0.4996131956577301,0.31113865971565247,0.2882233262062073,0.4459437131881714,0.2961949110031128,0.29352161288261414,0.5414132475852966,0.298341304063797,0.28571826219558716,0.48368310928344727,0.28833305835723877
0396,./images/114/frame_00396.jpg,Fall,0.27669841051101685,0.5480130314826965,-0.13973870873451233,0.27848270535469055,0.5538930892944336,-0.15494896471500397,0.2807368338108063,0.5559009313583374,-0.15488532185554504,0.2831078767776489,0.5579703450202942,-0.15487030148506165,0.273159921169281,0.5479490160942078,-0.15739470720291138,0.2716370224952698,0.545664370059967,-0.15744535624980927,0.2700533866882324,0.5432829856872559,-0.1574467122554779,0.2899152338504791,0.5504343509674072,-0.1741771697998047,0.26908260583877563,0.5296512842178345,-0.18504014611244202,0.2827642858028412,0.5420411229133606,-0.13997991383075714,0.2760820984840393,0.5356516242027283,-0.14314725995063782,0.3188168406486511,0.5269836783409119,-0.129713773727417,0.2661423087120056,0.4562326967716217,-0.15855538845062256,0.3242502808570862,0.5069997310638428,-0.03790479525923729,0.27111372351646423,0.38204917311668396,-0.07004273682832718,0.2986742854118347,0.5227400660514832,0.04373621195554733,0.2780666649341583,0.3946221172809601,0.02720237337052822,0.297409325838089,0.5287727117538452,0.042850662022829056,0.27493712306022644,0.3869984447956085,0.030644571408629417,0.2922350764274597,0.5237827301025391,0.03404900059103966,0.2794490456581116,0.39351165294647217,0.014364833943545818,0.29116129875183105,0.518688440322876,0.041834332048892975,0.2817216217517853,0.39874476194381714,0.023221075534820557,0.326824426651001,0.4076657295227051,0.010842828080058098,0.29570457339286804,0.37356916069984436,-0.010773297399282455,0.3171723484992981,0.49781548976898193,0.13339868187904358,0.27410614490509033,0.4477775990962982,0.10440981388092041,0.3029095530509949,0.501956045627594,0.2975187599658966,0.28633084893226624,0.4490901529788971,0.281215101480484,0.3032521605491638,0.49342095851898193,0.3146187663078308,0.2895926833152771,0.44149208068847656,0.299869179725647,0.2930545210838318,0.5328410863876343,0.2989741861820221,0.28640007972717285,0.4778886139392853,0.2926430404186249
0397,./images/114/frame_00397.jpg,Fall,0.2766682505607605,0.5478350520133972,-0.13517850637435913,0.27837374806404114,0.5538173913955688,-0.1509670913219452,0.28054994344711304,0.5558663606643677,-0.15091226994991302,0.28287068009376526,0.5579336285591125,-0.15089614689350128,0.2731612026691437,0.5479111671447754,-0.15288540720939636,0.27165088057518005,0.5456495881080627,-0.15293602645397186,0.27008333802223206,0.543249785900116,-0.15294024348258972,0.2897663414478302,0.5505950450897217,-0.1732400357723236,0.26911047101020813,0.5297003388404846,-0.18180426955223083,0.2826049029827118,0.5418946743011475,-0.13656410574913025,0.2761121690273285,0.5354611873626709,-0.1390516459941864,0.3187611401081085,0.5272175073623657,-0.1320692002773285,0.2661867141723633,0.45624804496765137,-0.15643292665481567,0.32422080636024475,0.5052959322929382,-0.0419144369661808,0.2711604833602905,0.38138991594314575,-0.07683509588241577,0.2994596064090729,0.5185180902481079,0.03967108950018883,0.2793709635734558,0.3855683505535126,0.0028244645800441504,0.2996153235435486,0.5241368412971497,0.03823595866560936,0.27667418122291565,0.37686416506767273,0.0029695164412260056,0.29428261518478394,0.5197634696960449,0.029904985800385475,0.2805391252040863,0.3830752968788147,-0.013161905109882355,0.2925601601600647,0.5145854353904724,0.03797759860754013,0.282511442899704,0.38851308822631836,-0.0016913622384890914,0.32686489820480347,0.40743735432624817,0.010217130184173584,0.29598546028137207,0.3734593391418457,-0.010149768553674221,0.3157592713832855,0.4978017210960388,0.13805806636810303,0.2758359909057617,0.4465270936489105,0.10813148319721222,0.30283302068710327,0.49920693039894104,0.3056682348251343,0.2882578372955322,0.4467483460903168,0.28596237301826477,0.3033027946949005,0.4907519519329071,0.3229362964630127,0.29140573740005493,0.43970727920532227,0.304968923330307,0.29307764768600464,0.5294679403305054,0.31220048666000366,0.28825289011001587,0.47424429655075073,0.30116140842437744
0398,./images/114/frame_00398.jpg,Fall,0.2765257954597473,0.5478013157844543,-0.13193827867507935,0.27815648913383484,0.5537884831428528,-0.14831241965293884,0.28025883436203003,0.5558289289474487,-0.14825984835624695,0.28255191445350647,0.5579289793968201,-0.14823485910892487,0.2731406092643738,0.5478866696357727,-0.14950832724571228,0.2716485559940338,0.5456254482269287,-0.1495530605316162,0.27008557319641113,0.5432282090187073,-0.149553582072258,0.2896191477775574,0.5508736371994019,-0.17320260405540466,0.26912862062454224,0.5297927260398865,-0.17874875664710999,0.28233587741851807,0.5418648719787598,-0.13431605696678162,0.27611225843429565,0.5354463458061218,-0.13590107858181,0.3186500668525696,0.527471661567688,-0.13486038148403168,0.2662048637866974,0.4565463960170746,-0.15161246061325073,0.3241821229457855,0.5058626532554626,-0.04561319947242737,0.27123960852622986,0.3815740942955017,-0.07826180756092072,0.30020830035209656,0.5175203084945679,0.03687283769249916,0.2873062491416931,0.37870296835899353,-0.00995578896254301,0.3005487620830536,0.5229707360267639,0.03512264043092728,0.29027384519577026,0.36900603771209717,-0.011191300116479397,0.2953041195869446,0.5184356570243835,0.026975303888320923,0.2933940887451172,0.3726382255554199,-0.028104111552238464,0.2935034930706024,0.5132575631141663,0.035246893763542175,0.2928139567375183,0.37462103366851807,-0.015158005058765411,0.32683736085891724,0.4072824716567993,0.008409939706325531,0.2961624562740326,0.3734700083732605,-0.008320710621774197,0.3157031834125519,0.4980485737323761,0.13851097226142883,0.2788601517677307,0.4455045163631439,0.11777111142873764,0.30199000239372253,0.5039957165718079,0.30891135334968567,0.2883684039115906,0.4472241997718811,0.2974434792995453,0.3024877905845642,0.4966779053211212,0.3262070119380951,0.2909497022628784,0.4413467347621918,0.3161424696445465,0.2924272418022156,0.5350420475006104,0.31353920698165894,0.2888427674770355,0.47622397541999817,0.30794423818588257
0399,./images/114/frame_00399.jpg,Fall,0.27645549178123474,0.5477710962295532,-0.1287396401166916,0.27805015444755554,0.5537624955177307,-0.14536112546920776,0.28011250495910645,0.5558122396469116,-0.1453109234571457,0.2823919653892517,0.5579636693000793,-0.14528504014015198,0.27313560247421265,0.5478693842887878,-0.14661183953285217,0.2716497480869293,0.5456174612045288,-0.14665554463863373,0.2700906991958618,0.5432640314102173,-0.1466614305973053,0.2895157039165497,0.5512304306030273,-0.17113837599754333,0.2691693902015686,0.5300065875053406,-0.17684409022331238,0.28221920132637024,0.5418549180030823,-0.13133995234966278,0.2761169970035553,0.5354050397872925,-0.1329863965511322,0.31842052936553955,0.5279896855354309,-0.13338404893875122,0.2662429213523865,0.45695263147354126,-0.14934726059436798,0.3241240680217743,0.5066496729850769,-0.04271582141518593,0.27141591906547546,0.38204795122146606,-0.07863762229681015,0.30060866475105286,0.5185298919677734,0.04228870943188667,0.2905622124671936,0.37250009179115295,-0.015927372500300407,0.3007519841194153,0.5241845846176147,0.041231669485569,0.2939850687980652,0.3616584837436676,-0.018258189782500267,0.2955380082130432,0.5195251703262329,0.03256819024682045,0.2957283556461334,0.3698725700378418,-0.03559581935405731,0.2938447892665863,0.5143371820449829,0.04056764766573906,0.29642170667648315,0.37185007333755493,-0.02148744836449623,0.3268353343009949,0.40726760029792786,0.007866248488426208,0.29634329676628113,0.3733936846256256,-0.0077757141552865505,0.31537121534347534,0.4980323016643524,0.1387406885623932,0.27942436933517456,0.44416651129722595,0.11996760219335556,0.301870733499527,0.5025854110717773,0.31212809681892395,0.28812605142593384,0.44766807556152344,0.3012147843837738,0.3024131655693054,0.4950850307941437,0.32969599962234497,0.29057735204696655,0.44189244508743286,0.3200177550315857,0.29248520731925964,0.5332543253898621,0.3167814314365387,0.2885620594024658,0.47572097182273865,0.31120026111602783
0400,./images/114/frame_00400.jpg,Fall,0.2764420509338379,0.5479275584220886,-0.12186402082443237,0.278041273355484,0.5539001822471619,-0.13897231221199036,0.280101478099823,0.556001603603363,-0.13892348110675812,0.2823854088783264,0.5582305192947388,-0.13889636099338531,0.27314403653144836,0.547996461391449,-0.14029113948345184,0.27167847752571106,0.5457639098167419,-0.14033493399620056,0.27013152837753296,0.5434967875480652,-0.14034484326839447,0.28950971364974976,0.5517935752868652,-0.1667453944683075,0.26926931738853455,0.5303162336349487,-0.1728459894657135,0.28221485018730164,0.5419490337371826,-0.1250733882188797,0.276120662689209,0.5356513261795044,-0.12683328986167908,0.31815171241760254,0.528965950012207,-0.1310281753540039,0.266304075717926,0.4582166373729706,-0.14674493670463562,0.32352715730667114,0.5107929110527039,-0.0392809621989727,0.27162307500839233,0.38210055232048035,-0.07706864178180695,0.2993481755256653,0.5239061713218689,0.04763977229595184,0.29114124178886414,0.3712097704410553,-0.012282470241189003,0.29885703325271606,0.5301067233085632,0.046856723725795746,0.29438063502311707,0.3604925870895386,-0.014292034320533276,0.29344886541366577,0.5250431895256042,0.0375797413289547,0.29588747024536133,0.36905255913734436,-0.031522735953330994,0.2919456362724304,0.5194800496101379,0.045687321573495865,0.29570823907852173,0.37067291140556335,-0.017755987122654915,0.3268219828605652,0.407259076833725,0.0074850283563137054,0.2963537275791168,0.373396635055542,-0.007394636515527964,0.3145314157009125,0.49678942561149597,0.1398540437221527,0.28008151054382324,0.4432007670402527,0.12317235767841339,0.30257368087768555,0.49433016777038574,0.31795698404312134,0.28870993852615356,0.4470774233341217,0.3070351481437683,0.3036367893218994,0.48617807030677795,0.3361690640449524,0.29101455211639404,0.441286563873291,0.3262321352958679,0.2939371168613434,0.522895872592926,0.3256385028362274,0.28905072808265686,0.475114107131958,0.3192063868045807
0401,./images/114/frame_00401.jpg,Fall,0.2764487564563751,0.5480114221572876,-0.12246169149875641,0.27804309129714966,0.5540317296981812,-0.13970322906970978,0.2801049053668976,0.5561745762825012,-0.13965344429016113,0.2823946177959442,0.5584670305252075,-0.13962489366531372,0.2731809616088867,0.5481392741203308,-0.14083218574523926,0.27173900604248047,0.5459343194961548,-0.14087292551994324,0.2701990306377411,0.5437480211257935,-0.140880286693573,0.28950992226600647,0.5523077845573425,-0.16877594590187073,0.2693544626235962,0.530601441860199,-0.17406833171844482,0.28228187561035156,0.5419368147850037,-0.12623056769371033,0.2762666344642639,0.5355952978134155,-0.1277644783258438,0.31808707118034363,0.5291117429733276,-0.1336379200220108,0.2663608193397522,0.4590800702571869,-0.14723356068134308,0.32355982065200806,0.5091326236724854,-0.04207036644220352,0.2716871201992035,0.3824530243873596,-0.08313822001218796,0.30147784948349,0.516753077507019,0.04333873838186264,0.2924730181694031,0.3702784776687622,-0.029795441776514053,0.30117660760879517,0.5217587351799011,0.04207492619752884,0.29715901613235474,0.36030811071395874,-0.03384249284863472,0.2960219979286194,0.517061173915863,0.03348471224308014,0.299249529838562,0.3646572530269623,-0.050536155700683594,0.29447752237319946,0.5120294094085693,0.041563861072063446,0.2976627051830292,0.37015947699546814,-0.035527441650629044,0.32675233483314514,0.4080181419849396,0.005278768017888069,0.2963887155056,0.37334781885147095,-0.005194024182856083,0.31470319628715515,0.4963133633136749,0.1395934373140335,0.2818012535572052,0.443130224943161,0.1295529454946518,0.3022056221961975,0.5047292709350586,0.3166288435459137,0.2884898781776428,0.4583601653575897,0.3117552399635315,0.3029322028160095,0.498731791973114,0.3344936966896057,0.29081904888153076,0.4553857445716858,0.33052217960357666,0.29389452934265137,0.5370252132415771,0.32169386744499207,0.2892944812774658,0.48789122700691223,0.3207164406776428
0402,./images/114/frame_00402.jpg,Fall,0.2765201926231384,0.5481970310211182,-0.12328827381134033,0.278117835521698,0.5542027950286865,-0.14042331278324127,0.28021135926246643,0.5563510060310364,-0.140371635556221,0.2825483977794647,0.5586665868759155,-0.140345498919487,0.2732648253440857,0.5483846664428711,-0.14177127182483673,0.27183640003204346,0.5462191700935364,-0.14181402325630188,0.27029284834861755,0.5441194176673889,-0.14182178676128387,0.2895979881286621,0.5526304244995117,-0.16925188899040222,0.2694030702114105,0.5309873223304749,-0.17536786198616028,0.2824985086917877,0.5419235825538635,-0.12693853676319122,0.27641814947128296,0.5355756282806396,-0.12874701619148254,0.31807735562324524,0.5291070938110352,-0.13468840718269348,0.2663635313510895,0.45958656072616577,-0.14795933663845062,0.3231878876686096,0.508894145488739,-0.043623752892017365,0.2718263268470764,0.38307875394821167,-0.08241960406303406,0.30081018805503845,0.516654908657074,0.041718412190675735,0.29224085807800293,0.37081730365753174,-0.023943254724144936,0.3002151846885681,0.5219182968139648,0.040397197008132935,0.2952963709831238,0.36052873730659485,-0.026824992150068283,0.29501157999038696,0.5172637104988098,0.03179638832807541,0.2980167269706726,0.36408817768096924,-0.04357249289751053,0.29357168078422546,0.5121352076530457,0.03994546830654144,0.29755914211273193,0.3708665072917938,-0.02949688769876957,0.32673197984695435,0.40753036737442017,0.005018587224185467,0.2963699698448181,0.3732803463935852,-0.004938405938446522,0.3146542012691498,0.49504873156547546,0.13915981352329254,0.2819784879684448,0.4434035122394562,0.12775297462940216,0.3020537495613098,0.5049766898155212,0.3149131238460541,0.2883501648902893,0.46308982372283936,0.30854013562202454,0.3025932312011719,0.498886376619339,0.3326922655105591,0.2906195819377899,0.459640771150589,0.32714059948921204,0.2938900887966156,0.5376773476600647,0.32092735171318054,0.28922659158706665,0.4946332275867462,0.3170582354068756
0403,./images/114/frame_00403.jpg,Fall,0.2765708565711975,0.5487847924232483,-0.12371142953634262,0.2781760096549988,0.5548396110534668,-0.14073576033115387,0.28029805421829224,0.5569911599159241,-0.1406850516796112,0.2826748788356781,0.5592961311340332,-0.14066416025161743,0.2733103036880493,0.5489872694015503,-0.14225336909294128,0.27188143134117126,0.546793520450592,-0.1422988325357437,0.2703302502632141,0.5446999073028564,-0.14230957627296448,0.2897205650806427,0.5531688928604126,-0.16904178261756897,0.26941898465156555,0.531484842300415,-0.17591290175914764,0.28262603282928467,0.5423270463943481,-0.1271349936723709,0.27644142508506775,0.5361559391021729,-0.12914638221263885,0.3180776536464691,0.5291051864624023,-0.13431918621063232,0.26634901762008667,0.45980632305145264,-0.14874419569969177,0.3229620158672333,0.5086308717727661,-0.04303721338510513,0.27203449606895447,0.3834991157054901,-0.08152692764997482,0.30001649260520935,0.5173441767692566,0.04291678965091705,0.2918282747268677,0.37122946977615356,-0.018443966284394264,0.29945486783981323,0.5227996110916138,0.04177720099687576,0.2942618131637573,0.36054500937461853,-0.020677177235484123,0.29406556487083435,0.5181029438972473,0.032746218144893646,0.2934545576572418,0.36574622988700867,-0.03733774647116661,0.292572945356369,0.5129240155220032,0.04098596051335335,0.29621365666389465,0.3709660470485687,-0.023791559040546417,0.326701283454895,0.40709513425827026,0.005096197593957186,0.2963539958000183,0.373160719871521,-0.005015700589865446,0.3140491843223572,0.4942837059497833,0.1388176828622818,0.2816310226917267,0.44365349411964417,0.12589721381664276,0.3020407557487488,0.5007864236831665,0.31449854373931885,0.2882916331291199,0.4613761901855469,0.3069154918193817,0.3025965094566345,0.49378374218940735,0.33232492208480835,0.2904651165008545,0.4572170674800873,0.32559818029403687,0.2938378155231476,0.5327529907226562,0.32010310888290405,0.28911590576171875,0.49235647916793823,0.31589314341545105
0404,./images/114/frame_00404.jpg,Fall,0.27674660086631775,0.549905002117157,-0.12374909967184067,0.2783859372138977,0.5561198592185974,-0.14080286026000977,0.28057146072387695,0.558255672454834,-0.1407584547996521,0.28297945857048035,0.5604614019393921,-0.14074566960334778,0.2734582722187042,0.5501717329025269,-0.14224907755851746,0.27203255891799927,0.5479379296302795,-0.1422998607158661,0.27047908306121826,0.5458406209945679,-0.1423170268535614,0.2899196147918701,0.5538370609283447,-0.1698082536458969,0.2695295214653015,0.5324568748474121,-0.17633476853370667,0.28295618295669556,0.5432112216949463,-0.1275435984134674,0.2765437960624695,0.5370660424232483,-0.1294054388999939,0.3180818557739258,0.5291153192520142,-0.13474926352500916,0.2663441300392151,0.4603472352027893,-0.14882086217403412,0.3227161467075348,0.5035645961761475,-0.04293747618794441,0.27228373289108276,0.38392728567123413,-0.08230937272310257,0.30012047290802,0.5061249136924744,0.04238476976752281,0.29185646772384644,0.37145617604255676,-0.017615392804145813,0.2996115982532501,0.5098481178283691,0.04115591198205948,0.29397696256637573,0.36057043075561523,-0.019831307232379913,0.29423895478248596,0.5058292746543884,0.03203544765710831,0.2915131747722626,0.3667501211166382,-0.03647994250059128,0.29273971915245056,0.5011484026908875,0.04037662595510483,0.2956835925579071,0.3710089921951294,-0.023023227229714394,0.3265598714351654,0.4065154492855072,0.005301556084305048,0.29626530408859253,0.3730114698410034,-0.005222999025136232,0.3133130669593811,0.49423748254776,0.14005693793296814,0.2813900113105774,0.4437083899974823,0.12515468895435333,0.302101731300354,0.4955218732357025,0.31705015897750854,0.28838711977005005,0.46092045307159424,0.3084527850151062,0.30287081003189087,0.4874380826950073,0.3350234627723694,0.29054418206214905,0.45709341764450073,0.3274185359477997,0.29387304186820984,0.5269638299942017,0.3239448368549347,0.2890428602695465,0.49104008078575134,0.31928086280822754
0405,./images/114/frame_00405.jpg,Fall,0.2768942713737488,0.5514736175537109,-0.12472663074731827,0.27856162190437317,0.5578387975692749,-0.14245770871639252,0.28079235553741455,0.55988609790802,-0.1424134522676468,0.2832050621509552,0.5619587302207947,-0.14239326119422913,0.27357017993927,0.5516364574432373,-0.1430540829896927,0.2721424698829651,0.5493281483650208,-0.14309477806091309,0.27058759331703186,0.5471709966659546,-0.14311036467552185,0.290027916431427,0.5549022555351257,-0.1705906093120575,0.26960840821266174,0.5338495969772339,-0.17763595283031464,0.28326207399368286,0.544460654258728,-0.12867920100688934,0.2766425609588623,0.5382365584373474,-0.12995168566703796,0.3181471526622772,0.5291197299957275,-0.13279536366462708,0.2663426697254181,0.461209774017334,-0.15408246219158173,0.32147783041000366,0.5029856562614441,-0.040179647505283356,0.27230769395828247,0.3863212466239929,-0.08181537687778473,0.2977764308452606,0.5093140602111816,0.046516042202711105,0.2832079529762268,0.3767639994621277,0.003075030166655779,0.29752984642982483,0.5134598016738892,0.045709893107414246,0.28019338846206665,0.3674725890159607,0.004617397673428059,0.2920975387096405,0.5081694722175598,0.036697112023830414,0.2833935618400574,0.3742158114910126,-0.011575228534638882,0.2904798090457916,0.5036611557006836,0.04452057182788849,0.2857283055782318,0.3794463574886322,-0.001409229589626193,0.32633262872695923,0.40625089406967163,0.008349256590008736,0.29564690589904785,0.3728123903274536,-0.00826761219650507,0.31288179755210876,0.49413391947746277,0.13771505653858185,0.27898523211479187,0.4469480812549591,0.11350071430206299,0.30163002014160156,0.4949958026409149,0.3083198368549347,0.2879658639431,0.46159371733665466,0.2927100956439972,0.30238106846809387,0.4868125021457672,0.32562366127967834,0.29042911529541016,0.456450492143631,0.31138694286346436,0.2929123044013977,0.5268370509147644,0.3141219913959503,0.28846389055252075,0.49447542428970337,0.30438145995140076
0406,./images/114/frame_00406.jpg,Fall,0.27700716257095337,0.5523853898048401,-0.12616312503814697,0.27867555618286133,0.5587446093559265,-0.14316484332084656,0.2809017300605774,0.5607219338417053,-0.14311504364013672,0.28330522775650024,0.5627596378326416,-0.143101304769516,0.27368786931037903,0.5525108575820923,-0.14440737664699554,0.2722727656364441,0.5501736402511597,-0.14445087313652039,0.2707267105579376,0.5479763746261597,-0.1444639265537262,0.2900742292404175,0.5555930137634277,-0.16789373755455017,0.2697015702724457,0.5345295667648315,-0.1779307723045349,0.2833872437477112,0.5452421307563782,-0.1293776035308838,0.27674826979637146,0.5390273332595825,-0.13110128045082092,0.3181593418121338,0.5292659401893616,-0.12620580196380615,0.26634231209754944,0.46160179376602173,-0.15603289008140564,0.32027187943458557,0.5031928420066833,-0.03158983960747719,0.2723005712032318,0.386951744556427,-0.07883663475513458,0.2954379618167877,0.509857714176178,0.05408978462219238,0.278344988822937,0.38698771595954895,0.01407643873244524,0.2950441241264343,0.515113890171051,0.05368201807141304,0.27454596757888794,0.3792872428894043,0.01617373339831829,0.28970131278038025,0.5117629170417786,0.044324468821287155,0.2784958481788635,0.38680732250213623,0.00015870240167714655,0.2881278395652771,0.5068574547767639,0.0519288070499897,0.2806873321533203,0.39192721247673035,0.009844878688454628,0.3260180950164795,0.40585097670555115,0.011340838856995106,0.29564905166625977,0.37270835041999817,-0.011258295737206936,0.3111448884010315,0.49349620938301086,0.13731180131435394,0.27734461426734924,0.44831547141075134,0.10420938581228256,0.3017747104167938,0.4857487976551056,0.30514687299728394,0.2885309159755707,0.45890527963638306,0.2835603356361389,0.3028870224952698,0.4767388105392456,0.3223262429237366,0.2917090952396393,0.45174315571784973,0.3025382161140442,0.29314738512039185,0.5138899087905884,0.31313759088516235,0.28876444697380066,0.49218007922172546,0.29865044355392456
0407,./images/114/frame_00407.jpg,Fall,0.27713435888290405,0.5531219840049744,-0.12657247483730316,0.2788127362728119,0.5595999360084534,-0.1433158963918686,0.281034380197525,0.5615484714508057,-0.14326587319374084,0.2834170460700989,0.5635262131690979,-0.14325466752052307,0.27381977438926697,0.5534499883651733,-0.14511863887310028,0.2724305987358093,0.5509222745895386,-0.14516648650169373,0.2708854675292969,0.5486727356910706,-0.14517779648303986,0.29018348455429077,0.5561343431472778,-0.16776242852210999,0.26980674266815186,0.5350661873817444,-0.17814061045646667,0.2834551930427551,0.5459474325180054,-0.128993958234787,0.2768634259700775,0.5395644903182983,-0.13161300122737885,0.3181622624397278,0.52942955493927,-0.12488238513469696,0.26634544134140015,0.4615379273891449,-0.15731826424598694,0.32040658593177795,0.5037546753883362,-0.025504741817712784,0.27225926518440247,0.3869968056678772,-0.0759500041604042,0.29562193155288696,0.5165071487426758,0.061207808554172516,0.2770135700702667,0.38923072814941406,0.014207949861884117,0.2952461540699005,0.5230738520622253,0.060227494686841965,0.27344250679016113,0.38174769282341003,0.014426574110984802,0.2898268401622772,0.5203093886375427,0.04991696774959564,0.2774510979652405,0.3893333375453949,-0.001603595563210547,0.28820091485977173,0.5147916674613953,0.058655548840761185,0.27954915165901184,0.39422836899757385,0.009797239676117897,0.3258785605430603,0.4055255055427551,0.012381862848997116,0.29572364687919617,0.3725976347923279,-0.012296989560127258,0.30982333421707153,0.4930092692375183,0.14330917596817017,0.27707886695861816,0.44828474521636963,0.10670904070138931,0.30335181951522827,0.47661301493644714,0.3166281282901764,0.290578693151474,0.44838666915893555,0.28703123331069946,0.3051486313343048,0.4669891893863678,0.3348618149757385,0.2945026457309723,0.4398961067199707,0.30437803268432617,0.2951250374317169,0.5013552904129028,0.33227136731147766,0.2901524305343628,0.47835299372673035,0.3139074742794037
0408,./images/114/frame_00408.jpg,Fall,0.27714675664901733,0.5540227890014648,-0.12576983869075775,0.27885735034942627,0.560398519039154,-0.14224570989608765,0.2810794711112976,0.562305212020874,-0.14219528436660767,0.28345733880996704,0.5642023086547852,-0.14218594133853912,0.27385231852531433,0.5542339086532593,-0.14480191469192505,0.27246588468551636,0.5515954494476318,-0.14485345780849457,0.2709175944328308,0.5492614507675171,-0.14486011862754822,0.29025477170944214,0.5565472841262817,-0.165798157453537,0.26982277631759644,0.5354017615318298,-0.1781509667634964,0.28345027565956116,0.546761691570282,-0.12745235860347748,0.2768672704696655,0.5402079820632935,-0.13091854751110077,0.3181473910808563,0.529691755771637,-0.12230101972818375,0.26631659269332886,0.4614045321941376,-0.15714344382286072,0.32001540064811707,0.5049322247505188,-0.023307543247938156,0.2719198167324066,0.38644763827323914,-0.0742398053407669,0.2944425642490387,0.5235270857810974,0.06310035288333893,0.27594974637031555,0.390693336725235,0.015251247212290764,0.2938838601112366,0.5313313603401184,0.062175434082746506,0.27239924669265747,0.383420467376709,0.015204625204205513,0.2884460389614105,0.5281563401222229,0.05216623470187187,0.27662867307662964,0.3909168243408203,-0.0007584852864965796,0.28685206174850464,0.5221838355064392,0.06065792590379715,0.27876555919647217,0.39565959572792053,0.010855215601623058,0.325778067111969,0.4052479565143585,0.012927045114338398,0.2958141565322876,0.372505784034729,-0.012841621413826942,0.3095364570617676,0.49252668023109436,0.14589081704616547,0.2768716514110565,0.44738590717315674,0.10727614164352417,0.3040703535079956,0.47583067417144775,0.32001104950904846,0.2916184365749359,0.44299986958503723,0.28895246982574463,0.30598965287208557,0.46632805466651917,0.33840829133987427,0.2957478165626526,0.43438783288002014,0.30666401982307434,0.29591137170791626,0.5005706548690796,0.3365228772163391,0.2911366820335388,0.4720754325389862,0.31818950176239014
0409,./images/114/frame_00409.jpg,Fall,0.27715837955474854,0.555084764957428,-0.12036015838384628,0.2788964509963989,0.5615715384483337,-0.1363457590341568,0.2811164855957031,0.5634352564811707,-0.13629712164402008,0.28348442912101746,0.5652287006378174,-0.13629227876663208,0.2738804221153259,0.5553756952285767,-0.13939109444618225,0.27249252796173096,0.5527058243751526,-0.13944299519062042,0.27094221115112305,0.5502889156341553,-0.13944603502750397,0.2902834713459015,0.5572227835655212,-0.15972106158733368,0.2698388695716858,0.5362072587013245,-0.1734841912984848,0.2834476828575134,0.5477710366249084,-0.12196265161037445,0.27687129378318787,0.541037917137146,-0.12587948143482208,0.3181034028530121,0.529951274394989,-0.11732524633407593,0.26628297567367554,0.46132296323776245,-0.1557786464691162,0.31940117478370667,0.5059328079223633,-0.020194893702864647,0.27112889289855957,0.38573914766311646,-0.0723751038312912,0.2938203811645508,0.5267887115478516,0.06618313491344452,0.27471813559532166,0.3911626636981964,0.01838974840939045,0.29328033328056335,0.5348089933395386,0.06604074686765671,0.2710816264152527,0.38363033533096313,0.01884176954627037,0.28795912861824036,0.5313425660133362,0.05638206750154495,0.27514752745628357,0.39101728796958923,0.0034398206043988466,0.2863693833351135,0.5252930521965027,0.06396479159593582,0.27733689546585083,0.39586982131004333,0.01427626796066761,0.32577550411224365,0.4048811197280884,0.01314680464565754,0.29607757925987244,0.3725331723690033,-0.013059777207672596,0.3094380497932434,0.49237874150276184,0.14595356583595276,0.27695006132125854,0.44606366753578186,0.10642872005701065,0.30403825640678406,0.4766008257865906,0.3185308575630188,0.2917691767215729,0.44206345081329346,0.29158082604408264,0.3058632016181946,0.467046320438385,0.33672621846199036,0.29578831791877747,0.43361926078796387,0.30985933542251587,0.29581448435783386,0.5019208192825317,0.33461686968803406,0.2911284863948822,0.47180047631263733,0.31790217757225037
0410,./images/114/frame_00410.jpg,Fall,0.27716848254203796,0.5555890202522278,-0.11946912854909897,0.27892160415649414,0.5621112585067749,-0.136318176984787,0.281139075756073,0.5639466047286987,-0.13626933097839355,0.28349825739860535,0.5657099485397339,-0.13626334071159363,0.2739007771015167,0.5559739470481873,-0.13922840356826782,0.27251410484313965,0.55330491065979,-0.13928116858005524,0.27096468210220337,0.5508503913879395,-0.1392805129289627,0.2902992367744446,0.5576733946800232,-0.16137631237506866,0.26985758543014526,0.53673255443573,-0.1741497814655304,0.28344640135765076,0.5482865571975708,-0.12134607136249542,0.2768799364566803,0.5415292382240295,-0.12505850195884705,0.31802302598953247,0.5304188132286072,-0.1190013736486435,0.26631486415863037,0.46129414439201355,-0.15593144297599792,0.31852272152900696,0.5119600892066956,-0.018990548327565193,0.26834627985954285,0.38405147194862366,-0.07110324501991272,0.2926483750343323,0.5344910025596619,0.06773151457309723,0.27217423915863037,0.3954085409641266,0.01988624408841133,0.2921035885810852,0.5428611040115356,0.06707773357629776,0.268205851316452,0.38810572028160095,0.019140753895044327,0.28685930371284485,0.5390274524688721,0.05676715821027756,0.272158682346344,0.3961552381515503,0.004179828800261021,0.28524675965309143,0.5326427221298218,0.06529473513364792,0.274505615234375,0.4009164571762085,0.015884745866060257,0.3257743716239929,0.40476036071777344,0.013858914375305176,0.29642432928085327,0.3726555407047272,-0.013779224827885628,0.30914679169654846,0.49139514565467834,0.15523913502693176,0.2769625782966614,0.44362661242485046,0.10802298784255981,0.3040434718132019,0.4687621593475342,0.3333500623703003,0.2915603518486023,0.4366700053215027,0.30640166997909546,0.3058348000049591,0.4583340883255005,0.35265254974365234,0.29560643434524536,0.4280705451965332,0.3279622495174408,0.29580339789390564,0.4916647672653198,0.35769379138946533,0.2904145121574402,0.46523281931877136,0.3395557999610901
0411,./images/114/frame_00411.jpg,Fall,0.2772372364997864,0.5556702613830566,-0.11744660139083862,0.27898919582366943,0.5622730851173401,-0.13495197892189026,0.28119945526123047,0.5640862584114075,-0.13490334153175354,0.28354474902153015,0.5658426880836487,-0.13489891588687897,0.273975670337677,0.5562654137611389,-0.1378389149904251,0.2725904583930969,0.5536476969718933,-0.1378905028104782,0.271040141582489,0.5512112975120544,-0.13788843154907227,0.2903212904930115,0.5579041838645935,-0.16156378388404846,0.2699177861213684,0.5372647643089294,-0.17417322099208832,0.2834695279598236,0.5484335422515869,-0.11963987350463867,0.2769443690776825,0.5417482852935791,-0.12330738455057144,0.3179280161857605,0.5308509469032288,-0.11899246275424957,0.266350656747818,0.4613700807094574,-0.1560535728931427,0.31711992621421814,0.514951765537262,-0.015734311193227768,0.26709312200546265,0.3832736909389496,-0.07124437391757965,0.2911030650138855,0.5373980402946472,0.07316990196704865,0.27066880464553833,0.3971734642982483,0.01743326708674431,0.29043370485305786,0.545764148235321,0.07305997610092163,0.26672521233558655,0.38995853066444397,0.01607159525156021,0.28532716631889343,0.541839599609375,0.06233401969075203,0.2705886662006378,0.3981974422931671,0.0013702643336728215,0.2837281823158264,0.5354166626930237,0.07068243622779846,0.2729615271091461,0.4028300344944,0.013456451706588268,0.32577699422836304,0.40465667843818665,0.014085325412452221,0.2967318296432495,0.37299004197120667,-0.014015302062034607,0.3090772330760956,0.48956719040870667,0.15997804701328278,0.27697059512138367,0.44125884771347046,0.11589322984218597,0.3042304217815399,0.464265912771225,0.3423900008201599,0.2914219796657562,0.4342683255672455,0.3169308602809906,0.3060520887374878,0.45374107360839844,0.3623306453227997,0.2954665422439575,0.4260868430137634,0.3391176760196686,0.2957516312599182,0.48615938425064087,0.3698303997516632,0.2896191477775574,0.46202990412712097,0.3520543575286865
0412,./images/114/frame_00412.jpg,Fall,0.2773917317390442,0.5558507442474365,-0.11335013061761856,0.27912837266921997,0.5625118017196655,-0.13071133196353912,0.2813273072242737,0.5642790198326111,-0.13066591322422028,0.28364723920822144,0.5659992694854736,-0.1306675374507904,0.2741163671016693,0.556630551815033,-0.13376609981060028,0.2727312445640564,0.5540421009063721,-0.13381852209568024,0.27118146419525146,0.5516064763069153,-0.13382069766521454,0.290403813123703,0.5581614971160889,-0.1576513797044754,0.27001458406448364,0.5377740859985352,-0.17112162709236145,0.28358036279678345,0.5486688017845154,-0.11563383042812347,0.27705758810043335,0.5419785976409912,-0.11950645595788956,0.3178883194923401,0.5314179062843323,-0.11460117250680923,0.2663864195346832,0.461719810962677,-0.1552480161190033,0.3156197667121887,0.5141587853431702,-0.01213247049599886,0.2664017975330353,0.3834255635738373,-0.07100877165794373,0.28899461030960083,0.5358015894889832,0.075467050075531,0.2690911293029785,0.40228158235549927,0.017773335799574852,0.28803756833076477,0.5441732406616211,0.07590962946414948,0.2652924656867981,0.39609163999557495,0.016278790310025215,0.282992422580719,0.5406135320663452,0.06542417407035828,0.2692660093307495,0.40483808517456055,0.0024839977268129587,0.2815004587173462,0.5342864394187927,0.07307995855808258,0.2716616094112396,0.4090994596481323,0.01408434472978115,0.3257647454738617,0.40464210510253906,0.01452680118381977,0.2968282997608185,0.37339720129966736,-0.014464816078543663,0.3088010251522064,0.48542115092277527,0.1586538404226303,0.276917040348053,0.4403717815876007,0.11732997000217438,0.30436843633651733,0.4572751224040985,0.3394494354724884,0.2912824749946594,0.43407195806503296,0.3129741847515106,0.3061233162879944,0.44664502143859863,0.35919034481048584,0.29531824588775635,0.42607760429382324,0.33448049426078796,0.29602283239364624,0.4779757261276245,0.36623114347457886,0.2887323498725891,0.4618595838546753,0.3455091118812561
0413,./images/114/frame_00413.jpg,Fall,0.27776581048965454,0.5559683442115784,-0.11130950599908829,0.2794542610645294,0.5627108812332153,-0.12811724841594696,0.28164148330688477,0.5644314885139465,-0.12807272374629974,0.28392890095710754,0.5661177635192871,-0.12807780504226685,0.27440744638442993,0.5569993853569031,-0.1309043914079666,0.273000031709671,0.5544688105583191,-0.1309584528207779,0.2714296281337738,0.5520758032798767,-0.1309666782617569,0.29056376218795776,0.5583487749099731,-0.15476764738559723,0.2701333165168762,0.5383504629135132,-0.16721230745315552,0.2838645279407501,0.5487959384918213,-0.11387958377599716,0.2773401737213135,0.5421450138092041,-0.11743231117725372,0.31788861751556396,0.5316375494003296,-0.11341626942157745,0.2664562165737152,0.46214866638183594,-0.15226148068904877,0.3158600926399231,0.5137602686882019,-0.013383708894252777,0.2660084366798401,0.3835001587867737,-0.07030420750379562,0.28894323110580444,0.5359331965446472,0.07460736483335495,0.26866596937179565,0.40388786792755127,0.019483279436826706,0.28790348768234253,0.5443580150604248,0.07524705678224564,0.26482146978378296,0.39770495891571045,0.018971702083945274,0.2828865647315979,0.5408369898796082,0.06479275971651077,0.26857075095176697,0.406058132648468,0.005405064672231674,0.28145095705986023,0.5345799922943115,0.07221388071775436,0.27099692821502686,0.4103717505931854,0.015924405306577682,0.32576513290405273,0.40462103486061096,0.014200123958289623,0.29687637090682983,0.3739773631095886,-0.014135884121060371,0.30844539403915405,0.4852134585380554,0.1559869796037674,0.276954710483551,0.44173529744148254,0.11719582229852676,0.3043498992919922,0.4609438180923462,0.33270519971847534,0.29097193479537964,0.4344772696495056,0.3056824505329132,0.3060694932937622,0.4507172107696533,0.3525611460208893,0.29482752084732056,0.4264231324195862,0.3263688087463379,0.29624658823013306,0.483212411403656,0.358798086643219,0.2885738015174866,0.46250906586647034,0.33901774883270264
0414,./images/114/frame_00414.jpg,Fall,0.27803289890289307,0.556262195110321,-0.10793541371822357,0.2796657383441925,0.5630959868431091,-0.12518176436424255,0.28185635805130005,0.5648143291473389,-0.1251397281885147,0.28413650393486023,0.566500723361969,-0.1251479834318161,0.2745853662490845,0.5574836134910583,-0.1275525540113449,0.2731535732746124,0.5551042556762695,-0.12760600447654724,0.271583616733551,0.5526876449584961,-0.12761953473091125,0.2906832695007324,0.5588047504425049,-0.15398478507995605,0.27020180225372314,0.5390505194664001,-0.16477325558662415,0.2840431332588196,0.5490723252296448,-0.11141493171453476,0.2775297164916992,0.5424337983131409,-0.11447850614786148,0.31788820028305054,0.5320214033126831,-0.11427325010299683,0.26656678318977356,0.4631628692150116,-0.15018796920776367,0.3147459328174591,0.5134439468383789,-0.015729539096355438,0.26597830653190613,0.38332274556159973,-0.07043899595737457,0.2877952456474304,0.5359303951263428,0.07214492559432983,0.2690353989601135,0.4018307626247406,0.017718439921736717,0.2868303060531616,0.5447086691856384,0.07285953313112259,0.26535147428512573,0.3951530456542969,0.01717374287545681,0.2819405496120453,0.5411166548728943,0.06273786723613739,0.26902705430984497,0.4030534029006958,0.003310003550723195,0.2804969251155853,0.5346660017967224,0.06988536566495895,0.2714211344718933,0.4074667990207672,0.013985775411128998,0.32577428221702576,0.4045105278491974,0.014058774337172508,0.29705601930618286,0.3743671476840973,-0.01400084514170885,0.30824682116508484,0.4843311607837677,0.15382680296897888,0.2777417302131653,0.44167980551719666,0.11901470273733139,0.3044775426387787,0.4591197669506073,0.3304644227027893,0.290898859500885,0.43646833300590515,0.30704358220100403,0.30623266100883484,0.4484500586986542,0.3498486876487732,0.29475757479667664,0.42860153317451477,0.3276522755622864,0.29680776596069336,0.48143529891967773,0.35311514139175415,0.28855159878730774,0.46501463651657104,0.33614951372146606
0415,./images/114/frame_00415.jpg,Fall,0.2780333459377289,0.5567094087600708,-0.10803201049566269,0.2796706259250641,0.56355881690979,-0.12591838836669922,0.2818596363067627,0.5652878284454346,-0.1258760541677475,0.2841387391090393,0.5669858455657959,-0.12588147819042206,0.2745986878871918,0.5579935312271118,-0.1280716061592102,0.2731667459011078,0.5556975603103638,-0.12812402844429016,0.27160125970840454,0.5532639622688293,-0.12813535332679749,0.2906956672668457,0.5592528581619263,-0.15568096935749054,0.2702184319496155,0.5394842028617859,-0.16569511592388153,0.2840401530265808,0.5495467782020569,-0.11178694665431976,0.27753448486328125,0.5429159998893738,-0.1145482286810875,0.3178878426551819,0.5321523547172546,-0.11587504297494888,0.26670634746551514,0.46332529187202454,-0.15028074383735657,0.31395837664604187,0.513214647769928,-0.017402056604623795,0.2661017179489136,0.38329437375068665,-0.0691881775856018,0.2878282070159912,0.5363675951957703,0.07080020010471344,0.2696987986564636,0.4004562497138977,0.01976684108376503,0.28708505630493164,0.5455107092857361,0.07127152383327484,0.26611509919166565,0.3935144543647766,0.01916453242301941,0.28218895196914673,0.5417282581329346,0.06166868656873703,0.2698039710521698,0.4012821316719055,0.005640898831188679,0.2806866765022278,0.5350673198699951,0.06872806698083878,0.27217909693717957,0.4057461619377136,0.01616053655743599,0.3257918953895569,0.40446433424949646,0.013616080395877361,0.2972462773323059,0.37457457184791565,-0.01355675607919693,0.3080095052719116,0.4833953380584717,0.1565091758966446,0.2790568470954895,0.4399985074996948,0.12637177109718323,0.3050883412361145,0.45653945207595825,0.3401990532875061,0.2914716303348541,0.435619980096817,0.3199234902858734,0.3070559501647949,0.44564899802207947,0.36040574312210083,0.29516950249671936,0.4278421103954315,0.3412935137748718,0.2976653575897217,0.47817257046699524,0.36660659313201904,0.2890148460865021,0.4642373025417328,0.35080575942993164
0416,./images/114/frame_00416.jpg,Fall,0.27805644273757935,0.5569478869438171,-0.1027851328253746,0.2796897292137146,0.5638221502304077,-0.12054586410522461,0.2818780541419983,0.565561830997467,-0.120505690574646,0.2841567397117615,0.5672673583030701,-0.12051203101873398,0.27463096380233765,0.5582890510559082,-0.12243552505970001,0.2732008397579193,0.5560398697853088,-0.12248669564723969,0.27164357900619507,0.5535978674888611,-0.12250188738107681,0.2907070517539978,0.5596030354499817,-0.1517500877380371,0.2702600359916687,0.5398615598678589,-0.16039040684700012,0.2840539813041687,0.5498313307762146,-0.10715285688638687,0.27755454182624817,0.5431728363037109,-0.10958317667245865,0.31788748502731323,0.532180905342102,-0.11492326110601425,0.26673540472984314,0.4635618031024933,-0.14631175994873047,0.31346455216407776,0.5130507349967957,-0.018255850300192833,0.26627111434936523,0.38333648443222046,-0.06597509980201721,0.2874816656112671,0.5359413623809814,0.07002268731594086,0.2703472375869751,0.3992377817630768,0.024279523640871048,0.28669416904449463,0.5449575185775757,0.07072070986032486,0.26694053411483765,0.3926917314529419,0.024707019329071045,0.2819291651248932,0.5411991477012634,0.06147463247179985,0.270494669675827,0.39999276399612427,0.011554228141903877,0.28044456243515015,0.5345739126205444,0.0680440217256546,0.272891104221344,0.40435492992401123,0.020876044407486916,0.3258190453052521,0.4042685329914093,0.012614207342267036,0.2972906231880188,0.3746589124202728,-0.01255013607442379,0.30778881907463074,0.48223355412483215,0.15495479106903076,0.28054994344711304,0.43868696689605713,0.1268850862979889,0.30560535192489624,0.4562329649925232,0.33639439940452576,0.29207637906074524,0.4359237253665924,0.3176594376564026,0.3078039884567261,0.4453502595424652,0.3561593294143677,0.2955363094806671,0.4282298982143402,0.3385961651802063,0.2985188066959381,0.47849100828170776,0.3609127998352051,0.28970521688461304,0.4649905264377594,0.3466153144836426
0417,./images/114/frame_00417.jpg,Fall,0.27819401025772095,0.5569761395454407,-0.10043416917324066,0.2797597050666809,0.5638823509216309,-0.11818215996026993,0.2819445729255676,0.565618634223938,-0.11814385652542114,0.28421956300735474,0.5673313736915588,-0.11814979463815689,0.27470076084136963,0.558426558971405,-0.11978676170110703,0.2732625901699066,0.5562262535095215,-0.11983771622180939,0.27170345187187195,0.5538182854652405,-0.11985717713832855,0.29071566462516785,0.5597431063652039,-0.14994683861732483,0.27031025290489197,0.5402033925056458,-0.15729603171348572,0.2841092348098755,0.5498688817024231,-0.10512155294418335,0.27762091159820557,0.5432802438735962,-0.10717906057834625,0.3178446292877197,0.5321528911590576,-0.11488513648509979,0.26673370599746704,0.4636937379837036,-0.14344872534275055,0.31301242113113403,0.5151398777961731,-0.01859099231660366,0.26638346910476685,0.383357971906662,-0.06260783970355988,0.287767618894577,0.539180338382721,0.07055991888046265,0.2708221673965454,0.3948460817337036,0.02717403694987297,0.2871573269367218,0.5484277009963989,0.07171738147735596,0.2674543857574463,0.387695848941803,0.02795107662677765,0.2823619544506073,0.5442787408828735,0.0627962201833725,0.2711425721645355,0.39443910121917725,0.014680661261081696,0.28080815076828003,0.5374963283538818,0.0687340795993805,0.273304283618927,0.3990488648414612,0.02373538538813591,0.3258519172668457,0.4038063585758209,0.011439911089837551,0.29730138182640076,0.3748217225074768,-0.011373436078429222,0.3077160716056824,0.48123854398727417,0.15420129895210266,0.28221601247787476,0.43762826919555664,0.12877395749092102,0.3067014515399933,0.4552825093269348,0.3360850512981415,0.29365020990371704,0.43539953231811523,0.3201609253883362,0.3092512786388397,0.44427359104156494,0.35600611567497253,0.2969985604286194,0.427682489156723,0.34115344285964966,0.2998358905315399,0.47765421867370605,0.3611333668231964,0.29141944646835327,0.4646533131599426,0.3490971028804779
0418,./images/114/frame_00418.jpg,Fall,0.27820220589637756,0.5571414232254028,-0.10139337927103043,0.27975982427597046,0.5641058683395386,-0.11913007497787476,0.2819436192512512,0.5658478140830994,-0.11909282207489014,0.28421804308891296,0.5675700306892395,-0.11909942328929901,0.2747025489807129,0.5586888790130615,-0.12068810313940048,0.27326372265815735,0.5565171837806702,-0.12073929607868195,0.27170491218566895,0.5541222095489502,-0.120758056640625,0.29069778323173523,0.5599901676177979,-0.15064841508865356,0.27031561732292175,0.54053795337677,-0.1577862799167633,0.28411394357681274,0.5499705672264099,-0.10599634796380997,0.2776277959346771,0.5434646010398865,-0.10798968374729156,0.31780946254730225,0.5321429967880249,-0.11538825184106827,0.2667069435119629,0.4637368619441986,-0.1435130387544632,0.3126174807548523,0.5159971714019775,-0.018846141174435616,0.2664641737937927,0.3833525776863098,-0.0626147910952568,0.2877630591392517,0.5409538745880127,0.07045512646436691,0.2712271213531494,0.39193737506866455,0.026287609711289406,0.28733566403388977,0.5505128502845764,0.07156836241483688,0.26783639192581177,0.38445183634757996,0.026857499033212662,0.28252607583999634,0.5461965203285217,0.06268083304166794,0.2716449201107025,0.39117130637168884,0.013347195461392403,0.2808848023414612,0.5392653346061707,0.06866086274385452,0.27368202805519104,0.395921528339386,0.02272707223892212,0.3258824944496155,0.40361103415489197,0.01092456839978695,0.29730576276779175,0.37499406933784485,-0.010853270068764687,0.3075394034385681,0.48112550377845764,0.15411071479320526,0.2825895845890045,0.4375461935997009,0.12946099042892456,0.3072280287742615,0.454574853181839,0.3373613953590393,0.2943188548088074,0.43519189953804016,0.3219750225543976,0.3098979592323303,0.4433971345424652,0.3574579656124115,0.2977029085159302,0.427341490983963,0.3431010842323303,0.3004678189754486,0.4767686128616333,0.36241674423217773,0.2922806143760681,0.46459901332855225,0.3507475256919861
0419,./images/114/frame_00419.jpg,Fall,0.27820056676864624,0.5571886897087097,-0.10379064083099365,0.2797544598579407,0.5641478896141052,-0.12142886221408844,0.28193435072898865,0.565897524356842,-0.12138959020376205,0.28420281410217285,0.5676394104957581,-0.1213945522904396,0.27469804883003235,0.5587549209594727,-0.123129703104496,0.27325770258903503,0.5566025376319885,-0.12318111956119537,0.2716996371746063,0.5542292594909668,-0.12319743633270264,0.29067233204841614,0.5600935816764832,-0.15196195244789124,0.2703173756599426,0.5406348705291748,-0.15992668271064758,0.28411227464675903,0.5499986410140991,-0.10804049670696259,0.27762848138809204,0.5435556769371033,-0.11023509502410889,0.31777578592300415,0.5321336984634399,-0.11723382771015167,0.26668334007263184,0.46372872591018677,-0.1446996033191681,0.3127552270889282,0.5166530013084412,-0.02219872549176216,0.2665279507637024,0.38327375054359436,-0.06364235281944275,0.28796157240867615,0.5415626764297485,0.06928924471139908,0.27194130420684814,0.38832777738571167,0.024403341114521027,0.2875617742538452,0.5511417388916016,0.07041165977716446,0.2685859799385071,0.380227655172348,0.024898629635572433,0.28272539377212524,0.5466770529747009,0.06173466518521309,0.2723819613456726,0.38674041628837585,0.012063187547028065,0.2810797393321991,0.5397049188613892,0.06758195906877518,0.2742787003517151,0.39172032475471497,0.020912382751703262,0.3259207606315613,0.4034530520439148,0.01033962331712246,0.2973099946975708,0.375146746635437,-0.010262969881296158,0.3074791431427002,0.4815436601638794,0.1540665328502655,0.2829696536064148,0.437637597322464,0.1304892599582672,0.3076486587524414,0.45608842372894287,0.33706191182136536,0.29505738615989685,0.43547406792640686,0.32251879572868347,0.3103620111942291,0.4450899362564087,0.3571573495864868,0.2984396517276764,0.4273887574672699,0.34349963068962097,0.30107879638671875,0.47862693667411804,0.36082547903060913,0.2935405373573303,0.46585986018180847,0.3494846224784851
0420,./images/114/frame_00420.jpg,Fall,0.27815207839012146,0.557191789150238,-0.10422195494174957,0.27966591715812683,0.5641499757766724,-0.12155316770076752,0.2818357050418854,0.5659127831459045,-0.12150734663009644,0.2840938866138458,0.567678689956665,-0.12150329351425171,0.27462705969810486,0.558752179145813,-0.1235487312078476,0.2731921076774597,0.5566052198410034,-0.12359835207462311,0.27164673805236816,0.5542428493499756,-0.12360924482345581,0.29050520062446594,0.5601081252098083,-0.15323467552661896,0.2703091502189636,0.5406588912010193,-0.16035299003124237,0.28407594561576843,0.5499797463417053,-0.10833583027124405,0.2776130437850952,0.5435640215873718,-0.11038458347320557,0.3177641034126282,0.5321280360221863,-0.11929082870483398,0.2666627764701843,0.4637147784233093,-0.14537712931632996,0.31287166476249695,0.5164009928703308,-0.02303207665681839,0.26654326915740967,0.38328415155410767,-0.06589671224355698,0.2881207764148712,0.5407329797744751,0.06860051304101944,0.27200812101364136,0.3869430124759674,0.019248155876994133,0.287692129611969,0.5501340627670288,0.0696345716714859,0.26874515414237976,0.37864768505096436,0.018965784460306168,0.2828303873538971,0.5457826256752014,0.06070791557431221,0.2725110948085785,0.3853379189968109,0.005827565677464008,0.2812153995037079,0.538889467716217,0.0668678879737854,0.27445998787879944,0.39037978649139404,0.015645405277609825,0.32595306634902954,0.40339529514312744,0.010239343158900738,0.29730871319770813,0.37516695261001587,-0.01016228087246418,0.3074275851249695,0.4818267822265625,0.15402427315711975,0.2827918529510498,0.4378890097141266,0.13014957308769226,0.3076971173286438,0.4560341238975525,0.33875617384910583,0.29517513513565063,0.4358251690864563,0.32370924949645996,0.3103896975517273,0.4448726773262024,0.3589736223220825,0.29867953062057495,0.4278336465358734,0.3449247479438782,0.30103155970573425,0.478454053401947,0.36259666085243225,0.2936871647834778,0.4660189747810364,0.3513238728046417
0421,./images/114/frame_00421.jpg,Fall,0.2781347632408142,0.5572407841682434,-0.104617640376091,0.27962493896484375,0.5641934871673584,-0.12212856858968735,0.2817859351634979,0.5659638047218323,-0.12209044396877289,0.28403210639953613,0.5677475929260254,-0.1220950335264206,0.27460339665412903,0.5588237643241882,-0.1240164041519165,0.27317458391189575,0.5567026138305664,-0.12407044321298599,0.27163243293762207,0.5544379353523254,-0.12408812344074249,0.29036420583724976,0.5601483583450317,-0.15341489017009735,0.27031058073043823,0.5408507585525513,-0.16107867658138275,0.28405386209487915,0.5500136613845825,-0.10886113345623016,0.27761247754096985,0.5436649918556213,-0.1110607236623764,0.317756325006485,0.532121479511261,-0.11909624189138412,0.26664644479751587,0.4637092649936676,-0.14582890272140503,0.3121657073497772,0.5149730443954468,-0.022079231217503548,0.26657456159591675,0.38332751393318176,-0.06593583524227142,0.2878856360912323,0.5405442714691162,0.0685168206691742,0.27202579379081726,0.38557717204093933,0.01790051907300949,0.28767675161361694,0.549749493598938,0.06944265961647034,0.26884588599205017,0.3769717812538147,0.01732507348060608,0.2828352451324463,0.5454824566841125,0.06041283532977104,0.2726060748100281,0.38372087478637695,0.0038516658823937178,0.2811310291290283,0.5388414263725281,0.06673398613929749,0.2745864987373352,0.3888697028160095,0.014133943244814873,0.32599836587905884,0.40330785512924194,0.010258780792355537,0.29730966687202454,0.37527137994766235,-0.010181860998272896,0.3070847988128662,0.481997549533844,0.1542879045009613,0.28260594606399536,0.4381093680858612,0.12891188263893127,0.308428555727005,0.4514233469963074,0.3390905261039734,0.2960439622402191,0.43332773447036743,0.32307296991348267,0.31144648790359497,0.43939703702926636,0.3592990040779114,0.29997527599334717,0.4243587553501129,0.34447017312049866,0.30173924565315247,0.4719559848308563,0.3637259602546692,0.29433634877204895,0.4622269868850708,0.3523063659667969
0422,./images/114/frame_00422.jpg,Fall,0.278100848197937,0.5576706528663635,-0.10410938411951065,0.27959296107292175,0.5644181370735168,-0.12207547575235367,0.2817513644695282,0.5662051439285278,-0.12204499542713165,0.28399282693862915,0.568013072013855,-0.12205405533313751,0.27458053827285767,0.559048056602478,-0.1238604187965393,0.27315837144851685,0.5569383502006531,-0.12391842901706696,0.27162057161331177,0.5547346472740173,-0.12394245713949203,0.290260910987854,0.5603171586990356,-0.15362372994422913,0.27031153440475464,0.5410805940628052,-0.16142641007900238,0.28403764963150024,0.550216019153595,-0.10856661945581436,0.27761104702949524,0.5439348816871643,-0.1107558012008667,0.3177548348903656,0.532157838344574,-0.11883127689361572,0.2666350305080414,0.46395042538642883,-0.14606717228889465,0.31095772981643677,0.513576328754425,-0.020209554582834244,0.26685941219329834,0.38316938281059265,-0.06618388742208481,0.28706878423690796,0.5400763750076294,0.06845588982105255,0.27294960618019104,0.38350164890289307,0.01725335419178009,0.2870452105998993,0.5495717525482178,0.06921477615833282,0.2697855234146118,0.374380886554718,0.016110166907310486,0.28223705291748047,0.5454049110412598,0.06032326817512512,0.27338525652885437,0.3809940814971924,0.0022371108643710613,0.2804344892501831,0.5384493470191956,0.0666610524058342,0.27538007497787476,0.3862360119819641,0.013271714560687542,0.32605093717575073,0.4032149016857147,0.01041440200060606,0.2973434329032898,0.3753719627857208,-0.01033935509622097,0.30633533000946045,0.48133569955825806,0.16029423475265503,0.2824767529964447,0.4381662607192993,0.1298488825559616,0.30923640727996826,0.44216620922088623,0.34917473793029785,0.29737451672554016,0.4251549243927002,0.33042848110198975,0.31255972385406494,0.4291292726993561,0.36999839544296265,0.3018219470977783,0.4150288999080658,0.3526424169540405,0.3024239242076874,0.459990531206131,0.3780055642127991,0.2951703667640686,0.4502749443054199,0.36423295736312866
0423,./images/114/frame_00423.jpg,Fall,0.27804747223854065,0.5578123927116394,-0.10122598707675934,0.2795339524745941,0.5644681453704834,-0.11929446458816528,0.28167659044265747,0.5662544369697571,-0.11927368491888046,0.2839032709598541,0.568067193031311,-0.11928756535053253,0.2745605707168579,0.55911785364151,-0.1210007444024086,0.2731480598449707,0.5570147037506104,-0.1210620254278183,0.27161574363708496,0.5548396706581116,-0.12109436839818954,0.29012349247932434,0.5603856444358826,-0.15124185383319855,0.27031317353248596,0.541266143321991,-0.15888749063014984,0.2839568853378296,0.5503297448158264,-0.10586293041706085,0.2776035666465759,0.5440932512283325,-0.10799670219421387,0.3177488148212433,0.5321530103683472,-0.11649121344089508,0.26661354303359985,0.46406227350234985,-0.1445419192314148,0.31120291352272034,0.5126579999923706,-0.018527531996369362,0.26706647872924805,0.38316765427589417,-0.06592516601085663,0.28738588094711304,0.539183497428894,0.06811419129371643,0.2743256092071533,0.3824273943901062,0.017105523496866226,0.2876426875591278,0.5488499402999878,0.06850569695234299,0.27136731147766113,0.3732896149158478,0.01587734743952751,0.282888263463974,0.5446274876594543,0.05996978282928467,0.2748841345310211,0.3799281120300293,0.0019626053981482983,0.28097742795944214,0.5374659299850464,0.06635409593582153,0.2768421173095703,0.3851218819618225,0.013087926432490349,0.326090544462204,0.4030897319316864,0.010848809033632278,0.29738807678222656,0.3753875195980072,-0.010776342824101448,0.3055855631828308,0.4800156056880951,0.16166844964027405,0.282382607460022,0.4383051097393036,0.12934018671512604,0.30990397930145264,0.43526050448417664,0.348728209733963,0.29841458797454834,0.4183913469314575,0.32839342951774597,0.31350114941596985,0.421647846698761,0.3693827986717224,0.3031800091266632,0.4074745178222656,0.3504089117050171,0.3029136061668396,0.45178183913230896,0.3788148760795593,0.29563435912132263,0.4414493441581726,0.36297255754470825
0424,./images/114/frame_00424.jpg,Fall,0.278001070022583,0.5578678846359253,-0.09822577238082886,0.2794850170612335,0.5644583106040955,-0.1166740208864212,0.2816024422645569,0.56624436378479,-0.11665626615285873,0.28380686044692993,0.5680583119392395,-0.11666975170373917,0.2745508849620819,0.5591157674789429,-0.1182546392083168,0.27314263582229614,0.5570144057273865,-0.1183149665594101,0.27161112427711487,0.5548489689826965,-0.11835017055273056,0.28999385237693787,0.5603998899459839,-0.1494794487953186,0.2703101336956024,0.5413600206375122,-0.15665438771247864,0.2838480472564697,0.5503829717636108,-0.10308995097875595,0.27759748697280884,0.5441888570785522,-0.10506739467382431,0.31771379709243774,0.5321488380432129,-0.11513086408376694,0.2665712237358093,0.4642711281776428,-0.14278122782707214,0.31121811270713806,0.5128458142280579,-0.017735157161951065,0.26752832531929016,0.3833884298801422,-0.06442052870988846,0.2874910533428192,0.5392127633094788,0.06751420348882675,0.27602559328079224,0.38073307275772095,0.017179246991872787,0.28769075870513916,0.5488388538360596,0.06744072586297989,0.273364782333374,0.37126433849334717,0.01600610837340355,0.28292927145957947,0.5445042252540588,0.059051163494586945,0.2767884135246277,0.377585768699646,0.002088115783408284,0.281032532453537,0.5373454093933105,0.06572265923023224,0.2786491811275482,0.3828068971633911,0.013105425052344799,0.32614466547966003,0.4029097557067871,0.011250859126448631,0.297404944896698,0.37537965178489685,-0.0111839072778821,0.3050895631313324,0.47877681255340576,0.16458526253700256,0.28236493468284607,0.43842774629592896,0.13139916956424713,0.31050699949264526,0.4305095672607422,0.3534941077232361,0.2990092933177948,0.4137095510959625,0.3322100043296814,0.31425684690475464,0.4165462553501129,0.3744560182094574,0.30383723974227905,0.4024501442909241,0.35451844334602356,0.30351361632347107,0.44605565071105957,0.38565897941589355,0.295896977186203,0.43553414940834045,0.36882680654525757
0425,./images/114/frame_00425.jpg,Fall,0.27798131108283997,0.5578736066818237,-0.09799467772245407,0.2794584333896637,0.5644528865814209,-0.11654984951019287,0.28156182169914246,0.5662396550178528,-0.11653174459934235,0.2837546467781067,0.5680516958236694,-0.11654509603977203,0.27454715967178345,0.559105634689331,-0.11821718513965607,0.27314114570617676,0.5570008754730225,-0.11827781051397324,0.2716100215911865,0.5548327565193176,-0.11831208318471909,0.28991052508354187,0.5604221224784851,-0.14933359622955322,0.2703095078468323,0.5414140224456787,-0.15681952238082886,0.2837744355201721,0.5504123568534851,-0.10276763141155243,0.2775963246822357,0.5442261695861816,-0.10484848916530609,0.31768718361854553,0.5321614146232605,-0.11430162191390991,0.2665296196937561,0.46433740854263306,-0.14284956455230713,0.3111947178840637,0.5132322907447815,-0.016413690522313118,0.26794201135635376,0.383638471364975,-0.063273586332798,0.2875465750694275,0.5394091010093689,0.06750575453042984,0.27628806233406067,0.3812140226364136,0.01853937841951847,0.28771162033081055,0.5489510297775269,0.06737536191940308,0.27359455823898315,0.37188583612442017,0.01671040803194046,0.28293943405151367,0.5445830225944519,0.05882535129785538,0.2769794762134552,0.3783607482910156,0.002875401871278882,0.2810463607311249,0.5374349355697632,0.06570598483085632,0.2788795530796051,0.38350775837898254,0.014460979029536247,0.32618197798728943,0.40251854062080383,0.011866609565913677,0.29741334915161133,0.37526243925094604,-0.0118092130869627,0.30509811639785767,0.4777706265449524,0.1659131944179535,0.2823214828968048,0.4384986460208893,0.1309657096862793,0.3110209107398987,0.42757144570350647,0.3546300530433655,0.2992236018180847,0.41117727756500244,0.33233803510665894,0.3147493302822113,0.4134834408760071,0.3755970597267151,0.3040952682495117,0.399936705827713,0.354792058467865,0.30408430099487305,0.4423830807209015,0.3877308964729309,0.2960355877876282,0.43198081851005554,0.3704243004322052
0426,./images/114/frame_00426.jpg,Fall,0.2779906094074249,0.5578683018684387,-0.09930997341871262,0.279460608959198,0.564362645149231,-0.11768601089715958,0.28156113624572754,0.5661450028419495,-0.1176634207367897,0.28375357389450073,0.5679742097854614,-0.11767511069774628,0.2745611071586609,0.559045135974884,-0.1194012314081192,0.2731550335884094,0.5569459199905396,-0.11946040391921997,0.27161985635757446,0.5547928810119629,-0.11949076503515244,0.28993406891822815,0.5604386925697327,-0.14953333139419556,0.2703099846839905,0.5414055585861206,-0.1573425680398941,0.2837577164173126,0.5504207611083984,-0.10393141210079193,0.27761077880859375,0.5442454218864441,-0.1060803160071373,0.31764885783195496,0.5321768522262573,-0.11461706459522247,0.2665034532546997,0.46442535519599915,-0.1433364748954773,0.3102658689022064,0.5159080028533936,-0.016650725156068802,0.26813894510269165,0.3850953280925751,-0.06331144273281097,0.2865740656852722,0.5429985523223877,0.06728138029575348,0.2761773467063904,0.38166138529777527,0.018598545342683792,0.2867547869682312,0.5530293583869934,0.06674496829509735,0.2734951376914978,0.3724256157875061,0.01661582663655281,0.2818581163883209,0.5482656955718994,0.057581424713134766,0.27695271372795105,0.37902674078941345,0.002763398690149188,0.27990931272506714,0.5408915877342224,0.06520552933216095,0.27883148193359375,0.38413047790527344,0.01450654398649931,0.32619911432266235,0.40222710371017456,0.012414444237947464,0.2974141836166382,0.37518563866615295,-0.012365272268652916,0.3050999939441681,0.47768694162368774,0.1660957634449005,0.27989429235458374,0.4473779797554016,0.13057972490787506,0.31144610047340393,0.4275391101837158,0.3551921546459198,0.2992555499076843,0.4116275906562805,0.3326176702976227,0.31508421897888184,0.41368645429611206,0.3762487471103668,0.3041701018810272,0.40051838755607605,0.3553096652030945,0.3047369122505188,0.44184836745262146,0.38854148983955383,0.2961987853050232,0.4322620928287506,0.3717145323753357
0427,./images/114/frame_00427.jpg,Fall,0.27797967195510864,0.5578852891921997,-0.09573057293891907,0.2794475257396698,0.564355194568634,-0.1137051209807396,0.2815419137477875,0.5661373734474182,-0.11368747800588608,0.28373196721076965,0.5679666996002197,-0.11370160430669785,0.27455952763557434,0.5590350031852722,-0.11562508344650269,0.2731541097164154,0.5569338798522949,-0.11568596214056015,0.2716182470321655,0.5547794103622437,-0.11572261154651642,0.28988415002822876,0.5604882836341858,-0.14559035003185272,0.2702849805355072,0.5414494276046753,-0.15429823100566864,0.2836983799934387,0.5505126714706421,-0.10044676065444946,0.2776101231575012,0.5443390607833862,-0.10285745561122894,0.3176230490207672,0.5321855545043945,-0.11071684211492538,0.26646167039871216,0.4645538032054901,-0.14186960458755493,0.31034547090530396,0.5158008933067322,-0.014768299646675587,0.26829472184181213,0.3851289451122284,-0.06334643065929413,0.2865627408027649,0.5424515008926392,0.0672735869884491,0.276714950799942,0.3809898793697357,0.018575871363282204,0.2866048514842987,0.5523104071617126,0.06675340235233307,0.2740836441516876,0.37156495451927185,0.016627639532089233,0.2817910313606262,0.547683596611023,0.05757778882980347,0.2774328887462616,0.37797653675079346,0.0027822505217045546,0.27989262342453003,0.5404127240180969,0.06515832990407944,0.27928420901298523,0.3831467628479004,0.014491386711597443,0.3262232542037964,0.401750773191452,0.012837475165724754,0.2974238693714142,0.3751225471496582,-0.012790161184966564,0.3050508201122284,0.47758913040161133,0.16453681886196136,0.2797584533691406,0.44640251994132996,0.12685900926589966,0.31150805950164795,0.42794269323349,0.3547722399234772,0.29927968978881836,0.41202571988105774,0.3279082477092743,0.3152109384536743,0.41404783725738525,0.3754402995109558,0.3041844666004181,0.40091434121131897,0.35047411918640137,0.30470308661460876,0.4425908029079437,0.3833770453929901,0.29613563418388367,0.4330787658691406,0.3695513606071472
0428,./images/114/frame_00428.jpg,Fall,0.2779789865016937,0.5578829646110535,-0.09210436791181564,0.2794497013092041,0.5643433928489685,-0.10976193845272064,0.2815414369106293,0.5661247372627258,-0.10974811017513275,0.28373080492019653,0.5679564476013184,-0.10976513475179672,0.27457088232040405,0.5590295791625977,-0.11162086576223373,0.2731660008430481,0.556925356388092,-0.11168138682842255,0.2716270387172699,0.5547685623168945,-0.11172318458557129,0.28986069560050964,0.5605215430259705,-0.14174845814704895,0.27026790380477905,0.5414966940879822,-0.1502111852169037,0.2836793065071106,0.5505503416061401,-0.09703566133975983,0.27761539816856384,0.5443821549415588,-0.09936969727277756,0.317607581615448,0.5321736335754395,-0.1084228903055191,0.2664204239845276,0.46474689245224,-0.13899019360542297,0.31036171317100525,0.5160580277442932,-0.014788840897381306,0.268348753452301,0.38523444533348083,-0.06231575459241867,0.28674057126045227,0.5427619218826294,0.06670426577329636,0.27698153257369995,0.3808536231517792,0.019019652158021927,0.28676921129226685,0.5525376200675964,0.06636908650398254,0.2743834853172302,0.37148576974868774,0.017275942489504814,0.2820189297199249,0.5480495691299438,0.05719346925616264,0.27763861417770386,0.37786614894866943,0.003649340942502022,0.28011950850486755,0.5408474206924438,0.06453001499176025,0.27948665618896484,0.3830223083496094,0.015018736943602562,0.32623130083084106,0.4012560248374939,0.013013082556426525,0.29743263125419617,0.3750406801700592,-0.012966262176632881,0.3050341010093689,0.47700098156929016,0.1642383635044098,0.2797124981880188,0.44577556848526,0.12499228864908218,0.31159788370132446,0.42706888914108276,0.3477305471897125,0.29931938648223877,0.4115091860294342,0.3229958415031433,0.3153259754180908,0.4129866659641266,0.3678542375564575,0.30416256189346313,0.40034031867980957,0.34500688314437866,0.3048355281352997,0.44188737869262695,0.37888723611831665,0.2960742712020874,0.43241453170776367,0.3628558814525604
0429,./images/114/frame_00429.jpg,Fall,0.2780139446258545,0.5578744411468506,-0.08829863369464874,0.27949050068855286,0.5643218755722046,-0.10594439506530762,0.2815740704536438,0.5661012530326843,-0.1059313416481018,0.28376054763793945,0.567936360836029,-0.10594828426837921,0.27463069558143616,0.5590229630470276,-0.10774203389883041,0.2732265591621399,0.5569158792495728,-0.10780273377895355,0.2716827094554901,0.5547608137130737,-0.1078469529747963,0.28985995054244995,0.5605607628822327,-0.13861003518104553,0.2702637314796448,0.5415921807289124,-0.14673611521720886,0.28367704153060913,0.5505644083023071,-0.09354040026664734,0.2776472270488739,0.5444115400314331,-0.09577202796936035,0.31758299469947815,0.532075822353363,-0.10658453404903412,0.26636800169944763,0.464904248714447,-0.13598471879959106,0.31055620312690735,0.5170637965202332,-0.014228010550141335,0.26842060685157776,0.38572314381599426,-0.059165723621845245,0.28733164072036743,0.5442611575126648,0.06691347062587738,0.27806615829467773,0.3803694546222687,0.022733472287654877,0.2874380946159363,0.5539729595184326,0.06677728146314621,0.27563950419425964,0.370956152677536,0.021618500351905823,0.28274956345558167,0.5495573878288269,0.05766922980546951,0.27880361676216125,0.377244770526886,0.008090715855360031,0.28079259395599365,0.5424014329910278,0.0647355169057846,0.2805784344673157,0.3824301064014435,0.018830083310604095,0.3262423574924469,0.4006953835487366,0.013007054105401039,0.2974563539028168,0.3749171793460846,-0.012960302643477917,0.30504682660102844,0.4768221974372864,0.1611829698085785,0.2797049880027771,0.4453529417514801,0.12453200668096542,0.3118804693222046,0.4260299801826477,0.3423911929130554,0.2994064688682556,0.41051462292671204,0.32127219438552856,0.31567469239234924,0.41167381405830383,0.3624544143676758,0.3042340874671936,0.3991846442222595,0.34305232763290405,0.30521759390830994,0.4407871961593628,0.37450191378593445,0.29602161049842834,0.431119441986084,0.36053934693336487
0430,./images/114/frame_00430.jpg,Fall,0.2780541777610779,0.5578721165657043,-0.08446357399225235,0.27952322363853455,0.5643161535263062,-0.10208914428949356,0.2815972864627838,0.5660882592201233,-0.10207659006118774,0.2837790548801422,0.5679094195365906,-0.10209250450134277,0.2746785283088684,0.5590253472328186,-0.10381563007831573,0.2732720971107483,0.5569331645965576,-0.10387472808361053,0.27172231674194336,0.5547986030578613,-0.10391982644796371,0.2898508906364441,0.5605650544166565,-0.1355351358652115,0.2702489495277405,0.5417888164520264,-0.14331212639808655,0.28367552161216736,0.550588071346283,-0.09006360173225403,0.2776598036289215,0.5444867610931396,-0.09219396114349365,0.3175507187843323,0.5318372845649719,-0.10523419082164764,0.2663058638572693,0.4652089476585388,-0.1326664239168167,0.3107483983039856,0.5170101523399353,-0.014455470256507397,0.27006006240844727,0.38812196254730225,-0.05720793083310127,0.287740021944046,0.5445815324783325,0.06635604798793793,0.2798096537590027,0.3794422447681427,0.023580575361847878,0.28786343336105347,0.5544192790985107,0.06613006442785263,0.27762076258659363,0.37000155448913574,0.02263644151389599,0.28317880630493164,0.5501421689987183,0.05732888728380203,0.28084105253219604,0.3760650157928467,0.008993611671030521,0.281203031539917,0.5429712533950806,0.06423380225896835,0.2825031876564026,0.38129064440727234,0.019604701548814774,0.32624465227127075,0.4001791775226593,0.012898638844490051,0.29744940996170044,0.37476420402526855,-0.012853463180363178,0.3050606846809387,0.47684067487716675,0.15834680199623108,0.28163230419158936,0.4425196051597595,0.12474723160266876,0.3124285340309143,0.4266735911369324,0.3399781584739685,0.2994326949119568,0.41118723154067993,0.3214191794395447,0.31629127264022827,0.4123261272907257,0.36006322503089905,0.30423739552497864,0.400010347366333,0.343108206987381,0.3059989809989929,0.44193047285079956,0.37106144428253174,0.295996755361557,0.43225085735321045,0.35962364077568054
0431,./images/114/frame_00431.jpg,Fall,0.27807894349098206,0.5578718185424805,-0.08102751523256302,0.27954810857772827,0.5643109679222107,-0.09867267310619354,0.2816183269023895,0.5660801529884338,-0.0986623764038086,0.28379902243614197,0.5679028034210205,-0.09868151694536209,0.2747093141078949,0.5590527653694153,-0.10037650167942047,0.2733018100261688,0.556980550289154,-0.10043488442897797,0.27174994349479675,0.5548681020736694,-0.10048099607229233,0.28984659910202026,0.5605862140655518,-0.13294468820095062,0.27023857831954956,0.5419836640357971,-0.14057031273841858,0.2836736738681793,0.5506312251091003,-0.08698415011167526,0.277664452791214,0.5445752739906311,-0.08907397836446762,0.3175463080406189,0.5316070914268494,-0.10415884107351303,0.26627591252326965,0.4654165506362915,-0.13042385876178741,0.3109711706638336,0.5169627666473389,-0.014513572677969933,0.27077674865722656,0.389562726020813,-0.05534561350941658,0.28843656182289124,0.5446029901504517,0.065938301384449,0.2798348069190979,0.3794802725315094,0.025457045063376427,0.28866830468177795,0.5545935034751892,0.06565680354833603,0.27753132581710815,0.3701542615890503,0.024714386090636253,0.28400278091430664,0.5505349636077881,0.05714976042509079,0.2807385325431824,0.37632039189338684,0.011276164092123508,0.28199127316474915,0.5433306097984314,0.0639173611998558,0.28245213627815247,0.38152286410331726,0.021562736481428146,0.32624757289886475,0.399800568819046,0.01271219365298748,0.29744839668273926,0.3746809959411621,-0.012667233124375343,0.3051394820213318,0.47652295231819153,0.15680885314941406,0.28291118144989014,0.4401232898235321,0.1251203864812851,0.31284263730049133,0.42649662494659424,0.33854079246520996,0.29952940344810486,0.41112980246543884,0.3216407895088196,0.3167225122451782,0.412124902009964,0.3586696982383728,0.3043164014816284,0.4000658690929413,0.3432880640029907,0.3065333962440491,0.4419569671154022,0.36956799030303955,0.2959946393966675,0.43222254514694214,0.35951295495033264
0432,./images/114/frame_00432.jpg,Fall,0.278076708316803,0.55803382396698,-0.08057363331317902,0.27954766154289246,0.5644986629486084,-0.09856836497783661,0.2816168963909149,0.5662264227867126,-0.09855790436267853,0.28379714488983154,0.5680089592933655,-0.09856514632701874,0.27470988035202026,0.5593348145484924,-0.10038907825946808,0.273302286863327,0.5572824478149414,-0.10043907165527344,0.2717503309249878,0.5551780462265015,-0.10048975795507431,0.28982311487197876,0.5606985688209534,-0.1325678527355194,0.2701959013938904,0.5423920750617981,-0.14076991379261017,0.28365081548690796,0.5509685277938843,-0.08619128167629242,0.277658611536026,0.544894814491272,-0.08848623186349869,0.31753408908843994,0.5315635204315186,-0.1039467304944992,0.26625439524650574,0.4658674895763397,-0.1297464519739151,0.31156617403030396,0.5165074467658997,-0.014072045683860779,0.2712056338787079,0.3904828429222107,-0.05468741059303284,0.2894141674041748,0.5444469451904297,0.06605914980173111,0.2802521884441376,0.3793639838695526,0.02543531358242035,0.28976503014564514,0.5543394684791565,0.06569045782089233,0.2777671217918396,0.37018293142318726,0.024449413642287254,0.2851095497608185,0.550502359867096,0.05752081423997879,0.2813144624233246,0.3760455250740051,0.010993637144565582,0.283027708530426,0.543184220790863,0.0641811192035675,0.2830950617790222,0.3811955749988556,0.021498721092939377,0.32625630497932434,0.3997226655483246,0.01227310486137867,0.29744914174079895,0.37462225556373596,-0.012203788384795189,0.3051804304122925,0.4765590727329254,0.15913084149360657,0.28400784730911255,0.4391637444496155,0.13314518332481384,0.31344348192214966,0.42716479301452637,0.3450489938259125,0.29981929063796997,0.41120392084121704,0.3303682208061218,0.31756579875946045,0.4131200611591339,0.3658320903778076,0.304422527551651,0.40033382177352905,0.35221534967422485,0.30681470036506653,0.44309186935424805,0.378235787153244,0.2960596978664398,0.4327768087387085,0.3678598999977112
0433,./images/114/frame_00433.jpg,Fall,0.27805957198143005,0.5583487749099731,-0.07921958714723587,0.27953532338142395,0.5648418664932251,-0.09758798032999039,0.28159862756729126,0.5665223598480225,-0.09757725149393082,0.28377479314804077,0.5682526230812073,-0.09757959097623825,0.2747074365615845,0.559757649898529,-0.09965492784976959,0.27330106496810913,0.5577113032341003,-0.09970098733901978,0.2717500329017639,0.5555972456932068,-0.09975303709506989,0.28982192277908325,0.5610218644142151,-0.1317819505929947,0.2701583802700043,0.5428116917610168,-0.14103251695632935,0.2835950255393982,0.5514365434646606,-0.08470071852207184,0.2776414752006531,0.545354425907135,-0.08733446896076202,0.31750988960266113,0.5315631628036499,-0.1018429771065712,0.26625198125839233,0.4663871228694916,-0.1304539442062378,0.3108246922492981,0.5165405869483948,-0.00936458632349968,0.2715190052986145,0.3917274475097656,-0.05313367396593094,0.28834083676338196,0.5445997714996338,0.07250577956438065,0.28014320135116577,0.3795151114463806,0.029015252366662025,0.2886808514595032,0.554653525352478,0.07219093292951584,0.27741512656211853,0.3704974353313446,0.02755352482199669,0.2840752899646759,0.5503011345863342,0.06405873596668243,0.28126680850982666,0.37612441182136536,0.014500794000923634,0.281934916973114,0.5429613590240479,0.07060341536998749,0.28293532133102417,0.38122960925102234,0.02521773800253868,0.3262585997581482,0.39963921904563904,0.012333217076957226,0.297452449798584,0.3744126260280609,-0.012258216738700867,0.30520179867744446,0.47630390524864197,0.16493827104568481,0.2840465307235718,0.4384091794490814,0.13523901998996735,0.3135036826133728,0.4257971942424774,0.35318055748939514,0.29978683590888977,0.40967240929603577,0.33539944887161255,0.31764164566993713,0.4120810329914093,0.3743700385093689,0.3043521046638489,0.3989519774913788,0.35778680443763733,0.3066995143890381,0.4416208863258362,0.3893788456916809,0.2960290014743805,0.4309666156768799,0.37610459327697754
0434,./images/114/frame_00434.jpg,Fall,0.2780171036720276,0.5587359666824341,-0.0795922726392746,0.2795051634311676,0.5652366876602173,-0.09776091575622559,0.28156501054763794,0.5668871998786926,-0.09775064885616302,0.28374239802360535,0.5685757994651794,-0.09775827825069427,0.274692565202713,0.5601794123649597,-0.09981675446033478,0.2732902467250824,0.5581254959106445,-0.09986653923988342,0.2717430591583252,0.5559939742088318,-0.09991555660963058,0.2898213267326355,0.5613352656364441,-0.13183879852294922,0.2701219618320465,0.5431486964225769,-0.14109638333320618,0.28353187441825867,0.5519141554832458,-0.08511437475681305,0.2776109576225281,0.5458136796951294,-0.08771513402462006,0.3174803555011749,0.5315624475479126,-0.10184095054864883,0.266246497631073,0.4666198194026947,-0.13059481978416443,0.31069812178611755,0.5166394114494324,-0.00956252496689558,0.2717142105102539,0.39198049902915955,-0.052765123546123505,0.28816622495651245,0.5448899865150452,0.07221070677042007,0.28008604049682617,0.37958627939224243,0.03005792759358883,0.2885211408138275,0.5550819039344788,0.07187257707118988,0.2771255075931549,0.3705625832080841,0.028727460652589798,0.28391939401626587,0.5505706667900085,0.06356559693813324,0.2810071110725403,0.37625405192375183,0.01562863402068615,0.2817745804786682,0.5431650280952454,0.07025294005870819,0.28279632329940796,0.381306916475296,0.026268983259797096,0.3262614905834198,0.3996148109436035,0.012343226000666618,0.2974526584148407,0.37433865666389465,-0.012267200276255608,0.305174857378006,0.47628355026245117,0.16421374678611755,0.28402259945869446,0.4381698966026306,0.13400837779045105,0.31346097588539124,0.42601093649864197,0.351322740316391,0.2997421622276306,0.40980109572410583,0.33312588930130005,0.31760287284851074,0.4122506082057953,0.3722493648529053,0.30430227518081665,0.39902836084365845,0.35529017448425293,0.30660480260849,0.4419093132019043,0.3855248987674713,0.29582709074020386,0.4312371611595154,0.37198904156684875
0435,./images/114/frame_00435.jpg,Fall,0.27797606587409973,0.5590301752090454,-0.08015899360179901,0.2794734239578247,0.5655694007873535,-0.09813757240772247,0.2815314829349518,0.5672134757041931,-0.09813100844621658,0.2837110757827759,0.5688826441764832,-0.09814303368330002,0.2746727168560028,0.5604798197746277,-0.10021064430475235,0.2732742130756378,0.5584052205085754,-0.1002609133720398,0.27173060178756714,0.5562492609024048,-0.10031161457300186,0.28976425528526306,0.5615246295928955,-0.13174046576023102,0.2700878977775574,0.543336808681488,-0.14109204709529877,0.28346607089042664,0.5522598028182983,-0.08558068424463272,0.27758562564849854,0.5461065769195557,-0.08819611370563507,0.31744492053985596,0.5315616726875305,-0.10137800872325897,0.26624271273612976,0.4667816162109375,-0.13083884119987488,0.3101910352706909,0.5166175961494446,-0.009378462098538876,0.27100563049316406,0.39187783002853394,-0.05298534780740738,0.28749459981918335,0.544786810874939,0.0719226822257042,0.27967989444732666,0.379684180021286,0.03016561269760132,0.2878085970878601,0.5549906492233276,0.07169616967439651,0.2765890061855316,0.37063324451446533,0.02893032133579254,0.2832654118537903,0.5504224300384521,0.06335809081792831,0.2803831994533539,0.3763086199760437,0.015952294692397118,0.28116753697395325,0.5430243611335754,0.06997667253017426,0.2822738587856293,0.38137322664260864,0.026456128805875778,0.3262585997581482,0.39950478076934814,0.012474987655878067,0.29745784401893616,0.374286949634552,-0.012396031990647316,0.305097758769989,0.4749760925769806,0.16535431146621704,0.2840319275856018,0.43618032336235046,0.1336480677127838,0.3133811056613922,0.4236035645008087,0.3519791066646576,0.2997232675552368,0.40767547488212585,0.3327479958534241,0.31746575236320496,0.40976202487945557,0.372894823551178,0.30425214767456055,0.39694637060165405,0.3549360930919647,0.30657580494880676,0.4388628602027893,0.38649123907089233,0.295488566160202,0.4283895790576935,0.3719446063041687
0436,./images/114/frame_00436.jpg,Fall,0.27793195843696594,0.559276282787323,-0.0812036469578743,0.2794274687767029,0.5658221244812012,-0.09917323291301727,0.2814810276031494,0.5674684047698975,-0.09916642308235168,0.28366148471832275,0.5691343545913696,-0.09917716681957245,0.2746441662311554,0.5606957077980042,-0.10114844888448715,0.27324992418289185,0.5586014986038208,-0.10119788348674774,0.27171021699905396,0.5564245581626892,-0.10124944150447845,0.2897072434425354,0.5617071986198425,-0.13255536556243896,0.2700481712818146,0.5434717535972595,-0.14146238565444946,0.2833881378173828,0.552585244178772,-0.08655346930027008,0.2775534391403198,0.5463492274284363,-0.08905018866062164,0.31739914417266846,0.5315938591957092,-0.10203131288290024,0.2662305235862732,0.466848760843277,-0.13088756799697876,0.3102485239505768,0.5164733529090881,-0.009806230664253235,0.2704331874847412,0.39161112904548645,-0.05275164172053337,0.28753167390823364,0.5442611575126648,0.07189611345529556,0.27943459153175354,0.3801174461841583,0.031051209196448326,0.28788408637046814,0.5543602108955383,0.07177238166332245,0.2762531042098999,0.3713771104812622,0.03007500246167183,0.28336918354034424,0.5494065284729004,0.06353656947612762,0.2800895869731903,0.3770122826099396,0.017101865261793137,0.28127026557922363,0.5419973731040955,0.07002721726894379,0.28205960988998413,0.381997674703598,0.027388278394937515,0.3262590765953064,0.3994787931442261,0.012451565824449062,0.29746657609939575,0.3742653727531433,-0.012368784286081791,0.30507761240005493,0.47442466020584106,0.166191965341568,0.28434738516807556,0.43492627143859863,0.1351155936717987,0.3133384883403778,0.42356839776039124,0.3529546558856964,0.2997671067714691,0.40721163153648376,0.33399343490600586,0.31747448444366455,0.40986213088035583,0.3739164471626282,0.30424365401268005,0.39661455154418945,0.3561834394931793,0.30654484033584595,0.43910670280456543,0.3875564634799957,0.29548460245132446,0.4282010793685913,0.37297314405441284
0437,./images/114/frame_00437.jpg,Fall,0.2778601050376892,0.5595269203186035,-0.0806700736284256,0.2793627381324768,0.5660691261291504,-0.09845985472202301,0.2814123332500458,0.5677153468132019,-0.09845530986785889,0.2835944890975952,0.5693727731704712,-0.09846527874469757,0.2746003568172455,0.5608909726142883,-0.10048387944698334,0.27321261167526245,0.5587687492370605,-0.10053084045648575,0.27167826890945435,0.5565637946128845,-0.10058645904064178,0.28964880108833313,0.5618864893913269,-0.13136419653892517,0.2700052261352539,0.5435709357261658,-0.14053380489349365,0.2832937240600586,0.552832305431366,-0.08592592179775238,0.2775042951107025,0.5465426445007324,-0.08849544823169708,0.3173523545265198,0.5316274166107178,-0.1011069193482399,0.26620814204216003,0.4669124484062195,-0.13032864034175873,0.3101966381072998,0.5159764289855957,-0.009499352425336838,0.2701261341571808,0.39149683713912964,-0.052824486047029495,0.2875297963619232,0.5436040759086609,0.07180728018283844,0.2792092263698578,0.3802890479564667,0.030748438090085983,0.28787481784820557,0.5537180304527283,0.07174772769212723,0.27596205472946167,0.37170130014419556,0.029796481132507324,0.28336864709854126,0.5485233068466187,0.06362412124872208,0.2798014283180237,0.37722891569137573,0.0169222354888916,0.2812748849391937,0.5410812497138977,0.06998258084058762,0.2818237543106079,0.3821670114994049,0.02712876722216606,0.326259046792984,0.3994241952896118,0.012458228506147861,0.2974730134010315,0.37422147393226624,-0.012373861856758595,0.30504822731018066,0.473490834236145,0.16673138737678528,0.2845779359340668,0.4339049756526947,0.1354142278432846,0.31329256296157837,0.4226372241973877,0.35268348455429077,0.29982790350914,0.40624576807022095,0.33354511857032776,0.3174254298210144,0.40904736518859863,0.3735583424568176,0.30424854159355164,0.3957260549068451,0.35565054416656494,0.3064282536506653,0.4382357597351074,0.3872019946575165,0.29548102617263794,0.42713865637779236,0.3723253905773163
0438,./images/114/frame_00438.jpg,Fall,0.2778030037879944,0.5596894025802612,-0.08032754063606262,0.27931681275367737,0.5662321448326111,-0.097972072660923,0.2813666760921478,0.5678703188896179,-0.09796874225139618,0.28355175256729126,0.569514274597168,-0.09797799587249756,0.2745695412158966,0.5610297918319702,-0.10007734596729279,0.27318868041038513,0.5588876008987427,-0.10012372583150864,0.2716597020626068,0.5566591620445251,-0.10018104314804077,0.28961724042892456,0.5619760751724243,-0.13063497841358185,0.26998400688171387,0.5436199903488159,-0.1401991993188858,0.2832292914390564,0.5529753565788269,-0.08554749190807343,0.27747100591659546,0.5466588735580444,-0.08823208510875702,0.31732648611068726,0.5316337943077087,-0.10041651874780655,0.2661791443824768,0.4669278562068939,-0.13017334043979645,0.31008201837539673,0.5129684209823608,-0.009367816150188446,0.2708260416984558,0.3914422392845154,-0.05306630581617355,0.2873414158821106,0.5391772985458374,0.07147789001464844,0.2791140377521515,0.38027873635292053,0.028022268787026405,0.2875733971595764,0.5489861369132996,0.07136543095111847,0.2759498953819275,0.37171706557273865,0.026735380291938782,0.2831391990184784,0.5437750220298767,0.06358341872692108,0.27976688742637634,0.3772663474082947,0.013952793553471565,0.2811163067817688,0.5364720821380615,0.06974746286869049,0.28177303075790405,0.38220465183258057,0.02431671693921089,0.3262586295604706,0.3994050621986389,0.012454044073820114,0.2974740266799927,0.3741937279701233,-0.012367771938443184,0.3050093352794647,0.4733824133872986,0.16701184213161469,0.28472620248794556,0.43325287103652954,0.13599732518196106,0.31327876448631287,0.42275187373161316,0.35294875502586365,0.2998104393482208,0.4062638282775879,0.3340274393558502,0.3173771798610687,0.40915170311927795,0.37377995252609253,0.3042146563529968,0.39581650495529175,0.35608717799186707,0.306198388338089,0.43851226568222046,0.3869362473487854,0.29531022906303406,0.4273355305194855,0.37225574254989624
0439,./images/114/frame_00439.jpg,Fall,0.27771297097206116,0.5598699450492859,-0.08085902035236359,0.27923184633255005,0.5663700103759766,-0.09840111434459686,0.2812849283218384,0.5680021047592163,-0.09839370101690292,0.28347325325012207,0.5696719884872437,-0.09840443730354309,0.2745034098625183,0.5611489415168762,-0.10046031326055527,0.27313166856765747,0.558987021446228,-0.10051091760396957,0.27160927653312683,0.5567360520362854,-0.10056424140930176,0.2895880341529846,0.5620939135551453,-0.1310364156961441,0.26994699239730835,0.5436498522758484,-0.1403636485338211,0.28314611315727234,0.5531304478645325,-0.08610899746417999,0.2774239182472229,0.5467791557312012,-0.0887342244386673,0.31730765104293823,0.5317458510398865,-0.10094219446182251,0.2661229372024536,0.4669259786605835,-0.13040508329868317,0.30880865454673767,0.5134850144386292,-0.0091042909771204,0.2705691456794739,0.3909737765789032,-0.05292917415499687,0.28576043248176575,0.5397726893424988,0.07320394366979599,0.27899110317230225,0.3802914023399353,0.029141023755073547,0.2859690189361572,0.5496842861175537,0.07314711064100266,0.27581530809402466,0.37174707651138306,0.027707332745194435,0.28154510259628296,0.5440438985824585,0.06518681347370148,0.2796669602394104,0.3773021996021271,0.014722744934260845,0.279541552066803,0.5366299748420715,0.07143744081258774,0.2817015051841736,0.3822522759437561,0.02538112923502922,0.32625940442085266,0.39940494298934937,0.012448498979210854,0.2974831461906433,0.37413105368614197,-0.01236104778945446,0.3050413131713867,0.47286176681518555,0.17020976543426514,0.2849532961845398,0.4320128262042999,0.13902856409549713,0.31326255202293396,0.42207908630371094,0.3594004511833191,0.2997951805591583,0.4048755168914795,0.3406849801540375,0.3173457980155945,0.4084627032279968,0.3807363510131836,0.30419236421585083,0.3946555554866791,0.36328035593032837,0.3059499263763428,0.437774121761322,0.39514774084091187,0.29520225524902344,0.42540326714515686,0.3806847929954529
0440,./images/114/frame_00440.jpg,Fall,0.2776179015636444,0.5600665211677551,-0.0832974761724472,0.2791535258293152,0.5664784908294678,-0.1016775518655777,0.28121617436408997,0.5681076645851135,-0.10167006403207779,0.28341516852378845,0.5697944164276123,-0.10167517513036728,0.27443569898605347,0.5612398982048035,-0.10351989418268204,0.27307242155075073,0.5590646266937256,-0.10356301069259644,0.27155598998069763,0.5567970871925354,-0.10361619293689728,0.28957003355026245,0.5621762275695801,-0.13484430313110352,0.26990148425102234,0.5436604619026184,-0.1431942880153656,0.2830580174922943,0.5533514022827148,-0.08839323371648788,0.277337908744812,0.5470616221427917,-0.09077034890651703,0.31729334592819214,0.5319087505340576,-0.10344519466161728,0.26601770520210266,0.46691542863845825,-0.13142532110214233,0.3083314895629883,0.5159855484962463,-0.00920958537608385,0.2703288495540619,0.39040833711624146,-0.052306752651929855,0.2848797142505646,0.5428537130355835,0.07415346801280975,0.2783953547477722,0.3806038796901703,0.030915815383195877,0.2850349545478821,0.552985429763794,0.07401060312986374,0.2751615643501282,0.37216636538505554,0.02941741980612278,0.28053420782089233,0.5466943979263306,0.06581069529056549,0.27900776267051697,0.37764468789100647,0.016042830422520638,0.27854710817337036,0.5391208529472351,0.07231954485177994,0.28112703561782837,0.3825586438179016,0.02705550752580166,0.32626473903656006,0.39943405985832214,0.012152024544775486,0.2974855303764343,0.374075323343277,-0.012059913948178291,0.30532580614089966,0.47296053171157837,0.17080093920230865,0.28521913290023804,0.4320158362388611,0.14112193882465363,0.31334662437438965,0.4223901927471161,0.3614436984062195,0.2998504042625427,0.40513402223587036,0.3441614508628845,0.31746941804885864,0.4087528586387634,0.38297930359840393,0.3042057156562805,0.39496910572052,0.3669528365135193,0.3059236407279968,0.43805304169654846,0.39733386039733887,0.2952340543270111,0.42580798268318176,0.3842852711677551
0441,./images/114/frame_00441.jpg,Fall,0.27752333879470825,0.5601447224617004,-0.08440424501895905,0.279066801071167,0.5665225386619568,-0.10306723415851593,0.2811368405818939,0.5681527256965637,-0.10305986553430557,0.2833448052406311,0.5698529481887817,-0.10306457430124283,0.2743629515171051,0.5612766742706299,-0.10493075847625732,0.27300891280174255,0.5590963363647461,-0.10497184842824936,0.27149930596351624,0.5568215250968933,-0.10502356290817261,0.2895458936691284,0.5622045993804932,-0.13647635281085968,0.2698611915111542,0.5436608195304871,-0.14490684866905212,0.28296947479248047,0.5534351468086243,-0.08946004509925842,0.2772604823112488,0.5471669435501099,-0.09184414148330688,0.31727156043052673,0.5320448875427246,-0.10427601635456085,0.2659533619880676,0.4669669568538666,-0.13288339972496033,0.30776864290237427,0.5175994634628296,-0.00936672743409872,0.2701054811477661,0.3899289071559906,-0.05245860666036606,0.28415217995643616,0.5444676280021667,0.07543402165174484,0.27739423513412476,0.38119620084762573,0.031169254332780838,0.28427499532699585,0.5546160340309143,0.07531668245792389,0.27402690052986145,0.37281906604766846,0.02955642342567444,0.2797817587852478,0.5482085943222046,0.06683452427387238,0.27777212858200073,0.37836048007011414,0.01619601435959339,0.27779585123062134,0.5406051278114319,0.07350555062294006,0.27998095750808716,0.38324111700057983,0.02733938954770565,0.32627421617507935,0.39949560165405273,0.012134482152760029,0.29748889803886414,0.37406259775161743,-0.012042262591421604,0.3054581880569458,0.47301727533340454,0.1723717451095581,0.2852778136730194,0.4318080544471741,0.1413700133562088,0.3133544921875,0.42253032326698303,0.36356884241104126,0.2998822331428528,0.40496036410331726,0.34547674655914307,0.31748586893081665,0.4089280962944031,0.38519996404647827,0.30421513319015503,0.39492499828338623,0.36844807863235474,0.30590036511421204,0.4381992220878601,0.40029412508010864,0.2952595353126526,0.42550939321517944,0.3867088258266449
0442,./images/114/frame_00442.jpg,Fall,0.27744942903518677,0.5601477026939392,-0.08436966687440872,0.2789875268936157,0.5665228366851807,-0.10303882509469986,0.2810564935207367,0.5681543946266174,-0.10303167253732681,0.28327012062072754,0.569853663444519,-0.1030363216996193,0.2742942273616791,0.5612767338752747,-0.10487785190343857,0.2729438543319702,0.5590962767601013,-0.10491800308227539,0.2714376151561737,0.5568210482597351,-0.10497008264064789,0.28949612379074097,0.5622085928916931,-0.13646605610847473,0.2698138952255249,0.5436530113220215,-0.14474192261695862,0.2828751802444458,0.55344158411026,-0.08943722397089005,0.27719536423683167,0.5471644401550293,-0.09180197864770889,0.317225843667984,0.5320722460746765,-0.10427458584308624,0.26591113209724426,0.46687790751457214,-0.13281138241291046,0.3078836500644684,0.51873379945755,-0.009480772539973259,0.2698840796947479,0.3894375264644623,-0.05145110934972763,0.2843732237815857,0.5460035800933838,0.07613784819841385,0.27647271752357483,0.3817785084247589,0.03384207561612129,0.2845070958137512,0.5562467575073242,0.07622257620096207,0.2729753255844116,0.37352699041366577,0.03265196084976196,0.280002236366272,0.549828052520752,0.06772098690271378,0.27655595541000366,0.3790926933288574,0.019447237253189087,0.27801936864852905,0.5421943068504333,0.07423865050077438,0.2788308262825012,0.38394156098365784,0.03017341159284115,0.32629233598709106,0.39952751994132996,0.012094334699213505,0.29751867055892944,0.37405890226364136,-0.012001464143395424,0.3056052029132843,0.4730493724346161,0.17128777503967285,0.2854234278202057,0.43187230825424194,0.14027422666549683,0.3134137988090515,0.4227007031440735,0.361493855714798,0.3002314865589142,0.40515682101249695,0.3427976965904236,0.3175504803657532,0.4090908467769623,0.38285160064697266,0.30453234910964966,0.3950982689857483,0.36547335982322693,0.30590933561325073,0.43838220834732056,0.396651953458786,0.2957971692085266,0.4258314371109009,0.3828877806663513
0443,./images/114/frame_00443.jpg,Fall,0.2773856222629547,0.5601451992988586,-0.0854676142334938,0.2789279818534851,0.5665194392204285,-0.10413005203008652,0.28100112080574036,0.5681528449058533,-0.10412148386240005,0.2832232117652893,0.5698519349098206,-0.10412560403347015,0.274242103099823,0.5612688064575195,-0.10586117208003998,0.27289673686027527,0.5590859055519104,-0.10590209811925888,0.2713949680328369,0.5568068027496338,-0.10595303773880005,0.28947576880455017,0.5622088313102722,-0.1375882625579834,0.2697915732860565,0.5436224341392517,-0.14539286494255066,0.28280526399612427,0.5534403920173645,-0.0905749499797821,0.277152955532074,0.5471517443656921,-0.09277191013097763,0.31717929244041443,0.5321112871170044,-0.10549410432577133,0.265895813703537,0.46679937839508057,-0.13315361738204956,0.30797815322875977,0.5196254849433899,-0.010656053200364113,0.2696905732154846,0.3888828754425049,-0.05142790824174881,0.28450465202331543,0.5466794371604919,0.07559312880039215,0.27613043785095215,0.3822365999221802,0.03415197879076004,0.284595787525177,0.5568751692771912,0.07562766224145889,0.2725997269153595,0.3740884065628052,0.033033858984708786,0.2800925076007843,0.5504699945449829,0.0671699196100235,0.27617064118385315,0.37972748279571533,0.019762666895985603,0.27813178300857544,0.5428445339202881,0.07369543612003326,0.27846431732177734,0.3845439553260803,0.03046264871954918,0.3263161778450012,0.3995805084705353,0.011933254078030586,0.2975294589996338,0.37405315041542053,-0.011837738566100597,0.3056551516056061,0.47321027517318726,0.1706712394952774,0.2855105400085449,0.4320152997970581,0.13980036973953247,0.3134678900241852,0.4236789643764496,0.35997873544692993,0.30047065019607544,0.40577495098114014,0.34180670976638794,0.3176279664039612,0.41031908988952637,0.38123655319213867,0.30475157499313354,0.3959113359451294,0.36443400382995605,0.3059133291244507,0.4396999478340149,0.39509496092796326,0.2961787283420563,0.42698588967323303,0.3819093108177185
0444,./images/114/frame_00444.jpg,Fall,0.27733129262924194,0.5601406097412109,-0.0854887068271637,0.27886825799942017,0.5665162205696106,-0.10412492603063583,0.28094881772994995,0.5681512951850891,-0.10411598533391953,0.2831821143627167,0.5698502659797668,-0.10412007570266724,0.27418839931488037,0.5612629652023315,-0.10584765672683716,0.2728491425514221,0.5590791702270508,-0.10588894784450531,0.2713533341884613,0.5567985773086548,-0.10593962669372559,0.28945937752723694,0.5622085332870483,-0.1376560926437378,0.26978081464767456,0.5436098575592041,-0.1454005092382431,0.28276553750038147,0.5534361600875854,-0.09063510596752167,0.27711525559425354,0.5471499562263489,-0.09280991554260254,0.31713852286338806,0.5321688055992126,-0.10556471347808838,0.26587510108947754,0.4667770266532898,-0.13318760693073273,0.3077548146247864,0.5200905203819275,-0.011105509474873543,0.26956650614738464,0.38871219754219055,-0.051338840276002884,0.2842876613140106,0.5471237897872925,0.0754552111029625,0.2760976552963257,0.38228797912597656,0.03403743356466293,0.2844163179397583,0.5573537349700928,0.07541922479867935,0.27261027693748474,0.37412309646606445,0.03292625769972801,0.27988913655281067,0.5509583950042725,0.06697990745306015,0.2761911451816559,0.3797576129436493,0.019628865644335747,0.2779141664505005,0.5433269739151001,0.07355279475450516,0.2784659266471863,0.38457760214805603,0.03032577596604824,0.3263356387615204,0.39966505765914917,0.011870833113789558,0.29753899574279785,0.3740485608577728,-0.011774810031056404,0.3057222366333008,0.4733740985393524,0.17029741406440735,0.28548663854599,0.4321204721927643,0.13944652676582336,0.31349217891693115,0.42426538467407227,0.35922545194625854,0.3004564642906189,0.40614476799964905,0.3411158621311188,0.3176598846912384,0.4110274314880371,0.3804283142089844,0.30473682284355164,0.39641281962394714,0.36371955275535583,0.3059048354625702,0.4404023587703705,0.3942216634750366,0.2961624264717102,0.4275660216808319,0.3813321590423584
0445,./images/114/frame_00445.jpg,Fall,0.277267724275589,0.5600444674491882,-0.08617351949214935,0.27878454327583313,0.5664029717445374,-0.10485611855983734,0.28086552023887634,0.5680569410324097,-0.1048486977815628,0.2831052541732788,0.5697698593139648,-0.10485474765300751,0.27413231134414673,0.5611321926116943,-0.10656698048114777,0.272804319858551,0.558944821357727,-0.10660918056964874,0.27131834626197815,0.5566609501838684,-0.10666024684906006,0.28943580389022827,0.5621678829193115,-0.1383204460144043,0.26977866888046265,0.543466329574585,-0.14604493975639343,0.28271058201789856,0.5533654689788818,-0.0912918746471405,0.27709275484085083,0.5470021367073059,-0.09345150738954544,0.31712809205055237,0.5322441458702087,-0.106077179312706,0.26587188243865967,0.4667671322822571,-0.13391390442848206,0.3074961006641388,0.5210153460502625,-0.011497708037495613,0.26949530839920044,0.38860511779785156,-0.05154857784509659,0.2839539647102356,0.5476468801498413,0.07516568899154663,0.27601391077041626,0.38229256868362427,0.03342543542385101,0.28410643339157104,0.5577893853187561,0.07511930912733078,0.27256327867507935,0.37411046028137207,0.0319090411067009,0.27956169843673706,0.5513589978218079,0.06653440743684769,0.27611833810806274,0.37975451350212097,0.01877192035317421,0.27757740020751953,0.5437590479850769,0.07321376353502274,0.2783706486225128,0.384578675031662,0.02974684163928032,0.32634446024894714,0.3998373746871948,0.011911923065781593,0.2975490689277649,0.37405115365982056,-0.011816924437880516,0.3056538999080658,0.4734044373035431,0.171182319521904,0.2854672074317932,0.43216216564178467,0.1394568234682083,0.3133491277694702,0.42359986901283264,0.36051756143569946,0.3003673255443573,0.4058035612106323,0.34209248423576355,0.3174867630004883,0.41018807888031006,0.3819010257720947,0.30460864305496216,0.39597368240356445,0.3648991286754608,0.3057207763195038,0.43934348225593567,0.39696457982063293,0.29600146412849426,0.42679929733276367,0.3835259675979614
0446,./images/114/frame_00446.jpg,Fall,0.27721551060676575,0.5599062442779541,-0.08615116029977798,0.2787136733531952,0.566276490688324,-0.10480372607707977,0.2807897627353668,0.5679526925086975,-0.10479674488306046,0.28302937746047974,0.5696834921836853,-0.10480313003063202,0.2740914523601532,0.5609879493713379,-0.10650970041751862,0.27277299761772156,0.5588030815124512,-0.10655224323272705,0.2712957262992859,0.5565237402915955,-0.10660368204116821,0.28940549492836,0.5621440410614014,-0.13825979828834534,0.26977571845054626,0.5433844923973083,-0.14598922431468964,0.2826416790485382,0.5532689690589905,-0.09128157794475555,0.277073472738266,0.5468606948852539,-0.09343363344669342,0.3171073794364929,0.5323125123977661,-0.10615427792072296,0.2658695876598358,0.46678951382637024,-0.13390301167964935,0.3074573278427124,0.5214089155197144,-0.011934367939829826,0.26948899030685425,0.38860023021698,-0.051672011613845825,0.28392934799194336,0.5477682948112488,0.07433614879846573,0.27608317136764526,0.38213807344436646,0.033209655433893204,0.2840912640094757,0.5578226447105408,0.07431813329458237,0.2727167308330536,0.3738066852092743,0.03157506138086319,0.2795391082763672,0.5514023303985596,0.06581316143274307,0.2762596011161804,0.3794296383857727,0.01843252219259739,0.27755287289619446,0.5438315272331238,0.07242080569267273,0.27847960591316223,0.38430193066596985,0.029499884694814682,0.32634812593460083,0.3999418616294861,0.01191371027380228,0.297573447227478,0.37405112385749817,-0.01181881595402956,0.3056172728538513,0.4733850657939911,0.1713082641363144,0.285496324300766,0.4319058358669281,0.13972599804401398,0.313333660364151,0.42293962836265564,0.36065810918807983,0.30033427476882935,0.405184805393219,0.34261882305145264,0.3174784779548645,0.4094011187553406,0.38206034898757935,0.3045559823513031,0.3952980935573578,0.36545053124427795,0.3056713342666626,0.4383576810359955,0.3972408175468445,0.29583364725112915,0.4257548749446869,0.3841191232204437
0447,./images/114/frame_00447.jpg,Fall,0.27713045477867126,0.5598049759864807,-0.08639241755008698,0.2786250114440918,0.5661739110946655,-0.10501984506845474,0.28068411350250244,0.5678640007972717,-0.1050134152173996,0.2829369306564331,0.5696179866790771,-0.10501988977193832,0.27402159571647644,0.5608469843864441,-0.10669855028390884,0.27270442247390747,0.5586450099945068,-0.10674095153808594,0.2712358236312866,0.5563574433326721,-0.10679256916046143,0.2893601059913635,0.5621246695518494,-0.1383764147758484,0.26975196599960327,0.5432316064834595,-0.1460181027650833,0.28253835439682007,0.5532003045082092,-0.09149626642465591,0.2770146429538727,0.5467393398284912,-0.09361264854669571,0.317091166973114,0.5324791669845581,-0.10628324747085571,0.26586052775382996,0.4667833149433136,-0.13390961289405823,0.3072889447212219,0.5219433903694153,-0.012324292212724686,0.26946762204170227,0.3885461986064911,-0.05176085978746414,0.2837572693824768,0.5478752255439758,0.07388247549533844,0.2760985195636749,0.3821345865726471,0.03297325223684311,0.28392258286476135,0.5578354597091675,0.07392619550228119,0.27275851368904114,0.373759388923645,0.03140072524547577,0.2793804407119751,0.551410973072052,0.06543748080730438,0.27627766132354736,0.37937724590301514,0.018243033438920975,0.27739936113357544,0.5438620448112488,0.07198674976825714,0.2784927189350128,0.3842692971229553,0.029255082830786705,0.3263554275035858,0.40006184577941895,0.011909333989024162,0.2976233959197998,0.37407174706459045,-0.011814551427960396,0.30562296509742737,0.47339779138565063,0.1711845099925995,0.2854959964752197,0.4318098723888397,0.13960886001586914,0.31332316994667053,0.4228956997394562,0.3602234721183777,0.3002966046333313,0.40501466393470764,0.34244197607040405,0.3174686133861542,0.40934231877326965,0.38158443570137024,0.30450576543807983,0.39515063166618347,0.36526814103126526,0.305594265460968,0.43825700879096985,0.39675208926200867,0.29572874307632446,0.42533591389656067,0.38423678278923035
0448,./images/114/frame_00448.jpg,Fall,0.2770316004753113,0.5597431659698486,-0.0870787650346756,0.27850696444511414,0.5660790801048279,-0.1057366132736206,0.28054505586624146,0.567777693271637,-0.1057305708527565,0.2828103005886078,0.5695542097091675,-0.10573694854974747,0.2739424705505371,0.5607324242591858,-0.10731879621744156,0.27262935042381287,0.5585158467292786,-0.10736124217510223,0.2711678147315979,0.5562191605567932,-0.10741350799798965,0.2893107533454895,0.5620860457420349,-0.1389804631471634,0.26971739530563354,0.5430479049682617,-0.14624443650245667,0.2824288606643677,0.5531433820724487,-0.09214138239622116,0.27693718671798706,0.5467201471328735,-0.09414056688547134,0.3170590400695801,0.5326126217842102,-0.10720715671777725,0.26584622263908386,0.4667818248271942,-0.1339859664440155,0.30730804800987244,0.5228068828582764,-0.01340774167329073,0.2694476246833801,0.3885321021080017,-0.0518609955906868,0.2837682366371155,0.5483137965202332,0.07261974364519119,0.2761076092720032,0.38210415840148926,0.032042957842350006,0.28395456075668335,0.5581120848655701,0.07256998121738434,0.27277952432632446,0.37358883023262024,0.03035063110291958,0.27939143776893616,0.5515825748443604,0.06402887403964996,0.2762976586818695,0.37917560338974,0.017156880348920822,0.27741682529449463,0.544072151184082,0.0707177147269249,0.27851030230522156,0.3841315805912018,0.028295746073126793,0.32636281847953796,0.4002816379070282,0.01188709121197462,0.29766449332237244,0.3741874694824219,-0.01179240457713604,0.30562520027160645,0.4735107421875,0.17118340730667114,0.2854950726032257,0.4318088889122009,0.13985982537269592,0.3132888376712799,0.4228857755661011,0.3601000905036926,0.300161212682724,0.4048594534397125,0.3428547978401184,0.31742462515830994,0.4092984199523926,0.38146016001701355,0.30431896448135376,0.39501097798347473,0.3657095730304718,0.30549344420433044,0.4382111132144928,0.39671435952186584,0.29552966356277466,0.4249107241630554,0.38482481241226196
0449,./images/114/frame_00449.jpg,Fall,0.27689558267593384,0.5596357583999634,-0.0872172862291336,0.2783379554748535,0.5659556984901428,-0.10586245357990265,0.2803402841091156,0.5676637887954712,-0.1058572307229042,0.28260552883148193,0.5694702863693237,-0.1058635339140892,0.27385038137435913,0.5606043934822083,-0.10747309774160385,0.2725546956062317,0.5583840012550354,-0.10751547664403915,0.2711126208305359,0.5560880303382874,-0.1075681820511818,0.2892077565193176,0.5620549321174622,-0.13901177048683167,0.269705593585968,0.5429408550262451,-0.1463492065668106,0.28224319219589233,0.5530247688293457,-0.09223458915948868,0.27683907747268677,0.5466772317886353,-0.09426209330558777,0.31701093912124634,0.5327128171920776,-0.10715144872665405,0.26583078503608704,0.4667801260948181,-0.13425298035144806,0.30688613653182983,0.5232582688331604,-0.013497906737029552,0.26944583654403687,0.3885244131088257,-0.0528617799282074,0.28345322608947754,0.5484963059425354,0.07217379659414291,0.27673596143722534,0.3816140592098236,0.028825625777244568,0.2836686968803406,0.5581762790679932,0.07213751971721649,0.2737616002559662,0.37271878123283386,0.026827003806829453,0.2791071832180023,0.5516246557235718,0.06378018856048584,0.2772826552391052,0.37819942831993103,0.01354495994746685,0.27712222933769226,0.5441553592681885,0.07032688707113266,0.2793465554714203,0.3832736909389496,0.024974513798952103,0.32636603713035583,0.40036681294441223,0.011904359795153141,0.29772236943244934,0.3742372393608093,-0.011809850111603737,0.3056212067604065,0.4730421304702759,0.17330262064933777,0.2855650782585144,0.43099430203437805,0.14232942461967468,0.31326282024383545,0.4213429391384125,0.364153116941452,0.29998525977134705,0.4029628038406372,0.34713494777679443,0.3174040913581848,0.4076172709465027,0.38577157258987427,0.3040994703769684,0.393022745847702,0.37019026279449463,0.3053697943687439,0.4361512064933777,0.4015578329563141,0.2949708104133606,0.4221307635307312,0.3894193768501282
0450,./images/114/frame_00450.jpg,Fall,0.2767893373966217,0.5595018863677979,-0.08615251630544662,0.27819761633872986,0.5658429861068726,-0.104655921459198,0.28017598390579224,0.5675593018531799,-0.10465256869792938,0.28243669867515564,0.5693894028663635,-0.10465928167104721,0.27375924587249756,0.5605011582374573,-0.10634120553731918,0.2724742591381073,0.5582864284515381,-0.10638298094272614,0.2710440158843994,0.5559976100921631,-0.10643772780895233,0.28910067677497864,0.5620350241661072,-0.13771145045757294,0.26966923475265503,0.5428798198699951,-0.14538171887397766,0.2821059226989746,0.5528673529624939,-0.09120862185955048,0.2767808437347412,0.5464737415313721,-0.09333181381225586,0.3169785737991333,0.5327547788619995,-0.10628996044397354,0.2658050060272217,0.4667785167694092,-0.13383133709430695,0.30679360032081604,0.5234663486480713,-0.013223128393292427,0.26944419741630554,0.3885424733161926,-0.053000520914793015,0.28339874744415283,0.548678457736969,0.07222192734479904,0.2770346403121948,0.38122639060020447,0.028031671419739723,0.28362542390823364,0.558268129825592,0.07222401350736618,0.27415022253990173,0.37207654118537903,0.02614993415772915,0.2790813744068146,0.5517154932022095,0.06392170488834381,0.27764689922332764,0.37747183442115784,0.012881994247436523,0.277086466550827,0.54429692029953,0.0703827440738678,0.27966421842575073,0.3826407194137573,0.024174485355615616,0.32637256383895874,0.40039414167404175,0.011925337836146355,0.29774874448776245,0.3742504119873047,-0.011831240728497505,0.3055609166622162,0.4730263650417328,0.17289873957633972,0.2855716645717621,0.43083855509757996,0.14189442992210388,0.31319183111190796,0.4208119809627533,0.3632493317127228,0.2998964190483093,0.4024152159690857,0.34596318006515503,0.317360520362854,0.4069686830043793,0.3848007023334503,0.3040093183517456,0.39235207438468933,0.3689008355140686,0.30523234605789185,0.43552258610725403,0.40027356147766113,0.294746458530426,0.4216259717941284,0.38776662945747375
0451,./images/114/frame_00451.jpg,Fall,0.27675098180770874,0.5594518184661865,-0.08633933961391449,0.2781430780887604,0.5658017992973328,-0.10490526258945465,0.2801143527030945,0.5675172209739685,-0.10490131378173828,0.2823715806007385,0.5693544149398804,-0.104908287525177,0.2737121284008026,0.5604804754257202,-0.10652519762516022,0.27242937684059143,0.558273434638977,-0.10656807571649551,0.2710050046443939,0.5559915900230408,-0.10662233829498291,0.2890166640281677,0.5620283484458923,-0.1381407082080841,0.26965004205703735,0.5428784489631653,-0.1454807072877884,0.28206315636634827,0.5528098940849304,-0.09143920242786407,0.276760995388031,0.5463981628417969,-0.09348292648792267,0.31695830821990967,0.5327714085578918,-0.10653147846460342,0.2657850384712219,0.4668205678462982,-0.13384699821472168,0.3067735433578491,0.5233654379844666,-0.013215268030762672,0.2694428563117981,0.38854044675827026,-0.052998244762420654,0.2834164500236511,0.5486401319503784,0.07192528992891312,0.27695339918136597,0.38123008608818054,0.028597485274076462,0.2836546301841736,0.5582489371299744,0.07192718982696533,0.27399685978889465,0.37206339836120605,0.026714583858847618,0.2791057229042053,0.5517041683197021,0.06352154165506363,0.2773871123790741,0.37749600410461426,0.013634172268211842,0.277106374502182,0.5442856550216675,0.07006411254405975,0.27945029735565186,0.3826620280742645,0.024837037548422813,0.32637616991996765,0.40039804577827454,0.011928149498999119,0.2977607846260071,0.3742513954639435,-0.011834871955215931,0.30556032061576843,0.47303393483161926,0.17264313995838165,0.28531181812286377,0.43085628747940063,0.141458198428154,0.31312790513038635,0.4195532500743866,0.3628375828266144,0.2996218800544739,0.4016309380531311,0.34531742334365845,0.3172650933265686,0.4055273234844208,0.3843550980091095,0.30378955602645874,0.3914305865764618,0.3681713342666626,0.3051813244819641,0.43376973271369934,0.39938122034072876,0.2945062518119812,0.42034903168678284,0.3874243199825287
0452,./images/114/frame_00452.jpg,Fall,0.27672669291496277,0.5593896508216858,-0.08633092045783997,0.27811160683631897,0.5657592415809631,-0.1048983484506607,0.28007838129997253,0.567470371723175,-0.10489431768655777,0.28233224153518677,0.5693106055259705,-0.1049012690782547,0.27369019389152527,0.5604634881019592,-0.10652266442775726,0.2724120020866394,0.5582648515701294,-0.10656547546386719,0.27099430561065674,0.5559895634651184,-0.10661967098712921,0.28894856572151184,0.5620123744010925,-0.1381572186946869,0.2696477770805359,0.5428839921951294,-0.14548368752002716,0.28203243017196655,0.5527171492576599,-0.09143637120723724,0.2767508029937744,0.546306312084198,-0.09347856789827347,0.31692346930503845,0.5327765941619873,-0.1064886599779129,0.2657710015773773,0.4668353497982025,-0.13395360112190247,0.30624592304229736,0.523338258266449,-0.012891942635178566,0.2694415748119354,0.38853707909584045,-0.05299998074769974,0.2829556167125702,0.5488834381103516,0.07196880877017975,0.27663126587867737,0.38142576813697815,0.029248857870697975,0.2832501530647278,0.558512806892395,0.07200877368450165,0.2734832763671875,0.372132271528244,0.027350863441824913,0.27868956327438354,0.5520702004432678,0.06355561316013336,0.2767864167690277,0.3776935040950775,0.014475660398602486,0.27667221426963806,0.5446594953536987,0.0700918585062027,0.2789376378059387,0.382904589176178,0.02559937909245491,0.32638853788375854,0.40039747953414917,0.012135039083659649,0.2977985739707947,0.37424489855766296,-0.012049752287566662,0.3055258095264435,0.47282809019088745,0.17281650006771088,0.2850327491760254,0.4308759868144989,0.1407109797000885,0.3129638731479645,0.41773858666419983,0.3623649775981903,0.29923850297927856,0.4005306661128998,0.3449704945087433,0.31704452633857727,0.40356895327568054,0.38382500410079956,0.3034583628177643,0.39011314511299133,0.3677516281604767,0.30504316091537476,0.43149253726005554,0.39936476945877075,0.2940182685852051,0.41871240735054016,0.38737234473228455
0453,./images/114/frame_00453.jpg,Fall,0.27671176195144653,0.559317409992218,-0.08666308224201202,0.27809232473373413,0.5657133460044861,-0.10521380603313446,0.2800595164299011,0.5674242377281189,-0.10520903021097183,0.2823137938976288,0.5692669153213501,-0.10521622002124786,0.2736702561378479,0.560434103012085,-0.10668464004993439,0.2723940312862396,0.5582436919212341,-0.10672829300165176,0.2709802985191345,0.5559768080711365,-0.10678267478942871,0.28891319036483765,0.562004029750824,-0.13843509554862976,0.2696439325809479,0.5428813695907593,-0.14539960026741028,0.2820194661617279,0.5526546239852905,-0.0918014869093895,0.27674639225006104,0.546221911907196,-0.09364428371191025,0.31691378355026245,0.5327759981155396,-0.10726211220026016,0.2657383382320404,0.4665987193584442,-0.13355258107185364,0.3070346415042877,0.5232849717140198,-0.01433255709707737,0.2694357633590698,0.3884367346763611,-0.052640002220869064,0.2838621139526367,0.5489414930343628,0.0698470026254654,0.2766319513320923,0.3814287781715393,0.030256861820816994,0.28421348333358765,0.5585578680038452,0.06975100934505463,0.2734801471233368,0.3721310794353485,0.02871246263384819,0.2795805037021637,0.5521091222763062,0.0611736886203289,0.2767648994922638,0.37770000100135803,0.015758994966745377,0.2775525450706482,0.5447018146514893,0.06794317066669464,0.2789229452610016,0.38291501998901367,0.02662305161356926,0.3263952136039734,0.4004104733467102,0.012061024084687233,0.2978174388408661,0.3742760419845581,-0.011976568028330803,0.3055192232131958,0.4728803336620331,0.1714845597743988,0.2850022614002228,0.4310974180698395,0.14026746153831482,0.3129121959209442,0.41785192489624023,0.3590727746486664,0.29912635684013367,0.40050503611564636,0.3428097367286682,0.3169923424720764,0.40361282229423523,0.38028332591056824,0.30334919691085815,0.38998475670814514,0.3654332458972931,0.30498990416526794,0.4319015145301819,0.39556360244750977,0.2938981056213379,0.41895729303359985,0.3849274516105652
0454,./images/114/frame_00454.jpg,Fall,0.2766832709312439,0.5591815710067749,-0.08698177337646484,0.27804794907569885,0.5656335949897766,-0.10540463030338287,0.280016154050827,0.5673534274101257,-0.10539895296096802,0.2822719216346741,0.5692078471183777,-0.10540636628866196,0.2736213505268097,0.5603596568107605,-0.10672371089458466,0.27233952283859253,0.5581727623939514,-0.1067676693201065,0.2709163725376129,0.5559090971946716,-0.10682211071252823,0.28887197375297546,0.5619891285896301,-0.13852046430110931,0.2695651650428772,0.5427817702293396,-0.14470544457435608,0.28198152780532837,0.5525006055831909,-0.09218527376651764,0.2767234146595001,0.5460222363471985,-0.09376275539398193,0.3168899118900299,0.532778799533844,-0.1080855280160904,0.26565080881118774,0.4663224220275879,-0.13237889111042023,0.30876120924949646,0.5254541039466858,-0.016934560611844063,0.269342303276062,0.3882349133491516,-0.0511607825756073,0.2855709195137024,0.5513296127319336,0.06796564906835556,0.27656543254852295,0.3816337287425995,0.03317687660455704,0.2860613763332367,0.5606678128242493,0.06810546666383743,0.27337437868118286,0.37223735451698303,0.03256846219301224,0.2812752425670624,0.5539882779121399,0.05928846076130867,0.2765897810459137,0.37781354784965515,0.0192573219537735,0.2792057394981384,0.5466843843460083,0.06602387130260468,0.27877774834632874,0.38310062885284424,0.02954559586942196,0.32639896869659424,0.40042296051979065,0.01174203958362341,0.2978515028953552,0.3744451403617859,-0.011657269671559334,0.3058198094367981,0.4740055203437805,0.1665882170200348,0.2849939465522766,0.43154004216194153,0.13735130429267883,0.31289294362068176,0.41952693462371826,0.3501055836677551,0.298650324344635,0.4012051522731781,0.33648133277893066,0.316948264837265,0.4051845669746399,0.3708541989326477,0.30278706550598145,0.3907097578048706,0.358767569065094,0.3049203157424927,0.4338700473308563,0.385012686252594,0.2934337258338928,0.41978344321250916,0.37731361389160156
0455,./images/114/frame_00455.jpg,Fall,0.27667927742004395,0.5589878559112549,-0.08806253969669342,0.2780357003211975,0.5655367374420166,-0.10644805431365967,0.2800060212612152,0.5672719478607178,-0.10644042491912842,0.2822633385658264,0.5691424012184143,-0.10645005851984024,0.2736012637615204,0.560264527797699,-0.10721848905086517,0.27231481671333313,0.5580887198448181,-0.10726551711559296,0.27088484168052673,0.5558395981788635,-0.1073184385895729,0.28885263204574585,0.5619621872901917,-0.14011438190937042,0.2695046663284302,0.5427255034446716,-0.14442573487758636,0.2819722890853882,0.5523219704627991,-0.09362237900495529,0.27671852707862854,0.5458186864852905,-0.09443198889493942,0.316866934299469,0.5327768325805664,-0.11186794191598892,0.265575647354126,0.46614304184913635,-0.13107971847057343,0.311539888381958,0.5280564427375793,-0.0239518154412508,0.26924237608909607,0.3881618082523346,-0.049155402928590775,0.28955399990081787,0.5539733171463013,0.060805708169937134,0.2769630253314972,0.3816411793231964,0.035862475633621216,0.2903903126716614,0.562928318977356,0.06053214520215988,0.27403420209884644,0.37223026156425476,0.03591804951429367,0.2854674756526947,0.556415319442749,0.05210763216018677,0.2770518958568573,0.377826064825058,0.02202751487493515,0.2833166718482971,0.5492753982543945,0.05903210490942001,0.27917352318763733,0.3831104636192322,0.03207562863826752,0.32640135288238525,0.4004260301589966,0.010585353709757328,0.29789039492607117,0.37464264035224915,-0.010511317290365696,0.306268572807312,0.4748307466506958,0.1622771918773651,0.2850084900856018,0.4318389594554901,0.1370895802974701,0.31301218271255493,0.42092013359069824,0.3456921875476837,0.29854336380958557,0.4016428589820862,0.3358061611652374,0.3170423209667206,0.40640828013420105,0.3663578927516937,0.3027316629886627,0.3910823464393616,0.35800230503082275,0.3050611615180969,0.4350340962409973,0.37952905893325806,0.2933277189731598,0.41996994614601135,0.3757556676864624
0456,./images/114/frame_00456.jpg,Fall,0.2767332196235657,0.558251678943634,-0.09189499914646149,0.2780874967575073,0.564983606338501,-0.11094387620687485,0.28008514642715454,0.5667518377304077,-0.11093493551015854,0.2823529541492462,0.5686503052711487,-0.11094613373279572,0.2736164629459381,0.5597370266914368,-0.11045952886343002,0.27231961488723755,0.5575869083404541,-0.11051009595394135,0.27088189125061035,0.5553818345069885,-0.11056987196207047,0.2888724207878113,0.561669111251831,-0.14610746502876282,0.2694745361804962,0.5424476861953735,-0.14465005695819855,0.28199559450149536,0.5515820980072021,-0.09802667051553726,0.27674150466918945,0.5450368523597717,-0.09727706015110016,0.31686148047447205,0.5326298475265503,-0.12149111181497574,0.26515182852745056,0.4656692147254944,-0.12989407777786255,0.3151457905769348,0.532798707485199,-0.034563206136226654,0.26917368173599243,0.38814327120780945,-0.045533064752817154,0.29506292939186096,0.559977650642395,0.054063696414232254,0.2777344286441803,0.3816430866718292,0.03869975358247757,0.2965127229690552,0.5686968564987183,0.05310715362429619,0.275191068649292,0.3721875548362732,0.03907473012804985,0.2913851737976074,0.5613716840744019,0.04557117074728012,0.2781447172164917,0.3776223063468933,0.024282822385430336,0.28905919194221497,0.5543205738067627,0.05268064886331558,0.2801690101623535,0.3829841613769531,0.034592241048812866,0.3263716399669647,0.4002429246902466,0.008175348863005638,0.2978943884372711,0.3747248649597168,-0.008121111430227757,0.3071178197860718,0.47237473726272583,0.16105644404888153,0.28544557094573975,0.431460440158844,0.14386549592018127,0.3132142424583435,0.4194210171699524,0.34639543294906616,0.29852932691574097,0.3992026150226593,0.34091484546661377,0.3171166777610779,0.404992938041687,0.36744192242622375,0.30271729826927185,0.3883536159992218,0.36283814907073975,0.30525487661361694,0.4331701397895813,0.3810151219367981,0.29320651292800903,0.41634759306907654,0.3786947727203369
0457,./images/114/frame_00457.jpg,Fall,0.27703016996383667,0.5569376349449158,-0.09506841003894806,0.2782784104347229,0.5642404556274414,-0.1145024299621582,0.28030887246131897,0.5659684538841248,-0.11449271440505981,0.2825891077518463,0.5678264498710632,-0.11449247598648071,0.2737416923046112,0.559119701385498,-0.113406240940094,0.272422730922699,0.557018518447876,-0.11345623433589935,0.2709527611732483,0.5548742413520813,-0.11352934688329697,0.28896868228912354,0.5610091090202332,-0.1497730314731598,0.2694728970527649,0.5422138571739197,-0.14524699747562408,0.2821847200393677,0.550190269947052,-0.10119910538196564,0.27688997983932495,0.5440801382064819,-0.09975803643465042,0.3168550133705139,0.5321860909461975,-0.12728555500507355,0.2648346722126007,0.4653951823711395,-0.12909916043281555,0.3188169598579407,0.5332518815994263,-0.041755832731723785,0.2693113386631012,0.38860127329826355,-0.04615211859345436,0.2997448444366455,0.5612058639526367,0.047434158623218536,0.2856402099132538,0.38097935914993286,0.03638085350394249,0.301462858915329,0.5696543455123901,0.04600119963288307,0.28241682052612305,0.3666367530822754,0.037809982895851135,0.2960406541824341,0.5617281794548035,0.039314232766628265,0.28605571389198303,0.36944663524627686,0.020432736724615097,0.29353028535842896,0.5548215508460999,0.046338364481925964,0.28740736842155457,0.3751988708972931,0.03132019191980362,0.3262713551521301,0.39999502897262573,0.005459881387650967,0.29784053564071655,0.3747871518135071,-0.00540987029671669,0.3073773980140686,0.46726199984550476,0.16226443648338318,0.2865905463695526,0.43038588762283325,0.15768301486968994,0.3133925199508667,0.41472193598747253,0.3474026620388031,0.2984431982040405,0.39504072070121765,0.3552244305610657,0.3171693682670593,0.3997778594493866,0.369331032037735,0.30244219303131104,0.3838069438934326,0.37719860672950745,0.30589306354522705,0.4299646019935608,0.38346540927886963,0.2930675148963928,0.41171759366989136,0.39074310660362244
0458,./images/114/frame_00458.jpg,Fall,0.2772758901119232,0.5556774735450745,-0.09746383130550385,0.2784784436225891,0.5633382797241211,-0.1169377788901329,0.28054434061050415,0.5650575160980225,-0.11692754179239273,0.2828412652015686,0.5669135451316833,-0.11693068593740463,0.27386295795440674,0.5582982897758484,-0.11565834283828735,0.2725219428539276,0.556235671043396,-0.11571011692285538,0.2710217237472534,0.5541419982910156,-0.11578252166509628,0.2890639901161194,0.5603091716766357,-0.15244895219802856,0.269470751285553,0.5417383909225464,-0.1465621292591095,0.28237447142601013,0.5490732192993164,-0.10369957983493805,0.27700886130332947,0.5430666208267212,-0.10197547823190689,0.3168647885322571,0.5316219925880432,-0.13036367297172546,0.2646941542625427,0.4648757576942444,-0.12940308451652527,0.320796936750412,0.5360748767852783,-0.04705001413822174,0.26928743720054626,0.38898736238479614,-0.04648797586560249,0.3029974400997162,0.5647298097610474,0.041407760232686996,0.28384095430374146,0.3806837797164917,0.03584401682019234,0.30507802963256836,0.5736082196235657,0.03938639909029007,0.2809251844882965,0.3671920895576477,0.036512888967990875,0.2997675836086273,0.5654019117355347,0.033003367483615875,0.2843692898750305,0.37067094445228577,0.020203057676553726,0.2972123324871063,0.5583008527755737,0.040439434349536896,0.2859288454055786,0.3763112723827362,0.031063402071595192,0.32618555426597595,0.3998008370399475,0.005277604330331087,0.29773324728012085,0.3748597502708435,-0.00523370411247015,0.3076527416706085,0.4655724763870239,0.16243693232536316,0.28663089871406555,0.43030667304992676,0.15617862343788147,0.31352072954177856,0.41505274176597595,0.34916847944259644,0.2983732521533966,0.39571741223335266,0.35376864671707153,0.31720125675201416,0.4003779888153076,0.3707970380783081,0.3023388981819153,0.38462862372398376,0.37578174471855164,0.30608582496643066,0.4304407835006714,0.38432997465133667,0.2929271459579468,0.41294586658477783,0.3903903067111969
0459,./images/114/frame_00459.jpg,Fall,0.2773497700691223,0.5549682974815369,-0.0991859957575798,0.2785381078720093,0.5624749660491943,-0.1187698245048523,0.2806129455566406,0.5642002820968628,-0.11876215040683746,0.2829113304615021,0.5660644769668579,-0.1187656968832016,0.2738986611366272,0.5574520826339722,-0.11729888617992401,0.2725481390953064,0.5554001331329346,-0.11735010147094727,0.27103564143180847,0.5533201694488525,-0.11742345243692398,0.28909292817115784,0.5595937371253967,-0.15421709418296814,0.2694685757160187,0.5411682724952698,-0.14738106727600098,0.2824464738368988,0.5480787754058838,-0.10535110533237457,0.2770683169364929,0.542149007320404,-0.10334838926792145,0.31685540080070496,0.5314263701438904,-0.13195163011550903,0.26460540294647217,0.4641493856906891,-0.12958762049674988,0.3226086497306824,0.5396175980567932,-0.04854648560285568,0.26926594972610474,0.38901302218437195,-0.04581616818904877,0.30588632822036743,0.5675304532051086,0.04143083840608597,0.28288698196411133,0.3806080222129822,0.03610032796859741,0.30823469161987305,0.5763940811157227,0.03954809904098511,0.2805483043193817,0.36728185415267944,0.03675527125597,0.303080290555954,0.5676456689834595,0.03353918343782425,0.28401613235473633,0.37130385637283325,0.020787326619029045,0.3005121350288391,0.5604919195175171,0.0406704805791378,0.2855370342731476,0.37692293524742126,0.031469427049160004,0.3261243999004364,0.3997924029827118,0.0053527215495705605,0.2977345287799835,0.3749302327632904,-0.005313334055244923,0.307648241519928,0.46340200304985046,0.16301485896110535,0.2867686152458191,0.42920923233032227,0.15720878541469574,0.3138042092323303,0.41460108757019043,0.350017249584198,0.2984994947910309,0.394513875246048,0.3543255627155304,0.31754031777381897,0.3999236524105072,0.3719179630279541,0.30252715945243835,0.3832015097141266,0.3763772249221802,0.3063230812549591,0.4306613504886627,0.3848000466823578,0.2929431200027466,0.41210857033729553,0.39114442467689514
0460,./images/114/frame_00460.jpg,Fall,0.27735087275505066,0.5544646978378296,-0.10300431400537491,0.2785584628582001,0.5617330074310303,-0.1225116103887558,0.2806420922279358,0.5634572505950928,-0.12250564247369766,0.2829506993293762,0.5653193593025208,-0.12250932306051254,0.27390676736831665,0.5566747784614563,-0.1212218627333641,0.2725524306297302,0.5545945167541504,-0.12126834690570831,0.2710382342338562,0.5523681640625,-0.12134367227554321,0.28915995359420776,0.5588028430938721,-0.15646299719810486,0.2694646120071411,0.5404295921325684,-0.1503201276063919,0.28244584798812866,0.5477995872497559,-0.1084744781255722,0.2770715355873108,0.5416800379753113,-0.10668528079986572,0.31682759523391724,0.5312772393226624,-0.13204815983772278,0.26438573002815247,0.46236804127693176,-0.13084176182746887,0.3225347399711609,0.5402006506919861,-0.04450970143079758,0.2691768705844879,0.38661834597587585,-0.04566393047571182,0.3050089180469513,0.567895770072937,0.04726707935333252,0.28212064504623413,0.38310471177101135,0.036597348749637604,0.30716636776924133,0.5769474506378174,0.04597746580839157,0.2803787589073181,0.37349411845207214,0.03710843250155449,0.3020281195640564,0.5677052736282349,0.039107806980609894,0.28348368406295776,0.3773209750652313,0.02140204980969429,0.2995529770851135,0.5604795813560486,0.04616297408938408,0.28510087728500366,0.382275253534317,0.032109856605529785,0.32601198554039,0.399823933839798,0.005647173151373863,0.29765480756759644,0.3749557435512543,-0.005601574666798115,0.30767491459846497,0.46165287494659424,0.16523374617099762,0.28725090622901917,0.4272722899913788,0.15880347788333893,0.3142372965812683,0.41442447900772095,0.3562755286693573,0.2991633713245392,0.39334335923194885,0.3562934696674347,0.31816771626472473,0.3999651074409485,0.378500759601593,0.3032386302947998,0.3821483254432678,0.3785777688026428,0.30644524097442627,0.4308701753616333,0.3929869532585144,0.2932720482349396,0.4113861620426178,0.3942493796348572
0461,./images/114/frame_00461.jpg,Fall,0.2773267328739166,0.5541960597038269,-0.10523717105388641,0.27855318784713745,0.5612365007400513,-0.1246638149023056,0.28064027428627014,0.5629783868789673,-0.12465701997280121,0.28294870257377625,0.5648565888404846,-0.12466461956501007,0.2738962471485138,0.5561343431472778,-0.12347882986068726,0.27253881096839905,0.5540282130241394,-0.12352953106164932,0.2710224986076355,0.5518415570259094,-0.12359914928674698,0.2891654968261719,0.5582553148269653,-0.15845425426959991,0.26946187019348145,0.539787769317627,-0.15290327370166779,0.2824227213859558,0.5477006435394287,-0.11063539981842041,0.27706289291381836,0.5413948893547058,-0.1089724525809288,0.31681740283966064,0.5312902927398682,-0.13307054340839386,0.26435038447380066,0.4611312448978424,-0.13295350968837738,0.3221574127674103,0.5401634573936462,-0.04563172161579132,0.26902320981025696,0.3849491477012634,-0.04628196731209755,0.3039109706878662,0.5672746300697327,0.04648331552743912,0.28178340196609497,0.38332459330558777,0.03580069914460182,0.30600401759147644,0.576234757900238,0.04531759396195412,0.279972642660141,0.3743169903755188,0.03678440302610397,0.30066579580307007,0.5671434998512268,0.03886254131793976,0.2830481231212616,0.37854254245758057,0.020611338317394257,0.2981831431388855,0.5599386096000671,0.04562295973300934,0.28472793102264404,0.383572518825531,0.031176801770925522,0.3258846402168274,0.4002006947994232,0.005918734706938267,0.2976677715778351,0.3750653862953186,-0.005870153196156025,0.3076489269733429,0.4627380073070526,0.16410717368125916,0.2873719036579132,0.42735201120376587,0.15587803721427917,0.3142204284667969,0.4157516062259674,0.355377733707428,0.2995453476905823,0.3939353823661804,0.355583131313324,0.31814879179000854,0.40129217505455017,0.3775871694087982,0.3037356436252594,0.38283056020736694,0.37686869502067566,0.30642563104629517,0.4329598844051361,0.3906031548976898,0.2937822639942169,0.4120617210865021,0.3881850838661194
0462,./images/114/frame_00462.jpg,Fall,0.2772510051727295,0.5540686845779419,-0.11488640308380127,0.278496116399765,0.5609914660453796,-0.13566216826438904,0.28059932589530945,0.5627689361572266,-0.13564427196979523,0.2829238772392273,0.5646759867668152,-0.13562189042568207,0.2738197445869446,0.5557858943939209,-0.134536013007164,0.2724507451057434,0.5536394119262695,-0.13457702100276947,0.27092134952545166,0.5514465570449829,-0.13463392853736877,0.28916651010513306,0.5581017136573792,-0.17004892230033875,0.2694055438041687,0.5392669439315796,-0.16492319107055664,0.28237849473953247,0.5477002859115601,-0.11971209198236465,0.2770361304283142,0.5413154363632202,-0.1181878000497818,0.31681400537490845,0.5314478278160095,-0.143130362033844,0.2643745541572571,0.4606330096721649,-0.14296333491802216,0.3252556025981903,0.5418675541877747,-0.056410931050777435,0.26903003454208374,0.3848504424095154,-0.057031743228435516,0.3068405091762543,0.5673331618309021,0.0303181204944849,0.2876168191432953,0.38196098804473877,0.017918763682246208,0.30888083577156067,0.5760422945022583,0.02625703252851963,0.2840823531150818,0.36722734570503235,0.0157147403806448,0.30339154601097107,0.5666258335113525,0.020311139523983,0.28847381472587585,0.36975789070129395,-0.0015552942641079426,0.30086538195610046,0.5593968033790588,0.029351025819778442,0.28952687978744507,0.3750099241733551,0.012388182803988457,0.3258349299430847,0.4016958475112915,0.006093479227274656,0.2978062927722931,0.3753403425216675,-0.006041263230144978,0.3075280487537384,0.4699821472167969,0.17447152733802795,0.2879013419151306,0.4274996519088745,0.16612942516803741,0.3141220211982727,0.4301573932170868,0.3788847327232361,0.30044007301330566,0.39660975337028503,0.3738548457622528,0.3181290924549103,0.4175117015838623,0.40196579694747925,0.304720938205719,0.38683563470840454,0.3971317410469055,0.30567264556884766,0.44726353883743286,0.41488033533096313,0.2947045862674713,0.4145461618900299,0.4101608693599701
0463,./images/114/frame_00463.jpg,Fall,0.27709436416625977,0.5539768934249878,-0.11518172174692154,0.2782513499259949,0.5609130263328552,-0.13567249476909637,0.2803274989128113,0.5627248883247375,-0.13565653562545776,0.28262731432914734,0.5646618604660034,-0.13563068211078644,0.2736191153526306,0.55567866563797,-0.13427889347076416,0.27223002910614014,0.5535337328910828,-0.1343231350183487,0.27067190408706665,0.5513509511947632,-0.1343895047903061,0.28902876377105713,0.5580875873565674,-0.17000342905521393,0.2691592574119568,0.5391181111335754,-0.163870707154274,0.28222599625587463,0.5474742650985718,-0.12027684599161148,0.2769644558429718,0.5412436723709106,-0.11843840777873993,0.31676238775253296,0.5314537882804871,-0.14417968690395355,0.2643132209777832,0.4607703387737274,-0.1432475447654724,0.3268167972564697,0.5421134829521179,-0.05874813720583916,0.26964637637138367,0.3855889141559601,-0.06136242672801018,0.31029313802719116,0.5671997666358948,0.029197508469223976,0.2950999438762665,0.374982625246048,0.0083715058863163,0.312808096408844,0.5756064653396606,0.025565344840288162,0.29967200756073,0.358518123626709,0.005894393660128117,0.3075120449066162,0.5661981105804443,0.020322289317846298,0.30163389444351196,0.3632809817790985,-0.01223172340542078,0.30478590726852417,0.559021532535553,0.028498739004135132,0.30026277899742126,0.369466096162796,0.0023877613712102175,0.3258100152015686,0.4018252491950989,0.0056307390332221985,0.29794198274612427,0.3754786550998688,-0.005585645325481892,0.30753883719444275,0.46824827790260315,0.17567573487758636,0.28891533613204956,0.42631128430366516,0.17162495851516724,0.31415361166000366,0.4278644919395447,0.37953802943229675,0.30113276839256287,0.39611130952835083,0.3802036941051483,0.31818675994873047,0.4145917296409607,0.40241822600364685,0.3054368197917938,0.3864867389202118,0.40359267592430115,0.3056855797767639,0.4445824921131134,0.4145946502685547,0.2951909005641937,0.4131574332714081,0.416576623916626
0464,./images/114/frame_00464.jpg,Fall,0.27709800004959106,0.5534704923629761,-0.11360795795917511,0.2782307267189026,0.5607819557189941,-0.13471420109272003,0.28029900789260864,0.5625888705253601,-0.13469476997852325,0.28258568048477173,0.564510703086853,-0.1346704661846161,0.27359452843666077,0.5555802583694458,-0.13321815431118011,0.2721913158893585,0.5534549951553345,-0.1332620084285736,0.27063482999801636,0.5512055158615112,-0.13332930207252502,0.2889559864997864,0.5580639243125916,-0.1709684580564499,0.2690412402153015,0.5390845537185669,-0.1643005758523941,0.2822182774543762,0.5470705032348633,-0.11925850808620453,0.27696067094802856,0.5410388708114624,-0.11735206842422485,0.31675001978874207,0.5311689972877502,-0.14722129702568054,0.2643059194087982,0.46099966764450073,-0.14380274713039398,0.328391969203949,0.5413557887077332,-0.05893411114811897,0.2707114815711975,0.3878684639930725,-0.06375372409820557,0.31473129987716675,0.5674540400505066,0.03524642810225487,0.29978981614112854,0.36899062991142273,0.0015695607289671898,0.3178090453147888,0.576061487197876,0.0321466289460659,0.30268511176109314,0.35424089431762695,-0.0015609973343089223,0.31252139806747437,0.5665886402130127,0.02720429003238678,0.30488547682762146,0.3578113615512848,-0.019818786531686783,0.3094820976257324,0.5594633221626282,0.03471808880567551,0.3046276271343231,0.36457061767578125,-0.004563572816550732,0.32580429315567017,0.4016144573688507,0.0037376941181719303,0.29821935296058655,0.3754802644252777,-0.0037288765888661146,0.3082703649997711,0.45871657133102417,0.17863816022872925,0.29137271642684937,0.42176175117492676,0.18361659348011017,0.3141913414001465,0.4199632406234741,0.3864824175834656,0.30213436484336853,0.39344465732574463,0.3966185450553894,0.3181641101837158,0.40700510144233704,0.40996184945106506,0.30613210797309875,0.38451647758483887,0.420696496963501,0.30612093210220337,0.43769457936286926,0.42403918504714966,0.2964848577976227,0.40947696566581726,0.4362550675868988
0465,./images/114/frame_00465.jpg,Fall,0.27701982855796814,0.5529710054397583,-0.11055880784988403,0.27807334065437317,0.5605505108833313,-0.13110092282295227,0.2800862193107605,0.5623646378517151,-0.13108396530151367,0.28235453367233276,0.564312219619751,-0.1310647875070572,0.2734837830066681,0.5553834438323975,-0.13003447651863098,0.2720942199230194,0.5532065629959106,-0.1300799548625946,0.2705410122871399,0.55098557472229,-0.13014346361160278,0.2887258231639862,0.5579973459243774,-0.16643214225769043,0.2688773572444916,0.5388255715370178,-0.16166575253009796,0.28207510709762573,0.5467634201049805,-0.11609382927417755,0.27684760093688965,0.5408772230148315,-0.11461605876684189,0.31674569845199585,0.5311457514762878,-0.1417168229818344,0.26430076360702515,0.4606987535953522,-0.1419610232114792,0.3266642093658447,0.5336303114891052,-0.05602812021970749,0.27089923620224,0.3879300057888031,-0.06057671830058098,0.31234103441238403,0.5582549571990967,0.03761758655309677,0.2974095344543457,0.37018856406211853,0.010412581264972687,0.3152141273021698,0.5658583045005798,0.0354287326335907,0.30099451541900635,0.3572087287902832,0.007772042416036129,0.31002891063690186,0.5577087998390198,0.02902109920978546,0.3027351498603821,0.3611229360103607,-0.00965090747922659,0.307071328163147,0.5511032938957214,0.03650955483317375,0.30326926708221436,0.36649224162101746,0.0047476040199398994,0.325918972492218,0.40159955620765686,0.004024681635200977,0.29830223321914673,0.37480685114860535,-0.004007329698652029,0.3078180253505707,0.45973366498947144,0.17686288058757782,0.2905758023262024,0.4234955608844757,0.17292116582393646,0.31406813859939575,0.4185031056404114,0.37899309396743774,0.30196112394332886,0.3929140865802765,0.3798469305038452,0.31806981563568115,0.40550529956817627,0.40169796347618103,0.3059978187084198,0.38342297077178955,0.403195321559906,0.3060491383075714,0.43385276198387146,0.41581645607948303,0.29633262753486633,0.4077361226081848,0.4189535677433014
0466,./images/114/frame_00466.jpg,Fall,0.2770044505596161,0.5524604916572571,-0.10359469801187515,0.278056263923645,0.56013023853302,-0.12323328107595444,0.28006935119628906,0.5619405508041382,-0.12321126461029053,0.28234413266181946,0.5638905167579651,-0.12319420278072357,0.2734626233577728,0.554858922958374,-0.12262940406799316,0.2720666527748108,0.5526895523071289,-0.1226840615272522,0.2705060839653015,0.5504635572433472,-0.12273983657360077,0.2886849343776703,0.5576951503753662,-0.15844106674194336,0.2687930464744568,0.5383285880088806,-0.15574295818805695,0.2820560038089752,0.5464482307434082,-0.1093464121222496,0.27678996324539185,0.5406154990196228,-0.10846253484487534,0.31675198674201965,0.5310208797454834,-0.1345745027065277,0.26429808139801025,0.46038544178009033,-0.13719984889030457,0.32592612504959106,0.5291023254394531,-0.05212915688753128,0.271009624004364,0.38789045810699463,-0.05869501084089279,0.3102737069129944,0.5538555383682251,0.03934083133935928,0.2955474555492401,0.37135255336761475,0.012130944058299065,0.3128316104412079,0.5612298250198364,0.03702428936958313,0.2994143068790436,0.35812902450561523,0.008795613422989845,0.3076736330986023,0.5543349385261536,0.030982112511992455,0.29878222942352295,0.36229583621025085,-0.006347257643938065,0.3048543334007263,0.5479527115821838,0.03837956488132477,0.2994878888130188,0.36772534251213074,0.0073045664466917515,0.32598134875297546,0.4015636742115021,0.004358556121587753,0.2982558608055115,0.3743421733379364,-0.004343928303569555,0.30715101957321167,0.46377864480018616,0.1681397557258606,0.28773874044418335,0.42740076780319214,0.15669018030166626,0.31393253803253174,0.420928031206131,0.3610248863697052,0.3011235296726227,0.39406102895736694,0.3553665578365326,0.3180350661277771,0.407649964094162,0.3823026418685913,0.30573540925979614,0.38408422470092773,0.3774026036262512,0.3058318495750427,0.43552276492118835,0.3929581046104431,0.2952510118484497,0.40794482827186584,0.38992753624916077
0467,./images/114/frame_00467.jpg,Fall,0.2772190570831299,0.5510497093200684,-0.10172943770885468,0.2782124876976013,0.5591809153556824,-0.12184377759695053,0.28026634454727173,0.560973584651947,-0.1218252032995224,0.28255948424339294,0.5628479719161987,-0.12180467694997787,0.2735406756401062,0.5540680289268494,-0.12109671533107758,0.27212095260620117,0.5520002841949463,-0.12114910781383514,0.270541250705719,0.5498802065849304,-0.1212175115942955,0.28868526220321655,0.5570254325866699,-0.15727581083774567,0.2688034772872925,0.5377966165542603,-0.15401799976825714,0.2822647988796234,0.544928252696991,-0.10742396116256714,0.2769041061401367,0.5394469499588013,-0.10641084611415863,0.31678682565689087,0.5308054685592651,-0.13367149233818054,0.26423636078834534,0.45956242084503174,-0.1350676715373993,0.32532018423080444,0.5287156105041504,-0.04935877025127411,0.27141571044921875,0.38783636689186096,-0.05156143382191658,0.30969828367233276,0.5548421144485474,0.04497598856687546,0.29536551237106323,0.3718947470188141,0.02107282727956772,0.31242942810058594,0.5625587701797485,0.04283436760306358,0.2984379529953003,0.364612877368927,0.019266165792942047,0.30712181329727173,0.5551192164421082,0.03822625055909157,0.29776281118392944,0.36239656805992126,0.00135201052762568,0.30422109365463257,0.5486329197883606,0.044548701494932175,0.2985911965370178,0.3682993948459625,0.015263709239661694,0.32598555088043213,0.40154701471328735,0.004585737362504005,0.29825422167778015,0.3739628791809082,-0.004564193077385426,0.3070659041404724,0.4618285298347473,0.1688077300786972,0.2877301275730133,0.4251566529273987,0.15936163067817688,0.31386226415634155,0.4161415100097656,0.3635682165622711,0.2997598946094513,0.3888382911682129,0.3604056239128113,0.3179696202278137,0.4022725522518158,0.3853284418582916,0.30399268865585327,0.3783431053161621,0.3829280138015747,0.30577898025512695,0.431442528963089,0.39701682329177856,0.2933681607246399,0.40311458706855774,0.3947952687740326
0468,./images/114/frame_00468.jpg,Fall,0.2776253819465637,0.549884557723999,-0.1162940114736557,0.2786688506603241,0.5583823919296265,-0.13860757648944855,0.2808919847011566,0.5599534511566162,-0.13858716189861298,0.2832360565662384,0.5617668628692627,-0.13856758177280426,0.27378687262535095,0.5528994798660278,-0.13704811036586761,0.27230921387672424,0.5508033633232117,-0.13710053265094757,0.27069368958473206,0.5487005710601807,-0.13716359436511993,0.2887784540653229,0.5559633374214172,-0.17544084787368774,0.2689283490180969,0.5366647243499756,-0.16842395067214966,0.28270772099494934,0.5439141988754272,-0.12151370197534561,0.277087926864624,0.5381835699081421,-0.11945377290248871,0.31696584820747375,0.530687689781189,-0.14932426810264587,0.2642369866371155,0.4580593407154083,-0.1419747769832611,0.3271377682685852,0.5303223133087158,-0.059355221688747406,0.2714207172393799,0.3870096504688263,-0.05128658562898636,0.3127102255821228,0.5573322176933289,0.031430117785930634,0.2943028509616852,0.3758333921432495,0.022905755788087845,0.3157665729522705,0.5659223198890686,0.026279021054506302,0.2915930151939392,0.36905887722969055,0.02034587226808071,0.31007009744644165,0.5576220154762268,0.02188233658671379,0.29645150899887085,0.3704254925251007,0.0018412256613373756,0.3071243166923523,0.5507556200027466,0.030980950221419334,0.29769331216812134,0.3751453459262848,0.016906391829252243,0.3259342610836029,0.4020407795906067,0.004430447705090046,0.2981272339820862,0.37397676706314087,-0.004407393280416727,0.3070908784866333,0.4621376097202301,0.17498339712619781,0.28698796033859253,0.42529579997062683,0.1683834046125412,0.3138076663017273,0.41634270548820496,0.3807418942451477,0.2992059886455536,0.38954341411590576,0.380312979221344,0.3176560699939728,0.40270280838012695,0.4042169153690338,0.30344894528388977,0.37909263372421265,0.40440067648887634,0.3058486878871918,0.43232497572898865,0.42024677991867065,0.29332420229911804,0.40456467866897583,0.42159557342529297
0469,./images/114/frame_00469.jpg,Fall,0.2775077521800995,0.5497757196426392,-0.12197474390268326,0.2786472737789154,0.5580763220787048,-0.14308665692806244,0.28088563680648804,0.5597304701805115,-0.1430567353963852,0.28322115540504456,0.5615689754486084,-0.14304040372371674,0.2736993134021759,0.552617073059082,-0.14157702028751373,0.272214412689209,0.5503286719322205,-0.14163514971733093,0.2705692648887634,0.5481278896331787,-0.14167794585227966,0.28881579637527466,0.555263876914978,-0.17804385721683502,0.2688453197479248,0.5354666113853455,-0.17107656598091125,0.2826443910598755,0.5438192486763,-0.1268419772386551,0.2768981456756592,0.5379270911216736,-0.12472758442163467,0.31696605682373047,0.5306994915008545,-0.14883489906787872,0.26419124007225037,0.4561399221420288,-0.142846941947937,0.3269030451774597,0.5441832542419434,-0.06201125308871269,0.2713785767555237,0.38556769490242004,-0.05018215253949165,0.31294769048690796,0.559572696685791,0.02435896545648575,0.2854224741458893,0.38622385263442993,0.031057551503181458,0.3160673677921295,0.5682393908500671,0.01993436925113201,0.28346678614616394,0.379166841506958,0.02997586503624916,0.309937447309494,0.5608024001121521,0.014086022973060608,0.2883075177669525,0.38572120666503906,0.012112226337194443,0.3070524036884308,0.5538601875305176,0.023566510528326035,0.2901885211467743,0.39052996039390564,0.025613835081458092,0.32596731185913086,0.4025697112083435,0.004566289950162172,0.29812467098236084,0.3732922077178955,-0.004556566011160612,0.30857279896736145,0.4726020097732544,0.16822806000709534,0.28061574697494507,0.42539161443710327,0.1479891985654831,0.3138124644756317,0.43151775002479553,0.36279356479644775,0.2964952290058136,0.39009082317352295,0.35527393221855164,0.3175373673439026,0.4177378714084625,0.3845278024673462,0.30160337686538696,0.37953248620033264,0.3785007894039154,0.30591249465942383,0.4499064087867737,0.3982592225074768,0.2919543385505676,0.4046483337879181,0.39677584171295166
0470,./images/114/frame_00470.jpg,Fall,0.27750077843666077,0.5485583543777466,-0.12677493691444397,0.27865636348724365,0.5571463108062744,-0.14824768900871277,0.2809106111526489,0.5587075352668762,-0.14820897579193115,0.2832929193973541,0.5605284571647644,-0.14818686246871948,0.2736993134021759,0.5514945387840271,-0.14667591452598572,0.27221372723579407,0.5492538809776306,-0.14673203229904175,0.27056407928466797,0.5470761060714722,-0.14676883816719055,0.2888988256454468,0.5544387698173523,-0.1837860643863678,0.2688432037830353,0.5346145629882812,-0.1766505241394043,0.28263747692108154,0.5424686670303345,-0.13166694343090057,0.2768966555595398,0.5364679098129272,-0.12953385710716248,0.31696948409080505,0.5304068326950073,-0.15601861476898193,0.26392287015914917,0.4560186564922333,-0.14605620503425598,0.32771462202072144,0.5435848236083984,-0.06896845251321793,0.2713697552680969,0.38342487812042236,-0.05337950587272644,0.31227797269821167,0.5595929622650146,0.01575557142496109,0.28597214818000793,0.385937362909317,0.02496405690908432,0.31504207849502563,0.5682495832443237,0.010257898829877377,0.2839290201663971,0.3772392272949219,0.022675085812807083,0.30905720591545105,0.5608028769493103,0.0035397920291870832,0.2882883846759796,0.3821578025817871,0.003896125825121999,0.30625084042549133,0.5538603067398071,0.014524122700095177,0.289989173412323,0.3870011568069458,0.019024226814508438,0.3260124921798706,0.4029735028743744,0.004443150945007801,0.2981143295764923,0.3727641999721527,-0.004432708024978638,0.3102332353591919,0.47913363575935364,0.16830825805664062,0.28044572472572327,0.42516952753067017,0.1512940526008606,0.3138761520385742,0.44341400265693665,0.36400729417800903,0.29639095067977905,0.39145469665527344,0.35814231634140015,0.3175278604030609,0.4297812581062317,0.3859499990940094,0.3015832304954529,0.3805447816848755,0.3809802830219269,0.3059436082839966,0.46449583768844604,0.3995107412338257,0.2920934855937958,0.40956398844718933,0.39769214391708374
0471,./images/114/frame_00471.jpg,Fall,0.27742961049079895,0.5482778549194336,-0.12082413583993912,0.2786516547203064,0.5567557215690613,-0.14185424149036407,0.2809019684791565,0.5583963990211487,-0.14182643592357635,0.28329139947891235,0.560184895992279,-0.1418050229549408,0.27358657121658325,0.5511730909347534,-0.14052286744117737,0.2720429599285126,0.5489391088485718,-0.1405756175518036,0.27032145857810974,0.5467531085014343,-0.14062440395355225,0.2888990044593811,0.5539146661758423,-0.1777765154838562,0.26870429515838623,0.5339611172676086,-0.17130900919437408,0.2826133370399475,0.5419936776161194,-0.1259090006351471,0.2767431139945984,0.5358908772468567,-0.12417267262935638,0.31695663928985596,0.5279423594474792,-0.1463485062122345,0.2636699974536896,0.4550071656703949,-0.14505216479301453,0.32730311155319214,0.5435804724693298,-0.05235133692622185,0.27126920223236084,0.38219067454338074,-0.04461127892136574,0.3075772225856781,0.5542212724685669,0.03713107854127884,0.2789463698863983,0.39654791355133057,0.048773761838674545,0.30901554226875305,0.5624486804008484,0.034725286066532135,0.2762586772441864,0.389978289604187,0.04956750199198723,0.3026318848133087,0.5567792654037476,0.023930061608552933,0.2795591354370117,0.39824727177619934,0.03359191492199898,0.30046677589416504,0.5499230623245239,0.03483498468995094,0.2817973792552948,0.4027588367462158,0.044461820274591446,0.32622724771499634,0.4007019102573395,0.005408933851867914,0.2979263663291931,0.37110909819602966,-0.005376155488193035,0.31245481967926025,0.4804133176803589,0.1507277488708496,0.280598908662796,0.43147823214530945,0.13110020756721497,0.3127124607563019,0.44192585349082947,0.334072083234787,0.295246422290802,0.40639808773994446,0.3247889578342438,0.314385324716568,0.4286053478717804,0.3545740842819214,0.2997632920742035,0.39590099453926086,0.34612318873405457,0.3052658140659332,0.46112343668937683,0.3669293224811554,0.2919823229312897,0.42778968811035156,0.3617541193962097
0472,./images/114/frame_00472.jpg,Fall,0.2775990068912506,0.5476417541503906,-0.12201763689517975,0.27905863523483276,0.5558419227600098,-0.14139029383659363,0.2814163565635681,0.5574938654899597,-0.1413509100675583,0.2838924527168274,0.5591937899589539,-0.1413383185863495,0.2737331688404083,0.5504757165908813,-0.14073912799358368,0.2721484303474426,0.5483101606369019,-0.14079385995864868,0.27039408683776855,0.5462118983268738,-0.14082002639770508,0.2891177535057068,0.5528469681739807,-0.17486676573753357,0.2687724828720093,0.5331075191497803,-0.17109189927577972,0.28296715021133423,0.5412602424621582,-0.126451313495636,0.27679330110549927,0.5352305173873901,-0.12559321522712708,0.3171755075454712,0.5260887145996094,-0.1443597376346588,0.2635449469089508,0.4542815387248993,-0.1439708173274994,0.32755085825920105,0.5327730178833008,-0.052827708423137665,0.27105867862701416,0.37711724638938904,-0.051396340131759644,0.3071996867656708,0.5457391738891602,0.031902752816677094,0.27827438712120056,0.3986089527606964,0.04404829442501068,0.30775102972984314,0.5544461011886597,0.028739403933286667,0.27569907903671265,0.39279475808143616,0.043650880455970764,0.30121544003486633,0.5502736568450928,0.018561918288469315,0.27985072135925293,0.40054774284362793,0.02810310199856758,0.29937201738357544,0.5436629056930542,0.029521603137254715,0.28205934166908264,0.4049140512943268,0.0414033904671669,0.32675549387931824,0.40220293402671814,0.005463703069835901,0.2975215017795563,0.3712230324745178,-0.00542191369459033,0.3177267909049988,0.4861036539077759,0.1360061913728714,0.28073400259017944,0.43594610691070557,0.11797287315130234,0.3127216696739197,0.47435158491134644,0.30991917848587036,0.29298320412635803,0.4343627989292145,0.3035837709903717,0.3144260048866272,0.4643915295600891,0.3282943665981293,0.29609015583992004,0.42607933282852173,0.3232516348361969,0.30533260107040405,0.5041325688362122,0.3237192630767822,0.2918233573436737,0.4657752513885498,0.32397890090942383
0473,./images/114/frame_00473.jpg,Fall,0.2773440182209015,0.5469327569007874,-0.1201256737112999,0.2789316177368164,0.5553388595581055,-0.1399046629667282,0.2813595235347748,0.5571094751358032,-0.13986645638942719,0.28387194871902466,0.5588963031768799,-0.13984763622283936,0.27347928285598755,0.5499963760375977,-0.1392383873462677,0.2718352973461151,0.547897458076477,-0.13928408920764923,0.2699735760688782,0.5458688139915466,-0.13931629061698914,0.28920918703079224,0.5522992610931396,-0.17354930937290192,0.2684653401374817,0.5323449969291687,-0.17026139795780182,0.2828690707683563,0.5399359464645386,-0.1246885284781456,0.2766781449317932,0.5342589616775513,-0.12380407005548477,0.3173835575580597,0.5259150266647339,-0.1457206904888153,0.26312363147735596,0.4529547393321991,-0.1435314565896988,0.3305606245994568,0.524283766746521,-0.06354951113462448,0.27105408906936646,0.37417492270469666,-0.05663920193910599,0.30723515152931213,0.5482082366943359,0.015344937331974506,0.2804829478263855,0.39090636372566223,0.018881337717175484,0.3078586757183075,0.5570315718650818,0.009632699191570282,0.27842801809310913,0.3854239881038666,0.018394265323877335,0.3013572096824646,0.5515692234039307,0.001364144147373736,0.28151530027389526,0.3887024223804474,0.0015567553928121924,0.2993777394294739,0.5447518825531006,0.013424810953438282,0.2834267020225525,0.3935360312461853,0.014407118782401085,0.3269941806793213,0.4031214416027069,0.0025927976239472628,0.29700759053230286,0.37124645709991455,-0.002480928786098957,0.3172001242637634,0.4827429950237274,0.14313356578350067,0.28215381503105164,0.43372735381126404,0.12235019356012344,0.3132961094379425,0.46901342272758484,0.3279224634170532,0.2927604913711548,0.43385013937950134,0.32997018098831177,0.31483957171440125,0.4597395658493042,0.3478671908378601,0.2949901223182678,0.4270091652870178,0.3513229191303253,0.3056294023990631,0.49996206164360046,0.3467109501361847,0.29187196493148804,0.46901893615722656,0.35646429657936096
0474,./images/114/frame_00474.jpg,Fall,0.27653974294662476,0.5464925765991211,-0.12537015974521637,0.2780805826187134,0.5550330877304077,-0.14382319152355194,0.28046515583992004,0.5569607019424438,-0.14378081262111664,0.28300970792770386,0.5588785409927368,-0.14377322793006897,0.27274686098098755,0.5494250655174255,-0.1440686732530594,0.2711239159107208,0.547258734703064,-0.14412274956703186,0.2692882716655731,0.5451503992080688,-0.144134521484375,0.28886517882347107,0.5521739721298218,-0.1737574338912964,0.26812249422073364,0.5314974188804626,-0.17391616106033325,0.2821258008480072,0.5397137999534607,-0.12849776446819305,0.2761000990867615,0.5337201952934265,-0.12867005169391632,0.31735605001449585,0.5259586572647095,-0.13931863009929657,0.2631402909755707,0.451541006565094,-0.14576312899589539,0.3298068344593048,0.51792973279953,-0.047588638961315155,0.27037137746810913,0.37228354811668396,-0.05641980841755867,0.306587278842926,0.5427320003509521,0.03927002102136612,0.27758342027664185,0.3956443667411804,0.027928724884986877,0.30728039145469666,0.5509905219078064,0.037005431950092316,0.27495309710502625,0.389908105134964,0.028884153813123703,0.3007689118385315,0.5465189814567566,0.026854325085878372,0.27897417545318604,0.3972838819026947,0.01234930008649826,0.2987772524356842,0.5400621891021729,0.03720114380121231,0.28110986948013306,0.401983380317688,0.023709792643785477,0.32714319229125977,0.40341296792030334,0.005547637585550547,0.2969641387462616,0.3712230324745178,-0.005433956626802683,0.3170563876628876,0.4846535623073578,0.13917234539985657,0.2799534201622009,0.43633052706718445,0.12000042200088501,0.31157439947128296,0.47110629081726074,0.31815075874328613,0.29008251428604126,0.4366804361343384,0.3095587491989136,0.3123917579650879,0.46123623847961426,0.3370869755744934,0.29274600744247437,0.42871397733688354,0.32970160245895386,0.30374032258987427,0.49950265884399414,0.3337603509426117,0.2896296977996826,0.4686988890171051,0.3318111300468445
0475,./images/114/frame_00475.jpg,Fall,0.27575454115867615,0.546028733253479,-0.12484748661518097,0.27732187509536743,0.5545088052749634,-0.1443486511707306,0.2797220051288605,0.5565407872200012,-0.14430996775627136,0.2823382019996643,0.558544933795929,-0.1443004310131073,0.2719617486000061,0.5486801862716675,-0.14386579394340515,0.27030354738235474,0.5464242100715637,-0.14392045140266418,0.26842767000198364,0.5442390441894531,-0.14393506944179535,0.2884145975112915,0.5517861247062683,-0.17731037735939026,0.26757577061653137,0.5305117964744568,-0.17446234822273254,0.28141939640045166,0.5393291711807251,-0.12913131713867188,0.2754608690738678,0.5332279205322266,-0.1283370703458786,0.31732290983200073,0.5255072712898254,-0.14416024088859558,0.2631480097770691,0.4509037733078003,-0.14585059881210327,0.32929739356040955,0.5213411450386047,-0.05650100111961365,0.2703581154346466,0.37089118361473083,-0.05665745213627815,0.3071982264518738,0.5438670516014099,0.026501744985580444,0.2784693241119385,0.393748015165329,0.024707045406103134,0.3088075518608093,0.5512559413909912,0.02196013182401657,0.2759024500846863,0.3872603476047516,0.02395356446504593,0.30219361186027527,0.5482906103134155,0.012873289175331593,0.2797216773033142,0.39368048310279846,0.0075041502714157104,0.29989394545555115,0.541408896446228,0.024596424773335457,0.28175872564315796,0.3984905779361725,0.02013174444437027,0.32715079188346863,0.403393417596817,0.005548343528062105,0.29705482721328735,0.3708377480506897,-0.0054347338154911995,0.3162159323692322,0.4851621091365814,0.14358936250209808,0.28037962317466736,0.4372536242008209,0.1301988661289215,0.31162938475608826,0.4662763774394989,0.3295440077781677,0.29112330079078674,0.4328131377696991,0.3247162699699402,0.3128693699836731,0.455708384513855,0.34961143136024475,0.294173926115036,0.4242459535598755,0.3457695245742798,0.3042541742324829,0.4922482371330261,0.3502691388130188,0.2900872528553009,0.46215277910232544,0.35158929228782654
0476,./images/114/frame_00476.jpg,Fall,0.2752583622932434,0.5440957546234131,-0.14280082285404205,0.2768925130367279,0.5526070594787598,-0.16099026799201965,0.2793876528739929,0.5548229217529297,-0.1609468162059784,0.28213420510292053,0.5570446252822876,-0.16094091534614563,0.27141785621643066,0.5464376211166382,-0.160335510969162,0.2697209417819977,0.5440443158149719,-0.16039222478866577,0.2678076922893524,0.5417031049728394,-0.16040179133415222,0.2883870303630829,0.5505747199058533,-0.18725067377090454,0.2670136094093323,0.5279853940010071,-0.1842055767774582,0.2812345325946808,0.5376035571098328,-0.144730806350708,0.275045245885849,0.5314481258392334,-0.14381054043769836,0.3173617720603943,0.5251803398132324,-0.15166732668876648,0.2631504237651825,0.44819191098213196,-0.14776691794395447,0.3295915424823761,0.5363806486129761,-0.06253048777580261,0.2693881094455719,0.3723061978816986,-0.05649600550532341,0.3140611946582794,0.5542937517166138,0.026466703042387962,0.27241045236587524,0.41086459159851074,0.025363322347402573,0.3139236569404602,0.56272953748703,0.022176042199134827,0.26858165860176086,0.40579333901405334,0.02568024955689907,0.30709102749824524,0.5587891340255737,0.013088025152683258,0.2727523148059845,0.4149334728717804,0.009129086509346962,0.30460289120674133,0.5521138310432434,0.024756859987974167,0.27545422315597534,0.41962072253227234,0.020998558029532433,0.327261745929718,0.40482279658317566,0.0049185012467205524,0.29658669233322144,0.37086546421051025,-0.004812567960470915,0.3201841413974762,0.4864691495895386,0.13167381286621094,0.2792355716228485,0.4370388090610504,0.12610593438148499,0.31128454208374023,0.48453935980796814,0.3158448338508606,0.2908289432525635,0.4458705186843872,0.31480327248573303,0.31208866834640503,0.47566425800323486,0.3353891968727112,0.2940025329589844,0.4385254681110382,0.3349648118019104,0.30367299914360046,0.5187625288963318,0.3277628421783447,0.29031091928482056,0.483638733625412,0.3321077227592468
0477,./images/114/frame_00477.jpg,Fall,0.27471238374710083,0.5421079397201538,-0.13976958394050598,0.27604439854621887,0.5512009263038635,-0.15552189946174622,0.2784864604473114,0.5535104870796204,-0.15553051233291626,0.2811729907989502,0.5558019876480103,-0.15555475652217865,0.2707518935203552,0.5447604060173035,-0.15605245530605316,0.26914721727371216,0.542107880115509,-0.15612198412418365,0.2673221230506897,0.5396223068237305,-0.15622425079345703,0.2875216007232666,0.5494762659072876,-0.18360626697540283,0.26673778891563416,0.5265427231788635,-0.1795348823070526,0.28083041310310364,0.5362308621406555,-0.13790816068649292,0.27469727396965027,0.5297933220863342,-0.13768446445465088,0.3173312544822693,0.5241788029670715,-0.156377375125885,0.26316720247268677,0.4472625255584717,-0.1474507749080658,0.32978957891464233,0.5398145914077759,-0.0747508704662323,0.26916104555130005,0.3731343150138855,-0.0541367307305336,0.31591740250587463,0.5581218600273132,0.009506839327514172,0.27056512236595154,0.4115850627422333,0.03275166451931,0.31384986639022827,0.5649534463882446,0.0030878239776939154,0.26683709025382996,0.4073576331138611,0.03411830589175224,0.3073588013648987,0.5617942810058594,-0.0048860893584787846,0.2707538306713104,0.41644108295440674,0.01804167404770851,0.3051740229129791,0.5553237795829773,0.007914881221950054,0.27340421080589294,0.4207119345664978,0.02866727113723755,0.32732653617858887,0.4037378430366516,0.0030356310307979584,0.2961913049221039,0.37070220708847046,-0.002946300432085991,0.32531070709228516,0.4883037209510803,0.123508021235466,0.27312609553337097,0.44098523259162903,0.1227135881781578,0.31136009097099304,0.5122894048690796,0.2992938160896301,0.280478298664093,0.46532461047172546,0.3042055070400238,0.3120209574699402,0.506947934627533,0.31763195991516113,0.28245168924331665,0.4613978862762451,0.32324284315109253,0.3042336106300354,0.5524929761886597,0.3027496933937073,0.282461941242218,0.5018627047538757,0.31714335083961487
0478,./images/114/frame_00478.jpg,Fall,0.2746198773384094,0.5408258438110352,-0.11820453405380249,0.27583426237106323,0.5500125288963318,-0.13804367184638977,0.27825218439102173,0.5523199439048767,-0.1379815638065338,0.2808780074119568,0.5546517372131348,-0.1379559189081192,0.27060067653656006,0.5436804294586182,-0.1379479318857193,0.269043892621994,0.5409085750579834,-0.13798898458480835,0.26724928617477417,0.5384294986724854,-0.1379982978105545,0.28692203760147095,0.5488417148590088,-0.17940983176231384,0.2666926085948944,0.525755763053894,-0.17710354924201965,0.280766099691391,0.5352522730827332,-0.1247716173529625,0.27466392517089844,0.5286954045295715,-0.12436483055353165,0.31733983755111694,0.5233433246612549,-0.15449480712413788,0.26328763365745544,0.44880908727645874,-0.1463220715522766,0.3298718333244324,0.5402758717536926,-0.07698236405849457,0.2690795660018921,0.373473197221756,-0.05413585901260376,0.3135048747062683,0.5579450130462646,0.0031543667428195477,0.27170971035957336,0.4101184904575348,0.03257844224572182,0.31153708696365356,0.5658592581748962,-0.004067928995937109,0.26814770698547363,0.4054717719554901,0.034295760095119476,0.30509287118911743,0.5628682374954224,-0.011235121637582779,0.2724779546260834,0.41335979104042053,0.01822645217180252,0.3035779893398285,0.5565440058708191,0.0014963226858526468,0.2748951315879822,0.41763025522232056,0.028518449515104294,0.32737797498703003,0.40350252389907837,0.0017986797029152513,0.29548007249832153,0.37070342898368835,-0.0017239379230886698,0.3253234326839447,0.48827189207077026,0.1162414401769638,0.2724171578884125,0.44432970881462097,0.1203802078962326,0.3112885057926178,0.5191972851753235,0.2857750952243805,0.2773307263851166,0.4794166088104248,0.2934873104095459,0.3114113211631775,0.5148149132728577,0.30317410826683044,0.27883464097976685,0.4769274890422821,0.31147754192352295,0.3038729131221771,0.5601485967636108,0.2823440730571747,0.27868276834487915,0.5178231000900269,0.29983651638031006
0479,./images/114/frame_00479.jpg,Fall,0.2746449112892151,0.5363028049468994,-0.13916920125484467,0.27590662240982056,0.5456001162528992,-0.15790483355522156,0.2783043682575226,0.5480796098709106,-0.15785247087478638,0.2809194028377533,0.5506434440612793,-0.15783292055130005,0.27068108320236206,0.5393030643463135,-0.15712817013263702,0.26910632848739624,0.536867082118988,-0.15718072652816772,0.2672995626926422,0.5345817804336548,-0.15719152987003326,0.2869815230369568,0.5463975667953491,-0.18869838118553162,0.26665449142456055,0.5225515365600586,-0.18501204252243042,0.28078845143318176,0.5312075614929199,-0.14274317026138306,0.2746872305870056,0.5248551964759827,-0.14167866110801697,0.3173294961452484,0.5227410197257996,-0.1566000133752823,0.2634160816669464,0.44818025827407837,-0.14988961815834045,0.33036094903945923,0.5342811346054077,-0.0770421177148819,0.26913130283355713,0.3726045489311218,-0.06462551653385162,0.31189316511154175,0.5613342523574829,-0.0009106906363740563,0.27330297231674194,0.40938565135002136,0.004539015702903271,0.31068724393844604,0.5721492171287537,-0.007930013351142406,0.2700697183609009,0.40438297390937805,0.0026828194968402386,0.30389150977134705,0.5677863955497742,-0.016948364675045013,0.2742595076560974,0.4105831980705261,-0.015098112635314465,0.3024061322212219,0.5605159401893616,-0.003109490033239126,0.27653881907463074,0.4151169955730438,-0.0006268708384595811,0.327376127243042,0.4044809937477112,0.0019682853017002344,0.29552900791168213,0.37071576714515686,-0.00189287681132555,0.3250930607318878,0.48728349804878235,0.12744168937206268,0.27391529083251953,0.4428592324256897,0.12463327497243881,0.31238967180252075,0.49907252192497253,0.3053629398345947,0.2812522351741791,0.45981937646865845,0.3070123791694641,0.3121327757835388,0.49228647351264954,0.32406604290008545,0.2835126519203186,0.45452800393104553,0.32630211114883423,0.3049007058143616,0.5329307317733765,0.31150996685028076,0.28157222270965576,0.4931635856628418,0.3202165961265564
0480,./images/114/frame_00480.jpg,Fall,0.2746279835700989,0.5353725552558899,-0.1367378532886505,0.27592411637306213,0.5442723035812378,-0.15554305911064148,0.2783188223838806,0.5468736290931702,-0.15549638867378235,0.28090232610702515,0.5495409965515137,-0.15548232197761536,0.27066725492477417,0.5376197099685669,-0.15459878742694855,0.2690524458885193,0.5352573990821838,-0.154650017619133,0.2672112286090851,0.5330928564071655,-0.15466204285621643,0.2867721915245056,0.5454185009002686,-0.1862591952085495,0.26654255390167236,0.5215553045272827,-0.18212179839611053,0.28073495626449585,0.5308417677879333,-0.14042535424232483,0.27467459440231323,0.5240442752838135,-0.13916419446468353,0.3172351121902466,0.5225827693939209,-0.15615315735340118,0.2636294960975647,0.44333356618881226,-0.14870485663414001,0.3298643231391907,0.545387864112854,-0.07789826393127441,0.26913607120513916,0.37208327651023865,-0.06249324232339859,0.3117786943912506,0.565060555934906,-0.0017624307656660676,0.2740177810192108,0.4077610373497009,0.009551923722028732,0.3106946349143982,0.5770138502120972,-0.008958850987255573,0.27063581347465515,0.40176233649253845,0.008379166014492512,0.303896427154541,0.5717394948005676,-0.017581377178430557,0.27476364374160767,0.40744051337242126,-0.008787491358816624,0.30240175127983093,0.563946008682251,-0.0037861675955355167,0.2771461009979248,0.412009060382843,0.004646137822419405,0.32765257358551025,0.40319886803627014,0.0021478834096342325,0.29600924253463745,0.3705010712146759,-0.0020697263535112143,0.3237873315811157,0.48630937933921814,0.12951882183551788,0.2776804566383362,0.44220733642578125,0.12475432455539703,0.3123907446861267,0.49181267619132996,0.3102889657020569,0.283560186624527,0.4548051059246063,0.3122064471244812,0.31229352951049805,0.4837309420108795,0.32940873503685,0.2850523293018341,0.4487193524837494,0.3319264352321625,0.30490416288375854,0.523755669593811,0.319009393453598,0.28369152545928955,0.48854437470436096,0.32746535539627075
0481,./images/114/frame_00481.jpg,Fall,0.2746310830116272,0.5335400104522705,-0.13082750141620636,0.27582526206970215,0.5422928929328918,-0.14768046140670776,0.27815350890159607,0.5447888970375061,-0.1476307362318039,0.2806113362312317,0.5473470687866211,-0.14761707186698914,0.2706139087677002,0.5358011722564697,-0.14780090749263763,0.2689889967441559,0.5334856510162354,-0.147842675447464,0.26713618636131287,0.5312820672988892,-0.14785289764404297,0.28623348474502563,0.5434862375259399,-0.1763695776462555,0.2664794325828552,0.5201517343521118,-0.1764087826013565,0.2806435227394104,0.5290461182594299,-0.1343223601579666,0.27466002106666565,0.5222309827804565,-0.13464675843715668,0.3166724145412445,0.5222259759902954,-0.14235392212867737,0.26386186480522156,0.4421085715293884,-0.14621932804584503,0.32205143570899963,0.5470430850982666,-0.05787454918026924,0.2714649736881256,0.3724732995033264,-0.06572233140468597,0.2923656702041626,0.5640614628791809,0.021146787330508232,0.2766740918159485,0.3874167501926422,0.0008917339146137238,0.29033222794532776,0.5754247307777405,0.016826029866933823,0.27356812357902527,0.3792574107646942,-0.000561016146093607,0.2849058508872986,0.5698117017745972,0.005493628792464733,0.2771359086036682,0.3849186897277832,-0.017993515357375145,0.28395146131515503,0.56223464012146,0.018094006925821304,0.2789728045463562,0.3902303874492645,-0.004354091826826334,0.32731497287750244,0.4037718176841736,0.00384341599419713,0.29601725935935974,0.36990636587142944,-0.003763499204069376,0.32305794954299927,0.48511457443237305,0.12500564754009247,0.2787039279937744,0.4434759020805359,0.11921732127666473,0.3123936057090759,0.4794847369194031,0.29542452096939087,0.2855112552642822,0.45152732729911804,0.2916022837162018,0.3123942017555237,0.471373975276947,0.312895268201828,0.286750853061676,0.44539132714271545,0.3092818558216095,0.30529990792274475,0.5058709979057312,0.29847583174705505,0.28650063276290894,0.48462778329849243,0.29929476976394653
0482,./images/114/frame_00482.jpg,Fall,0.27427855134010315,0.5313742160797119,-0.11615820229053497,0.2753160297870636,0.5404676795005798,-0.13317273557186127,0.2775827944278717,0.5430253148078918,-0.13312461972236633,0.2799656391143799,0.5456554293632507,-0.1331149786710739,0.27012524008750916,0.5337052941322327,-0.13373717665672302,0.2684759497642517,0.5313289165496826,-0.13377699255943298,0.2666108012199402,0.529088020324707,-0.1337888538837433,0.2855086028575897,0.5416699051856995,-0.16372767090797424,0.26617151498794556,0.5182079076766968,-0.1659890115261078,0.2801789939403534,0.526943027973175,-0.12078095972537994,0.2743917405605316,0.5198355913162231,-0.12155729532241821,0.31576988101005554,0.5207316875457764,-0.1302974820137024,0.26423323154449463,0.440560907125473,-0.14049378037452698,0.31983470916748047,0.5469920039176941,-0.04601604491472244,0.2724408805370331,0.3727273643016815,-0.06385846436023712,0.2866010069847107,0.5642932057380676,0.03260813653469086,0.27781811356544495,0.38614651560783386,0.007819105871021748,0.28503602743148804,0.5756393671035767,0.02924424409866333,0.27442291378974915,0.3781050741672516,0.007023892365396023,0.28031864762306213,0.5696890354156494,0.018653668463230133,0.2775317132472992,0.3841896951198578,-0.009915432892739773,0.2792852222919464,0.5620022416114807,0.02984730526804924,0.2793377637863159,0.3894975781440735,0.002935991622507572,0.3273179531097412,0.40275436639785767,0.005782921798527241,0.29751700162887573,0.36879390478134155,-0.005708563141524792,0.3202105164527893,0.4812309741973877,0.1236644983291626,0.28034988045692444,0.4439411461353302,0.11612043529748917,0.31224456429481506,0.4730012118816376,0.2902180850505829,0.28821685910224915,0.4497682750225067,0.2860459089279175,0.31244978308677673,0.465129554271698,0.30716148018836975,0.29007065296173096,0.4435082674026489,0.30347007513046265,0.3052111268043518,0.49851587414741516,0.29163724184036255,0.28835347294807434,0.4828391969203949,0.29311075806617737
0483,./images/114/frame_00483.jpg,Fall,0.2739487588405609,0.5292059183120728,-0.11283060163259506,0.2747194766998291,0.5383966565132141,-0.13157694041728973,0.2768002152442932,0.5410093069076538,-0.1315283179283142,0.27901381254196167,0.5437028408050537,-0.1315172016620636,0.2698354423046112,0.5313000679016113,-0.13198600709438324,0.26826196908950806,0.5288005471229553,-0.13202445209026337,0.2665274143218994,0.5261543989181519,-0.13203629851341248,0.2842690646648407,0.5398985743522644,-0.16471579670906067,0.26615843176841736,0.5159817337989807,-0.16652235388755798,0.27944523096084595,0.5252969264984131,-0.11789600551128387,0.2741522490978241,0.5176913142204285,-0.11851783841848373,0.31397002935409546,0.5205116271972656,-0.12958163022994995,0.26479288935661316,0.4398294687271118,-0.14092999696731567,0.31047526001930237,0.5461803078651428,-0.04049113392829895,0.2719370424747467,0.3710562288761139,-0.06367379426956177,0.27754056453704834,0.5603278875350952,0.04091741517186165,0.28063470125198364,0.38105902075767517,0.015217830426990986,0.2745038866996765,0.5714153051376343,0.03879954665899277,0.27860012650489807,0.373242050409317,0.015641389414668083,0.270595520734787,0.5644901990890503,0.028842728585004807,0.2823103964328766,0.3785819709300995,-0.001010031090117991,0.2701423764228821,0.5570247769355774,0.03841263800859451,0.2836382985115051,0.38364890217781067,0.01036149263381958,0.3270725607872009,0.40231069922447205,0.007209427654743195,0.2986339032649994,0.36769431829452515,-0.00714508444070816,0.3131178021430969,0.4778759479522705,0.13111095130443573,0.28269317746162415,0.441618949174881,0.11866916716098785,0.3110341429710388,0.45821529626846313,0.3088912069797516,0.2891930639743805,0.43722525238990784,0.28999441862106323,0.31203049421310425,0.4495079517364502,0.32739976048469543,0.2907269597053528,0.4305726885795593,0.3076653480529785,0.3043961524963379,0.4785386323928833,0.3205660283565521,0.2884281277656555,0.4620240032672882,0.3038462698459625
0484,./images/114/frame_00484.jpg,Fall,0.2735584080219269,0.5285935997962952,-0.11792434751987457,0.27433958649635315,0.5378729701042175,-0.13670240342617035,0.27643701434135437,0.5404091477394104,-0.13662713766098022,0.27862444519996643,0.5429054498672485,-0.1365979015827179,0.26939496397972107,0.5305659174919128,-0.1380959153175354,0.26782041788101196,0.5278902649879456,-0.13812695443630219,0.2661062777042389,0.5252742171287537,-0.13811981678009033,0.2839464545249939,0.5384668707847595,-0.167340487241745,0.26599663496017456,0.5146021246910095,-0.1728612184524536,0.27908018231391907,0.5243604779243469,-0.12158115208148956,0.2737939953804016,0.5166324377059937,-0.12352269887924194,0.313413143157959,0.5189676880836487,-0.1330813765525818,0.26563212275505066,0.4383770525455475,-0.14593487977981567,0.312764972448349,0.5449455976486206,-0.043873704969882965,0.27332791686058044,0.3711535632610321,-0.06290094554424286,0.277028888463974,0.5617764592170715,0.0342317633330822,0.28123658895492554,0.3818930685520172,0.01805965229868889,0.27358102798461914,0.5731043219566345,0.030842339619994164,0.278646856546402,0.3739754557609558,0.018091533333063126,0.2691538631916046,0.566429078578949,0.02075575478374958,0.2826831638813019,0.3802545666694641,0.0008394873584620655,0.2687917947769165,0.5589383244514465,0.031586479395627975,0.2843324542045593,0.38539421558380127,0.013143585994839668,0.3269060254096985,0.40251150727272034,0.00905389804393053,0.2989806830883026,0.3662952780723572,-0.00901206023991108,0.31365543603897095,0.47779974341392517,0.1364428997039795,0.27955394983291626,0.43209490180015564,0.11723224818706512,0.3091762959957123,0.45858073234558105,0.3139916658401489,0.28806838393211365,0.4244801104068756,0.29864174127578735,0.3100307285785675,0.44998106360435486,0.33242398500442505,0.29030531644821167,0.41761741042137146,0.31749507784843445,0.3013631999492645,0.4792836904525757,0.32656583189964294,0.286379873752594,0.44809240102767944,0.31221675872802734
0485,./images/114/frame_00485.jpg,Fall,0.2726612687110901,0.5270527601242065,-0.11548648029565811,0.27313560247421265,0.5368488430976868,-0.13296759128570557,0.2751876711845398,0.5395131707191467,-0.13290941715240479,0.27736443281173706,0.5420706272125244,-0.1328938752412796,0.26818981766700745,0.5290287733078003,-0.1344313621520996,0.26663118600845337,0.5262477993965149,-0.13446390628814697,0.2649781107902527,0.523656964302063,-0.13445386290550232,0.2831754982471466,0.537188708782196,-0.16258352994918823,0.26542598009109497,0.5128645896911621,-0.16862234473228455,0.27833279967308044,0.5230497717857361,-0.11920201778411865,0.27302423119544983,0.5145108103752136,-0.12098038196563721,0.31338638067245483,0.5180384516716003,-0.12478765100240707,0.26824504137039185,0.4392396807670593,-0.14409823715686798,0.30949509143829346,0.5414978265762329,-0.03526698797941208,0.2731397747993469,0.36839938163757324,-0.06033830717206001,0.2764759063720703,0.5577310919761658,0.041805628687143326,0.27892690896987915,0.38341784477233887,0.022207681089639664,0.2739606499671936,0.5700859427452087,0.0380946509540081,0.274892657995224,0.37533000111579895,0.02115444466471672,0.2694215178489685,0.5642930865287781,0.027218464761972427,0.27818718552589417,0.3807368874549866,0.005980934016406536,0.2688194811344147,0.5564327836036682,0.03878360986709595,0.28027576208114624,0.3855755627155304,0.01804882101714611,0.3269033133983612,0.40228813886642456,0.009536254219710827,0.2990739345550537,0.36626240611076355,-0.009475569240748882,0.31369560956954956,0.47702381014823914,0.13334688544273376,0.27828603982925415,0.4349268078804016,0.11805915832519531,0.30374130606651306,0.46356019377708435,0.30578333139419556,0.2841827869415283,0.44120705127716064,0.29559385776519775,0.3034449815750122,0.4567824900150299,0.3234114944934845,0.2862866520881653,0.4353591203689575,0.31398263573646545,0.2954917848110199,0.48854348063468933,0.3109719753265381,0.2826324701309204,0.472392201423645,0.30674830079078674
0486,./images/114/frame_00486.jpg,Fall,0.27200981974601746,0.524956226348877,-0.1255357563495636,0.27251964807510376,0.5349735021591187,-0.14176568388938904,0.27467891573905945,0.5377837419509888,-0.14173150062561035,0.2769489288330078,0.5403730869293213,-0.14174045622348785,0.2672376334667206,0.5263807773590088,-0.14327815175056458,0.26562657952308655,0.5234014987945557,-0.1433229297399521,0.2640143930912018,0.5204742550849915,-0.14332516491413116,0.28291207551956177,0.5349872708320618,-0.1637822687625885,0.2646850049495697,0.5096057653427124,-0.1729384958744049,0.2779097259044647,0.5210837125778198,-0.12782232463359833,0.27225714921951294,0.5117022395133972,-0.12959089875221252,0.31351619958877563,0.5162292718887329,-0.12978938221931458,0.2684314548969269,0.4351058602333069,-0.1463870108127594,0.3117639422416687,0.5409298539161682,-0.04136545956134796,0.27298983931541443,0.36409056186676025,-0.06324034184217453,0.27840670943260193,0.553531289100647,0.0375814288854599,0.2763368487358093,0.3808595538139343,0.013679523952305317,0.27632102370262146,0.5656132698059082,0.03414876386523247,0.27208536863327026,0.3742564618587494,0.011729754507541656,0.2714989483356476,0.5587221384048462,0.02284715510904789,0.27552640438079834,0.38168689608573914,-0.004058780148625374,0.2707271873950958,0.550532877445221,0.03454410657286644,0.27776986360549927,0.38645514845848083,0.009009928442537785,0.326894074678421,0.40439748764038086,0.009119318798184395,0.29915088415145874,0.3659696877002716,-0.00905244704335928,0.3116806149482727,0.47713449597358704,0.12644276022911072,0.2783677875995636,0.4362563192844391,0.11647000163793564,0.30216389894485474,0.4637489318847656,0.29741328954696655,0.2837315499782562,0.44117072224617004,0.28768017888069153,0.3020845055580139,0.4553664028644562,0.3150477111339569,0.28538817167282104,0.4353243410587311,0.3053809702396393,0.29430416226387024,0.48934444785118103,0.3013003468513489,0.28260642290115356,0.4722225069999695,0.29488301277160645
0487,./images/114/frame_00487.jpg,Fall,0.2714911103248596,0.5214170217514038,-0.13092562556266785,0.27206411957740784,0.5312186479568481,-0.147029846906662,0.27430459856987,0.5341688990592957,-0.14699915051460266,0.27662354707717896,0.5369287729263306,-0.1470135897397995,0.26655060052871704,0.5229405164718628,-0.14804525673389435,0.26486340165138245,0.5200209021568298,-0.14808842539787292,0.26311740279197693,0.5174867510795593,-0.1480935961008072,0.28270667791366577,0.5319961905479431,-0.16847029328346252,0.26374998688697815,0.5067219138145447,-0.1750650256872177,0.27747663855552673,0.5176380276679993,-0.13288424909114838,0.27174749970436096,0.507857620716095,-0.13396523892879486,0.3135814964771271,0.5122153162956238,-0.13066764175891876,0.2683783173561096,0.4308058023452759,-0.14612460136413574,0.3126072883605957,0.5403485894203186,-0.04410478100180626,0.2728504538536072,0.36238059401512146,-0.0583118312060833,0.27730247378349304,0.5564281940460205,0.030531739816069603,0.2727677524089813,0.38624390959739685,0.01963060535490513,0.2748851776123047,0.5702127814292908,0.024940727278590202,0.2678837180137634,0.382290780544281,0.018713848665356636,0.27013152837753296,0.563129186630249,0.012961173430085182,0.2717062830924988,0.39259371161460876,0.0028487457893788815,0.269499808549881,0.5544154644012451,0.0270378440618515,0.27428141236305237,0.3970721364021301,0.01522141695022583,0.3268575668334961,0.40483295917510986,0.008434707298874855,0.29868388175964355,0.36469149589538574,-0.008342710323631763,0.3120538890361786,0.4700227379798889,0.12486660480499268,0.27825695276260376,0.43487638235092163,0.11877709627151489,0.3030620813369751,0.46453920006752014,0.3005073666572571,0.28377628326416016,0.4435213804244995,0.29286807775497437,0.30315807461738586,0.4563731849193573,0.3186548352241516,0.2855209410190582,0.4377102255821228,0.31171807646751404,0.2948204278945923,0.4905804395675659,0.30534133315086365,0.2833808958530426,0.47787177562713623,0.3041800260543823
0488,./images/114/frame_00488.jpg,Fall,0.27037790417671204,0.5198361873626709,-0.12107046693563461,0.27101901173591614,0.5299333930015564,-0.13807393610477448,0.27341189980506897,0.5330504179000854,-0.13805082440376282,0.27583351731300354,0.535908579826355,-0.13807295262813568,0.26535657048225403,0.5212733745574951,-0.1395919919013977,0.2636800706386566,0.5181785821914673,-0.13963153958320618,0.26192614436149597,0.5156527757644653,-0.1396448165178299,0.28228214383125305,0.5309151411056519,-0.16558775305747986,0.2627407908439636,0.5044113397598267,-0.1718486249446869,0.2767082154750824,0.5161168575286865,-0.12417924404144287,0.27086466550827026,0.5054690837860107,-0.12592969834804535,0.3136782646179199,0.5105129480361938,-0.13199295103549957,0.26832491159439087,0.42481696605682373,-0.1444467306137085,0.31306594610214233,0.5298449397087097,-0.04257070645689964,0.2724238336086273,0.35536256432533264,-0.0582895502448082,0.2787153720855713,0.5574055910110474,0.02995699644088745,0.2642732560634613,0.3767662048339844,0.014437357895076275,0.2761538326740265,0.5729215145111084,0.02370530739426613,0.25823092460632324,0.37173524498939514,0.011166454292833805,0.27107977867126465,0.5651456117630005,0.011452755890786648,0.26212918758392334,0.3830621838569641,-0.004431697074323893,0.27048930525779724,0.5555282831192017,0.026336465030908585,0.26510873436927795,0.3878650367259979,0.009909933432936668,0.32685548067092896,0.40560975670814514,0.00830357987433672,0.2985960841178894,0.36348897218704224,-0.00821752194315195,0.31018227338790894,0.46951624751091003,0.1266515702009201,0.2771565914154053,0.43321266770362854,0.1250043362379074,0.30226781964302063,0.4634361267089844,0.3069644868373871,0.2838049829006195,0.44338247179985046,0.3027954399585724,0.30259546637535095,0.45535698533058167,0.3262289762496948,0.2859458327293396,0.4373672604560852,0.3219211995601654,0.29340365529060364,0.4904232323169708,0.3187665343284607,0.2826853096485138,0.47730594873428345,0.3182160556316376
0489,./images/114/frame_00489.jpg,Fall,0.267916738986969,0.517068088054657,-0.12054206430912018,0.26830393075942993,0.5268259048461914,-0.1373252421617508,0.2704359292984009,0.5303090214729309,-0.13730165362358093,0.2727568745613098,0.5342019200325012,-0.13732339441776276,0.2632412016391754,0.5178350210189819,-0.13893061876296997,0.26178425550460815,0.5147044062614441,-0.13897177577018738,0.260267972946167,0.5122609734535217,-0.13898226618766785,0.28066951036453247,0.5296759605407715,-0.16573268175125122,0.2617650330066681,0.5008255243301392,-0.1718316376209259,0.2743942141532898,0.5140243172645569,-0.12399224191904068,0.26905113458633423,0.5040503144264221,-0.12579230964183807,0.3132365345954895,0.5116563439369202,-0.13252988457679749,0.26950961351394653,0.4245757758617401,-0.1443442851305008,0.3136304020881653,0.534369945526123,-0.043477367609739304,0.2727612555027008,0.3549845516681671,-0.06029956415295601,0.27978184819221497,0.5569930076599121,0.02536960318684578,0.2607264220714569,0.3776799440383911,0.0073714712634682655,0.2770645022392273,0.5724143385887146,0.01927356794476509,0.2534582018852234,0.3722814917564392,0.00299880956299603,0.2721276581287384,0.5639125108718872,0.006078264210373163,0.2566416263580322,0.3836497962474823,-0.012181388214230537,0.2717462182044983,0.5542468428611755,0.021576769649982452,0.2601650357246399,0.38844361901283264,0.002919765654951334,0.32718902826309204,0.40839454531669617,0.008217633701860905,0.29902932047843933,0.3628414571285248,-0.0081308763474226,0.31000491976737976,0.4707442820072174,0.12437395751476288,0.27527928352355957,0.4335841238498688,0.11705853044986725,0.3011443316936493,0.46726518869400024,0.2920638918876648,0.28046897053718567,0.4434013366699219,0.2858191728591919,0.30161818861961365,0.45988935232162476,0.3095058798789978,0.2826683521270752,0.43753471970558167,0.30363383889198303,0.2906205654144287,0.49393218755722046,0.2971295714378357,0.27738577127456665,0.4765954315662384,0.2968749403953552
0490,./images/114/frame_00490.jpg,Fall,0.26552289724349976,0.5127937197685242,-0.12131135165691376,0.26551002264022827,0.5216836929321289,-0.13765622675418854,0.2673698365688324,0.5251889824867249,-0.13762836158275604,0.2671281695365906,0.5272716283798218,-0.13764233887195587,0.26141059398651123,0.5126320719718933,-0.13950446248054504,0.2602345645427704,0.5100026726722717,-0.13954807817935944,0.25908875465393066,0.5077440738677979,-0.13955779373645782,0.2778743803501129,0.523720920085907,-0.16634942591190338,0.2612003982067108,0.49679696559906006,-0.17352183163166046,0.2721918225288391,0.5099904537200928,-0.12440627813339233,0.26789945363998413,0.4986509680747986,-0.12719494104385376,0.3122990131378174,0.511894941329956,-0.13300973176956177,0.2694408893585205,0.4168200194835663,-0.1463603377342224,0.31313928961753845,0.527068555355072,-0.0413498729467392,0.2733323276042938,0.3551173508167267,-0.0657065138220787,0.27897974848747253,0.5493386387825012,0.029738033190369606,0.2611188292503357,0.3786981701850891,0.004601477179676294,0.2754259407520294,0.5630972385406494,0.024591680616140366,0.25395667552948,0.37244635820388794,0.0008430653251707554,0.2702595591545105,0.5544652342796326,0.010657272301614285,0.256948858499527,0.3868226408958435,-0.013655860908329487,0.27038854360580444,0.5454172492027283,0.02598033845424652,0.26045164465904236,0.3913647532463074,0.00036878546234220266,0.32702523469924927,0.40899384021759033,0.00891815684735775,0.2990208566188812,0.3615853190422058,-0.00881691463291645,0.30657050013542175,0.4713055491447449,0.12441521883010864,0.27529042959213257,0.4308784604072571,0.11735178530216217,0.297433465719223,0.47182968258857727,0.2938358187675476,0.27820155024528503,0.4443628489971161,0.2842870354652405,0.2976117730140686,0.4659634828567505,0.3114640414714813,0.2796492576599121,0.4392198324203491,0.30173760652542114,0.2871916592121124,0.49783849716186523,0.29804033041000366,0.27506306767463684,0.47713738679885864,0.2913452386856079
0491,./images/114/frame_00491.jpg,Fall,0.26399439573287964,0.5117689371109009,-0.14157512784004211,0.263444721698761,0.5205803513526917,-0.1548304259777069,0.26517364382743835,0.52421635389328,-0.15481573343276978,0.2663942873477936,0.5281314849853516,-0.15484002232551575,0.2597750723361969,0.5117780566215515,-0.15873858332633972,0.25894007086753845,0.5086549520492554,-0.1587945818901062,0.25803035497665405,0.5063661932945251,-0.15880775451660156,0.2757508158683777,0.5236192345619202,-0.17252179980278015,0.2607578635215759,0.49576395750045776,-0.1890840083360672,0.2704056203365326,0.5094279646873474,-0.1415097415447235,0.26698291301727295,0.49792271852493286,-0.14648018777370453,0.3107091188430786,0.5121392011642456,-0.13329416513442993,0.27177000045776367,0.4204261898994446,-0.15707962214946747,0.30722811818122864,0.513365626335144,-0.040323033928871155,0.2807074189186096,0.35661405324935913,-0.07342495769262314,0.2784659266471863,0.5333424210548401,0.029719773679971695,0.26202258467674255,0.37773415446281433,-0.0008638764848001301,0.27592888474464417,0.5451388359069824,0.024583790451288223,0.2546616196632385,0.3724849820137024,-0.004468431230634451,0.27097076177597046,0.5389029383659363,0.010922035202383995,0.2573121190071106,0.38686874508857727,-0.01873118057847023,0.2706902027130127,0.5311561822891235,0.025911282747983932,0.2607148587703705,0.39143288135528564,-0.004977606702595949,0.32428067922592163,0.4106374979019165,0.009111600928008556,0.2990693747997284,0.3613279461860657,-0.008976437151432037,0.29862943291664124,0.4767645001411438,0.11459724605083466,0.2741492986679077,0.43147459626197815,0.11175905168056488,0.2889777719974518,0.48665890097618103,0.28355979919433594,0.27106302976608276,0.45099562406539917,0.2737456262111664,0.28940361738204956,0.4824378192424774,0.30076855421066284,0.2711157202720642,0.446808785200119,0.2902771830558777,0.2777743339538574,0.511855959892273,0.27967047691345215,0.26675137877464294,0.4829716682434082,0.2695506811141968
0492,./images/114/frame_00492.jpg,Fall,0.2646169364452362,0.5078816413879395,-0.13575023412704468,0.2641444206237793,0.5180819630622864,-0.1533813178539276,0.2659382224082947,0.5217632055282593,-0.1533665657043457,0.2676134705543518,0.5258166193962097,-0.15338793396949768,0.26045161485671997,0.5091095566749573,-0.1565655618906021,0.2594858407974243,0.5065105557441711,-0.15662968158721924,0.2584875822067261,0.5043653845787048,-0.15668685734272003,0.27609872817993164,0.5227811336517334,-0.16607697308063507,0.2608157694339752,0.4948834180831909,-0.180006206035614,0.270500510931015,0.50739586353302,-0.13934023678302765,0.2670178711414337,0.4967537224292755,-0.1414995640516281,0.3109997510910034,0.5106003880500793,-0.12908846139907837,0.2712448239326477,0.41754603385925293,-0.14488932490348816,0.3079199492931366,0.5143547654151917,-0.045179642736911774,0.2792319655418396,0.3554863929748535,-0.05443393066525459,0.27926498651504517,0.5376383066177368,0.013949635438621044,0.2633476257324219,0.3807630240917206,0.03205246105790138,0.2747179865837097,0.5510833263397217,0.007979015819728374,0.2572903335094452,0.3785608112812042,0.03204004839062691,0.26977068185806274,0.544743537902832,-0.003009048756211996,0.26029959321022034,0.39335760474205017,0.018903763964772224,0.2697448134422302,0.5366226434707642,0.010745636187493801,0.2633286118507385,0.39736419916152954,0.02887939289212227,0.3244500756263733,0.4102923572063446,0.00902137067168951,0.2990522086620331,0.361493855714798,-0.008896198123693466,0.30235055088996887,0.478650838136673,0.10179642587900162,0.2732757329940796,0.43214988708496094,0.10121418535709381,0.2883482277393341,0.5002149939537048,0.25462254881858826,0.267633855342865,0.46391043066978455,0.2500525116920471,0.28681686520576477,0.4957558512687683,0.2698996961116791,0.2669025957584381,0.45971786975860596,0.2648163139820099,0.27822306752204895,0.5336069464683533,0.2474612444639206,0.2654731869697571,0.5021305680274963,0.24458329379558563
0493,./images/114/frame_00493.jpg,Fall,0.263883113861084,0.5086510181427002,-0.14573249220848083,0.263501912355423,0.517402708530426,-0.15890607237815857,0.26535922288894653,0.5211009979248047,-0.15887761116027832,0.267295241355896,0.5251361131668091,-0.15889126062393188,0.259751558303833,0.5083106756210327,-0.16161195933818817,0.2586948573589325,0.5057149529457092,-0.16166448593139648,0.25766533613204956,0.5034756064414978,-0.16167478263378143,0.2757604718208313,0.5229222178459167,-0.17114156484603882,0.25992661714553833,0.49428778886795044,-0.18343472480773926,0.269929438829422,0.5076648592948914,-0.1450231969356537,0.2664356529712677,0.49676451086997986,-0.14803621172904968,0.31064295768737793,0.5109075903892517,-0.13019520044326782,0.27136072516441345,0.41619163751602173,-0.14690819382667542,0.3066693842411041,0.5134403705596924,-0.04743175208568573,0.27813655138015747,0.3562455177307129,-0.05351792648434639,0.27853623032569885,0.5337726473808289,0.012608574703335762,0.2644115090370178,0.38325172662734985,0.03729203715920448,0.274830162525177,0.5455425381660461,0.006949353031814098,0.2583089768886566,0.3816336393356323,0.038279544562101364,0.2702067196369171,0.5393081903457642,-0.0034379258286207914,0.2614317536354065,0.3961046040058136,0.024341046810150146,0.2701635956764221,0.531899631023407,0.009630326181650162,0.2644926905632019,0.4002108573913574,0.034042663872241974,0.32407063245773315,0.4112294018268585,0.008980791084468365,0.2992376685142517,0.3619093596935272,-0.00886484980583191,0.3001920282840729,0.48454347252845764,0.10383901745080948,0.27273255586624146,0.4322308301925659,0.10171099007129669,0.28193920850753784,0.5106995105743408,0.26011282205581665,0.26542526483535767,0.4666934609413147,0.25579479336738586,0.28026503324508667,0.506539523601532,0.276202917098999,0.2644830346107483,0.4634336829185486,0.27148669958114624,0.2708580493927002,0.5449542999267578,0.2570103704929352,0.261857807636261,0.504071831703186,0.2518954575061798
0494,./images/114/frame_00494.jpg,Fall,0.26259738206863403,0.5082895755767822,-0.1687546670436859,0.2617121934890747,0.5173175930976868,-0.17793557047843933,0.263366162776947,0.5207456946372986,-0.17789821326732635,0.26561546325683594,0.52471524477005,-0.17790478467941284,0.25821512937545776,0.5081468820571899,-0.18100766837596893,0.25728535652160645,0.5055258870124817,-0.18106725811958313,0.2564602196216583,0.5032651424407959,-0.18108515441417694,0.2739790081977844,0.5181209444999695,-0.17991343140602112,0.2595234215259552,0.4940597116947174,-0.19282220304012299,0.268842875957489,0.5083763003349304,-0.16428889334201813,0.26572611927986145,0.49711841344833374,-0.16795587539672852,0.30778950452804565,0.5111194849014282,-0.13080468773841858,0.27158892154693604,0.41825905442237854,-0.15271270275115967,0.30784380435943604,0.5125384330749512,-0.04272757098078728,0.2794146239757538,0.36988306045532227,-0.057171981781721115,0.2790333032608032,0.5322887897491455,0.020366212353110313,0.26503613591194153,0.39658236503601074,0.03810204192996025,0.2754368185997009,0.5426791310310364,0.01735759899020195,0.2590763568878174,0.3951544761657715,0.04149512201547623,0.2707712948322296,0.5356346368789673,0.005745290778577328,0.2622569799423218,0.4073995351791382,0.026901310309767723,0.2706538140773773,0.5297340750694275,0.01682409644126892,0.2651960253715515,0.4115445017814636,0.034952063113451004,0.32227328419685364,0.4110334515571594,0.009470054879784584,0.2992474138736725,0.3656277060508728,-0.009354538284242153,0.2964802086353302,0.48592135310173035,0.0314473919570446,0.2661347985267639,0.4422926902770996,0.04332184046506882,0.2828848958015442,0.5132726430892944,0.13934168219566345,0.26842474937438965,0.484150767326355,0.14787514507770538,0.28185945749282837,0.5098209977149963,0.15034404397010803,0.2694610059261322,0.48221084475517273,0.1583239585161209,0.27202218770980835,0.5464880466461182,0.12584495544433594,0.26532667875289917,0.5209416151046753,0.13890664279460907
0495,./images/114/frame_00495.jpg,Fall,0.25958961248397827,0.5060168504714966,-0.1809374988079071,0.25856640934944153,0.5146937370300293,-0.18959543108940125,0.2599945664405823,0.5178661346435547,-0.18955416977405548,0.26187795400619507,0.5216264128684998,-0.18955615162849426,0.2554895281791687,0.5059442520141602,-0.1936921626329422,0.25465402007102966,0.5033119320869446,-0.19375890493392944,0.25402554869651794,0.5006904602050781,-0.1937686800956726,0.2710062861442566,0.5147334933280945,-0.18808618187904358,0.25795459747314453,0.4907301962375641,-0.20542080700397491,0.26597076654434204,0.5052617192268372,-0.17473821341991425,0.26342567801475525,0.4950350522994995,-0.17985711991786957,0.30699703097343445,0.5112727880477905,-0.13423892855644226,0.27146071195602417,0.4126303791999817,-0.16192319989204407,0.30520254373550415,0.5102868676185608,-0.04302389547228813,0.2808183431625366,0.3687812387943268,-0.060909103602170944,0.276838093996048,0.5310186147689819,0.020664015784859657,0.26335230469703674,0.3940257132053375,0.03931795805692673,0.273036390542984,0.5423910021781921,0.01766742765903473,0.25667697191238403,0.39125344157218933,0.04144883528351784,0.2689162790775299,0.5354060530662537,0.005990121979266405,0.2595673203468323,0.403442919254303,0.026625435799360275,0.2693193554878235,0.5288517475128174,0.0174355860799551,0.26264238357543945,0.4077281057834625,0.036077048629522324,0.3226110637187958,0.41114342212677,0.010038462467491627,0.300044983625412,0.3655073046684265,-0.009888159111142159,0.29676416516304016,0.4861765205860138,0.06734088808298111,0.26800402998924255,0.44204849004745483,0.07041603326797485,0.2811197340488434,0.5217044353485107,0.2032444179058075,0.26734820008277893,0.48641467094421387,0.2012413740158081,0.28005915880203247,0.5196619033813477,0.2173401564359665,0.2679010033607483,0.4845280945301056,0.21421094238758087,0.26914501190185547,0.5561896562576294,0.19494809210300446,0.26440101861953735,0.5243984460830688,0.19169114530086517
0496,./images/114/frame_00496.jpg,Fall,0.25729653239250183,0.5021728873252869,-0.18833431601524353,0.25646814703941345,0.5112682580947876,-0.19955690205097198,0.25793999433517456,0.5143534541130066,-0.19951890408992767,0.2597709894180298,0.5179591774940491,-0.1995202749967575,0.2534372806549072,0.502426028251648,-0.20258669555187225,0.25273066759109497,0.49952447414398193,-0.20263242721557617,0.2521170377731323,0.4969799816608429,-0.2026243507862091,0.27042677998542786,0.5130875706672668,-0.20456203818321228,0.2561721205711365,0.4867623746395111,-0.21756012737751007,0.26401060819625854,0.5004284977912903,-0.18359245359897614,0.26166248321533203,0.49023300409317017,-0.18749336898326874,0.3075166940689087,0.5080825090408325,-0.15956687927246094,0.27142685651779175,0.40707826614379883,-0.17081716656684875,0.30611205101013184,0.5108259320259094,-0.07487238943576813,0.27590882778167725,0.35063228011131287,-0.07836480438709259,0.2768417000770569,0.5399367213249207,-0.022159982472658157,0.2581329643726349,0.3739692270755768,0.0024894324596971273,0.269991934299469,0.5444495677947998,-0.030443871393799782,0.2501564025878906,0.3693031668663025,-0.000850267824716866,0.26552098989486694,0.5383385419845581,-0.042958810925483704,0.25189268589019775,0.3834910988807678,-0.014042596332728863,0.2663775086402893,0.5317550897598267,-0.025693407282233238,0.25563594698905945,0.38847824931144714,-0.0006918625440448523,0.3223016858100891,0.41179001331329346,0.00745525723323226,0.30062228441238403,0.3610774576663971,-0.007285753730684519,0.2981280982494354,0.48922666907310486,0.09623944014310837,0.2726427912712097,0.42910969257354736,0.09748159348964691,0.28287360072135925,0.5225816965103149,0.26225778460502625,0.2681521773338318,0.4677608907222748,0.25833559036254883,0.28207728266716003,0.5198715925216675,0.27954596281051636,0.2699856758117676,0.4683648347854614,0.27494531869888306,0.2717074751853943,0.5559183955192566,0.25727933645248413,0.2672443389892578,0.4974536895751953,0.2514696419239044
0497,./images/114/frame_00497.jpg,Fall,0.2563599646091461,0.5013496279716492,-0.21846771240234375,0.25590038299560547,0.5105135440826416,-0.2276591956615448,0.25765493512153625,0.5138884782791138,-0.2276415377855301,0.2594807744026184,0.5174977779388428,-0.227664977312088,0.25268328189849854,0.5009918212890625,-0.2310785949230194,0.2520374357700348,0.4977687895298004,-0.23113270103931427,0.2513883709907532,0.49517548084259033,-0.2311316728591919,0.2699860632419586,0.5126981139183044,-0.2245756834745407,0.2558799088001251,0.4849677085876465,-0.23898455500602722,0.2630455791950226,0.4999832212924957,-0.2109467089176178,0.2605152726173401,0.48908567428588867,-0.21533839404582977,0.30562859773635864,0.5084905028343201,-0.1702393889427185,0.27204522490501404,0.40401947498321533,-0.1844249963760376,0.304659903049469,0.5127054452896118,-0.07502943277359009,0.2744786739349365,0.34214577078819275,-0.09624373912811279,0.27466559410095215,0.5470768809318542,-0.01353279035538435,0.2563798129558563,0.3607410788536072,-0.024676842615008354,0.26579275727272034,0.5503544807434082,-0.020746922120451927,0.24815616011619568,0.3546350300312042,-0.030618563294410706,0.26155441999435425,0.5424458384513855,-0.03553105145692825,0.24927417933940887,0.36995643377304077,-0.04445710405707359,0.26245972514152527,0.5334831476211548,-0.01769385300576687,0.25291550159454346,0.375460147857666,-0.028590405359864235,0.32090383768081665,0.413330078125,0.007031159941107035,0.30157262086868286,0.360943466424942,-0.006847588811069727,0.293597936630249,0.4925095736980438,0.09524081647396088,0.2746022343635559,0.43020308017730713,0.10294817388057709,0.2832547724246979,0.514705240726471,0.2665035128593445,0.2713875472545624,0.467388778924942,0.2628527283668518,0.2825694680213928,0.5112507343292236,0.28434261679649353,0.271279513835907,0.4666516184806824,0.2788979709148407,0.2735949754714966,0.5451721549034119,0.2624988257884979,0.2724689245223999,0.4958764314651489,0.2544988691806793
0498,./images/114/frame_00498.jpg,Fall,0.2573189437389374,0.5025142431259155,-0.1928676962852478,0.2572791278362274,0.5110495686531067,-0.20365390181541443,0.2591184973716736,0.514414370059967,-0.20362398028373718,0.25996991991996765,0.5146494507789612,-0.20363369584083557,0.2533606290817261,0.5016241669654846,-0.2059050053358078,0.25264233350753784,0.49827006459236145,-0.20596309006214142,0.25158774852752686,0.4955315887928009,-0.20597608387470245,0.27089551091194153,0.5118446946144104,-0.20724360644817352,0.2562493681907654,0.48512521386146545,-0.21721148490905762,0.2643275856971741,0.501491129398346,-0.18800561130046844,0.26133036613464355,0.49005836248397827,-0.19082599878311157,0.3055574297904968,0.5084719061851501,-0.1596093326807022,0.2719702422618866,0.4060276448726654,-0.171858012676239,0.3054824471473694,0.5152931809425354,-0.07326541095972061,0.27182742953300476,0.34543243050575256,-0.08518142998218536,0.27339112758636475,0.5501797199249268,-0.014202311635017395,0.25793638825416565,0.3801780343055725,-0.010658334009349346,0.26525038480758667,0.5587335228919983,-0.0220133475959301,0.24963600933551788,0.3781318664550781,-0.00931078102439642,0.2620616853237152,0.5555326342582703,-0.03491834178566933,0.2510347366333008,0.39217716455459595,-0.029276764020323753,0.26424309611320496,0.5481569170951843,-0.018130529671907425,0.2549040913581848,0.3964523673057556,-0.016420766711235046,0.32108065485954285,0.41354238986968994,0.007064078934490681,0.30149200558662415,0.36168748140335083,-0.0068787457421422005,0.2957856357097626,0.4922543466091156,0.08977369964122772,0.27360251545906067,0.43238186836242676,0.09094797819852829,0.2844904661178589,0.4959343373775482,0.24668188393115997,0.27329641580581665,0.46365976333618164,0.23919586837291718,0.28411322832107544,0.4893935024738312,0.26276442408561707,0.27395516633987427,0.4604698717594147,0.25419795513153076,0.27393320202827454,0.521761417388916,0.24619737267494202,0.2736261487007141,0.4923708736896515,0.23729202151298523
0499,./images/114/frame_00499.jpg,Fall,0.2551267743110657,0.49883630871772766,-0.19043390452861786,0.2573404908180237,0.5056518316268921,-0.20155537128448486,0.2590477764606476,0.5085108280181885,-0.20152130722999573,0.260354608297348,0.5105844140052795,-0.20151111483573914,0.25354450941085815,0.5014927983283997,-0.20324993133544922,0.25229597091674805,0.49785110354423523,-0.20331063866615295,0.2514277696609497,0.49507009983062744,-0.20333631336688995,0.2714606821537018,0.5130538940429688,-0.20642535388469696,0.25659072399139404,0.4842485785484314,-0.21389897167682648,0.26183149218559265,0.4967888295650482,-0.18630829453468323,0.2611527144908905,0.4897121489048004,-0.1884901523590088,0.3046467900276184,0.5039221048355103,-0.16000953316688538,0.27188658714294434,0.4066086709499359,-0.1699814647436142,0.30641037225723267,0.5157520174980164,-0.07646387070417404,0.27626118063926697,0.35266828536987305,-0.08182253688573837,0.2723422646522522,0.5501092076301575,-0.024951156228780746,0.2605935037136078,0.3796078860759735,-0.00788685493171215,0.26449644565582275,0.5606833100318909,-0.035272154957056046,0.2546120285987854,0.37697479128837585,-0.011370355263352394,0.25958624482154846,0.5544883608818054,-0.05028887465596199,0.25628867745399475,0.3897523581981659,-0.029399702325463295,0.2611164450645447,0.547087550163269,-0.030242860317230225,0.25884634256362915,0.39397236704826355,-0.013328122906386852,0.32111498713493347,0.4093307554721832,0.007951537147164345,0.30141085386276245,0.35795655846595764,-0.007824143394827843,0.296967089176178,0.4908027946949005,0.10149534046649933,0.2692925035953522,0.4277808666229248,0.08435802906751633,0.2853110432624817,0.4944036304950714,0.2604818046092987,0.27203911542892456,0.4399943947792053,0.24596218764781952,0.28450825810432434,0.4881152808666229,0.2766295373439789,0.27338331937789917,0.435442179441452,0.2647193372249603,0.2751125395298004,0.5194687843322754,0.2588995397090912,0.2704521417617798,0.4620042145252228,0.2554040253162384
0500,./images/114/frame_00500.jpg,Fall,0.25526654720306396,0.5003620386123657,-0.1628556102514267,0.2575010657310486,0.5065661668777466,-0.17833133041858673,0.2593006193637848,0.5090552568435669,-0.1782868653535843,0.2609642744064331,0.510987401008606,-0.1782660335302353,0.25307464599609375,0.5025978088378906,-0.17763465642929077,0.25188109278678894,0.49911248683929443,-0.17770686745643616,0.2503974139690399,0.49615737795829773,-0.17775468528270721,0.27151650190353394,0.513171374797821,-0.20007315278053284,0.2548298239707947,0.4851113557815552,-0.19495587050914764,0.26223519444465637,0.4982553720474243,-0.16407454013824463,0.26134055852890015,0.49041303992271423,-0.1631060093641281,0.3039558529853821,0.5016264319419861,-0.15606394410133362,0.26966598629951477,0.4066949486732483,-0.16037128865718842,0.3101152777671814,0.5191978216171265,-0.07965719699859619,0.2761114239692688,0.3700827658176422,-0.06191655993461609,0.27207282185554504,0.5521198511123657,-0.03432368114590645,0.263439804315567,0.40043747425079346,0.02631836012005806,0.2640978693962097,0.5627714991569519,-0.04569404199719429,0.2591624855995178,0.3994818925857544,0.02619990147650242,0.2589379549026489,0.5542064309120178,-0.06043335050344467,0.26328492164611816,0.4094609022140503,0.007491901516914368,0.2605874836444855,0.5470101833343506,-0.04009201377630234,0.26558512449264526,0.4127914309501648,0.02098936401307583,0.3218601644039154,0.4071008563041687,0.009422102943062782,0.30118295550346375,0.3574620187282562,-0.009372490458190441,0.30150172114372253,0.47909045219421387,0.08422660082578659,0.2628626823425293,0.42997270822525024,0.06310465186834335,0.2888283133506775,0.48186421394348145,0.23973777890205383,0.27218908071517944,0.43917202949523926,0.22844190895557404,0.2876184582710266,0.47487518191337585,0.25581976771354675,0.27407869696617126,0.43374988436698914,0.2456151694059372,0.2787485122680664,0.5077827572822571,0.24167025089263916,0.2699645757675171,0.4605240225791931,0.2394014596939087
0501,./images/114/frame_00501.jpg,Fall,0.25267934799194336,0.4968978762626648,-0.16696149110794067,0.25504228472709656,0.5037267804145813,-0.17907582223415375,0.25649601221084595,0.5063267946243286,-0.1790163815021515,0.2578977048397064,0.5086825489997864,-0.17897693812847137,0.25240394473075867,0.5012427568435669,-0.1811838299036026,0.25181567668914795,0.4975985288619995,-0.18125854432582855,0.2502731680870056,0.4940192401409149,-0.1813002973794937,0.2703098654747009,0.5130013227462769,-0.1922253966331482,0.25490856170654297,0.4797459542751312,-0.1980329006910324,0.2594758868217468,0.4952813386917114,-0.165065199136734,0.2607882618904114,0.48981136083602905,-0.16786602139472961,0.30134665966033936,0.5030483603477478,-0.14197488129138947,0.26973944902420044,0.40790584683418274,-0.16163888573646545,0.3071802854537964,0.5122095942497253,-0.05687277764081955,0.27906110882759094,0.3680729269981384,-0.06220891326665878,0.2716488540172577,0.5491527318954468,-0.0024571181274950504,0.2647586464881897,0.39534029364585876,0.04311773180961609,0.2641850411891937,0.5578116774559021,-0.009703664109110832,0.2600981593132019,0.39310747385025024,0.04576985538005829,0.25813645124435425,0.5440959930419922,-0.0223105326294899,0.2639102637767792,0.4042046070098877,0.02832227572798729,0.2619672417640686,0.5463567972183228,-0.007222783751785755,0.26621323823928833,0.4080519378185272,0.03889939934015274,0.3232610821723938,0.40263649821281433,0.011413298547267914,0.3018158972263336,0.3557959198951721,-0.011344210244715214,0.3013210892677307,0.4813057780265808,0.054741837084293365,0.2606796622276306,0.4328438937664032,0.049387671053409576,0.2858942747116089,0.5085756182670593,0.1793680191040039,0.2651839256286621,0.4612392485141754,0.1769488900899887,0.2839512825012207,0.5056642889976501,0.19169332087039948,0.26816684007644653,0.45998600125312805,0.1894136667251587,0.27667349576950073,0.5398101806640625,0.1630653440952301,0.26070302724838257,0.48618024587631226,0.16873417794704437
0502,./images/114/frame_00502.jpg,Fall,0.25184008479118347,0.4963451027870178,-0.18558451533317566,0.25290432572364807,0.498914510011673,-0.19723717868328094,0.2544243633747101,0.5013386011123657,-0.19717375934123993,0.2559463083744049,0.5036168694496155,-0.19714197516441345,0.24919076263904572,0.49516814947128296,-0.19850194454193115,0.24873176217079163,0.49224916100502014,-0.19856920838356018,0.2481640875339508,0.48953741788864136,-0.1985827088356018,0.26732200384140015,0.5029719471931458,-0.2051657736301422,0.2537563443183899,0.47836944460868835,-0.2092711627483368,0.25975093245506287,0.49539345502853394,-0.18291440606117249,0.257962703704834,0.4852743446826935,-0.18431356549263,0.3018408715724945,0.49934735894203186,-0.15244713425636292,0.2687246799468994,0.4086644947528839,-0.16293257474899292,0.30720439553260803,0.5131747126579285,-0.06283964961767197,0.28107208013534546,0.37520450353622437,-0.05911494418978691,0.2716999351978302,0.5455855131149292,-0.0029756908770650625,0.26767808198928833,0.4050140380859375,0.04884599894285202,0.2621147334575653,0.5493091344833374,-0.010730051435530186,0.26265522837638855,0.40318670868873596,0.052174609154462814,0.25719112157821655,0.5374549627304077,-0.025081565603613853,0.26620784401893616,0.41359803080558777,0.03470013290643692,0.26269203424453735,0.543024480342865,-0.008343162015080452,0.2684234082698822,0.41769036650657654,0.04471352696418762,0.3242312967777252,0.39579322934150696,0.010200751945376396,0.3016522228717804,0.3551201820373535,-0.010118787176907063,0.3010610044002533,0.4770500957965851,-0.020052103325724602,0.2611728310585022,0.43391308188438416,0.004000039305537939,0.2816827893257141,0.5141638517379761,0.08459420502185822,0.26378852128982544,0.48349273204803467,0.10168533027172089,0.2789652347564697,0.5128467082977295,0.09428678452968597,0.26716575026512146,0.4832785725593567,0.11010278761386871,0.27045148611068726,0.5477515459060669,0.051213331520557404,0.25884976983070374,0.5187445282936096,0.07187135517597198
0503,./images/114/frame_00503.jpg,Fall,0.2515109181404114,0.4973800778388977,-0.1915939599275589,0.2520383596420288,0.5008566379547119,-0.20012371242046356,0.25339728593826294,0.5033567547798157,-0.20007582008838654,0.2554885745048523,0.5050830245018005,-0.20005469024181366,0.24830393493175507,0.49601203203201294,-0.202360600233078,0.24785561859607697,0.49298107624053955,-0.20243299007415771,0.2468603104352951,0.4895680844783783,-0.20244920253753662,0.26581206917762756,0.505975067615509,-0.20144574344158173,0.2536354660987854,0.4795971214771271,-0.20789775252342224,0.2568840980529785,0.49517300724983215,-0.18566033244132996,0.2565419375896454,0.4857470989227295,-0.18837310373783112,0.30163341760635376,0.5006582736968994,-0.14462105929851532,0.26840919256210327,0.40823283791542053,-0.16016247868537903,0.3071075677871704,0.5115842819213867,-0.04620138928294182,0.28077811002731323,0.36383360624313354,-0.05918114632368088,0.2714557945728302,0.5416111350059509,0.028212055563926697,0.2673158347606659,0.39625096321105957,0.04398138076066971,0.26144447922706604,0.5416034460067749,0.024870429188013077,0.2625746428966522,0.392546683549881,0.0467064343392849,0.2568119764328003,0.5303114652633667,0.008640327490866184,0.2656964063644409,0.4000760018825531,0.029153713956475258,0.25992828607559204,0.5269589424133301,0.023000484332442284,0.2678351104259491,0.40465909242630005,0.039688847959041595,0.3252086043357849,0.3982335031032562,0.009651904925704002,0.3015783727169037,0.3549986183643341,-0.009538831189274788,0.30058735609054565,0.4778704345226288,-0.04028774052858353,0.2618478238582611,0.4356764554977417,-0.015407386235892773,0.2825857996940613,0.5139573216438293,0.0598548948764801,0.2653958797454834,0.4789556860923767,0.07009117305278778,0.28048819303512573,0.5126159191131592,0.0689903125166893,0.2684493064880371,0.4779074788093567,0.07688231766223907,0.2715320587158203,0.5447618961334229,0.02648749388754368,0.260648250579834,0.5103241205215454,0.03811384737491608
0504,./images/114/frame_00504.jpg,Fall,0.2524941563606262,0.49614766240119934,-0.137332484126091,0.2527497708797455,0.502285361289978,-0.1527032107114792,0.2544642388820648,0.5050407648086548,-0.15265671908855438,0.2564353346824646,0.5078285932540894,-0.1526283323764801,0.2487962245941162,0.49478259682655334,-0.15177489817142487,0.24796602129936218,0.4908473491668701,-0.15182828903198242,0.24711546301841736,0.48778942227363586,-0.15181668102741241,0.26588913798332214,0.505501389503479,-0.17616604268550873,0.2529415190219879,0.47053518891334534,-0.17059101164340973,0.2582279443740845,0.49313777685165405,-0.1399310976266861,0.2570633292198181,0.48372742533683777,-0.13832207024097443,0.3021509349346161,0.4938927888870239,-0.12770256400108337,0.2665974795818329,0.4085790812969208,-0.12477102130651474,0.30853545665740967,0.5066195726394653,-0.024778202176094055,0.27351659536361694,0.4038132131099701,-0.024659980088472366,0.2718418836593628,0.5400713682174683,0.053313784301280975,0.26710283756256104,0.472598135471344,0.06327395141124725,0.2620820105075836,0.5415830612182617,0.05010189488530159,0.2623458206653595,0.4805966317653656,0.06676976382732391,0.25792887806892395,0.5311115384101868,0.03716776892542839,0.2674694359302521,0.49087223410606384,0.04766521602869034,0.2608141005039215,0.5268558263778687,0.049308326095342636,0.26965683698654175,0.49052682518959045,0.058097220957279205,0.3271503746509552,0.3978801369667053,0.0031817567069083452,0.3015226423740387,0.35502180457115173,-0.0029102021362632513,0.3046068549156189,0.4804348349571228,-0.0356137678027153,0.2622680068016052,0.43999800086021423,-0.009993743151426315,0.28178343176841736,0.5260657668113708,0.053059421479701996,0.264698326587677,0.4966835081577301,0.06829127669334412,0.27846333384513855,0.5258379578590393,0.060712821781635284,0.26699334383010864,0.49832919239997864,0.07446159422397614,0.2697756886482239,0.5578942894935608,0.017835697159171104,0.2609157860279083,0.5310148596763611,0.03187965229153633
0505,./images/114/frame_00505.jpg,Fall,0.2521916329860687,0.49513113498687744,-0.16295479238033295,0.25110116600990295,0.49843576550483704,-0.16897588968276978,0.25360268354415894,0.505940318107605,-0.1689184010028839,0.25532475113868713,0.509088933467865,-0.16887447237968445,0.24786674976348877,0.4931623339653015,-0.17176583409309387,0.2467086762189865,0.48894670605659485,-0.17180956900119781,0.24588751792907715,0.48584356904029846,-0.17178168892860413,0.2637215256690979,0.5041989088058472,-0.18242964148521423,0.253359854221344,0.4699905514717102,-0.17794254422187805,0.2587786912918091,0.49356722831726074,-0.1572531759738922,0.2559572458267212,0.4813452959060669,-0.16039913892745972,0.302531898021698,0.493551641702652,-0.13207589089870453,0.2667164206504822,0.4026409685611725,-0.136679545044899,0.30911046266555786,0.5043123364448547,-0.03359004855155945,0.27488452196121216,0.3686988353729248,-0.029835011810064316,0.27130624651908875,0.5402413010597229,0.0451778918504715,0.2670127749443054,0.37433865666389465,0.04859645664691925,0.26264089345932007,0.5438572764396667,0.04255399480462074,0.26213279366493225,0.36892399191856384,0.04917590692639351,0.2584928870201111,0.536946713924408,0.028488364070653915,0.26707103848457336,0.37810271978378296,0.03160429000854492,0.2612772285938263,0.5334426164627075,0.04100964218378067,0.26894232630729675,0.38293778896331787,0.043580926954746246,0.3269161880016327,0.3981589376926422,0.006626744754612446,0.3015023171901703,0.354987770318985,-0.006399466656148434,0.3053736388683319,0.4861440062522888,-0.006411792244762182,0.2603941559791565,0.44173914194107056,0.003186418442055583,0.2824588716030121,0.5240155458450317,0.10038484632968903,0.2647067606449127,0.48564210534095764,0.10323815047740936,0.27968448400497437,0.5215378403663635,0.11052113771438599,0.267702579498291,0.4857836067676544,0.11183754354715347,0.27063536643981934,0.5586538314819336,0.07369397580623627,0.25982341170310974,0.5181653499603271,0.07992374897003174
0506,./images/114/frame_00506.jpg,Fall,0.2507168650627136,0.4911893308162689,-0.151882141828537,0.25180724263191223,0.49955448508262634,-0.16490541398525238,0.2538541853427887,0.506273090839386,-0.16483911871910095,0.2555652856826782,0.509445071220398,-0.16481070220470428,0.248223215341568,0.493551641702652,-0.16666515171527863,0.24713930487632751,0.4896048605442047,-0.16671843826770782,0.24645860493183136,0.4837234616279602,-0.1667206883430481,0.2637259364128113,0.5030178427696228,-0.18218034505844116,0.25305548310279846,0.4702412486076355,-0.18589547276496887,0.25921720266342163,0.4942012429237366,-0.15159784257411957,0.256121963262558,0.48148587346076965,-0.15369416773319244,0.3026444911956787,0.4929454028606415,-0.13529959321022034,0.2659054696559906,0.40282630920410156,-0.1444983035326004,0.30910149216651917,0.5036575198173523,-0.04077810049057007,0.27490076422691345,0.35212159156799316,-0.04253537207841873,0.2712409198284149,0.5405524373054504,0.03374345600605011,0.2682573199272156,0.3736562430858612,0.056100618094205856,0.2607463002204895,0.5450820922851562,0.029319385066628456,0.26393577456474304,0.369231641292572,0.06074287369847298,0.25528913736343384,0.5375739336013794,0.01789138652384281,0.2680637240409851,0.37922921776771545,0.04195166751742363,0.257551908493042,0.5322815179824829,0.03027668222784996,0.269849956035614,0.38361069560050964,0.051548250019550323,0.3267775774002075,0.3990327715873718,0.007048896513879299,0.30146172642707825,0.3550925850868225,-0.006860279943794012,0.30721431970596313,0.48588699102401733,0.01344808004796505,0.2615622282028198,0.4403339922428131,0.014433448202908039,0.2825508713722229,0.521660566329956,0.13424178957939148,0.26311320066452026,0.48121970891952515,0.13515537977218628,0.2795492708683014,0.5185592174530029,0.14565053582191467,0.26588836312294006,0.4802136719226837,0.14649151265621185,0.27079761028289795,0.5572481751441956,0.1122865304350853,0.25816747546195984,0.5147778391838074,0.11936918646097183
0507,./images/114/frame_00507.jpg,Fall,0.2513844072818756,0.49217095971107483,-0.1374826580286026,0.252241313457489,0.499544233083725,-0.15379221737384796,0.2541486322879791,0.5037288069725037,-0.15374216437339783,0.2558154761791229,0.5058484673500061,-0.15371879935264587,0.24851784110069275,0.491472452878952,-0.15208876132965088,0.2473939210176468,0.4878802001476288,-0.152145117521286,0.24654607474803925,0.4836980998516083,-0.15214358270168304,0.26348885893821716,0.49824994802474976,-0.18014952540397644,0.2529057264328003,0.46405839920043945,-0.17138859629631042,0.2594323456287384,0.49400749802589417,-0.14114715158939362,0.25542134046554565,0.4780481159687042,-0.13854458928108215,0.3029361367225647,0.484239786863327,-0.1368558704853058,0.2660130560398102,0.4006921052932739,-0.12814961373806,0.31066566705703735,0.5042223334312439,-0.04357443004846573,0.27453404664993286,0.37136441469192505,-0.02060703933238983,0.27105098962783813,0.5400941967964172,0.030732497572898865,0.2691648602485657,0.42036858201026917,0.07090956717729568,0.2615970969200134,0.5457513928413391,0.02448936179280281,0.26516857743263245,0.4232683777809143,0.07489588111639023,0.2549815773963928,0.5372701287269592,0.012477811425924301,0.26984870433807373,0.43489518761634827,0.05461294576525688,0.25724250078201294,0.5317747592926025,0.0267662163823843,0.27164214849472046,0.4366391897201538,0.06535536050796509,0.32758036255836487,0.3990827202796936,0.0026660175062716007,0.30144014954566956,0.355199933052063,-0.0024188978131860495,0.3076935410499573,0.4861026406288147,-0.013533249497413635,0.26671040058135986,0.44001802802085876,0.015355962328612804,0.2816885709762573,0.52773118019104,0.0855247974395752,0.26339608430862427,0.493958055973053,0.11050494015216827,0.27790912985801697,0.5268580913543701,0.09450455754995346,0.2653341293334961,0.49613648653030396,0.11862106621265411,0.26935869455337524,0.5611348748207092,0.0549946129322052,0.25820812582969666,0.5282621383666992,0.08171018213033676
0508,./images/114/frame_00508.jpg,Fall,0.24913713335990906,0.4851643741130829,-0.17136025428771973,0.2503197491168976,0.49766167998313904,-0.18680539727210999,0.25203922390937805,0.5006043910980225,-0.18673138320446014,0.2537805438041687,0.5027632117271423,-0.18670572340488434,0.2460581511259079,0.48861071467399597,-0.1846119612455368,0.2448185682296753,0.48509007692337036,-0.18466675281524658,0.24525418877601624,0.47601890563964844,-0.184660866856575,0.26099660992622375,0.49520084261894226,-0.20640459656715393,0.25077250599861145,0.4603034555912018,-0.19645437598228455,0.2564624547958374,0.4837591052055359,-0.17269787192344666,0.2525187134742737,0.47480303049087524,-0.16968606412410736,0.30247220396995544,0.482796847820282,-0.1603279858827591,0.26564744114875793,0.39708802103996277,-0.1427946388721466,0.3136562705039978,0.5043392777442932,-0.060692060738801956,0.27733689546585083,0.36031562089920044,-0.0345468707382679,0.2711417078971863,0.5412029027938843,0.027503782883286476,0.27238625288009644,0.37993523478507996,0.07118849456310272,0.26165828108787537,0.5513908863067627,0.021761910989880562,0.2686171233654022,0.37559688091278076,0.07765167206525803,0.25734978914260864,0.544303834438324,0.009127749130129814,0.2727481424808502,0.3843745291233063,0.05793064087629318,0.2572837471961975,0.5322265028953552,0.023421848192811012,0.2743803858757019,0.38835567235946655,0.06661839783191681,0.32806554436683655,0.3981342017650604,0.002114570466801524,0.3014146387577057,0.35437458753585815,-0.0019181326497346163,0.31070318818092346,0.4850544333457947,-0.0029601315036416054,0.268326073884964,0.43617045879364014,0.016918104141950607,0.28021305799484253,0.5267862677574158,0.09857625514268875,0.26086947321891785,0.49109843373298645,0.12819981575012207,0.27571752667427063,0.5254495143890381,0.10838569700717926,0.26206231117248535,0.49306535720825195,0.13704648613929749,0.26618069410324097,0.5612327456474304,0.07242681086063385,0.25415223836898804,0.5256004929542542,0.10435978323221207
0509,./images/114/frame_00509.jpg,Fall,0.24870724976062775,0.4830027222633362,-0.16924789547920227,0.24855764210224152,0.4924173057079315,-0.18357953429222107,0.25018763542175293,0.49560484290122986,-0.1835131198167801,0.25194400548934937,0.4985021948814392,-0.18348932266235352,0.24451155960559845,0.48121359944343567,-0.18278208374977112,0.24312040209770203,0.47739189863204956,-0.18284206092357635,0.2422953099012375,0.47269710898399353,-0.1828480213880539,0.25945764780044556,0.49208569526672363,-0.2001134157180786,0.24632613360881805,0.4602225720882416,-0.19607727229595184,0.2557101249694824,0.48261743783950806,-0.16946619749069214,0.25216397643089294,0.46935945749282837,-0.16817061603069305,0.30229297280311584,0.48317861557006836,-0.15495595335960388,0.26523178815841675,0.391494482755661,-0.14353039860725403,0.3118029534816742,0.5050735473632812,-0.061861298978328705,0.2796472907066345,0.34251222014427185,-0.04085768014192581,0.2712104916572571,0.5454240441322327,0.024958962574601173,0.27154025435447693,0.35131561756134033,0.04609237611293793,0.2618515193462372,0.5555185675621033,0.020122485235333443,0.2673666775226593,0.34549424052238464,0.0480366125702858,0.25544553995132446,0.5454184412956238,0.008906080387532711,0.2714991867542267,0.35675540566444397,0.031373269855976105,0.2566578984260559,0.5339289307594299,0.022353511303663254,0.2734547257423401,0.36159151792526245,0.042026203125715256,0.3279551863670349,0.3983153998851776,0.002936813747510314,0.30184271931648254,0.3499799966812134,-0.0027527902275323868,0.31135374307632446,0.48627591133117676,0.02349281869828701,0.26824724674224854,0.4290201961994171,0.05158429592847824,0.28033095598220825,0.5259301662445068,0.14678552746772766,0.2564041018486023,0.4759618639945984,0.16735117137432098,0.27685490250587463,0.5224522948265076,0.15924924612045288,0.25678324699401855,0.4771025776863098,0.17782732844352722,0.26649847626686096,0.5604617595672607,0.12740927934646606,0.24913795292377472,0.5095763206481934,0.14958874881267548
0510,./images/114/frame_00510.jpg,Fall,0.2473338544368744,0.47095757722854614,-0.1682470142841339,0.24623897671699524,0.4809423089027405,-0.18196217715740204,0.24801354110240936,0.48481035232543945,-0.18190240859985352,0.249800443649292,0.4884418547153473,-0.18188193440437317,0.2422199696302414,0.47025054693222046,-0.1818372756242752,0.24098420143127441,0.46716099977493286,-0.18189753592014313,0.23994405567646027,0.46418362855911255,-0.18191023170948029,0.25851690769195557,0.4855571687221527,-0.19818536937236786,0.24788129329681396,0.44604742527008057,-0.19572995603084564,0.2543955445289612,0.472149521112442,-0.16798381507396698,0.2508067488670349,0.46041128039360046,-0.16759629547595978,0.3008226454257965,0.4827292561531067,-0.15493759512901306,0.26543593406677246,0.38661062717437744,-0.1449356973171234,0.31158703565597534,0.524370551109314,-0.06561928987503052,0.27903294563293457,0.33497199416160583,-0.042883433401584625,0.2699664235115051,0.5470707416534424,0.010288560763001442,0.2673264443874359,0.36594390869140625,0.04746532067656517,0.2617194950580597,0.5580028295516968,0.0030245287343859673,0.2617954611778259,0.36237242817878723,0.04904002323746681,0.25597667694091797,0.5514754056930542,-0.010432017967104912,0.2636476159095764,0.3743325173854828,0.03249603882431984,0.25698983669281006,0.5439361333847046,0.006284807808697224,0.2658514380455017,0.3786114454269409,0.043377019464969635,0.32786068320274353,0.39853519201278687,0.0034101256169378757,0.3029710352420807,0.3475457727909088,-0.0032275288831442595,0.3113614618778229,0.4878900349140167,0.028576325625181198,0.26805952191352844,0.4193401038646698,0.050012070685625076,0.28044629096984863,0.5237276554107666,0.14789924025535583,0.25774383544921875,0.4647620618343353,0.16453611850738525,0.27645203471183777,0.5211794972419739,0.15982750058174133,0.2587127089500427,0.465730756521225,0.1751193106174469,0.2666665315628052,0.5576270818710327,0.12959453463554382,0.25045329332351685,0.4970766603946686,0.14888499677181244
0511,./images/114/frame_00511.jpg,Fall,0.24779769778251648,0.4679969847202301,-0.17802700400352478,0.24737629294395447,0.4777784049510956,-0.19246801733970642,0.24917574226856232,0.4815387725830078,-0.19240866601467133,0.2509687840938568,0.4849359691143036,-0.19237759709358215,0.24322788417339325,0.46819284558296204,-0.19122053682804108,0.24195948243141174,0.46525654196739197,-0.191275954246521,0.24086806178092957,0.46264737844467163,-0.1912601888179779,0.2594680190086365,0.48378080129623413,-0.209101602435112,0.24815447628498077,0.44448480010032654,-0.20239174365997314,0.2549559473991394,0.47195929288864136,-0.177902489900589,0.25169435143470764,0.46122393012046814,-0.17597107589244843,0.3006269335746765,0.4788748323917389,-0.16183896362781525,0.26551714539527893,0.3873823881149292,-0.1472482532262802,0.31203600764274597,0.5243305563926697,-0.07111192494630814,0.2827256917953491,0.3428339958190918,-0.04306325688958168,0.27118587493896484,0.5438910722732544,0.003805798012763262,0.2716482877731323,0.3685621917247772,0.04419369623064995,0.2636107802391052,0.5519376993179321,-0.004266092088073492,0.2667991518974304,0.36760538816452026,0.046632710844278336,0.259845107793808,0.5454205870628357,-0.016947664320468903,0.2690269947052002,0.3794194161891937,0.029382184147834778,0.2611764669418335,0.54384446144104,-0.00037058687303215265,0.27076396346092224,0.3830944001674652,0.03992672264575958,0.32855337858200073,0.3970643877983093,0.0006254398031160235,0.3038488030433655,0.34833624958992004,-0.00037950207479298115,0.30930331349372864,0.4873056709766388,-0.018886182457208633,0.2687985301017761,0.4217919111251831,0.012064936570823193,0.27371126413345337,0.5438304543495178,0.06432662159204483,0.2583223879337311,0.48840683698654175,0.09723545610904694,0.2715601921081543,0.5418604612350464,0.07173602283000946,0.25980356335639954,0.4951413571834564,0.10423304885625839,0.25218769907951355,0.5749462842941284,0.028078192844986916,0.24865522980690002,0.522660493850708,0.06486212462186813
0512,./images/114/frame_00512.jpg,Fall,0.24587830901145935,0.46673691272735596,-0.21808676421642303,0.2475789487361908,0.47711890935897827,-0.2305922955274582,0.24950547516345978,0.48129862546920776,-0.23054952919483185,0.25127679109573364,0.48473721742630005,-0.2305411547422409,0.24323520064353943,0.46596476435661316,-0.23015367984771729,0.2419610470533371,0.4626682996749878,-0.23020760715007782,0.24088120460510254,0.45985621213912964,-0.2301935851573944,0.2597486078739166,0.48270195722579956,-0.23468145728111267,0.24882671236991882,0.44216158986091614,-0.23257136344909668,0.2554939091205597,0.47245514392852783,-0.21286261081695557,0.2520665228366852,0.459903746843338,-0.21226465702056885,0.30031266808509827,0.4784913659095764,-0.18040266633033752,0.2655406892299652,0.38543951511383057,-0.16898652911186218,0.31583309173583984,0.5078105330467224,-0.08452937006950378,0.2817690074443817,0.34475839138031006,-0.06785432249307632,0.27138015627861023,0.5466436743736267,-0.008916408754885197,0.26584959030151367,0.3709387183189392,0.010891960002481937,0.2639611065387726,0.5529707074165344,-0.01796388253569603,0.26017698645591736,0.3710556924343109,0.009504917077720165,0.2585262358188629,0.5428937673568726,-0.03195742517709732,0.26133495569229126,0.38127610087394714,-0.00649475771933794,0.26013949513435364,0.5377888679504395,-0.0132418442517519,0.26361340284347534,0.38344743847846985,0.006804747972637415,0.32832497358322144,0.39823460578918457,0.000653228722512722,0.3052822947502136,0.34795594215393066,-0.0004046148678753525,0.30900266766548157,0.4909815192222595,-0.004559698048979044,0.26821014285087585,0.40529966354370117,0.013784338720142841,0.2723133862018585,0.5404838919639587,0.10226328670978546,0.25785788893699646,0.46325382590293884,0.11395470798015594,0.269509494304657,0.537782609462738,0.11207232624292374,0.25945279002189636,0.4682616889476776,0.1255752444267273,0.25259751081466675,0.5806996822357178,0.07050537317991257,0.24849215149879456,0.49663782119750977,0.10427739471197128
0513,./images/114/frame_00513.jpg,Fall,0.24523282051086426,0.46363651752471924,-0.20029863715171814,0.247329980134964,0.47322192788124084,-0.21500995755195618,0.24927213788032532,0.47668448090553284,-0.21497254073619843,0.25111088156700134,0.4795835614204407,-0.21495421230793,0.24279162287712097,0.4634082019329071,-0.2126789540052414,0.2414875477552414,0.46014827489852905,-0.2127271592617035,0.24009521305561066,0.45684701204299927,-0.2127135545015335,0.258650004863739,0.477317214012146,-0.22784678637981415,0.24471044540405273,0.4456787109375,-0.21782374382019043,0.25585120916366577,0.4687522053718567,-0.19808906316757202,0.2497059851884842,0.4555143117904663,-0.19517430663108826,0.30001747608184814,0.47558581829071045,-0.1826416552066803,0.26485925912857056,0.38462474942207336,-0.16090427339076996,0.3153209090232849,0.5203134417533875,-0.09238653630018234,0.2784821391105652,0.3479503393173218,-0.057182639837265015,0.27219802141189575,0.5509185194969177,-0.015683159232139587,0.26516783237457275,0.3950699269771576,0.025228381156921387,0.264059454202652,0.560954213142395,-0.02491600438952446,0.26005083322525024,0.39539679884910583,0.02585291862487793,0.25879591703414917,0.5442759394645691,-0.03843522071838379,0.26153895258903503,0.4062390923500061,0.008196218870580196,0.2604483664035797,0.5383003950119019,-0.01987975463271141,0.26424193382263184,0.41120800375938416,0.02052079141139984,0.32883793115615845,0.3978884816169739,-0.0035013160668313503,0.30593064427375793,0.34641239047050476,0.0037566006649285555,0.30617374181747437,0.4895275831222534,0.0028883914928883314,0.27246803045272827,0.4068688750267029,0.04400589317083359,0.27315863966941833,0.5358979105949402,0.1077616959810257,0.2688269317150116,0.4637072682380676,0.15465740859508514,0.2711159288883209,0.5330908298492432,0.11619271337985992,0.2715926468372345,0.4671677052974701,0.16536495089530945,0.25271278619766235,0.5752556920051575,0.09172193706035614,0.2606508135795593,0.4978553354740143,0.14357542991638184
0514,./images/114/frame_00514.jpg,Fall,0.23997154831886292,0.4554542005062103,-0.22823397815227509,0.24278461933135986,0.46508586406707764,-0.2396002560853958,0.2445327788591385,0.4616972506046295,-0.23957745730876923,0.24689701199531555,0.4729745090007782,-0.2395666390657425,0.23855479061603546,0.4537811577320099,-0.23967203497886658,0.23749962449073792,0.45051172375679016,-0.23972678184509277,0.2365420162677765,0.4476119577884674,-0.23972627520561218,0.2562471032142639,0.472146213054657,-0.23773601651191711,0.24142925441265106,0.4398393929004669,-0.23794904351234436,0.2521040141582489,0.4620351493358612,-0.22077517211437225,0.247468501329422,0.4490838646888733,-0.22088119387626648,0.29791873693466187,0.47605594992637634,-0.18671062588691711,0.2649056017398834,0.38108164072036743,-0.16912074387073517,0.3151511549949646,0.5259243249893188,-0.0961519181728363,0.27845191955566406,0.34986844658851624,-0.06333450973033905,0.2718210816383362,0.552402913570404,-0.03553544357419014,0.26341861486434937,0.4005107879638672,0.025738786906003952,0.2646365463733673,0.5597513318061829,-0.046476952731609344,0.2584916055202484,0.3995770812034607,0.027712738141417503,0.2589438855648041,0.5443369150161743,-0.06189931184053421,0.2604514956474304,0.41240718960762024,0.010294584557414055,0.2605920732021332,0.538292407989502,-0.04078281670808792,0.2626391053199768,0.4165683388710022,0.02157174050807953,0.32873237133026123,0.39801734685897827,-0.0022795014083385468,0.3060479462146759,0.34678295254707336,0.0025365478359162807,0.3044615387916565,0.48533007502555847,0.01142581645399332,0.27237197756767273,0.40668967366218567,0.05034027248620987,0.27389875054359436,0.5208383202552795,0.13157905638217926,0.27195149660110474,0.4495898485183716,0.17140337824821472,0.272136390209198,0.5161948800086975,0.14350342750549316,0.2755487561225891,0.44952893257141113,0.18293844163417816,0.2522335350513458,0.5605707168579102,0.12011873722076416,0.26512500643730164,0.4800548851490021,0.1640908420085907
0515,./images/114/frame_00515.jpg,Fall,0.23963673412799835,0.4472547173500061,-0.17704063653945923,0.2414248287677765,0.45868322253227234,-0.19370733201503754,0.24272672832012177,0.45409148931503296,-0.1936776489019394,0.24549086391925812,0.46659451723098755,-0.1936320811510086,0.2371656447649002,0.4480568468570709,-0.1935664266347885,0.23600372672080994,0.4446568489074707,-0.19361114501953125,0.2350691556930542,0.44189825654029846,-0.19361287355422974,0.2540545165538788,0.46587562561035156,-0.21920213103294373,0.2432280331850052,0.4262569844722748,-0.22171683609485626,0.2511148750782013,0.454179048538208,-0.17830607295036316,0.2470848560333252,0.44155529141426086,-0.17829932272434235,0.2967519164085388,0.47413477301597595,-0.18428759276866913,0.2643135190010071,0.37378692626953125,-0.16453328728675842,0.31497663259506226,0.5271506309509277,-0.11730380356311798,0.279291570186615,0.34815073013305664,-0.06441014260053635,0.27189937233924866,0.553748369216919,-0.07535752654075623,0.26382213830947876,0.3973805606365204,0.018157556653022766,0.2659570574760437,0.5627365112304688,-0.09065734595060349,0.25872498750686646,0.39586496353149414,0.018209710717201233,0.2590644955635071,0.5499903559684753,-0.10355756431818008,0.26081451773643494,0.40973880887031555,0.0028191781602799892,0.2607804834842682,0.5429559946060181,-0.08050636202096939,0.2630036473274231,0.41335105895996094,0.014288725331425667,0.32866036891937256,0.39747005701065063,-0.0019969709683209658,0.3073943555355072,0.34469932317733765,0.002309320028871298,0.30624067783355713,0.48216477036476135,0.08251219987869263,0.27163034677505493,0.3964226245880127,0.07934214919805527,0.27985045313835144,0.5100658535957336,0.23371493816375732,0.27395159006118774,0.4236909747123718,0.2494041621685028,0.2796465754508972,0.5034450888633728,0.24977166950702667,0.27691343426704407,0.42075878381729126,0.2672191262245178,0.25748011469841003,0.5486825108528137,0.2390410602092743,0.2684388756752014,0.4493241310119629,0.2666725516319275
0516,./images/114/frame_00516.jpg,Fall,0.23938028514385223,0.4422665536403656,-0.13917483389377594,0.24050076305866241,0.4537624716758728,-0.1561538726091385,0.2414320409297943,0.44959667325019836,-0.15612860023975372,0.2441493570804596,0.4618229866027832,-0.15609942376613617,0.23678812384605408,0.44269922375679016,-0.15468476712703705,0.23574833571910858,0.4392443001270294,-0.15472540259361267,0.2349529266357422,0.43644049763679504,-0.1547253578901291,0.252390593290329,0.4602205455303192,-0.18613842129707336,0.24087722599506378,0.42752403020858765,-0.1796165257692337,0.2501753568649292,0.4474201500415802,-0.14338839054107666,0.2465694397687912,0.4352729916572571,-0.14141316711902618,0.2953357994556427,0.46889546513557434,-0.16903969645500183,0.26538586616516113,0.3730650246143341,-0.14011439681053162,0.31267672777175903,0.5256744623184204,-0.10192789137363434,0.28353995084762573,0.3404209315776825,-0.04148796945810318,0.2709147334098816,0.5542358160018921,-0.05308911204338074,0.2673097848892212,0.3856511116027832,0.037190936505794525,0.2659376859664917,0.5617183446884155,-0.06636045128107071,0.26276594400405884,0.38518255949020386,0.038457680493593216,0.2588135600090027,0.5498793125152588,-0.07841653376817703,0.263584703207016,0.40184253454208374,0.023008722811937332,0.2606344521045685,0.5427217483520508,-0.057667575776576996,0.26540637016296387,0.4052503705024719,0.032893069088459015,0.3286387324333191,0.3957713544368744,-0.0019444838399067521,0.3092544376850128,0.34431034326553345,0.002257948275655508,0.30450475215911865,0.46869194507598877,0.06035305932164192,0.27460962533950806,0.40064921975135803,0.07851973921060562,0.28060683608055115,0.4982951581478119,0.19579258561134338,0.2749131917953491,0.43664634227752686,0.2150782346725464,0.2805805802345276,0.4943666160106659,0.2097281664609909,0.276849627494812,0.4360426068305969,0.2284032553434372,0.2581626772880554,0.5300114750862122,0.18930639326572418,0.2687835991382599,0.46218863129615784,0.21469144523143768
0517,./images/114/frame_00517.jpg,Fall,0.2402302771806717,0.44142913818359375,-0.15263472497463226,0.24168913066387177,0.44989845156669617,-0.16908442974090576,0.24287967383861542,0.45212504267692566,-0.1690538078546524,0.2450975477695465,0.45725753903388977,-0.16903488337993622,0.23790009319782257,0.4391348659992218,-0.16645392775535583,0.23680567741394043,0.43559104204177856,-0.16650687158107758,0.23590585589408875,0.43252265453338623,-0.16650918126106262,0.25256282091140747,0.45623788237571716,-0.19455930590629578,0.24134287238121033,0.42461904883384705,-0.1828862726688385,0.2509405314922333,0.44452378153800964,-0.15573763847351074,0.2472989559173584,0.43321526050567627,-0.15218208730220795,0.29417866468429565,0.46364453434944153,-0.17022719979286194,0.26331907510757446,0.3701412081718445,-0.1353331059217453,0.31228166818618774,0.5211195945739746,-0.10209685564041138,0.2834959328174591,0.3433510959148407,-0.03639654442667961,0.2739770710468292,0.5528968572616577,-0.04461399465799332,0.26623642444610596,0.39532041549682617,0.05081009864807129,0.26845332980155945,0.5615482926368713,-0.05639881640672684,0.2611117660999298,0.3968967795372009,0.05582697317004204,0.2610805630683899,0.5494076609611511,-0.06680016964673996,0.2619839310646057,0.41194677352905273,0.0407489612698555,0.2645035982131958,0.5472494959831238,-0.048128459602594376,0.2639541029930115,0.4142346978187561,0.047282639890909195,0.32871347665786743,0.3928382098674774,-0.0030953525565564632,0.30950021743774414,0.34533560276031494,0.0033611145336180925,0.30497607588768005,0.466528058052063,0.009642419405281544,0.2735424041748047,0.4040036201477051,0.0655408501625061,0.281480997800827,0.49841269850730896,0.13709691166877747,0.2731183171272278,0.4562136232852936,0.1836768239736557,0.28100356459617615,0.49596965312957764,0.15011802315711975,0.2753410041332245,0.46071693301200867,0.19313159584999084,0.25936436653137207,0.5293511152267456,0.13110452890396118,0.26667293906211853,0.4868623614311218,0.18067844212055206
0518,./images/114/frame_00518.jpg,Fall,0.2404032200574875,0.44201451539993286,-0.1320250928401947,0.24100486934185028,0.4471327066421509,-0.15243563055992126,0.24233023822307587,0.44975709915161133,-0.15242406725883484,0.24487587809562683,0.4561014473438263,-0.15241841971874237,0.23758766055107117,0.4373868703842163,-0.1491526961326599,0.2367570400238037,0.4337947368621826,-0.14919179677963257,0.23598900437355042,0.430256187915802,-0.14921198785305023,0.251301109790802,0.45360326766967773,-0.19043022394180298,0.2414475679397583,0.4201895296573639,-0.17640894651412964,0.2511396110057831,0.44270646572113037,-0.13867352902889252,0.24773266911506653,0.43039706349372864,-0.13449859619140625,0.2944013476371765,0.4580215513706207,-0.17672055959701538,0.2635810673236847,0.36648306250572205,-0.14030273258686066,0.31224697828292847,0.5128540396690369,-0.1297333538532257,0.28342896699905396,0.3357759416103363,-0.04065683111548424,0.27487507462501526,0.5523833632469177,-0.09989222884178162,0.26886045932769775,0.38620710372924805,0.018632814288139343,0.26830312609672546,0.5612764358520508,-0.11889837682247162,0.2639196515083313,0.3885418772697449,0.016583239659667015,0.2614154517650604,0.554508626461029,-0.12669023871421814,0.2656663656234741,0.4040643870830536,0.0019369556102901697,0.2646539807319641,0.5487274527549744,-0.10359110683202744,0.2679649889469147,0.40621498227119446,0.014178231358528137,0.32946527004241943,0.389697402715683,-0.002375376643612981,0.3104204535484314,0.3454954922199249,0.0026028514839708805,0.30687475204467773,0.44785168766975403,0.10370556265115738,0.27435237169265747,0.396259605884552,0.1269584596157074,0.29958945512771606,0.45386940240859985,0.2879795432090759,0.2815094292163849,0.41732168197631836,0.3066181242465973,0.3015629053115845,0.44665640592575073,0.30799275636672974,0.2845470607280731,0.413471519947052,0.32568466663360596,0.2842727601528168,0.48353326320648193,0.30206435918807983,0.27537500858306885,0.4437144696712494,0.32631081342697144
0519,./images/114/frame_00519.jpg,Fall,0.24002155661582947,0.4300941824913025,-0.12010303884744644,0.23980996012687683,0.4365343451499939,-0.14214542508125305,0.24104897677898407,0.4398673176765442,-0.14216290414333344,0.24263887107372284,0.44342753291130066,-0.14217440783977509,0.23702844977378845,0.42616453766822815,-0.14061512053012848,0.23647908866405487,0.42256513237953186,-0.14064021408557892,0.23591208457946777,0.4188717305660248,-0.14067301154136658,0.2506386637687683,0.44962555170059204,-0.19074389338493347,0.24198226630687714,0.4153865873813629,-0.18272341787815094,0.2509639859199524,0.4366656541824341,-0.13061872124671936,0.24796180427074432,0.4252222776412964,-0.12875327467918396,0.29303237795829773,0.4540465772151947,-0.18861576914787292,0.2637541890144348,0.3569214344024658,-0.1562579870223999,0.30936533212661743,0.511132001876831,-0.1311773657798767,0.2804272174835205,0.30409830808639526,-0.07389743626117706,0.27566298842430115,0.5522894263267517,-0.09328992664813995,0.26692235469818115,0.3167235255241394,-0.034726109355688095,0.2687529921531677,0.5609275698661804,-0.11404691636562347,0.2634877562522888,0.31167271733283997,-0.04503786936402321,0.26279833912849426,0.5586077570915222,-0.12473911046981812,0.2638038694858551,0.3239034116268158,-0.05956551432609558,0.2657020390033722,0.5520114898681641,-0.09796594083309174,0.26515480875968933,0.32814985513687134,-0.039946187287569046,0.3295007050037384,0.3895401060581207,-0.0026247361674904823,0.3119657337665558,0.3457305431365967,0.0027457394171506166,0.3079046308994293,0.43465831875801086,0.13121362030506134,0.27974292635917664,0.39509791135787964,0.16273249685764313,0.30113542079925537,0.44284528493881226,0.3283447027206421,0.28135278820991516,0.40952640771865845,0.351615846157074,0.3025054335594177,0.4383182227611542,0.35025447607040405,0.2829422950744629,0.40585941076278687,0.3712193965911865,0.28731897473335266,0.46252378821372986,0.34273266792297363,0.2756095230579376,0.42773425579071045,0.3673165440559387
0520,./images/114/frame_00520.jpg,Fall,0.24050016701221466,0.42322951555252075,-0.11789923906326294,0.24048185348510742,0.4307936728000641,-0.1397159844636917,0.24173542857170105,0.4344709515571594,-0.13973933458328247,0.2432294338941574,0.438016802072525,-0.13975347578525543,0.23740753531455994,0.4199475944042206,-0.13973966240882874,0.23651251196861267,0.41636788845062256,-0.1397608369588852,0.23628239333629608,0.4126630127429962,-0.13980482518672943,0.25153180956840515,0.44170838594436646,-0.18988832831382751,0.24232228100299835,0.4098089337348938,-0.18669673800468445,0.2501247525215149,0.4249430298805237,-0.12885239720344543,0.24801072478294373,0.4194662272930145,-0.12884528934955597,0.29196953773498535,0.4572175443172455,-0.18857145309448242,0.26577135920524597,0.3508388102054596,-0.17143048346042633,0.3084621727466583,0.5115833878517151,-0.1436750739812851,0.27631157636642456,0.289574533700943,-0.09881722927093506,0.27621909976005554,0.5528000593185425,-0.1318303793668747,0.2583411931991577,0.28853729367256165,-0.0746353268623352,0.27067604660987854,0.5656132102012634,-0.15675503015518188,0.254560261964798,0.2800522744655609,-0.08987398445606232,0.26319271326065063,0.5594425797462463,-0.16764326393604279,0.25393369793891907,0.2919491231441498,-0.10304995626211166,0.2660350501537323,0.5537271499633789,-0.13721774518489838,0.25545749068260193,0.2973529100418091,-0.07964728772640228,0.3297326862812042,0.3902207314968109,-0.0021502396557480097,0.31295862793922424,0.3458701968193054,0.002139205811545253,0.3073998689651489,0.4265309274196625,0.13197174668312073,0.28021180629730225,0.39134299755096436,0.16397133469581604,0.30613914132118225,0.4370570182800293,0.3337492048740387,0.28768205642700195,0.40402141213417053,0.351937860250473,0.3093290328979492,0.43463826179504395,0.35606086254119873,0.29129713773727417,0.4010867178440094,0.37138524651527405,0.29253387451171875,0.45199376344680786,0.34886178374290466,0.2801157832145691,0.41780391335487366,0.3657316565513611
0521,./images/114/frame_00521.jpg,Fall,0.24060240387916565,0.4210093915462494,-0.11645380407571793,0.2408866137266159,0.42882928252220154,-0.13690629601478577,0.2421264946460724,0.43238818645477295,-0.1369345784187317,0.24349930882453918,0.4358489513397217,-0.13693952560424805,0.2376711666584015,0.4184039235115051,-0.13707491755485535,0.2372978925704956,0.4149470329284668,-0.13709312677383423,0.2373322695493698,0.4113922119140625,-0.1371465027332306,0.2520172894001007,0.43955954909324646,-0.18322128057479858,0.2431798279285431,0.4086571931838989,-0.18317918479442596,0.25000229477882385,0.42198705673217773,-0.1262420117855072,0.248754620552063,0.41962677240371704,-0.12649813294410706,0.29048243165016174,0.452928364276886,-0.18375802040100098,0.2675265073776245,0.3548456132411957,-0.16641585528850555,0.30745941400527954,0.5098857283592224,-0.13413791358470917,0.2789648771286011,0.28344759345054626,-0.0940040647983551,0.2760520875453949,0.5454155802726746,-0.1082882508635521,0.2618589997291565,0.2810533046722412,-0.06227220967411995,0.2701992392539978,0.5643497109413147,-0.12931211292743683,0.25945526361465454,0.27262723445892334,-0.07534192502498627,0.2629598081111908,0.5578431487083435,-0.13855433464050293,0.25800710916519165,0.28368696570396423,-0.08831804990768433,0.26579511165618896,0.5525127649307251,-0.11250846087932587,0.25837355852127075,0.28869742155075073,-0.06727883964776993,0.330299437046051,0.3900342583656311,-0.0018284795805811882,0.31558945775032043,0.3442996144294739,0.001736869802698493,0.3073665201663971,0.4238668978214264,0.1304759830236435,0.28107136487960815,0.38489097356796265,0.16304521262645721,0.3047449588775635,0.4335694909095764,0.3317774534225464,0.28798896074295044,0.4033676087856293,0.350511759519577,0.306956946849823,0.4311710298061371,0.35430222749710083,0.2912883460521698,0.40084308385849,0.37011268734931946,0.2910061478614807,0.4477648138999939,0.34992551803588867,0.2799983024597168,0.41981178522109985,0.3676885962486267
0522,./images/114/frame_00522.jpg,Fall,0.2384607493877411,0.4144141674041748,-0.09979748725891113,0.23791757225990295,0.42254841327667236,-0.11977245658636093,0.23892144858837128,0.4266175627708435,-0.11980868875980377,0.2399279773235321,0.43056315183639526,-0.11982111632823944,0.2359919250011444,0.41090044379234314,-0.12052007019519806,0.23589828610420227,0.40713241696357727,-0.12054161727428436,0.23595206439495087,0.40326768159866333,-0.1205870509147644,0.2492850124835968,0.4356077313423157,-0.16722476482391357,0.24206015467643738,0.4024304151535034,-0.16991090774536133,0.24601301550865173,0.4165659546852112,-0.110334612429142,0.2466277778148651,0.4093504548072815,-0.11131580919027328,0.2865827679634094,0.45575234293937683,-0.17071034014225006,0.2671906650066376,0.3526739478111267,-0.16409426927566528,0.3077292740345001,0.503986656665802,-0.12033726274967194,0.273488312959671,0.2949908673763275,-0.09245365113019943,0.2789495587348938,0.5359655022621155,-0.09082040935754776,0.2572872042655945,0.2728421092033386,-0.06506595760583878,0.2737947106361389,0.5564721822738647,-0.10689638555049896,0.2582026422023773,0.2691170573234558,-0.08011768758296967,0.26697954535484314,0.5499233603477478,-0.11733843386173248,0.2561086416244507,0.2800906300544739,-0.0903068408370018,0.26939651370048523,0.5438743233680725,-0.09553859382867813,0.2571377158164978,0.2859368324279785,-0.0691998153924942,0.3298379182815552,0.39036890864372253,-0.001191306160762906,0.3162514269351959,0.34291836619377136,0.0010784049518406391,0.3070884048938751,0.42210134863853455,0.12303372472524643,0.2803625464439392,0.373898446559906,0.14659184217453003,0.30814865231513977,0.43334752321243286,0.3101416230201721,0.28789934515953064,0.3849509060382843,0.3277628421783447,0.31213676929473877,0.43098852038383484,0.3313048183917999,0.2922978401184082,0.3818216621875763,0.34726443886756897,0.2928421199321747,0.44797033071517944,0.33271580934524536,0.27808114886283875,0.3978378176689148,0.35396844148635864
0523,./images/114/frame_00523.jpg,Fall,0.23881395161151886,0.4194500744342804,-0.09538549184799194,0.23861876130104065,0.42585450410842896,-0.11691386997699738,0.23971828818321228,0.4292866289615631,-0.11692670732736588,0.2406611442565918,0.4372907876968384,-0.1169319599866867,0.23643788695335388,0.41496145725250244,-0.11473923921585083,0.2362453043460846,0.4110865294933319,-0.11477544158697128,0.23619219660758972,0.4071408212184906,-0.11482121795415878,0.2500792443752289,0.43401408195495605,-0.16587118804454803,0.24222061038017273,0.40293383598327637,-0.15609443187713623,0.24696016311645508,0.4206862449645996,-0.10619248449802399,0.24759581685066223,0.4134906828403473,-0.1032937616109848,0.2882360816001892,0.45311999320983887,-0.16440503299236298,0.26651033759117126,0.3487055003643036,-0.1415823996067047,0.3076089024543762,0.5036191940307617,-0.12911558151245117,0.2783680856227875,0.2964608669281006,-0.0668250322341919,0.2813284993171692,0.5374533534049988,-0.11539734899997711,0.2703768014907837,0.303142786026001,-0.023926936089992523,0.2731626629829407,0.5562387704849243,-0.1358354389667511,0.26752322912216187,0.297476589679718,-0.032244399189949036,0.2667408883571625,0.549691915512085,-0.14187957346439362,0.2679273784160614,0.3102676272392273,-0.0434938408434391,0.26930442452430725,0.5439966320991516,-0.11881516128778458,0.27002593874931335,0.3161216676235199,-0.028067592531442642,0.3307730555534363,0.390200674533844,-0.002637008437886834,0.31756168603897095,0.3429620862007141,0.0025835183914750814,0.30737441778182983,0.4275584816932678,0.11202661693096161,0.2806755006313324,0.3794356882572174,0.1427905410528183,0.30945077538490295,0.4351408779621124,0.2994106113910675,0.29423436522483826,0.3974386751651764,0.3233906924724579,0.3141624629497528,0.4312728941440582,0.32024645805358887,0.29991063475608826,0.3948042094707489,0.342901349067688,0.29248663783073425,0.45586106181144714,0.32504594326019287,0.284258633852005,0.41584035754203796,0.3532989025115967
0524,./images/114/frame_00524.jpg,Fall,0.23885712027549744,0.4199146628379822,-0.10459063202142715,0.23913247883319855,0.42830488085746765,-0.12429145723581314,0.24027840793132782,0.4325559735298157,-0.12431079149246216,0.24140004813671112,0.4375336170196533,-0.12432634830474854,0.23679430782794952,0.4165129065513611,-0.12228932231664658,0.23647165298461914,0.41210195422172546,-0.12231747806072235,0.23629435896873474,0.40856173634529114,-0.12236571311950684,0.24798372387886047,0.4360772371292114,-0.16760769486427307,0.24051828682422638,0.40214285254478455,-0.15875528752803802,0.24760954082012177,0.4254774749279022,-0.1138594001531601,0.24730174243450165,0.4133937954902649,-0.11138568073511124,0.28757303953170776,0.4512479901313782,-0.1623876392841339,0.2657994031906128,0.34990718960762024,-0.14464008808135986,0.3077623248100281,0.49998778104782104,-0.1248442530632019,0.2685456871986389,0.29861000180244446,-0.08144116401672363,0.2816212475299835,0.5380611419677734,-0.09860207140445709,0.2636745572090149,0.2886963188648224,-0.04140404239296913,0.27540865540504456,0.5519355535507202,-0.11661960184574127,0.2606119215488434,0.27994731068611145,-0.05028899386525154,0.2686774432659149,0.5450381636619568,-0.1234564408659935,0.25932565331459045,0.28829944133758545,-0.05875084921717644,0.2717933654785156,0.5413161516189575,-0.10148743540048599,0.26128867268562317,0.29420915246009827,-0.044232528656721115,0.33071085810661316,0.39146435260772705,-0.0030331755988299847,0.3165767788887024,0.34302181005477905,0.0029897219501435757,0.30664533376693726,0.4239915609359741,0.10347354412078857,0.2759450376033783,0.37819427251815796,0.1430860012769699,0.30639389157295227,0.4267106354236603,0.28821301460266113,0.29248857498168945,0.3967202603816986,0.3114539384841919,0.3100779056549072,0.4230690896511078,0.30880436301231384,0.2990981340408325,0.39493489265441895,0.3293331265449524,0.29021695256233215,0.4440966844558716,0.313107430934906,0.2826891541481018,0.41487830877304077,0.3356429934501648
0525,./images/114/frame_00525.jpg,Fall,0.23918291926383972,0.41346678137779236,-0.09245055913925171,0.23887774348258972,0.41986241936683655,-0.11536639928817749,0.2403455525636673,0.42821604013442993,-0.11539629846811295,0.24187254905700684,0.43230459094047546,-0.11542173475027084,0.23806416988372803,0.41169285774230957,-0.11374678462743759,0.23772577941417694,0.4076744019985199,-0.11376478523015976,0.2374681979417801,0.40435367822647095,-0.11380910873413086,0.24776145815849304,0.4323403537273407,-0.17205148935317993,0.2408561408519745,0.3973779082298279,-0.16458117961883545,0.24809932708740234,0.42297863960266113,-0.10701186954975128,0.24735920131206512,0.4092044532299042,-0.1049896851181984,0.28744247555732727,0.45164307951927185,-0.1691870391368866,0.2658683657646179,0.3484875559806824,-0.15921461582183838,0.30764278769493103,0.5009369254112244,-0.12268231064081192,0.2675723135471344,0.2980427145957947,-0.10330488532781601,0.2808398902416229,0.5358080267906189,-0.09267010539770126,0.2512038052082062,0.26053985953330994,-0.08385735750198364,0.2753433287143707,0.5526325106620789,-0.11348824203014374,0.25201311707496643,0.24839931726455688,-0.1005101203918457,0.2684917747974396,0.5457015037536621,-0.1217028945684433,0.25142326951026917,0.26136699318885803,-0.11081856489181519,0.2714656591415405,0.5416567325592041,-0.09641487151384354,0.2533666491508484,0.2683562636375427,-0.08813031762838364,0.3306663930416107,0.3940897583961487,-0.0032067536376416683,0.3162216544151306,0.3435521721839905,0.0031657200306653976,0.3052929937839508,0.4186483919620514,0.12113894522190094,0.278281033039093,0.37748217582702637,0.15838554501533508,0.3065851330757141,0.4306613504886627,0.3086617588996887,0.29316726326942444,0.3966394066810608,0.33469173312187195,0.3105900287628174,0.4294927716255188,0.32920169830322266,0.2990303039550781,0.39586275815963745,0.35321637988090515,0.290882408618927,0.44428956508636475,0.3238779604434967,0.2825428545475006,0.40895140171051025,0.35197120904922485
0526,./images/114/frame_00526.jpg,Fall,0.23920950293540955,0.40492066740989685,-0.09624173492193222,0.23864826560020447,0.411347359418869,-0.11850360780954361,0.23974263668060303,0.41616490483283997,-0.11853901296854019,0.24085751175880432,0.42022159695625305,-0.11856289952993393,0.2377077043056488,0.39965787529945374,-0.1180630698800087,0.23836609721183777,0.3982049822807312,-0.118081234395504,0.2381099909543991,0.39507967233657837,-0.1181233748793602,0.24826471507549286,0.42487475275993347,-0.17257383465766907,0.2409469187259674,0.3906232714653015,-0.16849610209465027,0.24677570164203644,0.40999239683151245,-0.1092543825507164,0.24740192294120789,0.3999537229537964,-0.10875038057565689,0.2848549485206604,0.45111045241355896,-0.17095808684825897,0.26678451895713806,0.3451288342475891,-0.16507691144943237,0.3057582378387451,0.5005859732627869,-0.12257291376590729,0.26711252331733704,0.29237303137779236,-0.11521254479885101,0.28063055872917175,0.5367284417152405,-0.09339075535535812,0.2522431015968323,0.25221648812294006,-0.10456837713718414,0.2751072943210602,0.552967369556427,-0.11593762785196304,0.2540722191333771,0.2364165037870407,-0.12434933334589005,0.26809409260749817,0.546040415763855,-0.12452006340026855,0.25089752674102783,0.24133680760860443,-0.13410913944244385,0.27078157663345337,0.5415701270103455,-0.09748966991901398,0.25108009576797485,0.24644574522972107,-0.10882480442523956,0.3295227289199829,0.39567238092422485,-0.00301048019900918,0.31669947504997253,0.3435617983341217,0.002999226562678814,0.3020039200782776,0.4090116322040558,0.13205702602863312,0.28388020396232605,0.3669230043888092,0.15888819098472595,0.3064328134059906,0.42096757888793945,0.30991441011428833,0.29381877183914185,0.3853081464767456,0.3342350721359253,0.3107631504535675,0.41996535658836365,0.3295440375804901,0.29877805709838867,0.38565927743911743,0.35263198614120483,0.2915953993797302,0.43123871088027954,0.32467833161354065,0.2823852300643921,0.39195072650909424,0.3518601059913635
0527,./images/114/frame_00527.jpg,Fall,0.23926803469657898,0.4036431908607483,-0.09047902375459671,0.23843960464000702,0.4095442593097687,-0.11275623738765717,0.23939187824726105,0.4134663939476013,-0.11278915405273438,0.24117827415466309,0.42464718222618103,-0.1128089651465416,0.23732125759124756,0.3983663320541382,-0.11221828311681747,0.23769593238830566,0.39504188299179077,-0.11224397271871567,0.23761042952537537,0.39131978154182434,-0.11229567229747772,0.24680344760417938,0.4270886182785034,-0.16839691996574402,0.24100609123706818,0.38958558440208435,-0.16529875993728638,0.24696879088878632,0.41370901465415955,-0.10412576049566269,0.24752509593963623,0.40153422951698303,-0.10345276445150375,0.2843641936779022,0.44863030314445496,-0.17042264342308044,0.2667877674102783,0.34294113516807556,-0.16398006677627563,0.3051700294017792,0.497896671295166,-0.13250042498111725,0.267179012298584,0.2925359606742859,-0.10929235070943832,0.2801496982574463,0.5368039608001709,-0.1298276036977768,0.2519780397415161,0.2557890713214874,-0.09040219336748123,0.27473345398902893,0.5540723204612732,-0.15582223236560822,0.2536553144454956,0.24002882838249207,-0.10821987688541412,0.2676963210105896,0.5470453500747681,-0.16226056218147278,0.25197213888168335,0.24966661632061005,-0.11869262158870697,0.2704625427722931,0.5422360897064209,-0.13399575650691986,0.25324100255966187,0.2561682164669037,-0.09478336572647095,0.32917702198028564,0.3969092071056366,-0.0029576681554317474,0.3174651563167572,0.34345555305480957,0.002932230941951275,0.300082266330719,0.40705692768096924,0.12774500250816345,0.28364187479019165,0.3638586699962616,0.15584060549736023,0.3053444027900696,0.4182213246822357,0.3078659176826477,0.2922361493110657,0.37954750657081604,0.3301932215690613,0.3096839189529419,0.4166671633720398,0.32762610912323,0.2969973683357239,0.37925028800964355,0.3487674593925476,0.2901231646537781,0.43084242939949036,0.3223075866699219,0.2815832793712616,0.38567665219306946,0.3470955491065979
0528,./images/114/frame_00528.jpg,Fall,0.24039499461650848,0.4035627245903015,-0.10010099411010742,0.23850035667419434,0.4079365134239197,-0.12014800310134888,0.2396658957004547,0.411126971244812,-0.1201610118150711,0.24146175384521484,0.4252796173095703,-0.12016582489013672,0.23746725916862488,0.3977702260017395,-0.12058208882808685,0.2377346307039261,0.3943155109882355,-0.12060856819152832,0.23765888810157776,0.3906938433647156,-0.12065082788467407,0.2460860311985016,0.42590662837028503,-0.18033172190189362,0.24155671894550323,0.38204383850097656,-0.1676504909992218,0.24751444160938263,0.414978563785553,-0.10549123585224152,0.24776402115821838,0.4028262197971344,-0.11036858707666397,0.28068166971206665,0.443656325340271,-0.18175196647644043,0.2651691138744354,0.34557080268859863,-0.16463598608970642,0.30051523447036743,0.4925890564918518,-0.16801324486732483,0.2658562958240509,0.29469871520996094,-0.11728856712579727,0.27997684478759766,0.5375655889511108,-0.180535227060318,0.24981220066547394,0.25512322783470154,-0.09672676026821136,0.276471346616745,0.553844153881073,-0.20708191394805908,0.2485009878873825,0.24289748072624207,-0.11233033984899521,0.2695419192314148,0.5470256209373474,-0.21092331409454346,0.2454700469970703,0.24676382541656494,-0.11991922557353973,0.2703314423561096,0.5418761968612671,-0.18404802680015564,0.24654856324195862,0.25044533610343933,-0.0999540165066719,0.32822492718696594,0.39699968695640564,-0.007622380740940571,0.31739285588264465,0.34351712465286255,0.007498329039663076,0.29919368028640747,0.40537169575691223,0.11928607523441315,0.2823856770992279,0.3639586865901947,0.15898564457893372,0.3062445819377899,0.417741060256958,0.3036748766899109,0.2920110523700714,0.3815656900405884,0.3351326882839203,0.3111630082130432,0.4168552756309509,0.32390111684799194,0.29707011580467224,0.3818211555480957,0.3538287580013275,0.2924700975418091,0.4295482933521271,0.3181231915950775,0.28235989809036255,0.3867100179195404,0.35301631689071655
0529,./images/114/frame_00529.jpg,Fall,0.2395246922969818,0.4055261015892029,-0.1490406095981598,0.23747393488883972,0.40845590829849243,-0.1694696992635727,0.23826710879802704,0.41102442145347595,-0.1694878339767456,0.23942509293556213,0.4231583774089813,-0.16950629651546478,0.23611696064472198,0.399216890335083,-0.1657024323940277,0.23601531982421875,0.39595744013786316,-0.16574010252952576,0.23582978546619415,0.39256590604782104,-0.1657799780368805,0.2439529448747635,0.42212870717048645,-0.20998966693878174,0.239960715174675,0.3819776773452759,-0.19175826013088226,0.24614039063453674,0.4137287437915802,-0.15602895617485046,0.2461666315793991,0.40270423889160156,-0.15137039124965668,0.2755173146724701,0.4381481111049652,-0.19317755103111267,0.26124852895736694,0.3468155562877655,-0.17107455432415009,0.29724010825157166,0.4890803396701813,-0.20829550921916962,0.2642611861228943,0.29535648226737976,-0.12396594136953354,0.27819541096687317,0.5391379594802856,-0.25336283445358276,0.2482084035873413,0.2526516616344452,-0.10324592888355255,0.2764151096343994,0.556506335735321,-0.28629517555236816,0.2490738183259964,0.23900030553340912,-0.11920374631881714,0.2693710923194885,0.5503516793251038,-0.28779277205467224,0.24407944083213806,0.2440793216228485,-0.12773840129375458,0.26997655630111694,0.5454042553901672,-0.2568974196910858,0.2448258101940155,0.24756325781345367,-0.10661359876394272,0.3276713192462921,0.3918974697589874,-0.010562801733613014,0.31616050004959106,0.3446667790412903,0.010380282998085022,0.29969820380210876,0.4200195372104645,0.09884514659643173,0.2774966359138489,0.3606131672859192,0.15195828676223755,0.30508100986480713,0.4244535267353058,0.2983773946762085,0.2895400822162628,0.37972089648246765,0.3401148021221161,0.30887141823768616,0.4229356050491333,0.31956446170806885,0.2951287627220154,0.38096877932548523,0.3616562783718109,0.29129475355148315,0.4385494589805603,0.3193912208080292,0.2806033194065094,0.388104110956192,0.3700941801071167
0530,./images/114/frame_00530.jpg,Fall,0.24119141697883606,0.4064253568649292,-0.10255829244852066,0.23906011879444122,0.40701547265052795,-0.12451983988285065,0.23945792019367218,0.4091545045375824,-0.12453552335500717,0.23973509669303894,0.42073050141334534,-0.12455175071954727,0.23774226009845734,0.39901942014694214,-0.12144458293914795,0.23747459053993225,0.3961409330368042,-0.12148211896419525,0.23725852370262146,0.39313438534736633,-0.12154026329517365,0.2446555644273758,0.41865432262420654,-0.17663705348968506,0.24072782695293427,0.38296058773994446,-0.16165156662464142,0.24660618603229523,0.4115900695323944,-0.11465410888195038,0.24641072750091553,0.40130817890167236,-0.11050400882959366,0.27669739723205566,0.43425533175468445,-0.17472879588603973,0.2595171332359314,0.3467654883861542,-0.1576070487499237,0.2983786463737488,0.48673930764198303,-0.18355706334114075,0.2636851668357849,0.2964397966861725,-0.12953345477581024,0.27846914529800415,0.5405226349830627,-0.22035856544971466,0.24244681000709534,0.2605411410331726,-0.12400496006011963,0.2767718434333801,0.556920051574707,-0.2515324056148529,0.2380526065826416,0.2502191960811615,-0.14177824556827545,0.26914530992507935,0.5513098835945129,-0.25060948729515076,0.23650714755058289,0.2522839903831482,-0.14809274673461914,0.27040940523147583,0.5464786291122437,-0.22313769161701202,0.23781712353229523,0.25615042448043823,-0.12728440761566162,0.3276757299900055,0.38926446437835693,-0.010627174749970436,0.316031277179718,0.3457809090614319,0.0104750357568264,0.29607251286506653,0.40907037258148193,0.10045824944972992,0.273312509059906,0.3607044219970703,0.1507222205400467,0.3034820556640625,0.41807302832603455,0.286767840385437,0.28976184129714966,0.38214272260665894,0.3280112147331238,0.3084030747413635,0.41682010889053345,0.30655547976493835,0.29575473070144653,0.3838554918766022,0.3488345444202423,0.29012253880500793,0.43028420209884644,0.3006153702735901,0.28169214725494385,0.3885069489479065,0.35445141792297363
0531,./images/114/frame_00531.jpg,Fall,0.24200141429901123,0.4081413745880127,-0.07041478902101517,0.23907442390918732,0.4099910259246826,-0.08926480263471603,0.23943550884723663,0.4132159650325775,-0.08929938822984695,0.23981907963752747,0.42064815759658813,-0.08932019770145416,0.23779448866844177,0.40166425704956055,-0.08613862097263336,0.23749478161334991,0.3984193205833435,-0.08616943657398224,0.2372804433107376,0.39482298493385315,-0.08623777329921722,0.2451755255460739,0.4139080047607422,-0.1355515420436859,0.2408537119626999,0.3865041136741638,-0.12062513828277588,0.24653033912181854,0.41318023204803467,-0.08162887394428253,0.24660487473011017,0.40305545926094055,-0.07737039774656296,0.27580806612968445,0.43370747566223145,-0.14123067259788513,0.2586020827293396,0.348217248916626,-0.12064848095178604,0.29903697967529297,0.4859495460987091,-0.1692061722278595,0.26343271136283875,0.29706907272338867,-0.11649350821971893,0.2789674699306488,0.5425958633422852,-0.21426978707313538,0.24286453425884247,0.2601701617240906,-0.12442947924137115,0.2794885039329529,0.5666155219078064,-0.2450226992368698,0.2393142729997635,0.2494630664587021,-0.1420944631099701,0.26898181438446045,0.5513424277305603,-0.2433680295944214,0.23824067413806915,0.25144270062446594,-0.14692822098731995,0.2708398103713989,0.546686589717865,-0.21670086681842804,0.23910269141197205,0.25673365592956543,-0.1274861991405487,0.3272096514701843,0.38808032870292664,-0.01090233027935028,0.31599271297454834,0.3474114239215851,0.010746019892394543,0.2923113703727722,0.40267160534858704,0.09974795579910278,0.2727389633655548,0.3587809205055237,0.13272786140441895,0.30370837450027466,0.414101779460907,0.27390360832214355,0.29342570900917053,0.38079801201820374,0.2966070771217346,0.3096204400062561,0.41421711444854736,0.2923473119735718,0.30116283893585205,0.3836655020713806,0.3147594928741455,0.29057425260543823,0.42560097575187683,0.28454190492630005,0.28469160199165344,0.3849180042743683,0.31538864970207214
0532,./images/114/frame_00532.jpg,Fall,0.24072280526161194,0.4070033133029938,-0.0606997087597847,0.23705510795116425,0.40817350149154663,-0.08150094002485275,0.23705017566680908,0.4103474020957947,-0.08153025060892105,0.2381601631641388,0.41307640075683594,-0.08154123276472092,0.23625746369361877,0.3967951834201813,-0.07859625667333603,0.23589840531349182,0.39404740929603577,-0.07861804962158203,0.2356104552745819,0.39111441373825073,-0.07869022339582443,0.24255256354808807,0.4121769368648529,-0.1360187828540802,0.2391926795244217,0.38267379999160767,-0.12213708460330963,0.24380187690258026,0.4100523591041565,-0.07460888475179672,0.24469876289367676,0.3969641923904419,-0.0706942155957222,0.2742006480693817,0.43261459469795227,-0.14250142872333527,0.257196307182312,0.3485667109489441,-0.12439326196908951,0.29751908779144287,0.4837789237499237,-0.16889208555221558,0.2630438208580017,0.29670339822769165,-0.08900376409292221,0.27888885140419006,0.5431943535804749,-0.18820852041244507,0.24455270171165466,0.2580759823322296,-0.07260934263467789,0.27908840775489807,0.5691854953765869,-0.2169722616672516,0.24257168173789978,0.2457008957862854,-0.0863778218626976,0.26878365874290466,0.5516716241836548,-0.2166057825088501,0.24172082543373108,0.25315365195274353,-0.0940476655960083,0.270735502243042,0.5473381280899048,-0.1908172070980072,0.2424943745136261,0.2591734230518341,-0.0758298859000206,0.32720866799354553,0.3881022036075592,-0.010441293939948082,0.31595495343208313,0.3476355969905853,0.010297507978975773,0.2946659326553345,0.40100789070129395,0.10317989438772202,0.27298396825790405,0.3545360267162323,0.13622146844863892,0.3049379885196686,0.41496917605400085,0.2771042585372925,0.2929815649986267,0.3722212016582489,0.3045879602432251,0.3111976683139801,0.4151512682437897,0.2956984341144562,0.3001099228858948,0.3746097981929779,0.32298678159713745,0.29104235768318176,0.42742589116096497,0.2874796688556671,0.2837540805339813,0.3753114938735962,0.3233626186847687
0533,./images/114/frame_00533.jpg,Fall,0.240465447306633,0.3928152620792389,-0.060970813035964966,0.2370728701353073,0.39590322971343994,-0.08189421892166138,0.2373233586549759,0.398532897233963,-0.08192051947116852,0.2382139265537262,0.4009946584701538,-0.08193082362413406,0.23617947101593018,0.3868703544139862,-0.07996311038732529,0.23592956364154816,0.38404926657676697,-0.07999677211046219,0.2357081174850464,0.381098210811615,-0.08007696270942688,0.24335363507270813,0.4035080075263977,-0.1369079053401947,0.23932580649852753,0.373860627412796,-0.12748675048351288,0.24452395737171173,0.39580032229423523,-0.07499264925718307,0.24469800293445587,0.3872188627719879,-0.07241245359182358,0.2757743000984192,0.43141353130340576,-0.14172300696372986,0.2597144842147827,0.34482914209365845,-0.12807899713516235,0.29829055070877075,0.486153781414032,-0.13281825184822083,0.26385968923568726,0.29647642374038696,-0.07832962274551392,0.27885347604751587,0.5451683402061462,-0.1455305516719818,0.25195765495300293,0.24971002340316772,-0.0469941720366478,0.2790565490722656,0.5694009065628052,-0.1703374832868576,0.25316470861434937,0.23566029965877533,-0.05893003195524216,0.26826849579811096,0.552907407283783,-0.17165620625019073,0.2504778504371643,0.2419285923242569,-0.06624050438404083,0.2707046568393707,0.548283576965332,-0.14792752265930176,0.25077515840530396,0.24945491552352905,-0.04960351064801216,0.32905471324920654,0.387006938457489,-0.009895650669932365,0.3161831796169281,0.3475891053676605,0.00975052360445261,0.29539135098457336,0.40321600437164307,0.10345524549484253,0.2736871838569641,0.35545647144317627,0.1365286111831665,0.3048594295978546,0.4166877865791321,0.2703186571598053,0.29248446226119995,0.3729686439037323,0.29719123244285583,0.3110756576061249,0.415879487991333,0.288532555103302,0.2993103861808777,0.3755965828895569,0.3144325017929077,0.29085773229599,0.4308100938796997,0.28224822878837585,0.2832193970680237,0.38006770610809326,0.3138118088245392
0534,./images/114/frame_00534.jpg,Fall,0.2412913739681244,0.3913409411907196,-0.05764172598719597,0.23772020637989044,0.3930758237838745,-0.0787874311208725,0.23756739497184753,0.40176430344581604,-0.07880793511867523,0.23818401992321014,0.4041704833507538,-0.07882533967494965,0.23688384890556335,0.3852863311767578,-0.07681732624769211,0.23660369217395782,0.3825719952583313,-0.07684604078531265,0.23639611899852753,0.3797394931316376,-0.07692043483257294,0.24227499961853027,0.4039947986602783,-0.13290803134441376,0.23944929242134094,0.37138208746910095,-0.12286995351314545,0.24474608898162842,0.3997798562049866,-0.07127916067838669,0.24498653411865234,0.3863523602485657,-0.06854528188705444,0.2730388045310974,0.42659661173820496,-0.13875852525234222,0.259407103061676,0.3422943949699402,-0.12278246879577637,0.295795202255249,0.4862504303455353,-0.15144051611423492,0.26291733980178833,0.2957504391670227,-0.0856449082493782,0.2783161997795105,0.5464796423912048,-0.1876174509525299,0.24430887401103973,0.2551194429397583,-0.08477011322975159,0.2786368131637573,0.5701714754104614,-0.21525244414806366,0.2394135445356369,0.24345055222511292,-0.0988551527261734,0.2676103115081787,0.556020200252533,-0.21395614743232727,0.23769596219062805,0.24693073332309723,-0.1047598272562027,0.2698313593864441,0.5511148571968079,-0.18955440819263458,0.23917050659656525,0.2525477409362793,-0.08741487562656403,0.32681283354759216,0.38580694794654846,-0.010456627234816551,0.31549498438835144,0.34643498063087463,0.010340970009565353,0.29424983263015747,0.4072106182575226,0.08178702741861343,0.27402645349502563,0.35992783308029175,0.11096562445163727,0.2989211678504944,0.4296749234199524,0.2426166534423828,0.2888171374797821,0.386671781539917,0.23991389572620392,0.30438050627708435,0.430165559053421,0.25944802165031433,0.29554465413093567,0.3915030062198639,0.253800630569458,0.2830650806427002,0.4460141062736511,0.24592232704162598,0.2776157259941101,0.3927744925022125,0.24513766169548035
0535,./images/114/frame_00535.jpg,Fall,0.2409788817167282,0.38707706332206726,-0.07892050594091415,0.23767122626304626,0.3890896141529083,-0.10052970796823502,0.23765771090984344,0.3995124399662018,-0.10052531957626343,0.2381066530942917,0.4016592800617218,-0.10053487867116928,0.2367650717496872,0.3806649148464203,-0.09571979939937592,0.2365502119064331,0.3777921795845032,-0.0957743376493454,0.23638561367988586,0.3748096525669098,-0.09583916515111923,0.2424124777317047,0.3962509036064148,-0.1538693606853485,0.23979394137859344,0.3663000762462616,-0.12866166234016418,0.24489662051200867,0.397553026676178,-0.09229526668787003,0.24500234425067902,0.382282555103302,-0.08617822080850601,0.27445703744888306,0.4261329174041748,-0.15631020069122314,0.26239681243896484,0.33829885721206665,-0.1298229992389679,0.29577794671058655,0.486459344625473,-0.15322263538837433,0.2635180354118347,0.29477623105049133,-0.08138784766197205,0.2775123715400696,0.5493348240852356,-0.17131170630455017,0.25184375047683716,0.24383018910884857,-0.051563799381256104,0.2783385217189789,0.5735585689544678,-0.1944892257452011,0.25397664308547974,0.2325635552406311,-0.06275279819965363,0.2660767436027527,0.5594264268875122,-0.19466784596443176,0.2519116997718811,0.23387400805950165,-0.07031793892383575,0.26837801933288574,0.5541998744010925,-0.17228803038597107,0.25114840269088745,0.23899304866790771,-0.053736865520477295,0.328313410282135,0.38566863536834717,-0.013652424328029156,0.3162006437778473,0.3436230421066284,0.013564974069595337,0.2946808934211731,0.4084698557853699,0.08833052217960358,0.2804297208786011,0.3605439364910126,0.14246675372123718,0.30272167921066284,0.4313566982746124,0.25907355546951294,0.29039186239242554,0.37966054677963257,0.29403355717658997,0.30977416038513184,0.4320986866950989,0.2769147753715515,0.2965202033519745,0.38222235441207886,0.31070882081985474,0.28395798802375793,0.44695231318473816,0.2667216658592224,0.2779536247253418,0.3846454918384552,0.3062970042228699
0536,./images/114/frame_00536.jpg,Fall,0.24097797274589539,0.3825850188732147,-0.08007900416851044,0.23773694038391113,0.3844563066959381,-0.10000072419643402,0.23778466880321503,0.3956247866153717,-0.10000908374786377,0.23822152614593506,0.39791107177734375,-0.10001363605260849,0.23677590489387512,0.3759995400905609,-0.09629238396883011,0.23655986785888672,0.3732345700263977,-0.09633158147335052,0.23642385005950928,0.3703596293926239,-0.09637432545423508,0.24320659041404724,0.3918491303920746,-0.1480676829814911,0.24038851261138916,0.3624081015586853,-0.1306762844324112,0.2450721710920334,0.39405393600463867,-0.09214575588703156,0.24514035880565643,0.37859073281288147,-0.08735766261816025,0.2757294774055481,0.42486000061035156,-0.14828160405158997,0.263202428817749,0.33700084686279297,-0.11359715461730957,0.29614487290382385,0.48118990659713745,-0.13310298323631287,0.2634946405887604,0.2959440350532532,-0.04931318014860153,0.2771630883216858,0.5491675138473511,-0.1318439245223999,0.24904493987560272,0.27422192692756653,0.00037117634201422334,0.27809515595436096,0.572023332118988,-0.15426483750343323,0.24426212906837463,0.2644462287425995,-0.004490116145461798,0.2651526927947998,0.5594006180763245,-0.15407758951187134,0.24283888936042786,0.2730230391025543,-0.014925961382687092,0.26767823100090027,0.5544406175613403,-0.132975772023201,0.2448524534702301,0.27903246879577637,-0.002442358760163188,0.330797404050827,0.38515833020210266,-0.01583205722272396,0.31652361154556274,0.34000203013420105,0.015828236937522888,0.2952171862125397,0.42224761843681335,0.06283394992351532,0.2744870185852051,0.36144670844078064,0.13267391920089722,0.2976216673851013,0.4549312889575958,0.21252930164337158,0.2793825566768646,0.37619760632514954,0.25157371163368225,0.3019804358482361,0.45842307806015015,0.22823002934455872,0.28378966450691223,0.37699541449546814,0.2646077275276184,0.28017672896385193,0.4734211266040802,0.21116474270820618,0.26974767446517944,0.3847435712814331,0.2521870732307434
0537,./images/114/frame_00537.jpg,Fall,0.24065467715263367,0.3870037794113159,-0.1356234848499298,0.23779837787151337,0.3898945152759552,-0.15375158190727234,0.2378728687763214,0.39484402537345886,-0.15376296639442444,0.238315612077713,0.3972395062446594,-0.1537569910287857,0.236547589302063,0.3792572021484375,-0.14538738131523132,0.23628802597522736,0.3763137757778168,-0.1454407423734665,0.2360878735780716,0.3732627332210541,-0.14547502994537354,0.24364984035491943,0.3902445435523987,-0.1923784762620926,0.2404378205537796,0.36246758699417114,-0.15383057296276093,0.24480414390563965,0.39499104022979736,-0.14495790004730225,0.2451297491788864,0.38219448924064636,-0.13418766856193542,0.28029677271842957,0.42031607031822205,-0.1871190369129181,0.2631322741508484,0.3342474699020386,-0.11254581063985825,0.2957986891269684,0.4818175137042999,-0.18661406636238098,0.2637564539909363,0.29738280177116394,-0.02030460722744465,0.27609845995903015,0.5520668029785156,-0.1948009580373764,0.25561171770095825,0.3075999617576599,0.05900537222623825,0.2754206955432892,0.5762214660644531,-0.22057311236858368,0.24969351291656494,0.30054575204849243,0.06334835290908813,0.2628520727157593,0.5635324716567993,-0.21975776553153992,0.24889922142028809,0.30932748317718506,0.052296318113803864,0.26651009917259216,0.5579553842544556,-0.19595833122730255,0.2517225444316864,0.31437885761260986,0.05718591809272766,0.3349017798900604,0.38299301266670227,-0.028002222999930382,0.3179512917995453,0.3397667109966278,0.028109069913625717,0.29551926255226135,0.44206148386001587,0.003908400423824787,0.27225834131240845,0.3655488193035126,0.10689618438482285,0.2956825792789459,0.5018185973167419,0.14399287104606628,0.274354487657547,0.37882524728775024,0.23204413056373596,0.2996121644973755,0.509691059589386,0.15739838778972626,0.2784881591796875,0.38000887632369995,0.2447930872440338,0.27796095609664917,0.5305808782577515,0.1252816617488861,0.2639833092689514,0.3950267732143402,0.22397318482398987
0538,./images/114/frame_00538.jpg,Fall,0.2374146729707718,0.3736703097820282,-0.07932623475790024,0.23520568013191223,0.3755203187465668,-0.09312727302312851,0.235673189163208,0.37831053137779236,-0.09313928335905075,0.23622795939445496,0.38088032603263855,-0.09310190379619598,0.2341705858707428,0.3673725426197052,-0.08791879564523697,0.2340032309293747,0.36475670337677,-0.08798272162675858,0.23386795818805695,0.3620266020298004,-0.08802298456430435,0.2425563782453537,0.38338759541511536,-0.13111552596092224,0.23813721537590027,0.3569146990776062,-0.1079104095697403,0.24320118129253387,0.3790181875228882,-0.0902586504817009,0.24245980381965637,0.37107980251312256,-0.08338332176208496,0.2783895432949066,0.41983914375305176,-0.13830213248729706,0.2630435824394226,0.3318530321121216,-0.07241109013557434,0.29462042450904846,0.4809810519218445,-0.1499013900756836,0.2660906910896301,0.29671531915664673,0.011489491909742355,0.27529507875442505,0.5530616044998169,-0.16534145176410675,0.25976550579071045,0.29892173409461975,0.09525471925735474,0.27523866295814514,0.5769233107566833,-0.18490630388259888,0.25622087717056274,0.2895236015319824,0.10338566452264786,0.26258644461631775,0.563628613948822,-0.18169935047626495,0.2531750202178955,0.29269757866859436,0.09664402902126312,0.26591891050338745,0.5584838390350342,-0.16480180621147156,0.2548566162586212,0.2972714602947235,0.0952613577246666,0.3365599513053894,0.3814191520214081,-0.03072809800505638,0.3202689290046692,0.3383643627166748,0.03074967861175537,0.29486966133117676,0.4459364116191864,-0.05185501649975777,0.271625816822052,0.3656054735183716,0.09475032985210419,0.28533416986465454,0.5336627960205078,0.01375407725572586,0.26195040345191956,0.3872711658477783,0.15694966912269592,0.2873036861419678,0.5462867021560669,0.0198664553463459,0.26395997405052185,0.39232325553894043,0.16234809160232544,0.2672547399997711,0.5590541958808899,-0.025203734636306763,0.25120657682418823,0.3972409665584564,0.1353904902935028
0539,./images/114/frame_00539.jpg,Fall,0.2375696450471878,0.3659384846687317,-0.03017323650419712,0.23537790775299072,0.3677424490451813,-0.04321043938398361,0.23583468794822693,0.36993932723999023,-0.043208882212638855,0.23636981844902039,0.3721715211868286,-0.043171025812625885,0.2343779355287552,0.3613090515136719,-0.039132364094257355,0.23422536253929138,0.3593098223209381,-0.03918341547250748,0.2340892106294632,0.35718658566474915,-0.03923249989748001,0.24256984889507294,0.3761169910430908,-0.0828196108341217,0.23850145936012268,0.35306456685066223,-0.06310560554265976,0.24341745674610138,0.37023621797561646,-0.04190520569682121,0.24282166361808777,0.3654214143753052,-0.03638557344675064,0.27515390515327454,0.4124371409416199,-0.0968298465013504,0.2636386454105377,0.3264026939868927,-0.037224236875772476,0.29038676619529724,0.47526630759239197,-0.09803871065378189,0.2685481905937195,0.2961701452732086,0.03478800505399704,0.2760273516178131,0.5418504476547241,-0.0934193879365921,0.2579910159111023,0.2755233943462372,0.11410544812679291,0.27599620819091797,0.5639616250991821,-0.10714191198348999,0.2548361122608185,0.2664740979671478,0.1249203234910965,0.2680426239967346,0.5596562027931213,-0.10162761062383652,0.25336918234825134,0.2876366674900055,0.12103763967752457,0.2680283784866333,0.5514581203460693,-0.09119169414043427,0.25477784872055054,0.29150518774986267,0.1151520162820816,0.33564120531082153,0.3788435161113739,-0.03156633675098419,0.3212166428565979,0.33406147360801697,0.03145575150847435,0.2927494943141937,0.4520130157470703,-0.05701599642634392,0.27785560488700867,0.3612878620624542,0.09364623576402664,0.2723388075828552,0.5539557337760925,-0.04513854533433914,0.26071465015411377,0.3860151171684265,0.16273757815361023,0.27423909306526184,0.5675790309906006,-0.04421645402908325,0.26085302233695984,0.39224565029144287,0.16954950988292694,0.2475706785917282,0.5700482726097107,-0.09471462666988373,0.2495136260986328,0.3907409608364105,0.14979413151741028
0540,./images/114/frame_00540.jpg,Fall,0.2377696931362152,0.35520225763320923,-0.042974911630153656,0.23563821613788605,0.3589984178543091,-0.05566702410578728,0.23605534434318542,0.3615158498287201,-0.05566645786166191,0.2361174076795578,0.37126925587654114,-0.05563519150018692,0.23453886806964874,0.35247859358787537,-0.05372491478919983,0.23459474742412567,0.3506746292114258,-0.053785789757966995,0.23469278216362,0.34875038266181946,-0.0538458451628685,0.24264104664325714,0.371076762676239,-0.09147877991199493,0.23993948101997375,0.34748682379722595,-0.081230029463768,0.2434472292661667,0.3652661144733429,-0.0532006099820137,0.24290907382965088,0.355192095041275,-0.050358809530735016,0.27443814277648926,0.4107200503349304,-0.09950347989797592,0.26502424478530884,0.3202263414859772,-0.054373353719711304,0.28865182399749756,0.46431440114974976,-0.08335897326469421,0.27093976736068726,0.2939281761646271,0.013654363341629505,0.27616527676582336,0.523489236831665,-0.0686633288860321,0.25577956438064575,0.25521552562713623,0.08399154990911484,0.2770213484764099,0.5443643927574158,-0.08154678344726562,0.2544237971305847,0.2417001873254776,0.09183155745267868,0.27055224776268005,0.5420839190483093,-0.0784967839717865,0.2503708600997925,0.2468588501214981,0.08628048002719879,0.26923996210098267,0.5332812666893005,-0.06712383031845093,0.2506055235862732,0.2520911395549774,0.08428962528705597,0.335768461227417,0.37727826833724976,-0.028011560440063477,0.32437482476234436,0.33371928334236145,0.027895931154489517,0.29294127225875854,0.452433705329895,-0.047450434416532516,0.27686136960983276,0.3563987612724304,0.08681178838014603,0.2707768976688385,0.5534395575523376,-0.02466311678290367,0.2592657804489136,0.37805065512657166,0.15048924088478088,0.27713742852211,0.5721691846847534,-0.022819260135293007,0.25987955927848816,0.3826232850551605,0.15572921931743622,0.2464836835861206,0.5683658123016357,-0.07740189135074615,0.24886095523834229,0.3790895342826843,0.12775368988513947
0541,./images/114/frame_00541.jpg,Fall,0.23879452049732208,0.3543660342693329,-0.043733227998018265,0.23640933632850647,0.3575077950954437,-0.05741168186068535,0.23674723505973816,0.36631661653518677,-0.05739188194274902,0.2366219311952591,0.370391309261322,-0.05733969062566757,0.23556843400001526,0.35018813610076904,-0.05515138432383537,0.2367958128452301,0.3498448431491852,-0.0552079901099205,0.23697344958782196,0.3470197319984436,-0.05527200177311897,0.24280408024787903,0.3695778250694275,-0.09642399102449417,0.24051232635974884,0.3432833254337311,-0.08527635037899017,0.24389317631721497,0.3659348785877228,-0.054953157901763916,0.24420936405658722,0.3544166684150696,-0.05195924639701843,0.27422288060188293,0.40679237246513367,-0.1048169732093811,0.2657572031021118,0.31863611936569214,-0.06263341754674911,0.28839537501335144,0.46493780612945557,-0.10166041553020477,0.2691096365451813,0.28905630111694336,0.0009388522012159228,0.2742767930030823,0.5260054469108582,-0.10322169959545135,0.2517926096916199,0.24885201454162598,0.06894820928573608,0.27453190088272095,0.5516678690910339,-0.11896716058254242,0.2528427243232727,0.2355823665857315,0.07440629601478577,0.26587000489234924,0.5454174876213074,-0.11503124237060547,0.24689993262290955,0.23996131122112274,0.06942307949066162,0.26686257123947144,0.5336124300956726,-0.10196314752101898,0.2467450648546219,0.24499480426311493,0.06922892481088638,0.33540087938308716,0.37747323513031006,-0.025810042396187782,0.3231762647628784,0.3339301347732544,0.02572045661509037,0.2914617657661438,0.4487752616405487,-0.038782473653554916,0.2698902189731598,0.34911879897117615,0.07591371238231659,0.27104923129081726,0.5478981733322144,-0.006797080393880606,0.26196104288101196,0.3695952594280243,0.1329280585050583,0.272397518157959,0.5617386102676392,-0.003998712636530399,0.26450204849243164,0.374267041683197,0.13760973513126373,0.2575477361679077,0.5641860961914062,-0.054223913699388504,0.2528156340122223,0.369720458984375,0.11256717145442963
0542,./images/114/frame_00542.jpg,Fall,0.23886017501354218,0.34744375944137573,-0.04750102385878563,0.23644058406352997,0.3515542447566986,-0.059331201016902924,0.23679566383361816,0.35495761036872864,-0.059323083609342575,0.2367313802242279,0.36566925048828125,-0.059291888028383255,0.2360200583934784,0.34494778513908386,-0.057753659784793854,0.23739004135131836,0.3443153202533722,-0.05781710147857666,0.23769381642341614,0.34136098623275757,-0.05787142366170883,0.2427888810634613,0.3648599088191986,-0.09110242873430252,0.24166437983512878,0.34089750051498413,-0.08243647962808609,0.2439587116241455,0.35933688282966614,-0.05644311383366585,0.24438849091529846,0.34915590286254883,-0.054050952196121216,0.2706356644630432,0.4020785093307495,-0.0930996760725975,0.2665364444255829,0.31553396582603455,-0.054304786026477814,0.283569872379303,0.4540126323699951,-0.052627723664045334,0.26892563700675964,0.2892741858959198,0.013062593527138233,0.27367961406707764,0.49896863102912903,-0.008260302245616913,0.25134870409965515,0.25086158514022827,0.08065097033977509,0.27449291944503784,0.5164459347724915,-0.015947433188557625,0.25121229887008667,0.23837998509407043,0.08822326362133026,0.2679388225078583,0.5131072402000427,-0.015382746234536171,0.24606475234031677,0.24152368307113647,0.08025170862674713,0.2670672535896301,0.50520259141922,-0.006919730454683304,0.24556303024291992,0.24755915999412537,0.07993809133768082,0.333719938993454,0.37656334042549133,-0.025976529344916344,0.32402998208999634,0.3332970142364502,0.02584589459002018,0.28969064354896545,0.4507054090499878,-0.04269297420978546,0.2679058313369751,0.3517857491970062,0.0786314457654953,0.2708335220813751,0.5463871955871582,-0.019500374794006348,0.26381292939186096,0.3729090094566345,0.1439845860004425,0.2719675898551941,0.5622402429580688,-0.017439529299736023,0.26722508668899536,0.37665870785713196,0.1495208740234375,0.24963204562664032,0.5665323138237,-0.06444190442562103,0.2549437880516052,0.37540820240974426,0.12763632833957672
0543,./images/114/frame_00543.jpg,Fall,0.23884420096874237,0.34523680806159973,-0.038838230073451996,0.23593071103096008,0.34849056601524353,-0.053143661469221115,0.23622116446495056,0.35114192962646484,-0.053133487701416016,0.23629295825958252,0.35474565625190735,-0.05311865732073784,0.23566165566444397,0.34179234504699707,-0.04941931739449501,0.23734983801841736,0.3387768566608429,-0.04949933663010597,0.23761673271656036,0.3361246883869171,-0.04955483227968216,0.2415509968996048,0.3591364622116089,-0.09435249119997025,0.24118073284626007,0.33359450101852417,-0.07626021653413773,0.24348337948322296,0.35526686906814575,-0.05114137381315231,0.24433019757270813,0.344805508852005,-0.046164579689502716,0.26960018277168274,0.39593422412872314,-0.10432189702987671,0.26624029874801636,0.31413090229034424,-0.04235125705599785,0.2790619432926178,0.4485113322734833,-0.06234525516629219,0.2666909098625183,0.2877848148345947,0.049838192760944366,0.2679845690727234,0.4839920401573181,-0.014273831620812416,0.2481667697429657,0.2504308521747589,0.12476013600826263,0.2696209251880646,0.499409019947052,-0.02158275619149208,0.24925759434700012,0.23884722590446472,0.13510403037071228,0.26525646448135376,0.49416252970695496,-0.025536904111504555,0.24412591755390167,0.24263110756874084,0.12551084160804749,0.2635939419269562,0.48780393600463867,-0.014785307459533215,0.2437034398317337,0.24722625315189362,0.12377629429101944,0.3334999680519104,0.37493234872817993,-0.03669631853699684,0.32367247343063354,0.3339160680770874,0.036571845412254333,0.2880381941795349,0.4488925635814667,-0.06288626790046692,0.26917070150375366,0.3729436993598938,0.06479094177484512,0.2695541977882385,0.5494648218154907,-0.04052780941128731,0.2623491883277893,0.43088534474372864,0.10093002021312714,0.27101513743400574,0.5648912787437439,-0.03873004764318466,0.2656868100166321,0.44220712780952454,0.10262347757816315,0.24625083804130554,0.5682681798934937,-0.09372825920581818,0.24975767731666565,0.4341050088405609,0.06298692524433136
0544,./images/114/frame_00544.jpg,Fall,0.2388639897108078,0.34409335255622864,-0.06612841039896011,0.2360152006149292,0.34656938910484314,-0.08156203478574753,0.2363050878047943,0.3540340065956116,-0.08157053589820862,0.23639969527721405,0.35701751708984375,-0.08157146722078323,0.23569028079509735,0.3394244611263275,-0.0760263055562973,0.23704341053962708,0.3369884192943573,-0.07614558935165405,0.2381037473678589,0.3320205807685852,-0.07619210332632065,0.24178114533424377,0.3564413785934448,-0.12266254425048828,0.24132481217384338,0.330512672662735,-0.09372372180223465,0.24352630972862244,0.35595354437828064,-0.07859261333942413,0.2447809875011444,0.34278619289398193,-0.07135616987943649,0.2708316445350647,0.39706623554229736,-0.13151915371418,0.26720261573791504,0.3101121485233307,-0.0631202682852745,0.2788826823234558,0.45627954602241516,-0.09142204374074936,0.27117496728897095,0.27907779812812805,0.03551676124334335,0.26840123534202576,0.5367308855056763,-0.062271248549222946,0.25508013367652893,0.25870004296302795,0.1414874792098999,0.26488634943962097,0.548319935798645,-0.07263441383838654,0.25572410225868225,0.24318012595176697,0.1547425538301468,0.26089268922805786,0.5478072166442871,-0.07377876341342926,0.2530951201915741,0.25911352038383484,0.1453045904636383,0.26178839802742004,0.5440694093704224,-0.06219618394970894,0.2521430552005768,0.2642759680747986,0.14111310243606567,0.3333338797092438,0.3757401406764984,-0.03530549630522728,0.32310155034065247,0.33600759506225586,0.03531625121831894,0.28280109167099,0.4468633830547333,-0.06700833141803741,0.26775336265563965,0.38732707500457764,0.04499010369181633,0.2693679928779602,0.5476991534233093,-0.0286320261657238,0.2619088292121887,0.46765387058258057,0.08121107518672943,0.2683214843273163,0.5610148310661316,-0.024869300425052643,0.2658580243587494,0.48134350776672363,0.08325241506099701,0.2477118968963623,0.5666992664337158,-0.07487227022647858,0.24958300590515137,0.4766216278076172,0.04313282668590546
0545,./images/114/frame_00545.jpg,Fall,0.23888123035430908,0.3405860364437103,-0.05941494181752205,0.23589906096458435,0.3428737223148346,-0.0755600556731224,0.2363629788160324,0.35051101446151733,-0.07554297894239426,0.23647530376911163,0.3539956212043762,-0.07555975019931793,0.23566052317619324,0.3361910879611969,-0.07034710794687271,0.23666629195213318,0.33390647172927856,-0.07045698165893555,0.23727647960186005,0.3310772776603699,-0.0705031082034111,0.2413589209318161,0.3522138297557831,-0.12134375423192978,0.2413666546344757,0.3264178931713104,-0.09560634940862656,0.24357779324054718,0.35165494680404663,-0.07360317558050156,0.2449287623167038,0.34079158306121826,-0.06653235852718353,0.269286572933197,0.3933008015155792,-0.1301182359457016,0.2672345042228699,0.30817940831184387,-0.060555826872587204,0.2769392430782318,0.4536062479019165,-0.07453799247741699,0.2680373191833496,0.28050661087036133,0.04638700932264328,0.26900410652160645,0.5015594959259033,0.014092639088630676,0.24921104311943054,0.2584965229034424,0.156195268034935,0.2656647861003876,0.5189224481582642,0.015075345523655415,0.25482606887817383,0.24388659000396729,0.17163001000881195,0.26578080654144287,0.5165113806724548,0.010913725011050701,0.25283828377723694,0.2502836585044861,0.16323688626289368,0.2633199095726013,0.5090292096138,0.014758134260773659,0.24852073192596436,0.2612549066543579,0.156579852104187,0.3304714560508728,0.37532874941825867,-0.036789216101169586,0.32092103362083435,0.3360227942466736,0.03678416460752487,0.27896469831466675,0.44601860642433167,-0.06420721858739853,0.2684447765350342,0.4111631214618683,0.03375982493162155,0.268033891916275,0.5472155213356018,-0.030313769355416298,0.268113374710083,0.5202189087867737,0.057536639273166656,0.2666718065738678,0.5633005499839783,-0.026873301714658737,0.267198383808136,0.5100759863853455,0.05814259126782417,0.24675126373767853,0.567577600479126,-0.07546669989824295,0.25007352232933044,0.5048033595085144,0.016889091581106186
0546,./images/114/frame_00546.jpg,Fall,0.23890545964241028,0.3368895351886749,-0.05986277386546135,0.23588263988494873,0.3387289047241211,-0.07596202194690704,0.23640021681785583,0.34611183404922485,-0.07594763487577438,0.23652954399585724,0.34959036111831665,-0.07595670968294144,0.23567640781402588,0.33193105459213257,-0.07129951566457748,0.2365950345993042,0.3297117352485657,-0.0713917538523674,0.2382144033908844,0.3244541883468628,-0.07144162058830261,0.24146874248981476,0.3487454652786255,-0.12119805812835693,0.24165460467338562,0.3217768967151642,-0.09766533970832825,0.24363739788532257,0.3486391603946686,-0.07314441353082657,0.24540817737579346,0.3378531038761139,-0.06661225110292435,0.2700675129890442,0.3979994058609009,-0.12916643917560577,0.26983413100242615,0.3041470944881439,-0.06015448644757271,0.27741652727127075,0.4570441246032715,-0.08079104125499725,0.27681711316108704,0.28320613503456116,0.04776187241077423,0.2679254412651062,0.5340275764465332,-0.0038799322210252285,0.2641903758049011,0.29767364263534546,0.16753825545310974,0.2640601396560669,0.5477383136749268,-0.005505252629518509,0.2667517066001892,0.2945919930934906,0.18619832396507263,0.26102274656295776,0.5473291873931885,-0.004586461931467056,0.26405689120292664,0.30338436365127563,0.17641666531562805,0.26265475153923035,0.5395589470863342,-0.0017576476093381643,0.2622600793838501,0.3074038028717041,0.16753968596458435,0.330599308013916,0.3788187801837921,-0.03480494022369385,0.3220432698726654,0.33593451976776123,0.034811463207006454,0.2784245014190674,0.44585907459259033,-0.04364456236362457,0.2686203122138977,0.403727263212204,0.05888611823320389,0.2670689821243286,0.5465900897979736,0.011458073742687702,0.2685604989528656,0.4844657778739929,0.12058818340301514,0.2714385390281677,0.5682307481765747,0.01639215089380741,0.272176057100296,0.49441859126091003,0.12574714422225952,0.2484670877456665,0.5669244527816772,-0.060527216643095016,0.25555869936943054,0.49794599413871765,0.09646689146757126
0547,./images/114/frame_00547.jpg,Fall,0.24009928107261658,0.3394821286201477,-0.06844618171453476,0.23675553500652313,0.3409135043621063,-0.08578000217676163,0.23711740970611572,0.34462547302246094,-0.08576753735542297,0.23710966110229492,0.3471521735191345,-0.08580644428730011,0.2358102798461914,0.331044465303421,-0.0794152244925499,0.23660704493522644,0.32871177792549133,-0.07951496541500092,0.23806293308734894,0.3256625533103943,-0.07953241467475891,0.24158188700675964,0.34703734517097473,-0.1300143152475357,0.24278172850608826,0.32026898860931396,-0.10002098232507706,0.24394865334033966,0.3473636507987976,-0.08101241290569305,0.245966836810112,0.3371228575706482,-0.07276758551597595,0.27008724212646484,0.3907162547111511,-0.13790760934352875,0.26949596405029297,0.3044593334197998,-0.05803421139717102,0.27880731225013733,0.4568912386894226,-0.08438103646039963,0.2664567828178406,0.28472673892974854,0.058774180710315704,0.26839035749435425,0.5180101990699768,0.014229307882487774,0.24384386837482452,0.2846429944038391,0.1852722465991974,0.26603779196739197,0.5475671291351318,0.01759663224220276,0.24455344676971436,0.27663519978523254,0.2051522433757782,0.26174670457839966,0.5456511974334717,0.014848366379737854,0.2396412342786789,0.28404074907302856,0.19615107774734497,0.2633363604545593,0.5384793877601624,0.016205793246626854,0.2410184144973755,0.2902196943759918,0.18598847091197968,0.3294527232646942,0.3783359229564667,-0.036798976361751556,0.3222787380218506,0.3366962671279907,0.036839671432971954,0.2775650918483734,0.44186875224113464,-0.05036211013793945,0.2713109850883484,0.41308826208114624,0.042959995567798615,0.26899006962776184,0.5415341854095459,0.0021796405781060457,0.27271533012390137,0.5172379612922668,0.07375814020633698,0.2706853151321411,0.5588154792785645,0.008063147775828838,0.27716803550720215,0.5217260718345642,0.07559962570667267,0.2508246898651123,0.5610231757164001,-0.024461988359689713,0.2595379054546356,0.529157817363739,0.05091991275548935
0548,./images/114/frame_00548.jpg,Fall,0.2421986162662506,0.3338225483894348,-0.07102348655462265,0.2394547164440155,0.3385038673877716,-0.08786523342132568,0.23930415511131287,0.34138646721839905,-0.08785943686962128,0.23910793662071228,0.34390726685523987,-0.08788526803255081,0.23832111060619354,0.3278541564941406,-0.08318521082401276,0.23864416778087616,0.32555022835731506,-0.08328604698181152,0.23921556770801544,0.3230303227901459,-0.08332037925720215,0.24314972758293152,0.3449787497520447,-0.13053950667381287,0.24489840865135193,0.3186284601688385,-0.10853632539510727,0.2472245693206787,0.3449743688106537,-0.08303283154964447,0.2490730732679367,0.33503594994544983,-0.07691299170255661,0.2725841701030731,0.39296281337738037,-0.1359267383813858,0.27192050218582153,0.30296990275382996,-0.061386220157146454,0.2799411416053772,0.45876914262771606,-0.07593558728694916,0.2669175863265991,0.28752318024635315,0.04627494886517525,0.26903945207595825,0.5187993049621582,0.01844659075140953,0.24824102222919464,0.28037676215171814,0.1623719036579132,0.26644980907440186,0.5505115985870361,0.02045455388724804,0.24938473105430603,0.27254635095596313,0.17929035425186157,0.26163873076438904,0.5497625470161438,0.016340913251042366,0.2448977679014206,0.28079041838645935,0.1705298125743866,0.2635876536369324,0.5426035523414612,0.01952076517045498,0.24484992027282715,0.28633958101272583,0.16281317174434662,0.33123141527175903,0.37940409779548645,-0.03522064536809921,0.3258053958415985,0.3402453362941742,0.0352477952837944,0.2800338864326477,0.4401329457759857,-0.05186261609196663,0.273983895778656,0.41104239225387573,0.04321907460689545,0.2702987790107727,0.5383689999580383,0.011218230240046978,0.27445054054260254,0.5161882638931274,0.0826762244105339,0.2711174786090851,0.5545022487640381,0.017814012244343758,0.27996981143951416,0.5234090089797974,0.08508358895778656,0.25612762570381165,0.5602285265922546,-0.016647282987833023,0.2640012502670288,0.529600977897644,0.05291787534952164
0549,./images/114/frame_00549.jpg,Fall,0.24279043078422546,0.333263099193573,-0.06951692700386047,0.24036875367164612,0.33706170320510864,-0.08606914430856705,0.2400926649570465,0.3395477533340454,-0.08606460690498352,0.23982763290405273,0.34245848655700684,-0.08608455210924149,0.2391519844532013,0.3276442885398865,-0.08152797073125839,0.23941290378570557,0.3252895474433899,-0.08161982893943787,0.23977060616016388,0.32280170917510986,-0.08165866881608963,0.24334034323692322,0.34239184856414795,-0.13148459792137146,0.24534061551094055,0.3183387219905853,-0.10886027663946152,0.24822945892810822,0.34234702587127686,-0.08141650259494781,0.249982550740242,0.3336074948310852,-0.07546938955783844,0.27472859621047974,0.3936246335506439,-0.14245852828025818,0.27280423045158386,0.30156347155570984,-0.06368613243103027,0.28056544065475464,0.45906567573547363,-0.08434491604566574,0.26443177461624146,0.2878265082836151,0.03685780614614487,0.26882922649383545,0.5349635481834412,-0.010875171050429344,0.24491329491138458,0.26518967747688293,0.136957585811615,0.26497289538383484,0.5564388632774353,-0.012167672626674175,0.24253451824188232,0.25525039434432983,0.15014928579330444,0.26123201847076416,0.5539127588272095,-0.015466158278286457,0.24007491767406464,0.2597230076789856,0.14205460250377655,0.2634351849555969,0.5472202897071838,-0.009581668302416801,0.2405257225036621,0.26843440532684326,0.1370045244693756,0.3325310945510864,0.3797799348831177,-0.03746664151549339,0.32789096236228943,0.3401022255420685,0.0375060960650444,0.2830085754394531,0.4362949728965759,-0.05008187144994736,0.27388501167297363,0.4027981162071228,0.0686938464641571,0.2707481384277344,0.5336766839027405,0.04362579062581062,0.27905768156051636,0.4927206337451935,0.11998213827610016,0.2722271680831909,0.5437166690826416,0.052755068987607956,0.28527137637138367,0.5051239728927612,0.12349822372198105,0.2628236413002014,0.5427339673042297,0.027511630207300186,0.2704234719276428,0.5105032920837402,0.10391584783792496
0550,./images/114/frame_00550.jpg,Fall,0.24467730522155762,0.33600255846977234,-0.09358061850070953,0.2413693368434906,0.3367503583431244,-0.110198974609375,0.24115312099456787,0.3391724228858948,-0.11021260172128677,0.24101677536964417,0.3419473171234131,-0.11020807176828384,0.24115006625652313,0.3265950381755829,-0.10523056983947754,0.2413635551929474,0.32420623302459717,-0.1053144559264183,0.24158132076263428,0.3217321038246155,-0.1053537130355835,0.2444881945848465,0.3411385118961334,-0.14750303328037262,0.2471168488264084,0.3175032138824463,-0.12501151859760284,0.2498023957014084,0.34308648109436035,-0.10292289406061172,0.2509063184261322,0.33403483033180237,-0.09668847173452377,0.2766879200935364,0.3951338529586792,-0.15214884281158447,0.2761603593826294,0.30049195885658264,-0.0687282383441925,0.2806619703769684,0.45954522490501404,-0.11211556196212769,0.28744739294052124,0.30182451009750366,0.03666713088750839,0.26866552233695984,0.5371506810188293,-0.04517865180969238,0.2716590166091919,0.3082282245159149,0.13058850169181824,0.2645905613899231,0.5566978454589844,-0.05158893018960953,0.2716391980648041,0.3048218786716461,0.14268799126148224,0.2607378363609314,0.5531677007675171,-0.05021892860531807,0.26873868703842163,0.309749573469162,0.13505780696868896,0.2632867097854614,0.5460706353187561,-0.04265788942575455,0.26831620931625366,0.3131140172481537,0.13111308217048645,0.33587127923965454,0.3841661214828491,-0.036438748240470886,0.331385999917984,0.34057384729385376,0.03648577257990837,0.28405722975730896,0.4352307617664337,-0.018027817830443382,0.2746475636959076,0.3837459683418274,0.09528723359107971,0.2729552388191223,0.5254433155059814,0.09660547971725464,0.27897047996520996,0.44194692373275757,0.1865876019001007,0.27506715059280396,0.5382199287414551,0.10793497413396835,0.2838372588157654,0.4527067542076111,0.19505059719085693,0.26166781783103943,0.5384087562561035,0.08382777124643326,0.2716529965400696,0.456369012594223,0.17723217606544495
0551,./images/114/frame_00551.jpg,Fall,0.2463081181049347,0.334968626499176,-0.09323103725910187,0.24196287989616394,0.3304142951965332,-0.10958762466907501,0.24222171306610107,0.33724039793014526,-0.10960247367620468,0.24206319451332092,0.3396146297454834,-0.10960634797811508,0.24231640994548798,0.3216872811317444,-0.1055268868803978,0.24259579181671143,0.31913769245147705,-0.10560989379882812,0.24286165833473206,0.3165406584739685,-0.10563848167657852,0.24582114815711975,0.33955642580986023,-0.14630910754203796,0.24763230979442596,0.3118879497051239,-0.12708903849124908,0.25067079067230225,0.34151336550712585,-0.10238330066204071,0.25200551748275757,0.3317830264568329,-0.09706037491559982,0.2776925265789032,0.3958743214607239,-0.1483701765537262,0.27844327688217163,0.2983175218105316,-0.07694987207651138,0.2809855341911316,0.4597264230251312,-0.10552340745925903,0.2950628399848938,0.30210843682289124,0.009025245904922485,0.2687866985797882,0.53699791431427,-0.022180477157235146,0.28155991435050964,0.30923545360565186,0.0933104157447815,0.26467978954315186,0.555993378162384,-0.02691616490483284,0.28222644329071045,0.30680084228515625,0.10455410182476044,0.2607690691947937,0.5516262650489807,-0.023800576105713844,0.2793636620044708,0.31146201491355896,0.09428650140762329,0.2632392346858978,0.5385577082633972,-0.01881016045808792,0.27849191427230835,0.31419435143470764,0.09213107824325562,0.3368244767189026,0.3877794146537781,-0.03637757897377014,0.3327767252922058,0.3411690592765808,0.03636639937758446,0.28497689962387085,0.4363146424293518,-0.012460650876164436,0.27666252851486206,0.38018038868904114,0.09368390589952469,0.27274277806282043,0.5257343053817749,0.10529468208551407,0.27854493260383606,0.44725364446640015,0.18970036506652832,0.2764163613319397,0.537793755531311,0.11703912168741226,0.2831721901893616,0.4569765329360962,0.19858813285827637,0.2613787055015564,0.5384403467178345,0.09320288896560669,0.26961904764175415,0.45947083830833435,0.17945533990859985
0552,./images/114/frame_00552.jpg,Fall,0.24578078091144562,0.33677151799201965,-0.14141741394996643,0.24241022765636444,0.33472201228141785,-0.1578988879919052,0.24258506298065186,0.3392554521560669,-0.15792065858840942,0.24259158968925476,0.3415646553039551,-0.15793323516845703,0.2419392615556717,0.3236682415008545,-0.15032514929771423,0.24220092594623566,0.3210046887397766,-0.15042120218276978,0.24249164760112762,0.3182307481765747,-0.1504661738872528,0.24731163680553436,0.3398616909980774,-0.18899932503700256,0.2473136931657791,0.3109526038169861,-0.154775470495224,0.2504882216453552,0.34278345108032227,-0.14831975102424622,0.2514033019542694,0.33269450068473816,-0.1385023444890976,0.27682632207870483,0.39137279987335205,-0.17864885926246643,0.2768896520137787,0.2984631359577179,-0.08860071003437042,0.28226402401924133,0.4608653485774994,-0.12906788289546967,0.2988421618938446,0.3105372488498688,0.012604745104908943,0.2687613070011139,0.5354025959968567,-0.05619920417666435,0.2934800982475281,0.3318483233451843,0.11350886523723602,0.2648482024669647,0.5550069808959961,-0.0653119683265686,0.2968583405017853,0.3330099284648895,0.12697789072990417,0.2608256936073303,0.55076003074646,-0.0679057240486145,0.29408591985702515,0.3365723490715027,0.10084357112646103,0.263320654630661,0.5389986038208008,-0.05573553591966629,0.2924257814884186,0.3383272588253021,0.10878674685955048,0.3363627791404724,0.386871337890625,-0.036234304308891296,0.3311169743537903,0.3417110741138458,0.03631526604294777,0.2850080728530884,0.43643197417259216,-0.03239009529352188,0.2735947072505951,0.3812175393104553,0.08813916146755219,0.27343520522117615,0.5213488936424255,0.0853748470544815,0.27831101417541504,0.4624512195587158,0.17457051575183868,0.27707958221435547,0.531246542930603,0.09714995324611664,0.282228946685791,0.47665053606033325,0.18268518149852753,0.26041191816329956,0.5357034206390381,0.06985896825790405,0.268252432346344,0.4853023886680603,0.1592308133840561
0553,./images/114/frame_00553.jpg,Fall,0.24513204395771027,0.3345063030719757,-0.16544383764266968,0.24181139469146729,0.32756030559539795,-0.18133705854415894,0.24235396087169647,0.3349405527114868,-0.1813378781080246,0.2422555387020111,0.33681756258010864,-0.18136325478553772,0.24173037707805634,0.31882625818252563,-0.17293649911880493,0.24196746945381165,0.31610000133514404,-0.1730509102344513,0.24207250773906708,0.3133125901222229,-0.17307841777801514,0.24721300601959229,0.3356097638607025,-0.2072422206401825,0.2461320161819458,0.3067851662635803,-0.16926279664039612,0.24895720183849335,0.3375818133354187,-0.1706024706363678,0.24937257170677185,0.32815128564834595,-0.15969695150852203,0.2767331600189209,0.382005900144577,-0.19228523969650269,0.27424484491348267,0.2955615818500519,-0.0919400006532669,0.28220486640930176,0.45396190881729126,-0.13130874931812286,0.28312766551971436,0.29924365878105164,0.050336576998233795,0.27032753825187683,0.5272873640060425,-0.044585537165403366,0.26693814992904663,0.310823917388916,0.19117425382137299,0.26616382598876953,0.5491347908973694,-0.046807944774627686,0.26939553022384644,0.307824969291687,0.2131851613521576,0.26312628388404846,0.5430280566215515,-0.06319155544042587,0.2687240242958069,0.31303688883781433,0.19710008800029755,0.2636142373085022,0.524520754814148,-0.046102721244096756,0.267586886882782,0.3166588544845581,0.1899288445711136,0.33572810888290405,0.3794897794723511,-0.04156384989619255,0.32982346415519714,0.3391322195529938,0.04173896089196205,0.283029168844223,0.4304554760456085,-0.06293563544750214,0.273586243391037,0.39351218938827515,0.0547502338886261,0.2734845280647278,0.5220611095428467,0.0253322571516037,0.27753689885139465,0.4922349154949188,0.11817246675491333,0.27957841753959656,0.535663366317749,0.03422260656952858,0.2826306223869324,0.5095807909965515,0.12308108806610107,0.25962647795677185,0.5411190390586853,0.008340945467352867,0.26757684350013733,0.5153470635414124,0.0977877825498581
0554,./images/114/frame_00554.jpg,Fall,0.2450721710920334,0.3291187584400177,-0.1461627185344696,0.2416100949048996,0.325368732213974,-0.16056175529956818,0.24207699298858643,0.3286699056625366,-0.16059009730815887,0.24201233685016632,0.33068475127220154,-0.16060878336429596,0.24224328994750977,0.3149060904979706,-0.1538516879081726,0.2426009178161621,0.3123282492160797,-0.15393581986427307,0.2429058998823166,0.3096913993358612,-0.1539706587791443,0.247026726603508,0.33018752932548523,-0.18412229418754578,0.24645689129829407,0.3020140826702118,-0.15357211232185364,0.24908733367919922,0.3323168158531189,-0.14999988675117493,0.2500776946544647,0.32398557662963867,-0.141362726688385,0.27366068959236145,0.381242960691452,-0.17307540774345398,0.2782185673713684,0.29575836658477783,-0.08617354929447174,0.2822302281856537,0.45368725061416626,-0.1367138922214508,0.2965855002403259,0.30706721544265747,0.04094761237502098,0.27045556902885437,0.5272353291511536,-0.08004758507013321,0.287217378616333,0.3333176374435425,0.15601065754890442,0.2662993371486664,0.5481979250907898,-0.09007513523101807,0.288495808839798,0.3345661759376526,0.1721552461385727,0.26336318254470825,0.5431579947471619,-0.09120552241802216,0.2863350510597229,0.3397216498851776,0.15873759984970093,0.2647188603878021,0.5257357954978943,-0.0790666788816452,0.2851611375808716,0.34153059124946594,0.15460094809532166,0.33561721444129944,0.3829812705516815,-0.03691703826189041,0.3328534662723541,0.3410072326660156,0.037091877311468124,0.2837730348110199,0.4226962625980377,0.0020794752053916454,0.2746555209159851,0.36568590998649597,0.09170009940862656,0.27398285269737244,0.4806285798549652,0.14491067826747894,0.2774379551410675,0.438201904296875,0.21483147144317627,0.27937179803848267,0.4902746081352234,0.15915551781654358,0.28180110454559326,0.4512549936771393,0.22654426097869873,0.2575570046901703,0.49015307426452637,0.13963589072227478,0.26523321866989136,0.4566575288772583,0.2104819267988205
0555,./images/114/frame_00555.jpg,Fall,0.2468726933002472,0.3243253827095032,-0.13269206881523132,0.2429734170436859,0.3230327069759369,-0.14841696619987488,0.2430865317583084,0.3262031078338623,-0.14844784140586853,0.2429577112197876,0.3285651206970215,-0.14846359193325043,0.2444351613521576,0.3074037730693817,-0.1423480063676834,0.2450413703918457,0.3045171797275543,-0.14241160452365875,0.24509914219379425,0.30367809534072876,-0.1424264758825302,0.24705281853675842,0.32780182361602783,-0.17713767290115356,0.24856457114219666,0.2979493737220764,-0.14924786984920502,0.25061383843421936,0.32965293526649475,-0.13810807466506958,0.2522469460964203,0.31933626532554626,-0.13027700781822205,0.27268531918525696,0.3813595771789551,-0.1658402383327484,0.2812526524066925,0.29510676860809326,-0.09013071656227112,0.28653573989868164,0.45482754707336426,-0.1267358958721161,0.30541664361953735,0.3124564588069916,0.02558126114308834,0.27057501673698425,0.5270307660102844,-0.0655289813876152,0.29801324009895325,0.34502294659614563,0.1281721144914627,0.2663450837135315,0.5472421646118164,-0.07681151479482651,0.2981569170951843,0.34707608819007874,0.13846352696418762,0.26338645815849304,0.5426583290100098,-0.07579567283391953,0.29657337069511414,0.35228046774864197,0.12247900664806366,0.2649686336517334,0.5273247361183167,-0.06417664140462875,0.29567307233810425,0.3535681664943695,0.12474117428064346,0.33478879928588867,0.38714560866355896,-0.028303245082497597,0.3319456875324249,0.34145787358283997,0.02842794731259346,0.2829567492008209,0.4210214912891388,0.06390341371297836,0.27712133526802063,0.3614613711833954,0.1325908601284027,0.2727500796318054,0.4708103537559509,0.22696220874786377,0.2760207951068878,0.41766485571861267,0.2845478653907776,0.2758614420890808,0.48051804304122925,0.24365003407001495,0.27857863903045654,0.4275616407394409,0.29981139302253723,0.2553257644176483,0.4757181704044342,0.22445130348205566,0.26580578088760376,0.4330250322818756,0.2848763167858124
0556,./images/114/frame_00556.jpg,Fall,0.2480889856815338,0.3200037181377411,-0.060750048607587814,0.24373653531074524,0.31957560777664185,-0.08096901327371597,0.24355247616767883,0.32263249158859253,-0.08100522309541702,0.24335069954395294,0.32564452290534973,-0.08100345730781555,0.2462897002696991,0.30383870005607605,-0.0763009786605835,0.24638016521930695,0.3022570013999939,-0.07633881270885468,0.24723072350025177,0.29851657152175903,-0.07635777443647385,0.2472703903913498,0.3254535496234894,-0.13404503464698792,0.2509745955467224,0.29455772042274475,-0.1117851510643959,0.2519780695438385,0.326530396938324,-0.07425328344106674,0.25441572070121765,0.3152226209640503,-0.06804842501878738,0.2777014374732971,0.37863510847091675,-0.14418771862983704,0.2861363887786865,0.2930910885334015,-0.07925843447446823,0.286692351102829,0.44980672001838684,-0.1226690262556076,0.3129289448261261,0.3144737780094147,0.02579939365386963,0.2721029222011566,0.52571040391922,-0.08637316524982452,0.3047899603843689,0.35348424315452576,0.114137664437294,0.2675993740558624,0.5447953343391418,-0.1041821837425232,0.30410557985305786,0.3572768270969391,0.1190689206123352,0.2644365727901459,0.5400503277778625,-0.10162299871444702,0.30248045921325684,0.3634394705295563,0.10505621135234833,0.2664671540260315,0.5291154980659485,-0.08589176833629608,0.302013635635376,0.3637693524360657,0.11055175215005875,0.3349454998970032,0.3947991728782654,-0.025398364290595055,0.3351873755455017,0.3422652781009674,0.025492627173662186,0.2844926714897156,0.4110534191131592,0.08746115863323212,0.279967337846756,0.35718587040901184,0.14823970198631287,0.2778565287590027,0.4469490051269531,0.272146999835968,0.279270201921463,0.41364407539367676,0.30746227502822876,0.2778332829475403,0.46187642216682434,0.2917141318321228,0.2825901210308075,0.4229360818862915,0.32383519411087036,0.26265859603881836,0.4466392397880554,0.2744581997394562,0.2673302888870239,0.4306204617023468,0.30758902430534363
0557,./images/114/frame_00557.jpg,Fall,0.24753642082214355,0.322197824716568,-0.10082675516605377,0.2435140311717987,0.31988149881362915,-0.11227940022945404,0.24333877861499786,0.3221021294593811,-0.11236860603094101,0.24316182732582092,0.32419875264167786,-0.11239012330770493,0.24605309963226318,0.30539876222610474,-0.10346509516239166,0.24642327427864075,0.30303138494491577,-0.10345175117254257,0.24712416529655457,0.3000377118587494,-0.10342041403055191,0.24715402722358704,0.32230961322784424,-0.14499536156654358,0.25075414776802063,0.2943764328956604,-0.11569559574127197,0.25155121088027954,0.3271949589252472,-0.10031308233737946,0.25371795892715454,0.3163743317127228,-0.08635637909173965,0.2754060924053192,0.37470462918281555,-0.1427905559539795,0.28478142619132996,0.29152074456214905,-0.05744083970785141,0.2863856256008148,0.44749483466148376,-0.12135106325149536,0.3106714189052582,0.3142581284046173,0.05201978608965874,0.27367204427719116,0.5221584439277649,-0.08093960583209991,0.3015047311782837,0.3579590618610382,0.14084161818027496,0.26863399147987366,0.5393787622451782,-0.09499801695346832,0.30121636390686035,0.3640417456626892,0.15001405775547028,0.26537615060806274,0.5356054902076721,-0.09369896352291107,0.2992335259914398,0.36925503611564636,0.13522444665431976,0.26778271794319153,0.5282145142555237,-0.08003952354192734,0.2986411452293396,0.3691059947013855,0.13750658929347992,0.3351621627807617,0.3926939368247986,-0.030057664960622787,0.33552873134613037,0.344137042760849,0.03022984229028225,0.28773146867752075,0.413056343793869,0.03423548862338066,0.280693382024765,0.3577333986759186,0.11830079555511475,0.27997422218322754,0.4652498960494995,0.1904834806919098,0.28095731139183044,0.42711418867111206,0.24970515072345734,0.2824555039405823,0.4756911098957062,0.20657436549663544,0.2851029932498932,0.43775421380996704,0.26273828744888306,0.2621525526046753,0.4725833833217621,0.19029220938682556,0.2684193551540375,0.4421544373035431,0.24611136317253113
0558,./images/114/frame_00558.jpg,Fall,0.24745163321495056,0.3188621401786804,-0.10375332832336426,0.2437351495027542,0.31599199771881104,-0.11437326669692993,0.24345234036445618,0.31802892684936523,-0.11441005766391754,0.24324508011341095,0.3200230598449707,-0.11442553997039795,0.24699799716472626,0.302701860666275,-0.10771943628787994,0.2475677728652954,0.2999624013900757,-0.10775373876094818,0.2482645958662033,0.29701903462409973,-0.10775063186883926,0.24714775383472443,0.31738579273223877,-0.14205163717269897,0.25157737731933594,0.2911834120750427,-0.10906531661748886,0.2512713372707367,0.323125422000885,-0.104616180062294,0.25359445810317993,0.31280389428138733,-0.09495864808559418,0.27411508560180664,0.37188050150871277,-0.13525420427322388,0.28544431924819946,0.2911616265773773,-0.05074770003557205,0.2892996668815613,0.44929808378219604,-0.12111964076757431,0.3149788975715637,0.314835786819458,0.0536644272506237,0.2754744291305542,0.5177310705184937,-0.0933939665555954,0.30625519156455994,0.3619878888130188,0.1381763070821762,0.2699633240699768,0.5354029536247253,-0.10880386829376221,0.3059440851211548,0.3684596121311188,0.14577071368694305,0.26641422510147095,0.5319849252700806,-0.10779941082000732,0.304036408662796,0.37349191308021545,0.13099592924118042,0.26885274052619934,0.525702178478241,-0.09290223568677902,0.30331873893737793,0.37317022681236267,0.13656392693519592,0.3356279730796814,0.3942704200744629,-0.030582288280129433,0.3366491198539734,0.3450051546096802,0.030788594856858253,0.28752461075782776,0.4085935950279236,0.02558222971856594,0.2825630307197571,0.3459930419921875,0.11184772104024887,0.2799118161201477,0.45475155115127563,0.18007634580135345,0.2784923017024994,0.40894678235054016,0.23745131492614746,0.28197431564331055,0.4621150493621826,0.1953468918800354,0.28065553307533264,0.42102017998695374,0.250232994556427,0.25953206419944763,0.4613100588321686,0.17451925575733185,0.26626312732696533,0.4226306974887848,0.22977519035339355
0559,./images/114/frame_00559.jpg,Fall,0.24728159606456757,0.3191487491130829,-0.07778757065534592,0.24362921714782715,0.3150669038295746,-0.09302226454019547,0.24343378841876984,0.3165469467639923,-0.09307538717985153,0.2431560754776001,0.3182387351989746,-0.09310439974069595,0.24645133316516876,0.3051452338695526,-0.08342607319355011,0.24695655703544617,0.30267900228500366,-0.08347876369953156,0.24756650626659393,0.30003559589385986,-0.08350624144077301,0.24708089232444763,0.3151877224445343,-0.12914331257343292,0.251018762588501,0.29190078377723694,-0.08502595871686935,0.2512090802192688,0.3222920894622803,-0.08652932941913605,0.253349244594574,0.31395423412323,-0.07389000058174133,0.2772507071495056,0.3656373620033264,-0.13790050148963928,0.28431937098503113,0.2887217104434967,-0.027491342276334763,0.2904389798641205,0.43894919753074646,-0.11557576805353165,0.3166026473045349,0.3131740689277649,0.08258410543203354,0.27827954292297363,0.5122489333152771,-0.05502498894929886,0.3093973994255066,0.3588295876979828,0.17721238732337952,0.2717447876930237,0.5313065052032471,-0.06572990119457245,0.3097268044948578,0.368001252412796,0.19058184325695038,0.26790088415145874,0.5271838903427124,-0.06431663036346436,0.30789095163345337,0.37273114919662476,0.17602869868278503,0.2712467908859253,0.5201361775398254,-0.05337538197636604,0.307075560092926,0.3705367147922516,0.17392660677433014,0.33601728081703186,0.3945242166519165,-0.04019050672650337,0.33658841252326965,0.347124844789505,0.04034959897398949,0.28658637404441833,0.41026508808135986,-0.023485874757170677,0.2807117700576782,0.35127127170562744,0.10086457431316376,0.2778383195400238,0.4562804400920868,0.10312952846288681,0.27821585536003113,0.42105063796043396,0.19335150718688965,0.2805803418159485,0.46911904215812683,0.11601033061742783,0.2810934782028198,0.4314540922641754,0.20212991535663605,0.257019579410553,0.479722261428833,0.09964023530483246,0.26619482040405273,0.43532654643058777,0.18686622381210327
0560,./images/114/frame_00560.jpg,Fall,0.2485555112361908,0.3150114417076111,-0.06096956133842468,0.24461770057678223,0.3119548261165619,-0.07760335505008698,0.24428775906562805,0.3133907616138458,-0.07766872644424438,0.2439962923526764,0.31492385268211365,-0.0777108445763588,0.2475125789642334,0.3047553300857544,-0.06767237931489944,0.24805310368537903,0.30250421166419983,-0.06771760433912277,0.24865230917930603,0.30011311173439026,-0.06774038821458817,0.2476741373538971,0.31337663531303406,-0.11889132112264633,0.2520586848258972,0.2908762991428375,-0.07282015681266785,0.2526698708534241,0.3182969093322754,-0.07155416160821915,0.25507962703704834,0.31213250756263733,-0.05833205580711365,0.2785629630088806,0.3628893196582794,-0.13391439616680145,0.2873520851135254,0.285658061504364,-0.01832331158220768,0.29109737277030945,0.4326856732368469,-0.11567827314138412,0.31969505548477173,0.3127182722091675,0.08992528170347214,0.28046005964279175,0.5091702938079834,-0.056398697197437286,0.30895012617111206,0.3623284101486206,0.18115147948265076,0.2742978632450104,0.5274076461791992,-0.06704024970531464,0.3080967962741852,0.3711056113243103,0.1942586600780487,0.27013933658599854,0.5242382287979126,-0.06722715497016907,0.30544647574424744,0.376542866230011,0.18049338459968567,0.27352505922317505,0.5165795087814331,-0.055751800537109375,0.30502769351005554,0.37463709712028503,0.17787791788578033,0.3364613354206085,0.3950374126434326,-0.042478740215301514,0.33747074007987976,0.3485473096370697,0.04261567071080208,0.28716376423835754,0.41064825654029846,-0.00838140957057476,0.28154391050338745,0.353409081697464,0.1045176163315773,0.2811163067817688,0.46977561712265015,0.11577649414539337,0.28439509868621826,0.4222978949546814,0.20410490036010742,0.2852424681186676,0.4816954433917999,0.1346067637205124,0.28891637921333313,0.43825462460517883,0.21399228274822235,0.26019611954689026,0.48566895723342896,0.13442867994308472,0.2716088891029358,0.4431419372558594,0.206083744764328
0561,./images/114/frame_00561.jpg,Fall,0.24956810474395752,0.31045734882354736,-0.0632626935839653,0.24544410407543182,0.3080630898475647,-0.08099048584699631,0.24505409598350525,0.30951860547065735,-0.08104361593723297,0.24473457038402557,0.3110296130180359,-0.08108961582183838,0.24759766459465027,0.30163243412971497,-0.0700531154870987,0.24820315837860107,0.2989424169063568,-0.07009762525558472,0.24882268905639648,0.2964116334915161,-0.07012157887220383,0.2478557527065277,0.3103274405002594,-0.12648174166679382,0.2523736357688904,0.28944042325019836,-0.07657924294471741,0.2531942129135132,0.31480202078819275,-0.0754358246922493,0.25571852922439575,0.3089243471622467,-0.06104125827550888,0.278630793094635,0.35903608798980713,-0.13912533223628998,0.28680679202079773,0.28542181849479675,-0.02524927258491516,0.292138010263443,0.4290691912174225,-0.12033730745315552,0.3188320994377136,0.31214872002601624,0.08109472692012787,0.2815551161766052,0.5022019147872925,-0.05375839024782181,0.31104764342308044,0.3609978258609772,0.16974423825740814,0.27598199248313904,0.5227841138839722,-0.06491053849458694,0.3106335997581482,0.37022730708122253,0.1820301115512848,0.27196913957595825,0.5197925567626953,-0.06342218816280365,0.30847975611686707,0.3747989535331726,0.16738919913768768,0.27381837368011475,0.5067771673202515,-0.05221997946500778,0.3080616295337677,0.37272822856903076,0.16596168279647827,0.33639901876449585,0.3950880169868469,-0.04376905411481857,0.33687958121299744,0.34879404306411743,0.043873049318790436,0.2865561544895172,0.41103506088256836,0.008836413733661175,0.281554251909256,0.3542855679988861,0.12685343623161316,0.28367191553115845,0.4732363522052765,0.16920946538448334,0.2868526875972748,0.4261164367198944,0.2501373887062073,0.2886202335357666,0.4843129515647888,0.18660606443881989,0.2917797863483429,0.4399026334285736,0.2629883885383606,0.26376187801361084,0.48793861269950867,0.1859550178050995,0.2731071412563324,0.4438536763191223,0.25781768560409546
0562,./images/114/frame_00562.jpg,Fall,0.2491452693939209,0.3085483908653259,-0.05487062782049179,0.24527624249458313,0.30511677265167236,-0.07321521639823914,0.24492868781089783,0.3064197599887848,-0.073272705078125,0.24465186893939972,0.3078097105026245,-0.07332954555749893,0.24722573161125183,0.2997168302536011,-0.05995800346136093,0.24780675768852234,0.2973768711090088,-0.0599975660443306,0.24849534034729004,0.29427602887153625,-0.0600166991353035,0.24780213832855225,0.3061459958553314,-0.12114556133747101,0.25225120782852173,0.2880941331386566,-0.060451291501522064,0.25295013189315796,0.31193289160728455,-0.06815151870250702,0.25530338287353516,0.3077925145626068,-0.05069079250097275,0.2788648009300232,0.3525409996509552,-0.14259308576583862,0.28776460886001587,0.28487497568130493,-0.006376693490892649,0.2921934425830841,0.42587780952453613,-0.12385986745357513,0.3185499310493469,0.3207310140132904,0.08463908731937408,0.28049710392951965,0.4939664304256439,-0.047724269330501556,0.3105871379375458,0.3722808361053467,0.16137370467185974,0.27500972151756287,0.51369309425354,-0.058641642332077026,0.31001394987106323,0.38070836663246155,0.17352838814258575,0.2709191143512726,0.5087640285491943,-0.05403029918670654,0.30782538652420044,0.3852492868900299,0.1623746156692505,0.27296483516693115,0.5001072883605957,-0.044699735939502716,0.3074524700641632,0.383513480424881,0.16033215820789337,0.33652400970458984,0.3958193063735962,-0.049165330827236176,0.33663836121559143,0.35513609647750854,0.04926692321896553,0.28285568952560425,0.4066455364227295,-0.004811338149011135,0.2814043462276459,0.35581666231155396,0.11716779321432114,0.2857501208782196,0.47270476818084717,0.1509779691696167,0.2890095114707947,0.4376158118247986,0.23198039829730988,0.29310476779937744,0.4838864505290985,0.16959872841835022,0.29481181502342224,0.4529060423374176,0.2432318478822708,0.2654360234737396,0.4884635806083679,0.15855355560779572,0.27483245730400085,0.45890700817108154,0.2305951863527298
0563,./images/114/frame_00563.jpg,Fall,0.2488892823457718,0.3050883114337921,-0.06907709687948227,0.24507585167884827,0.3008856177330017,-0.08590130507946014,0.2447594702243805,0.30221089720726013,-0.0859360322356224,0.24451234936714172,0.30369406938552856,-0.08595278859138489,0.2471257895231247,0.2950809597969055,-0.07659955322742462,0.2477615773677826,0.29260244965553284,-0.07664953172206879,0.2482646405696869,0.292158305644989,-0.07667343318462372,0.24778684973716736,0.3030991554260254,-0.12335479259490967,0.2520276606082916,0.2851938009262085,-0.07734990119934082,0.25279369950294495,0.3085320293903351,-0.07841803878545761,0.2550981044769287,0.3045226037502289,-0.06703496724367142,0.27886560559272766,0.3508323132991791,-0.15190576016902924,0.2879181206226349,0.28433990478515625,-0.020592782646417618,0.2954288125038147,0.42656204104423523,-0.12819045782089233,0.3212766945362091,0.31954246759414673,0.07604485005140305,0.28575512766838074,0.49054399132728577,-0.051635272800922394,0.31200751662254333,0.3681020140647888,0.15725064277648926,0.2798061966896057,0.5099143981933594,-0.06257496774196625,0.3114824593067169,0.37657684087753296,0.16927364468574524,0.2757633328437805,0.5040332674980164,-0.05943269282579422,0.3086779713630676,0.38158145546913147,0.1537100076675415,0.27671054005622864,0.49559736251831055,-0.04929572343826294,0.3083265721797943,0.3798014223575592,0.15253806114196777,0.3364544212818146,0.3984425365924835,-0.04772130772471428,0.33661720156669617,0.3572874367237091,0.04785197973251343,0.2823109030723572,0.4025194048881531,-0.018660902976989746,0.28049901127815247,0.3563968539237976,0.09557082504034042,0.28397509455680847,0.47254690527915955,0.12383455038070679,0.2866259515285492,0.44135114550590515,0.1966625601053238,0.28981584310531616,0.48421511054039,0.13863149285316467,0.2919084429740906,0.45727279782295227,0.2062968909740448,0.2647242844104767,0.48770764470100403,0.12762853503227234,0.2739209234714508,0.4618239104747772,0.1928894817829132
0564,./images/114/frame_00564.jpg,Fall,0.24877114593982697,0.30682092905044556,-0.03636602312326431,0.24493268132209778,0.30209800601005554,-0.05374749377369881,0.24464114010334015,0.3031260073184967,-0.05380053073167801,0.24441508948802948,0.3043152093887329,-0.053848959505558014,0.2470891922712326,0.2967531681060791,-0.03831656649708748,0.24768590927124023,0.29438045620918274,-0.03833559527993202,0.2482113540172577,0.2930949926376343,-0.03836117684841156,0.24778389930725098,0.30241748690605164,-0.10228872299194336,0.2519521117210388,0.2859615981578827,-0.03163674846291542,0.2528417110443115,0.31001389026641846,-0.05084174871444702,0.25504741072654724,0.30614379048347473,-0.030515167862176895,0.27871644496917725,0.34595000743865967,-0.14362037181854248,0.28897780179977417,0.28301936388015747,0.021164437755942345,0.29845669865608215,0.4209364056587219,-0.14456872642040253,0.3216281831264496,0.3235901892185211,0.08817432075738907,0.29087796807289124,0.49287477135658264,-0.09418515115976334,0.3153556287288666,0.37685975432395935,0.1356763243675232,0.28786489367485046,0.5109475255012512,-0.10960610210895538,0.3142332434654236,0.3834908902645111,0.14599424600601196,0.2837313711643219,0.5064446926116943,-0.10214819759130478,0.311590313911438,0.3887757658958435,0.13023558259010315,0.2837998867034912,0.49645692110061646,-0.09107829630374908,0.3116135001182556,0.3875662088394165,0.12960265576839447,0.3362705707550049,0.3992249071598053,-0.05332130938768387,0.33793407678604126,0.3579758107662201,0.053423114120960236,0.2804875671863556,0.39385363459587097,-0.05030046030879021,0.2803035378456116,0.351297527551651,0.08620407432317734,0.28651535511016846,0.46316906809806824,0.07955800741910934,0.28957462310791016,0.43509432673454285,0.15455275774002075,0.29393714666366577,0.4734634459018707,0.09281246364116669,0.29525837302207947,0.4501101076602936,0.16112224757671356,0.26536375284194946,0.4805850088596344,0.09144965559244156,0.27535808086395264,0.4570719003677368,0.15481702983379364
0565,./images/114/frame_00565.jpg,Fall,0.24958577752113342,0.30839598178863525,-0.02641325257718563,0.2453027069568634,0.3033027946949005,-0.04388421028852463,0.2450609654188156,0.30412957072257996,-0.04392427206039429,0.2448924332857132,0.3051148056983948,-0.04396799951791763,0.24698993563652039,0.29819074273109436,-0.02904994785785675,0.24762406945228577,0.2956009805202484,-0.02906925044953823,0.24819712340831757,0.29385659098625183,-0.029080864042043686,0.2484162151813507,0.301817923784256,-0.09435819834470749,0.2524895668029785,0.28647756576538086,-0.02672220766544342,0.25438904762268066,0.31094661355018616,-0.0418882817029953,0.2564084827899933,0.3069422245025635,-0.022313378751277924,0.27847039699554443,0.34339579939842224,-0.13657724857330322,0.2913089990615845,0.28026658296585083,0.02378154546022415,0.3014471232891083,0.4123566448688507,-0.14170464873313904,0.32367366552352905,0.3266761302947998,0.09329621493816376,0.2976979613304138,0.4794984459877014,-0.056586116552352905,0.31797462701797485,0.3781435191631317,0.13947340846061707,0.29651138186454773,0.4965006113052368,-0.06539278477430344,0.31804510951042175,0.38658782839775085,0.15051057934761047,0.2932073771953583,0.4926013946533203,-0.06063903495669365,0.3146844208240509,0.3912299573421478,0.13591286540031433,0.29319697618484497,0.4846780002117157,-0.053491972386837006,0.3140941560268402,0.3891286551952362,0.13421353697776794,0.33623990416526794,0.39999693632125854,-0.053771812468767166,0.3382757306098938,0.3615320324897766,0.053857676684856415,0.2803567349910736,0.39834845066070557,-0.05751282721757889,0.2802935242652893,0.3518316149711609,0.07844717800617218,0.2897869944572449,0.46624451875686646,0.056771695613861084,0.29424571990966797,0.4397433400154114,0.12662765383720398,0.29837825894355774,0.47793450951576233,0.0681685358285904,0.3007988929748535,0.4535444378852844,0.13049086928367615,0.26857733726501465,0.488286554813385,0.06424124538898468,0.2811329662799835,0.4652571678161621,0.1215178593993187
0566,./images/114/frame_00566.jpg,Fall,0.2494986355304718,0.3060501515865326,-0.046813003718853,0.2452581822872162,0.30022841691970825,-0.05945669859647751,0.2450225055217743,0.3013308048248291,-0.05953657627105713,0.24484655261039734,0.30253803730010986,-0.05965253710746765,0.24692711234092712,0.2944456934928894,-0.030621487647294998,0.2474854290485382,0.29091230034828186,-0.030747119337320328,0.2480546236038208,0.28848618268966675,-0.030505692586302757,0.24852828681468964,0.2997024953365326,-0.10716686397790909,0.2529716193675995,0.2821395993232727,-0.054647814482450485,0.2542378306388855,0.3082221746444702,-0.06334967166185379,0.2563186287879944,0.3038181960582733,-0.03349914401769638,0.2783273756504059,0.34336057305336,-0.14667591452598572,0.2921348810195923,0.2786521911621094,0.003941360395401716,0.30317217111587524,0.4163479804992676,-0.14794957637786865,0.32798030972480774,0.324504554271698,0.07021616399288177,0.2959893047809601,0.4844712018966675,-0.09930722415447235,0.31875118613243103,0.3715912401676178,0.12850572168827057,0.29210352897644043,0.5047913193702698,-0.1135278195142746,0.3181925415992737,0.3788491487503052,0.1383008509874344,0.2877385914325714,0.496917724609375,-0.11167089641094208,0.31452876329421997,0.3837386667728424,0.12373709678649902,0.28981903195381165,0.49013325572013855,-0.0984293594956398,0.3143153786659241,0.3823302090167999,0.12363092601299286,0.33594223856925964,0.400434672832489,-0.05075271800160408,0.3382665514945984,0.3631494343280792,0.05084668844938278,0.28072693943977356,0.40071219205856323,-0.05002601072192192,0.2802254557609558,0.34763237833976746,0.07988180965185165,0.291894793510437,0.46627163887023926,0.0811631977558136,0.29742351174354553,0.4309294819831848,0.1480967402458191,0.29801052808761597,0.4780539274215698,0.09464915096759796,0.304411917924881,0.44408556818962097,0.15465012192726135,0.27012088894844055,0.48545706272125244,0.09156810492277145,0.2845841944217682,0.45527374744415283,0.14707526564598083
0567,./images/114/frame_00567.jpg,Fall,0.249550461769104,0.30487674474716187,-0.07452762126922607,0.24537400901317596,0.29939526319503784,-0.08691408485174179,0.24514639377593994,0.3007611930370331,-0.08696697652339935,0.24499830603599548,0.3021613359451294,-0.0870329886674881,0.24692979454994202,0.2928345501422882,-0.07009243965148926,0.24762019515037537,0.2890833914279938,-0.07014830410480499,0.2483285367488861,0.2863205075263977,-0.07014192640781403,0.24894782900810242,0.29980039596557617,-0.1193140372633934,0.253694087266922,0.2808374762535095,-0.05987604707479477,0.25464195013046265,0.30758488178253174,-0.08494023233652115,0.2568996548652649,0.3027310371398926,-0.06484927237033844,0.27873364090919495,0.3440243899822235,-0.14748480916023254,0.29353243112564087,0.27670711278915405,-0.005379742942750454,0.3013330101966858,0.4193399250507355,-0.15052326023578644,0.33218395709991455,0.32327258586883545,0.06060925871133804,0.2936456799507141,0.48890143632888794,-0.11339737474918365,0.3214414715766907,0.368910014629364,0.12418422847986221,0.2890600562095642,0.5076828002929688,-0.12907099723815918,0.32037538290023804,0.3757078945636749,0.1330476552248001,0.28469622135162354,0.5016502141952515,-0.12718668580055237,0.31656140089035034,0.380722314119339,0.11857487261295319,0.2868756949901581,0.49465087056159973,-0.1128072738647461,0.3166735768318176,0.3795817196369171,0.11948057264089584,0.3343721032142639,0.4014110267162323,-0.05036349967122078,0.3384905457496643,0.3623062074184418,0.05048031359910965,0.2779914438724518,0.3956364095211029,-0.05177827924489975,0.28066501021385193,0.34746071696281433,0.06685687601566315,0.2943713068962097,0.45695406198501587,0.08284151554107666,0.2994120121002197,0.4249131977558136,0.15287886559963226,0.30575650930404663,0.46100395917892456,0.09694606065750122,0.3061642646789551,0.4366450011730194,0.16163350641727448,0.2784792184829712,0.47419849038124084,0.09876922518014908,0.2869231104850769,0.44806984066963196,0.15706516802310944
0568,./images/114/frame_00568.jpg,Fall,0.2488671988248825,0.30158334970474243,-0.09926959127187729,0.24514934420585632,0.2962599992752075,-0.11376706510782242,0.24496284127235413,0.2976219952106476,-0.11381176859140396,0.2448442429304123,0.2990257143974304,-0.11387111246585846,0.24672043323516846,0.2895938754081726,-0.10009533166885376,0.24753251671791077,0.28626927733421326,-0.10014446824789047,0.2483101338148117,0.2836710512638092,-0.10019068419933319,0.2488888055086136,0.2969934344291687,-0.15059274435043335,0.2537381052970886,0.277569979429245,-0.08923380821943283,0.2545809745788574,0.3050215542316437,-0.10994970798492432,0.2567274570465088,0.29947102069854736,-0.09200848639011383,0.2787640690803528,0.3404483497142792,-0.16799254715442657,0.2945370078086853,0.27587512135505676,-0.03564051538705826,0.3037645220756531,0.41728049516677856,-0.16501368582248688,0.3323257565498352,0.32318902015686035,0.04480336979031563,0.29742318391799927,0.4875183403491974,-0.12144370377063751,0.32277631759643555,0.37247851490974426,0.10696734488010406,0.2922650873661041,0.5056219100952148,-0.13742315769195557,0.3220602869987488,0.380840003490448,0.11437498033046722,0.2885788083076477,0.5014583468437195,-0.13830140233039856,0.31820815801620483,0.38607966899871826,0.0990075021982193,0.2914915978908539,0.4947783648967743,-0.12185785919427872,0.31827130913734436,0.3841594159603119,0.10175621509552002,0.3340386748313904,0.4008978605270386,-0.049798764288425446,0.33831483125686646,0.36304646730422974,0.04993438348174095,0.2785347104072571,0.39789262413978577,-0.06113772839307785,0.28063780069351196,0.34514984488487244,0.06835437566041946,0.2959159314632416,0.4511259198188782,0.0924319475889206,0.2994841933250427,0.42162656784057617,0.16021141409873962,0.3049648404121399,0.456021785736084,0.10754792392253876,0.3067263960838318,0.4328894019126892,0.16926705837249756,0.277521550655365,0.46887195110321045,0.09972535818815231,0.28672850131988525,0.44587022066116333,0.16386105120182037
0569,./images/114/frame_00569.jpg,Fall,0.2488366812467575,0.30051007866859436,-0.09160253405570984,0.24511364102363586,0.2950127422809601,-0.10705716907978058,0.24493718147277832,0.2961680591106415,-0.10708817094564438,0.2448243796825409,0.2974241375923157,-0.1071387529373169,0.24667051434516907,0.28859156370162964,-0.09506548196077347,0.24744951725006104,0.28535935282707214,-0.09511628746986389,0.24821677803993225,0.2827068269252777,-0.0951634868979454,0.24883441627025604,0.2956342399120331,-0.14811745285987854,0.25371789932250977,0.2758784890174866,-0.0936548262834549,0.2545212507247925,0.303681880235672,-0.10355722904205322,0.2566784620285034,0.29892686009407043,-0.08772943913936615,0.2789185345172882,0.3388749361038208,-0.16715310513973236,0.29423174262046814,0.27553483843803406,-0.04729965329170227,0.3028110861778259,0.41944435238838196,-0.15398819744586945,0.330329954624176,0.325278639793396,0.028086349368095398,0.2991850674152374,0.4790913164615631,-0.07542307674884796,0.32256990671157837,0.3753809332847595,0.08224659413099289,0.2941049039363861,0.4966653287410736,-0.08570446819067001,0.3223270773887634,0.38551732897758484,0.08721250295639038,0.2909141778945923,0.49309027194976807,-0.09093332290649414,0.3187020719051361,0.39008936285972595,0.07277853041887283,0.2938632071018219,0.48559752106666565,-0.07675707340240479,0.31861650943756104,0.38708698749542236,0.07709194719791412,0.3340490758419037,0.4005434215068817,-0.04854528233408928,0.33816736936569214,0.364665150642395,0.04859435558319092,0.27892783284187317,0.398739755153656,-0.06541059911251068,0.2804676294326782,0.34688475728034973,0.0721549317240715,0.2945259213447571,0.4566976726055145,0.09023662656545639,0.2995899021625519,0.42274266481399536,0.166012242436409,0.30532240867614746,0.4612138569355011,0.1061955913901329,0.3069682717323303,0.43562453985214233,0.17495416104793549,0.2767246961593628,0.47065475583076477,0.10456810891628265,0.2870402932167053,0.4518902599811554,0.16760854423046112
0570,./images/114/frame_00570.jpg,Fall,0.2490811049938202,0.30082279443740845,-0.07130156457424164,0.24530193209648132,0.2952103018760681,-0.08808328211307526,0.24508929252624512,0.2962760925292969,-0.08808159828186035,0.24494710564613342,0.29744136333465576,-0.08812472224235535,0.2468092143535614,0.2889237105846405,-0.07611452788114548,0.2475844919681549,0.28565549850463867,-0.07616187632083893,0.24836716055870056,0.28282248973846436,-0.07619936764240265,0.2488342821598053,0.2956697642803192,-0.13854172825813293,0.25395557284355164,0.2753950357437134,-0.08432260900735855,0.2545040249824524,0.3039517402648926,-0.08642089366912842,0.2566762864589691,0.299072802066803,-0.07066712528467178,0.27885279059410095,0.3359217047691345,-0.16151480376720428,0.29415854811668396,0.2755277752876282,-0.03816072642803192,0.3025551736354828,0.4160022437572479,-0.13135455548763275,0.3295063078403473,0.32761573791503906,0.04164644330739975,0.29947617650032043,0.4660171568393707,-0.04619579762220383,0.32018333673477173,0.3796899616718292,0.1030350923538208,0.2992005944252014,0.48328912258148193,-0.053059108555316925,0.32003480195999146,0.3910134732723236,0.11121879518032074,0.29217448830604553,0.4807601571083069,-0.05595770478248596,0.316772997379303,0.3952430784702301,0.0973503366112709,0.29732048511505127,0.46946147084236145,-0.0461796335875988,0.3165702223777771,0.3917602002620697,0.09848640859127045,0.33388015627861023,0.4003620445728302,-0.04816403239965439,0.33782535791397095,0.3676987886428833,0.04825323447585106,0.2789950966835022,0.39948445558547974,-0.0710868164896965,0.27969104051589966,0.35126712918281555,0.07228993624448776,0.29503926634788513,0.45609351992607117,0.07907844334840775,0.2995494604110718,0.424876868724823,0.16753685474395752,0.3069320619106293,0.4595388174057007,0.09496032446622849,0.3067712187767029,0.4371536672115326,0.17650915682315826,0.28042125701904297,0.47222867608070374,0.10198865085840225,0.2885982394218445,0.45637181401252747,0.17179834842681885
0571,./images/114/frame_00571.jpg,Fall,0.24954748153686523,0.29958435893058777,-0.05691307783126831,0.24565644562244415,0.29387444257736206,-0.07332882285118103,0.24542900919914246,0.2948196530342102,-0.07332973927259445,0.24526838958263397,0.2958788275718689,-0.07336633652448654,0.24706494808197021,0.2880006730556488,-0.061319947242736816,0.24781830608844757,0.2847960889339447,-0.06135755777359009,0.2485969066619873,0.2819180488586426,-0.061384785920381546,0.24898405373096466,0.294330358505249,-0.12166695296764374,0.2541394531726837,0.27426213026046753,-0.06702148169279099,0.2548314034938812,0.3026810884475708,-0.07150708138942719,0.25685036182403564,0.29809844493865967,-0.05567906051874161,0.2788054049015045,0.3341941833496094,-0.15205565094947815,0.2943975329399109,0.2752183973789215,-0.025393515825271606,0.30288371443748474,0.40400874614715576,-0.12115428596735,0.32793575525283813,0.32958537340164185,0.050092048943042755,0.30233556032180786,0.4641304016113281,-0.03848983347415924,0.32018163800239563,0.38293007016181946,0.10687749087810516,0.2986716628074646,0.48189905285835266,-0.04432845488190651,0.3203636705875397,0.394825279712677,0.11527343839406967,0.29385820031166077,0.4789232909679413,-0.046768300235271454,0.3172694444656372,0.3987483084201813,0.10217523574829102,0.29717665910720825,0.4707482159137726,-0.038165170699357986,0.3169769048690796,0.39504581689834595,0.1011841744184494,0.3339076042175293,0.40035882592201233,-0.04773935303092003,0.33774539828300476,0.3703770935535431,0.04784107953310013,0.2786374092102051,0.4005260765552521,-0.061705224215984344,0.27971553802490234,0.35709163546562195,0.07555115967988968,0.29967960715293884,0.4507496654987335,0.08531101793050766,0.3022601008415222,0.42715755105018616,0.1686624437570572,0.3090573251247406,0.45302614569664,0.10105110704898834,0.309756338596344,0.43828704953193665,0.1776687651872635,0.2826278805732727,0.4746893048286438,0.11242371797561646,0.29330939054489136,0.45906370878219604,0.18018130958080292
0572,./images/114/frame_00572.jpg,Fall,0.2499968558549881,0.3004595637321472,-0.04935772344470024,0.24632570147514343,0.29430943727493286,-0.06537194550037384,0.24615725874900818,0.29500341415405273,-0.0653822273015976,0.2460423707962036,0.2958016097545624,-0.0654238685965538,0.24735042452812195,0.2890101671218872,-0.05253841355443001,0.24796852469444275,0.28588929772377014,-0.052565742284059525,0.2486455887556076,0.2830338180065155,-0.05259149149060249,0.24959531426429749,0.29352855682373047,-0.1124592199921608,0.25406599044799805,0.27567535638809204,-0.05401088669896126,0.2554789185523987,0.30302879214286804,-0.06373202055692673,0.2570767402648926,0.2987392842769623,-0.046824052929878235,0.27876901626586914,0.330077201128006,-0.14737233519554138,0.2940075993537903,0.2756502032279968,-0.00979248434305191,0.30439871549606323,0.4050186574459076,-0.12236648797988892,0.32587671279907227,0.3341498076915741,0.06496696919202805,0.3031153678894043,0.4604928195476532,-0.04433387890458107,0.320110023021698,0.3887884020805359,0.11302082240581512,0.30666857957839966,0.47526830434799194,-0.05114569514989853,0.3199697732925415,0.4011775553226471,0.12112817913293839,0.2968463599681854,0.47383567690849304,-0.05336233973503113,0.31717827916145325,0.40460875630378723,0.10918420553207397,0.29871663451194763,0.4659058749675751,-0.044033147394657135,0.3168661892414093,0.40064185857772827,0.10681642591953278,0.33391955494880676,0.4002094268798828,-0.04806063324213028,0.3377058804035187,0.37290966510772705,0.048123978078365326,0.2765662670135498,0.4215574562549591,-0.058525435626506805,0.2797085642814636,0.35963600873947144,0.08806619048118591,0.30289512872695923,0.446604460477829,0.10146156698465347,0.3052455186843872,0.4277903139591217,0.17666703462600708,0.3114733099937439,0.44491398334503174,0.1201043501496315,0.31310611963272095,0.43682366609573364,0.18540170788764954,0.28912314772605896,0.47355830669403076,0.14704228937625885,0.2984100580215454,0.4585382342338562,0.19358602166175842
0573,./images/114/frame_00573.jpg,Fall,0.2505035996437073,0.3010030686855316,-0.057248495519161224,0.24710795283317566,0.2949005365371704,-0.07339377701282501,0.24696651101112366,0.295499324798584,-0.07340910285711288,0.2468898743391037,0.2960638999938965,-0.07345373928546906,0.24797336757183075,0.2896279990673065,-0.060548335313797,0.24850361049175262,0.2865247130393982,-0.06058039143681526,0.2490953505039215,0.2837490439414978,-0.06060834974050522,0.2505421042442322,0.2934596836566925,-0.11832393705844879,0.25431448221206665,0.2764841616153717,-0.06121432036161423,0.2559499144554138,0.30347222089767456,-0.07104767113924026,0.25735798478126526,0.29925841093063354,-0.05427975207567215,0.27922841906547546,0.33066195249557495,-0.1564180999994278,0.2939702868461609,0.2760021686553955,-0.015699174255132675,0.3059147596359253,0.4083353281021118,-0.13935700058937073,0.32677024602890015,0.33494633436203003,0.05331701040267944,0.30467143654823303,0.46255409717559814,-0.06501773744821548,0.32276415824890137,0.3898330330848694,0.09984836727380753,0.30324938893318176,0.4795694053173065,-0.07278679311275482,0.32302337884902954,0.40151914954185486,0.10736705362796783,0.2979438304901123,0.47659072279930115,-0.07460857182741165,0.31954801082611084,0.40546897053718567,0.09464267641305923,0.29985496401786804,0.46842166781425476,-0.06469884514808655,0.3193974792957306,0.4017079174518585,0.09486693143844604,0.3336029648780823,0.4003616273403168,-0.04797527194023132,0.3372802436351776,0.3739829659461975,0.04802640900015831,0.27542349696159363,0.4236507713794708,-0.05960444360971451,0.2785862386226654,0.3647504150867462,0.0862337276339531,0.30405476689338684,0.4495934247970581,0.1012633815407753,0.3048189878463745,0.4316903352737427,0.18235056102275848,0.3131040632724762,0.44935327768325806,0.11797885596752167,0.31305915117263794,0.4370849132537842,0.19239291548728943,0.2905653119087219,0.47615671157836914,0.13656331598758698,0.29683151841163635,0.46467217803001404,0.20034365355968475
0574,./images/114/frame_00574.jpg,Fall,0.2504046559333801,0.3008185029029846,-0.05644034221768379,0.2470674067735672,0.29413560032844543,-0.0729897990822792,0.24695873260498047,0.2944778800010681,-0.0729982778429985,0.24691987037658691,0.29488977789878845,-0.07304660975933075,0.24790339171886444,0.2898061275482178,-0.05881176143884659,0.2484387904405594,0.2869395315647125,-0.05884028598666191,0.24905307590961456,0.2842293381690979,-0.05886406451463699,0.2506090998649597,0.29179027676582336,-0.12059737741947174,0.254263699054718,0.27692705392837524,-0.056764714419841766,0.25579148530960083,0.3029210567474365,-0.07127930223941803,0.2573069930076599,0.2993861734867096,-0.05261918902397156,0.27962180972099304,0.3292781114578247,-0.1579894721508026,0.2938273549079895,0.2759529650211334,-0.012485851533710957,0.3061300218105316,0.3999284505844116,-0.14696753025054932,0.32699495553970337,0.3345096707344055,0.05550346523523331,0.3081872761249542,0.4636642336845398,-0.07856559008359909,0.32400888204574585,0.39131444692611694,0.10670435428619385,0.3051578104496002,0.4802120625972748,-0.08949194848537445,0.324285626411438,0.40229716897010803,0.11441300064325333,0.3008304238319397,0.47658830881118774,-0.08985155820846558,0.3210785388946533,0.4064844846725464,0.1009274572134018,0.302639365196228,0.46875128149986267,-0.07814225554466248,0.32100194692611694,0.4032535254955292,0.10170088708400726,0.3327530026435852,0.4019883871078491,-0.04862339049577713,0.33729296922683716,0.375540554523468,0.04866122454404831,0.2730952203273773,0.4271104037761688,-0.057177282869815826,0.27852189540863037,0.36406680941581726,0.08592963218688965,0.3053966760635376,0.4450882375240326,0.10522083193063736,0.305286169052124,0.4314223527908325,0.19219498336315155,0.314993679523468,0.4418674111366272,0.12314541637897491,0.3134863078594208,0.43680664896965027,0.2033136636018753,0.2980562150478363,0.4723629951477051,0.15065842866897583,0.2977253198623657,0.4631444811820984,0.21416528522968292
0575,./images/114/frame_00575.jpg,Fall,0.2503659129142761,0.2986404001712799,-0.053395677357912064,0.24722865223884583,0.29142633080482483,-0.06972120702266693,0.2471691370010376,0.29158493876457214,-0.06973186135292053,0.24718813598155975,0.29191601276397705,-0.06978443264961243,0.24793200194835663,0.2881738841533661,-0.0544482059776783,0.2484447956085205,0.2858909070491791,-0.05447053909301758,0.24904124438762665,0.2836969792842865,-0.05449109151959419,0.2508105933666229,0.28850921988487244,-0.11781197786331177,0.2542387843132019,0.27621790766716003,-0.048388171941041946,0.25568872690200806,0.30065011978149414,-0.06832589209079742,0.2572515308856964,0.2981615662574768,-0.04821391776204109,0.279570609331131,0.32607871294021606,-0.15746566653251648,0.2935306429862976,0.27576109766960144,0.0003267698339186609,0.3072710633277893,0.4030696451663971,-0.1468164324760437,0.32700467109680176,0.33330538868904114,0.06779361516237259,0.31002572178840637,0.4582665264606476,-0.07798568159341812,0.3253336548805237,0.3890720009803772,0.1087266057729721,0.3069504201412201,0.4772357940673828,-0.08880995213985443,0.3258630633354187,0.4001821279525757,0.11699134111404419,0.3033962845802307,0.4735376536846161,-0.08885526657104492,0.3230213522911072,0.4043058156967163,0.10435716062784195,0.3085291385650635,0.46528151631355286,-0.07731309533119202,0.3228631615638733,0.4010162353515625,0.10258175432682037,0.332248717546463,0.4024563133716583,-0.051787059754133224,0.33712881803512573,0.37552139163017273,0.05180146172642708,0.27309173345565796,0.4301091432571411,-0.047825656831264496,0.27853137254714966,0.36483246088027954,0.10348811000585556,0.30399447679519653,0.4467899799346924,0.10983838140964508,0.30417001247406006,0.431427001953125,0.19575582444667816,0.3137276768684387,0.44424307346343994,0.12758328020572662,0.3121245503425598,0.43729814887046814,0.20526480674743652,0.2950766980648041,0.47366994619369507,0.15608766674995422,0.2954932451248169,0.4624359905719757,0.2156534492969513
0576,./images/114/frame_00576.jpg,Fall,0.2514556348323822,0.2980659604072571,-0.04851337522268295,0.248272106051445,0.29109835624694824,-0.06523682177066803,0.24819941818714142,0.29130250215530396,-0.06523918360471725,0.2481985092163086,0.2916663587093353,-0.06529132276773453,0.24893763661384583,0.2880133390426636,-0.04985194280743599,0.24939608573913574,0.285849392414093,-0.049871787428855896,0.25001922249794006,0.28356093168258667,-0.04988720640540123,0.25160545110702515,0.2886171042919159,-0.11458319425582886,0.25489115715026855,0.275807648897171,-0.04476127400994301,0.2565877437591553,0.30033057928085327,-0.0637785792350769,0.2577305734157562,0.2978508174419403,-0.04351731017231941,0.2800220847129822,0.3268522620201111,-0.1559767723083496,0.29445192217826843,0.27495384216308594,0.004281421657651663,0.3064749836921692,0.39297956228256226,-0.14393219351768494,0.3277491331100464,0.3330244719982147,0.07700471580028534,0.312605082988739,0.45428550243377686,-0.07384797185659409,0.32651230692863464,0.3878764808177948,0.12897858023643494,0.31522080302238464,0.4751799404621124,-0.08361006528139114,0.32712623476982117,0.399192214012146,0.1395544707775116,0.30844050645828247,0.47063565254211426,-0.08261634409427643,0.3246663212776184,0.4032599925994873,0.12612669169902802,0.3124033212661743,0.465580016374588,-0.07262825220823288,0.3244006335735321,0.4000115990638733,0.12393593788146973,0.3318578898906708,0.403762549161911,-0.052509523928165436,0.3382068872451782,0.3761022388935089,0.052513349801301956,0.27251213788986206,0.43213480710983276,-0.03710145130753517,0.28019312024116516,0.36527663469314575,0.1093682274222374,0.3049219846725464,0.4456770122051239,0.11645257472991943,0.3068975806236267,0.4308857321739197,0.19558149576187134,0.31505683064460754,0.4422317445278168,0.1341714859008789,0.3150160610675812,0.43665653467178345,0.20457716286182404,0.2975894808769226,0.4724593162536621,0.1660647839307785,0.2988848090171814,0.4608197510242462,0.2155371904373169
0577,./images/114/frame_00577.jpg,Fall,0.25229573249816895,0.297537237405777,-0.04230516776442528,0.2491004765033722,0.29038676619529724,-0.05845959857106209,0.24900498986244202,0.2904367744922638,-0.058454371988773346,0.24897360801696777,0.2906251847743988,-0.05849170684814453,0.2497178018093109,0.287704735994339,-0.04301091283559799,0.25012314319610596,0.285661518573761,-0.04302683100104332,0.2506428062915802,0.2835431694984436,-0.043046772480010986,0.2522248923778534,0.28709840774536133,-0.10629615932703018,0.2553972005844116,0.2754036486148834,-0.03627125173807144,0.2572641968727112,0.2998062074184418,-0.05738412216305733,0.2581750452518463,0.29747268557548523,-0.037086136639118195,0.2800801992416382,0.3252217769622803,-0.1493758261203766,0.29452356696128845,0.2749279737472534,0.010318263433873653,0.30620449781417847,0.3898208737373352,-0.1426905244588852,0.3278208076953888,0.3330324590206146,0.07238797843456268,0.31291651725769043,0.4544375240802765,-0.07368923723697662,0.3276112675666809,0.3904741108417511,0.11443064361810684,0.31312158703804016,0.47433945536613464,-0.08263709396123886,0.32837721705436707,0.4034402668476105,0.12293585389852524,0.30985021591186523,0.47137320041656494,-0.08130495995283127,0.3262057304382324,0.40685755014419556,0.10967743396759033,0.3135646879673004,0.4653378427028656,-0.07203833758831024,0.3259177803993225,0.4029565155506134,0.10909885168075562,0.33195024728775024,0.4046356678009033,-0.053192753344774246,0.3394501805305481,0.378461629152298,0.05316039174795151,0.27205362915992737,0.43281033635139465,-0.03774255886673927,0.28223708271980286,0.36646029353141785,0.10725241899490356,0.30953195691108704,0.4341718554496765,0.1037084311246872,0.3129000663757324,0.42784327268600464,0.17532436549663544,0.3203183710575104,0.4264461100101471,0.12012074887752533,0.320939838886261,0.4317612946033478,0.1814722716808319,0.3064839541912079,0.4578533172607422,0.15498322248458862,0.30840373039245605,0.4566177725791931,0.20149514079093933
0578,./images/114/frame_00578.jpg,Fall,0.2533799707889557,0.29557371139526367,-0.017582129687070847,0.24995553493499756,0.28899458050727844,-0.034788358956575394,0.24980981647968292,0.2892342209815979,-0.03478015586733818,0.24972446262836456,0.2895919680595398,-0.03480619937181473,0.2507270276546478,0.28582966327667236,-0.020629893988370895,0.25119346380233765,0.28355705738067627,-0.02064964547753334,0.2517654299736023,0.2811472713947296,-0.020662100985646248,0.2526875436306,0.2869306206703186,-0.08824364840984344,0.25641709566116333,0.273172527551651,-0.024216514080762863,0.25799185037612915,0.2987716495990753,-0.034860678017139435,0.25905266404151917,0.2957339882850647,-0.016306567937135696,0.28005900979042053,0.32637259364128113,-0.13141681253910065,0.2966477572917938,0.2733602225780487,0.02001469023525715,0.3052847981452942,0.3874545693397522,-0.1156468540430069,0.32776373624801636,0.33202064037323,0.10147839784622192,0.31216341257095337,0.4518592059612274,-0.03600340709090233,0.3205346465110779,0.38112038373947144,0.16222615540027618,0.30978837609291077,0.46660903096199036,-0.04269330948591232,0.31985729932785034,0.39238712191581726,0.17566850781440735,0.30623897910118103,0.4639890491962433,-0.04292251914739609,0.3168887794017792,0.3940318524837494,0.16223672032356262,0.30986589193344116,0.4570715129375458,-0.034966882318258286,0.3164977431297302,0.3908242881298065,0.15781977772712708,0.3312740921974182,0.4046080410480499,-0.05415540188550949,0.3396874964237213,0.3785645663738251,0.05410485714673996,0.270865797996521,0.43613189458847046,-0.02563835307955742,0.28570398688316345,0.3687717318534851,0.12360129505395889,0.3134189248085022,0.43752020597457886,0.07767510414123535,0.3184134364128113,0.4276024401187897,0.15260860323905945,0.3209548890590668,0.43271294236183167,0.09077949821949005,0.3253769874572754,0.4309791922569275,0.1541478931903839,0.31703025102615356,0.462382048368454,0.13900408148765564,0.3185448944568634,0.45520859956741333,0.16970530152320862
0579,./images/114/frame_00579.jpg,Fall,0.2541414499282837,0.2940165102481842,-0.010841860435903072,0.25071877241134644,0.28775882720947266,-0.027955472469329834,0.2505185902118683,0.2881176173686981,-0.027951976284384727,0.25037476420402527,0.28859248757362366,-0.027976755052804947,0.2515982985496521,0.2843081057071686,-0.01480941753834486,0.2520787715911865,0.28200867772102356,-0.014826199039816856,0.2526465952396393,0.2796412706375122,-0.014836992137134075,0.2530117332935333,0.2861701250076294,-0.08129240572452545,0.2571658492088318,0.2719607353210449,-0.02157243900001049,0.2584531903266907,0.29752033948898315,-0.028167257085442543,0.2595430314540863,0.29419130086898804,-0.01088882889598608,0.27990949153900146,0.32394516468048096,-0.12247776985168457,0.2963311970233917,0.2734855115413666,0.0206461139023304,0.30230292677879333,0.39127951860427856,-0.08906946331262589,0.3241136372089386,0.33465713262557983,0.0944989025592804,0.3013911843299866,0.4310011863708496,0.00941701140254736,0.314759761095047,0.3820834755897522,0.14266768097877502,0.3013707995414734,0.4432631731033325,0.0066732726991176605,0.3137767016887665,0.3941190540790558,0.15302357077598572,0.3001217842102051,0.4380156695842743,0.0048316121101379395,0.3111753761768341,0.3942534625530243,0.13997063040733337,0.3001735806465149,0.43123382329940796,0.010608166456222534,0.31073230504989624,0.3910948932170868,0.13811847567558289,0.33049434423446655,0.40446263551712036,-0.05522671341896057,0.339588463306427,0.378430038690567,0.05515579506754875,0.2708054482936859,0.43672066926956177,-0.02274584397673607,0.2850673794746399,0.3708280324935913,0.12480940669775009,0.3129129707813263,0.4405471384525299,0.0826302021741867,0.31924402713775635,0.42867884039878845,0.14722682535648346,0.32097557187080383,0.4366253614425659,0.09645655751228333,0.3225175738334656,0.4319491386413574,0.14817050099372864,0.31148675084114075,0.4663424491882324,0.13927534222602844,0.3142955005168915,0.4593391418457031,0.15997007489204407
0580,./images/114/frame_00580.jpg,Fall,0.25392013788223267,0.29191774129867554,-0.02774159051477909,0.25059258937835693,0.2853609025478363,-0.04504227638244629,0.2504619359970093,0.28589969873428345,-0.0450553335249424,0.250340074300766,0.2864503562450409,-0.045098450034856796,0.25149184465408325,0.282004177570343,-0.031222080811858177,0.25200697779655457,0.2797915041446686,-0.031248312443494797,0.2526056468486786,0.2775251269340515,-0.0312654972076416,0.25322678685188293,0.2841843366622925,-0.09533809125423431,0.2574995458126068,0.27013009786605835,-0.03248990327119827,0.25828760862350464,0.2958659827709198,-0.04336859658360481,0.25942331552505493,0.2925134301185608,-0.02494099922478199,0.27999234199523926,0.32399871945381165,-0.1321786344051361,0.2961229383945465,0.2736138105392456,0.01821069046854973,0.30239683389663696,0.3878612220287323,-0.10750969499349594,0.32415571808815,0.336088627576828,0.06514377892017365,0.30607426166534424,0.43886205554008484,-0.020927978679537773,0.3187510669231415,0.3900516629219055,0.0944792777299881,0.3081928789615631,0.4567946195602417,-0.02868359349668026,0.31883007287979126,0.40336641669273376,0.10063085705041885,0.30669376254081726,0.4528217613697052,-0.024417830631136894,0.31688418984413147,0.40488553047180176,0.08834318071603775,0.30589061975479126,0.4457675814628601,-0.017489269375801086,0.31634458899497986,0.400854229927063,0.08953122794628143,0.3305615782737732,0.40431979298591614,-0.05462203174829483,0.339529812335968,0.37820789217948914,0.054546184837818146,0.2712322175502777,0.43560802936553955,-0.02036033198237419,0.2852555811405182,0.3698153495788574,0.13367727398872375,0.31329023838043213,0.44039517641067505,0.08988233655691147,0.31829729676246643,0.4248681366443634,0.15438133478164673,0.320913165807724,0.43308475613594055,0.10254712402820587,0.32396200299263,0.4278661608695984,0.16135698556900024,0.3159075677394867,0.4625493288040161,0.15419086813926697,0.31740662455558777,0.4522385597229004,0.17928053438663483
0581,./images/114/frame_00581.jpg,Fall,0.25515633821487427,0.29106876254081726,-0.03293842449784279,0.2517032027244568,0.2850193381309509,-0.0498528927564621,0.2514926493167877,0.28559964895248413,-0.049851786345243454,0.2513234317302704,0.28623905777931213,-0.0498838946223259,0.2526628375053406,0.28127366304397583,-0.03643718361854553,0.2531893253326416,0.2788824737071991,-0.036464788019657135,0.25389403104782104,0.2761894166469574,-0.036482397466897964,0.25428080558776855,0.2844129204750061,-0.09998691082000732,0.2587571442127228,0.26875388622283936,-0.03617214411497116,0.25943422317504883,0.29492923617362976,-0.048721522092819214,0.2607741951942444,0.2910041809082031,-0.030894994735717773,0.28006511926651,0.3243776559829712,-0.13647349178791046,0.29715657234191895,0.27264514565467834,0.01035628467798233,0.30223241448402405,0.385661780834198,-0.11462384462356567,0.3237012028694153,0.3343823254108429,0.08931481838226318,0.307174950838089,0.4398762881755829,-0.0342777743935585,0.3147720694541931,0.38300421833992004,0.1525520384311676,0.3074546456336975,0.46096792817115784,-0.0408138632774353,0.3140398859977722,0.39452365040779114,0.16552679240703583,0.3052975535392761,0.45710283517837524,-0.04141318053007126,0.311251699924469,0.3958260416984558,0.15263816714286804,0.3063013255596161,0.44568324089050293,-0.033146727830171585,0.3109684884548187,0.39274847507476807,0.14860865473747253,0.3301964998245239,0.4044603109359741,-0.054218839854002,0.3395302891731262,0.37783321738243103,0.05414910987019539,0.2713540196418762,0.4355977773666382,-0.015667496249079704,0.28584492206573486,0.36901992559432983,0.137190580368042,0.3149842619895935,0.44065967202186584,0.0892428308725357,0.31891143321990967,0.42500317096710205,0.15603379905223846,0.32058215141296387,0.43434885144233704,0.10263749212026596,0.3255409598350525,0.4278191924095154,0.16836482286453247,0.3205198645591736,0.4661235809326172,0.15000265836715698,0.31953737139701843,0.45248302817344666,0.18098333477973938
0582,./images/114/frame_00582.jpg,Fall,0.2563452124595642,0.2890748977661133,-0.0003274297050666064,0.25251588225364685,0.28358104825019836,-0.01802719011902809,0.2522343099117279,0.2842808961868286,-0.01803317293524742,0.2520027458667755,0.2850572466850281,-0.0180611964315176,0.25363561511039734,0.2793780565261841,-0.0056318859569728374,0.25427159667015076,0.2767394483089447,-0.005656336434185505,0.25501301884651184,0.274003267288208,-0.005662805400788784,0.25469183921813965,0.2836393713951111,-0.07223720103502274,0.25963765382766724,0.26742666959762573,-0.01636156067252159,0.26045331358909607,0.29333674907684326,-0.018013406544923782,0.2620079517364502,0.28890129923820496,-0.0019664992578327656,0.27935510873794556,0.3237832188606262,-0.11260224878787994,0.29869741201400757,0.2709669768810272,0.03119228221476078,0.3002557158470154,0.3824944794178009,-0.06115460395812988,0.32205840945243835,0.33322933316230774,0.13374446332454681,0.2908068299293518,0.41533592343330383,0.06675677746534348,0.30286532640457153,0.36299505829811096,0.219928577542305,0.28898710012435913,0.42612791061401367,0.07128489762544632,0.2993538975715637,0.3706813454627991,0.23714283108711243,0.2878117859363556,0.4196956157684326,0.06842643022537231,0.29645416140556335,0.3698217570781708,0.22656111419200897,0.28851693868637085,0.4131301939487457,0.068892702460289,0.2967233657836914,0.3672262728214264,0.21748189628124237,0.3299735188484192,0.4043674170970917,-0.05682741850614548,0.33984580636024475,0.37754499912261963,0.05677599832415581,0.2714506983757019,0.43579572439193726,-0.017707236111164093,0.2872198224067688,0.3687171936035156,0.13111120462417603,0.3161298632621765,0.44150102138519287,0.06788473576307297,0.3211100697517395,0.4251842498779297,0.1487889587879181,0.32411929965019226,0.43453988432884216,0.07975385338068008,0.3288804590702057,0.4287184774875641,0.15072783827781677,0.3229718804359436,0.48104849457740784,0.11988630145788193,0.3218066990375519,0.45427677035331726,0.15974053740501404
0583,./images/114/frame_00583.jpg,Fall,0.2573389410972595,0.28643831610679626,0.010509940795600414,0.25336843729019165,0.2817908525466919,-0.007269242312759161,0.2530020773410797,0.28271231055259705,-0.007275133393704891,0.2526948153972626,0.28369635343551636,-0.0073022968135774136,0.2546970248222351,0.27677643299102783,0.005318681709468365,0.25537580251693726,0.27390503883361816,0.005298185162246227,0.2561420798301697,0.2710188627243042,0.00529314111918211,0.2551216185092926,0.2828425467014313,-0.0629500150680542,0.2607172131538391,0.264975905418396,-0.006198536604642868,0.2609309256076813,0.2912381887435913,-0.007664867676794529,0.2628992199897766,0.28557273745536804,0.00874063465744257,0.27829262614250183,0.32338765263557434,-0.10764150321483612,0.3003966212272644,0.26898184418678284,0.03696579486131668,0.29928717017173767,0.37818092107772827,-0.07066954672336578,0.3220959007740021,0.33019351959228516,0.1277960240840912,0.2949914038181305,0.41297683119773865,0.03885043412446976,0.3060190975666046,0.3582732379436493,0.19947126507759094,0.2940662205219269,0.42294424772262573,0.039739131927490234,0.30326011776924133,0.36609339714050293,0.21481923758983612,0.29148635268211365,0.41775810718536377,0.037775520235300064,0.3000723719596863,0.3652346730232239,0.20431101322174072,0.29307547211647034,0.4115021228790283,0.040505535900592804,0.3000573515892029,0.3627181053161621,0.19651304185390472,0.3290911018848419,0.40429654717445374,-0.057674724608659744,0.34097012877464294,0.37743526697158813,0.057618748396635056,0.27158939838409424,0.4350246787071228,-0.004119540099054575,0.2906622290611267,0.37033745646476746,0.1426982581615448,0.31579890847206116,0.44156336784362793,0.07049587368965149,0.32422927021980286,0.429005891084671,0.1533481627702713,0.32393819093704224,0.43541204929351807,0.08160681277513504,0.328739196062088,0.43241390585899353,0.15406884253025055,0.32427334785461426,0.4804987609386444,0.11964621394872665,0.3190440535545349,0.45990392565727234,0.1622573882341385
0584,./images/114/frame_00584.jpg,Fall,0.25695621967315674,0.28651806712150574,0.0057078767567873,0.25318634510040283,0.2814542353153229,-0.011534223333001137,0.25283992290496826,0.2822650671005249,-0.011535190977156162,0.2525542676448822,0.2831662595272064,-0.011560062877833843,0.2545000910758972,0.2767821252346039,0.0017136366805061698,0.2551717162132263,0.2740602195262909,0.0016968516865745187,0.25598353147506714,0.27116185426712036,0.0016894551226869226,0.25511714816093445,0.28207138180732727,-0.06602074205875397,0.2606222331523895,0.2648921310901642,-0.006213341373950243,0.26078498363494873,0.2910669445991516,-0.012116722762584686,0.2626217007637024,0.2860458195209503,0.005221583880484104,0.2782757580280304,0.3218344449996948,-0.1114337220788002,0.3001382052898407,0.26893186569213867,0.03674013912677765,0.299447238445282,0.3794116973876953,-0.08650223910808563,0.3223966956138611,0.32919541001319885,0.11839541047811508,0.29570868611335754,0.42180851101875305,0.006607372313737869,0.30875033140182495,0.3630293011665344,0.1779009997844696,0.2970964312553406,0.4337264895439148,0.0037513594143092632,0.3068768382072449,0.3720453083515167,0.19155065715312958,0.29590147733688354,0.42916059494018555,0.002846980467438698,0.30366069078445435,0.37217575311660767,0.1802223026752472,0.2949497103691101,0.42242881655693054,0.00801389291882515,0.30345937609672546,0.3695663809776306,0.17424477636814117,0.3289709985256195,0.40425604581832886,-0.05749750882387161,0.3409198820590973,0.37730300426483154,0.057422470301389694,0.2717048227787018,0.43446803092956543,-0.007261604070663452,0.28969627618789673,0.3698793053627014,0.13995805382728577,0.3155117630958557,0.44091516733169556,0.0757913812994957,0.32453396916389465,0.42857441306114197,0.14995050430297852,0.3239038586616516,0.43630561232566833,0.08792612701654434,0.3313215374946594,0.4312848448753357,0.14994409680366516,0.32423946261405945,0.4795254170894623,0.1257268488407135,0.32525724172592163,0.459701806306839,0.16146038472652435
0585,./images/114/frame_00585.jpg,Fall,0.25662311911582947,0.28655344247817993,-0.0017930741887539625,0.2529643177986145,0.281158447265625,-0.01926855929195881,0.2526586949825287,0.28186410665512085,-0.01927531510591507,0.25242048501968384,0.28268149495124817,-0.01930510252714157,0.2542192339897156,0.27685874700546265,-0.005936210043728352,0.2548825144767761,0.2742964029312134,-0.005956812761723995,0.25565510988235474,0.2715970575809479,-0.005958425812423229,0.25527310371398926,0.2814827561378479,-0.07268206775188446,0.2604806423187256,0.26518139243125916,-0.012570570223033428,0.26061850786209106,0.2909840941429138,-0.01904240995645523,0.2623560428619385,0.28633949160575867,-0.0016811253735795617,0.278301864862442,0.32070422172546387,-0.11386072635650635,0.30005308985710144,0.26857513189315796,0.032991476356983185,0.298475980758667,0.3805101215839386,-0.06963007152080536,0.32285648584365845,0.32712236046791077,0.13190725445747375,0.2902657389640808,0.4154220223426819,0.0479862317442894,0.3097107410430908,0.36130374670028687,0.21171338856220245,0.2896820604801178,0.4260934293270111,0.04958001524209976,0.30791497230529785,0.3705908954143524,0.22708511352539062,0.2884135842323303,0.4200008809566498,0.04591265320777893,0.3049374222755432,0.36987394094467163,0.21602952480316162,0.288772851228714,0.41350093483924866,0.04933870583772659,0.3046470880508423,0.3669642508029938,0.20880882441997528,0.3286610245704651,0.40399864315986633,-0.057348329573869705,0.3408212661743164,0.37721511721611023,0.05728580802679062,0.27173444628715515,0.4344019591808319,-0.013042911887168884,0.28906184434890747,0.36957859992980957,0.13385850191116333,0.3154393136501312,0.43970778584480286,0.0789022445678711,0.3239153027534485,0.4294045865535736,0.1531258523464203,0.3244192600250244,0.43590256571769714,0.09187369793653488,0.33179500699043274,0.43231841921806335,0.15525774657726288,0.321864515542984,0.47885867953300476,0.1275378167629242,0.32106077671051025,0.4623047411441803,0.1658341884613037
0586,./images/114/frame_00586.jpg,Fall,0.2567203938961029,0.2872251570224762,-0.007386484649032354,0.25325706601142883,0.2817499339580536,-0.024605218321084976,0.25300756096839905,0.28242987394332886,-0.024604901671409607,0.25282585620880127,0.283193975687027,-0.024632101878523827,0.25436973571777344,0.2773731052875519,-0.010269185528159142,0.2549745738506317,0.2747547924518585,-0.010285502299666405,0.25568535923957825,0.2719825506210327,-0.010288284160196781,0.25589025020599365,0.281530499458313,-0.07714356482028961,0.2605755627155304,0.2656998038291931,-0.01138383336365223,0.2609906792640686,0.29145604372024536,-0.024341968819499016,0.2624828517436981,0.28696736693382263,-0.005572589114308357,0.2795320749282837,0.32064369320869446,-0.11869078874588013,0.30007222294807434,0.2687682807445526,0.036128442734479904,0.2991630434989929,0.3809126615524292,-0.08617734163999557,0.3221563398838043,0.3272726535797119,0.11754924058914185,0.30005982518196106,0.42166048288345337,0.0059667848981916904,0.3097798824310303,0.36271023750305176,0.17754055559635162,0.3018384575843811,0.4338485300540924,0.00111624866258353,0.3082214593887329,0.37241581082344055,0.18941786885261536,0.30050352215766907,0.42883026599884033,0.0010910360142588615,0.30513423681259155,0.37274810671806335,0.17686215043067932,0.29979604482650757,0.42200541496276855,0.0076059200800955296,0.30486738681793213,0.36925438046455383,0.17221319675445557,0.3286895155906677,0.40395233035087585,-0.0586187019944191,0.3408127427101135,0.37760335206985474,0.05854083225131035,0.27179640531539917,0.43422457575798035,-0.008064499124884605,0.288875550031662,0.36984315514564514,0.14249560236930847,0.3153441250324249,0.4385259747505188,0.08046425879001617,0.32454127073287964,0.43059104681015015,0.15735773742198944,0.32478266954421997,0.4352937340736389,0.09226663410663605,0.33255475759506226,0.4332062602043152,0.15615221858024597,0.3220139145851135,0.4762594401836395,0.13558635115623474,0.3196157217025757,0.463746041059494,0.16960498690605164
0587,./images/114/frame_00587.jpg,Fall,0.2566007673740387,0.2875126004219055,-0.007520568557083607,0.2532881200313568,0.2819235324859619,-0.024013545364141464,0.25307121872901917,0.28252604603767395,-0.02400812692940235,0.25291305780410767,0.2832261025905609,-0.024031829088926315,0.2543519139289856,0.2777935862541199,-0.008927376940846443,0.25497815012931824,0.275227814912796,-0.008936934173107147,0.25568610429763794,0.27250057458877563,-0.008943978697061539,0.2562866508960724,0.28146088123321533,-0.07508794218301773,0.26086336374282837,0.26603347063064575,-0.006351981312036514,0.26096075773239136,0.29160869121551514,-0.02421884797513485,0.2624031603336334,0.28730618953704834,-0.004447256214916706,0.28060075640678406,0.3204368054866791,-0.1201448068022728,0.300047904253006,0.26888513565063477,0.04035751894116402,0.3020371198654175,0.3811649680137634,-0.10882618278265,0.32227352261543274,0.3278879225254059,0.11738648265600204,0.31000036001205444,0.4249105751514435,-0.03991919010877609,0.3108786940574646,0.37055641412734985,0.14372281730175018,0.3126365840435028,0.43474188446998596,-0.04863884299993515,0.3097458481788635,0.3802056908607483,0.15412333607673645,0.31066495180130005,0.43247973918914795,-0.047624845057725906,0.306560754776001,0.3815971314907074,0.14149275422096252,0.30976957082748413,0.4270717203617096,-0.03875959292054176,0.3062979578971863,0.37903496623039246,0.13858196139335632,0.3287544846534729,0.40393057465553284,-0.058999426662921906,0.3407643735408783,0.3776751756668091,0.05891953781247139,0.2717211842536926,0.43394672870635986,-0.010731888003647327,0.28861671686172485,0.3706098794937134,0.13921509683132172,0.31703871488571167,0.44113391637802124,0.0809679925441742,0.32461854815483093,0.4306125342845917,0.1583445519208908,0.327362984418869,0.43546348810195923,0.09320557117462158,0.33260345458984375,0.4331474006175995,0.1585557758808136,0.3224329948425293,0.4744378924369812,0.13627409934997559,0.32333487272262573,0.4634382128715515,0.1710960865020752
0588,./images/114/frame_00588.jpg,Fall,0.25716349482536316,0.2871100604534149,0.0004475488676689565,0.25373756885528564,0.28167280554771423,-0.0164358951151371,0.2535177767276764,0.2822919189929962,-0.01643323339521885,0.25335362553596497,0.2830177843570709,-0.016457144170999527,0.25487369298934937,0.27756941318511963,-0.0017460599774494767,0.2555471360683441,0.27504459023475647,-0.0017608015332370996,0.25630298256874084,0.2723942995071411,-0.001767381327226758,0.25669485330581665,0.281424343585968,-0.06838391721248627,0.26152902841567993,0.2658464312553406,-0.0022543729282915592,0.2616947591304779,0.2911759614944458,-0.01653156243264675,0.2631849944591522,0.2868422865867615,0.0026781202759593725,0.28075164556503296,0.32062795758247375,-0.11489617824554443,0.3002990186214447,0.2688295245170593,0.04447751119732857,0.30219751596450806,0.3796364963054657,-0.10483507066965103,0.32055729627609253,0.32736217975616455,0.12267982959747314,0.3078690767288208,0.4256569445133209,-0.02418406680226326,0.3067670464515686,0.3678717613220215,0.16852127015590668,0.3092063069343567,0.43655064702033997,-0.030008897185325623,0.30481889843940735,0.37654346227645874,0.18116214871406555,0.3070600926876068,0.4333468973636627,-0.030230101197957993,0.30153709650039673,0.37724825739860535,0.16858574748039246,0.3070846199989319,0.42732006311416626,-0.022957216948270798,0.30143648386001587,0.3752356767654419,0.16377365589141846,0.32861319184303284,0.40396827459335327,-0.05931438133120537,0.3407258689403534,0.37800711393356323,0.059233345091342926,0.2715849280357361,0.43375539779663086,-0.008553043007850647,0.288504034280777,0.3708852529525757,0.1385057270526886,0.31705060601234436,0.44414880871772766,0.07651132345199585,0.3240472674369812,0.4307335317134857,0.15405789017677307,0.3262259066104889,0.43566465377807617,0.08823789656162262,0.3320479393005371,0.4331514239311218,0.15441438555717468,0.32190489768981934,0.4750887155532837,0.13034959137439728,0.3233322501182556,0.4635458290576935,0.16610103845596313
0589,./images/114/frame_00589.jpg,Fall,0.2574874758720398,0.28684964776039124,0.0013723105657845736,0.25408411026000977,0.28149086236953735,-0.015476802363991737,0.25385230779647827,0.28212907910346985,-0.01547923218458891,0.2536753714084625,0.28288403153419495,-0.015505706891417503,0.2552824914455414,0.2773917317390442,-0.0013392579276114702,0.25598543882369995,0.2748992443084717,-0.001353100291453302,0.25677579641342163,0.2723143696784973,-0.0013593805488198996,0.2570296823978424,0.28139910101890564,-0.06748319417238235,0.26208552718162537,0.2658672630786896,-0.003773954464122653,0.2620885372161865,0.29082155227661133,-0.015559623949229717,0.2636779248714447,0.2865476906299591,0.0029385522939264774,0.2806887924671173,0.3203340470790863,-0.1127910166978836,0.3009064793586731,0.2686349153518677,0.04128112271428108,0.3018353581428528,0.3798041045665741,-0.10008744150400162,0.3205818235874176,0.3268928825855255,0.11883504688739777,0.30707865953445435,0.42520248889923096,-0.019555725157260895,0.3077012896537781,0.36676689982414246,0.16892841458320618,0.30765825510025024,0.43643271923065186,-0.024716772139072418,0.3059360384941101,0.37565091252326965,0.18132278323173523,0.3054279685020447,0.43282806873321533,-0.025104280561208725,0.3028693199157715,0.37613487243652344,0.16932938992977142,0.3057762384414673,0.4265035390853882,-0.018268302083015442,0.3027573227882385,0.3739415407180786,0.16456690430641174,0.32821038365364075,0.40394479036331177,-0.0589965283870697,0.34071800112724304,0.37822023034095764,0.05892358347773552,0.27162468433380127,0.4330335855484009,-0.009622927755117416,0.28829890489578247,0.37115681171417236,0.1370876282453537,0.31715673208236694,0.4437384605407715,0.07605744153261185,0.3238307535648346,0.4310884177684784,0.15434744954109192,0.32662245631217957,0.4375626742839813,0.08794108033180237,0.33211222290992737,0.43325546383857727,0.15550291538238525,0.3227384686470032,0.48055869340896606,0.127589613199234,0.32323867082595825,0.46506309509277344,0.16709786653518677
0590,./images/114/frame_00590.jpg,Fall,0.2576355040073395,0.28655311465263367,0.0010797407012432814,0.2543143630027771,0.28111138939857483,-0.016306256875395775,0.254119336605072,0.28177112340927124,-0.01628938689827919,0.25397783517837524,0.2825688123703003,-0.016282787546515465,0.25543561577796936,0.277061402797699,-0.0017986673628911376,0.25617408752441406,0.2745298743247986,-0.0018170594703406096,0.2569790482521057,0.2720048725605011,-0.0018544297199696302,0.25745323300361633,0.28125935792922974,-0.07006719708442688,0.26238980889320374,0.2656325101852417,-0.005764617584645748,0.26229560375213623,0.2905954122543335,-0.01734357327222824,0.26383107900619507,0.28630080819129944,0.002282156841829419,0.2808409631252289,0.3201427161693573,-0.11521247774362564,0.3012332320213318,0.2683386504650116,0.03671108931303024,0.3018264174461365,0.3802729845046997,-0.10514326393604279,0.323184609413147,0.3226802945137024,0.11657018959522247,0.30786529183387756,0.4298208951950073,-0.03377128764986992,0.3101848065853119,0.3610982596874237,0.17424437403678894,0.31008273363113403,0.4411247670650482,-0.04025217145681381,0.30872973799705505,0.3691924512386322,0.18773145973682404,0.308010995388031,0.43863144516944885,-0.04033725708723068,0.3050679862499237,0.37026214599609375,0.17605026066303253,0.3075673282146454,0.43226099014282227,-0.032804183661937714,0.30488914251327515,0.36872050166130066,0.17041847109794617,0.3281554877758026,0.4037579894065857,-0.057005226612091064,0.34083667397499084,0.3775889575481415,0.05691511556506157,0.2716377377510071,0.43227580189704895,-0.008137294091284275,0.2881316542625427,0.36947309970855713,0.13874667882919312,0.31687039136886597,0.4439903199672699,0.10044238716363907,0.32273557782173157,0.42887014150619507,0.18058201670646667,0.32727330923080444,0.437344491481781,0.1150062084197998,0.3316446840763092,0.4312613308429718,0.1849670708179474,0.3217840790748596,0.4794280230998993,0.15713906288146973,0.3216204047203064,0.4624364674091339,0.20035862922668457
0591,./images/114/frame_00591.jpg,Fall,0.25778287649154663,0.2866886854171753,-0.002660370897501707,0.25450968742370605,0.2812497615814209,-0.019825635477900505,0.25433284044265747,0.28190430998802185,-0.01981608010828495,0.2542111575603485,0.28269487619400024,-0.01982496865093708,0.25560760498046875,0.2772091031074524,-0.005645989440381527,0.25631850957870483,0.27468958497047424,-0.005664501804858446,0.2571698725223541,0.2721700370311737,-0.0056875040754675865,0.25767165422439575,0.28133466839790344,-0.07245729118585587,0.2625535726547241,0.26573464274406433,-0.008697942830622196,0.26238077878952026,0.29068660736083984,-0.02025752142071724,0.26382461190223694,0.2863401770591736,-0.001350355101749301,0.2817147374153137,0.3198620676994324,-0.11665263026952744,0.3017175793647766,0.2682967782020569,0.036270733922719955,0.3018471300601959,0.38891682028770447,-0.10625118017196655,0.3223499357700348,0.32257986068725586,0.11641357839107513,0.30696508288383484,0.43243926763534546,-0.0334901437163353,0.3082183301448822,0.3615914285182953,0.1741665005683899,0.30877673625946045,0.4430605173110962,-0.041086696088314056,0.3065270781517029,0.36949390172958374,0.18708474934101105,0.3067344129085541,0.4405592679977417,-0.041071731597185135,0.3029521107673645,0.3705495297908783,0.17480280995368958,0.3064011335372925,0.43433961272239685,-0.032611340284347534,0.3028211295604706,0.3692031502723694,0.16998924314975739,0.328315794467926,0.40345299243927,-0.05699530243873596,0.34104520082473755,0.3773045837879181,0.05690624192357063,0.27173560857772827,0.4317830502986908,-0.008906585164368153,0.28803664445877075,0.36832547187805176,0.1394575983285904,0.3167726397514343,0.44393953680992126,0.10434108972549438,0.3225651681423187,0.42856866121292114,0.18512624502182007,0.3277898132801056,0.43673112988471985,0.11927133798599243,0.3312121629714966,0.431228369474411,0.1896897554397583,0.32121482491493225,0.4762381315231323,0.16237126290798187,0.3212893307209015,0.46163180470466614,0.20482158660888672
0592,./images/114/frame_00592.jpg,Fall,0.2577175498008728,0.2872059643268585,-0.004579600878059864,0.254535049200058,0.2813483476638794,-0.021557290107011795,0.2544035017490387,0.2820005714893341,-0.021562611684203148,0.25432735681533813,0.2827708125114441,-0.0215828325599432,0.25556203722953796,0.277226984500885,-0.007124742027372122,0.25625094771385193,0.27480030059814453,-0.007134735584259033,0.25706884264945984,0.27248725295066833,-0.007154475897550583,0.25793275237083435,0.2812015116214752,-0.07373061031103134,0.2624410390853882,0.2659013271331787,-0.009045060724020004,0.26241499185562134,0.2908841371536255,-0.02190748229622841,0.26377031207084656,0.28695255517959595,-0.002675433410331607,0.2830927073955536,0.3190491795539856,-0.11763012409210205,0.30157411098480225,0.26834309101104736,0.033519186079502106,0.30171194672584534,0.39025115966796875,-0.10516752302646637,0.32220619916915894,0.322951078414917,0.10748232901096344,0.3026239275932312,0.42953991889953613,-0.027903620153665543,0.30844610929489136,0.3624730408191681,0.1572604477405548,0.3038193881511688,0.44038891792297363,-0.03410642594099045,0.3068191409111023,0.37066200375556946,0.16817255318164825,0.30172187089920044,0.4357239902019501,-0.03431353718042374,0.3031673729419708,0.37188372015953064,0.15600696206092834,0.30157360434532166,0.4292451739311218,-0.02680939994752407,0.30304616689682007,0.3702695071697235,0.15288658440113068,0.32906049489974976,0.40297821164131165,-0.05690203979611397,0.3406910300254822,0.3772457540035248,0.05682017654180527,0.2721538543701172,0.4318369925022125,-0.015453116968274117,0.2856687009334564,0.3703097999095917,0.13365274667739868,0.31861990690231323,0.44461292028427124,0.09619562327861786,0.323147714138031,0.42995068430900574,0.17752961814403534,0.3275744318962097,0.43904468417167664,0.111425019800663,0.33224520087242126,0.4320065677165985,0.18048147857189178,0.32238465547561646,0.4762785732746124,0.15924984216690063,0.3226120173931122,0.46414944529533386,0.1938553899526596
0593,./images/114/frame_00593.jpg,Fall,0.2576668858528137,0.2877956032752991,-0.00899999774992466,0.2544689476490021,0.28140589594841003,-0.026214387267827988,0.2543420195579529,0.2820696234703064,-0.02622835338115692,0.25427597761154175,0.2828361988067627,-0.0262628011405468,0.25549906492233276,0.27728700637817383,-0.011562270112335682,0.25618383288383484,0.2749279737472534,-0.011570233851671219,0.2569964528083801,0.27275484800338745,-0.011581262573599815,0.2580564320087433,0.2811242341995239,-0.07897612452507019,0.26238521933555603,0.2661142647266388,-0.01287293154746294,0.26237770915031433,0.2912634015083313,-0.026220778003335,0.2637116312980652,0.28762462735176086,-0.006839232053607702,0.28331682085990906,0.3187912702560425,-0.12164454162120819,0.3017796277999878,0.26841047406196594,0.03023531474173069,0.3019713759422302,0.3906418979167938,-0.10456942021846771,0.3227575123310089,0.32298487424850464,0.10540590435266495,0.3017752170562744,0.4261435270309448,-0.025069311261177063,0.3092033863067627,0.3629864454269409,0.15666472911834717,0.30258625745773315,0.4367213249206543,-0.031108733266592026,0.30752283334732056,0.3712957501411438,0.16774234175682068,0.3004591464996338,0.4310399293899536,-0.0314149335026741,0.30379101634025574,0.3727326989173889,0.15568310022354126,0.3005293011665344,0.4245692491531372,-0.02386453188955784,0.3036804795265198,0.3709658682346344,0.15239112079143524,0.3291547894477844,0.40291205048561096,-0.0568963997066021,0.34060150384902954,0.3773151934146881,0.05681535601615906,0.2724083364009857,0.4318181872367859,-0.010614471510052681,0.2856890857219696,0.37071025371551514,0.14196857810020447,0.3195000886917114,0.4478084146976471,0.0935291200876236,0.32353276014328003,0.4314962923526764,0.18573622405529022,0.3274853825569153,0.44046127796173096,0.10790474712848663,0.3329533636569977,0.43344417214393616,0.1898224651813507,0.3227519392967224,0.48087090253829956,0.15619966387748718,0.3224369287490845,0.46777474880218506,0.20397377014160156
0594,./images/114/frame_00594.jpg,Fall,0.2576234042644501,0.28807520866394043,-0.015149061568081379,0.2544519603252411,0.2814732789993286,-0.031885020434856415,0.2543521523475647,0.2820912301540375,-0.03189244493842125,0.25431615114212036,0.2827819287776947,-0.03192837908864021,0.25545215606689453,0.2773204445838928,-0.01679098606109619,0.2561319172382355,0.27495089173316956,-0.016797274351119995,0.2569347023963928,0.27284568548202515,-0.016807284206151962,0.25823649764060974,0.2805004417896271,-0.08319853246212006,0.2623237073421478,0.26615986227989197,-0.014903901144862175,0.26250988245010376,0.2913164496421814,-0.03181083872914314,0.26376479864120483,0.2878449261188507,-0.011919284239411354,0.28395092487335205,0.3183142840862274,-0.12749770283699036,0.30177730321884155,0.2685820460319519,0.030492791905999184,0.3051462769508362,0.3901660144329071,-0.1139482706785202,0.32313331961631775,0.32451024651527405,0.10522931814193726,0.3068734407424927,0.4263342618942261,-0.03810356184840202,0.3100225329399109,0.36669740080833435,0.15364418923854828,0.3085070848464966,0.43728935718536377,-0.045296505093574524,0.30824464559555054,0.3756561279296875,0.16587750613689423,0.3059905469417572,0.4313327670097351,-0.04501128941774368,0.30427831411361694,0.37663692235946655,0.15338867902755737,0.3056832551956177,0.4246453046798706,-0.036895230412483215,0.3043171167373657,0.3744232654571533,0.1491415649652481,0.32968875765800476,0.40274250507354736,-0.05755044147372246,0.3405246138572693,0.37731170654296875,0.05747421458363533,0.27304762601852417,0.4308015704154968,-0.01069215964525938,0.2857078015804291,0.3717259168624878,0.14111380279064178,0.3200639486312866,0.447922945022583,0.0851219967007637,0.32435932755470276,0.43307697772979736,0.17164772748947144,0.33008134365081787,0.4405168890953064,0.09754777699708939,0.3336022198200226,0.4346967041492462,0.17381879687309265,0.3235575556755066,0.48044195771217346,0.13679437339305878,0.32359814643859863,0.4695855379104614,0.1856662929058075
0595,./images/114/frame_00595.jpg,Fall,0.2576712667942047,0.2889638841152191,-0.020101744681596756,0.2545472979545593,0.2818324565887451,-0.0358898751437664,0.2544984221458435,0.2822791337966919,-0.03589371591806412,0.25449955463409424,0.282834529876709,-0.035926513373851776,0.2554500997066498,0.2782200574874878,-0.020644139498472214,0.25611183047294617,0.27599868178367615,-0.020644666627049446,0.256893515586853,0.2739604413509369,-0.020660627633333206,0.2586572766304016,0.28048402070999146,-0.08462797850370407,0.26235049962997437,0.26680028438568115,-0.015486282296478748,0.26273053884506226,0.2917228639125824,-0.03585296496748924,0.26379287242889404,0.28845447301864624,-0.015772981569170952,0.28458017110824585,0.31793269515037537,-0.13004660606384277,0.30151981115341187,0.26976215839385986,0.03084789775311947,0.30790168046951294,0.39017486572265625,-0.12428835779428482,0.3239540457725525,0.32862791419029236,0.09261099994182587,0.3135876953601837,0.4306078255176544,-0.06071552634239197,0.3158903121948242,0.37732994556427,0.12039677798748016,0.3162989318370819,0.44230520725250244,-0.0703207477927208,0.31514060497283936,0.38830745220184326,0.1298118680715561,0.313974529504776,0.4386948049068451,-0.06977013498544693,0.3115972876548767,0.38985389471054077,0.1173098236322403,0.3132348358631134,0.43223533034324646,-0.05980871245265007,0.31150734424591064,0.3867235481739044,0.11526437103748322,0.3302764296531677,0.40260428190231323,-0.05813746526837349,0.34020864963531494,0.3773132264614105,0.05804447457194328,0.27327507734298706,0.43003371357917786,-0.010816234163939953,0.2854159474372864,0.37254029512405396,0.13966044783592224,0.3200928568840027,0.4477895200252533,0.08439017832279205,0.3243263065814972,0.43293413519859314,0.166494220495224,0.3302026689052582,0.44045117497444153,0.0967644602060318,0.3332211375236511,0.43460071086883545,0.1678549349308014,0.32390856742858887,0.4792209565639496,0.13570593297481537,0.3239489793777466,0.46883851289749146,0.18049636483192444
0596,./images/114/frame_00596.jpg,Fall,0.257983922958374,0.290260374546051,-0.013609644956886768,0.2549472749233246,0.2829800844192505,-0.030906489118933678,0.25497379899024963,0.2832469642162323,-0.03091999888420105,0.25505512952804565,0.28362685441970825,-0.030955731868743896,0.2557033896446228,0.27990415692329407,-0.015720879659056664,0.2562912404537201,0.27768346667289734,-0.015723582357168198,0.2570452094078064,0.27566245198249817,-0.015731817111372948,0.2594439387321472,0.2806655764579773,-0.08411921560764313,0.26277217268943787,0.26793012022972107,-0.014549304731190205,0.26324519515037537,0.29272711277008057,-0.030818302184343338,0.26418277621269226,0.2899647057056427,-0.010792410001158714,0.28465917706489563,0.31800511479377747,-0.12789376080036163,0.3019934296607971,0.2697775363922119,0.03112834319472313,0.30466875433921814,0.392731249332428,-0.10950224101543427,0.32454100251197815,0.3282969892024994,0.10314109176397324,0.29603999853134155,0.43009182810783386,-0.02262669987976551,0.3153234124183655,0.3746512830257416,0.14279957115650177,0.2946019172668457,0.4418644905090332,-0.0286458320915699,0.31452706456184387,0.38532310724258423,0.15189316868782043,0.29239600896835327,0.4364579916000366,-0.02748950384557247,0.31127482652664185,0.3858637809753418,0.1386096477508545,0.293151319026947,0.4297677278518677,-0.020570220425724983,0.3112570345401764,0.38266947865486145,0.13779625296592712,0.33026039600372314,0.4025746285915375,-0.0581122562289238,0.3401818871498108,0.3773123323917389,0.05801510810852051,0.2732582986354828,0.43003183603286743,-0.012110890820622444,0.2856748402118683,0.3724154233932495,0.14009036123752594,0.31977444887161255,0.4475841522216797,0.08467153459787369,0.32427501678466797,0.4328647553920746,0.17498984932899475,0.3298395574092865,0.4398787319660187,0.09703414142131805,0.33304888010025024,0.4346716105937958,0.17767608165740967,0.3236485719680786,0.4781133532524109,0.1376398503780365,0.32402679324150085,0.46841588616371155,0.19231866300106049
0597,./images/114/frame_00597.jpg,Fall,0.25823235511779785,0.2909238934516907,-0.009271221235394478,0.2551908791065216,0.28386905789375305,-0.026672765612602234,0.25524473190307617,0.2840622365474701,-0.026684144511818886,0.25534600019454956,0.2843591570854187,-0.026716724038124084,0.2558411955833435,0.28096693754196167,-0.01145865861326456,0.256367027759552,0.2787441313266754,-0.011461700312793255,0.25709208846092224,0.2766907513141632,-0.011468714103102684,0.2597241997718811,0.28089210391044617,-0.08134067058563232,0.2629016041755676,0.2687387764453888,-0.011550342664122581,0.2635125517845154,0.2932966351509094,-0.026936938986182213,0.26439401507377625,0.2906912863254547,-0.006831635721027851,0.2846584618091583,0.31780093908309937,-0.12670081853866577,0.30197376012802124,0.2700025141239166,0.03247891739010811,0.3031012713909149,0.39223018288612366,-0.10923220962285995,0.32349693775177,0.32845279574394226,0.10286985337734222,0.29474562406539917,0.4276460111141205,-0.02349167689681053,0.3131161630153656,0.3742855191230774,0.14141380786895752,0.2936550974845886,0.43926045298576355,-0.029210377484560013,0.31188011169433594,0.38472557067871094,0.15136243402957916,0.29147738218307495,0.4329898953437805,-0.02939743362367153,0.30859026312828064,0.3852505683898926,0.13859549164772034,0.2921372056007385,0.4264174997806549,-0.02208123728632927,0.3085886240005493,0.38227516412734985,0.1364918351173401,0.3301512598991394,0.40241914987564087,-0.05806294083595276,0.33988845348358154,0.37741613388061523,0.057968296110630035,0.27303218841552734,0.4291916787624359,-0.012831153348088264,0.2856636047363281,0.3725498914718628,0.14165811240673065,0.3196141719818115,0.44747936725616455,0.08389734476804733,0.3242086172103882,0.4330829083919525,0.17701879143714905,0.32971519231796265,0.43952929973602295,0.09658975154161453,0.3329959809780121,0.4349674582481384,0.17974619567394257,0.3234283924102783,0.4769003093242645,0.13789111375808716,0.32389339804649353,0.46798112988471985,0.19559863209724426
0598,./images/114/frame_00598.jpg,Fall,0.2582767903804779,0.29090645909309387,-0.010131189599633217,0.255302757024765,0.2838912606239319,-0.027257034555077553,0.2553842067718506,0.2840816080570221,-0.027268115431070328,0.2554822564125061,0.2843915820121765,-0.027302872389554977,0.25599271059036255,0.2809465229511261,-0.012048611417412758,0.2565867602825165,0.27871251106262207,-0.01205255277454853,0.2573300004005432,0.2766435742378235,-0.012064986862242222,0.25991877913475037,0.28093788027763367,-0.08128582686185837,0.26332420110702515,0.26877591013908386,-0.011668054386973381,0.2636387050151825,0.2933332324028015,-0.027646398171782494,0.2645267844200134,0.29066896438598633,-0.0075666955672204494,0.282579243183136,0.3166925311088562,-0.12619838118553162,0.3019406497478485,0.2701110541820526,0.030939172953367233,0.3031073212623596,0.3922438323497772,-0.10942395776510239,0.32412189245224,0.3287321627140045,0.09831665456295013,0.2951463758945465,0.42673003673553467,-0.027499515563249588,0.31364497542381287,0.37372711300849915,0.1390572488307953,0.2942247986793518,0.43815264105796814,-0.03359200805425644,0.3125041127204895,0.38395532965660095,0.14988954365253448,0.2929726243019104,0.43186941742897034,-0.03322463855147362,0.3089026212692261,0.38449886441230774,0.1373903900384903,0.2934325039386749,0.42545285820961,-0.026043256744742393,0.3087863326072693,0.38165053725242615,0.1343519389629364,0.3299744725227356,0.4023699462413788,-0.05803478881716728,0.33941787481307983,0.3773735761642456,0.057939834892749786,0.27287572622299194,0.4283236265182495,-0.013393377885222435,0.2848629355430603,0.3725354075431824,0.13921426236629486,0.3184802234172821,0.4466671943664551,0.08372655510902405,0.32358068227767944,0.4329543113708496,0.17232590913772583,0.32867997884750366,0.43858057260513306,0.09660963714122772,0.3320237994194031,0.43464723229408264,0.17473556101322174,0.32315412163734436,0.4748813509941101,0.13801321387290955,0.323706716299057,0.4674586355686188,0.19194838404655457
0599,./images/114/frame_00599.jpg,Fall,0.258331835269928,0.2912515103816986,-0.022677835077047348,0.2553897500038147,0.28436166048049927,-0.03846496343612671,0.25546565651893616,0.284525990486145,-0.03847169503569603,0.25555986166000366,0.2848051190376282,-0.03850870579481125,0.25604692101478577,0.28161054849624634,-0.02295704185962677,0.25661763548851013,0.2792143225669861,-0.02296368218958378,0.25734686851501465,0.2771802544593811,-0.022993341088294983,0.26005521416664124,0.28112679719924927,-0.08706120401620865,0.26332396268844604,0.269442617893219,-0.016438905149698257,0.2637336850166321,0.293722003698349,-0.038342785090208054,0.2646147608757019,0.2912117540836334,-0.01790359988808632,0.2837586998939514,0.3166901171207428,-0.13332930207252502,0.30095452070236206,0.27058959007263184,0.030991902574896812,0.3072455823421478,0.392313688993454,-0.1320318877696991,0.3239228129386902,0.3289439082145691,0.0957644134759903,0.31125742197036743,0.433409720659256,-0.07630633562803268,0.31377020478248596,0.3751281201839447,0.12826523184776306,0.31426137685775757,0.44591474533081055,-0.08780492842197418,0.3127535879611969,0.3858349621295929,0.13907673954963684,0.3117040991783142,0.44274839758872986,-0.08751396834850311,0.309001088142395,0.38733160495758057,0.12552063167095184,0.31078779697418213,0.4360864758491516,-0.07580482959747314,0.30893489718437195,0.3844781219959259,0.12297026067972183,0.33007436990737915,0.4022881090641022,-0.058909498155117035,0.33858734369277954,0.37705081701278687,0.05881761759519577,0.27287042140960693,0.4277430772781372,-0.018182793632149696,0.281332403421402,0.37302908301353455,0.13121601939201355,0.31794971227645874,0.44630560278892517,0.0841173380613327,0.3231063485145569,0.4329357147216797,0.163184255361557,0.3276662230491638,0.4384705722332001,0.09740783274173737,0.3313979506492615,0.4343089163303375,0.16508522629737854,0.322215735912323,0.4725383222103119,0.14050672948360443,0.32362452149391174,0.4667505919933319,0.18188424408435822
0600,./images/114/frame_00600.jpg,Fall,0.2586231529712677,0.2914593517780304,-0.0036512319929897785,0.25587528944015503,0.2847123146057129,-0.01988505758345127,0.25594937801361084,0.28492286801338196,-0.019894788041710854,0.2560369372367859,0.28522923588752747,-0.01993442513048649,0.25652140378952026,0.2818416357040405,-0.004833203740417957,0.2571118474006653,0.27952733635902405,-0.004841349087655544,0.2576340436935425,0.2772199511528015,-0.0048703462816774845,0.2604835331439972,0.28142493963241577,-0.07005681842565536,0.264697790145874,0.2690635323524475,-0.001558171003125608,0.26391834020614624,0.2939348518848419,-0.020073501393198967,0.2648928165435791,0.29138413071632385,-0.00016223566490225494,0.2827806770801544,0.3138253390789032,-0.11612335592508316,0.3011380732059479,0.2706414461135864,0.04020329564809799,0.30561044812202454,0.3877665102481842,-0.10910427570343018,0.3223772644996643,0.3289196789264679,0.09750322997570038,0.30975013971328735,0.4171408414840698,-0.03940471261739731,0.3112536668777466,0.37135687470436096,0.125962495803833,0.3132421374320984,0.4266427457332611,-0.04750344529747963,0.30992478132247925,0.38098838925361633,0.1352132260799408,0.3109368681907654,0.4217471778392792,-0.04475702345371246,0.3061903417110443,0.38145801424980164,0.12258915603160858,0.310463011264801,0.4162188172340393,-0.03771498426795006,0.30598193407058716,0.37890443205833435,0.12079055607318878,0.33002880215644836,0.4018767774105072,-0.05882694199681282,0.338421493768692,0.3770454525947571,0.05873541906476021,0.2730085253715515,0.42674416303634644,-0.02554481104016304,0.2817879617214203,0.37444594502449036,0.12057439982891083,0.31793493032455444,0.44668224453926086,0.07874836027622223,0.32399120926856995,0.43788638710975647,0.16324171423912048,0.3276969790458679,0.43987494707107544,0.09227584302425385,0.3331877589225769,0.43902304768562317,0.16626176238059998,0.32216814160346985,0.47630220651626587,0.13070449233055115,0.32429662346839905,0.4738813638687134,0.18037359416484833
