frame_id,frame_path,label,kpt_0_x,kpt_0_y,kpt_0_z,kpt_1_x,kpt_1_y,kpt_1_z,kpt_2_x,kpt_2_y,kpt_2_z,kpt_3_x,kpt_3_y,kpt_3_z,kpt_4_x,kpt_4_y,kpt_4_z,kpt_5_x,kpt_5_y,kpt_5_z,kpt_6_x,kpt_6_y,kpt_6_z,kpt_7_x,kpt_7_y,kpt_7_z,kpt_8_x,kpt_8_y,kpt_8_z,kpt_9_x,kpt_9_y,kpt_9_z,kpt_10_x,kpt_10_y,kpt_10_z,kpt_11_x,kpt_11_y,kpt_11_z,kpt_12_x,kpt_12_y,kpt_12_z,kpt_13_x,kpt_13_y,kpt_13_z,kpt_14_x,kpt_14_y,kpt_14_z,kpt_15_x,kpt_15_y,kpt_15_z,kpt_16_x,kpt_16_y,kpt_16_z,kpt_17_x,kpt_17_y,kpt_17_z,kpt_18_x,kpt_18_y,kpt_18_z,kpt_19_x,kpt_19_y,kpt_19_z,kpt_20_x,kpt_20_y,kpt_20_z,kpt_21_x,kpt_21_y,kpt_21_z,kpt_22_x,kpt_22_y,kpt_22_z,kpt_23_x,kpt_23_y,kpt_23_z,kpt_24_x,kpt_24_y,kpt_24_z,kpt_25_x,kpt_25_y,kpt_25_z,kpt_26_x,kpt_26_y,kpt_26_z,kpt_27_x,kpt_27_y,kpt_27_z,kpt_28_x,kpt_28_y,kpt_28_z,kpt_29_x,kpt_29_y,kpt_29_z,kpt_30_x,kpt_30_y,kpt_30_z,kpt_31_x,kpt_31_y,kpt_31_z,kpt_32_x,kpt_32_y,kpt_32_z
0086,./images/142/frame_00086.jpg,Normal,0.5694016218185425,0.4709881544113159,-0.11451344192028046,0.5713905692100525,0.4659987986087799,-0.1269092857837677,0.5690813660621643,0.4649631381034851,-0.12690706551074982,0.568760335445404,0.46359220147132874,-0.12689343094825745,0.5719278454780579,0.46655505895614624,-0.1415913999080658,0.5721244215965271,0.4656485617160797,-0.14166359603405,0.5723156929016113,0.46472010016441345,-0.1418124884366989,0.5627838969230652,0.45084765553474426,-0.13992778956890106,0.5675249099731445,0.4531645178794861,-0.2077631652355194,0.5632201433181763,0.4683409035205841,-0.1114220842719078,0.5636561512947083,0.46935465931892395,-0.1313147097826004,0.522511899471283,0.44206300377845764,-0.11054489761590958,0.5622397065162659,0.4510737955570221,-0.20338252186775208,0.5070298314094543,0.49826329946517944,-0.03985210508108139,0.5716785192489624,0.5133414268493652,-0.1595853865146637,0.5242263078689575,0.5275402665138245,-0.023293137550354004,0.571283221244812,0.5361153483390808,-0.10562191158533096,0.5259680151939392,0.5358104705810547,-0.029207313433289528,0.5735992789268494,0.5339630842208862,-0.11221688985824585,0.5303348898887634,0.5337556004524231,-0.03654776141047478,0.5712780356407166,0.5273535251617432,-0.11829434335231781,0.5305482745170593,0.5305964350700378,-0.026724185794591904,0.5693976879119873,0.5240353345870972,-0.10576369613409042,0.5281788110733032,0.5691920518875122,0.02728996053338051,0.5442405343055725,0.5760743618011475,-0.027472946792840958,0.530597984790802,0.5990890264511108,0.2083500176668167,0.5445974469184875,0.6035628318786621,0.15032075345516205,0.5315538644790649,0.6620467305183411,0.3977105915546417,0.5405398011207581,0.6661385893821716,0.3320266306400299,0.5280399322509766,0.676271378993988,0.4177442491054535,0.5373378992080688,0.6947147846221924,0.3510780930519104,0.531324028968811,0.6675546169281006,0.4169577658176422,0.5485784411430359,0.6826252341270447,0.3417573571205139
0087,./images/142/frame_00087.jpg,Normal,0.5673251152038574,0.4679314196109772,0.09493687003850937,0.5695368051528931,0.46396419405937195,0.08618411421775818,0.5689245462417603,0.46292251348495483,0.08621041476726532,0.5687598586082458,0.4616706967353821,0.08621891587972641,0.5712615847587585,0.4643789529800415,0.07489637285470963,0.5715376138687134,0.4638337790966034,0.07487533986568451,0.5718727111816406,0.46334511041641235,0.07479008287191391,0.5642670392990112,0.4505923390388489,0.05318722873926163,0.5691683292388916,0.45540356636047363,0.0025982302613556385,0.5632487535476685,0.46468764543533325,0.08765707910060883,0.5648757219314575,0.46631351113319397,0.07265464961528778,0.5226794481277466,0.4361844062805176,0.026001397520303726,0.5659071207046509,0.445414274930954,-0.03405456244945526,0.505621075630188,0.4853048622608185,-0.0070274630561470985,0.5746545195579529,0.4891730546951294,-0.06886179745197296,0.5244660973548889,0.5204612016677856,-0.04831327125430107,0.5707553029060364,0.5308802127838135,-0.07837492972612381,0.5279268026351929,0.526081383228302,-0.057828329503536224,0.567095160484314,0.5326758623123169,-0.08338707685470581,0.5310262441635132,0.5256305932998657,-0.053514741361141205,0.5666879415512085,0.529140055179596,-0.07456857711076736,0.5308083295822144,0.5231481194496155,-0.048216432332992554,0.5664575099945068,0.5254149436950684,-0.07381187379360199,0.5214204788208008,0.5171723961830139,0.026926804333925247,0.5453110337257385,0.517799973487854,-0.02716635726392269,0.5293833017349243,0.5912032723426819,0.14198021590709686,0.556059718132019,0.5884823203086853,0.032923728227615356,0.5317450165748596,0.6619646549224854,0.13618984818458557,0.5464980006217957,0.6654702425003052,0.012346263974905014,0.5299904346466064,0.6754187941551208,0.13523229956626892,0.5403610467910767,0.6857597231864929,0.0113217793405056,0.5346888303756714,0.6767274141311646,0.12074895203113556,0.5522353649139404,0.6832460165023804,-0.011214249767363071
0088,./images/142/frame_00088.jpg,Normal,0.5688129663467407,0.4629133939743042,0.15655925869941711,0.5691937208175659,0.4590317904949188,0.152590811252594,0.5684398412704468,0.458059698343277,0.15264838933944702,0.5698329210281372,0.4571114778518677,0.15264743566513062,0.5712881088256836,0.46063876152038574,0.14190377295017242,0.5716696977615356,0.46057191491127014,0.1419200599193573,0.5721516609191895,0.46056416630744934,0.14186784625053406,0.5665097236633301,0.4479354918003082,0.12519244849681854,0.5696495175361633,0.4552454948425293,0.07702235877513885,0.5632471442222595,0.4563866853713989,0.14906825125217438,0.5650700330734253,0.45771145820617676,0.13475683331489563,0.5209855437278748,0.4393343925476074,0.09680585563182831,0.5670732259750366,0.44037458300590515,0.024103088304400444,0.5067140460014343,0.4839227795600891,0.09633484482765198,0.5747805833816528,0.4867880642414093,-0.01716656982898712,0.5242176651954651,0.5212772488594055,0.09678959846496582,0.5764126181602478,0.5313368439674377,-0.035360001027584076,0.5266231298446655,0.5274797081947327,0.09287551790475845,0.5746091604232788,0.5360116958618164,-0.04373713955283165,0.5301604270935059,0.5257415175437927,0.09702006727457047,0.5744463801383972,0.5356172919273376,-0.03417413309216499,0.5303453207015991,0.5236495733261108,0.09766404330730438,0.5747033357620239,0.531195878982544,-0.03144349902868271,0.5169651508331299,0.5012927055358887,0.028705958276987076,0.5452973246574402,0.5003842711448669,-0.029020270332694054,0.5254349112510681,0.5845136642456055,0.14011071622371674,0.5532225370407104,0.5893757939338684,0.057413358241319656,0.5282394289970398,0.6612033843994141,0.16279467940330505,0.546241283416748,0.66627037525177,0.0669037252664566,0.5282503962516785,0.6753764748573303,0.16486302018165588,0.5407507419586182,0.6868593692779541,0.06850066035985947,0.5334088206291199,0.6820516586303711,0.15167301893234253,0.5574852228164673,0.6853984594345093,0.04857318475842476
0089,./images/142/frame_00089.jpg,Normal,0.5759255886077881,0.46377772092819214,0.017128873616456985,0.57830411195755,0.4596136212348938,0.00928466860204935,0.5782586932182312,0.4580530524253845,0.009299423545598984,0.5763213038444519,0.45652249455451965,0.00931508932262659,0.5794549584388733,0.4610182046890259,-0.0026678950525820255,0.5798075795173645,0.4608001708984375,-0.0027010098565369844,0.5800069570541382,0.46065574884414673,-0.00278985733166337,0.5724202990531921,0.4481084644794464,-0.010585040785372257,0.5803360342979431,0.4551793336868286,-0.06431196630001068,0.5688526034355164,0.45608341693878174,0.014830326661467552,0.5712102055549622,0.45776981115341187,-0.0012923696776852012,0.5301868319511414,0.4389026165008545,-0.009464859962463379,0.567566990852356,0.44173914194107056,-0.08624275773763657,0.5169233679771423,0.48231616616249084,-0.021930230781435966,0.5740307569503784,0.4890213906764984,-0.0889534056186676,0.5286895632743835,0.511681854724884,-0.07153670489788055,0.5763789415359497,0.5277894139289856,-0.06272748112678528,0.5302379131317139,0.5184726119041443,-0.08327056467533112,0.5734514594078064,0.5358620285987854,-0.0729784369468689,0.5325868129730225,0.5154508948326111,-0.08189575374126434,0.5739485025405884,0.5347154140472412,-0.07131386548280716,0.5326523184776306,0.5127905607223511,-0.07289601862430573,0.5737820863723755,0.5310203433036804,-0.06114165112376213,0.5179995894432068,0.5131836533546448,0.029322341084480286,0.5458328723907471,0.5095712542533875,-0.029575839638710022,0.5245023965835571,0.575821578502655,0.11142686754465103,0.5528496503829956,0.5821629166603088,0.014123722910881042,0.5265761017799377,0.6584782004356384,0.14329993724822998,0.5459825992584229,0.665611982345581,0.015767095610499382,0.5274076461791992,0.6742278933525085,0.146897092461586,0.5405002236366272,0.6833946108818054,0.01737665757536888,0.5332726240158081,0.6842424273490906,0.1327940672636032,0.5558533072471619,0.6853949427604675,-0.003170941025018692
0090,./images/142/frame_00090.jpg,Normal,0.5692087411880493,0.45899271965026855,0.21351638436317444,0.5696548223495483,0.4559297263622284,0.21490328013896942,0.5765308141708374,0.4520150125026703,0.2149377316236496,0.5752323865890503,0.4506962299346924,0.214935302734375,0.5720996856689453,0.4576270282268524,0.20530954003334045,0.5724645853042603,0.457720011472702,0.2053605318069458,0.5728083252906799,0.45786067843437195,0.2053065001964569,0.5716001391410828,0.44522956013679504,0.19777396321296692,0.5771986842155457,0.4521314799785614,0.1552516222000122,0.564746618270874,0.4544588327407837,0.20758552849292755,0.5667049288749695,0.4558255970478058,0.1948820799589157,0.5284895300865173,0.4377908408641815,0.16196076571941376,0.5665213465690613,0.44039884209632874,0.09287522733211517,0.5146013498306274,0.4761442542076111,0.15301337838172913,0.5732288956642151,0.4858001172542572,0.0530112162232399,0.5225195288658142,0.5127167701721191,0.151882141828537,0.5796700716018677,0.5287171006202698,0.05386338755488396,0.5223138928413391,0.5198245644569397,0.1475580632686615,0.5786672830581665,0.5374112725257874,0.04878167808055878,0.524922788143158,0.518671989440918,0.15374425053596497,0.5783952474594116,0.538419783115387,0.05646362900733948,0.5256513953208923,0.5154356360435486,0.1532006710767746,0.5779602527618408,0.5346421003341675,0.05761303752660751,0.5159317851066589,0.48896506428718567,0.029293160885572433,0.5437712669372559,0.4852496385574341,-0.02955477498471737,0.5222795605659485,0.5750610828399658,0.07852481305599213,0.5489327907562256,0.5831006169319153,0.014765511266887188,0.5226346254348755,0.6581781506538391,0.08390346169471741,0.5467179417610168,0.6674319505691528,0.01317153126001358,0.5239925384521484,0.6743163466453552,0.08337950706481934,0.5413094162940979,0.6837067008018494,0.012293382547795773,0.5285019874572754,0.6790218949317932,0.06594647467136383,0.5559110641479492,0.6853576302528381,-0.012091908603906631
0091,./images/142/frame_00091.jpg,Normal,0.5667440295219421,0.4553295969963074,0.06673604249954224,0.5660348534584045,0.45391908288002014,0.059212781488895416,0.5668884515762329,0.452040433883667,0.05923214554786682,0.5653554201126099,0.4511372745037079,0.05925018712878227,0.5687072277069092,0.4557364583015442,0.04671410098671913,0.5690886378288269,0.45600029826164246,0.04669659957289696,0.5694862008094788,0.45631641149520874,0.04659712314605713,0.5597516298294067,0.4453850984573364,0.040472231805324554,0.5677019357681274,0.452725887298584,-0.011202802881598473,0.5625625848770142,0.45269423723220825,0.06469950079917908,0.5645996332168579,0.4538887143135071,0.04692064970731735,0.5279680490493774,0.439696729183197,0.035532619804143906,0.5643334984779358,0.44637516140937805,-0.04039216786623001,0.514981210231781,0.48411017656326294,0.07781113684177399,0.5733474493026733,0.48943209648132324,-0.046226922422647476,0.5302483439445496,0.524729311466217,0.13919761776924133,0.5801957249641418,0.5285170674324036,-0.026436462998390198,0.5325497388839722,0.5321836471557617,0.1259220391511917,0.5822272300720215,0.5374897718429565,-0.032746829092502594,0.5362850427627563,0.5322609543800354,0.13416366279125214,0.5800687670707703,0.5372544527053833,-0.030788395553827286,0.5359244346618652,0.5289157629013062,0.13903000950813293,0.5789799094200134,0.5337838530540466,-0.024521540850400925,0.517452597618103,0.499332457780838,0.029536336660385132,0.5418602228164673,0.49750274419784546,-0.02975098229944706,0.5252891778945923,0.5780253410339355,0.10229921340942383,0.5473856329917908,0.583930492401123,-0.004971734713762999,0.5260369777679443,0.6582539677619934,0.14616170525550842,0.5463434457778931,0.6671195030212402,-0.0013266897294670343,0.526939332485199,0.6743432283401489,0.15091472864151,0.5411116480827332,0.6846395134925842,-0.0002961932332254946,0.5340627431869507,0.6782165169715881,0.13175517320632935,0.5564410090446472,0.68451988697052,-0.030070966109633446
0092,./images/142/frame_00092.jpg,Normal,0.5669008493423462,0.4529474973678589,0.0212324820458889,0.5659591555595398,0.4519588053226471,0.015800029039382935,0.5654460191726685,0.4506552815437317,0.015807589516043663,0.5639694929122925,0.44974198937416077,0.015770655125379562,0.5687316656112671,0.4545111358165741,0.007506844587624073,0.5691611170768738,0.4550495147705078,0.007499611936509609,0.5696097612380981,0.45561277866363525,0.0074721649289131165,0.557855486869812,0.4454208314418793,-0.002236714353784919,0.5668370723724365,0.45330044627189636,-0.02077535167336464,0.5625110864639282,0.45039498805999756,0.018329542130231857,0.5646082162857056,0.4524177014827728,0.00679459422826767,0.5275386571884155,0.439699649810791,0.002179819857701659,0.5643483400344849,0.4512512683868408,-0.06018722057342529,0.5145881772041321,0.48774710297584534,0.017643911764025688,0.573325514793396,0.5006262063980103,-0.0631113350391388,0.5292277336120605,0.5250148177146912,0.044152963906526566,0.5795033574104309,0.5286266803741455,-0.033091332763433456,0.5312545299530029,0.5322147607803345,0.04480985924601555,0.5805557370185852,0.5377680659294128,-0.0362987220287323,0.5349560976028442,0.5318008065223694,0.051024895161390305,0.5789434313774109,0.538270115852356,-0.03635096177458763,0.5348154306411743,0.5285454392433167,0.045338574796915054,0.5781000852584839,0.5333095788955688,-0.03175589069724083,0.5184388756752014,0.5000306367874146,0.029279878363013268,0.5417576432228088,0.4994775950908661,-0.029444728046655655,0.5279970765113831,0.5770770311355591,0.08508012443780899,0.5464597344398499,0.5846654176712036,-0.02477521076798439,0.5261684656143188,0.658329963684082,0.1259690821170807,0.5443133115768433,0.6669800877571106,-0.030493050813674927,0.5271296501159668,0.6733974814414978,0.13044993579387665,0.5390186309814453,0.6871985793113708,-0.03016805276274681,0.5343114733695984,0.6777224540710449,0.11092780530452728,0.5549125671386719,0.6851555109024048,-0.06005123257637024
0093,./images/142/frame_00093.jpg,Normal,0.566752016544342,0.45372650027275085,-0.08871493488550186,0.5658048391342163,0.4528428018093109,-0.0967305600643158,0.5648208856582642,0.4515402019023895,-0.09672091901302338,0.5634104013442993,0.450530469417572,-0.0967417061328888,0.5685224533081055,0.4553619921207428,-0.10654846578836441,0.5689642429351807,0.4557255208492279,-0.10658611357212067,0.5694328546524048,0.4560042917728424,-0.10665420442819595,0.557071328163147,0.44553297758102417,-0.10589765012264252,0.5660065412521362,0.45528560876846313,-0.14983341097831726,0.5620238780975342,0.4507158398628235,-0.08651460707187653,0.5644420981407166,0.45306235551834106,-0.09982983022928238,0.527161717414856,0.43954938650131226,-0.0809955820441246,0.562501072883606,0.45768025517463684,-0.14283981919288635,0.5177692770957947,0.4898539185523987,-0.06487265229225159,0.5728058815002441,0.51031094789505,-0.12229746580123901,0.5341933369636536,0.5248560309410095,-0.09115138649940491,0.5795062184333801,0.5289523005485535,-0.08566168695688248,0.5367711782455444,0.5320219397544861,-0.10053902864456177,0.5798988938331604,0.5377352237701416,-0.09052557498216629,0.5399957895278931,0.5316492319107056,-0.10546892881393433,0.57884681224823,0.5376586318016052,-0.09512479603290558,0.5397450923919678,0.528296172618866,-0.09438570588827133,0.5779731273651123,0.5337139368057251,-0.0859222337603569,0.5189009308815002,0.5017406344413757,0.02869858779013157,0.5402327179908752,0.5064105987548828,-0.028791915625333786,0.5289312601089478,0.5754901170730591,0.0883476585149765,0.5464560389518738,0.5854049324989319,-0.006589013151824474,0.5264127254486084,0.658214807510376,0.17203836143016815,0.5442930459976196,0.6672952175140381,0.03699902445077896,0.52715003490448,0.6725872755050659,0.1804126352071762,0.5391088128089905,0.6908382773399353,0.04153185710310936,0.5344432592391968,0.677605390548706,0.1619316041469574,0.555283784866333,0.6840193271636963,0.012393520213663578
0094,./images/142/frame_00094.jpg,Normal,0.5691389441490173,0.46151018142700195,-0.03419385850429535,0.5719407796859741,0.45731282234191895,-0.031679607927799225,0.5717499852180481,0.4560190439224243,-0.03164462000131607,0.5713947415351868,0.45455920696258545,-0.031705889850854874,0.5712595582008362,0.45958411693573,-0.039933450520038605,0.5714810490608215,0.46018707752227783,-0.03997238725423813,0.5717395544052124,0.46077266335487366,-0.039922408759593964,0.5685031414031982,0.4480351209640503,-0.04649801924824715,0.5755950212478638,0.45700201392173767,-0.08364541828632355,0.5647066235542297,0.45456868410110474,-0.038695868104696274,0.5663958787918091,0.45680907368659973,-0.047546423971652985,0.5287566184997559,0.44261929392814636,-0.01744052767753601,0.5625647902488708,0.456445574760437,-0.13453546166419983,0.5176602602005005,0.4896003007888794,-0.007268347777426243,0.5721346735954285,0.5079470872879028,-0.10136480629444122,0.5308786034584045,0.5247774124145508,-0.0036669925320893526,0.5841939449310303,0.5319850444793701,-0.08004795759916306,0.5306993126869202,0.5322407484054565,-0.0051783910021185875,0.5842994451522827,0.5410287380218506,-0.08666618168354034,0.5339387059211731,0.5316770672798157,-0.008627575822174549,0.585763156414032,0.541782021522522,-0.08584855496883392,0.5343762636184692,0.528404712677002,-0.005544204730540514,0.5838149785995483,0.5371350049972534,-0.07849940657615662,0.5190911293029785,0.5023871064186096,0.03128110617399216,0.5400689244270325,0.5005702376365662,-0.03138415515422821,0.5298486948013306,0.5768282413482666,0.06398027390241623,0.5470782518386841,0.5825360417366028,-0.040099695324897766,0.526521623134613,0.6582717299461365,0.10248053073883057,0.5455542802810669,0.669562041759491,-0.04945027083158493,0.5269900560379028,0.6728649139404297,0.10641540586948395,0.5390322804450989,0.6976068615913391,-0.04965381324291229,0.5351080298423767,0.6773290634155273,0.08217988908290863,0.5569649338722229,0.6865405440330505,-0.08193616569042206
0095,./images/142/frame_00095.jpg,Normal,0.5688480734825134,0.4613889157772064,0.12293995916843414,0.5695086717605591,0.4573502838611603,0.11922276020050049,0.5683644413948059,0.45604783296585083,0.119234099984169,0.5671283006668091,0.4545905590057373,0.11921174824237823,0.5707089304924011,0.45961809158325195,0.11128095537424088,0.5710382461547852,0.46023210883140564,0.11129921674728394,0.5713997483253479,0.4608123302459717,0.11125782877206802,0.5614748001098633,0.44860023260116577,0.09484704583883286,0.570611834526062,0.4579409658908844,0.05948944017291069,0.5644835233688354,0.45481178164482117,0.1164325624704361,0.5663421750068665,0.457201212644577,0.10592762380838394,0.52824866771698,0.4425140917301178,0.0585174560546875,0.5649280548095703,0.45832791924476624,0.024053705856204033,0.5148107409477234,0.4907259941101074,0.0470278263092041,0.5765978097915649,0.5087081789970398,0.017316363751888275,0.5302175879478455,0.5247669816017151,0.034644369035959244,0.5839024782180786,0.5320042371749878,0.04626904055476189,0.5306673645973206,0.5316447615623474,0.02983764372766018,0.5834246277809143,0.5396074652671814,0.04774459823966026,0.5341448783874512,0.5307742953300476,0.034567028284072876,0.5842154622077942,0.5411010980606079,0.05361832305788994,0.534430205821991,0.5279263257980347,0.03579626604914665,0.5821484327316284,0.5362600684165955,0.05002862960100174,0.5193033814430237,0.501271665096283,0.021071815863251686,0.5436021685600281,0.5029309391975403,-0.021299291402101517,0.5294386744499207,0.5761317014694214,0.0955924242734909,0.5475874543190002,0.5812364816665649,0.0018166184891015291,0.52674400806427,0.6570853590965271,0.08871608972549438,0.5454491972923279,0.6622400283813477,-0.02153940312564373,0.52787846326828,0.6691111326217651,0.08762598037719727,0.5397316217422485,0.675480842590332,-0.02406180649995804,0.5367318987846375,0.6766290664672852,0.07715039700269699,0.5555310845375061,0.6864410638809204,-0.04155118018388748
0096,./images/142/frame_00096.jpg,Normal,0.5686585307121277,0.4617832899093628,0.1444493532180786,0.5690771341323853,0.45793962478637695,0.1444479078054428,0.5697906613349915,0.45701488852500916,0.14448988437652588,0.5666134357452393,0.45604708790779114,0.14447441697120667,0.570604681968689,0.4597412943840027,0.1329551488161087,0.5709093809127808,0.46023619174957275,0.13296326994895935,0.5712416172027588,0.46076393127441406,0.13292764127254486,0.5636891722679138,0.4492696523666382,0.1292930245399475,0.568701446056366,0.45788896083831787,0.07778651267290115,0.5643301606178284,0.4573492407798767,0.14062073826789856,0.5659877061843872,0.45830267667770386,0.12533435225486755,0.5277798771858215,0.4439179599285126,0.10925964266061783,0.5645943284034729,0.4558592140674591,0.023267831653356552,0.5129706263542175,0.49044978618621826,0.11816761642694473,0.5760076642036438,0.502505898475647,-0.00277432007715106,0.5211470127105713,0.5289888978004456,0.12870146334171295,0.5874088406562805,0.5344874262809753,0.006209462881088257,0.5200167894363403,0.5365630388259888,0.12866060435771942,0.5878077149391174,0.5414568781852722,-0.0009104484925046563,0.5238902568817139,0.5370932817459106,0.12889224290847778,0.5869086980819702,0.5416158437728882,0.008016252890229225,0.5248047113418579,0.5337815880775452,0.12843197584152222,0.585682213306427,0.5391457080841064,0.010499184019863605,0.5183245539665222,0.5032720565795898,0.02980540134012699,0.5424103140830994,0.5030089020729065,-0.030097872018814087,0.5292490720748901,0.579978346824646,0.11105088144540787,0.5464800000190735,0.5853357911109924,0.01321432739496231,0.5265649557113647,0.6571258902549744,0.12402663379907608,0.5474432706832886,0.6623629331588745,0.0003174839948769659,0.5272818803787231,0.6699627637863159,0.12446390092372894,0.539701521396637,0.6758838891983032,-0.0008794169989414513,0.5363653302192688,0.673297643661499,0.10900534689426422,0.5567495226860046,0.6822749376296997,-0.026503950357437134
0097,./images/142/frame_00097.jpg,Normal,0.5700869560241699,0.4616430401802063,0.02914060652256012,0.5702767968177795,0.4583189785480499,0.026530444622039795,0.5705405473709106,0.45741569995880127,0.02657407522201538,0.5674123764038086,0.4560787081718445,0.02654840052127838,0.5717583894729614,0.45975053310394287,0.012930291704833508,0.5720397233963013,0.46023258566856384,0.012900790199637413,0.5723599791526794,0.4607528746128082,0.012838780879974365,0.5628234148025513,0.4499283730983734,0.02120051719248295,0.5687547922134399,0.4580078125,-0.04137994349002838,0.5652987360954285,0.45755428075790405,0.03085005283355713,0.5670426487922668,0.4585404396057129,0.012590798549354076,0.5274879336357117,0.44488856196403503,0.06624948978424072,0.5654003024101257,0.45645633339881897,-0.0803208202123642,0.5128258466720581,0.4971241354942322,0.05980066582560539,0.5766664743423462,0.506671667098999,-0.09439259022474289,0.5203531980514526,0.5417370796203613,0.07229380309581757,0.5885146856307983,0.5347551107406616,-0.09039773046970367,0.519594669342041,0.5518736243247986,0.06875495612621307,0.5889081358909607,0.5412655472755432,-0.1049715057015419,0.5229709148406982,0.55217444896698,0.06564684212207794,0.5877236127853394,0.5415011644363403,-0.1021992564201355,0.5236895680427551,0.5482285022735596,0.0704502984881401,0.586776614189148,0.5394448637962341,-0.0888710618019104,0.5185394883155823,0.5045223832130432,0.035066548734903336,0.5424056053161621,0.5037549734115601,-0.03521192818880081,0.5287514925003052,0.5801309943199158,0.13968035578727722,0.5466436743736267,0.5874826312065125,0.04897003248333931,0.5263262987136841,0.6568763852119446,0.25603803992271423,0.5475830435752869,0.6636793613433838,0.13670781254768372,0.5262246131896973,0.6700591444969177,0.269133597612381,0.5387974977493286,0.6868242621421814,0.14730912446975708,0.5362271666526794,0.6676022410392761,0.2584167420864105,0.5571029186248779,0.6791546940803528,0.1268310844898224
0098,./images/142/frame_00098.jpg,Normal,0.5730913877487183,0.4616084694862366,-0.07507260143756866,0.5724658370018005,0.4583932161331177,-0.08373963832855225,0.5715559720993042,0.45746469497680664,-0.08372057229280472,0.569351315498352,0.45615828037261963,-0.08372943103313446,0.5750657916069031,0.4604778587818146,-0.0937286913394928,0.575564980506897,0.46113064885139465,-0.09377025812864304,0.576103925704956,0.46181491017341614,-0.09386476874351501,0.5632733106613159,0.45035320520401,-0.09807692468166351,0.5719140768051147,0.45991748571395874,-0.14355379343032837,0.5675578713417053,0.4575651288032532,-0.07491470873355865,0.5702469348907471,0.45879170298576355,-0.08851020038127899,0.5300189256668091,0.4435310363769531,-0.07243235409259796,0.5675231218338013,0.4616924822330475,-0.14845100045204163,0.518438458442688,0.4958359897136688,-0.03423618525266647,0.5767951607704163,0.511478066444397,-0.13114024698734283,0.5252314805984497,0.5378625392913818,-0.026097241789102554,0.5865811705589294,0.5347009301185608,-0.0917629599571228,0.523520827293396,0.5478144884109497,-0.030634364113211632,0.5878903865814209,0.5411328077316284,-0.09826165437698364,0.5263019800186157,0.5472233891487122,-0.03550763428211212,0.5871816873550415,0.5415862202644348,-0.10042773187160492,0.5273603200912476,0.543462872505188,-0.028181949630379677,0.5849502682685852,0.5387194156646729,-0.09101973474025726,0.522739052772522,0.5049591064453125,0.034168925136327744,0.5428418517112732,0.5051066279411316,-0.034422244876623154,0.5287793874740601,0.5802501440048218,0.1239585280418396,0.5462561845779419,0.5882471799850464,0.032734695822000504,0.5264517068862915,0.6562251448631287,0.23159518837928772,0.547315239906311,0.6639257073402405,0.10779110342264175,0.5260597467422485,0.6702903509140015,0.2435750514268875,0.5380028486251831,0.6887852549552917,0.11678405851125717,0.5370891690254211,0.66941237449646,0.22632357478141785,0.5568864941596985,0.6795404553413391,0.09230739623308182
0099,./images/142/frame_00099.jpg,Normal,0.5736575126647949,0.4616033732891083,-0.07142376154661179,0.5732184052467346,0.4585975706577301,-0.07883532345294952,0.5720070600509644,0.4576587378978729,-0.07882611453533173,0.5702385902404785,0.4564320743083954,-0.07883854955434799,0.575969398021698,0.4608345031738281,-0.09021098911762238,0.5765362977981567,0.46140560507774353,-0.09025990962982178,0.5771445631980896,0.4620020091533661,-0.09037133306264877,0.5639359951019287,0.4508034288883209,-0.09067613631486893,0.573221743106842,0.45978784561157227,-0.14230450987815857,0.5680725574493408,0.4575952887535095,-0.0707821175456047,0.57085120677948,0.4588334262371063,-0.08605509996414185,0.5320976972579956,0.44346511363983154,-0.061331041157245636,0.5672104358673096,0.4606492817401886,-0.1595621109008789,0.5228580236434937,0.49544253945350647,-0.02210899256169796,0.5750610828399658,0.5138129591941833,-0.14942044019699097,0.527289867401123,0.5400838255882263,-0.025026315823197365,0.5871433615684509,0.5380820631980896,-0.12696287035942078,0.5245308876037598,0.5514489412307739,-0.03330128639936447,0.5871486067771912,0.5455734729766846,-0.14113067090511322,0.5265942811965942,0.5509780645370483,-0.03938859701156616,0.5871715545654297,0.5435164570808411,-0.14342769980430603,0.5283089876174927,0.5467177033424377,-0.028585150837898254,0.5861639976501465,0.5417172908782959,-0.12727783620357513,0.5242887735366821,0.5107132196426392,0.037456318736076355,0.5424962639808655,0.5143747925758362,-0.03757606819272041,0.5334112644195557,0.5808346271514893,0.16949395835399628,0.5464782118797302,0.5886228084564209,0.07964552938938141,0.5342340469360352,0.6561090350151062,0.3274674415588379,0.5463817119598389,0.6641004681587219,0.21325767040252686,0.529906153678894,0.6685399413108826,0.3439444303512573,0.5376697182655334,0.6888495683670044,0.22722458839416504,0.5460566282272339,0.6680716276168823,0.3259724974632263,0.5573188066482544,0.6797114610671997,0.197564959526062
0100,./images/142/frame_00100.jpg,Normal,0.5775569081306458,0.46231985092163086,-0.0887792557477951,0.5775680541992188,0.46191465854644775,-0.09382827579975128,0.5772300958633423,0.4609217643737793,-0.09380597621202469,0.576966404914856,0.4596998989582062,-0.09382126480340958,0.5799505114555359,0.46163231134414673,-0.10621856153011322,0.5802069902420044,0.46195682883262634,-0.10627368837594986,0.580515444278717,0.46234023571014404,-0.10637138038873672,0.5751749277114868,0.45392778515815735,-0.09782574325799942,0.5763224363327026,0.4596133828163147,-0.15379002690315247,0.572265088558197,0.45918557047843933,-0.08543327450752258,0.5740174651145935,0.4599209725856781,-0.1020936518907547,0.5311876535415649,0.4438098073005676,-0.06281065195798874,0.5677856206893921,0.45985615253448486,-0.17070171236991882,0.5239492654800415,0.4950660765171051,-0.012766866013407707,0.5706421732902527,0.5124107599258423,-0.170749694108963,0.5272036790847778,0.5398485660552979,-0.0034046906512230635,0.5876182913780212,0.5419150590896606,-0.15848246216773987,0.5241003632545471,0.5510513186454773,-0.008325670845806599,0.5879117250442505,0.5501593351364136,-0.17495916783809662,0.5262854695320129,0.5510267019271851,-0.014387142844498158,0.5884106159210205,0.5476178526878357,-0.17523641884326935,0.5278428792953491,0.5471916198730469,-0.006508941296488047,0.588021993637085,0.5458457469940186,-0.15817487239837646,0.523991584777832,0.5117031335830688,0.04007893428206444,0.5414790511131287,0.5174675583839417,-0.040215641260147095,0.5326124429702759,0.5812841653823853,0.16696852445602417,0.546349823474884,0.5903170108795166,0.07007397711277008,0.5317428708076477,0.656162440776825,0.3131924271583557,0.5464092493057251,0.6660212874412537,0.19008834660053253,0.529025137424469,0.6689141392707825,0.328359454870224,0.5371137261390686,0.6900773048400879,0.20285888016223907,0.5441421270370483,0.6680300235748291,0.31016677618026733,0.5571316480636597,0.6799334287643433,0.17451532185077667
0101,./images/142/frame_00101.jpg,Normal,0.5762452483177185,0.45913082361221313,0.029239092022180557,0.5762739777565002,0.45667317509651184,0.027767255902290344,0.5759472250938416,0.45613256096839905,0.027796626091003418,0.5752726793289185,0.45554009079933167,0.027786463499069214,0.578525185585022,0.45661476254463196,0.015755297616124153,0.5788264274597168,0.45623326301574707,0.015718888491392136,0.5791696310043335,0.45589035749435425,0.015638085082173347,0.5724961161613464,0.45021602511405945,0.021545860916376114,0.575410008430481,0.4518266022205353,-0.032932739704847336,0.5709217190742493,0.457590788602829,0.02996826171875,0.5727967023849487,0.4570990204811096,0.013752691447734833,0.5306599140167236,0.4437801241874695,0.03869771957397461,0.5692889094352722,0.4522038698196411,-0.07819167524576187,0.523586630821228,0.4948057532310486,0.06765192002058029,0.5710107684135437,0.5037745833396912,-0.09747393429279327,0.5261815786361694,0.544854998588562,0.06960479170084,0.5869451761245728,0.5426105260848999,-0.10264893621206284,0.5228660702705383,0.5574674010276794,0.06570202857255936,0.587287962436676,0.5522486567497253,-0.1685061752796173,0.5256720781326294,0.5582703351974487,0.05976129323244095,0.5882326364517212,0.5511918663978577,-0.12418878078460693,0.5271874666213989,0.5536357164382935,0.06614301353693008,0.5875822901725769,0.5469335913658142,-0.09932588040828705,0.5216858386993408,0.5132704973220825,0.042204417288303375,0.5399969816207886,0.5175727605819702,-0.04239555820822716,0.5323617458343506,0.582306444644928,0.15329408645629883,0.5462825298309326,0.5927765965461731,0.04069914668798447,0.53121018409729,0.6562085747718811,0.2757102847099304,0.5449212193489075,0.6669958829879761,0.1382465809583664,0.5282493829727173,0.6696315407752991,0.2879294753074646,0.5352762937545776,0.6926912665367126,0.14627720415592194,0.5431469082832336,0.668293297290802,0.2682131826877594,0.557064950466156,0.6829550862312317,0.16768577694892883
0103,./images/142/frame_00103.jpg,Normal,0.585956335067749,0.48346590995788574,0.032529428601264954,0.5822953581809998,0.4738363027572632,0.019038230180740356,0.5814027190208435,0.47245848178863525,0.01901099644601345,0.578246533870697,0.47077739238739014,0.01902248151600361,0.5865164399147034,0.47455647587776184,0.014026408083736897,0.5874055027961731,0.473945289850235,0.014032801613211632,0.58812016248703,0.47328776121139526,0.013970589265227318,0.5743608474731445,0.4660417437553406,-0.01498365681618452,0.5882813930511475,0.47142714262008667,-0.03877636790275574,0.579687237739563,0.48636940121650696,0.02474588342010975,0.5842869281768799,0.48753654956817627,0.017812611535191536,0.5407910346984863,0.49252286553382874,-0.07351985573768616,0.5943248271942139,0.49895399808883667,-0.02647056244313717,0.5171692967414856,0.5331712961196899,-0.1376110166311264,0.5992048978805542,0.5244680047035217,-0.07753190398216248,0.5359166860580444,0.5355579853057861,-0.20235159993171692,0.5827752947807312,0.5330726504325867,-0.1444738209247589,0.5397244095802307,0.5357691049575806,-0.22609421610832214,0.5750324130058289,0.5369823575019836,-0.15279948711395264,0.5433679223060608,0.5310643315315247,-0.22081045806407928,0.5717107653617859,0.5359277725219727,-0.15707862377166748,0.5430357456207275,0.5322760939598083,-0.20325270295143127,0.5732786059379578,0.5358855128288269,-0.14706557989120483,0.5473081469535828,0.6352056264877319,-0.03146842122077942,0.5734973549842834,0.6347193121910095,0.031235164031386375,0.527840793132782,0.5715630054473877,0.04975581169128418,0.5512424111366272,0.5535807609558105,0.0905713364481926,0.5284186005592346,0.6648943424224854,0.0668100118637085,0.5447648167610168,0.6645936369895935,0.08185058832168579,0.5306331515312195,0.6753951907157898,0.07051589339971542,0.5509994626045227,0.6766954064369202,0.0812963992357254,0.5218760967254639,0.6825447082519531,0.08857005834579468,0.5400673151016235,0.7003581523895264,0.08746321499347687
0121,./images/142/frame_00121.jpg,Normal,0.5772622227668762,0.497999906539917,0.0408765971660614,0.5816301703453064,0.4963635206222534,0.03438103199005127,0.5825285315513611,0.49100086092948914,0.03435417637228966,0.5799525380134583,0.4880979657173157,0.03436857834458351,0.5822116136550903,0.49671778082847595,0.027620557695627213,0.583473801612854,0.4935474395751953,0.027596261352300644,0.5834553837776184,0.4921402335166931,0.027534406632184982,0.5842413306236267,0.47522789239883423,0.027313057333230972,0.5865103602409363,0.47519657015800476,-0.004698752425611019,0.5760835409164429,0.49714332818984985,0.0422758124768734,0.576973021030426,0.5002002120018005,0.03283349797129631,0.5603715181350708,0.47418978810310364,-0.009774692356586456,0.5744279623031616,0.4805646538734436,0.008397997356951237,0.5522592067718506,0.5246140956878662,-0.07586521655321121,0.5778679251670837,0.5262641906738281,-0.036980852484703064,0.5616706013679504,0.5428671836853027,-0.16152364015579224,0.5711833834648132,0.5394596457481384,-0.08910930901765823,0.5633979439735413,0.5501389503479004,-0.1811360865831375,0.5682640671730042,0.5476550459861755,-0.09366830438375473,0.5641320943832397,0.5424748063087463,-0.17772868275642395,0.5682705640792847,0.5421830415725708,-0.09405159950256348,0.5637388229370117,0.5403450727462769,-0.1624535471200943,0.5687446594238281,0.539557933807373,-0.08954710513353348,0.5441288948059082,0.6270622611045837,-0.014544228091835976,0.5480080842971802,0.6271059513092041,0.014323142357170582,0.5523057579994202,0.5545998215675354,-0.031413733959198,0.5494017601013184,0.550193727016449,-0.04416695237159729,0.539914608001709,0.6575769186019897,-0.04347100481390953,0.5364775061607361,0.6700199246406555,-0.09588287770748138,0.5400275588035583,0.667375922203064,-0.04398966580629349,0.535847544670105,0.6841420531272888,-0.10137816518545151,0.5289588570594788,0.6914373636245728,-0.04889610782265663,0.528028130531311,0.7143079042434692,-0.11654414236545563
0128,./images/142/frame_00128.jpg,Normal,0.578406572341919,0.4945225715637207,-0.019973793998360634,0.5844870805740356,0.4896496534347534,-0.02749856747686863,0.5837605595588684,0.48842954635620117,-0.0275212861597538,0.5811624526977539,0.4819304943084717,-0.027488624677062035,0.5853466987609863,0.489758163690567,-0.04155059903860092,0.5852699279785156,0.4883197247982025,-0.041589777916669846,0.585265040397644,0.4869321584701538,-0.04166887328028679,0.5822271704673767,0.469509094953537,-0.032794732600450516,0.5806691646575928,0.4732719957828522,-0.097653329372406,0.5735288858413696,0.4930810332298279,-0.016129111871123314,0.5776891708374023,0.4949890673160553,-0.03495802730321884,0.5490561127662659,0.46397337317466736,-0.030438190326094627,0.5727391839027405,0.4777560830116272,-0.09539059549570084,0.5456604957580566,0.5196020603179932,-0.05089222267270088,0.5812593102455139,0.5384169220924377,-0.10250432789325714,0.5629556179046631,0.5428390502929688,-0.12325404584407806,0.5777190923690796,0.5473377704620361,-0.08330078423023224,0.5666036605834961,0.5498203039169312,-0.13671384751796722,0.5758104920387268,0.5550122261047363,-0.08708736300468445,0.5686333775520325,0.5433080196380615,-0.14050661027431488,0.5751345157623291,0.5488412976264954,-0.08758463710546494,0.5675153136253357,0.5416854619979858,-0.1273040622472763,0.5749579668045044,0.5468472242355347,-0.0821809470653534,0.5324066281318665,0.6183607578277588,0.017944322898983955,0.5422931909561157,0.6224982142448425,-0.018196729943156242,0.552304208278656,0.5698918104171753,0.09394719451665878,0.552976131439209,0.5555543899536133,0.00501216808333993,0.5360268354415894,0.6566038131713867,0.1278529167175293,0.5384187698364258,0.6724421977996826,0.030134012922644615,0.5330592393875122,0.6635012030601501,0.13285034894943237,0.5345012545585632,0.684106171131134,0.03368384391069412,0.5325261354446411,0.6911687850952148,0.13439615070819855,0.5397263765335083,0.7203325033187866,0.03467843309044838
0134,./images/142/frame_00134.jpg,Normal,0.5837079286575317,0.4961433410644531,0.013126757927238941,0.5877913236618042,0.48756229877471924,0.008114166557788849,0.5880957841873169,0.4856908917427063,0.008106471039354801,0.5882540941238403,0.4836118817329407,0.008138264529407024,0.5882535576820374,0.4881482720375061,-0.007510239724069834,0.5886534452438354,0.48642513155937195,-0.007571590598672628,0.5890635251998901,0.4822377562522888,-0.007656696252524853,0.5895587205886841,0.468272864818573,0.005758906714618206,0.5915483832359314,0.4692859351634979,-0.0665319412946701,0.579605758190155,0.49289602041244507,0.01719164475798607,0.5799698829650879,0.4915822446346283,-0.0038177326787263155,0.5504248142242432,0.4567956328392029,0.010088346898555756,0.5794206857681274,0.4659355878829956,-0.07744422554969788,0.5379922986030579,0.5271709561347961,-0.02404078282415867,0.5726539492607117,0.5332714319229126,-0.11175398528575897,0.5571666359901428,0.5491561889648438,-0.09936243295669556,0.5727447271347046,0.5377597212791443,-0.11750437319278717,0.5604913830757141,0.5553371906280518,-0.11040787398815155,0.5713170766830444,0.545654296875,-0.1176040917634964,0.5655288100242615,0.549304723739624,-0.10734168440103531,0.5711303949356079,0.53949373960495,-0.11628766357898712,0.5645208954811096,0.5469887852668762,-0.10086729377508163,0.5705646276473999,0.5364805459976196,-0.11579594761133194,0.528514564037323,0.6065601706504822,0.02626742422580719,0.5442560315132141,0.6088023781776428,-0.026623349636793137,0.5527746677398682,0.5941381454467773,0.06577432155609131,0.5657223463058472,0.5667362213134766,-0.05254870653152466,0.5412158966064453,0.6420674920082092,0.058598704636096954,0.5389437675476074,0.6603281497955322,-0.09434214979410172,0.5401686429977417,0.641003429889679,0.05885212868452072,0.5335952043533325,0.6651142835617065,-0.0970437154173851,0.5369380116462708,0.6695330739021301,0.053632378578186035,0.5396304130554199,0.6933894753456116,-0.10770110040903091
0135,./images/142/frame_00135.jpg,Normal,0.5850095748901367,0.4731096625328064,0.04955819621682167,0.5879782438278198,0.4701630175113678,0.0517997071146965,0.5881759524345398,0.4697854816913605,0.05178452283143997,0.5882858037948608,0.4690856635570526,0.05181121081113815,0.5892982482910156,0.46803316473960876,0.033994875848293304,0.5894947648048401,0.4661254584789276,0.033924125134944916,0.5899468660354614,0.4653005301952362,0.03379186615347862,0.5886427164077759,0.4614601135253906,0.060770433396101,0.5911784768104553,0.45845848321914673,-0.020471209660172462,0.5803881883621216,0.475390762090683,0.05552664399147034,0.5814017057418823,0.47258326411247253,0.03192945942282677,0.5483823418617249,0.45458441972732544,0.06681866198778152,0.578108012676239,0.44786080718040466,-0.06761964410543442,0.539345920085907,0.5153747797012329,0.055930208414793015,0.5773765444755554,0.5039594173431396,-0.1117444857954979,0.5553946495056152,0.5698243379592896,0.010025972500443459,0.5794223546981812,0.5447973608970642,-0.1171901673078537,0.557071328163147,0.5886477828025818,0.0016417965525761247,0.5783857107162476,0.556572675704956,-0.11982393264770508,0.5589258074760437,0.5866844654083252,0.0008003120310604572,0.5796104073524475,0.5564993619918823,-0.11705382168292999,0.5585335493087769,0.5800467133522034,0.007776323705911636,0.5795985460281372,0.5497158169746399,-0.11484191566705704,0.5282511711120605,0.5919467210769653,0.04364059865474701,0.5434462428092957,0.5811861157417297,-0.04412388056516647,0.5628458857536316,0.6190818548202515,0.13658031821250916,0.5707722902297974,0.578637421131134,-0.013753664679825306,0.5419301986694336,0.644446074962616,0.11324290931224823,0.5417990684509277,0.6603286266326904,-0.03293367475271225,0.5394406318664551,0.6423582434654236,0.11044813692569733,0.5338338613510132,0.665140688419342,-0.03275853022933006,0.5388197898864746,0.6726201176643372,0.10042428970336914,0.5446304082870483,0.7044708728790283,-0.04229779168963432
0136,./images/142/frame_00136.jpg,Normal,0.579957127571106,0.4691237211227417,-0.0011694432469084859,0.5824871063232422,0.46428337693214417,-0.0006959331221878529,0.5823649764060974,0.4636596143245697,-0.0006160734337754548,0.5824311971664429,0.462663471698761,-0.0005906712030991912,0.5866937041282654,0.4662491977214813,-0.017455685883760452,0.5873929262161255,0.4655919671058655,-0.017532510682940483,0.5881472826004028,0.4648962616920471,-0.017646359279751778,0.5786129236221313,0.4582330584526062,0.011032010428607464,0.5873676538467407,0.4582160413265228,-0.06691361963748932,0.5738556385040283,0.46667391061782837,0.006788233760744333,0.5750892758369446,0.4668657183647156,-0.015886683017015457,0.5370535254478455,0.4428764283657074,0.049419570714235306,0.5781644582748413,0.43972498178482056,-0.10408160835504532,0.5238761901855469,0.49694329500198364,0.049572475254535675,0.5797063112258911,0.4860256314277649,-0.1232229471206665,0.5319473147392273,0.567832887172699,0.04666770249605179,0.581833004951477,0.5518001914024353,-0.11288668215274811,0.530646026134491,0.585422933101654,0.04119090363383293,0.5808933973312378,0.5638262629508972,-0.12014905363321304,0.5341949462890625,0.5869361162185669,0.03700707107782364,0.5830640196800232,0.5666505098342896,-0.11705897003412247,0.53477543592453,0.5808339715003967,0.043994586914777756,0.5821571350097656,0.560750424861908,-0.10973761975765228,0.5226666331291199,0.5454915165901184,0.04365585371851921,0.543599545955658,0.5473832488059998,-0.04408666491508484,0.5399149656295776,0.6127027273178101,0.25518885254859924,0.5498764514923096,0.6024223566055298,0.11679424345493317,0.5339571237564087,0.6568756103515625,0.328133225440979,0.54023677110672,0.6666613817214966,0.17005108296871185,0.5292059183120728,0.6660114526748657,0.33525195717811584,0.5331529974937439,0.6804801225662231,0.1764490008354187,0.5387454628944397,0.67467200756073,0.32244378328323364,0.548618495464325,0.6866304874420166,0.1478317677974701
0137,./images/142/frame_00137.jpg,Normal,0.5792973041534424,0.47036901116371155,0.20619113743305206,0.5804187059402466,0.4663351774215698,0.21032580733299255,0.5796319246292114,0.4655717611312866,0.21034638583660126,0.5788363814353943,0.46469390392303467,0.21037264168262482,0.5832822918891907,0.46687862277030945,0.1958554983139038,0.5837550759315491,0.4658944010734558,0.19586510956287384,0.5842537879943848,0.46493110060691833,0.1957571655511856,0.578461766242981,0.4590407609939575,0.2072180211544037,0.5808823704719543,0.4570995271205902,0.1424189805984497,0.5738903284072876,0.4675135612487793,0.20564453303813934,0.5754207372665405,0.4668337404727936,0.18683256208896637,0.5394833087921143,0.4446831941604614,0.1834026426076889,0.5764971375465393,0.4419615864753723,0.0671037808060646,0.5276094675064087,0.5022932887077332,0.14535284042358398,0.5812596082687378,0.4983918368816376,-0.0009587529930286109,0.53734290599823,0.5657526254653931,0.09258205443620682,0.5813977718353271,0.55958491563797,-0.019495705142617226,0.5381379127502441,0.5803625583648682,0.08548454940319061,0.5815346837043762,0.5692185163497925,-0.027165263891220093,0.5432329773902893,0.5810624957084656,0.08655500411987305,0.5823343992233276,0.5708796977996826,-0.016586091369390488,0.5423097610473633,0.5756626129150391,0.0905456617474556,0.5818406343460083,0.5680815577507019,-0.014513666741549969,0.5218811631202698,0.5446290969848633,0.04006757587194443,0.5436570644378662,0.5381166934967041,-0.04048518091440201,0.5416562557220459,0.5996339917182922,0.18277151882648468,0.5531470775604248,0.5952886939048767,0.03289458900690079,0.5340122580528259,0.6544308066368103,0.0051462952978909016,0.5375873446464539,0.6661325097084045,-0.08028579503297806,0.5301737785339355,0.6603185534477234,-0.011156601831316948,0.5296047329902649,0.677665114402771,-0.09441157430410385,0.5372990369796753,0.6791629195213318,-0.033087559044361115,0.547238826751709,0.6869983077049255,-0.12104053795337677
0138,./images/142/frame_00138.jpg,Normal,0.5783296823501587,0.47185584902763367,0.23863181471824646,0.5783983469009399,0.4683299660682678,0.24222655594348907,0.5770357847213745,0.46741223335266113,0.24229022860527039,0.5756165981292725,0.46644002199172974,0.2423063963651657,0.5817911624908447,0.46908748149871826,0.22927641868591309,0.5825347304344177,0.4681658446788788,0.2292873114347458,0.5832847356796265,0.46673110127449036,0.22920624911785126,0.5706981420516968,0.4595993459224701,0.22718019783496857,0.5801581144332886,0.4588426351547241,0.16895850002765656,0.5729560256004333,0.4684607684612274,0.23307549953460693,0.5754261612892151,0.4683900475502014,0.21595251560211182,0.5348010659217834,0.4453156888484955,0.19207775592803955,0.5776695013046265,0.44429636001586914,0.08710664510726929,0.5200952291488647,0.5056628584861755,0.1817317008972168,0.5812332630157471,0.502367377281189,0.03252340108156204,0.5241991877555847,0.5761672258377075,0.16332828998565674,0.5810670256614685,0.5642156600952148,0.018005769699811935,0.5222837328910828,0.5908058881759644,0.15781989693641663,0.5812727808952332,0.5726797580718994,0.007101833820343018,0.525837242603302,0.5937241911888123,0.1606447845697403,0.5811541676521301,0.5747678279876709,0.018237078562378883,0.5274868011474609,0.5880250334739685,0.16268280148506165,0.5806812644004822,0.5705047845840454,0.022488713264465332,0.5199965834617615,0.5220052599906921,0.039599377661943436,0.5485851764678955,0.5251201391220093,-0.04006471112370491,0.5348186492919922,0.5996662378311157,0.1901305615901947,0.5518373847007751,0.6033858060836792,0.09147559106349945,0.528415322303772,0.6591293811798096,0.16884073615074158,0.540128767490387,0.6664423942565918,0.07900543510913849,0.5267137289047241,0.667120635509491,0.16487106680870056,0.5317826867103577,0.6862018704414368,0.0771927684545517,0.53420490026474,0.681975781917572,0.14630207419395447,0.5521101951599121,0.6879549622535706,0.04991452768445015
0139,./images/142/frame_00139.jpg,Normal,0.5777801871299744,0.4630166292190552,0.2227611243724823,0.577813982963562,0.46023982763290405,0.22593864798545837,0.5765222907066345,0.4592946767807007,0.22598671913146973,0.5751872658729553,0.4584081768989563,0.226004958152771,0.5807918906211853,0.4611658751964569,0.21262264251708984,0.581494152545929,0.4606325328350067,0.2126222401857376,0.5822122097015381,0.4601098895072937,0.21256005764007568,0.5699976086616516,0.4519406259059906,0.21537260711193085,0.5791135430335999,0.4542352557182312,0.1557842642068863,0.5727344751358032,0.4601902961730957,0.21971125900745392,0.5752037763595581,0.46029454469680786,0.20217378437519073,0.5340611338615417,0.4404345750808716,0.18998625874519348,0.5773536562919617,0.44572609663009644,0.07878386974334717,0.5181978940963745,0.49815818667411804,0.1989961564540863,0.58061683177948,0.5052318572998047,0.05527590960264206,0.5241109728813171,0.5483435988426208,0.19323378801345825,0.5811542868614197,0.5615183115005493,0.07792224735021591,0.522053599357605,0.5576266646385193,0.18969491124153137,0.5820501446723938,0.569769561290741,0.07141628861427307,0.5262624621391296,0.5594624280929565,0.19152233004570007,0.5812914967536926,0.5702175498008728,0.07966040819883347,0.5281006097793579,0.5554418563842773,0.19252817332744598,0.5801249146461487,0.5664079189300537,0.08256138861179352,0.5172216296195984,0.5151901841163635,0.0405547060072422,0.5482995510101318,0.5218757390975952,-0.04095423221588135,0.5287020206451416,0.5946952104568481,0.17801834642887115,0.5514699816703796,0.6059550046920776,0.08441293239593506,0.5238248109817505,0.6576734185218811,0.16643868386745453,0.5414934158325195,0.6786454319953918,0.06874436885118484,0.5215871334075928,0.6724576950073242,0.16397970914840698,0.5338302850723267,0.6955705285072327,0.06703146547079086,0.5290666222572327,0.6818198561668396,0.1496550589799881,0.5559757947921753,0.6885654330253601,0.040406472980976105
0140,./images/142/frame_00140.jpg,Normal,0.5781547427177429,0.4560603201389313,0.21066951751708984,0.5787830948829651,0.4524613320827484,0.2121165245771408,0.5777000784873962,0.45129114389419556,0.21215090155601501,0.5783284306526184,0.4471217393875122,0.2121644765138626,0.5814868211746216,0.45375320315361023,0.199274480342865,0.582131028175354,0.453286737203598,0.19927462935447693,0.582794189453125,0.45292311906814575,0.19920594990253448,0.5729268193244934,0.44233500957489014,0.1945284903049469,0.5804076790809631,0.4468916058540344,0.13722607493400574,0.5731913447380066,0.4526781439781189,0.20504042506217957,0.5752631425857544,0.45305320620536804,0.1880546510219574,0.5360551476478577,0.4332863688468933,0.17783692479133606,0.5774017572402954,0.44113001227378845,0.058879632502794266,0.5217366814613342,0.49049606919288635,0.19243763387203217,0.5789875984191895,0.5023013353347778,0.04682119935750961,0.526147186756134,0.5383317470550537,0.18932464718818665,0.5819275975227356,0.5594344139099121,0.08730117976665497,0.5244358777999878,0.5480586886405945,0.18712204694747925,0.5825722217559814,0.5698123574256897,0.08074398338794708,0.5286470651626587,0.5489680767059326,0.18674513697624207,0.5823072195053101,0.5687842965126038,0.08920637518167496,0.5304573774337769,0.5441122651100159,0.18754282593727112,0.5809037685394287,0.5637624263763428,0.09212629497051239,0.5172382593154907,0.512110710144043,0.04484013095498085,0.5475994944572449,0.5146552324295044,-0.045153770595788956,0.5283119678497314,0.5929381251335144,0.15947435796260834,0.5509886145591736,0.6036071181297302,0.060283392667770386,0.5222343802452087,0.6584147810935974,0.20098915696144104,0.5464485287666321,0.6764098405838013,0.0969509705901146,0.5202661752700806,0.675628662109375,0.2043520212173462,0.5362720489501953,0.696092426776886,0.10099823772907257,0.531345784664154,0.685340940952301,0.18484482169151306,0.5606172680854797,0.6887040138244629,0.07176350057125092
0141,./images/142/frame_00141.jpg,Normal,0.5822389721870422,0.4558069109916687,-0.022752415388822556,0.5829247236251831,0.4526470899581909,-0.0280267633497715,0.5840466022491455,0.4499412178993225,-0.02800244651734829,0.5841777324676514,0.4480164051055908,-0.028004895895719528,0.5850116014480591,0.45423218607902527,-0.03983737528324127,0.5854405760765076,0.45404431223869324,-0.03988831117749214,0.5859031081199646,0.4538966715335846,-0.039971791207790375,0.5809892416000366,0.4437539279460907,-0.039492957293987274,0.5867036581039429,0.4496672749519348,-0.09275459498167038,0.577274739742279,0.45339903235435486,-0.02255261316895485,0.57920902967453,0.4540395140647888,-0.03848600015044212,0.5406339764595032,0.43146273493766785,-0.011663549579679966,0.5774062871932983,0.4455196261405945,-0.12834161520004272,0.523516833782196,0.48730209469795227,0.041363202035427094,0.5784925222396851,0.5116216540336609,-0.1238967552781105,0.5273199677467346,0.5362135767936707,0.07001759856939316,0.5832566022872925,0.5679140686988831,-0.09040723741054535,0.5243636965751648,0.5474075078964233,0.07458193600177765,0.5837549567222595,0.5770418643951416,-0.10301846265792847,0.5273957848548889,0.5482308268547058,0.06107507273554802,0.5850271582603455,0.5767031908035278,-0.10106799751520157,0.5291941165924072,0.544343888759613,0.06621325761079788,0.5843212008476257,0.5722517371177673,-0.08856107294559479,0.517299473285675,0.515445351600647,0.04567095264792442,0.5441482067108154,0.5238942503929138,-0.045896150171756744,0.5280963182449341,0.58806312084198,0.16202011704444885,0.5506417155265808,0.5936139822006226,0.07739292085170746,0.522552490234375,0.6585416793823242,0.2821632921695709,0.5459836721420288,0.6748765110969543,0.18700286746025085,0.5204593539237976,0.6744906902313232,0.295242577791214,0.5404981970787048,0.6967222690582275,0.19912327826023102,0.5320477485656738,0.6730183959007263,0.27858465909957886,0.560096025466919,0.6867586374282837,0.17600007355213165
0142,./images/142/frame_00142.jpg,Normal,0.5831613540649414,0.45933523774147034,0.024002935737371445,0.5842149257659912,0.4555801749229431,0.021419880911707878,0.5843454003334045,0.4537365734577179,0.021439744159579277,0.5840606689453125,0.44947493076324463,0.021434562280774117,0.5858544111251831,0.4567737281322479,0.007763461209833622,0.5861502885818481,0.45631688833236694,0.007719026412814856,0.5864898562431335,0.4558471739292145,0.007637972477823496,0.581671953201294,0.44511571526527405,0.014497076161205769,0.5859220623970032,0.44971799850463867,-0.04707133769989014,0.5782618522644043,0.45671340823173523,0.025380399078130722,0.5798068046569824,0.45683982968330383,0.007031950168311596,0.5413808226585388,0.4314136505126953,0.03493446111679077,0.5773428082466125,0.44657403230667114,-0.092298723757267,0.524401068687439,0.48962831497192383,0.0744122639298439,0.5772817134857178,0.511916995048523,-0.08616597205400467,0.5257914662361145,0.5408446192741394,0.08948799222707748,0.5828293561935425,0.5656789541244507,-0.05509117245674133,0.5227876305580139,0.5520144701004028,0.08996692299842834,0.5833497047424316,0.5760263800621033,-0.06137080863118172,0.5255718231201172,0.5519514679908752,0.08228353410959244,0.5846136808395386,0.5742020606994629,-0.0565851628780365,0.5271614789962769,0.547950029373169,0.08610750734806061,0.5837281942367554,0.5698270201683044,-0.052432090044021606,0.518060028553009,0.5196900367736816,0.0462210550904274,0.5408192873001099,0.5269613265991211,-0.0464409738779068,0.5282005071640015,0.5893056988716125,0.17796963453292847,0.5497303605079651,0.5958396196365356,0.10031257569789886,0.5235337018966675,0.6584320068359375,0.30437979102134705,0.5455894470214844,0.6738059520721436,0.21776440739631653,0.5212908983230591,0.6741858720779419,0.31801602244377136,0.5408383011817932,0.6941525936126709,0.23071923851966858,0.5353336334228516,0.6695559024810791,0.3056526184082031,0.5606676340103149,0.6849938631057739,0.2113630771636963
0143,./images/142/frame_00143.jpg,Normal,0.5815432667732239,0.46112531423568726,0.1673286110162735,0.5824702382087708,0.4571056365966797,0.16909624636173248,0.5818847417831421,0.4555734097957611,0.16911782324314117,0.5808891654014587,0.4519515037536621,0.16910907626152039,0.5842043161392212,0.45811736583709717,0.15621957182884216,0.5845283269882202,0.45751139521598816,0.1562151163816452,0.5848941802978516,0.45687928795814514,0.15616658329963684,0.5798121690750122,0.44483113288879395,0.15750354528427124,0.5822948217391968,0.45010998845100403,0.0998486578464508,0.5768091082572937,0.4583587944507599,0.16465438902378082,0.5783044695854187,0.45824867486953735,0.14751622080802917,0.5403043031692505,0.43315479159355164,0.15126731991767883,0.5772053003311157,0.447908490896225,0.033180706202983856,0.5249236822128296,0.4922952950000763,0.17575742304325104,0.5758854150772095,0.5121738910675049,0.03356701880693436,0.5248230695724487,0.542370617389679,0.18844421207904816,0.5826445817947388,0.564651608467102,0.08983172476291656,0.5237720012664795,0.554107129573822,0.19049569964408875,0.5832038521766663,0.575361967086792,0.08689750730991364,0.5273098945617676,0.5541608929634094,0.1887824386358261,0.584400475025177,0.5737364888191223,0.09480453282594681,0.5287481546401978,0.5500515699386597,0.1869407743215561,0.5837942361831665,0.5695973634719849,0.09479030966758728,0.5145426988601685,0.5069340467453003,0.044939640909433365,0.5404454469680786,0.5229224562644958,-0.04519648104906082,0.5262693762779236,0.5898369550704956,0.15798404812812805,0.5498965978622437,0.6006068587303162,0.07390908151865005,0.521956741809845,0.6583774089813232,0.1868199110031128,0.5466120839118958,0.6731474995613098,0.18381112813949585,0.5211087465286255,0.6745463609695435,0.18865902721881866,0.5429350137710571,0.6915502548217773,0.1675584465265274,0.5344118475914001,0.6703140735626221,0.17186865210533142,0.5597516298294067,0.6856375932693481,0.16346044838428497
0144,./images/142/frame_00144.jpg,Normal,0.5839554667472839,0.45690596103668213,0.023804403841495514,0.585228681564331,0.45093926787376404,0.01731162518262863,0.5855672359466553,0.44773411750793457,0.017294567078351974,0.5849646329879761,0.44627904891967773,0.017270183190703392,0.5873400568962097,0.45350202918052673,0.0067222751677036285,0.5878925323486328,0.45353248715400696,0.0066899522207677364,0.5884824991226196,0.4535965919494629,0.0065901740454137325,0.5830679535865784,0.4423283338546753,-0.004682945553213358,0.5857096910476685,0.44832950830459595,-0.051746733486652374,0.5790002942085266,0.45458343625068665,0.019587505608797073,0.581118643283844,0.45617637038230896,0.005582387559115887,0.5437309145927429,0.4306350648403168,0.01915062591433525,0.5778368711471558,0.45588409900665283,-0.09601942449808121,0.528717577457428,0.48759889602661133,0.06407877057790756,0.5746325850486755,0.5175366997718811,-0.07126443833112717,0.5257337689399719,0.5410643815994263,0.09015429019927979,0.5828570127487183,0.5663655400276184,0.021294016391038895,0.5231308937072754,0.5537914037704468,0.09178487956523895,0.5842245817184448,0.5784937143325806,0.006959269288927317,0.5253971815109253,0.5543263554573059,0.08460475504398346,0.5853114128112793,0.5768320560455322,0.004810357466340065,0.5269309878349304,0.5499575734138489,0.08746062219142914,0.5847613215446472,0.5712398290634155,0.020833542570471764,0.5158219933509827,0.5175987482070923,0.045046135783195496,0.5374255776405334,0.5248076915740967,-0.045269351452589035,0.527864933013916,0.5908849239349365,0.17398430407047272,0.5503565073013306,0.5990404486656189,0.10018589347600937,0.5220040678977966,0.6587012410163879,0.32952946424484253,0.5478349924087524,0.6755535006523132,0.24885597825050354,0.5185174942016602,0.6745907068252563,0.34625473618507385,0.5435307621955872,0.6912528276443481,0.2640865743160248,0.5356494784355164,0.6708415150642395,0.3335531949996948,0.5626803040504456,0.6860265731811523,0.24424538016319275
0145,./images/142/frame_00145.jpg,Normal,0.5855013132095337,0.4581877291202545,0.053266365081071854,0.5871333479881287,0.4525817334651947,0.052231550216674805,0.588729977607727,0.44804972410202026,0.052219875156879425,0.5882526636123657,0.44679319858551025,0.05220295116305351,0.5882566571235657,0.45431628823280334,0.039179518818855286,0.5884694457054138,0.4539225399494171,0.03915423899888992,0.5887640714645386,0.4535536766052246,0.039083365350961685,0.5860025882720947,0.4429400861263275,0.04403750225901604,0.58844393491745,0.4489944875240326,-0.013337081298232079,0.5811906456947327,0.455806702375412,0.054039277136325836,0.5820176005363464,0.45657843351364136,0.03670733422040939,0.547844409942627,0.4305493235588074,0.03780635446310043,0.5778409242630005,0.45509999990463257,-0.06283348053693771,0.533415675163269,0.4894517660140991,0.09001462906599045,0.5740500688552856,0.5171748399734497,-0.06208885461091995,0.5278843641281128,0.5421311855316162,0.1034470945596695,0.5827459096908569,0.5653373003005981,0.004789258353412151,0.5237544178962708,0.5543872117996216,0.10533541440963745,0.5839945673942566,0.5770210027694702,-0.0023357183672487736,0.5266622304916382,0.5546727776527405,0.10056418180465698,0.5855522155761719,0.5753558874130249,0.0015097844880074263,0.527962327003479,0.5503159761428833,0.1007920354604721,0.5848188400268555,0.5701926350593567,0.007662489078938961,0.5153615474700928,0.5194451808929443,0.047108497470617294,0.5345243215560913,0.5268100500106812,-0.04731904715299606,0.5257935523986816,0.5910248160362244,0.1371416449546814,0.5505975484848022,0.5931843519210815,0.05870805308222771,0.5222991704940796,0.6601563096046448,0.26801398396492004,0.5473368763923645,0.6749777793884277,0.15879873931407928,0.5187865495681763,0.6751329898834229,0.31912288069725037,0.5409989356994629,0.6911055445671082,0.16736561059951782,0.5351546406745911,0.674758791923523,0.32007884979248047,0.5614576935768127,0.6861677169799805,0.1484335958957672
0146,./images/142/frame_00146.jpg,Normal,0.5922962427139282,0.45900291204452515,-0.02160407230257988,0.5965281128883362,0.4537433683872223,-0.022913413122296333,0.5958644151687622,0.4495266377925873,-0.022950250655412674,0.5953699350357056,0.4471224844455719,-0.022982481867074966,0.5967348217964172,0.45532676577568054,-0.03788243606686592,0.5965784788131714,0.45476263761520386,-0.037921350449323654,0.5937891006469727,0.45409923791885376,-0.03799470514059067,0.5921251177787781,0.444899320602417,-0.01901882141828537,0.5931968092918396,0.449958473443985,-0.08640171587467194,0.5894914865493774,0.4581185579299927,-0.016058506444096565,0.5895792245864868,0.4593126177787781,-0.0358942411839962,0.5595096349716187,0.4314984977245331,0.01964099332690239,0.5774529576301575,0.4613611102104187,-0.11738467216491699,0.5522252321243286,0.496440589427948,0.059038110077381134,0.5708678364753723,0.5244807004928589,-0.09591822326183319,0.5658971667289734,0.5511891841888428,0.05554249882698059,0.5823990702629089,0.5653907060623169,-0.023045597597956657,0.5683786273002625,0.56309974193573,0.05604805797338486,0.5838685035705566,0.5762860178947449,-0.03198365122079849,0.5716095566749573,0.5656339526176453,0.044580575078725815,0.5852590799331665,0.5746065378189087,-0.02879951521754265,0.5703138709068298,0.5624659061431885,0.04968500882387161,0.5844545364379883,0.569688081741333,-0.020470459014177322,0.5197647213935852,0.5224923491477966,0.046185437589883804,0.5318193435668945,0.5316573977470398,-0.04640768840909004,0.5265499353408813,0.5912604928016663,0.14606866240501404,0.5456386804580688,0.6057906150817871,0.07008995860815048,0.5239620208740234,0.6599903702735901,0.28212353587150574,0.5438674688339233,0.6770416498184204,0.20254990458488464,0.51939857006073,0.6750627160072327,0.2973507046699524,0.5390931367874146,0.6921517848968506,0.21514376997947693,0.5357376933097839,0.6752097010612488,0.2843068540096283,0.5611898899078369,0.6863440871238708,0.19292320311069489
0147,./images/142/frame_00147.jpg,Normal,0.5962914824485779,0.4617477357387543,-0.015297549776732922,0.5978626012802124,0.45447611808776855,-0.015357797965407372,0.5973172783851624,0.4513198137283325,-0.015397937968373299,0.5967878103256226,0.44922879338264465,-0.015422044321894646,0.5982574224472046,0.4564075171947479,-0.031172778457403183,0.5980781316757202,0.455782949924469,-0.031211744993925095,0.5973705649375916,0.4552490711212158,-0.03128627687692642,0.594333291053772,0.44505423307418823,-0.00837703701108694,0.595573902130127,0.45082616806030273,-0.07952124625444412,0.5929428339004517,0.4603145718574524,-0.00915774330496788,0.5925637483596802,0.461861789226532,-0.03005138412117958,0.5656729340553284,0.43556973338127136,0.03163907676935196,0.5781840682029724,0.4603758156299591,-0.1121150478720665,0.5583421587944031,0.4965876340866089,0.0553433783352375,0.5701923370361328,0.5229699611663818,-0.09436546266078949,0.5702511668205261,0.5544053912162781,0.02855013683438301,0.5798677206039429,0.5658571124076843,-0.02843734249472618,0.57298743724823,0.5677942633628845,0.026592234149575233,0.5816232562065125,0.5758860111236572,-0.036336254328489304,0.5754464864730835,0.5711507797241211,0.014958471059799194,0.5848128199577332,0.5751276016235352,-0.03331390768289566,0.5743381977081299,0.5669551491737366,0.021715762093663216,0.5837559700012207,0.5701904892921448,-0.025719884783029556,0.5234543085098267,0.5220534801483154,0.04567906633019447,0.5308340787887573,0.529268741607666,-0.04593590274453163,0.5319677591323853,0.5931873917579651,0.11476965248584747,0.5408856868743896,0.6049503087997437,0.04247506707906723,0.5317877531051636,0.6662775278091431,0.21638841927051544,0.5407539010047913,0.6764745712280273,0.15660522878170013,0.5278428792953491,0.6786002516746521,0.22625085711479187,0.5377733707427979,0.6905732750892639,0.1664162278175354,0.5466553568840027,0.6760044693946838,0.20274528861045837,0.5578472018241882,0.6856261491775513,0.12604770064353943
0148,./images/142/frame_00148.jpg,Normal,0.593997597694397,0.463847279548645,0.04480990394949913,0.5964156985282898,0.4557627737522125,0.048909179866313934,0.5959633588790894,0.45401108264923096,0.04886886849999428,0.5954543948173523,0.4528144299983978,0.0488378182053566,0.5973834991455078,0.45751720666885376,0.0328337624669075,0.5974954962730408,0.4571714997291565,0.03281093388795853,0.5973861217498779,0.45705440640449524,0.03275420516729355,0.5929776430130005,0.4478338062763214,0.05545543506741524,0.5956820249557495,0.4531066119670868,-0.015021142549812794,0.5901883840560913,0.46328064799308777,0.049633778631687164,0.5907305479049683,0.46445849537849426,0.028506513684988022,0.5601529479026794,0.43558111786842346,0.08538922667503357,0.5800754427909851,0.46035462617874146,-0.07270710915327072,0.5492379665374756,0.48710715770721436,0.10048078000545502,0.5702969431877136,0.52202969789505,-0.07321612536907196,0.5461315512657166,0.5374127626419067,0.0895262286067009,0.5794984102249146,0.5665876865386963,-0.016725393012166023,0.5425463914871216,0.5506181716918945,0.09113218635320663,0.5816251039505005,0.5768750905990601,-0.02458309195935726,0.5422564148902893,0.5517955422401428,0.08528092503547668,0.5846887230873108,0.5755133032798767,-0.018545161932706833,0.5443592667579651,0.5468791723251343,0.08536513149738312,0.5835785269737244,0.5712708234786987,-0.013137536123394966,0.520417332649231,0.5186266303062439,0.04920732229948044,0.5297614336013794,0.5257891416549683,-0.049335233867168427,0.5312753915786743,0.5908807516098022,0.1058962494134903,0.542626142501831,0.6034833788871765,0.031191881746053696,0.5308175086975098,0.6659716963768005,0.1840130090713501,0.5399311780929565,0.6771427392959595,0.1058872789144516,0.5258317589759827,0.6771425604820251,0.19160181283950806,0.5352573990821838,0.6923197507858276,0.11229093372821808,0.5442377328872681,0.6794987916946411,0.1721230149269104,0.5578533411026001,0.6848481297492981,0.084584541618824
0149,./images/142/frame_00149.jpg,Normal,0.592637836933136,0.47083765268325806,0.05898367613554001,0.595506489276886,0.46386146545410156,0.061244476586580276,0.5950492024421692,0.46276089549064636,0.061219025403261185,0.5945500731468201,0.46169301867485046,0.06119062379002571,0.596868097782135,0.46507781744003296,0.04613473266363144,0.5972204208374023,0.4648236930370331,0.046110041439533234,0.5973803997039795,0.46465760469436646,0.046053409576416016,0.5924625396728516,0.4538617730140686,0.0639730840921402,0.5962617993354797,0.459485799074173,-0.003516745287925005,0.5886746644973755,0.4697694182395935,0.06223570182919502,0.5896807909011841,0.4706859588623047,0.042330071330070496,0.5604490041732788,0.4356006681919098,0.09019892662763596,0.5827332139015198,0.46289852261543274,-0.061096370220184326,0.5466850996017456,0.4878283739089966,0.10529593378305435,0.5721529722213745,0.5233150720596313,-0.061436206102371216,0.5400729775428772,0.5400335788726807,0.0977865681052208,0.5794671773910522,0.571685254573822,-0.008657786063849926,0.5359505414962769,0.552779495716095,0.09986256808042526,0.5817261934280396,0.5816865563392639,-0.014733515679836273,0.5362343788146973,0.5541894435882568,0.09476752579212189,0.584574818611145,0.580640435218811,-0.008596524596214294,0.5385710000991821,0.5494788289070129,0.09409580379724503,0.5835403203964233,0.5764180421829224,-0.005034865811467171,0.5199180841445923,0.5144663453102112,0.048860542476177216,0.5293362736701965,0.5208156108856201,-0.048962872475385666,0.5300378203392029,0.5900669097900391,0.09571031481027603,0.5439739227294922,0.6004980206489563,0.02396516501903534,0.529983401298523,0.6645594835281372,0.1573263555765152,0.5422871112823486,0.6766993403434753,0.08347191661596298,0.5245609283447266,0.6766027808189392,0.16349844634532928,0.5355818867683411,0.6952619552612305,0.08871357142925262,0.5426140427589417,0.6811805963516235,0.1445614993572235,0.5583192706108093,0.68802809715271,0.06158704683184624
0150,./images/142/frame_00150.jpg,Normal,0.591941773891449,0.47406435012817383,0.06198643520474434,0.5951901078224182,0.46799328923225403,0.06487967073917389,0.5947825312614441,0.4668523073196411,0.06485657393932343,0.5942991971969604,0.465420663356781,0.06483416259288788,0.5966580510139465,0.46911007165908813,0.04934906214475632,0.5971612930297852,0.4688258171081543,0.04932659491896629,0.5976868867874146,0.46830666065216064,0.04927058517932892,0.592560887336731,0.4561026394367218,0.07171426713466644,0.596435546875,0.46173223853111267,0.001739010913297534,0.5879178643226624,0.4722399413585663,0.06652243435382843,0.58912193775177,0.4730643928050995,0.046076707541942596,0.5621896386146545,0.4356100261211395,0.1024763211607933,0.5837987661361694,0.46404650807380676,-0.05630459636449814,0.5489012002944946,0.48812082409858704,0.1212594285607338,0.5735096335411072,0.5230894088745117,-0.06183642894029617,0.5401490926742554,0.5410189628601074,0.11113452911376953,0.5793212652206421,0.5734354257583618,-0.0118999183177948,0.5376684665679932,0.5537216067314148,0.11409250646829605,0.5816978216171265,0.5823116898536682,-0.014929331839084625,0.5388674139976501,0.5544660091400146,0.1083005890250206,0.5842159390449524,0.5804203748703003,-0.009161923080682755,0.5405470132827759,0.549939751625061,0.10723581165075302,0.583318293094635,0.5769160389900208,-0.008351786993443966,0.5195218324661255,0.5103574991226196,0.05010732263326645,0.527347207069397,0.5167970657348633,-0.0501832440495491,0.530095100402832,0.5899376273155212,0.08202529698610306,0.5433192849159241,0.6003698706626892,-0.0003745807916857302,0.5302506685256958,0.6663169264793396,0.11044377088546753,0.5392670631408691,0.6756820678710938,0.02754928544163704,0.5251525640487671,0.6782064437866211,0.11248378455638885,0.5302795171737671,0.6945970058441162,0.02922489307820797,0.5469855666160583,0.681927502155304,0.09137724339962006,0.5560566782951355,0.6882705688476562,0.0002987133339047432
0151,./images/142/frame_00151.jpg,Normal,0.5925755500793457,0.47343140840530396,0.08446729183197021,0.5961061120033264,0.4675530791282654,0.08829812705516815,0.5955606698989868,0.4662385582923889,0.0882798284292221,0.5950160622596741,0.46479275822639465,0.08825483173131943,0.5977246165275574,0.4687093198299408,0.07266951352357864,0.5982322692871094,0.46842917799949646,0.07264389097690582,0.5988460183143616,0.4679008424282074,0.07259240001440048,0.5928322076797485,0.45553678274154663,0.09618762880563736,0.5971024632453918,0.46136704087257385,0.025926649570465088,0.5883240699768066,0.471284955739975,0.08904712647199631,0.5896864533424377,0.47218263149261475,0.06851844489574432,0.5633261203765869,0.43525928258895874,0.12596945464611053,0.5838727951049805,0.46493542194366455,-0.03818865492939949,0.5486257672309875,0.4932006299495697,0.14375892281532288,0.5738693475723267,0.5249509215354919,-0.043275538831949234,0.5405701398849487,0.5444338321685791,0.13470302522182465,0.5793315172195435,0.5752227902412415,0.012255320325493813,0.5385191440582275,0.5561853647232056,0.13892444968223572,0.581869900226593,0.5842883586883545,0.00810760073363781,0.5400885343551636,0.5571416020393372,0.13245710730552673,0.5841918587684631,0.5817493200302124,0.014229780063033104,0.5413866639137268,0.5532686114311218,0.13051730394363403,0.5832505822181702,0.5783463716506958,0.016144802793860435,0.5178317427635193,0.5046893358230591,0.051541976630687714,0.5257067084312439,0.5128623247146606,-0.05159450322389603,0.5287147760391235,0.5877058506011963,0.07722914963960648,0.5392309427261353,0.5999066233634949,-0.008346482180058956,0.5282636284828186,0.6653928756713867,0.08737383782863617,0.539295494556427,0.6735217571258545,0.010474107228219509,0.5226685404777527,0.6774421334266663,0.08709276467561722,0.531525194644928,0.6881284117698669,0.010964745655655861,0.5434758067131042,0.6863188147544861,0.06453211605548859,0.5561191439628601,0.6889631748199463,-0.01963481865823269
0152,./images/142/frame_00152.jpg,Normal,0.5928376317024231,0.4737497568130493,0.10424844175577164,0.5964067578315735,0.4681137800216675,0.10885727405548096,0.5959357619285583,0.46683448553085327,0.10884513705968857,0.5954501628875732,0.4653899371623993,0.1088285818696022,0.5979866981506348,0.4689231812953949,0.09259027987718582,0.5983982086181641,0.46862563490867615,0.09255598485469818,0.5988141298294067,0.46818679571151733,0.09249663352966309,0.5931206941604614,0.45576539635658264,0.11836159229278564,0.5970940589904785,0.46179577708244324,0.045440807938575745,0.58880615234375,0.47126802802085876,0.10903815180063248,0.5901713371276855,0.47207802534103394,0.08776994794607162,0.5642493367195129,0.4360193610191345,0.14829453825950623,0.583890974521637,0.46635738015174866,-0.024434469640254974,0.5505471229553223,0.4974685609340668,0.16428449749946594,0.5746686458587646,0.5268775820732117,-0.02817595563828945,0.5445764064788818,0.5467279553413391,0.14928704500198364,0.578984260559082,0.5738383531570435,0.039029888808727264,0.5413593649864197,0.5575785636901855,0.15311408042907715,0.5820785760879517,0.5835724472999573,0.037265844643116,0.5427873134613037,0.5583247542381287,0.14642588794231415,0.584156334400177,0.581216037273407,0.04257545620203018,0.5449308156967163,0.5549110174179077,0.14463213086128235,0.5828853845596313,0.5775946974754333,0.043156880885362625,0.517620325088501,0.5027691721916199,0.0538143515586853,0.5259102582931519,0.5104466080665588,-0.05382493883371353,0.5269896984100342,0.5901699662208557,0.0550680086016655,0.5383409857749939,0.5998289585113525,-0.034677691757678986,0.5277962684631348,0.6704673767089844,0.044597066938877106,0.5373839139938354,0.6745259165763855,-0.032651908695697784,0.5221997499465942,0.6829847693443298,0.04140656813979149,0.5302173495292664,0.6886621117591858,-0.03453271836042404,0.5430587530136108,0.6857776045799255,0.016061756759881973,0.5577662587165833,0.6889329552650452,-0.06810378283262253
0153,./images/142/frame_00153.jpg,Normal,0.5927358865737915,0.47345760464668274,0.0827772319316864,0.5962994694709778,0.46793773770332336,0.08571194112300873,0.5958527326583862,0.4665225148200989,0.08569329231977463,0.5953660011291504,0.46492236852645874,0.08567948639392853,0.5979189872741699,0.46905526518821716,0.07033638656139374,0.5983175039291382,0.46889322996139526,0.07030594348907471,0.5986822843551636,0.46864330768585205,0.07023978233337402,0.593111515045166,0.45567935705184937,0.09278745949268341,0.5970795750617981,0.4625186622142792,0.02374170534312725,0.5888362526893616,0.47066229581832886,0.08691300451755524,0.590253472328186,0.47173240780830383,0.06672287732362747,0.5643540024757385,0.4356626868247986,0.12571847438812256,0.5840500593185425,0.46866467595100403,-0.03933606296777725,0.5487810373306274,0.4758744537830353,0.15330949425697327,0.5752264261245728,0.529248833656311,-0.04033806174993515,0.531650185585022,0.5006244778633118,0.16160136461257935,0.5789071321487427,0.5739239454269409,0.018318118527531624,0.5250223875045776,0.5060835480690002,0.1690032035112381,0.5821334719657898,0.5832527875900269,0.022423936054110527,0.5261102914810181,0.5049435496330261,0.1623448133468628,0.5841211676597595,0.5809103846549988,0.03874135762453079,0.5296472907066345,0.5034787058830261,0.15832164883613586,0.5828384160995483,0.5772226452827454,0.02729973755776882,0.515863835811615,0.5012259483337402,0.05316977947950363,0.5249379873275757,0.5108376145362854,-0.05318102240562439,0.5215224027633667,0.5876322984695435,0.04120183736085892,0.5343907475471497,0.5983206629753113,-0.03079819306731224,0.5190194249153137,0.6569951176643372,0.03677118569612503,0.5356215238571167,0.6721808314323425,-0.029848923906683922,0.5133761167526245,0.6673101186752319,0.034655239433050156,0.5293101668357849,0.6862665414810181,-0.03153393417596817,0.5329877138137817,0.6790468692779541,0.012853963300585747,0.5573398470878601,0.68796706199646,-0.06051301956176758
0154,./images/142/frame_00154.jpg,Normal,0.5926418900489807,0.4760982394218445,0.08507896214723587,0.5959049463272095,0.47153833508491516,0.0869043692946434,0.595471978187561,0.4701305329799652,0.08689208328723907,0.594997763633728,0.46834179759025574,0.08687982708215714,0.5975412130355835,0.4723966419696808,0.07286088913679123,0.597953200340271,0.4723176658153534,0.07282761484384537,0.5983227491378784,0.4721132516860962,0.0727643370628357,0.5930511951446533,0.45866653323173523,0.09035436809062958,0.5969949960708618,0.46555328369140625,0.027180198580026627,0.5885523557662964,0.4724763333797455,0.08790773153305054,0.5899261236190796,0.4739885926246643,0.06944946199655533,0.564673125743866,0.4361688494682312,0.12270885705947876,0.5845304727554321,0.4698822498321533,-0.037227481603622437,0.5509881973266602,0.47969138622283936,0.14662568271160126,0.5763834714889526,0.5307751297950745,-0.029369395226240158,0.5368784666061401,0.5197328329086304,0.14380227029323578,0.5792876482009888,0.5733515620231628,0.05070924013853073,0.5254295468330383,0.5293575525283813,0.1494317650794983,0.5826259255409241,0.5827324986457825,0.05333393067121506,0.5283440351486206,0.5293393731117249,0.14344890415668488,0.5844608545303345,0.5805872678756714,0.05763067677617073,0.5337547659873962,0.5263146758079529,0.14028656482696533,0.5830771327018738,0.5767440795898438,0.05512722581624985,0.5154439210891724,0.4977158010005951,0.052494198083877563,0.5236122608184814,0.5082541108131409,-0.0525270476937294,0.5229141712188721,0.5876953601837158,0.04121125489473343,0.5356777310371399,0.5963326692581177,-0.04118290916085243,0.5223245024681091,0.659687340259552,0.015890734270215034,0.5340228080749512,0.6726086735725403,-0.05781453102827072,0.5153336524963379,0.6692079305648804,0.011738261207938194,0.527079701423645,0.6864165663719177,-0.061054956167936325,0.5433856248855591,0.6803281307220459,-0.010094507597386837,0.5564305782318115,0.6879662871360779,-0.090972900390625
0155,./images/142/frame_00155.jpg,Normal,0.592552900314331,0.47729310393333435,0.097713902592659,0.5960248112678528,0.4722267985343933,0.10122700780630112,0.5956268906593323,0.4707708954811096,0.10121721029281616,0.5951948761940002,0.4690108299255371,0.10119616985321045,0.5977554321289062,0.473397433757782,0.08603502810001373,0.5981875658035278,0.4733348786830902,0.08600102365016937,0.5985775589942932,0.473174512386322,0.08594134449958801,0.5934858918190002,0.45966818928718567,0.1092459112405777,0.5973129272460938,0.466327041387558,0.0407947339117527,0.5888427495956421,0.47360658645629883,0.10198599100112915,0.5902260541915894,0.475450336933136,0.0820498913526535,0.5655601024627686,0.4377935230731964,0.14324527978897095,0.5845044255256653,0.4708940386772156,-0.026536935940384865,0.553324282169342,0.48991838097572327,0.16936884820461273,0.5774725675582886,0.5327949523925781,-0.024580704048275948,0.547949492931366,0.5285618305206299,0.16493842005729675,0.5796703100204468,0.5733774900436401,0.04707486554980278,0.543308436870575,0.5331332683563232,0.17097435891628265,0.5830608606338501,0.5825284123420715,0.046555258333683014,0.5458278656005859,0.5313290357589722,0.16431370377540588,0.5847432017326355,0.5803670883178711,0.051654599606990814,0.5485999584197998,0.5326619744300842,0.1608937680721283,0.5831974148750305,0.5764314532279968,0.051265060901641846,0.5146573781967163,0.49513858556747437,0.055532194674015045,0.5232975482940674,0.5068220496177673,-0.05553942918777466,0.5213332772254944,0.5836918950080872,0.05912768095731735,0.5351985692977905,0.5967127680778503,-0.02843111753463745,0.519051730632782,0.6528999209403992,0.06225013732910156,0.5391509532928467,0.6746500730514526,-0.017138348892331123,0.513044536113739,0.6626695990562439,0.06114475056529045,0.5273258090019226,0.6934884190559387,-0.017422908917069435,0.5350342988967896,0.677696168422699,0.04235797002911568,0.5595971941947937,0.6902065873146057,-0.04426545649766922
0156,./images/142/frame_00156.jpg,Normal,0.5927430987358093,0.4788186252117157,0.10159502923488617,0.5962552428245544,0.4731426537036896,0.10521908104419708,0.5957270264625549,0.47200801968574524,0.10520915687084198,0.5953739285469055,0.4703924357891083,0.1051875501871109,0.597704291343689,0.47466370463371277,0.08935602009296417,0.5981084108352661,0.4745475649833679,0.08932359516620636,0.598476231098175,0.4743650257587433,0.08926375210285187,0.5936373472213745,0.4606110453605652,0.11353665590286255,0.5972326397895813,0.4674015939235687,0.04225938767194748,0.588962733745575,0.47586923837661743,0.1059967428445816,0.5902509689331055,0.47767969965934753,0.0851784497499466,0.5655508637428284,0.439832866191864,0.14790262281894684,0.584381639957428,0.470195472240448,-0.02564838156104088,0.5536600947380066,0.4942227602005005,0.17871856689453125,0.5780951976776123,0.5316990613937378,-0.026009729132056236,0.5511168241500854,0.5292837619781494,0.17962689697742462,0.5800849199295044,0.5741872787475586,0.04379022866487503,0.5486325621604919,0.5384719371795654,0.18746867775917053,0.5835084915161133,0.5824777483940125,0.042994238436222076,0.5513788461685181,0.5376805067062378,0.18013575673103333,0.5851365923881531,0.5801196694374084,0.049374740570783615,0.5533573627471924,0.5358656048774719,0.1755664348602295,0.5835627317428589,0.5762239694595337,0.04844317212700844,0.5150158405303955,0.49245917797088623,0.05667004734277725,0.5234463214874268,0.5037457942962646,-0.05666273832321167,0.5265766382217407,0.5826764106750488,0.05051801726222038,0.5364900827407837,0.5967284440994263,-0.042203210294246674,0.5244244933128357,0.6543099284172058,0.04511313885450363,0.5421362519264221,0.6747964024543762,-0.04125465080142021,0.5179394483566284,0.6646498441696167,0.04281000792980194,0.5294029712677002,0.696040689945221,-0.042464714497327805,0.5432666540145874,0.677751898765564,0.023271283134818077,0.5608205795288086,0.6917093396186829,-0.0695686787366867
0157,./images/142/frame_00157.jpg,Normal,0.5924289226531982,0.4792960584163666,0.10628284513950348,0.5962297916412354,0.47330063581466675,0.10708366334438324,0.5956345796585083,0.4718609154224396,0.10706248134374619,0.5952326655387878,0.47017529606819153,0.10704338550567627,0.5976034998893738,0.47518888115882874,0.09383120387792587,0.5979763865470886,0.4753691852092743,0.09380238503217697,0.5983087420463562,0.4755004048347473,0.09373926371335983,0.5935167670249939,0.4608345925807953,0.10465787351131439,0.5971899628639221,0.46963560581207275,0.044720426201820374,0.5888280272483826,0.47564053535461426,0.10643512010574341,0.5901182889938354,0.47807443141937256,0.08901350200176239,0.5657839179039001,0.4396534860134125,0.13199476897716522,0.5845445394515991,0.47303131222724915,-0.022867664694786072,0.5514775514602661,0.479006826877594,0.1588253378868103,0.5783675312995911,0.5333487391471863,-0.01691809482872486,0.5389986038208008,0.5049160718917847,0.1626034528017044,0.5800822973251343,0.5745241045951843,0.053017567843198776,0.5333436727523804,0.5099107623100281,0.1689986288547516,0.5836663246154785,0.5827489495277405,0.053793203085660934,0.5356436967849731,0.5097150802612305,0.16302961111068726,0.5852308869361877,0.5802023410797119,0.05824224278330803,0.538581132888794,0.5086842775344849,0.15951330959796906,0.5835682153701782,0.5767245888710022,0.057189155369997025,0.5152437686920166,0.4900105893611908,0.053418587893247604,0.5237389802932739,0.5030776262283325,-0.05341452360153198,0.527508556842804,0.5829986929893494,0.02995580993592739,0.5367938280105591,0.5962479710578918,-0.05003281682729721,0.5246827006340027,0.6549085974693298,0.00010725021274993196,0.5332566499710083,0.6754913330078125,-0.06780647486448288,0.5180631875991821,0.6651588082313538,-0.004977073520421982,0.5248233079910278,0.6928126215934753,-0.07078281790018082,0.5399909019470215,0.6787494421005249,-0.02796751633286476,0.5543330907821655,0.6916046738624573,-0.098484568297863
0158,./images/142/frame_00158.jpg,Normal,0.5923943519592285,0.4792119264602661,0.1013919934630394,0.5960914492607117,0.4738823473453522,0.10022491216659546,0.595579981803894,0.47220560908317566,0.10021396726369858,0.5952194929122925,0.4704226553440094,0.10019497573375702,0.5975559949874878,0.4762572944164276,0.08848734200000763,0.5979593396186829,0.4767085909843445,0.08845648169517517,0.5983309745788574,0.47709497809410095,0.0884028747677803,0.5937551856040955,0.46215617656707764,0.09642644226551056,0.5974394679069519,0.47264644503593445,0.03838614374399185,0.58883136510849,0.47565868496894836,0.09978037327528,0.5900764465332031,0.47871488332748413,0.08417893946170807,0.5669125914573669,0.43920445442199707,0.11833816766738892,0.5845785737037659,0.4800474941730499,-0.022777438163757324,0.5509608387947083,0.4792199730873108,0.15759213268756866,0.5782006978988647,0.5386067032814026,0.0005592138622887433,0.5398644804954529,0.5092703700065613,0.18425096571445465,0.5801026225090027,0.5761220455169678,0.08973835408687592,0.5351336002349854,0.515256941318512,0.19370050728321075,0.5839601159095764,0.5834751129150391,0.09527238458395004,0.5374115705490112,0.5149632096290588,0.18853972852230072,0.5859212875366211,0.580436646938324,0.09744788706302643,0.5398780703544617,0.5136420726776123,0.1823495626449585,0.5840232968330383,0.577099084854126,0.09353117644786835,0.515390932559967,0.4888647794723511,0.0481620654463768,0.5235685110092163,0.504274845123291,-0.048181913793087006,0.5270705223083496,0.5805832743644714,0.024843081831932068,0.5356488823890686,0.5961481928825378,-0.05147359520196915,0.5247572660446167,0.6551970839500427,-0.0023232675157487392,0.5347034335136414,0.6714705228805542,-0.06536068022251129,0.5184469223022461,0.6658468246459961,-0.006343717221170664,0.5253167152404785,0.6927874088287354,-0.06733013689517975,0.541029691696167,0.6761778593063354,-0.0270097516477108,0.5538204908370972,0.6910409927368164,-0.0936102420091629
0159,./images/142/frame_00159.jpg,Normal,0.5925397276878357,0.47983986139297485,0.10340380668640137,0.5962235331535339,0.47421374917030334,0.10184364020824432,0.5958324670791626,0.4725157916545868,0.10183997452259064,0.5955392122268677,0.47071096301078796,0.10181740671396255,0.5975289940834045,0.4770471453666687,0.0901324450969696,0.5979303121566772,0.47754791378974915,0.0901050940155983,0.5982988476753235,0.47800442576408386,0.09005916863679886,0.5940228700637817,0.4625251293182373,0.09429237246513367,0.5975434184074402,0.4738714396953583,0.0390874482691288,0.5890523195266724,0.47648632526397705,0.10146091878414154,0.5902454257011414,0.47989556193351746,0.08597833663225174,0.5671390295028687,0.43912473320961,0.11813448369503021,0.5847108364105225,0.4827656149864197,-0.02162572741508484,0.5455565452575684,0.46435144543647766,0.1686326414346695,0.5779894590377808,0.5386738181114197,0.0009778805542737246,0.5392643809318542,0.5046968460083008,0.20864872634410858,0.5797916650772095,0.5755211114883423,0.09277429431676865,0.535061240196228,0.5126122236251831,0.22017736732959747,0.5831224322319031,0.5825837850570679,0.09899520128965378,0.5372344255447388,0.5125564336776733,0.2144887000322342,0.5848050117492676,0.5780845284461975,0.10194115340709686,0.5393146872520447,0.5104328393936157,0.20676788687705994,0.5837541818618774,0.5762485265731812,0.0970129743218422,0.5147634148597717,0.4885576367378235,0.04793659597635269,0.5228798389434814,0.5052695274353027,-0.047971490770578384,0.5181663036346436,0.5793896317481995,0.03343534097075462,0.534366250038147,0.5959774255752563,-0.049502789974212646,0.5131413340568542,0.6522834300994873,0.02671014703810215,0.5362513065338135,0.671660304069519,-0.03049529530107975,0.5076680183410645,0.6624430418014526,0.025081824511289597,0.5264219045639038,0.6932324171066284,-0.030746761709451675,0.5251036882400513,0.6764020919799805,0.007715846411883831,0.5540498495101929,0.6909319758415222,-0.07401099801063538
0160,./images/142/frame_00160.jpg,Normal,0.5924962162971497,0.48071959614753723,0.10097140073776245,0.59617018699646,0.47468703985214233,0.09942258894443512,0.5957596898078918,0.473430335521698,0.09942004084587097,0.5955173373222351,0.47169023752212524,0.0993998646736145,0.5972857475280762,0.47759175300598145,0.0876719132065773,0.5976577997207642,0.4781109690666199,0.08764132112264633,0.5980402827262878,0.47868818044662476,0.0875917300581932,0.5939148664474487,0.46337270736694336,0.09326254576444626,0.597515881061554,0.4744533598423004,0.03778042644262314,0.5890415906906128,0.4775906801223755,0.09947704523801804,0.5901197195053101,0.48096367716789246,0.0840662494301796,0.5671182870864868,0.43968451023101807,0.11789264529943466,0.5845576524734497,0.4851154685020447,-0.02313349023461342,0.5475555062294006,0.46562477946281433,0.16160905361175537,0.5768722295761108,0.54067063331604,-0.007806292735040188,0.539733350276947,0.5123029351234436,0.18530844151973724,0.5797226428985596,0.5770782232284546,0.07149912416934967,0.535861074924469,0.5202511548995972,0.19409307837486267,0.5830929279327393,0.5832827091217041,0.07418504357337952,0.5383031368255615,0.5203055739402771,0.18754324316978455,0.5848290920257568,0.5796440839767456,0.07816305756568909,0.5400259494781494,0.5182249546051025,0.18259263038635254,0.5837235450744629,0.5772848129272461,0.07561813294887543,0.5137203931808472,0.49014824628829956,0.04789220169186592,0.5215188264846802,0.5061588287353516,-0.047919366508722305,0.5137864351272583,0.5796661972999573,0.03042512759566307,0.5292758941650391,0.5940697193145752,-0.03512110933661461,0.5077688097953796,0.651338517665863,0.02017802931368351,0.5338807106018066,0.6711577773094177,-0.028128892183303833,0.5026206374168396,0.6607272624969482,0.01799577847123146,0.5238028168678284,0.6905291080474854,-0.029276873916387558,0.518924355506897,0.6764616370201111,-0.0026221568696200848,0.5532001256942749,0.6901640892028809,-0.05808316543698311
0161,./images/142/frame_00161.jpg,Normal,0.5926516652107239,0.4840741455554962,0.07127384841442108,0.5965527296066284,0.47827476263046265,0.07137591391801834,0.5962288975715637,0.47659069299697876,0.07136507332324982,0.5960158705711365,0.4749099612236023,0.07134176045656204,0.5974869132041931,0.4808027446269989,0.058762889355421066,0.5978215932846069,0.4811241030693054,0.0587272047996521,0.5981576442718506,0.48142164945602417,0.05868299677968025,0.5944551229476929,0.46659350395202637,0.0717354491353035,0.5975666046142578,0.47616666555404663,0.01469876803457737,0.5891344547271729,0.4809994697570801,0.07320336997509003,0.5901517868041992,0.4837171733379364,0.05665820091962814,0.5678002834320068,0.4418806731700897,0.1044813022017479,0.5835262537002563,0.483601450920105,-0.03926189988851547,0.5495940446853638,0.48194873332977295,0.14618614315986633,0.5757426619529724,0.5436429977416992,-0.02323681302368641,0.5417237877845764,0.5133452415466309,0.1736944019794464,0.5795917510986328,0.5766322612762451,0.06838183104991913,0.5380346179008484,0.5224266648292542,0.1856057494878769,0.5830551981925964,0.5829392671585083,0.06570567935705185,0.5407170057296753,0.5230490565299988,0.18030765652656555,0.5848273038864136,0.5795918703079224,0.07041314244270325,0.5422286987304688,0.5201336145401001,0.17224054038524628,0.5836847424507141,0.5772532820701599,0.07343196868896484,0.5122992396354675,0.4915939271450043,0.048170335590839386,0.5208405256271362,0.506568431854248,-0.04820382595062256,0.5081537961959839,0.5794864892959595,0.04114099219441414,0.53126060962677,0.5922722816467285,-0.020542094483971596,0.49581676721572876,0.640738844871521,0.05464918166399002,0.5368925333023071,0.6717459559440613,0.0008810561848804355,0.49025288224220276,0.6475710272789001,0.05650090426206589,0.5276978015899658,0.6905421018600464,0.002361986320465803,0.5040501356124878,0.6672126650810242,0.03879980742931366,0.5549341440200806,0.6901603937149048,-0.019892610609531403
0162,./images/142/frame_00162.jpg,Normal,0.5926246047019958,0.4861484467983246,0.0729542002081871,0.5964821577072144,0.4799712598323822,0.07439155131578445,0.5961359739303589,0.47841203212738037,0.07437234371900558,0.5959130525588989,0.4767935872077942,0.07434675097465515,0.5973976254463196,0.4823462665081024,0.06008078530430794,0.5976983308792114,0.4823015034198761,0.06003924459218979,0.5980203151702881,0.48237144947052,0.05998041480779648,0.5943500995635986,0.4678007662296295,0.07735784351825714,0.5975209474563599,0.47642526030540466,0.013678568415343761,0.5890253782272339,0.4830852448940277,0.07605402171611786,0.5899475812911987,0.4853515923023224,0.05726877972483635,0.5673829913139343,0.4433288276195526,0.10649281740188599,0.5832698345184326,0.48181861639022827,-0.045197829604148865,0.5508384704589844,0.5013101100921631,0.14954793453216553,0.5756166577339172,0.5433424711227417,-0.022905146703124046,0.545339047908783,0.5310478806495667,0.17312544584274292,0.5794283151626587,0.5744912624359131,0.08076189458370209,0.5419732928276062,0.5365281701087952,0.18119186162948608,0.582771897315979,0.5791301131248474,0.08709117025136948,0.5454903244972229,0.5352820754051208,0.1752031296491623,0.5841222405433655,0.5744898915290833,0.08930166065692902,0.5470007061958313,0.5340856909751892,0.17152920365333557,0.582850456237793,0.5743443965911865,0.08494817465543747,0.5122753381729126,0.49175360798835754,0.05216115713119507,0.5196173191070557,0.5048799514770508,-0.05218438059091568,0.5209108591079712,0.5797780156135559,0.04534665867686272,0.5329604148864746,0.5935156345367432,-0.03779364004731178,0.5161647796630859,0.6458900570869446,0.05610796809196472,0.5407882928848267,0.6739552617073059,-0.02954617701470852,0.5103515386581421,0.6519878506660461,0.056616026908159256,0.5306450128555298,0.6978188157081604,-0.028993498533964157,0.5290566086769104,0.6731127500534058,0.03920000046491623,0.5574663281440735,0.6908330917358398,-0.05325145274400711
0163,./images/142/frame_00163.jpg,Normal,0.5921298265457153,0.4882328510284424,0.07325853407382965,0.5962696075439453,0.48143333196640015,0.08094971626996994,0.5960178971290588,0.4798206686973572,0.08092577010393143,0.5958478450775146,0.4781351387500763,0.0808936059474945,0.5972937345504761,0.483195036649704,0.0611112117767334,0.5976015329360962,0.4831467568874359,0.06103264167904854,0.5979315638542175,0.4830799400806427,0.060953330248594284,0.5942776799201965,0.4685935080051422,0.0927094966173172,0.5974230170249939,0.47641563415527344,0.01869169995188713,0.5889102220535278,0.48376765847206116,0.0836447924375534,0.5898489356040955,0.48593249917030334,0.05889485403895378,0.5671959519386292,0.44468075037002563,0.12944531440734863,0.5832944512367249,0.4814281761646271,-0.04325411468744278,0.5529354810714722,0.5069385766983032,0.16993634402751923,0.5756176710128784,0.541936457157135,-0.021954338997602463,0.5517473816871643,0.5424829125404358,0.18216267228126526,0.5794293880462646,0.5734442472457886,0.07459869235754013,0.5500874519348145,0.5471070408821106,0.19147846102714539,0.5827179551124573,0.5782723426818848,0.07966843247413635,0.5537745952606201,0.5464785099029541,0.18527156114578247,0.5839154124259949,0.5746104121208191,0.08398411422967911,0.5549117922782898,0.5460209250450134,0.17908525466918945,0.5825877785682678,0.5734190344810486,0.0792698860168457,0.5105178356170654,0.49067047238349915,0.055104099214076996,0.5192275643348694,0.5026118159294128,-0.05511540174484253,0.5220311880111694,0.5803115963935852,0.053530674427747726,0.5334793329238892,0.5947860479354858,-0.037810880690813065,0.5184779167175293,0.647589385509491,0.06437075138092041,0.5407551527023315,0.6757479906082153,-0.026922443881630898,0.5126116275787354,0.6534543633460999,0.06434769183397293,0.5313040614128113,0.7024640440940857,-0.026254218071699142,0.532766580581665,0.6752836108207703,0.047076646238565445,0.5600284337997437,0.6922125816345215,-0.050567734986543655
0164,./images/142/frame_00164.jpg,Normal,0.5918289422988892,0.487223744392395,0.0793939083814621,0.595883846282959,0.48078596591949463,0.08278676122426987,0.5956683158874512,0.4790339171886444,0.08275196701288223,0.5955139398574829,0.47721990942955017,0.08270153403282166,0.5969077348709106,0.48340433835983276,0.06715083122253418,0.5972954034805298,0.48371365666389465,0.06708870828151703,0.5976930856704712,0.4839341342449188,0.0670115202665329,0.5941591262817383,0.46804550290107727,0.08913401514291763,0.5973148345947266,0.47798317670822144,0.02330792136490345,0.5885812640190125,0.48288246989250183,0.0847095400094986,0.5896185636520386,0.4856351613998413,0.06461792439222336,0.567097544670105,0.4446302056312561,0.12879736721515656,0.5834883451461792,0.4841245412826538,-0.04190582409501076,0.5511597394943237,0.5036970973014832,0.16634449362754822,0.5749551057815552,0.5432469844818115,-0.00961326714605093,0.5487927198410034,0.538112998008728,0.19027584791183472,0.5794364213943481,0.5736146569252014,0.09731926023960114,0.5455738306045532,0.544162929058075,0.20037169754505157,0.5827221870422363,0.5783971548080444,0.10541023313999176,0.5504355430603027,0.5443807244300842,0.1946866810321808,0.5838676691055298,0.5751160383224487,0.10709363222122192,0.5522042512893677,0.5432855486869812,0.18786674737930298,0.5825228095054626,0.5735931992530823,0.10139336436986923,0.5101690292358398,0.4898700416088104,0.05468026548624039,0.519286036491394,0.5024193525314331,-0.05469237640500069,0.526385486125946,0.5804535150527954,0.04757876321673393,0.5340784788131714,0.5967800617218018,-0.04604353755712509,0.5220130085945129,0.6509207487106323,0.04096781462430954,0.5395549535751343,0.6756941080093384,-0.04676361754536629,0.5162161588668823,0.6569914221763611,0.03869190812110901,0.5280275344848633,0.7008132934570312,-0.04703303053975105,0.5345696806907654,0.678421676158905,0.020619820803403854,0.5569413900375366,0.692081868648529,-0.07059010118246078
0165,./images/142/frame_00165.jpg,Normal,0.59177166223526,0.4881986975669861,0.08610779792070389,0.5958771705627441,0.4817635118961334,0.08983714878559113,0.5956377387046814,0.47998666763305664,0.0898088812828064,0.5954766273498535,0.4781101942062378,0.0897657722234726,0.5967916250228882,0.48446130752563477,0.07474155724048615,0.5971766710281372,0.48476752638816833,0.0746949315071106,0.5975742340087891,0.4849533438682556,0.07462472468614578,0.5941888689994812,0.46895527839660645,0.0957995355129242,0.597292959690094,0.47882625460624695,0.030269060283899307,0.5885266065597534,0.48356327414512634,0.09051437675952911,0.5894724130630493,0.4865671396255493,0.07088880240917206,0.5678075551986694,0.44472455978393555,0.1297648698091507,0.5835238099098206,0.4836753308773041,-0.03549470752477646,0.5510741472244263,0.5027452707290649,0.16357555985450745,0.574289083480835,0.5436569452285767,-0.010434333235025406,0.5478967428207397,0.5392559766769409,0.16767743229866028,0.579113245010376,0.5730832815170288,0.09496986865997314,0.5446938872337341,0.5471029877662659,0.17373564839363098,0.5820704102516174,0.578162431716919,0.10218604654073715,0.5487453937530518,0.5467733144760132,0.16797801852226257,0.5828088521957397,0.5752564668655396,0.10416052490472794,0.5505081415176392,0.5447216629981995,0.164005309343338,0.5815474987030029,0.5731052160263062,0.09902413934469223,0.5106725692749023,0.4878128468990326,0.05455540493130684,0.5196332931518555,0.502211332321167,-0.05458753556013107,0.5258949398994446,0.5782219171524048,0.06018600985407829,0.534667432308197,0.6001178026199341,-0.041428640484809875,0.5258833765983582,0.6447119116783142,0.06572692096233368,0.5403773784637451,0.6764581799507141,-0.02729625068604946,0.5215796232223511,0.653227686882019,0.06474253535270691,0.5358016490936279,0.6939732432365417,-0.02663099393248558,0.539168119430542,0.6659831404685974,0.04839159548282623,0.5589470863342285,0.6922568678855896,-0.04839814454317093
0166,./images/142/frame_00166.jpg,Normal,0.5916916131973267,0.48820066452026367,0.0782238095998764,0.5958458185195923,0.4819205105304718,0.07952331006526947,0.5956259369850159,0.48013395071029663,0.07949968427419662,0.5954509377479553,0.47824349999427795,0.07946134358644485,0.5966554284095764,0.4847433865070343,0.06559280306100845,0.5970268249511719,0.48511335253715515,0.06555227935314178,0.5974055528640747,0.48536354303359985,0.06548754125833511,0.5941763520240784,0.4693959951400757,0.08125047385692596,0.5971747636795044,0.4796852469444275,0.019240589812397957,0.5884236097335815,0.4834481477737427,0.08080343902111053,0.5893190503120422,0.4865129292011261,0.06256477534770966,0.5678305625915527,0.4446265399456024,0.11719690263271332,0.583532452583313,0.4848136901855469,-0.04268686845898628,0.5510269999504089,0.5019140243530273,0.15919676423072815,0.5737982988357544,0.5439838171005249,-0.012940948829054832,0.547437310218811,0.5374049544334412,0.16713501513004303,0.57904052734375,0.5733669996261597,0.0880487859249115,0.5441769957542419,0.5449416637420654,0.17411917448043823,0.5820126533508301,0.578654944896698,0.0954311266541481,0.547875165939331,0.5445241332054138,0.16814467310905457,0.5827483534812927,0.5761091709136963,0.09754659980535507,0.5496355295181274,0.5426076054573059,0.16365936398506165,0.5814518928527832,0.5734615921974182,0.0921800509095192,0.5104804039001465,0.48737940192222595,0.05414670705795288,0.51911860704422,0.5026927590370178,-0.0541793629527092,0.5254133939743042,0.5782915353775024,0.05927278846502304,0.5347034335136414,0.600584089756012,-0.038273539394140244,0.5251432657241821,0.6462831497192383,0.06600182503461838,0.5402625203132629,0.676369309425354,-0.02571162022650242,0.5205346345901489,0.6553082466125488,0.06551474332809448,0.534768283367157,0.6914383769035339,-0.024386903271079063,0.5385692715644836,0.6682433485984802,0.049577657133340836,0.5594481229782104,0.6926976442337036,-0.04579528421163559
0167,./images/142/frame_00167.jpg,Normal,0.5917588472366333,0.4876367747783661,0.07937968522310257,0.5958795547485352,0.4814748466014862,0.07985051721334457,0.5956742167472839,0.47968271374702454,0.07982812076807022,0.5954989790916443,0.47779637575149536,0.07979081571102142,0.5966542363166809,0.484323114156723,0.06658009439706802,0.5970223546028137,0.48470616340637207,0.06653936207294464,0.5973889231681824,0.4849836528301239,0.06647573411464691,0.5941461324691772,0.4690636992454529,0.07857050001621246,0.5970306396484375,0.47983160614967346,0.01975451596081257,0.5884203910827637,0.483068585395813,0.08095692098140717,0.5893148183822632,0.4860999286174774,0.06354138255119324,0.5677091479301453,0.4454764425754547,0.11348489671945572,0.5826882123947144,0.4862430989742279,-0.041280653327703476,0.5497629046440125,0.5009483098983765,0.16131357848644257,0.5732344388961792,0.546990692615509,-0.009482821449637413,0.5471633672714233,0.5352609157562256,0.1860637068748474,0.5792004466056824,0.5734965205192566,0.10341254621744156,0.5438789129257202,0.5420945882797241,0.19673870503902435,0.5821601152420044,0.5789622068405151,0.11288489401340485,0.5473520159721375,0.5411593317985535,0.19088317453861237,0.5827764868736267,0.5757282972335815,0.11455905437469482,0.5491131544113159,0.5395247340202332,0.1836119145154953,0.5814611911773682,0.5734920501708984,0.10768888890743256,0.5102933645248413,0.48792606592178345,0.053409136831760406,0.5184872150421143,0.5029915571212769,-0.053414732217788696,0.5254371166229248,0.5810031890869141,0.05806156247854233,0.5339580178260803,0.601813018321991,-0.036678411066532135,0.5264947414398193,0.6467421054840088,0.06324486434459686,0.5400497913360596,0.6762738227844238,-0.028813278302550316,0.5220375657081604,0.6558473110198975,0.06259386986494064,0.5326567888259888,0.6968104243278503,-0.028357386589050293,0.5446798205375671,0.669005811214447,0.045636992901563644,0.5592763423919678,0.6926571130752563,-0.05350686237215996
0168,./images/142/frame_00168.jpg,Normal,0.5917595624923706,0.48764219880104065,0.07505851984024048,0.5958622097969055,0.4814380705356598,0.07473081350326538,0.595660924911499,0.4794977009296417,0.07471106946468353,0.5954908728599548,0.4774911105632782,0.07467712461948395,0.596631646156311,0.48483264446258545,0.06151765584945679,0.5969858765602112,0.4854000210762024,0.06147138401865959,0.5973357558250427,0.48584967851638794,0.06140289828181267,0.594138503074646,0.46881023049354553,0.07180795818567276,0.5969315767288208,0.4805116355419159,0.012644420377910137,0.5884226560592651,0.48287513852119446,0.07598540186882019,0.5894168019294739,0.48613137006759644,0.05865941569209099,0.5676352977752686,0.4459739625453949,0.10622711479663849,0.5825148820877075,0.4871276915073395,-0.04750137776136398,0.5497711896896362,0.5006498694419861,0.14689901471138,0.5724809169769287,0.5511244535446167,-0.011411099694669247,0.5469897389411926,0.536503791809082,0.15691570937633514,0.5791574716567993,0.5733128786087036,0.10018686205148697,0.5436809659004211,0.5447626113891602,0.1654490828514099,0.5820795297622681,0.5787163972854614,0.10972875356674194,0.5470340251922607,0.5441461801528931,0.15872523188591003,0.5828253030776978,0.5755053162574768,0.11148469150066376,0.5487958192825317,0.5419793128967285,0.15357719361782074,0.5814963579177856,0.5727493762969971,0.10450075566768646,0.5100055932998657,0.4874298572540283,0.052763085812330246,0.5178592801094055,0.5037587881088257,-0.05276248976588249,0.5252354145050049,0.5787310004234314,0.05718211457133293,0.5309550166130066,0.6043139696121216,-0.035252153873443604,0.5287129282951355,0.645329475402832,0.06215312331914902,0.5371944904327393,0.6878448724746704,-0.027107257395982742,0.5248967409133911,0.6556230187416077,0.06154758483171463,0.53193199634552,0.7038916349411011,-0.026736969128251076,0.5443099737167358,0.6631142497062683,0.044648900628089905,0.5591751337051392,0.6934331655502319,-0.05227898433804512
0169,./images/142/frame_00169.jpg,Normal,0.5917435884475708,0.48741501569747925,0.06699059903621674,0.5957614183425903,0.4812166094779968,0.06852670013904572,0.5956191420555115,0.47928881645202637,0.06850504130125046,0.595482587814331,0.47728294134140015,0.06847558170557022,0.5964080095291138,0.4845115542411804,0.05411098524928093,0.5969518423080444,0.4853364825248718,0.05406467244029045,0.5972837209701538,0.4855220913887024,0.05399743840098381,0.594129204750061,0.4687812030315399,0.07258741557598114,0.5966869592666626,0.48040732741355896,0.008169758133590221,0.5884811282157898,0.482633501291275,0.07034458220005035,0.5895271897315979,0.4857754111289978,0.05142476409673691,0.5675654411315918,0.4457879066467285,0.10746452957391739,0.5824725031852722,0.48644500970840454,-0.0515114963054657,0.5494092702865601,0.5003565549850464,0.1374007910490036,0.57260662317276,0.5508016347885132,-0.028754007071256638,0.5446388125419617,0.5359469056129456,0.12914985418319702,0.5795465111732483,0.5732706785202026,0.08066417276859283,0.5404824018478394,0.5440909266471863,0.1344742327928543,0.5822035670280457,0.5787481069564819,0.08853637427091599,0.5436382293701172,0.5433778762817383,0.12813632190227509,0.5829217433929443,0.5755334496498108,0.09041591733694077,0.5457059144973755,0.5412639379501343,0.1253090500831604,0.5816110372543335,0.572789192199707,0.08491314947605133,0.5100732445716858,0.48620113730430603,0.05245528742671013,0.517750084400177,0.5027493238449097,-0.052443258464336395,0.5250691175460815,0.5787595510482788,0.055447258055210114,0.5289396047592163,0.6036962270736694,-0.0347202830016613,0.5285240411758423,0.6445764899253845,0.05809836834669113,0.5341434478759766,0.6865189671516418,-0.026843836531043053,0.5249022245407104,0.6544468998908997,0.05711958557367325,0.5315139889717102,0.6922539472579956,-0.026659023016691208,0.5429758429527283,0.6608263850212097,0.03875444829463959,0.5574755668640137,0.6933808326721191,-0.05323842167854309
0170,./images/142/frame_00170.jpg,Normal,0.5915431976318359,0.4873614013195038,0.07181577384471893,0.5953710675239563,0.48104625940322876,0.07189591228961945,0.595294713973999,0.4791400134563446,0.07187939435243607,0.5952218770980835,0.4771428108215332,0.07184969633817673,0.5959939956665039,0.48425325751304626,0.05831458419561386,0.5964675545692444,0.48494812846183777,0.05827312543988228,0.5971238017082214,0.48513004183769226,0.05821080133318901,0.5940505862236023,0.4687267243862152,0.0689166933298111,0.5964794158935547,0.48029860854148865,0.00889101903885603,0.5884333848953247,0.48245400190353394,0.07336945831775665,0.5895228981971741,0.4856681525707245,0.05549348145723343,0.5675150752067566,0.44544529914855957,0.1040545329451561,0.5825147032737732,0.4873902201652527,-0.051134414970874786,0.548359215259552,0.49360427260398865,0.14641757309436798,0.5730034112930298,0.5491593480110168,-0.025631776079535484,0.5434913635253906,0.5258944034576416,0.17361369729042053,0.5800570249557495,0.5733245611190796,0.09006161987781525,0.5392813086509705,0.5338658094406128,0.1847497522830963,0.5825154781341553,0.5797020792961121,0.09929965436458588,0.5423747301101685,0.5329772233963013,0.17777541279792786,0.5829852819442749,0.5756534934043884,0.10126230865716934,0.5444592237472534,0.5309441089630127,0.17078742384910583,0.5820117592811584,0.5737946629524231,0.09450718015432358,0.5099804401397705,0.4862127900123596,0.05242269113659859,0.5174951553344727,0.5028630495071411,-0.0524134524166584,0.525072455406189,0.5767268538475037,0.05532793328166008,0.5315422415733337,0.6031006574630737,-0.03429427742958069,0.5277856588363647,0.6418679356575012,0.059378642588853836,0.5372174382209778,0.6808913946151733,-0.024972310289740562,0.5238372087478638,0.6512658596038818,0.05880959704518318,0.5314618945121765,0.69533771276474,-0.024107616394758224,0.5400501489639282,0.6598484516143799,0.042181868106126785,0.5575956106185913,0.6933240294456482,-0.04632063955068588
0171,./images/142/frame_00171.jpg,Normal,0.5915226936340332,0.48719877004623413,0.07228009402751923,0.5953186750411987,0.4809268116950989,0.07218246161937714,0.5952602624893188,0.47902315855026245,0.07216622680425644,0.5952030420303345,0.47703883051872253,0.07213358581066132,0.595896303653717,0.4840976297855377,0.05831744149327278,0.5963129997253418,0.48471739888191223,0.05827705189585686,0.5970607399940491,0.4848608374595642,0.05821650102734566,0.5940388441085815,0.4687555134296417,0.07017451524734497,0.5963577032089233,0.48028364777565,0.007901905104517937,0.5884299874305725,0.48233190178871155,0.07365570217370987,0.589523196220398,0.48554256558418274,0.055423855781555176,0.567480742931366,0.4454178214073181,0.10631240904331207,0.5824776291847229,0.48744770884513855,-0.052775442600250244,0.5484753847122192,0.49169567227363586,0.16034330427646637,0.5730915069580078,0.5486694574356079,-0.027195289731025696,0.5460761785507202,0.5246196985244751,0.18647585809230804,0.5802640914916992,0.5733326077461243,0.0898972675204277,0.5425160527229309,0.5326178073883057,0.19794753193855286,0.5825327634811401,0.5803853273391724,0.09655669331550598,0.5461046099662781,0.5317700505256653,0.19082605838775635,0.5830253958702087,0.5757527351379395,0.09852974861860275,0.5479708909988403,0.5298997163772583,0.18350717425346375,0.5822693705558777,0.5743932127952576,0.0936429351568222,0.5096867680549622,0.4864961504936218,0.05330114811658859,0.5169234275817871,0.5030152797698975,-0.05330786108970642,0.5216148495674133,0.5774744153022766,0.06397649645805359,0.5321962237358093,0.6021462082862854,-0.025989849120378494,0.5241972208023071,0.6430031061172485,0.08405132591724396,0.540965735912323,0.6789073944091797,-0.0033813558984547853,0.5204340219497681,0.6525117754936218,0.08537402749061584,0.5328172445297241,0.6956368684768677,-0.0011766779934987426,0.5365340709686279,0.6619179844856262,0.07090169936418533,0.5590269565582275,0.6932948231697083,-0.021451113745570183
0172,./images/142/frame_00172.jpg,Normal,0.5915251970291138,0.4870654344558716,0.06264618784189224,0.5953173637390137,0.480875700712204,0.06196165084838867,0.5952574610710144,0.47895634174346924,0.06194469332695007,0.595206081867218,0.4769771993160248,0.061913348734378815,0.5959323048591614,0.4839935004711151,0.04748983308672905,0.5963166356086731,0.4845520555973053,0.047446899116039276,0.5970324873924255,0.4846763610839844,0.04738953337073326,0.594063401222229,0.4687080681324005,0.05970329791307449,0.5963503122329712,0.480069637298584,-0.005478977225720882,0.5884734392166138,0.48223212361335754,0.06387849152088165,0.5895394086837769,0.48541370034217834,0.044833943247795105,0.567425549030304,0.4453146755695343,0.09819328784942627,0.5821719765663147,0.48701879382133484,-0.06607703119516373,0.5473163723945618,0.4871976673603058,0.15871857106685638,0.5731690526008606,0.5480884313583374,-0.04014242812991142,0.5429188013076782,0.514564573764801,0.18624195456504822,0.5802383422851562,0.5733262896537781,0.07306408882141113,0.5382662415504456,0.5213648080825806,0.19769451022148132,0.5822464227676392,0.5802170038223267,0.08046670258045197,0.5410534143447876,0.51930832862854,0.19118888676166534,0.5830835103988647,0.5760945081710815,0.08207936584949493,0.543666660785675,0.517730712890625,0.18356072902679443,0.5824750661849976,0.5749920606613159,0.07715184986591339,0.5090271234512329,0.48663750290870667,0.05475243180990219,0.5158766508102417,0.5030638575553894,-0.054744619876146317,0.5237584710121155,0.58110511302948,0.06420265883207321,0.5323618650436401,0.6019769310951233,-0.02636392042040825,0.5277209281921387,0.6463013291358948,0.08766958117485046,0.5382514595985413,0.6815595626831055,-0.0032446037512272596,0.5235174894332886,0.6557430028915405,0.08941052854061127,0.5312778949737549,0.696233332157135,-0.0005200128653086722,0.5423732399940491,0.663287341594696,0.0734214261174202,0.5595105886459351,0.6932511925697327,-0.02281429059803486
0173,./images/142/frame_00173.jpg,Normal,0.5918815732002258,0.48642340302467346,0.0524534173309803,0.5955101251602173,0.4805973172187805,0.05069940537214279,0.595471978187561,0.47852617502212524,0.05068253353238106,0.5953166484832764,0.47666171193122864,0.050648439675569534,0.5960327386856079,0.483964204788208,0.037108466029167175,0.5963762402534485,0.48443886637687683,0.03706488385796547,0.5970346927642822,0.4845488667488098,0.03700995817780495,0.5942045450210571,0.4684806764125824,0.046308036893606186,0.5963700413703918,0.4800262153148651,-0.014895377680659294,0.5888662338256836,0.48173585534095764,0.05313920974731445,0.589689314365387,0.48536598682403564,0.03523990884423256,0.5676566362380981,0.4447178840637207,0.08614974468946457,0.5822063684463501,0.4881952404975891,-0.07383336126804352,0.547437310218811,0.4882645010948181,0.14193160831928253,0.5732331275939941,0.5480492115020752,-0.045981548726558685,0.543114185333252,0.5179768204689026,0.16954612731933594,0.5806260704994202,0.5744003057479858,0.06530460715293884,0.5386911630630493,0.5251269340515137,0.18108896911144257,0.582473874092102,0.5822609663009644,0.07225699722766876,0.5415536165237427,0.5235662460327148,0.1736321598291397,0.5840997695922852,0.5799245834350586,0.07449575513601303,0.543990433216095,0.5219026803970337,0.1666507124900818,0.5830495357513428,0.576508641242981,0.06961430609226227,0.5091870427131653,0.4863712191581726,0.054495446383953094,0.51585453748703,0.5030774474143982,-0.05449414998292923,0.5255919694900513,0.5810865759849548,0.06254719197750092,0.5311877727508545,0.6018844842910767,-0.039588507264852524,0.5306251049041748,0.6471416354179382,0.08315089344978333,0.5387181639671326,0.6779389381408691,-0.00863894633948803,0.5266602635383606,0.6573654413223267,0.08466516435146332,0.5312687158584595,0.6983949542045593,-0.0015571413096040487,0.547298014163971,0.6651687026023865,0.06835737079381943,0.5597342252731323,0.6931007504463196,-0.023052990436553955
0174,./images/142/frame_00174.jpg,Normal,0.5918380618095398,0.4852564036846161,0.05579228326678276,0.5954418778419495,0.4789608418941498,0.05523471161723137,0.5954167246818542,0.47669780254364014,0.05521264672279358,0.59528648853302,0.4745418429374695,0.055174559354782104,0.5959268808364868,0.4830256998538971,0.04139066860079765,0.5963629484176636,0.4834095537662506,0.041347015649080276,0.5969576239585876,0.48389679193496704,0.04128572717308998,0.5941371321678162,0.4669274091720581,0.05401945859193802,0.5960447192192078,0.47989290952682495,-0.008213115856051445,0.5888575315475464,0.4801276624202728,0.05751001834869385,0.5896878838539124,0.4844764173030853,0.03932691365480423,0.5678959488868713,0.44480085372924805,0.09149103611707687,0.5818941593170166,0.48813265562057495,-0.06621000915765762,0.5483683943748474,0.49428609013557434,0.13464170694351196,0.5732721090316772,0.5478060841560364,-0.04388830065727234,0.5466190576553345,0.5305165648460388,0.1372152864933014,0.5809647440910339,0.5746353268623352,0.06003953889012337,0.5434004068374634,0.5394196510314941,0.1448889672756195,0.5831167101860046,0.5829113125801086,0.06573210656642914,0.5465415716171265,0.5386768579483032,0.1373589187860489,0.5853267908096313,0.5811390280723572,0.06900358945131302,0.5483892560005188,0.5365097522735596,0.13336683809757233,0.5837553143501282,0.5772135257720947,0.06440366804599762,0.5092116594314575,0.4860279858112335,0.05335288494825363,0.5158913731575012,0.5026026964187622,-0.053319282829761505,0.5255533456802368,0.5817841291427612,0.06151840090751648,0.5275105834007263,0.6017900109291077,-0.037562787532806396,0.5339537858963013,0.6482455730438232,0.08175279945135117,0.5387529730796814,0.6746343374252319,-0.01126319169998169,0.5307428240776062,0.6587497591972351,0.08319015800952911,0.5313655138015747,0.6981110572814941,-0.0069316960871219635,0.5506953597068787,0.6653771996498108,0.06583552807569504,0.5597887635231018,0.6922832131385803,-0.03117866814136505
0175,./images/142/frame_00175.jpg,Normal,0.5921826362609863,0.4821407198905945,0.05839981511235237,0.5955382585525513,0.47627532482147217,0.057112984359264374,0.5955110192298889,0.47387805581092834,0.057091228663921356,0.595395028591156,0.4715995788574219,0.05705384165048599,0.5960656404495239,0.48075222969055176,0.04359590634703636,0.5964093804359436,0.48167282342910767,0.043551716953516006,0.5969556570053101,0.48259466886520386,0.04348818585276604,0.5941310524940491,0.46503427624702454,0.05319492146372795,0.5959228277206421,0.4796070456504822,-0.007272365037351847,0.589040219783783,0.4772835671901703,0.05931232497096062,0.5897508859634399,0.482650488615036,0.04159354045987129,0.5680123567581177,0.4446781277656555,0.09153641015291214,0.5811875462532043,0.48781344294548035,-0.0661560446023941,0.5484522581100464,0.4936283230781555,0.14006146788597107,0.5731536746025085,0.5474682450294495,-0.04320364445447922,0.54802405834198,0.5301631093025208,0.15147718787193298,0.581192135810852,0.5748330950737,0.05978207662701607,0.5453565716743469,0.538800835609436,0.15981842577457428,0.5832090973854065,0.5831818580627441,0.06561832129955292,0.5485188364982605,0.5380862951278687,0.15323808789253235,0.5856055021286011,0.5815463662147522,0.06857866048812866,0.5502259135246277,0.5360275506973267,0.1481659710407257,0.5839242339134216,0.5774499773979187,0.06405621021986008,0.5094402432441711,0.48523420095443726,0.05330727621912956,0.5157830119132996,0.5023241639137268,-0.05326421931385994,0.5259217023849487,0.5819634199142456,0.061091870069503784,0.5274263024330139,0.6010369062423706,-0.03774013742804527,0.5330520868301392,0.6509175896644592,0.08211366087198257,0.5353223085403442,0.6762745976448059,-0.011711223982274532,0.5294936895370483,0.6623094081878662,0.08351161330938339,0.5297247767448425,0.6966087818145752,-0.008688483387231827,0.5526148080825806,0.6718413233757019,0.06629189848899841,0.5597407817840576,0.6915653347969055,-0.03511685132980347
0176,./images/142/frame_00176.jpg,Normal,0.5923039317131042,0.47406700253486633,0.05200124904513359,0.5956131219863892,0.4691670835018158,0.047114502638578415,0.5955592393875122,0.4671078622341156,0.04709840193390846,0.5954368710517883,0.4650675356388092,0.04706431180238724,0.5961388945579529,0.47420942783355713,0.036405306309461594,0.5964418649673462,0.4756315350532532,0.036357272416353226,0.5969552993774414,0.47711610794067383,0.036297231912612915,0.5940847992897034,0.46134087443351746,0.03191171586513519,0.595831573009491,0.47725337743759155,-0.01565122976899147,0.5891335010528564,0.4705986976623535,0.04907688871026039,0.5897656083106995,0.4766579866409302,0.035071201622486115,0.5678548812866211,0.4436621069908142,0.06986010074615479,0.580551266670227,0.4893956184387207,-0.07390329986810684,0.5467239022254944,0.48905664682388306,0.12368397414684296,0.5721521377563477,0.5473163723945618,-0.04063135012984276,0.5459044575691223,0.5214751958847046,0.1518140733242035,0.5809954404830933,0.5747202634811401,0.0671190470457077,0.5428949594497681,0.5286615490913391,0.16182366013526917,0.5823134183883667,0.581960916519165,0.07617612183094025,0.5461955666542053,0.5282930731773376,0.15479178726673126,0.5851262211799622,0.5807491540908813,0.07609956711530685,0.5478416085243225,0.5267658829689026,0.14893963932991028,0.5839172005653381,0.5773761868476868,0.07032608985900879,0.5094698667526245,0.4851338565349579,0.05163981392979622,0.514938473701477,0.5024233460426331,-0.051586586982011795,0.5272864103317261,0.5813997387886047,0.054850347340106964,0.5271647572517395,0.5993283987045288,-0.05099521204829216,0.5319892168045044,0.6510611772537231,0.07405897974967957,0.5327698588371277,0.6762352585792542,-0.028591692447662354,0.5281693339347839,0.6625089645385742,0.07534831017255783,0.527702271938324,0.692979633808136,-0.026123592630028725,0.5497507452964783,0.6714862585067749,0.057321976870298386,0.5573245286941528,0.6901372075080872,-0.052962321788072586
0177,./images/142/frame_00177.jpg,Normal,0.5920461416244507,0.47483906149864197,0.04932362213730812,0.5955159068107605,0.46987184882164,0.04993978515267372,0.595469057559967,0.46805694699287415,0.04990781098604202,0.595356822013855,0.4661339521408081,0.04986687749624252,0.5960912108421326,0.47337251901626587,0.03552917391061783,0.5963439345359802,0.4742978811264038,0.035487595945596695,0.5967439413070679,0.474966824054718,0.03542940691113472,0.5938843488693237,0.4614050090312958,0.03459598496556282,0.5953461527824402,0.4738767743110657,-0.010983596555888653,0.5888938307762146,0.47151005268096924,0.052990544587373734,0.5895529985427856,0.47562485933303833,0.0342390313744545,0.5678472518920898,0.4442315697669983,0.08947896957397461,0.5798504948616028,0.48101451992988586,-0.06904160976409912,0.5475559234619141,0.5032219290733337,0.1289263665676117,0.5721477270126343,0.5472490191459656,-0.04950525984168053,0.5485188961029053,0.5357654094696045,0.11669737100601196,0.581637442111969,0.5753238797187805,0.04762745648622513,0.5462844371795654,0.5418766736984253,0.12161727249622345,0.582317590713501,0.5872974991798401,0.05084838345646858,0.550058901309967,0.5403178930282593,0.11468563973903656,0.5848301649093628,0.5834943652153015,0.055232804268598557,0.5516015291213989,0.5393797755241394,0.112481988966465,0.5840855836868286,0.577328085899353,0.05201680585741997,0.509494423866272,0.487337201833725,0.05450437217950821,0.5140058994293213,0.5015562176704407,-0.05445130541920662,0.5280809998512268,0.5827643871307373,0.06648843735456467,0.5278005003929138,0.5991303324699402,-0.045591793954372406,0.5338751077651978,0.6518992781639099,0.09558210521936417,0.5328332185745239,0.6784504055976868,-0.019430316984653473,0.5299926996231079,0.6630787253379822,0.09763322025537491,0.5291258692741394,0.6933552622795105,-0.01694219931960106,0.5524834990501404,0.6743780970573425,0.0780954658985138,0.5588804483413696,0.68999183177948,-0.04830850288271904
0178,./images/142/frame_00178.jpg,Normal,0.5918979644775391,0.47600799798965454,0.057756680995225906,0.5953390002250671,0.4708021283149719,0.061316587030887604,0.5952560901641846,0.4690006971359253,0.06127562001347542,0.5951297283172607,0.4670813977718353,0.06123364716768265,0.5959007143974304,0.4740862250328064,0.04580656439065933,0.5961203575134277,0.47483059763908386,0.04576028138399124,0.5966809391975403,0.47506871819496155,0.04569316655397415,0.5934985280036926,0.4616621136665344,0.06614953279495239,0.5950062274932861,0.4735283851623535,0.0017533147474750876,0.5886532664299011,0.4723946452140808,0.06359639763832092,0.5894598364830017,0.4762619435787201,0.043323058634996414,0.567543089389801,0.4449697732925415,0.10447078943252563,0.5795171856880188,0.4809630513191223,-0.05772451311349869,0.5475672483444214,0.5069187879562378,0.13119760155677795,0.5715005397796631,0.546422004699707,-0.03639165684580803,0.5484517812728882,0.5434465408325195,0.11855794489383698,0.5808379650115967,0.5729547142982483,0.07140634208917618,0.5459277033805847,0.5509582757949829,0.12338058650493622,0.5801218748092651,0.5864987969398499,0.07762737572193146,0.5498001575469971,0.5496243238449097,0.11716611683368683,0.5839521288871765,0.5741468071937561,0.08115275204181671,0.5514634847640991,0.5478838682174683,0.1145753264427185,0.582573413848877,0.5731090903282166,0.07589925825595856,0.5098217725753784,0.4884917438030243,0.05432484671473503,0.5142849683761597,0.5014092922210693,-0.05427856370806694,0.530318558216095,0.5827362537384033,0.0647038072347641,0.5279664397239685,0.5991958975791931,-0.04843012988567352,0.5357756018638611,0.6522490382194519,0.0922565683722496,0.5330930948257446,0.6809810400009155,-0.042442139238119125,0.5315908193588257,0.6637182831764221,0.08980100601911545,0.5298542380332947,0.6955918073654175,-0.04278705641627312,0.5551264882087708,0.6749017238616943,0.0642482116818428,0.5587602853775024,0.6899438500404358,-0.07539153099060059
0179,./images/142/frame_00179.jpg,Normal,0.5925710201263428,0.47551077604293823,0.06172419339418411,0.5959213972091675,0.4697635769844055,0.06547604501247406,0.5957459211349487,0.4681389629840851,0.06544278562068939,0.5955366492271423,0.46627694368362427,0.06540219485759735,0.5965641140937805,0.47249549627304077,0.04980313405394554,0.5967589616775513,0.4729236960411072,0.04975514858961105,0.5971376895904541,0.47320857644081116,0.04969064146280289,0.5935807824134827,0.4606410264968872,0.07360412180423737,0.5952917337417603,0.4700632393360138,0.005489941220730543,0.5890364050865173,0.4726007580757141,0.06761102378368378,0.5898637175559998,0.4760366976261139,0.04705321788787842,0.5672343969345093,0.4440726935863495,0.11066566407680511,0.579677939414978,0.47904807329177856,-0.054038964211940765,0.5476053357124329,0.5043291449546814,0.14056850969791412,0.5714184045791626,0.5422258377075195,-0.03226806968450546,0.5482574701309204,0.5404109358787537,0.13424274325370789,0.5805296301841736,0.5672075152397156,0.07892005145549774,0.5456823110580444,0.5482403039932251,0.14128142595291138,0.5799895524978638,0.5810830593109131,0.08615020662546158,0.5492590665817261,0.5470038652420044,0.13464540243148804,0.5836789608001709,0.5686150193214417,0.08904262632131577,0.5509095788002014,0.5450776815414429,0.13064299523830414,0.5820809602737427,0.5655413866043091,0.08336465060710907,0.5100081562995911,0.488351047039032,0.05387192964553833,0.5144264101982117,0.4998783469200134,-0.05381569266319275,0.5297869443893433,0.5815697908401489,0.05971234291791916,0.5281864404678345,0.5989627242088318,-0.042623136192560196,0.5354987382888794,0.6519002318382263,0.07113116979598999,0.533867359161377,0.6809130311012268,-0.03391134366393089,0.5314695239067078,0.6635393500328064,0.06996475905179977,0.5298810005187988,0.6956007480621338,-0.03267970681190491,0.5533310174942017,0.6748904585838318,0.048702649772167206,0.5586549639701843,0.6899681687355042,-0.061024993658065796
0180,./images/142/frame_00180.jpg,Normal,0.5923677682876587,0.4770684242248535,0.057699255645275116,0.5957744121551514,0.47027045488357544,0.062065668404102325,0.5956054329872131,0.4690196216106415,0.062016088515520096,0.5954238176345825,0.46757379174232483,0.06197008490562439,0.5963693261146545,0.4731748402118683,0.04591365531086922,0.596542239189148,0.47367149591445923,0.04587483033537865,0.5968385934829712,0.4738802909851074,0.045814819633960724,0.5934581160545349,0.4608903229236603,0.07061026245355606,0.5950638055801392,0.46845945715904236,0.003709055483341217,0.588860273361206,0.4734575152397156,0.06412503868341446,0.5895656943321228,0.476423442363739,0.04293157905340195,0.5671645998954773,0.44868701696395874,0.10710109770298004,0.5788063406944275,0.4764617085456848,-0.05419762060046196,0.5476552248001099,0.5109348893165588,0.117289699614048,0.5682474374771118,0.5421544909477234,-0.04346097260713577,0.5440429449081421,0.5612006783485413,0.08521681278944016,0.5797373056411743,0.5649150609970093,0.05326658487319946,0.5411912202835083,0.5731402039527893,0.0864812359213829,0.5770531892776489,0.5810044407844543,0.0568511076271534,0.542945384979248,0.5726392865180969,0.07849574089050293,0.5790335536003113,0.5693777203559875,0.060125477612018585,0.5441502332687378,0.5685529112815857,0.07979293167591095,0.5777527093887329,0.5668900609016418,0.05719323828816414,0.5114666223526001,0.4889524579048157,0.05381504446268082,0.5145007371902466,0.49844732880592346,-0.053765542805194855,0.5324235558509827,0.5814089775085449,0.06347688287496567,0.5288320779800415,0.5955271124839783,-0.04329797625541687,0.5361138582229614,0.654589831829071,0.08631502836942673,0.5340996384620667,0.6804543137550354,-0.030201207846403122,0.5315283536911011,0.6663107872009277,0.08701877295970917,0.5292204022407532,0.6948707103729248,-0.029227549210190773,0.5550687909126282,0.6773430109024048,0.06400217860937119,0.558738648891449,0.6897890567779541,-0.0603112056851387
0181,./images/142/frame_00181.jpg,Normal,0.5925508141517639,0.4730047583580017,0.08650147169828415,0.5959599018096924,0.46666815876960754,0.0879974216222763,0.5957858562469482,0.46515628695487976,0.08796336501836777,0.595596194267273,0.4636079668998718,0.08791898190975189,0.5965275168418884,0.46984028816223145,0.07385565340518951,0.5966836810112,0.4705098569393158,0.07380985468626022,0.5969277620315552,0.4710789918899536,0.07373491674661636,0.5935787558555603,0.4577885568141937,0.0880044624209404,0.5951579809188843,0.4677916169166565,0.025185083970427513,0.5890499353408813,0.47028660774230957,0.08782833069562912,0.589711606502533,0.47408804297447205,0.06930164992809296,0.5672702193260193,0.4451553225517273,0.11558026075363159,0.5792202353477478,0.4774065613746643,-0.04123805835843086,0.5475093126296997,0.5036847591400146,0.1268804669380188,0.5688682794570923,0.5398827195167542,-0.020635413005948067,0.5441410541534424,0.5462729334831238,0.11075111478567123,0.5794414281845093,0.563035786151886,0.08522716909646988,0.5412315130233765,0.5555774569511414,0.11987278610467911,0.5771118402481079,0.5796432495117188,0.09315302968025208,0.5433800220489502,0.5561161041259766,0.10933393239974976,0.5796954035758972,0.5668730735778809,0.09443739801645279,0.5447301268577576,0.5528890490531921,0.10534898936748505,0.5785387754440308,0.5631111860275269,0.0890226885676384,0.5136343240737915,0.4886375963687897,0.05273231863975525,0.5178889632225037,0.498282790184021,-0.05268433690071106,0.5335118770599365,0.5826846957206726,0.050451576709747314,0.5289946794509888,0.59574955701828,-0.06410793960094452,0.5353811979293823,0.6554737687110901,0.039707913994789124,0.5321424007415771,0.6830905079841614,-0.0888584703207016,0.5312522649765015,0.6668267846107483,0.03632517531514168,0.5260943174362183,0.6976894736289978,-0.09236878156661987,0.5541002154350281,0.6766529679298401,0.013103647157549858,0.5582324266433716,0.6906360387802124,-0.1299734115600586
0182,./images/142/frame_00182.jpg,Normal,0.5923834443092346,0.4738409221172333,0.07881530374288559,0.5957546830177307,0.4675907492637634,0.0809364765882492,0.5955986976623535,0.46637797355651855,0.08090271055698395,0.5954383611679077,0.4643378257751465,0.08086435496807098,0.5963359475135803,0.470481276512146,0.06628943979740143,0.5965192317962646,0.47138071060180664,0.06624241918325424,0.5967597961425781,0.4719671607017517,0.06617419421672821,0.593518853187561,0.45826148986816406,0.08578073233366013,0.595110297203064,0.46766197681427,0.01996612921357155,0.5889335870742798,0.4715022146701813,0.08185447752475739,0.5897103548049927,0.47453978657722473,0.06268450617790222,0.5669370293617249,0.44660988450050354,0.1169663518667221,0.5793291926383972,0.47602394223213196,-0.042903345078229904,0.5485692024230957,0.5065069794654846,0.12776780128479004,0.5697225332260132,0.5387396216392517,-0.020778926089406013,0.5469123721122742,0.5522366166114807,0.11373309791088104,0.5794572234153748,0.5598081946372986,0.09160803258419037,0.5448364615440369,0.563264787197113,0.11721156537532806,0.578628420829773,0.5637966394424438,0.10011325031518936,0.5470199584960938,0.5624901056289673,0.1101531982421875,0.5799702405929565,0.5594160556793213,0.10119316726922989,0.5479075312614441,0.5588532090187073,0.10900340974330902,0.578717052936554,0.5587260723114014,0.09550569951534271,0.5133439898490906,0.4890057146549225,0.05270199850201607,0.5177663564682007,0.4984598457813263,-0.05265653133392334,0.5326157808303833,0.5832459330558777,0.05302265286445618,0.5290859937667847,0.596725344657898,-0.05452718213200569,0.5353154540061951,0.6555827856063843,0.0559028759598732,0.5322080850601196,0.6845401525497437,-0.05845286697149277,0.5307554006576538,0.6666169762611389,0.054397694766521454,0.5261572599411011,0.6992406249046326,-0.05980219691991806,0.5531619787216187,0.676226019859314,0.03323439508676529,0.5582377314567566,0.6913189888000488,-0.09188202023506165
0183,./images/142/frame_00183.jpg,Normal,0.5920310616493225,0.47420790791511536,0.08278639614582062,0.5954938530921936,0.4679008424282074,0.08482783287763596,0.595352292060852,0.46664029359817505,0.08479637652635574,0.5952106714248657,0.46489498019218445,0.08476130664348602,0.5960704684257507,0.4701363146305084,0.07043170183897018,0.5962687730789185,0.4704780578613281,0.07038284838199615,0.5964935421943665,0.47064438462257385,0.07031285762786865,0.5933734178543091,0.4578990638256073,0.08893366158008575,0.5949594974517822,0.465694397687912,0.024350862950086594,0.5885670185089111,0.47133779525756836,0.08553604036569595,0.5895078182220459,0.4735023081302643,0.06667405366897583,0.5662928819656372,0.4465746283531189,0.11938817799091339,0.5794085264205933,0.4742129147052765,-0.03970129042863846,0.5496346354484558,0.5067503452301025,0.13801860809326172,0.5716232061386108,0.5387540459632874,-0.012576530687510967,0.5474708676338196,0.5506853461265564,0.12085847556591034,0.5784143209457397,0.5492461919784546,0.1057184711098671,0.5447391271591187,0.5614282488822937,0.12425976991653442,0.5779529213905334,0.5546765923500061,0.11524069309234619,0.5471139550209045,0.5579214096069336,0.11845634132623672,0.5782917737960815,0.5509845018386841,0.11338267475366592,0.548308789730072,0.5539997816085815,0.11672244220972061,0.5772201418876648,0.5487040877342224,0.1086394190788269,0.5131435990333557,0.48894038796424866,0.052698515355587006,0.5174521207809448,0.49725914001464844,-0.05265536904335022,0.5322348475456238,0.5836021900177002,0.05409619212150574,0.5294106006622314,0.596847653388977,-0.05137494206428528,0.5349383354187012,0.6559943556785583,0.05441009998321533,0.532568097114563,0.6864022016525269,-0.05840074270963669,0.5300325155258179,0.6667200922966003,0.05251908302307129,0.5264674425125122,0.7013211250305176,-0.05988101288676262,0.5526058077812195,0.6759545803070068,0.031139057129621506,0.5582513213157654,0.6918473839759827,-0.09040328860282898
0184,./images/142/frame_00184.jpg,Normal,0.5921629667282104,0.4717728793621063,0.08744892477989197,0.5954990983009338,0.4657471179962158,0.08812561631202698,0.5953516364097595,0.46437156200408936,0.08809556812047958,0.5952087640762329,0.46287307143211365,0.08805742114782333,0.5960969924926758,0.46803605556488037,0.0750461146235466,0.5963765382766724,0.46796470880508423,0.07499603927135468,0.5965808629989624,0.46820351481437683,0.07492484897375107,0.5933509469032288,0.4560808539390564,0.08730660378932953,0.594962477684021,0.46444010734558105,0.028611645102500916,0.5885789394378662,0.46921902894973755,0.08844944089651108,0.589508593082428,0.4716489613056183,0.07136006653308868,0.5658719539642334,0.44651323556900024,0.1193893775343895,0.5794440507888794,0.473760724067688,-0.03625556081533432,0.5503079891204834,0.5060645341873169,0.14909511804580688,0.5731343030929565,0.5390519499778748,-0.001503783161751926,0.5503185987472534,0.5456178188323975,0.14494924247264862,0.5783806443214417,0.546228289604187,0.12091821432113647,0.5477460026741028,0.5546823143959045,0.15007522702217102,0.5778489112854004,0.5526095032691956,0.1318082958459854,0.5506951212882996,0.5503857731819153,0.14554359018802643,0.5780317783355713,0.5491421222686768,0.13002675771713257,0.5519948601722717,0.5473359823226929,0.1418025642633438,0.5769091248512268,0.5469890832901001,0.12399555742740631,0.512126624584198,0.48891541361808777,0.052729807794094086,0.517176628112793,0.4974678158760071,-0.052697133272886276,0.5321956872940063,0.5843853950500488,0.058646272867918015,0.5294494032859802,0.5976483225822449,-0.049796756356954575,0.5341245532035828,0.6558277606964111,0.061014723032712936,0.5328325033187866,0.6879614591598511,-0.05414534732699394,0.5295400023460388,0.6663654446601868,0.05865117162466049,0.529026210308075,0.6951740980148315,-0.05522831156849861,0.5486191511154175,0.6730323433876038,0.04031050577759743,0.5582595467567444,0.692155659198761,-0.08525747805833817
0185,./images/142/frame_00185.jpg,Normal,0.5912794470787048,0.4725356101989746,0.08871413767337799,0.5947610139846802,0.46638017892837524,0.08940333127975464,0.5945844054222107,0.46494805812835693,0.08937329053878784,0.594423770904541,0.4634246528148651,0.08933631330728531,0.595454752445221,0.4686735272407532,0.07637642323970795,0.5957277417182922,0.46870604157447815,0.07632790505886078,0.5959641933441162,0.46889784932136536,0.07625438272953033,0.5923834443092346,0.4565833508968353,0.08861398696899414,0.5944811701774597,0.4648633599281311,0.03021354414522648,0.5878003239631653,0.4696013033390045,0.0898304432630539,0.588772714138031,0.47202765941619873,0.0727563351392746,0.5653275847434998,0.4466232359409332,0.11895613372325897,0.5795023441314697,0.4728178381919861,-0.03259886056184769,0.5506769418716431,0.5068206191062927,0.14974793791770935,0.5745037794113159,0.5410805940628052,-0.0006261385860852897,0.5506902933120728,0.545445442199707,0.14327797293663025,0.5802929401397705,0.5453037619590759,0.12086334079504013,0.5480346083641052,0.5549947023391724,0.14857430756092072,0.5813167691230774,0.5503060221672058,0.13199682533740997,0.5509019494056702,0.5517359972000122,0.14313068985939026,0.5804330706596375,0.5464853644371033,0.1303194761276245,0.5522415041923523,0.5485329031944275,0.13973991572856903,0.5791207551956177,0.5443581938743591,0.12396452575922012,0.5114038586616516,0.4889270067214966,0.05138593167066574,0.5166301131248474,0.4975726306438446,-0.05138532072305679,0.5313735008239746,0.5856784582138062,0.056542523205280304,0.5288087725639343,0.5986570715904236,-0.04858660697937012,0.533985435962677,0.6573394536972046,0.05805858224630356,0.533048152923584,0.6882151961326599,-0.05371624976396561,0.5294641256332397,0.6681809425354004,0.05633282661437988,0.5338379740715027,0.6924539804458618,-0.05505547672510147,0.5496972799301147,0.6744354367256165,0.03608279302716255,0.558263897895813,0.69259113073349,-0.08481230586767197
0186,./images/142/frame_00186.jpg,Normal,0.5917422771453857,0.47184574604034424,0.07512939721345901,0.594995379447937,0.46528270840644836,0.07443314790725708,0.594786524772644,0.46372321248054504,0.07440835237503052,0.5945836305618286,0.4621359407901764,0.07437275350093842,0.595839262008667,0.4676317870616913,0.06142968684434891,0.5960269570350647,0.4679926633834839,0.06137949973344803,0.5961989164352417,0.46837908029556274,0.061311908066272736,0.5924034714698792,0.45586809515953064,0.07397419214248657,0.5944867730140686,0.4650064706802368,0.015339314937591553,0.5880269408226013,0.46935737133026123,0.07692617177963257,0.5889309644699097,0.47200828790664673,0.05991743132472038,0.5655086040496826,0.4463924467563629,0.11372442543506622,0.5795013904571533,0.4734828472137451,-0.04195587337017059,0.5547517538070679,0.5072107315063477,0.15569323301315308,0.575727105140686,0.5424035787582397,-0.009195330552756786,0.562150239944458,0.5401148200035095,0.16597160696983337,0.5829123258590698,0.5427842736244202,0.10715679824352264,0.5619226694107056,0.5469425320625305,0.17473594844341278,0.5849512815475464,0.5429350137710571,0.11708976328372955,0.5646508932113647,0.54367595911026,0.17029067873954773,0.5843668580055237,0.5378285050392151,0.11585141718387604,0.5651228427886963,0.541445791721344,0.1634552776813507,0.5828595757484436,0.5370953679084778,0.11029869318008423,0.5107807517051697,0.48897966742515564,0.051469285041093826,0.5161469578742981,0.497803270816803,-0.051470883190631866,0.531319260597229,0.5864172577857971,0.05664800852537155,0.5288708209991455,0.598924458026886,-0.04814176261425018,0.5338513851165771,0.6583307385444641,0.0720159262418747,0.5331867933273315,0.6883848309516907,-0.045392025262117386,0.5293611288070679,0.6693530678749084,0.07271143794059753,0.5346824526786804,0.6915088891983032,-0.04473498463630676,0.5503425598144531,0.6748095750808716,0.054040540009737015,0.5582036972045898,0.692577600479126,-0.07206372171640396
0187,./images/142/frame_00187.jpg,Normal,0.5911335945129395,0.47208404541015625,0.07188349217176437,0.5945045948028564,0.4655737280845642,0.0716799944639206,0.5943653583526611,0.46400320529937744,0.07165366411209106,0.5942584276199341,0.46243658661842346,0.07161746919155121,0.5953136682510376,0.46783459186553955,0.05766286328434944,0.5955914258956909,0.4685107469558716,0.057618968188762665,0.5958632230758667,0.4688534736633301,0.05755419284105301,0.5923336744308472,0.45621222257614136,0.07308842986822128,0.5943771600723267,0.4648268520832062,0.009755990467965603,0.5876563787460327,0.46942582726478577,0.07445644587278366,0.5885186195373535,0.47220751643180847,0.05603613331913948,0.5655437707901001,0.4462239146232605,0.11186430603265762,0.5795361995697021,0.4728424549102783,-0.047011204063892365,0.55775386095047,0.506901204586029,0.16134177148342133,0.5775401592254639,0.542389988899231,-0.011091758497059345,0.5655025839805603,0.5364088416099548,0.17417943477630615,0.5834468603134155,0.536609947681427,0.10419517755508423,0.565203845500946,0.5430552363395691,0.1834174245595932,0.5846319794654846,0.5343427062034607,0.11460163444280624,0.5678005218505859,0.5394976139068604,0.17888382077217102,0.5841957926750183,0.5287860631942749,0.11221221834421158,0.5682657957077026,0.5374175906181335,0.17168468236923218,0.5828729867935181,0.5287364721298218,0.10699866712093353,0.5105697512626648,0.48900270462036133,0.05191247910261154,0.5158399343490601,0.49783745408058167,-0.05192522332072258,0.5312951803207397,0.5870508551597595,0.056600410491228104,0.5289124846458435,0.5992788672447205,-0.045577291399240494,0.5331779718399048,0.6590065956115723,0.07163463532924652,0.5332891941070557,0.6892834305763245,-0.03967089578509331,0.5288895964622498,0.6696401834487915,0.07216133177280426,0.5329219698905945,0.7010748386383057,-0.03864138573408127,0.5495027303695679,0.6755450367927551,0.05460604280233383,0.5582024455070496,0.6932863593101501,-0.06277279555797577
0188,./images/142/frame_00188.jpg,Normal,0.5911749601364136,0.46948572993278503,0.08969935029745102,0.5944873690605164,0.46385514736175537,0.0881233960390091,0.594338059425354,0.46219533681869507,0.08809952437877655,0.5942157506942749,0.4601857364177704,0.08806248009204865,0.595333993434906,0.4661073386669159,0.07635164260864258,0.5956170558929443,0.46674326062202454,0.07630479335784912,0.5958999991416931,0.46717581152915955,0.07623372972011566,0.5923461318016052,0.45393845438957214,0.0800207182765007,0.5944092273712158,0.46363046765327454,0.02727789618074894,0.5876680016517639,0.46733686327934265,0.08844618499279022,0.5885618329048157,0.4706423580646515,0.07298743724822998,0.5655178427696228,0.44255977869033813,0.11264113336801529,0.5803970098495483,0.47404900193214417,-0.034916214644908905,0.5563188195228577,0.5039888024330139,0.15754151344299316,0.5787646770477295,0.5423883199691772,0.0018464155727997422,0.5608660578727722,0.5332533717155457,0.16900812089443207,0.5831587910652161,0.5412070155143738,0.12343500554561615,0.5595282912254333,0.5406164526939392,0.17766442894935608,0.5844024419784546,0.5418667793273926,0.1354813575744629,0.5622686743736267,0.5375185012817383,0.17266498506069183,0.5841387510299683,0.5371065139770508,0.13369235396385193,0.5631868839263916,0.5354586243629456,0.16638314723968506,0.5828102231025696,0.5360080599784851,0.12657254934310913,0.5105394124984741,0.4888014793395996,0.05060834810137749,0.5171760320663452,0.4995472729206085,-0.05064200609922409,0.5304339528083801,0.5870593786239624,0.05454787611961365,0.5290573835372925,0.6005767583847046,-0.04464920610189438,0.5327762961387634,0.6573812365531921,0.058975089341402054,0.5334590673446655,0.6888213753700256,-0.04840698838233948,0.5287795066833496,0.6678473949432373,0.05800081044435501,0.5337666869163513,0.693349301815033,-0.04899485781788826,0.546613335609436,0.6718652248382568,0.041394710540771484,0.5579201579093933,0.6932385563850403,-0.07276304066181183
0189,./images/142/frame_00189.jpg,Normal,0.591835618019104,0.4699627459049225,0.08638367056846619,0.5947637557983398,0.46378272771835327,0.08538658916950226,0.5946011543273926,0.46211424469947815,0.0853617861866951,0.594461977481842,0.46026116609573364,0.0853276476264,0.5957581996917725,0.46577712893486023,0.07273095101118088,0.5960053205490112,0.4661391079425812,0.07268199324607849,0.5962635278701782,0.466339111328125,0.07261141389608383,0.5926256775856018,0.4529585540294647,0.07973446696996689,0.5946772694587708,0.46220216155052185,0.02351643517613411,0.5882430076599121,0.4676022529602051,0.08615180104970932,0.5891295075416565,0.4706873595714569,0.06955204904079437,0.5655410885810852,0.44249245524406433,0.11221128702163696,0.580727219581604,0.4742352068424225,-0.0381912887096405,0.5559515357017517,0.5033110976219177,0.1559397429227829,0.5802645087242126,0.5414137840270996,-0.0031148288398981094,0.5593054294586182,0.5339186191558838,0.16806182265281677,0.582974910736084,0.5379500985145569,0.11908451467752457,0.5576865077018738,0.541447639465332,0.17667505145072937,0.5840634107589722,0.5365822911262512,0.13090015947818756,0.5604581832885742,0.5386949181556702,0.17139385640621185,0.5840936899185181,0.5319948196411133,0.12833033502101898,0.5614892840385437,0.5365440249443054,0.1652078777551651,0.5827924013137817,0.5315266251564026,0.12191466987133026,0.5105901956558228,0.4890373647212982,0.05015666037797928,0.5175255537033081,0.5001910328865051,-0.05018961429595947,0.5296306014060974,0.5870285630226135,0.04889031872153282,0.5278964042663574,0.6005499362945557,-0.044577378779649734,0.5307432413101196,0.6572476029396057,0.05192818120121956,0.5315707921981812,0.6871863603591919,-0.04875184968113899,0.5267176032066345,0.6677999496459961,0.051012516021728516,0.5311998128890991,0.6873182058334351,-0.049250297248363495,0.546533465385437,0.6711248755455017,0.0343523845076561,0.5566855072975159,0.6931835412979126,-0.07361440360546112
0190,./images/142/frame_00190.jpg,Normal,0.5916039347648621,0.47016656398773193,0.08875147998332977,0.594639778137207,0.4635443091392517,0.08691586554050446,0.594481885433197,0.4618328809738159,0.0868917852640152,0.5943499207496643,0.45959043502807617,0.08685857802629471,0.5955532789230347,0.46578678488731384,0.07455099374055862,0.5958063006401062,0.4660941958427429,0.07450024038553238,0.5962055921554565,0.46599552035331726,0.07442606985569,0.592517077922821,0.45215338468551636,0.07948769629001617,0.5946062803268433,0.4621201455593109,0.02313859574496746,0.5882294774055481,0.4672839641571045,0.08731658011674881,0.5891000032424927,0.4702869951725006,0.07110141217708588,0.5655415654182434,0.440796822309494,0.1085917130112648,0.580795168876648,0.4752857983112335,-0.03876363858580589,0.5564550757408142,0.5007487535476685,0.1482926309108734,0.5805562734603882,0.5413258671760559,-0.0008931783959269524,0.5596458911895752,0.5339410305023193,0.15703243017196655,0.5842570066452026,0.5389599204063416,0.12616032361984253,0.5581111907958984,0.5420427918434143,0.16431710124015808,0.5849258899688721,0.5402455925941467,0.13903452455997467,0.5607426762580872,0.5393809676170349,0.15905220806598663,0.5846459269523621,0.5359581708908081,0.13662174344062805,0.5616376996040344,0.5370877385139465,0.15409359335899353,0.5838853120803833,0.5333064198493958,0.12927968800067902,0.510931134223938,0.4890868365764618,0.0489787831902504,0.5183984637260437,0.5012648105621338,-0.04900398477911949,0.5298041701316833,0.5877389907836914,0.04372819513082504,0.5272039771080017,0.600419819355011,-0.050856370478868484,0.530776858329773,0.6581950187683105,0.03928232938051224,0.5313184261322021,0.6838680505752563,-0.064003586769104,0.5267448425292969,0.6691481471061707,0.03731333464384079,0.5304168462753296,0.6856988072395325,-0.06540360301733017,0.5468838214874268,0.6751912832260132,0.018414106220006943,0.5557422041893005,0.6925235986709595,-0.09332756698131561
0191,./images/142/frame_00191.jpg,Normal,0.591366708278656,0.47043126821517944,0.08753825724124908,0.5943940281867981,0.46375754475593567,0.08707266300916672,0.5942250490188599,0.46210944652557373,0.08704432100057602,0.5941072702407837,0.46002259850502014,0.08700991421937943,0.5953393578529358,0.46580275893211365,0.07386358082294464,0.5956341028213501,0.46590837836265564,0.07381315529346466,0.5960308313369751,0.4657185971736908,0.07373835891485214,0.5924330949783325,0.45223668217658997,0.08379398286342621,0.594589352607727,0.460822731256485,0.024105537682771683,0.5880827903747559,0.4675310254096985,0.08774988353252411,0.5890957713127136,0.47010233998298645,0.07043841481208801,0.5655995607376099,0.4409651756286621,0.11289046704769135,0.5810576677322388,0.47477972507476807,-0.03816907852888107,0.5562081336975098,0.5013493299484253,0.14884287118911743,0.5813585519790649,0.5403828024864197,-0.001834776485338807,0.5588322281837463,0.5359300971031189,0.15663427114486694,0.5847021341323853,0.5395451784133911,0.1254906803369522,0.5571678876876831,0.5449151396751404,0.16353817284107208,0.5851777195930481,0.5406674146652222,0.13840773701667786,0.559844434261322,0.5417133569717407,0.15887513756752014,0.5846246480941772,0.5366711616516113,0.1362534463405609,0.5608059167861938,0.5391407608985901,0.15386155247688293,0.5836942195892334,0.534445583820343,0.12880942225456238,0.5111373662948608,0.48932406306266785,0.049017004668712616,0.5188465118408203,0.5016664862632751,-0.04904134199023247,0.5300530791282654,0.5874909162521362,0.04437510296702385,0.5272626876831055,0.6003996729850769,-0.053995221853256226,0.529064416885376,0.658007800579071,0.037050239741802216,0.528115451335907,0.6823520660400391,-0.0711502879858017,0.5244013667106628,0.6687717437744141,0.03473678603768349,0.5253962278366089,0.6836246252059937,-0.07297579944133759,0.5442995429039001,0.6739515066146851,0.017726300284266472,0.5527480840682983,0.6918256878852844,-0.09957519173622131
0192,./images/142/frame_00192.jpg,Normal,0.5913391709327698,0.4708285927772522,0.0980447381734848,0.5942725539207458,0.4638485908508301,0.09848661720752716,0.5940803289413452,0.4622257649898529,0.09845967590808868,0.5939517617225647,0.4602150022983551,0.09843230992555618,0.595199704170227,0.4661332964897156,0.08509945124387741,0.5954841375350952,0.46616053581237793,0.08505025506019592,0.5958436727523804,0.4659286141395569,0.08498192578554153,0.5921501517295837,0.4525430500507355,0.09736035764217377,0.5944173336029053,0.46114471554756165,0.037206731736660004,0.5880603194236755,0.46858105063438416,0.0990867018699646,0.589064359664917,0.4709303081035614,0.08151092380285263,0.5656318664550781,0.44104504585266113,0.12536819279193878,0.5811657309532166,0.4748538136482239,-0.026709625497460365,0.5564337372779846,0.5026572942733765,0.16148123145103455,0.5836098790168762,0.5412014722824097,0.011873248033225536,0.558637261390686,0.5361074805259705,0.16972532868385315,0.5844252705574036,0.5370872020721436,0.14018625020980835,0.5570574998855591,0.5449428558349609,0.17727334797382355,0.5849502086639404,0.5336346626281738,0.15383948385715485,0.5595827698707581,0.5417332649230957,0.17396122217178345,0.5840914845466614,0.5288223028182983,0.1506355106830597,0.5605016946792603,0.5392389297485352,0.16750968992710114,0.5829964876174927,0.5294851660728455,0.14325085282325745,0.5111420154571533,0.48933619260787964,0.04944229498505592,0.5193948745727539,0.5021470785140991,-0.04947681352496147,0.5306295156478882,0.5873488783836365,0.05395760387182236,0.5297666788101196,0.6014082431793213,-0.05391422659158707,0.5278696417808533,0.6578640341758728,0.05288339778780937,0.5354040861129761,0.6802126169204712,-0.07280848920345306,0.5226921439170837,0.6686434745788574,0.05105426907539368,0.5268679261207581,0.6848011016845703,-0.07461850345134735,0.54498690366745,0.6755773425102234,0.03853129222989082,0.5557435154914856,0.6935943961143494,-0.09947904944419861
0193,./images/142/frame_00193.jpg,Normal,0.5910399556159973,0.47102004289627075,0.09258562326431274,0.5940183401107788,0.46388813853263855,0.0926426500082016,0.5938072800636292,0.4623093605041504,0.09261544048786163,0.5936650633811951,0.4603857696056366,0.09258385002613068,0.5949278473854065,0.4662652611732483,0.07921712100505829,0.595207691192627,0.4662429690361023,0.07916935533285141,0.5955449342727661,0.46601298451423645,0.07910075783729553,0.591712474822998,0.45265913009643555,0.09085625410079956,0.59416264295578,0.4614115357398987,0.03117033839225769,0.5877249836921692,0.4691559374332428,0.09353572130203247,0.588691234588623,0.471352756023407,0.07587995380163193,0.5654532313346863,0.4412378668785095,0.12082098424434662,0.5813822746276855,0.4748963713645935,-0.03127621114253998,0.557395339012146,0.5017751455307007,0.16090936958789825,0.5844897627830505,0.5415514707565308,0.0036664865911006927,0.5606304407119751,0.5338701605796814,0.17102977633476257,0.5846999287605286,0.5342340469360352,0.12870052456855774,0.5593311786651611,0.542813241481781,0.17902657389640808,0.5856211185455322,0.5322239398956299,0.14140722155570984,0.5615930557250977,0.5388429760932922,0.17506177723407745,0.5845496654510498,0.5275408625602722,0.13835212588310242,0.5623447895050049,0.5362659096717834,0.16862091422080994,0.5834197402000427,0.5279239416122437,0.13166381418704987,0.5108551383018494,0.4891851246356964,0.04997165873646736,0.5192199945449829,0.5021123886108398,-0.05001133680343628,0.5314018130302429,0.5874010920524597,0.05248241871595383,0.5311769247055054,0.601411759853363,-0.054656170308589935,0.5281487703323364,0.6612162590026855,0.05112045258283615,0.5383176803588867,0.6787818670272827,-0.06876365840435028,0.5233060121536255,0.6718432307243347,0.04948294907808304,0.5289298892021179,0.6857903599739075,-0.06988956034183502,0.5466414093971252,0.68088299036026,0.03507407009601593,0.5572724342346191,0.6943899989128113,-0.09434442967176437
0194,./images/142/frame_00194.jpg,Normal,0.5910448431968689,0.46939265727996826,0.09259989857673645,0.5940278172492981,0.46239814162254333,0.09166181832551956,0.5938092470169067,0.4608452320098877,0.09163783490657806,0.5936476588249207,0.45912590622901917,0.09160634875297546,0.5949361324310303,0.4647924602031708,0.07858207821846008,0.5952162146568298,0.4649265706539154,0.07853414118289948,0.5955539345741272,0.4649205803871155,0.07846415787935257,0.5915933847427368,0.4515731930732727,0.08859453350305557,0.5941585302352905,0.4603983461856842,0.028650259599089622,0.5877171754837036,0.467093825340271,0.09249893575906754,0.5887073278427124,0.4695652723312378,0.0752817839384079,0.5652382969856262,0.44115909934043884,0.12003432214260101,0.5820010900497437,0.47497889399528503,-0.033074840903282166,0.5572422742843628,0.49924609065055847,0.15998707711696625,0.5850155353546143,0.5410267114639282,0.0016197084914892912,0.5600732564926147,0.5273048877716064,0.174537792801857,0.5847095251083374,0.5344111323356628,0.13073410093784332,0.5587765574455261,0.5354703068733215,0.1830870360136032,0.5856502056121826,0.5334357619285583,0.14449821412563324,0.5610889792442322,0.530910313129425,0.17961756885051727,0.5846285820007324,0.5294078588485718,0.1409512460231781,0.5618392825126648,0.5286086797714233,0.1724947839975357,0.5836489200592041,0.5272186994552612,0.1337067186832428,0.5109035968780518,0.4892213046550751,0.0500328466296196,0.5191000699996948,0.5021317601203918,-0.05007021874189377,0.5324617624282837,0.5873331427574158,0.0484834685921669,0.53099125623703,0.6013737916946411,-0.05696779489517212,0.5286364555358887,0.6611393690109253,0.04301479831337929,0.5333744287490845,0.6857040524482727,-0.07486189901828766,0.523341178894043,0.6718490123748779,0.040827713906764984,0.5278438329696655,0.6864360570907593,-0.0765119343996048,0.5468944311141968,0.68000328540802,0.024715827777981758,0.5572609901428223,0.6947453618049622,-0.10214237123727798
0195,./images/142/frame_00195.jpg,Normal,0.5910489559173584,0.4678196907043457,0.0926811546087265,0.5940359830856323,0.4613868296146393,0.09232234954833984,0.5938148498535156,0.45985856652259827,0.09230005741119385,0.5936367511749268,0.45790472626686096,0.09226870536804199,0.594947874546051,0.46357497572898865,0.07883188128471375,0.5953179001808167,0.463337242603302,0.07878302782773972,0.5956400036811829,0.46333983540534973,0.07871410250663757,0.5915230512619019,0.4506404399871826,0.09008905291557312,0.5941632390022278,0.45894062519073486,0.029028896242380142,0.5877012014389038,0.4657878577709198,0.09329652041196823,0.5887271761894226,0.46807360649108887,0.075553759932518,0.5643900036811829,0.4405260384082794,0.12309657037258148,0.5822521448135376,0.4748000204563141,-0.034654807299375534,0.5564112067222595,0.49911779165267944,0.16862423717975616,0.5848292112350464,0.5398906469345093,0.00042740945355035365,0.5591177940368652,0.5285559892654419,0.18375757336616516,0.5851799249649048,0.5356051325798035,0.12888675928115845,0.5573883652687073,0.5368531346321106,0.19274698197841644,0.5859590172767639,0.5353012681007385,0.14200010895729065,0.5600919723510742,0.5326928496360779,0.18815280497074127,0.5850952863693237,0.5310671329498291,0.1391293704509735,0.5611024498939514,0.5303573608398438,0.18123166263103485,0.5845792293548584,0.529171347618103,0.13206753134727478,0.5108709335327148,0.4884781837463379,0.05160089209675789,0.5189778208732605,0.5020674467086792,-0.051636725664138794,0.5323297381401062,0.5872787237167358,0.054476022720336914,0.5310860872268677,0.6013132929801941,-0.05346067622303963,0.5287228226661682,0.6609227657318115,0.054591577500104904,0.5378901958465576,0.6811529397964478,-0.07025767117738724,0.5236667394638062,0.6717556118965149,0.05292503908276558,0.529539942741394,0.6867385506629944,-0.07128854840993881,0.5469881892204285,0.6795051097869873,0.03756413981318474,0.5589832067489624,0.6949934363365173,-0.09833201766014099
0196,./images/142/frame_00196.jpg,Normal,0.591032087802887,0.46822217106819153,0.0986238494515419,0.5939521193504333,0.46175307035446167,0.09922785311937332,0.5937086343765259,0.4602152109146118,0.09920316189527512,0.5935119390487671,0.45827051997184753,0.09917088598012924,0.5949169993400574,0.4639478027820587,0.08529500663280487,0.5952939391136169,0.4637607932090759,0.08524750173091888,0.5956286191940308,0.46372461318969727,0.08517565578222275,0.5913922786712646,0.450937956571579,0.09839443117380142,0.594150960445404,0.4589170813560486,0.03567356616258621,0.5876912474632263,0.46585023403167725,0.09968250244855881,0.5887607932090759,0.46803656220436096,0.08137159794569016,0.5644012689590454,0.44064003229141235,0.13035739958286285,0.5825423002243042,0.4739687144756317,-0.03201833739876747,0.5562971830368042,0.4981617033481598,0.17265215516090393,0.5842969417572021,0.5408433079719543,0.001543123391456902,0.5592247247695923,0.5291399359703064,0.1820516288280487,0.5858860015869141,0.5362197160720825,0.1287483125925064,0.5573897361755371,0.5376763343811035,0.1899004876613617,0.5863728523254395,0.5359794497489929,0.14155113697052002,0.5601444840431213,0.5337682366371155,0.18532223999500275,0.5858132839202881,0.5328304171562195,0.13898468017578125,0.5612524151802063,0.5313625931739807,0.17927253246307373,0.5852537751197815,0.5300064086914062,0.1320541650056839,0.510863184928894,0.4883803129196167,0.053025685250759125,0.5188882350921631,0.5019254684448242,-0.053067125380039215,0.5324746370315552,0.5874740481376648,0.061290234327316284,0.5322350859642029,0.6006951928138733,-0.05131413787603378,0.528764545917511,0.6607775688171387,0.06389699876308441,0.5388048887252808,0.6775720119476318,-0.06799940764904022,0.5239067673683167,0.6714774966239929,0.06232638284564018,0.5308922529220581,0.6870020031929016,-0.0687023252248764,0.547026515007019,0.6793684959411621,0.04700087383389473,0.5596984624862671,0.6950153112411499,-0.09709812700748444
0197,./images/142/frame_00197.jpg,Normal,0.5911573171615601,0.46857932209968567,0.09736333042383194,0.594245433807373,0.4618361294269562,0.09719394147396088,0.5940263867378235,0.4603482186794281,0.09715940058231354,0.5938318371772766,0.4584287405014038,0.09712924808263779,0.5951251983642578,0.46427977085113525,0.08513443171977997,0.595478892326355,0.4638862609863281,0.08507853746414185,0.5959306359291077,0.46397602558135986,0.0849788710474968,0.5916907787322998,0.45113444328308105,0.09418531507253647,0.594321072101593,0.4591576159000397,0.03412368893623352,0.5879601836204529,0.46603766083717346,0.09708606451749802,0.5889381170272827,0.46811264753341675,0.08036047965288162,0.5648077726364136,0.44073784351348877,0.12668734788894653,0.582513689994812,0.4740094840526581,-0.03341984748840332,0.5587331056594849,0.49825969338417053,0.17526857554912567,0.584025502204895,0.5415086150169373,0.0007782909669913352,0.5657129287719727,0.5293036699295044,0.1908063143491745,0.5862858295440674,0.5368372201919556,0.12704218924045563,0.565444827079773,0.5380204319953918,0.20021679997444153,0.5865370035171509,0.5368283987045288,0.13963507115840912,0.5681038498878479,0.5341871380805969,0.19468195736408234,0.5862888097763062,0.5335707068443298,0.13712696731090546,0.5685479640960693,0.5318340063095093,0.18786397576332092,0.5856983065605164,0.5308309197425842,0.13029888272285461,0.5109116435050964,0.48835426568984985,0.05395619198679924,0.5188789367675781,0.5019162893295288,-0.053990162909030914,0.5324119329452515,0.5874656438827515,0.06317491084337234,0.5325672030448914,0.5995402932167053,-0.04602840170264244,0.5279206037521362,0.6607089042663574,0.07482104003429413,0.535007119178772,0.6814636588096619,-0.04932272434234619,0.5226298570632935,0.6710109114646912,0.0747273862361908,0.5279399156570435,0.6863016486167908,-0.04923074319958687,0.5423113107681274,0.6796998977661133,0.06123123690485954,0.5587330460548401,0.6946996450424194,-0.07167434692382812
0198,./images/142/frame_00198.jpg,Normal,0.5915673971176147,0.4699753224849701,0.09595400840044022,0.5947926640510559,0.46254807710647583,0.09558229148387909,0.5945464372634888,0.4610392153263092,0.0955575704574585,0.5943106412887573,0.4591623544692993,0.09552724659442902,0.5957288146018982,0.46575191617012024,0.08256113529205322,0.5963451862335205,0.4650816321372986,0.08251117914915085,0.5966813564300537,0.4652705192565918,0.08243543654680252,0.5921557545661926,0.45135408639907837,0.09266553074121475,0.5948003530502319,0.460244745016098,0.03218459337949753,0.5884233713150024,0.466829389333725,0.0963495597243309,0.5894066095352173,0.4694862365722656,0.07894860208034515,0.5648601651191711,0.4407643973827362,0.12562507390975952,0.5827825665473938,0.47513526678085327,-0.033346451818943024,0.5583542585372925,0.49841612577438354,0.1778184473514557,0.5841172933578491,0.5400782227516174,0.00479956204071641,0.5647632479667664,0.5297300815582275,0.20252490043640137,0.5863311290740967,0.5336317420005798,0.13540591299533844,0.5645785331726074,0.5384945273399353,0.21356554329395294,0.5870949029922485,0.532505989074707,0.14877738058567047,0.5669072866439819,0.5347707867622375,0.20920029282569885,0.5861543416976929,0.5256450772285461,0.14612683653831482,0.5673326253890991,0.5323847532272339,0.20043663680553436,0.585634708404541,0.525909960269928,0.13876833021640778,0.5108267068862915,0.48899155855178833,0.053881604224443436,0.5188242197036743,0.5023812651634216,-0.05391574651002884,0.532352089881897,0.5871813297271729,0.06443600356578827,0.5327162742614746,0.5995291471481323,-0.04561832547187805,0.5259925127029419,0.6606513261795044,0.07466632127761841,0.5325481295585632,0.6838207840919495,-0.050661373883485794,0.5202754735946655,0.6706692576408386,0.0743650272488594,0.5271570682525635,0.6860581636428833,-0.050820641219615936,0.5391586422920227,0.6801276803016663,0.062380991876125336,0.5578700304031372,0.6944718360900879,-0.07154406607151031
0199,./images/142/frame_00199.jpg,Normal,0.5916744470596313,0.47057172656059265,0.10142283141613007,0.5950570702552795,0.4627577066421509,0.1001506894826889,0.5948156714439392,0.4612034261226654,0.1001272201538086,0.5945760011672974,0.45931193232536316,0.10009594261646271,0.5959939956665039,0.46647346019744873,0.08725865930318832,0.5965083837509155,0.46624502539634705,0.08721484243869781,0.5969986915588379,0.4661458730697632,0.08714991807937622,0.5924431085586548,0.4514438211917877,0.09346434473991394,0.595133900642395,0.46133673191070557,0.035021282732486725,0.5886489748954773,0.4671654999256134,0.10057778656482697,0.5896028280258179,0.47019296884536743,0.0836254432797432,0.5649842023849487,0.4407730996608734,0.12444455921649933,0.5831927061080933,0.4762710928916931,-0.030931195244193077,0.5581817626953125,0.4973130226135254,0.17295187711715698,0.5842349529266357,0.5394786596298218,0.0067337690852582455,0.5641031861305237,0.5300979018211365,0.19195833802223206,0.5862419009208679,0.5321851372718811,0.13531170785427094,0.5637415051460266,0.5387232303619385,0.20142292976379395,0.5869928598403931,0.5319144129753113,0.1486102044582367,0.5660492777824402,0.534838080406189,0.19707664847373962,0.5860748887062073,0.5265684127807617,0.14540764689445496,0.5665059089660645,0.5325638651847839,0.18963578343391418,0.5855592489242554,0.5243812203407288,0.13836634159088135,0.5108643770217896,0.4894635081291199,0.05377144366502762,0.5189045071601868,0.5033251643180847,-0.05380351096391678,0.5319498777389526,0.5866889953613281,0.0627131313085556,0.5329241752624512,0.601154088973999,-0.04900491610169411,0.5243683457374573,0.660520076751709,0.07006040960550308,0.5317131280899048,0.6896045804023743,-0.06044689938426018,0.5185161828994751,0.6705948710441589,0.06864211708307266,0.5273624658584595,0.6869093179702759,-0.06135096400976181,0.5368639230728149,0.6803285479545593,0.06125868484377861,0.557863175868988,0.6949543952941895,-0.08214505761861801
0200,./images/142/frame_00200.jpg,Normal,0.5924043655395508,0.46929049491882324,0.10270774364471436,0.5954324007034302,0.4622115194797516,0.10195084661245346,0.595159113407135,0.4605986773967743,0.10192924737930298,0.5948731303215027,0.4587780833244324,0.10190222412347794,0.5963533520698547,0.4654865264892578,0.08899805694818497,0.5968934297561646,0.46533986926078796,0.08895022422075272,0.5972509980201721,0.4654677212238312,0.08888692408800125,0.5925417542457581,0.45127394795417786,0.09702639281749725,0.595309317111969,0.4613296091556549,0.0389552004635334,0.5889330506324768,0.4664011299610138,0.10262937843799591,0.5898756384849548,0.4695623517036438,0.0856512114405632,0.5650843381881714,0.4408225119113922,0.1279308795928955,0.5831509828567505,0.47674560546875,-0.027321603149175644,0.5580136775970459,0.4974880516529083,0.17393015325069427,0.5841507315635681,0.5400469899177551,0.01289012748748064,0.5636727809906006,0.5300455689430237,0.19206169247627258,0.586044430732727,0.5312619209289551,0.14582830667495728,0.5633097887039185,0.5382639169692993,0.20153085887432098,0.5869268774986267,0.5281352400779724,0.16016224026679993,0.565531849861145,0.5346971750259399,0.19819310307502747,0.5855609178543091,0.5231611728668213,0.15663447976112366,0.5659786462783813,0.5324992537498474,0.19015592336654663,0.5844540596008301,0.5232071280479431,0.14894844591617584,0.5109586119651794,0.4889911711215973,0.053838081657886505,0.5193291902542114,0.5038064122200012,-0.05387046933174133,0.5319370031356812,0.5866793394088745,0.06484096497297287,0.5336592197418213,0.6011350154876709,-0.048913124948740005,0.5236935615539551,0.6616982221603394,0.07083593308925629,0.5318138003349304,0.6903097629547119,-0.06097245216369629,0.5176049470901489,0.6718714237213135,0.06982233375310898,0.5260744690895081,0.7011476159095764,-0.06188570335507393,0.53688645362854,0.6837168335914612,0.05882536619901657,0.5578672885894775,0.6951606273651123,-0.08218100666999817
0201,./images/142/frame_00201.jpg,Normal,0.5928040146827698,0.47309115529060364,0.07992646843194962,0.5962170362472534,0.46505388617515564,0.08063434809446335,0.5959548950195312,0.463373064994812,0.08060465008020401,0.5956711173057556,0.4615415334701538,0.0805741623044014,0.5970497131347656,0.46736276149749756,0.06546397507190704,0.5974174737930298,0.4671747088432312,0.06541459262371063,0.597659707069397,0.46706724166870117,0.06534479558467865,0.593110978603363,0.45253854990005493,0.08335883915424347,0.5956584215164185,0.4616340100765228,0.015158687718212605,0.5891045331954956,0.4691443145275116,0.08291684091091156,0.5902543663978577,0.4712395966053009,0.06301090866327286,0.5660815238952637,0.44234374165534973,0.11920126527547836,0.5830439329147339,0.4763824939727783,-0.046300407499074936,0.5578998327255249,0.5008765459060669,0.16730061173439026,0.584237277507782,0.5396286249160767,-0.011191442608833313,0.5625856518745422,0.5327549576759338,0.17842109501361847,0.5859717130661011,0.5299675464630127,0.11848630756139755,0.5618994832038879,0.5413529276847839,0.18718019127845764,0.5868567824363708,0.5261834859848022,0.1307429075241089,0.5640271902084351,0.5373390913009644,0.18268799781799316,0.5855263471603394,0.5209802985191345,0.1264907419681549,0.5645174384117126,0.5347687005996704,0.17578847706317902,0.5843965411186218,0.5215080976486206,0.12104147672653198,0.5110518932342529,0.4909835755825043,0.05472829192876816,0.5190094113349915,0.503962516784668,-0.054757535457611084,0.5317075848579407,0.5865660309791565,0.06426844745874405,0.5333701372146606,0.600976288318634,-0.04899211972951889,0.5237656235694885,0.6615232825279236,0.077254518866539,0.5301803946495056,0.6894896030426025,-0.052304767072200775,0.517632007598877,0.6716693639755249,0.07752878218889236,0.5234376192092896,0.7015454769134521,-0.052006304264068604,0.539753794670105,0.6826335191726685,0.06511536985635757,0.557826042175293,0.6954886317253113,-0.07305745035409927
0202,./images/142/frame_00202.jpg,Normal,0.5927919149398804,0.47878578305244446,0.06627398729324341,0.5962285399436951,0.46964365243911743,0.06664539873600006,0.5959978699684143,0.46793538331985474,0.06661679595708847,0.5957385301589966,0.4660355746746063,0.06658748537302017,0.5970068573951721,0.47259441018104553,0.051155686378479004,0.5973747968673706,0.47134459018707275,0.051118142902851105,0.5976505875587463,0.47105008363723755,0.05105599761009216,0.5931357145309448,0.4565798044204712,0.07167278230190277,0.5956496000289917,0.46416202187538147,0.0018479073187336326,0.5890577435493469,0.4759889841079712,0.07045286148786545,0.5899128317832947,0.4778973460197449,0.05010031536221504,0.566611111164093,0.4439472556114197,0.1117340698838234,0.5820800065994263,0.4768509268760681,-0.05704347416758537,0.5577405691146851,0.5020123720169067,0.16742141544818878,0.5846124887466431,0.5430065393447876,-0.02572581171989441,0.5624717473983765,0.5298532843589783,0.18396645784378052,0.586728036403656,0.529664933681488,0.0980169028043747,0.5617917776107788,0.536863386631012,0.19447623193264008,0.5870307683944702,0.5240354537963867,0.10854239761829376,0.5639182329177856,0.532699465751648,0.1904667615890503,0.5856135487556458,0.5182031989097595,0.10380883514881134,0.5644224286079407,0.5304319262504578,0.18196552991867065,0.5844888091087341,0.5196632146835327,0.10023752599954605,0.5105329751968384,0.4919430911540985,0.05545634776353836,0.5166676640510559,0.5042637586593628,-0.05547858402132988,0.5311833620071411,0.5869958400726318,0.06285267323255539,0.5323500037193298,0.6009529232978821,-0.046885911375284195,0.5241708159446716,0.662529468536377,0.07290734350681305,0.5318160057067871,0.679546594619751,-0.04165187478065491,0.5182617902755737,0.6723602414131165,0.07273789495229721,0.5242210626602173,0.6940091252326965,-0.040618717670440674,0.5442055463790894,0.683275580406189,0.05963226035237312,0.5578250885009766,0.6956937909126282,-0.05972043424844742
0203,./images/142/frame_00203.jpg,Normal,0.5925782322883606,0.4803025424480438,0.05275887995958328,0.5962141156196594,0.4726303219795227,0.055330462753772736,0.5959597826004028,0.47039496898651123,0.05529828742146492,0.5956997275352478,0.4686681032180786,0.05526816099882126,0.5968340635299683,0.4739362895488739,0.03876308351755142,0.5971217751502991,0.47294294834136963,0.0387178473174572,0.5973235368728638,0.47166892886161804,0.0386657789349556,0.5931459665298462,0.4580284655094147,0.06774546951055527,0.5955255627632141,0.46421319246292114,-0.006858743727207184,0.5889051556587219,0.47720858454704285,0.05950164049863815,0.5895097255706787,0.47830909490585327,0.03769105672836304,0.5673733949661255,0.447173535823822,0.111905537545681,0.5802252292633057,0.4743640124797821,-0.0627732053399086,0.5593563914299011,0.5056374073028564,0.16039815545082092,0.5826037526130676,0.5430408120155334,-0.037781696766614914,0.5636637806892395,0.5366394519805908,0.16140735149383545,0.5876467227935791,0.5336780548095703,0.08129575103521347,0.5629876255989075,0.5445783138275146,0.1685388684272766,0.5888887643814087,0.5309488773345947,0.08918406069278717,0.5650356411933899,0.5401912927627563,0.16143199801445007,0.5885281562805176,0.520843505859375,0.08776798099279404,0.5654855966567993,0.537788450717926,0.15742278099060059,0.5864822864532471,0.5246991515159607,0.08459418267011642,0.5105924606323242,0.49237120151519775,0.05576039478182793,0.5150213241577148,0.5023460388183594,-0.05574985593557358,0.5311053395271301,0.586260974407196,0.06229989975690842,0.5294851064682007,0.5990849137306213,-0.05020812898874283,0.523830235004425,0.6611611247062683,0.07626722753047943,0.5289742946624756,0.6809578537940979,-0.04648089036345482,0.5176208019256592,0.6703948378562927,0.07664523273706436,0.5245903134346008,0.6899570822715759,-0.046094395220279694,0.5440693497657776,0.6820340752601624,0.06065681576728821,0.5571723580360413,0.695339024066925,-0.06777115166187286
0204,./images/142/frame_00204.jpg,Normal,0.592464804649353,0.48326680064201355,0.058689184486866,0.5961481332778931,0.47667816281318665,0.07273919880390167,0.5959505438804626,0.47476187348365784,0.07269705832004547,0.5956777334213257,0.47196605801582336,0.07266537100076675,0.5966756939888,0.4775697588920593,0.050318680703639984,0.5969478487968445,0.47661030292510986,0.050287358462810516,0.5971742868423462,0.4754115343093872,0.05023055523633957,0.5932760834693909,0.4599052965641022,0.0911453440785408,0.5955142378807068,0.4647371470928192,0.009316940791904926,0.5887992978096008,0.47923773527145386,0.07587689161300659,0.5893677473068237,0.4801822304725647,0.04548027738928795,0.5674023628234863,0.44695740938186646,0.12966589629650116,0.5803647637367249,0.4707767069339752,-0.050609808415174484,0.5591344833374023,0.5051243901252747,0.17627744376659393,0.5830237865447998,0.5416322946548462,-0.02380906417965889,0.5633466839790344,0.5381959080696106,0.182183176279068,0.5880988836288452,0.533988893032074,0.09131895750761032,0.5620583891868591,0.547068178653717,0.1903715580701828,0.5890605449676514,0.5319779515266418,0.10080359876155853,0.5641069412231445,0.5430247187614441,0.18429885804653168,0.5890818238258362,0.5213955640792847,0.09950315207242966,0.5649546384811401,0.5403911471366882,0.17868022620677948,0.5868565440177917,0.5266240239143372,0.09481336921453476,0.5093236565589905,0.49223852157592773,0.0559692308306694,0.5152042508125305,0.4997842013835907,-0.05596263334155083,0.5289222598075867,0.5862200260162354,0.06467154622077942,0.5292368531227112,0.5963804721832275,-0.050168227404356,0.5228475332260132,0.6608991622924805,0.07836286723613739,0.5295669436454773,0.681853175163269,-0.05433835834264755,0.5165232419967651,0.6701030135154724,0.0784091129899025,0.5248345136642456,0.6881703734397888,-0.055076271295547485,0.5389103293418884,0.6818172335624695,0.06230658292770386,0.556853175163269,0.695203423500061,-0.08115669339895248
0205,./images/142/frame_00205.jpg,Normal,0.5922728180885315,0.4841373562812805,0.07495899498462677,0.5960590839385986,0.4778979420661926,0.0814870148897171,0.5959087610244751,0.47610241174697876,0.08145670592784882,0.5956674218177795,0.47381341457366943,0.08141783624887466,0.5964667797088623,0.4791901409626007,0.06285907328128815,0.5966940522193909,0.47863349318504333,0.06282804906368256,0.596910834312439,0.47784551978111267,0.0627744048833847,0.5933159589767456,0.4612869620323181,0.09073656052350998,0.5955031514167786,0.46846678853034973,0.015739623457193375,0.5885509848594666,0.48105719685554504,0.08410022407770157,0.5890012979507446,0.48261672258377075,0.05911848694086075,0.5682533979415894,0.44682803750038147,0.12778989970684052,0.5804731845855713,0.4717915952205658,-0.041459936648607254,0.560001790523529,0.5044423341751099,0.19442813098430634,0.5825310349464417,0.541166365146637,-0.004063618369400501,0.5680230855941772,0.5318161845207214,0.23583905398845673,0.5877151489257812,0.5325784087181091,0.12559108436107635,0.5684720277786255,0.5381515622138977,0.25025874376296997,0.5890669226646423,0.5296812057495117,0.13948628306388855,0.5706759095191956,0.5346015095710754,0.24726161360740662,0.588790774345398,0.5219247341156006,0.13748802244663239,0.5707575082778931,0.5328282117843628,0.23493409156799316,0.5869610905647278,0.5248740911483765,0.1294211745262146,0.5092742443084717,0.4921202063560486,0.05591553449630737,0.515375018119812,0.49996885657310486,-0.055919431149959564,0.528849720954895,0.5867783427238464,0.06018642708659172,0.5293415784835815,0.5965939164161682,-0.05012117698788643,0.5236673951148987,0.6616095900535583,0.07580296695232391,0.5322064161300659,0.6850786209106445,-0.05426084250211716,0.5183241367340088,0.6711412072181702,0.0769573301076889,0.5298262238502502,0.6883771419525146,-0.054719842970371246,0.5392247438430786,0.6815248131752014,0.06200998276472092,0.5585356950759888,0.6956530213356018,-0.07857051491737366
0206,./images/142/frame_00206.jpg,Normal,0.5919582843780518,0.48364678025245667,0.082731693983078,0.5957385301589966,0.4772680103778839,0.0841025859117508,0.5955907106399536,0.47550079226493835,0.08407619595527649,0.5953449606895447,0.47291114926338196,0.08404509723186493,0.5961750745773315,0.47896066308021545,0.0682513415813446,0.5963941216468811,0.47862786054611206,0.06821230798959732,0.5966223478317261,0.47808700799942017,0.06814883649349213,0.5932092070579529,0.46181219816207886,0.08690308034420013,0.5953870415687561,0.46985024213790894,0.015847239643335342,0.5881978273391724,0.4807223379611969,0.0860830694437027,0.588632345199585,0.4826531708240509,0.06488112360239029,0.56817626953125,0.4466211497783661,0.12117455154657364,0.5804982781410217,0.4756197929382324,-0.04129873961210251,0.5592873096466064,0.5034987330436707,0.18600711226463318,0.5823336243629456,0.5421047806739807,-0.0008468398009426892,0.5666345953941345,0.5275395512580872,0.2235993891954422,0.586165726184845,0.5317000150680542,0.13164755702018738,0.5664483308792114,0.533298909664154,0.23718571662902832,0.5869798064231873,0.5282334089279175,0.14590242505073547,0.5686501264572144,0.529811441898346,0.233880877494812,0.5862849950790405,0.5214059948921204,0.14229774475097656,0.5691067576408386,0.5282250046730042,0.22250643372535706,0.5849303007125854,0.5231656432151794,0.13469430804252625,0.5082736611366272,0.49205026030540466,0.055686064064502716,0.5150371193885803,0.5002840161323547,-0.055707208812236786,0.5289022326469421,0.5877189040184021,0.05211590602993965,0.5316515564918518,0.5967831611633301,-0.050058551132678986,0.5243617296218872,0.6624099016189575,0.05951790139079094,0.5351266860961914,0.6870889663696289,-0.05150018259882927,0.5193034410476685,0.6718429327011108,0.05921323969960213,0.5306220054626465,0.6994244456291199,-0.051104385405778885,0.5396088361740112,0.6809993982315063,0.042398955672979355,0.5594099164009094,0.6959375143051147,-0.07265029847621918
0207,./images/142/frame_00207.jpg,Normal,0.5916067361831665,0.48298999667167664,0.08412235975265503,0.595331072807312,0.4766400158405304,0.08481419086456299,0.5950963497161865,0.4748993217945099,0.08478684723377228,0.5947608351707458,0.47225889563560486,0.0847587138414383,0.5959969758987427,0.4784742593765259,0.06944041699171066,0.5962566137313843,0.4782232642173767,0.06939910352230072,0.5965249538421631,0.47778934240341187,0.06932756304740906,0.5925203561782837,0.462390273809433,0.08660098910331726,0.5953729748725891,0.4701928496360779,0.016430387273430824,0.5877599716186523,0.47994691133499146,0.08651953190565109,0.5883687734603882,0.482044517993927,0.0659266859292984,0.5668489933013916,0.44649776816368103,0.11664452403783798,0.5820575952529907,0.4798446297645569,-0.042702898383140564,0.5539194345474243,0.5033950209617615,0.1600435972213745,0.5835598707199097,0.5429860353469849,-0.008363907225430012,0.5542157292366028,0.5307919383049011,0.16939187049865723,0.586185097694397,0.5342869758605957,0.11463751643896103,0.5515395998954773,0.538132905960083,0.17727431654930115,0.586793065071106,0.5313437581062317,0.12716475129127502,0.5545929670333862,0.5348881483078003,0.17304256558418274,0.5858750343322754,0.5255916714668274,0.12368474900722504,0.5560663938522339,0.5327885746955872,0.1668112576007843,0.5846339464187622,0.5263082981109619,0.11727485805749893,0.5084173083305359,0.4922427237033844,0.05566234141588211,0.5150781869888306,0.5018069744110107,-0.05567457154393196,0.5290108919143677,0.5896896123886108,0.053516216576099396,0.5318208932876587,0.5988748669624329,-0.049967311322689056,0.5252358913421631,0.6625463366508484,0.062180500477552414,0.5357282161712646,0.6914737820625305,-0.05181145668029785,0.5202069878578186,0.6719728708267212,0.0618639700114727,0.5335337519645691,0.6983703374862671,-0.05156000703573227,0.5439804792404175,0.6809157133102417,0.046022459864616394,0.5605593919754028,0.6961562037467957,-0.073335662484169
0208,./images/142/frame_00208.jpg,Normal,0.5914306640625,0.4825053811073303,0.09477546811103821,0.595178484916687,0.4760236442089081,0.0961427167057991,0.5948842167854309,0.4743419587612152,0.09611539542675018,0.5945628881454468,0.4717281758785248,0.09608938544988632,0.5959417819976807,0.4779067635536194,0.08109191805124283,0.5962188243865967,0.4776652753353119,0.08104325830936432,0.5965021252632141,0.4773045778274536,0.08096808940172195,0.5923882722854614,0.4622802436351776,0.09714826941490173,0.5953732132911682,0.47059106826782227,0.029187645763158798,0.5875815153121948,0.47964364290237427,0.09665416926145554,0.5882919430732727,0.4815361797809601,0.07673463970422745,0.566360592842102,0.4456900656223297,0.1255355179309845,0.5827215313911438,0.4798920452594757,-0.034957658499479294,0.5532068014144897,0.503628134727478,0.15837477147579193,0.5832664966583252,0.5445358157157898,-0.006019952706992626,0.5530235767364502,0.5393638014793396,0.15675802528858185,0.5871452689170837,0.5401657223701477,0.11439003795385361,0.550672173500061,0.547927737236023,0.16269366443157196,0.588408350944519,0.5476271510124207,0.12588058412075043,0.553570568561554,0.545654296875,0.15747356414794922,0.5877578854560852,0.5376546382904053,0.12384544312953949,0.5548861026763916,0.5433529019355774,0.1533375382423401,0.586471676826477,0.5345503687858582,0.11743464320898056,0.5085864067077637,0.492422491312027,0.055642832070589066,0.51629239320755,0.5031243562698364,-0.05565938353538513,0.5289977788925171,0.5895786285400391,0.05729854851961136,0.5308748483657837,0.6024062633514404,-0.051310162991285324,0.5251918435096741,0.661422073841095,0.06349004805088043,0.5354365110397339,0.6959689855575562,-0.06522519886493683,0.5200045108795166,0.6710757613182068,0.06246121600270271,0.5340391397476196,0.6973177790641785,-0.0669093206524849,0.5434878468513489,0.6808790564537048,0.047498125582933426,0.5603267550468445,0.696458637714386,-0.09646483510732651
0209,./images/142/frame_00209.jpg,Normal,0.591670572757721,0.4838564097881317,0.09929637610912323,0.5953477621078491,0.4764728844165802,0.10145775973796844,0.5950654745101929,0.4747953712940216,0.10142946243286133,0.5947588682174683,0.4725936949253082,0.10139671713113785,0.5961233377456665,0.47829365730285645,0.08585365116596222,0.596401572227478,0.4780905842781067,0.08580757677555084,0.5966781973838806,0.47780099511146545,0.08573631942272186,0.592605471611023,0.4629739224910736,0.1047467440366745,0.5955305695533752,0.4715552031993866,0.034511372447013855,0.5877669453620911,0.4798174500465393,0.10192225128412247,0.5884894132614136,0.48189014196395874,0.08135268092155457,0.5668476223945618,0.44655510783195496,0.13550497591495514,0.5827583074569702,0.4790714383125305,-0.030790362507104874,0.5548077821731567,0.5030266046524048,0.17298591136932373,0.5813190937042236,0.5443438291549683,-0.00674925372004509,0.5585891008377075,0.5417816042900085,0.16559849679470062,0.5869098901748657,0.5429705381393433,0.1024002656340599,0.5576270818710327,0.5511690378189087,0.17728696763515472,0.5884371995925903,0.5550863146781921,0.1110309585928917,0.5603727698326111,0.549545168876648,0.1746814101934433,0.5880876183509827,0.5422763228416443,0.11126048862934113,0.561391294002533,0.546989381313324,0.1661863774061203,0.5871750116348267,0.5407911539077759,0.10614888370037079,0.5098668336868286,0.492559015750885,0.05562211200594902,0.5172005891799927,0.5028219223022461,-0.05562976747751236,0.5290737748146057,0.5903298854827881,0.06563263386487961,0.5300945043563843,0.6017166972160339,-0.049476299434900284,0.5252879858016968,0.6620239019393921,0.08039279282093048,0.5350638628005981,0.6949983239173889,-0.06200972944498062,0.5200058221817017,0.6717594861984253,0.08012067526578903,0.5300555229187012,0.7037514448165894,-0.06286390125751495,0.5434620976448059,0.6803870797157288,0.061734892427921295,0.5602913498878479,0.6965877413749695,-0.09100429713726044
0210,./images/142/frame_00210.jpg,Normal,0.5917893648147583,0.4846992790699005,0.09508217871189117,0.5955314636230469,0.47673365473747253,0.09667608886957169,0.5952624082565308,0.4750559628009796,0.09664614498615265,0.5949702262878418,0.47304779291152954,0.0966147929430008,0.5962939262390137,0.47863972187042236,0.08125732094049454,0.5965651273727417,0.4785250723361969,0.08121173083782196,0.5968319773674011,0.4783288836479187,0.08114282041788101,0.5926920175552368,0.4638421833515167,0.10066600888967514,0.5956839323043823,0.47252893447875977,0.030304962769150734,0.5878286361694336,0.48055028915405273,0.09782040119171143,0.5885277986526489,0.4828471839427948,0.07743462920188904,0.5671142935752869,0.44676145911216736,0.13126768171787262,0.5827361345291138,0.4810519218444824,-0.033466313034296036,0.5554781556129456,0.5032157301902771,0.17957429587841034,0.5814020037651062,0.5467059016227722,-0.003776268335059285,0.5598623156547546,0.5405359268188477,0.19984136521816254,0.5873489379882812,0.5423654913902283,0.11466755717992783,0.5590959787368774,0.5495436191558838,0.2114175260066986,0.5886625647544861,0.550658643245697,0.1255417764186859,0.5616535544395447,0.5474379062652588,0.2060869187116623,0.5883527994155884,0.5394576191902161,0.12457188218832016,0.5625752806663513,0.5449484586715698,0.19768887758255005,0.5872853398323059,0.5383472442626953,0.11832688003778458,0.5097262263298035,0.49277463555336,0.05560373514890671,0.5171927213668823,0.5033495426177979,-0.055598676204681396,0.5280466079711914,0.590284526348114,0.06698146462440491,0.530131995677948,0.6015885472297668,-0.043472133576869965,0.5243878364562988,0.6609058976173401,0.08302158117294312,0.5347124338150024,0.6914299726486206,-0.045945439487695694,0.5191415548324585,0.6703494191169739,0.08324934542179108,0.5284397602081299,0.7019500136375427,-0.0459597073495388,0.5386427044868469,0.680370032787323,0.0683792307972908,0.5600394606590271,0.6957833170890808,-0.06932333111763
0211,./images/142/frame_00211.jpg,Normal,0.5916617512702942,0.48446738719940186,0.09737130254507065,0.5955035090446472,0.476590096950531,0.09734039008617401,0.5952332019805908,0.4748462736606598,0.09731297194957733,0.5949298143386841,0.47299131751060486,0.09728078544139862,0.5962687134742737,0.4783959984779358,0.08385314047336578,0.5965365171432495,0.4782526195049286,0.08380590379238129,0.5968019366264343,0.4780975878238678,0.08373279124498367,0.592668890953064,0.4637489318847656,0.09789245575666428,0.595678448677063,0.4732000231742859,0.033553317189216614,0.5877243280410767,0.4802173972129822,0.09795534610748291,0.5884044766426086,0.4825320839881897,0.08020520955324173,0.567090630531311,0.44663551449775696,0.12940597534179688,0.582381010055542,0.48558908700942993,-0.030844712629914284,0.5544841289520264,0.5031777620315552,0.17925214767456055,0.581432044506073,0.5468152165412903,0.004998118616640568,0.5565147399902344,0.5403546094894409,0.2018524408340454,0.5870054960250854,0.542155385017395,0.12807361781597137,0.5547397136688232,0.5493495464324951,0.21298888325691223,0.5886520147323608,0.5483628511428833,0.1398032009601593,0.5569496750831604,0.5471786260604858,0.20773270726203918,0.5883072018623352,0.5380938649177551,0.13769015669822693,0.5582854747772217,0.5448184609413147,0.1995825320482254,0.58722323179245,0.5370618104934692,0.13139352202415466,0.5086387395858765,0.492789626121521,0.05466132611036301,0.5167798399925232,0.5040385127067566,-0.05470297858119011,0.5248256921768188,0.5890457034111023,0.06728070229291916,0.5290631055831909,0.6013768315315247,-0.042483821511268616,0.5212191343307495,0.6587303876876831,0.08115042746067047,0.529029130935669,0.6852877140045166,-0.046023011207580566,0.5165922045707703,0.67035311460495,0.08102022856473923,0.5218331217765808,0.7006992101669312,-0.04652339592576027,0.5338961482048035,0.6785722374916077,0.06672133505344391,0.5544779896736145,0.6930925846099854,-0.06995974481105804
0212,./images/142/frame_00212.jpg,Normal,0.5916857123374939,0.48432689905166626,0.09624754637479782,0.5956026911735535,0.4768434166908264,0.09695188701152802,0.5953386425971985,0.4751855134963989,0.09692732989788055,0.5950202345848083,0.4729817807674408,0.09690141677856445,0.5963296294212341,0.4785950183868408,0.08278055489063263,0.5965783596038818,0.4784698188304901,0.08273082971572876,0.5968298316001892,0.4782976508140564,0.0826534703373909,0.592682957649231,0.4643429219722748,0.09779351949691772,0.595702052116394,0.4733237028121948,0.033070456236600876,0.5877376198768616,0.480867862701416,0.09783530980348587,0.5884103178977966,0.48321694135665894,0.07921795547008514,0.5667811632156372,0.44658610224723816,0.13071420788764954,0.5823780298233032,0.4850875735282898,-0.0316486731171608,0.5529045462608337,0.503178596496582,0.18041260540485382,0.58187335729599,0.54655522108078,0.0042639258317649364,0.5550702810287476,0.5387221574783325,0.2030191421508789,0.5869954228401184,0.5415014028549194,0.1328410804271698,0.5532828569412231,0.5465565323829651,0.2144002914428711,0.588599443435669,0.5449795722961426,0.14647558331489563,0.5557761788368225,0.5437681674957275,0.21021442115306854,0.588164746761322,0.5379918217658997,0.14456507563591003,0.5571446418762207,0.5418179631233215,0.20108720660209656,0.5869977474212646,0.5368157029151917,0.13666656613349915,0.507776141166687,0.49338123202323914,0.054279524832963943,0.5165743231773376,0.5052153468132019,-0.054335691034793854,0.5248227119445801,0.5891534686088562,0.06634066253900528,0.5276007652282715,0.6014830470085144,-0.048277173191308975,0.5221379995346069,0.6587496995925903,0.06443395465612411,0.5291001796722412,0.6833102703094482,-0.06657880544662476,0.5182563066482544,0.6706636548042297,0.06250566244125366,0.5224461555480957,0.7006332278251648,-0.06888259947299957,0.5401079654693604,0.6759803891181946,0.04809504747390747,0.5550524592399597,0.6918201446533203,-0.09407057613134384
0213,./images/142/frame_00213.jpg,Normal,0.5921682119369507,0.4842318296432495,0.10135145485401154,0.5961952209472656,0.4770223796367645,0.1036016196012497,0.5959446430206299,0.4754158556461334,0.1035783439874649,0.5955972075462341,0.4729880094528198,0.10355707257986069,0.5968666672706604,0.47864341735839844,0.08832084387540817,0.5970817804336548,0.4784814119338989,0.08826909959316254,0.597286581993103,0.4782705008983612,0.0881911888718605,0.5932726860046387,0.4643493592739105,0.10799066722393036,0.596023678779602,0.4731701612472534,0.03915611654520035,0.5882313251495361,0.48103615641593933,0.10428444296121597,0.5888793468475342,0.4833359122276306,0.08422747254371643,0.566595196723938,0.44656214118003845,0.1398106962442398,0.5824397206306458,0.4844425320625305,-0.027722498401999474,0.5509975552558899,0.502976655960083,0.18486686050891876,0.5819699168205261,0.5463036894798279,0.005094566382467747,0.5512502789497375,0.538090169429779,0.20211482048034668,0.5873156189918518,0.5414317846298218,0.13356587290763855,0.5485784411430359,0.5459492206573486,0.212076336145401,0.58881676197052,0.5440508723258972,0.14696872234344482,0.5513955354690552,0.5426444411277771,0.20769545435905457,0.5881356596946716,0.5373456478118896,0.1452634036540985,0.5531637072563171,0.5407216548919678,0.1997789442539215,0.586929976940155,0.5362771153450012,0.13752774894237518,0.5076080560684204,0.49464303255081177,0.05428723618388176,0.5165508389472961,0.5063214898109436,-0.05434360355138779,0.5252822041511536,0.5901505947113037,0.06547620892524719,0.5271328687667847,0.6034716963768005,-0.053762394934892654,0.5253967046737671,0.6588342189788818,0.05815591663122177,0.5292884707450867,0.6835346221923828,-0.07814326137304306,0.5211189985275269,0.6706438064575195,0.055405132472515106,0.523314893245697,0.7012086510658264,-0.08109651505947113,0.5456398725509644,0.6747749447822571,0.03995528072118759,0.555087149143219,0.6921795606613159,-0.10780028253793716
0214,./images/142/frame_00214.jpg,Normal,0.5926439166069031,0.4847251772880554,0.1015562042593956,0.5967292189598083,0.47779834270477295,0.10457775741815567,0.5964784622192383,0.47624796628952026,0.1045527309179306,0.5960949659347534,0.47351184487342834,0.10453140735626221,0.5973776578903198,0.4789942502975464,0.08883538842201233,0.5975701808929443,0.47866290807724,0.088785819709301,0.5977420806884766,0.4783186614513397,0.0887138694524765,0.593714714050293,0.4644365608692169,0.1118645891547203,0.5963484048843384,0.47295984625816345,0.04089147597551346,0.5886720418930054,0.4816286861896515,0.10539108514785767,0.5893318057060242,0.48367899656295776,0.08473281562328339,0.566146731376648,0.4464958906173706,0.14524714648723602,0.5824641585350037,0.48388534784317017,-0.02648749016225338,0.5499610900878906,0.5039848685264587,0.1895712912082672,0.5821560025215149,0.5462118983268738,0.0032889973372220993,0.5486929416656494,0.5378235578536987,0.20228621363639832,0.5869945287704468,0.5411443114280701,0.1296420693397522,0.5452930927276611,0.5457302927970886,0.2112874686717987,0.5880972743034363,0.5439369678497314,0.14218801259994507,0.548302173614502,0.5425891280174255,0.20680205523967743,0.5872306823730469,0.5368620157241821,0.140231192111969,0.550313413143158,0.5406644344329834,0.19965818524360657,0.586007297039032,0.5359311699867249,0.13331452012062073,0.5074909329414368,0.4962024390697479,0.05486370250582695,0.5161957740783691,0.5068007707595825,-0.05492320656776428,0.5262089967727661,0.5935794711112976,0.06608541309833527,0.5273955464363098,0.6063375473022461,-0.05162239074707031,0.5269243121147156,0.6593752503395081,0.060506563633680344,0.5345559120178223,0.6881126165390015,-0.07199026644229889,0.5223114490509033,0.6706366539001465,0.05794459581375122,0.5327404737472534,0.6954201459884644,-0.07548342645168304,0.5453925132751465,0.6747589111328125,0.04205141216516495,0.5590258836746216,0.6944048404693604,-0.09353993833065033
0215,./images/142/frame_00215.jpg,Normal,0.592738687992096,0.48545998334884644,0.10065814107656479,0.5968979001045227,0.4788307249546051,0.10200873762369156,0.5966829657554626,0.4772832691669464,0.10198426246643066,0.5963203310966492,0.47425660490989685,0.10195751488208771,0.5975075364112854,0.4797102212905884,0.08701706677675247,0.5977073907852173,0.47920137643814087,0.08696992695331573,0.597887396812439,0.47868064045906067,0.08689425885677338,0.5940386056900024,0.4645298719406128,0.1064232587814331,0.5965710878372192,0.47290775179862976,0.037531621754169464,0.5888325572013855,0.482666939496994,0.10289760679006577,0.5894692540168762,0.4844485819339752,0.08319886773824692,0.5656235218048096,0.4464406669139862,0.13975432515144348,0.582464873790741,0.4837297797203064,-0.02829287387430668,0.5489968657493591,0.5030109286308289,0.1863468587398529,0.5825229287147522,0.5461284518241882,0.0023209466598927975,0.5473611354827881,0.5307475924491882,0.2022605687379837,0.5867617726325989,0.5388835072517395,0.12913431227207184,0.5439304113388062,0.537385106086731,0.21187153458595276,0.5875329971313477,0.5383668541908264,0.1419268697500229,0.5467590093612671,0.5335556268692017,0.20804066956043243,0.5865436792373657,0.5330080986022949,0.13969561457633972,0.5487127304077148,0.5317389369010925,0.20009222626686096,0.5853022336959839,0.5323631167411804,0.13278284668922424,0.5070700645446777,0.49662622809410095,0.054913103580474854,0.5158063173294067,0.5066853165626526,-0.054977454245090485,0.5263243317604065,0.5968353152275085,0.06854794174432755,0.5287128686904907,0.6051974892616272,-0.04227135330438614,0.5261094570159912,0.6612040400505066,0.07026232779026031,0.5358232259750366,0.6844514012336731,-0.04384852945804596,0.5213851928710938,0.6708852052688599,0.0685029998421669,0.5317931771278381,0.6953597664833069,-0.04407457262277603,0.5397441387176514,0.6790183782577515,0.054898910224437714,0.5592549443244934,0.6931470036506653,-0.06215252727270126
0216,./images/142/frame_00216.jpg,Normal,0.5927340984344482,0.4861477017402649,0.07018737494945526,0.5968586802482605,0.4793968200683594,0.07214309275150299,0.596652626991272,0.4778638184070587,0.07211634516716003,0.5963208675384521,0.4749520719051361,0.07209043204784393,0.5975006818771362,0.48012369871139526,0.05598839372396469,0.5976917743682861,0.47949841618537903,0.055940933525562286,0.5978671312332153,0.4788527190685272,0.05587884038686752,0.5941073298454285,0.4646069407463074,0.08019280433654785,0.596554160118103,0.4728204011917114,0.007009820081293583,0.5888258218765259,0.48329687118530273,0.07495266944169998,0.5894624590873718,0.48485955595970154,0.053664058446884155,0.5655650496482849,0.44898325204849243,0.11936404556035995,0.5822760462760925,0.4820927381515503,-0.05483515188097954,0.5497746467590332,0.5030025243759155,0.16824856400489807,0.5830551385879517,0.5483794212341309,-0.026400070637464523,0.5491276979446411,0.5300024151802063,0.17709341645240784,0.5867494344711304,0.5388748049736023,0.10021241754293442,0.5459371209144592,0.5370542407035828,0.1855398714542389,0.586931586265564,0.5382269620895386,0.11100715398788452,0.5488623976707458,0.5329546928405762,0.18047302961349487,0.5861114263534546,0.5330473184585571,0.10852084308862686,0.550658106803894,0.5309606194496155,0.1741556078195572,0.5850095152854919,0.5323736667633057,0.10342033952474594,0.5069323778152466,0.4964335858821869,0.05586549639701843,0.5143812894821167,0.5059601068496704,-0.05591665953397751,0.5262513160705566,0.5963312983512878,0.06775669753551483,0.5287516713142395,0.6016396284103394,-0.03775561600923538,0.5243855714797974,0.661941409111023,0.083421990275383,0.5354560613632202,0.6813167333602905,-0.017769737169146538,0.5193066000938416,0.6709432601928711,0.0841236338019371,0.5313851833343506,0.6942801475524902,-0.015277974307537079,0.5374061465263367,0.6814194321632385,0.07113883644342422,0.5593838691711426,0.6922506093978882,-0.0328880213201046
0217,./images/142/frame_00217.jpg,Normal,0.592718243598938,0.4861218333244324,0.07147303223609924,0.5968289375305176,0.47942614555358887,0.07613770663738251,0.596624493598938,0.47789403796195984,0.07612095773220062,0.5962986350059509,0.4750159680843353,0.0761130154132843,0.5974704027175903,0.48023152351379395,0.06138651445508003,0.5976654291152954,0.4796174466609955,0.06135833263397217,0.5978450179100037,0.4789472222328186,0.061312269419431686,0.5940966606140137,0.46464085578918457,0.09065365046262741,0.5965410470962524,0.47276797890663147,0.022134261205792427,0.588818371295929,0.483210027217865,0.08097466081380844,0.5894570350646973,0.4848164916038513,0.06112385913729668,0.5652415156364441,0.4488013684749603,0.12797911465168,0.582300066947937,0.4820186197757721,-0.039354998618364334,0.5500053763389587,0.5029810667037964,0.17982463538646698,0.5850707292556763,0.5482754707336426,-0.005379656329751015,0.5492550134658813,0.5300301909446716,0.19974546134471893,0.5867453813552856,0.5378602743148804,0.1270298957824707,0.5460230112075806,0.5368716716766357,0.21072742342948914,0.5869568586349487,0.5355935096740723,0.14117184281349182,0.549345850944519,0.5329436659812927,0.20735351741313934,0.5861117839813232,0.5308796763420105,0.13854169845581055,0.5509508848190308,0.5310563445091248,0.1981063038110733,0.5850839614868164,0.5309742093086243,0.13065478205680847,0.5065585374832153,0.49653929471969604,0.05580656975507736,0.51442950963974,0.5061029195785522,-0.05585543438792229,0.5262883901596069,0.595913290977478,0.07098860293626785,0.5317649245262146,0.6015859246253967,-0.04002312570810318,0.522332489490509,0.6618466973304749,0.08043180406093597,0.53734290599823,0.6816337704658508,-0.033984798938035965,0.5167571902275085,0.6701867580413818,0.08011027425527573,0.5320436358451843,0.6943273544311523,-0.03309997171163559,0.5345150232315063,0.6818788051605225,0.06847462803125381,0.5615808367729187,0.6925865411758423,-0.04931475967168808
0218,./images/142/frame_00218.jpg,Normal,0.5926909446716309,0.48507004976272583,0.08000623434782028,0.5967093706130981,0.4773067831993103,0.08304872363805771,0.5964947938919067,0.4758036732673645,0.08302623778581619,0.5961910486221313,0.47367897629737854,0.08300842344760895,0.5973845720291138,0.4783056080341339,0.06803088635206223,0.5975929498672485,0.47778749465942383,0.06799056380987167,0.5977879762649536,0.4771229922771454,0.06793169677257538,0.5939465761184692,0.4635884165763855,0.09185411036014557,0.5964311957359314,0.47042837738990784,0.023755662143230438,0.588811993598938,0.4810326397418976,0.0858905240893364,0.5894545912742615,0.4826156497001648,0.06595536321401596,0.5652635097503662,0.4487232565879822,0.12777870893478394,0.5822626352310181,0.48179855942726135,-0.0387970432639122,0.552007257938385,0.5029061436653137,0.18216261267662048,0.5853610038757324,0.5457068681716919,-0.006159243173897266,0.5558850765228271,0.5303422808647156,0.2052142173051834,0.5867397785186768,0.5378403067588806,0.12322919070720673,0.5543700456619263,0.537358820438385,0.21677803993225098,0.5869618654251099,0.5352368950843811,0.13763174414634705,0.5574866533279419,0.5335143208503723,0.213027685880661,0.5860949754714966,0.5307026505470276,0.13511183857917786,0.5585126280784607,0.5315715074539185,0.20343415439128876,0.5850886106491089,0.5309855341911316,0.1267230063676834,0.5066298246383667,0.49663180112838745,0.055672574788331985,0.5146856904029846,0.5069209337234497,-0.05574396997690201,0.5263253450393677,0.5954805016517639,0.07060769945383072,0.5332132577896118,0.6023874282836914,-0.03332135081291199,0.5222102999687195,0.6618641018867493,0.07823868095874786,0.5418294668197632,0.6779237985610962,-0.0192855317145586,0.5167893767356873,0.670172393321991,0.07794113457202911,0.536243200302124,0.6903166770935059,-0.017166554927825928,0.5345619916915894,0.6822031140327454,0.06642519682645798,0.5627378225326538,0.6931115984916687,-0.030330687761306763
0219,./images/142/frame_00219.jpg,Normal,0.5928484201431274,0.47981882095336914,0.09242498874664307,0.596725344657898,0.47289374470710754,0.09289779514074326,0.5965021848678589,0.4713671803474426,0.09287412464618683,0.5961958169937134,0.4690248370170593,0.0928502008318901,0.5974250435829163,0.4743470847606659,0.07938264310359955,0.5977928638458252,0.4734645485877991,0.0793386772274971,0.597976565361023,0.47313040494918823,0.07926461100578308,0.5939350128173828,0.46048465371131897,0.09247784316539764,0.5964239835739136,0.4678456485271454,0.03107531927525997,0.5890535116195679,0.47677794098854065,0.0939490869641304,0.5899786949157715,0.47827988862991333,0.07612128555774689,0.5652806162834167,0.44802021980285645,0.12796653807163239,0.5822435617446899,0.48174574971199036,-0.033507104963064194,0.5521981716156006,0.502041220664978,0.1799660176038742,0.585206151008606,0.544908881187439,-0.0006354049546644092,0.5557416677474976,0.5304209589958191,0.2013992965221405,0.5866428017616272,0.5377588272094727,0.12674839794635773,0.5540536046028137,0.5378991365432739,0.21179041266441345,0.5865262150764465,0.5353506803512573,0.14045456051826477,0.5570896863937378,0.5345190763473511,0.20751217007637024,0.5856761336326599,0.5307843089103699,0.13780593872070312,0.5582195520401001,0.5323520302772522,0.19927549362182617,0.5850598216056824,0.5309917330741882,0.1300220787525177,0.5071955919265747,0.49641185998916626,0.0544862262904644,0.5160744190216064,0.5073424577713013,-0.054577238857746124,0.5263607501983643,0.5940151810646057,0.0607844777405262,0.5331074595451355,0.6031427383422852,-0.03545144200325012,0.5223127603530884,0.660134494304657,0.060118418186903,0.5387438535690308,0.6803990602493286,-0.028853435069322586,0.5171505808830261,0.6688746809959412,0.05845951288938522,0.5321125984191895,0.6946674585342407,-0.026247035712003708,0.5354236364364624,0.6800522208213806,0.04434408247470856,0.5617614984512329,0.6929768323898315,-0.04327971860766411
0220,./images/142/frame_00220.jpg,Normal,0.592780351638794,0.48009517788887024,0.09267929941415787,0.5965320467948914,0.4731164574623108,0.09382449835538864,0.5962874293327332,0.47161865234375,0.09379895031452179,0.5959908962249756,0.4690566658973694,0.09377213567495346,0.597307562828064,0.4744393527507782,0.0797010138630867,0.5976715683937073,0.4737931191921234,0.07965728640556335,0.5978912115097046,0.47351789474487305,0.07958384603261948,0.5935429930686951,0.4605601727962494,0.0955761969089508,0.5963374376296997,0.4680100679397583,0.031588464975357056,0.5889981985092163,0.4770040214061737,0.09484435617923737,0.5899268388748169,0.4784223437309265,0.07631851732730865,0.5652928948402405,0.4479537606239319,0.1285679191350937,0.5822916030883789,0.482241690158844,-0.03228401392698288,0.5522326231002808,0.5032994151115417,0.17896007001399994,0.5850284099578857,0.5468733310699463,-0.0007233789656311274,0.5538079142570496,0.5357550978660583,0.19391252100467682,0.5855346918106079,0.5364993214607239,0.120147705078125,0.551515519618988,0.5446740388870239,0.20358414947986603,0.5856362581253052,0.5333900451660156,0.13198313117027283,0.5540130734443665,0.5417870879173279,0.19905856251716614,0.5845882892608643,0.5276514887809753,0.12884317338466644,0.5553683638572693,0.5390558242797852,0.19135595858097076,0.5837294459342957,0.527972400188446,0.12280981242656708,0.507392942905426,0.49639323353767395,0.05414173752069473,0.5171240568161011,0.508638858795166,-0.054244570434093475,0.5256049633026123,0.592077910900116,0.06115089729428291,0.5339967012405396,0.6047189235687256,-0.03150369971990585,0.5226707458496094,0.6586474776268005,0.06383718550205231,0.5385340452194214,0.6819509863853455,-0.019048739224672318,0.5180109739303589,0.6676962375640869,0.06267677247524261,0.5358258485794067,0.6913877725601196,-0.01744656078517437,0.543189525604248,0.6780168414115906,0.048912253230810165,0.5615636110305786,0.6929117441177368,-0.03327837958931923
0221,./images/142/frame_00221.jpg,Normal,0.5926731824874878,0.48129481077194214,0.07588682323694229,0.5964298248291016,0.47384941577911377,0.07719486206769943,0.5962145328521729,0.4722876250743866,0.07716735452413559,0.5959552526473999,0.47008946537971497,0.07714038342237473,0.5971775054931641,0.47578176856040955,0.06180097907781601,0.5975111722946167,0.47476208209991455,0.06175515800714493,0.5977508425712585,0.4743727743625641,0.06168483942747116,0.5935381650924683,0.46082228422164917,0.08187934756278992,0.5962021350860596,0.4680890738964081,0.012438327074050903,0.588918924331665,0.4787672162055969,0.0794457197189331,0.5897692441940308,0.4803846478462219,0.0592600479722023,0.5654487609863281,0.4480002820491791,0.11921447515487671,0.5820185542106628,0.4819760322570801,-0.04778693988919258,0.5522633790969849,0.5057483911514282,0.17182688415050507,0.5841208696365356,0.548031747341156,-0.018673673272132874,0.5537852048873901,0.5371730327606201,0.1849258542060852,0.5848292112350464,0.5359488725662231,0.10354505479335785,0.5515164136886597,0.5457610487937927,0.194902703166008,0.5848522782325745,0.5319598913192749,0.1145649328827858,0.5540284514427185,0.5427424907684326,0.18993839621543884,0.5838896036148071,0.5256750583648682,0.11118669807910919,0.5553694367408752,0.5400934815406799,0.18219032883644104,0.5829399228096008,0.5262139439582825,0.10609128326177597,0.5074284076690674,0.49685269594192505,0.05429372936487198,0.5168229341506958,0.5097773671150208,-0.05439577251672745,0.5256221294403076,0.5922319889068604,0.060777295380830765,0.5336783528327942,0.6055157780647278,-0.03190954029560089,0.5237537622451782,0.6587114930152893,0.06661465018987656,0.5404702425003052,0.6789661049842834,-0.012971535325050354,0.5194211006164551,0.6677364110946655,0.06700889766216278,0.5379915833473206,0.690674364566803,-0.01065645832568407,0.5447700023651123,0.6776342391967773,0.052958302199840546,0.5626071691513062,0.6936482787132263,-0.026906460523605347
0222,./images/142/frame_00222.jpg,Normal,0.5926684141159058,0.48143064975738525,0.07424281537532806,0.5964047312736511,0.47394126653671265,0.07596826553344727,0.5961805582046509,0.47238895297050476,0.07593832165002823,0.5959231853485107,0.4702457785606384,0.07590917497873306,0.5971741676330566,0.47568249702453613,0.06034226343035698,0.5975050330162048,0.4748382568359375,0.0602923147380352,0.5977462530136108,0.4743991494178772,0.06022076681256294,0.5934670567512512,0.4608578681945801,0.08101143687963486,0.5961273908615112,0.467882364988327,0.010523861274123192,0.5889145135879517,0.4787234365940094,0.07790263742208481,0.5897592306137085,0.48037147521972656,0.057389385998249054,0.5652068853378296,0.4481206238269806,0.1184854507446289,0.5819799304008484,0.4806077778339386,-0.05103272944688797,0.5522323846817017,0.5061228275299072,0.16242842376232147,0.5841044187545776,0.5466727018356323,-0.02471872977912426,0.552732527256012,0.53795325756073,0.1624663770198822,0.5850428938865662,0.536971390247345,0.09655795246362686,0.5497556328773499,0.5468155741691589,0.16947384178638458,0.5849733948707581,0.5353202223777771,0.10641838610172272,0.5526949167251587,0.5434719920158386,0.1637469232082367,0.5839973092079163,0.5265612006187439,0.10391934216022491,0.554328203201294,0.5409470200538635,0.15886572003364563,0.5833613872528076,0.5269078612327576,0.09929749369621277,0.5064154267311096,0.49771931767463684,0.05555753782391548,0.5155103206634521,0.5099969506263733,-0.05565303564071655,0.5228323936462402,0.5913255214691162,0.06913136690855026,0.5335012674331665,0.6054859757423401,-0.028406759724020958,0.5224784016609192,0.6573985815048218,0.09075812250375748,0.5403217077255249,0.6772292256355286,-0.0018973812693729997,0.5179500579833984,0.6665116548538208,0.09218793362379074,0.5366374254226685,0.6908175349235535,0.0008897604420781136,0.5393335223197937,0.6767488121986389,0.07885931432247162,0.5626987218856812,0.6935576796531677,-0.01730486936867237
0223,./images/142/frame_00223.jpg,Normal,0.5926654934883118,0.4814997911453247,0.07864795625209808,0.5963808298110962,0.47392594814300537,0.08027102798223495,0.5961477160453796,0.4723748564720154,0.08024275302886963,0.5958901643753052,0.47032374143600464,0.0802144929766655,0.5971674919128418,0.4756523072719574,0.06489206105470657,0.5974972248077393,0.47495236992836,0.06484324485063553,0.5977370738983154,0.4745221734046936,0.06477068364620209,0.5934203863143921,0.4608924090862274,0.08437615633010864,0.596096396446228,0.46797841787338257,0.014471772126853466,0.5889096856117249,0.4785577058792114,0.08199131488800049,0.5897632837295532,0.4803817868232727,0.06176292896270752,0.5652133226394653,0.4482054114341736,0.11967247724533081,0.5820528268814087,0.4805784821510315,-0.048658523708581924,0.5521816611289978,0.5059602856636047,0.15186333656311035,0.5841724872589111,0.5466243028640747,-0.02284812554717064,0.5513623952865601,0.5404589772224426,0.14107881486415863,0.5853517055511475,0.5411796569824219,0.10038270801305771,0.5480700731277466,0.5503592491149902,0.14646084606647491,0.5850445628166199,0.5423406958580017,0.11113999783992767,0.5510131120681763,0.5473179221153259,0.1407807469367981,0.5842797160148621,0.5333884954452515,0.10965980589389801,0.552768349647522,0.544579803943634,0.13712958991527557,0.5841242074966431,0.5331910848617554,0.10366936028003693,0.5072248578071594,0.4976523220539093,0.05560750514268875,0.5160225033760071,0.5105003118515015,-0.05569984391331673,0.5230473875999451,0.5912566781044006,0.07045333087444305,0.5320156812667847,0.6047391295433044,-0.030758792534470558,0.52239990234375,0.6567728519439697,0.086306631565094,0.5383278727531433,0.6774646043777466,-0.011068860068917274,0.5178174376487732,0.6660630106925964,0.08684699237346649,0.5360817909240723,0.688707172870636,-0.009057056158781052,0.5374852418899536,0.6758922338485718,0.07433765381574631,0.5625696778297424,0.6923730969429016,-0.026975145563483238
0224,./images/142/frame_00224.jpg,Normal,0.5925413370132446,0.4807818830013275,0.12046916782855988,0.5958436131477356,0.47272881865501404,0.12106923758983612,0.5954681634902954,0.47106263041496277,0.12104388326406479,0.5951114892959595,0.46917515993118286,0.12101370096206665,0.5969961881637573,0.47502148151397705,0.10762902349233627,0.5973880290985107,0.4747268557548523,0.10758286714553833,0.5976873636245728,0.4744754731655121,0.10750751197338104,0.5925177335739136,0.46061277389526367,0.11690888553857803,0.5960580110549927,0.46803003549575806,0.05633200332522392,0.5887429714202881,0.4776032865047455,0.12033872306346893,0.5897578001022339,0.4801575541496277,0.10265745967626572,0.5648800134658813,0.44798150658607483,0.13870573043823242,0.5835581421852112,0.4821840822696686,-0.01160365715622902,0.5509939193725586,0.505400538444519,0.159824937582016,0.5881386995315552,0.5481500625610352,0.017926903441548347,0.5480459332466125,0.5404349565505981,0.16166171431541443,0.585856556892395,0.5418199896812439,0.14178475737571716,0.5444033145904541,0.5501368641853333,0.16748623549938202,0.5862691402435303,0.5429670810699463,0.15489338338375092,0.5470660328865051,0.5472145080566406,0.16322772204875946,0.5845997929573059,0.5358330607414246,0.1525413691997528,0.5489803552627563,0.5445109009742737,0.1585831493139267,0.5847347974777222,0.5356581211090088,0.14500334858894348,0.5073190927505493,0.4977496564388275,0.052406854927539825,0.5178846120834351,0.5116811394691467,-0.05252816528081894,0.5230828523635864,0.5917927622795105,0.07038956135511398,0.5315946340560913,0.6044235229492188,-0.03675408661365509,0.5213955044746399,0.656930685043335,0.07921357452869415,0.5378608703613281,0.6766449213027954,-0.034328579902648926,0.5166884660720825,0.6662195324897766,0.07752566039562225,0.5341047048568726,0.6889280080795288,-0.034282103180885315,0.533845841884613,0.6757864356040955,0.06881127506494522,0.5625396966934204,0.6914288401603699,-0.051468174904584885
0225,./images/142/frame_00225.jpg,Normal,0.5924480557441711,0.47923028469085693,0.1465846598148346,0.5955605506896973,0.47178220748901367,0.14779596030712128,0.5951049327850342,0.46994638442993164,0.14777064323425293,0.5946391224861145,0.46747228503227234,0.14773830771446228,0.5969266295433044,0.4746110737323761,0.1350734978914261,0.5973565578460693,0.4745934009552002,0.13503262400627136,0.5976842641830444,0.4744817018508911,0.13495910167694092,0.5919902324676514,0.459934264421463,0.14241574704647064,0.5960562825202942,0.46805229783058167,0.08509604632854462,0.5886852741241455,0.4765799343585968,0.14553162455558777,0.5897654891014099,0.4798157513141632,0.1287650763988495,0.5648592710494995,0.44751977920532227,0.1588207185268402,0.5845884680747986,0.48388591408729553,0.014788320288062096,0.5508100390434265,0.5053327083587646,0.18288838863372803,0.5906721353530884,0.5486002564430237,0.0455927848815918,0.547922670841217,0.5412099361419678,0.18212375044822693,0.5861828327178955,0.5420370101928711,0.17158791422843933,0.5443967580795288,0.5506108999252319,0.18576538562774658,0.5863665342330933,0.5438968539237976,0.18548467755317688,0.5469900369644165,0.5480189919471741,0.1828945279121399,0.5847815275192261,0.5371913909912109,0.183303564786911,0.5488952398300171,0.5454123020172119,0.17941567301750183,0.5846923589706421,0.5375106334686279,0.17503520846366882,0.5071543455123901,0.49771979451179504,0.049961768090724945,0.5191824436187744,0.5120380520820618,-0.05009806901216507,0.5227447152137756,0.5917661190032959,0.07262159138917923,0.5316649079322815,0.6043518781661987,-0.03840728476643562,0.5208250284194946,0.6569339036941528,0.07446329295635223,0.5373315811157227,0.6768069267272949,-0.0463293194770813,0.5161097049713135,0.6662627458572388,0.07141716033220291,0.5354442000389099,0.6875742673873901,-0.047621577978134155,0.5322392582893372,0.675209105014801,0.06057329848408699,0.5608433485031128,0.6914405226707458,-0.0668361485004425
0226,./images/142/frame_00226.jpg,Normal,0.5920983552932739,0.48017439246177673,0.13257846236228943,0.5951728820800781,0.4721340239048004,0.13419538736343384,0.5943343043327332,0.4706578254699707,0.1341695487499237,0.5938753485679626,0.4682312309741974,0.13414199650287628,0.5966108441352844,0.4753052294254303,0.1210000142455101,0.5970646142959595,0.47544652223587036,0.12095781415700912,0.5974370837211609,0.4754026234149933,0.12088451534509659,0.5913574695587158,0.459972083568573,0.13284769654273987,0.5959010720252991,0.4684750735759735,0.0735672116279602,0.5881350040435791,0.47664472460746765,0.13326187431812286,0.5893841981887817,0.47996941208839417,0.11591688543558121,0.5637435913085938,0.4475058615207672,0.15476873517036438,0.5844768285751343,0.4841645061969757,0.006698377430438995,0.550876259803772,0.5052668452262878,0.18987157940864563,0.5896857976913452,0.5474631786346436,0.037344805896282196,0.548576831817627,0.5409838557243347,0.19723643362522125,0.5864050984382629,0.5389883518218994,0.15833789110183716,0.5452792048454285,0.5501891374588013,0.20395617187023163,0.5864453911781311,0.537872850894928,0.17141346633434296,0.547919750213623,0.5474745035171509,0.20043620467185974,0.5847417116165161,0.5328032970428467,0.1679641306400299,0.5497205853462219,0.544920027256012,0.19481711089611053,0.584360659122467,0.5325966477394104,0.16116586327552795,0.5063946843147278,0.497700572013855,0.05044043809175491,0.5190964341163635,0.5118489861488342,-0.050575774163007736,0.5227274894714355,0.5917910933494568,0.07372643053531647,0.5347477197647095,0.6039246320724487,-0.03990286588668823,0.5207815170288086,0.656970739364624,0.07458721101284027,0.5399527549743652,0.6742240786552429,-0.046377502381801605,0.5166031122207642,0.6686240434646606,0.07182104140520096,0.536064088344574,0.6877821683883667,-0.04718070104718208,0.5324872136116028,0.6752282381057739,0.06087452918291092,0.5613023042678833,0.691348671913147,-0.064522385597229
0227,./images/142/frame_00227.jpg,Normal,0.5904919505119324,0.4823918640613556,0.12433475255966187,0.5939662456512451,0.4739454984664917,0.1254589855670929,0.593481183052063,0.4720565378665924,0.12542833387851715,0.5931547284126282,0.46966633200645447,0.12539741396903992,0.5957487225532532,0.4762059152126312,0.11247048527002335,0.5961801409721375,0.4763699769973755,0.11242572218179703,0.5965726971626282,0.4762866199016571,0.11235073953866959,0.5910037755966187,0.46016448736190796,0.12316997349262238,0.5952705144882202,0.46922987699508667,0.06475086510181427,0.5872402787208557,0.47705698013305664,0.12475325167179108,0.5884312391281128,0.48026615381240845,0.10768375545740128,0.5638067126274109,0.44884544610977173,0.14809593558311462,0.5837053656578064,0.48409539461135864,-0.0003484313783701509,0.5513265132904053,0.5054813623428345,0.18823781609535217,0.5866717100143433,0.547441840171814,0.034513793885707855,0.5490291118621826,0.5410082340240479,0.19978554546833038,0.5863324403762817,0.5385422706604004,0.1590537130832672,0.5457806587219238,0.5500262975692749,0.20823320746421814,0.5864300727844238,0.5368404984474182,0.17255474627017975,0.5481601357460022,0.5472708940505981,0.20409438014030457,0.5846672058105469,0.5318980813026428,0.16929419338703156,0.5499730706214905,0.544790506362915,0.19743862748146057,0.584027886390686,0.5314570665359497,0.16198638081550598,0.5062414407730103,0.497711718082428,0.05067555978894234,0.5183638334274292,0.5112280249595642,-0.05080997943878174,0.5227338075637817,0.591930627822876,0.07295672595500946,0.5349242687225342,0.6001225113868713,-0.04033462330698967,0.5197485685348511,0.6573871970176697,0.07418792694807053,0.539369523525238,0.6738497614860535,-0.04669918492436409,0.5149339437484741,0.6714614033699036,0.07190658152103424,0.5358976125717163,0.6865648627281189,-0.0475112684071064,0.531070351600647,0.6765815019607544,0.0601721927523613,0.5614224672317505,0.6912657618522644,-0.06610149145126343
0228,./images/142/frame_00228.jpg,Normal,0.5887816548347473,0.4846334755420685,0.1059480756521225,0.5926132798194885,0.4771745800971985,0.10772117227315903,0.5924239158630371,0.4742293059825897,0.10769443213939667,0.5923300981521606,0.47171443700790405,0.10766030848026276,0.5938204526901245,0.4803015887737274,0.09322520345449448,0.5943642854690552,0.48047569394111633,0.09318605810403824,0.5949157476425171,0.4804474711418152,0.09311393648386002,0.5908501744270325,0.46159011125564575,0.10985267162322998,0.5946407914161682,0.4725830852985382,0.04452509433031082,0.5857700705528259,0.4791069030761719,0.1083206906914711,0.5868195295333862,0.48229408264160156,0.0891956239938736,0.5642768144607544,0.4485538601875305,0.13908076286315918,0.5831224918365479,0.48254573345184326,-0.016886886209249496,0.5536152124404907,0.5034972429275513,0.18957801163196564,0.5850582718849182,0.5473794341087341,0.012402947060763836,0.5558394193649292,0.5364929437637329,0.21329429745674133,0.5863491296768188,0.5362355709075928,0.13128605484962463,0.5540546178817749,0.5449936985969543,0.22503478825092316,0.5863738059997559,0.5338769555091858,0.14394856989383698,0.5563883781433105,0.5420381426811218,0.22082579135894775,0.5846670269966125,0.5290359258651733,0.1412007361650467,0.5576876401901245,0.5398427248001099,0.21136121451854706,0.5840033888816833,0.5285190343856812,0.13433174788951874,0.506104052066803,0.4967360496520996,0.051503103226423264,0.5171364545822144,0.5098108649253845,-0.05164343863725662,0.5228177309036255,0.591112494468689,0.0721442699432373,0.5359649658203125,0.5990667939186096,-0.03667853772640228,0.5199220776557922,0.6593976616859436,0.0839550793170929,0.5385602712631226,0.6747488975524902,-0.034182555973529816,0.5142132043838501,0.6735132336616516,0.08396559208631516,0.5357092618942261,0.6865917444229126,-0.033476755023002625,0.531918466091156,0.6801270246505737,0.0727362260222435,0.5607035160064697,0.6912558078765869,-0.04929574579000473
0229,./images/142/frame_00229.jpg,Normal,0.5888006091117859,0.4868636727333069,0.09540031850337982,0.5927947759628296,0.4801771342754364,0.0973413735628128,0.5926119685173035,0.47771698236465454,0.09731481969356537,0.5924926996231079,0.4754542410373688,0.09728562086820602,0.5939114689826965,0.4829576313495636,0.08245684206485748,0.5944438576698303,0.48292040824890137,0.08241493999958038,0.5949820280075073,0.4826948344707489,0.0823468416929245,0.5908914804458618,0.464118629693985,0.10148479789495468,0.5946539044380188,0.47426897287368774,0.03415622189640999,0.5856451988220215,0.482305645942688,0.09857398271560669,0.5865960717201233,0.4849220812320709,0.07889319956302643,0.5653226971626282,0.4485156536102295,0.13532711565494537,0.5827181339263916,0.48107630014419556,-0.02611052617430687,0.5550085306167603,0.5035704374313354,0.1920960694551468,0.5843175053596497,0.5470132827758789,0.004887573886662722,0.5576518177986145,0.5349884629249573,0.21836480498313904,0.5864881277084351,0.5342510938644409,0.12755310535430908,0.5558842420578003,0.5428422093391418,0.23055703938007355,0.5864933133125305,0.5314509868621826,0.14045092463493347,0.5584803819656372,0.5396772623062134,0.2261105328798294,0.5850092768669128,0.5260830521583557,0.13725893199443817,0.5596244931221008,0.5376248955726624,0.2164238691329956,0.5842418074607849,0.5260039567947388,0.1304880678653717,0.5059608221054077,0.4967091977596283,0.05365736410021782,0.5162602663040161,0.508851945400238,-0.053783904761075974,0.5253324508666992,0.5900461673736572,0.0716906413435936,0.5388720035552979,0.5962666273117065,-0.0372861847281456,0.5215767025947571,0.66250079870224,0.08612443506717682,0.5402357578277588,0.6742983460426331,-0.03240349516272545,0.5143707990646362,0.6742912530899048,0.08648572862148285,0.5372673869132996,0.6868951320648193,-0.031035516411066055,0.5319754481315613,0.6852419972419739,0.07413608580827713,0.5610862970352173,0.691272497177124,-0.04676384851336479
0230,./images/142/frame_00230.jpg,Normal,0.5885017514228821,0.48848259449005127,0.10239940881729126,0.5925562381744385,0.4821465313434601,0.10572846978902817,0.5924288630485535,0.47993817925453186,0.10570041835308075,0.5923660397529602,0.4777594804763794,0.10567031055688858,0.5936378240585327,0.4847453236579895,0.09071119874715805,0.5941953659057617,0.4846530556678772,0.09067855030298233,0.5947663187980652,0.4843491315841675,0.09061027318239212,0.5908291339874268,0.46619632840156555,0.1118156909942627,0.5944525003433228,0.4757472574710846,0.04448280483484268,0.5850821137428284,0.4846445322036743,0.10643815994262695,0.5860506892204285,0.4870438575744629,0.08649046719074249,0.5653296113014221,0.4485137462615967,0.13995623588562012,0.5823298096656799,0.4804125130176544,-0.01479632593691349,0.5548875331878662,0.5044378042221069,0.19161909818649292,0.5850360989570618,0.5463850498199463,0.011345813050866127,0.5569401979446411,0.5381172895431519,0.21132948994636536,0.586728572845459,0.5335831046104431,0.1292393058538437,0.5546641945838928,0.5469936728477478,0.22179313004016876,0.5864970684051514,0.53104168176651,0.1420181691646576,0.5566297769546509,0.5440589189529419,0.21751508116722107,0.5849800109863281,0.5258381366729736,0.13897106051445007,0.5577067136764526,0.54148930311203,0.20918361842632294,0.5842115879058838,0.5257457494735718,0.13222044706344604,0.5059038400650024,0.49681058526039124,0.05329738184809685,0.5163424015045166,0.5087059736251831,-0.053430039435625076,0.5267667174339294,0.587222695350647,0.06997065991163254,0.5400735139846802,0.5949231386184692,-0.041890863329172134,0.5217903852462769,0.6624022126197815,0.07745233923196793,0.5399369597434998,0.6740700602531433,-0.048249758780002594,0.5159102082252502,0.6740303635597229,0.07648846507072449,0.5366555452346802,0.6862039566040039,-0.04859913885593414,0.5321200489997864,0.6845418810844421,0.06491291522979736,0.5610871911048889,0.6912073493003845,-0.06579440087080002
0231,./images/142/frame_00231.jpg,Normal,0.5886296629905701,0.492106169462204,0.0865650400519371,0.5927600860595703,0.48476552963256836,0.08861017972230911,0.5927650332450867,0.48269110918045044,0.0885859951376915,0.5928089022636414,0.4804697334766388,0.08855624496936798,0.5936763286590576,0.4876294732093811,0.07312892377376556,0.5942682027816772,0.48684531450271606,0.07309426367282867,0.5948377847671509,0.48636215925216675,0.07302919030189514,0.5913267135620117,0.46872684359550476,0.09519621729850769,0.5944644212722778,0.47697651386260986,0.025272443890571594,0.5852964520454407,0.4883061647415161,0.09087220579385757,0.586109459400177,0.4903199076652527,0.07039965689182281,0.5660220980644226,0.45149463415145874,0.13160419464111328,0.5819187164306641,0.48037028312683105,-0.03181339427828789,0.5575202703475952,0.5048028230667114,0.19638612866401672,0.5850228071212769,0.5470322966575623,-0.004690803121775389,0.5635232925415039,0.5321381092071533,0.2344851791858673,0.587436318397522,0.5327771306037903,0.1137053370475769,0.5629903078079224,0.5383511185646057,0.2488866150379181,0.5871534943580627,0.528377115726471,0.1254778355360031,0.5645068287849426,0.5340592861175537,0.24603179097175598,0.5854476690292358,0.5232114791870117,0.12219848483800888,0.5652633905410767,0.532459020614624,0.2336389124393463,0.5847063064575195,0.5238133668899536,0.11661950498819351,0.5059657096862793,0.49726635217666626,0.053360968828201294,0.5159739255905151,0.5090340971946716,-0.05348389223217964,0.5271838903427124,0.5875011086463928,0.06519277393817902,0.53663170337677,0.5962718725204468,-0.041520241647958755,0.5261963605880737,0.6630627512931824,0.07573674619197845,0.5377477407455444,0.675292432308197,-0.044894635677337646,0.5203797817230225,0.6724075078964233,0.07532404363155365,0.5318719148635864,0.6882249712944031,-0.045008014887571335,0.5477839708328247,0.6844272613525391,0.061979494988918304,0.5600751042366028,0.6911171674728394,-0.06452219188213348
0232,./images/142/frame_00232.jpg,Normal,0.5887831449508667,0.49153226613998413,0.08327706158161163,0.5928440690040588,0.4845599830150604,0.08387577533721924,0.5927978754043579,0.4825551211833954,0.08385784924030304,0.5928324460983276,0.47994041442871094,0.08382730185985565,0.5937941074371338,0.48698142170906067,0.06866347789764404,0.5943495035171509,0.48641178011894226,0.06863100826740265,0.5948874950408936,0.4859122931957245,0.06856700032949448,0.5913739800453186,0.46844208240509033,0.08661027252674103,0.5944532155990601,0.47688591480255127,0.01795518584549427,0.5854145288467407,0.48827892541885376,0.08645811676979065,0.5862688422203064,0.49016574025154114,0.06635822355747223,0.566023051738739,0.45122671127319336,0.12420667707920074,0.5815830230712891,0.4805135428905487,-0.03952287882566452,0.5590164661407471,0.5036391615867615,0.1974814236164093,0.5853267908096313,0.5477985143661499,-0.010514156892895699,0.5685322880744934,0.5243209600448608,0.24115030467510223,0.5877962112426758,0.5325033068656921,0.10937933623790741,0.5690876245498657,0.5289090275764465,0.25706326961517334,0.5873082876205444,0.52766352891922,0.12133699655532837,0.5708857774734497,0.5250115394592285,0.2544862926006317,0.5856810212135315,0.5219876170158386,0.11815106868743896,0.5711857080459595,0.5240020751953125,0.24068152904510498,0.5849427580833435,0.5228437185287476,0.11226974427700043,0.5059764385223389,0.4977835714817047,0.05370480567216873,0.5142796039581299,0.5090581178665161,-0.05382191017270088,0.5277217626571655,0.58763188123703,0.06369022279977798,0.5358849763870239,0.5961417555809021,-0.04056345671415329,0.5257327556610107,0.6629830002784729,0.07935000211000443,0.5369971394538879,0.6751832962036133,-0.03369402885437012,0.5198898315429688,0.6727054119110107,0.08026426285505295,0.5321786999702454,0.6867449283599854,-0.03215853124856949,0.5458260774612427,0.6833600401878357,0.0683307945728302,0.5604918003082275,0.6909583806991577,-0.04891657084226608
0233,./images/142/frame_00233.jpg,Normal,0.5888492465019226,0.4908931255340576,0.1236727237701416,0.5929152369499207,0.4829767346382141,0.1251494288444519,0.5928524732589722,0.4809148609638214,0.12513002753257751,0.5928759574890137,0.47852274775505066,0.1250990778207779,0.5938671827316284,0.4861283600330353,0.1115046963095665,0.594416081905365,0.4852779805660248,0.11147204786539078,0.5949264168739319,0.48425984382629395,0.11140668392181396,0.5913881063461304,0.46772220730781555,0.12545013427734375,0.5944660902023315,0.4767954647541046,0.06398140639066696,0.5854383707046509,0.48725226521492004,0.12528477609157562,0.5864903330802917,0.48914429545402527,0.10721281915903091,0.5657569766044617,0.4510674476623535,0.15259873867034912,0.5815931558609009,0.4811665117740631,0.001824809005483985,0.5583618879318237,0.500469446182251,0.22233979403972626,0.5858193039894104,0.5477917790412903,0.031494658440351486,0.5655990839004517,0.519555389881134,0.26971435546875,0.5885257720947266,0.5322511196136475,0.14849035441875458,0.5653115510940552,0.5234180092811584,0.28462526202201843,0.5882884860038757,0.5276300311088562,0.16133302450180054,0.5672217011451721,0.5194990634918213,0.28336745500564575,0.5863422751426697,0.5219272375106812,0.1590394228696823,0.5680417418479919,0.5188812017440796,0.26983606815338135,0.585556149482727,0.5226366519927979,0.15182018280029297,0.5059648752212524,0.49790313839912415,0.052042871713638306,0.5146161913871765,0.5090559720993042,-0.05217771977186203,0.5255723595619202,0.5916898846626282,0.06421118974685669,0.5362361669540405,0.5961655974388123,-0.03676759451627731,0.5248025059700012,0.6640546917915344,0.07367978990077972,0.541704535484314,0.674428403377533,-0.03818371519446373,0.5194000005722046,0.6732339859008789,0.07299380004405975,0.5346748232841492,0.6860629916191101,-0.03849019110202789,0.536088764667511,0.6835044622421265,0.05943473055958748,0.5622571706771851,0.6905295252799988,-0.05705217272043228
0234,./images/142/frame_00234.jpg,Normal,0.5889497399330139,0.4896963834762573,0.1303519904613495,0.5929789543151855,0.48109960556030273,0.13075004518032074,0.5928934216499329,0.4788939654827118,0.13073232769966125,0.5928723812103271,0.4765579104423523,0.1306993067264557,0.5939282178878784,0.48443716764450073,0.1176842600107193,0.5944857001304626,0.48370271921157837,0.11764843761920929,0.5950015187263489,0.4831618368625641,0.11757942289113998,0.5913354158401489,0.46692901849746704,0.12677675485610962,0.5944985151290894,0.47666501998901367,0.06791133433580399,0.5855141878128052,0.48496314883232117,0.1303926408290863,0.5866332650184631,0.4880463480949402,0.11311616748571396,0.5653907060623169,0.4510444104671478,0.1530131995677948,0.5817957520484924,0.4819552004337311,0.0046670101583004,0.5590494871139526,0.5006523728370667,0.21961668133735657,0.5859283208847046,0.5472261905670166,0.04082171246409416,0.5687596201896667,0.5214299559593201,0.2665925621986389,0.5887050628662109,0.5323978662490845,0.16706307232379913,0.5691558122634888,0.5255104899406433,0.28183242678642273,0.5888253450393677,0.5279020667076111,0.18238908052444458,0.5713158249855042,0.5219928622245789,0.2807430028915405,0.586847186088562,0.5220087766647339,0.18046194314956665,0.5718987584114075,0.5214456915855408,0.26682037115097046,0.5859556794166565,0.5227890610694885,0.1708720177412033,0.5056688785552979,0.4981011152267456,0.051242537796497345,0.5147139430046082,0.5093552470207214,-0.0513736717402935,0.5244184732437134,0.5919530391693115,0.06250069290399551,0.536615252494812,0.5957845449447632,-0.04370031878352165,0.5229393243789673,0.6638451218605042,0.06281052529811859,0.5411208271980286,0.6730722188949585,-0.057822734117507935,0.5160289406776428,0.6740703582763672,0.06097326800227165,0.5357325673103333,0.6853349208831787,-0.0591769814491272,0.5322906970977783,0.683203399181366,0.04813167825341225,0.5621128678321838,0.6904438734054565,-0.07682525366544724
0235,./images/142/frame_00235.jpg,Normal,0.58919757604599,0.4860337972640991,0.13456293940544128,0.5932482481002808,0.4778085947036743,0.13375023007392883,0.5931065082550049,0.47532495856285095,0.13373595476150513,0.5928990840911865,0.4732518196105957,0.13370396196842194,0.5943228006362915,0.482049822807312,0.12160657346248627,0.594840407371521,0.4821627736091614,0.12157025188207626,0.5953519344329834,0.4821939766407013,0.12150057405233383,0.5913478136062622,0.46454179286956787,0.12549716234207153,0.5947181582450867,0.4764311909675598,0.07069768011569977,0.58573317527771,0.4824351966381073,0.13311240077018738,0.5869982838630676,0.48689016699790955,0.11706811189651489,0.5652907490730286,0.4501344561576843,0.15085607767105103,0.582341194152832,0.4849970042705536,0.007352754473686218,0.5585943460464478,0.49873363971710205,0.21695907413959503,0.5860044956207275,0.5480927228927612,0.04888436570763588,0.5670049786567688,0.5197693109512329,0.2666202485561371,0.5886553525924683,0.5325180292129517,0.17932972311973572,0.5672299861907959,0.5236481428146362,0.2826632261276245,0.5889667272567749,0.5283348560333252,0.19593867659568787,0.5694521069526672,0.5204598903656006,0.2820832133293152,0.5870039463043213,0.522510290145874,0.1944071501493454,0.5700819492340088,0.5200561285018921,0.2672521471977234,0.5860294103622437,0.5231398940086365,0.1834232062101364,0.5056831240653992,0.4980994760990143,0.05018175393342972,0.5156731009483337,0.5105674266815186,-0.050322026014328,0.5238673090934753,0.5920878648757935,0.06294338405132294,0.536821186542511,0.5966668725013733,-0.04288917034864426,0.5220798254013062,0.6637044548988342,0.06475673615932465,0.5407370924949646,0.6738607883453369,-0.055415261536836624,0.5160745978355408,0.6741329431533813,0.06322679668664932,0.536274790763855,0.6853068470954895,-0.0565590038895607,0.5317152738571167,0.6828467845916748,0.05142747610807419,0.562097430229187,0.6904159188270569,-0.07337537407875061
0236,./images/142/frame_00236.jpg,Normal,0.5900963544845581,0.48306819796562195,0.13495886325836182,0.594137966632843,0.47442513704299927,0.13337662816047668,0.5938786268234253,0.47170567512512207,0.13336552679538727,0.5935555100440979,0.4689081907272339,0.1333329826593399,0.5954071283340454,0.4795011878013611,0.12172887474298477,0.5958910584449768,0.48024240136146545,0.12169283628463745,0.5963523387908936,0.48085200786590576,0.12162759155035019,0.5916250944137573,0.4616234302520752,0.1228378564119339,0.5953367948532104,0.47637906670570374,0.07011296600103378,0.5864607095718384,0.4796130359172821,0.13275866210460663,0.5880452394485474,0.48540759086608887,0.11737389862537384,0.5655280351638794,0.4481430947780609,0.14820171892642975,0.582935631275177,0.4873569905757904,0.00735057145357132,0.5584158897399902,0.496378630399704,0.21385546028614044,0.586264967918396,0.5488783717155457,0.05034748837351799,0.566637396812439,0.5181885361671448,0.2642524838447571,0.5891855955123901,0.5320832133293152,0.18033872544765472,0.5669329166412354,0.5222681760787964,0.2805137038230896,0.5899901986122131,0.5280783772468567,0.19672854244709015,0.5690292119979858,0.519274890422821,0.27982082962989807,0.5880374908447266,0.5221521854400635,0.19519707560539246,0.5695987343788147,0.5188553333282471,0.2649178206920624,0.5868436098098755,0.52266526222229,0.1843583583831787,0.5057233572006226,0.4972003400325775,0.049359280616045,0.5165728330612183,0.5117884874343872,-0.049501486122608185,0.5238369107246399,0.5904816389083862,0.06500440835952759,0.536784291267395,0.5981205701828003,-0.040655311197042465,0.5218305587768555,0.6635978817939758,0.07260134816169739,0.5406157970428467,0.6770839095115662,-0.050900984555482864,0.5162596106529236,0.6741790175437927,0.0719396099448204,0.5362220406532288,0.6864661574363708,-0.05151443928480148,0.5321439504623413,0.6818588972091675,0.06280429661273956,0.5620612502098083,0.6903960108757019,-0.06942247599363327
0237,./images/142/frame_00237.jpg,Normal,0.59117591381073,0.481494277715683,0.12762518227100372,0.5951712131500244,0.4729488492012024,0.12706270813941956,0.5948458313941956,0.4702916145324707,0.12704990804195404,0.5944726467132568,0.467644065618515,0.12701699137687683,0.596510112285614,0.4779563546180725,0.11449207365512848,0.5969681143760681,0.47884219884872437,0.11445579677820206,0.5973753333091736,0.47964027523994446,0.1143907755613327,0.592298686504364,0.4602947533130646,0.12022881209850311,0.5960162281990051,0.4754500091075897,0.06369529664516449,0.587419867515564,0.4779917895793915,0.12686458230018616,0.5890928506851196,0.484020859003067,0.11025594174861908,0.5658797025680542,0.4469830393791199,0.14684678614139557,0.583472728729248,0.4875519275665283,0.0008958380785770714,0.5585473775863647,0.49671030044555664,0.21338143944740295,0.5865605473518372,0.5486453771591187,0.039087019860744476,0.5680791139602661,0.5196390151977539,0.2619801163673401,0.5895107984542847,0.5321614146232605,0.16660413146018982,0.568780779838562,0.5239282250404358,0.2780108153820038,0.5901169180870056,0.5285301804542542,0.18199874460697174,0.570934534072876,0.5203086137771606,0.2760823667049408,0.5883263945579529,0.523505449295044,0.18064944446086884,0.5713167786598206,0.5196144580841064,0.2619752287864685,0.5871871709823608,0.5234866738319397,0.17061372101306915,0.5057307481765747,0.496569961309433,0.04959738999605179,0.5168130397796631,0.511766791343689,-0.04973442479968071,0.5233318209648132,0.5902290344238281,0.06600270420312881,0.5365415215492249,0.599373996257782,-0.037161365151405334,0.5212860107421875,0.6608352065086365,0.07520176470279694,0.5403720140457153,0.6795073747634888,-0.04628491774201393,0.5165714621543884,0.6741540431976318,0.074772909283638,0.5361476540565491,0.6870899796485901,-0.04685881733894348,0.5321486592292786,0.6789309978485107,0.06525276601314545,0.5619932413101196,0.6903649568557739,-0.06293205171823502
0238,./images/142/frame_00238.jpg,Normal,0.5917894244194031,0.48159918189048767,0.12478888034820557,0.5958625078201294,0.47314876317977905,0.1245008111000061,0.5955137610435486,0.47060397267341614,0.1244916319847107,0.5951135158538818,0.468045711517334,0.12445912510156631,0.5972262620925903,0.4778006970882416,0.11141353845596313,0.5976946353912354,0.4786143898963928,0.11137501895427704,0.5980861186981201,0.4793691337108612,0.11131566762924194,0.5929369330406189,0.4604061245918274,0.1186656504869461,0.5966517329216003,0.4754234254360199,0.060290150344371796,0.5878874659538269,0.47775498032569885,0.12442597001791,0.589567244052887,0.4834834337234497,0.10718224197626114,0.5660216808319092,0.4465053975582123,0.1466737985610962,0.5835535526275635,0.48717519640922546,-0.003410831792280078,0.5587345957756042,0.49934515357017517,0.21072569489479065,0.5867562890052795,0.5480790734291077,0.029330113902688026,0.567575216293335,0.5282741785049438,0.25417810678482056,0.5896767377853394,0.5331704616546631,0.15119247138500214,0.5680238008499146,0.5337040424346924,0.2692357897758484,0.5904060006141663,0.530591607093811,0.16484686732292175,0.5703648328781128,0.5311369895935059,0.26650309562683105,0.5887545943260193,0.5259273052215576,0.16441689431667328,0.5707484483718872,0.5302742719650269,0.25363168120384216,0.5875396132469177,0.5257605910301208,0.1553439199924469,0.5054351091384888,0.4958997964859009,0.05012758821249008,0.5162851214408875,0.5112209320068359,-0.05025290325284004,0.5232969522476196,0.5901781916618347,0.06855984032154083,0.5365365743637085,0.5984306931495667,-0.037329237908124924,0.5188311338424683,0.6602462530136108,0.07801845669746399,0.5395506620407104,0.6789485216140747,-0.04530041292309761,0.5138736963272095,0.6740524172782898,0.07748682051897049,0.533396303653717,0.6875175833702087,-0.04571206867694855,0.5302678346633911,0.6794558763504028,0.06722664833068848,0.5618201494216919,0.6902757287025452,-0.061575859785079956
0239,./images/142/frame_00239.jpg,Normal,0.5917947888374329,0.481625497341156,0.1173790916800499,0.5959041118621826,0.4731898903846741,0.11654099076986313,0.5956112742424011,0.4707542061805725,0.11652393639087677,0.5952818393707275,0.468375563621521,0.11648841202259064,0.5971927642822266,0.47790849208831787,0.1034419909119606,0.5976676344871521,0.47873926162719727,0.10340430587530136,0.5980656743049622,0.4794881045818329,0.10333949327468872,0.5933142304420471,0.4607691466808319,0.10956951230764389,0.596717357635498,0.47533097863197327,0.050644539296627045,0.5879718661308289,0.4779372811317444,0.1165211945772171,0.5895478129386902,0.483479768037796,0.0992581769824028,0.5660473108291626,0.4462254047393799,0.13694915175437927,0.5835763216018677,0.48704659938812256,-0.012430482544004917,0.5586185455322266,0.4984607994556427,0.2005307972431183,0.5857750177383423,0.5478541851043701,0.019897790625691414,0.5672861337661743,0.5283446907997131,0.24383819103240967,0.5872049927711487,0.5345783829689026,0.14090518653392792,0.5679174661636353,0.5345733761787415,0.25824904441833496,0.5888956785202026,0.53471440076828,0.15449827909469604,0.5697914361953735,0.5320673584938049,0.2540944516658783,0.5878036618232727,0.5301675796508789,0.15314069390296936,0.5702458620071411,0.5309132933616638,0.24262455105781555,0.5866031646728516,0.5293323993682861,0.14461185038089752,0.5053614377975464,0.4958186745643616,0.05032943934202194,0.5161945819854736,0.5111907720565796,-0.050448548048734665,0.5224791765213013,0.5901768803596497,0.06835894286632538,0.5356828570365906,0.5984144806861877,-0.036566369235515594,0.517600417137146,0.6602734327316284,0.07775788009166718,0.5378420352935791,0.6787821650505066,-0.04039645195007324,0.5127387046813965,0.6738684773445129,0.0772617757320404,0.5334964990615845,0.6866570115089417,-0.0403636209666729,0.5294703841209412,0.680296778678894,0.06668790429830551,0.5616542100906372,0.6902918219566345,-0.05670710653066635
0240,./images/142/frame_00240.jpg,Normal,0.5919540524482727,0.4818154275417328,0.10800020396709442,0.5960754156112671,0.4734012484550476,0.10655198991298676,0.5958133935928345,0.47105520963668823,0.10653712600469589,0.5955122709274292,0.4687187075614929,0.106504425406456,0.59725022315979,0.47775018215179443,0.09349171072244644,0.5976913571357727,0.47848570346832275,0.09345456212759018,0.5980604887008667,0.47914156317710876,0.0933881551027298,0.5934984683990479,0.4608806073665619,0.09926052391529083,0.5967179536819458,0.47490260004997253,0.04034418985247612,0.5881986021995544,0.477990984916687,0.1073264330625534,0.5896662473678589,0.4832017719745636,0.09008345007896423,0.56612628698349,0.4461708068847656,0.12744128704071045,0.5835990905761719,0.4868825674057007,-0.021818505600094795,0.5590299367904663,0.4971286356449127,0.19106267392635345,0.5865201950073242,0.547182023525238,0.012555725872516632,0.5672478675842285,0.528330385684967,0.2307761162519455,0.5862095355987549,0.5352791547775269,0.13672399520874023,0.5674277544021606,0.5347889065742493,0.24455170333385468,0.5880795121192932,0.534951388835907,0.1508505642414093,0.569526731967926,0.532136857509613,0.2407795488834381,0.5865076780319214,0.5305132269859314,0.14894834160804749,0.5700775384902954,0.5308579802513123,0.2295699119567871,0.5860498547554016,0.5298405289649963,0.1403208076953888,0.5053550004959106,0.49564048647880554,0.050411053001880646,0.516122043132782,0.5112254023551941,-0.050529252737760544,0.5220569968223572,0.5903424024581909,0.06527828425168991,0.5326579213142395,0.5993062257766724,-0.036553699523210526,0.5180854201316833,0.6597608923912048,0.07747431844472885,0.5355550646781921,0.6791320443153381,-0.03914458677172661,0.5146607160568237,0.6738395094871521,0.07695553451776505,0.5317143201828003,0.6858078241348267,-0.03895168378949165,0.5301409363746643,0.678196132183075,0.0661783367395401,0.5597712397575378,0.6903689503669739,-0.05653410032391548
0241,./images/142/frame_00241.jpg,Normal,0.5921880006790161,0.48090091347694397,0.10945691913366318,0.5962688326835632,0.47275763750076294,0.10819268226623535,0.5959742665290833,0.47050559520721436,0.10817746818065643,0.5956354141235352,0.468088835477829,0.10814609378576279,0.5974416732788086,0.4768742024898529,0.09533898532390594,0.5978441834449768,0.47756606340408325,0.09530071914196014,0.5981784462928772,0.4782055616378784,0.09523370116949081,0.593518078327179,0.4606269896030426,0.10126076638698578,0.5967071056365967,0.4736689329147339,0.04341888055205345,0.5883172750473022,0.4773885905742645,0.10894441604614258,0.5897448062896729,0.4824984669685364,0.09193814545869827,0.5657610893249512,0.4461512565612793,0.13020233809947968,0.5836041569709778,0.48676273226737976,-0.0181906558573246,0.5571394562721252,0.4973200559616089,0.19494158029556274,0.5864760279655457,0.5471861958503723,0.015579764731228352,0.5626510381698608,0.5265556573867798,0.24211056530475616,0.5866864323616028,0.5350564122200012,0.13769106566905975,0.5618773698806763,0.5327959060668945,0.2585744857788086,0.5880853533744812,0.5337444543838501,0.15406528115272522,0.5641971230506897,0.5297431349754333,0.25577569007873535,0.5865238308906555,0.5286878943443298,0.15083828568458557,0.5651069283485413,0.5285536646842957,0.24186956882476807,0.5860406160354614,0.5284135341644287,0.14065062999725342,0.5053418874740601,0.4955423176288605,0.050387393683195114,0.5161164402961731,0.5112828016281128,-0.0505048930644989,0.5219964385032654,0.5901299118995667,0.06062765046954155,0.5327643156051636,0.5993502736091614,-0.036571286618709564,0.5180348753929138,0.6587796807289124,0.06589186936616898,0.5356537103652954,0.6775400638580322,-0.04134857654571533,0.5138354897499084,0.6736152172088623,0.06509138643741608,0.5319377183914185,0.6856889724731445,-0.041678883135318756,0.5301658511161804,0.6777799129486084,0.05365131422877312,0.5587931871414185,0.6904937028884888,-0.05890665203332901
0242,./images/142/frame_00242.jpg,Normal,0.5921577215194702,0.48182475566864014,0.1015235185623169,0.5962258577346802,0.4735938310623169,0.1016724482178688,0.5959360599517822,0.4714396595954895,0.10165230929851532,0.5956031680107117,0.46918585896492004,0.10162528604269028,0.5973953008651733,0.47740745544433594,0.08777789026498795,0.5978126525878906,0.4780362844467163,0.08773782849311829,0.5981538891792297,0.47855719923973083,0.08767145872116089,0.5934941172599792,0.4613909423351288,0.09957552701234818,0.5966837406158447,0.47361764311790466,0.03717677295207977,0.5883110165596008,0.47794947028160095,0.10264597833156586,0.5897238850593567,0.482830673456192,0.08431606739759445,0.5651809573173523,0.4461686313152313,0.13074477016925812,0.5834967494010925,0.48601269721984863,-0.025120537728071213,0.5529748797416687,0.49740317463874817,0.1931883692741394,0.5856514573097229,0.5471839904785156,0.007682398892939091,0.5541372299194336,0.5254547595977783,0.23231232166290283,0.586786687374115,0.5342553853988647,0.13221827149391174,0.5518010258674622,0.5319634079933167,0.24655015766620636,0.587968647480011,0.5321107506752014,0.14631210267543793,0.5544264316558838,0.5286363363265991,0.24335002899169922,0.5864533185958862,0.5268582105636597,0.143443763256073,0.5559269189834595,0.5272158980369568,0.23139946162700653,0.5857604742050171,0.5268046259880066,0.13536734879016876,0.5049026608467102,0.4955492317676544,0.05209816247224808,0.515558123588562,0.5109636783599854,-0.052214451134204865,0.5232764482498169,0.5899989008903503,0.061613328754901886,0.5329927206039429,0.5999380946159363,-0.036621686071157455,0.5184191465377808,0.6586467027664185,0.06811045855283737,0.5355250239372253,0.6814984679222107,-0.03912492096424103,0.5146571397781372,0.6728346943855286,0.0674002543091774,0.530056357383728,0.6932989358901978,-0.038918424397706985,0.530924379825592,0.6781567931175232,0.05605042725801468,0.5587831735610962,0.6921177506446838,-0.05578146502375603
0243,./images/142/frame_00243.jpg,Normal,0.5921103954315186,0.4829094409942627,0.08836255967617035,0.5962079763412476,0.47461700439453125,0.08959813416004181,0.5959199070930481,0.47217991948127747,0.0895754024386406,0.5955843925476074,0.47006237506866455,0.08954484760761261,0.5973532795906067,0.4780494272708893,0.07426746189594269,0.5977400541305542,0.4785352945327759,0.07422962784767151,0.5980743765830994,0.47892171144485474,0.07415832579135895,0.5934031009674072,0.46223151683807373,0.09298180043697357,0.5965294241905212,0.47350621223449707,0.023896871134638786,0.588260293006897,0.4792388379573822,0.0915110856294632,0.5895677804946899,0.4834107756614685,0.07128848135471344,0.5651365518569946,0.4470195770263672,0.12838919460773468,0.5830218195915222,0.48301976919174194,-0.0372600294649601,0.5529868006706238,0.499902606010437,0.1943332850933075,0.5848073959350586,0.5465616583824158,-0.010205565020442009,0.5563681125640869,0.528738260269165,0.23267757892608643,0.5857577323913574,0.5341301560401917,0.10982970148324966,0.5548686981201172,0.5361213088035583,0.2471592128276825,0.5874272584915161,0.5319562554359436,0.12202893197536469,0.5574504137039185,0.5329024195671082,0.24325719475746155,0.5847516059875488,0.5268216133117676,0.11966103315353394,0.5586152076721191,0.5308778285980225,0.2313607931137085,0.5847784280776978,0.5267792344093323,0.1130346804857254,0.5048988461494446,0.4955559968948364,0.05325537919998169,0.5148949027061462,0.5108159184455872,-0.053354661911726,0.5236936807632446,0.5902675986289978,0.061440687626600266,0.5310773849487305,0.6015341281890869,-0.03659091144800186,0.521048903465271,0.6585460901260376,0.068913534283638,0.5349610447883606,0.6827477216720581,-0.03223053738474846,0.5165368318557739,0.6698148250579834,0.06755144894123077,0.5293738842010498,0.6956392526626587,-0.031150350347161293,0.5411298274993896,0.6767811179161072,0.05710882693529129,0.5588130950927734,0.6930371522903442,-0.048406343907117844
0244,./images/142/frame_00244.jpg,Normal,0.5916575193405151,0.4837445914745331,0.08020498603582382,0.5960256457328796,0.475228875875473,0.08100459724664688,0.5957974195480347,0.47299352288246155,0.08098559826612473,0.5955169200897217,0.47097596526145935,0.0809561163187027,0.5970102548599243,0.47861331701278687,0.06565631926059723,0.5973526835441589,0.4787541329860687,0.06562012434005737,0.5976758599281311,0.47904765605926514,0.06555380672216415,0.5933812856674194,0.46313586831092834,0.08424939215183258,0.5963214635848999,0.47352859377861023,0.014808349311351776,0.5878583192825317,0.4799923300743103,0.08341144025325775,0.5889514684677124,0.4837040305137634,0.06315460801124573,0.5651243925094604,0.44733211398124695,0.12141897529363632,0.582663893699646,0.4818068742752075,-0.04453302547335625,0.5519067645072937,0.5004501938819885,0.19059355556964874,0.5841019153594971,0.5465625524520874,-0.01945773884654045,0.5542576313018799,0.5278799533843994,0.22584453225135803,0.5858830213546753,0.5343224406242371,0.09908922016620636,0.5522170662879944,0.5349423885345459,0.24009521305561066,0.5873116254806519,0.5320605039596558,0.1100936084985733,0.5551276206970215,0.5313864350318909,0.2353890836238861,0.5847994685173035,0.5267804265022278,0.1083308681845665,0.5565845966339111,0.5294352769851685,0.22410544753074646,0.5839959979057312,0.5268080234527588,0.1023169606924057,0.5049093961715698,0.4968484342098236,0.0537370927631855,0.5143759250640869,0.511223554611206,-0.053831547498703,0.5236929059028625,0.5925458669662476,0.05868998169898987,0.530695915222168,0.6053329706192017,-0.03471698611974716,0.5210596323013306,0.6585843563079834,0.06904524564743042,0.5340200066566467,0.685612678527832,-0.018612731248140335,0.5165201425552368,0.6684622168540955,0.06853654980659485,0.5282623171806335,0.6981630921363831,-0.016239702701568604,0.5397984385490417,0.677141547203064,0.05707857757806778,0.558835506439209,0.6939124464988708,-0.03059353306889534
0245,./images/142/frame_00245.jpg,Normal,0.5911762118339539,0.48350805044174194,0.08181735873222351,0.595541775226593,0.4749418795108795,0.08505541831254959,0.5953275561332703,0.47276192903518677,0.0850292518734932,0.5949189066886902,0.4708728492259979,0.08499705046415329,0.5964711904525757,0.47829127311706543,0.06667609512805939,0.5968056321144104,0.4785009026527405,0.06667572259902954,0.5971230864524841,0.4787946045398712,0.06661579757928848,0.5929050445556641,0.4629451036453247,0.09311123192310333,0.595919132232666,0.4731963574886322,0.01999901980161667,0.5873311758041382,0.47950494289398193,0.08632322400808334,0.5884334444999695,0.48324325680732727,0.06650290638208389,0.5646632313728333,0.44722768664360046,0.12774647772312164,0.5824168920516968,0.48182597756385803,-0.03568747267127037,0.5507773160934448,0.5008031129837036,0.18922170996665955,0.5838417410850525,0.5463742017745972,-0.005381274502724409,0.5498114824295044,0.5323584675788879,0.21531252562999725,0.5849158763885498,0.5367146134376526,0.1146060973405838,0.5468803644180298,0.5410041213035583,0.22741782665252686,0.5865417718887329,0.536518931388855,0.1274520456790924,0.5496848821640015,0.5378515720367432,0.2225271463394165,0.5844298601150513,0.5298874974250793,0.12428804486989975,0.5513546466827393,0.5356257557868958,0.21312105655670166,0.5838913321495056,0.5295246839523315,0.1175418496131897,0.5045648813247681,0.4968319237232208,0.05373954027891159,0.5143952369689941,0.5112183094024658,-0.05383371189236641,0.5202436447143555,0.5908225774765015,0.05931352451443672,0.5302649736404419,0.604763925075531,-0.036945782601833344,0.5188700556755066,0.6589991450309753,0.06962990760803223,0.5316184759140015,0.6848068833351135,-0.037445005029439926,0.5147413611412048,0.6693578958511353,0.06916793435811996,0.5248435735702515,0.6974307894706726,-0.037792667746543884,0.531805157661438,0.6770371198654175,0.05756141617894173,0.555616557598114,0.6938931941986084,-0.05807020142674446
0246,./images/142/frame_00246.jpg,Normal,0.5911144018173218,0.483900785446167,0.09087058901786804,0.5953556299209595,0.47519972920417786,0.09068582952022552,0.5950952172279358,0.4730142056941986,0.09067382663488388,0.5945197343826294,0.4711942970752716,0.09063800424337387,0.5963455438613892,0.4786743223667145,0.0753450095653534,0.5966677069664001,0.4786248207092285,0.07534617930650711,0.5969840288162231,0.478861540555954,0.07529640197753906,0.5923932790756226,0.46295616030693054,0.09936725348234177,0.5957032442092896,0.47315770387649536,0.022692222148180008,0.5871435403823853,0.4797489643096924,0.09107456356287003,0.5883204340934753,0.4833652973175049,0.0735289677977562,0.5644633769989014,0.4475700855255127,0.13437482714653015,0.5823471546173096,0.481614351272583,-0.03152471408247948,0.5502405166625977,0.5042292475700378,0.19085226953029633,0.583347499370575,0.5463964343070984,-0.0012698034988716245,0.5497704148292542,0.5374689102172852,0.22274240851402283,0.5867481231689453,0.5367753505706787,0.12057248502969742,0.547551155090332,0.5451436042785645,0.23592320084571838,0.588877260684967,0.5361868739128113,0.13260610401630402,0.5503670573234558,0.5421687960624695,0.23231621086597443,0.5864748954772949,0.5301487445831299,0.13072997331619263,0.5518226623535156,0.5403544902801514,0.22144155204296112,0.5864020586013794,0.5298922061920166,0.12389777600765228,0.5041418075561523,0.49681445956230164,0.053721725940704346,0.5141148567199707,0.5107254385948181,-0.053813107311725616,0.5191192626953125,0.590342104434967,0.059992074966430664,0.5298669934272766,0.6023300886154175,-0.03833973407745361,0.5179571509361267,0.6596537828445435,0.06940700858831406,0.5295022130012512,0.6804638504981995,-0.04537877440452576,0.5138694047927856,0.6705960035324097,0.06876657158136368,0.5224898457527161,0.6938266754150391,-0.046294085681438446,0.5293163061141968,0.6770843267440796,0.05694045498967171,0.5535808801651001,0.6917257905006409,-0.06585495918989182
0247,./images/142/frame_00247.jpg,Normal,0.5906833410263062,0.4848726987838745,0.09467252343893051,0.5949421525001526,0.4765232801437378,0.09538083523511887,0.5946964025497437,0.4740869700908661,0.0953623354434967,0.5942447781562805,0.4721648693084717,0.0953291654586792,0.5958477854728699,0.4793023467063904,0.08050728589296341,0.5963410139083862,0.4789787232875824,0.08047981560230255,0.5966381430625916,0.4790774881839752,0.08041579276323318,0.592156708240509,0.4632561504840851,0.09978888928890228,0.5953987240791321,0.4730992913246155,0.029447320848703384,0.5868927836418152,0.4812154471874237,0.09619767963886261,0.5881544947624207,0.4839191138744354,0.07751166820526123,0.564186155796051,0.44859084486961365,0.13351383805274963,0.5819012522697449,0.48073095083236694,-0.02922017313539982,0.5496228933334351,0.504575788974762,0.19099664688110352,0.5831923484802246,0.5462283492088318,-0.0016102228546515107,0.5480422973632812,0.5380831360816956,0.22150766849517822,0.5886327028274536,0.536714494228363,0.11510416120290756,0.5453724265098572,0.5463850498199463,0.23443570733070374,0.5903764963150024,0.5361121296882629,0.12649644911289215,0.5480688810348511,0.5433129668235779,0.2293558567762375,0.5872637629508972,0.5300655364990234,0.1244356781244278,0.5495652556419373,0.54106605052948,0.21951952576637268,0.5873419046401978,0.5297961831092834,0.11827584356069565,0.5041694641113281,0.49656006693840027,0.05368585139513016,0.513701319694519,0.510185182094574,-0.053779471665620804,0.5194571018218994,0.5907412171363831,0.05914831906557083,0.5288764238357544,0.6006020307540894,-0.04006664454936981,0.5177805423736572,0.6598755717277527,0.06647016853094101,0.5297027230262756,0.6739045977592468,-0.04634920135140419,0.5136340260505676,0.670915424823761,0.06576243042945862,0.5230527520179749,0.6923052668571472,-0.046878062188625336,0.5290111899375916,0.6774882078170776,0.05237244442105293,0.5544158816337585,0.6908731460571289,-0.06694532930850983
0248,./images/142/frame_00248.jpg,Normal,0.5905061960220337,0.4852951765060425,0.09600988030433655,0.594828724861145,0.47673705220222473,0.09705571085214615,0.5946174263954163,0.47448939085006714,0.0970332995057106,0.5942196846008301,0.47255754470825195,0.09700075536966324,0.5957781076431274,0.47931942343711853,0.0821380764245987,0.5962041616439819,0.47898581624031067,0.08210079371929169,0.5964747667312622,0.47895222902297974,0.08203142881393433,0.5921450853347778,0.4633343517780304,0.1001017689704895,0.5952836275100708,0.4727850556373596,0.03141401335597038,0.586885929107666,0.48159751296043396,0.09809951484203339,0.588047206401825,0.48400434851646423,0.07882613688707352,0.5640032291412354,0.4498074948787689,0.13204419612884521,0.58128821849823,0.4801407754421234,-0.028546389192342758,0.5496813058853149,0.5047122240066528,0.1864801049232483,0.5835974812507629,0.5454141497612,-0.003721507964655757,0.54814612865448,0.5398014187812805,0.21080699563026428,0.5891107320785522,0.5364987850189209,0.10956960916519165,0.5454742312431335,0.5486894249916077,0.22238436341285706,0.5906127691268921,0.5359060764312744,0.1203697919845581,0.5481217503547668,0.5459611415863037,0.2166832983493805,0.5874988436698914,0.5299369692802429,0.11829511821269989,0.5495254993438721,0.543366551399231,0.20828822255134583,0.5876637697219849,0.5296845436096191,0.11257904767990112,0.5041750073432922,0.49705615639686584,0.05364073067903519,0.5134671330451965,0.5101226568222046,-0.05373672768473625,0.5198163390159607,0.5918125510215759,0.059073664247989655,0.5291658639907837,0.59742271900177,-0.039838891476392746,0.5177262425422668,0.6600415706634521,0.06726925075054169,0.5298493504524231,0.6736374497413635,-0.043175242841243744,0.5135539770126343,0.6711263656616211,0.06646822392940521,0.5235874056816101,0.6895367503166199,-0.043119169771671295,0.5278276801109314,0.6782987117767334,0.05376480147242546,0.5560991764068604,0.6900387406349182,-0.06607849150896072
0249,./images/142/frame_00249.jpg,Normal,0.5906358361244202,0.4858936369419098,0.08212022483348846,0.5949591994285583,0.4773169159889221,0.08214152604341507,0.5947691798210144,0.475266695022583,0.08211621642112732,0.594434380531311,0.4733036458492279,0.0820879340171814,0.5958111882209778,0.4797402322292328,0.0672084242105484,0.5962120294570923,0.479323148727417,0.0671655461192131,0.596476674079895,0.4789637625217438,0.06709401309490204,0.5922076106071472,0.46353912353515625,0.08300496637821198,0.5952848792076111,0.4727751910686493,0.015383005142211914,0.5869229435920715,0.4820910692214966,0.08455784618854523,0.5880509614944458,0.4845280051231384,0.06488659232854843,0.5640121698379517,0.4500802457332611,0.11935808509588242,0.580783486366272,0.4802631735801697,-0.043448466807603836,0.5498747229576111,0.5045015811920166,0.1836809366941452,0.5835932493209839,0.5456900596618652,-0.014543889090418816,0.5494544506072998,0.5360313653945923,0.2156941443681717,0.589039146900177,0.5363278388977051,0.10440199077129364,0.5470479726791382,0.5435256361961365,0.2287970781326294,0.5901387929916382,0.5339788198471069,0.11576724052429199,0.5496610403060913,0.5398894548416138,0.2239598035812378,0.5874483585357666,0.5279273390769958,0.11242423206567764,0.5510445833206177,0.5376507043838501,0.2138512134552002,0.5874249339103699,0.5282664895057678,0.10705491155385971,0.5041935443878174,0.49781084060668945,0.054024942219257355,0.5126960873603821,0.5101211071014404,-0.0541175976395607,0.5213196277618408,0.5919322371482849,0.05954034999012947,0.5297861695289612,0.5964710116386414,-0.04251907765865326,0.5201813578605652,0.6614362001419067,0.0737069621682167,0.5300816297531128,0.673838198184967,-0.037481971085071564,0.5134211182594299,0.6715594530105591,0.07433823496103287,0.5241521000862122,0.6880627274513245,-0.03580598160624504,0.5283791422843933,0.680161714553833,0.0617077574133873,0.5570598840713501,0.6895761489868164,-0.05386320874094963
0250,./images/142/frame_00250.jpg,Normal,0.5907595157623291,0.485878586769104,0.08720958977937698,0.5951815247535706,0.4773065447807312,0.08743540942668915,0.5949956178665161,0.47525304555892944,0.08741258084774017,0.594684898853302,0.47328516840934753,0.0873844176530838,0.5959466695785522,0.47969850897789,0.07274230569601059,0.5963023900985718,0.4793093502521515,0.07269973307847977,0.596544623374939,0.4789646863937378,0.07262952625751495,0.5923672914505005,0.46335068345069885,0.08842474967241287,0.5952889323234558,0.47265493869781494,0.022145375609397888,0.5869332551956177,0.48206523060798645,0.08969022333621979,0.5880485773086548,0.48452648520469666,0.07029826939105988,0.5640232563018799,0.45001766085624695,0.1224244236946106,0.5806211233139038,0.48104995489120483,-0.03740449249744415,0.5500769019126892,0.5045201778411865,0.19808349013328552,0.5836132764816284,0.548218846321106,-0.008028190582990646,0.552609920501709,0.5314099788665771,0.24673175811767578,0.5885516405105591,0.5343191623687744,0.12448350340127945,0.5516499280929565,0.5360003113746643,0.26375383138656616,0.5901256799697876,0.5324993133544922,0.1380215436220169,0.5540171265602112,0.5322352647781372,0.260405033826828,0.5874369740486145,0.5261285305023193,0.13503316044807434,0.5549654364585876,0.5310809016227722,0.24628552794456482,0.587382435798645,0.5256549715995789,0.12782268226146698,0.5041269063949585,0.4977910816669464,0.05402982234954834,0.5124794840812683,0.5100499987602234,-0.054122019559144974,0.5230840444564819,0.5919120907783508,0.06356753408908844,0.5311585664749146,0.5958849191665649,-0.04549673944711685,0.5210191607475281,0.6623304486274719,0.07746769487857819,0.5316792726516724,0.6735721230506897,-0.043126706033945084,0.5134843587875366,0.6737464666366577,0.077816441655159,0.528286337852478,0.6827854514122009,-0.04197641462087631,0.5290106534957886,0.6833792924880981,0.0654364675283432,0.5576967000961304,0.6894134283065796,-0.05908593535423279
0251,./images/142/frame_00251.jpg,Normal,0.5913581252098083,0.48588570952415466,0.07994545251131058,0.5959866046905518,0.4771549701690674,0.08063457161188126,0.595827043056488,0.47512027621269226,0.08061309158802032,0.5955439805984497,0.4731272757053375,0.0805843248963356,0.5965522527694702,0.4793262779712677,0.06517323851585388,0.5968023538589478,0.47893226146698,0.06512913107872009,0.5969595313072205,0.4785851836204529,0.06506194174289703,0.5929067134857178,0.46294304728507996,0.08494319021701813,0.5954214930534363,0.47193604707717896,0.015441559255123138,0.5873643159866333,0.48206859827041626,0.08379317820072174,0.5882724523544312,0.4844977557659149,0.06342475116252899,0.5641165971755981,0.4499710202217102,0.12479132413864136,0.5802193284034729,0.48116299510002136,-0.04294319823384285,0.5501148104667664,0.5051530003547668,0.20190510153770447,0.5836293697357178,0.5490016937255859,-0.007711208425462246,0.5552002191543579,0.5306951403617859,0.25003111362457275,0.5885517001152039,0.5348796248435974,0.12429521977901459,0.5550971627235413,0.5348716974258423,0.2671019434928894,0.5900648832321167,0.5317931771278381,0.13753004372119904,0.5572447180747986,0.5311570763587952,0.26336953043937683,0.5874015688896179,0.5241321325302124,0.13483531773090363,0.5578502416610718,0.5300357341766357,0.24933764338493347,0.5872858762741089,0.5243760347366333,0.1274997740983963,0.5041319131851196,0.49825388193130493,0.05459250882267952,0.5120868682861328,0.5100448727607727,-0.054678432643413544,0.5251021981239319,0.5918905735015869,0.06658505648374557,0.5313720703125,0.596006453037262,-0.04630475863814354,0.5215616822242737,0.6625155806541443,0.08566512167453766,0.5325034856796265,0.6733329892158508,-0.03864310309290886,0.5156501531600952,0.6738057732582092,0.08674229681491852,0.5295828580856323,0.680638313293457,-0.036427341401576996,0.5307758450508118,0.6841426491737366,0.07486449182033539,0.5581306219100952,0.6892436742782593,-0.05207762122154236
0252,./images/142/frame_00252.jpg,Normal,0.5913686156272888,0.48617079854011536,0.07695482671260834,0.5959676504135132,0.4771680533885956,0.0776708647608757,0.5958077311515808,0.4751377999782562,0.07764968276023865,0.5955332517623901,0.4731255769729614,0.07762269675731659,0.5965495705604553,0.47931140661239624,0.062197666615247726,0.5967837572097778,0.4789038896560669,0.06215550750494003,0.5969306826591492,0.4785253405570984,0.06208661198616028,0.5928930044174194,0.46293550729751587,0.08268874138593674,0.5953582525253296,0.4714955687522888,0.01294746994972229,0.587364137172699,0.4825596213340759,0.081131711602211,0.5882328152656555,0.4846625030040741,0.06070011854171753,0.5641217827796936,0.45000746846199036,0.1243915930390358,0.5799915790557861,0.4811852276325226,-0.044923946261405945,0.5502633452415466,0.5052459239959717,0.20195956528186798,0.5837870836257935,0.5496371984481812,-0.008609434589743614,0.5551290512084961,0.5295553803443909,0.2503564953804016,0.5885775685310364,0.5348931550979614,0.12395314127206802,0.5547522306442261,0.5336529016494751,0.2675374746322632,0.5900134444236755,0.5301137566566467,0.13729873299598694,0.556980550289154,0.5297553539276123,0.26422661542892456,0.5874057412147522,0.5232179164886475,0.13429661095142365,0.5577163100242615,0.5285515189170837,0.24987348914146423,0.5872340202331543,0.5242904424667358,0.12723222374916077,0.5041615962982178,0.4986167848110199,0.054622750729322433,0.5119392275810242,0.5102624893188477,-0.054711878299713135,0.5255327820777893,0.5918740630149841,0.0688820630311966,0.5311797857284546,0.596410870552063,-0.045210495591163635,0.5215315222740173,0.6624916195869446,0.09087340533733368,0.5324322581291199,0.6735905408859253,-0.03193477541208267,0.5162030458450317,0.673794686794281,0.09233905375003815,0.5282071828842163,0.6811803579330444,-0.02942698262631893,0.5314862132072449,0.6844926476478577,0.08155328780412674,0.557474672794342,0.6892061829566956,-0.04433262720704079
0253,./images/142/frame_00253.jpg,Normal,0.5913935303688049,0.4860876798629761,0.08220677077770233,0.5959614515304565,0.47695010900497437,0.08290015906095505,0.5957977175712585,0.4749721586704254,0.08287864923477173,0.595517098903656,0.47299036383628845,0.08285009860992432,0.5965225100517273,0.47891777753829956,0.06769254803657532,0.5967447757720947,0.47849124670028687,0.06765061616897583,0.5968908071517944,0.4780805706977844,0.06758149713277817,0.5928896069526672,0.4627700746059418,0.08613073080778122,0.5953043103218079,0.47075092792510986,0.016723984852433205,0.5874053239822388,0.482529878616333,0.08555559068918228,0.5882483124732971,0.48451340198516846,0.06543982028961182,0.5640971064567566,0.4501785337924957,0.12486769258975983,0.5799648761749268,0.48107045888900757,-0.0429699532687664,0.5504176616668701,0.5062522888183594,0.2004958838224411,0.584408164024353,0.5496206283569336,-0.005798972211778164,0.554874062538147,0.5311108827590942,0.24436280131340027,0.5890560746192932,0.5348966121673584,0.1255279928445816,0.5542704463005066,0.5355705618858337,0.26008403301239014,0.5900450944900513,0.5295964479446411,0.1386578381061554,0.5562405586242676,0.5315222144126892,0.25630682706832886,0.5876127481460571,0.5232117176055908,0.13543395698070526,0.5570472478866577,0.530199408531189,0.24341268837451935,0.5871784090995789,0.5243980288505554,0.12861952185630798,0.5041711330413818,0.4988212287425995,0.05442885681986809,0.5120121240615845,0.5103005170822144,-0.05452542379498482,0.5252935290336609,0.5920912623405457,0.06789799779653549,0.5313868522644043,0.5965818762779236,-0.04460769146680832,0.5207916498184204,0.6625865697860718,0.08561065047979355,0.5329152345657349,0.6737469434738159,-0.033012572675943375,0.5163097977638245,0.6738684177398682,0.08637847006320953,0.5308482050895691,0.6821572780609131,-0.03115975484251976,0.5317866206169128,0.6847904920578003,0.07482896745204926,0.5581735968589783,0.6891739964485168,-0.04672262445092201
0254,./images/142/frame_00254.jpg,Normal,0.5913950204849243,0.48607495427131653,0.09977804869413376,0.5959070920944214,0.4769545793533325,0.10111413151025772,0.5957666039466858,0.4749916195869446,0.101091668009758,0.5955126881599426,0.4730128049850464,0.10106255859136581,0.596413254737854,0.47891318798065186,0.08643137663602829,0.596627414226532,0.47848889231681824,0.08638858050107956,0.5967844724655151,0.47806739807128906,0.08631937950849533,0.5928857922554016,0.4627681374549866,0.10390035808086395,0.5952502489089966,0.4704993665218353,0.0375414676964283,0.587453305721283,0.48250719904899597,0.10262729227542877,0.5882750749588013,0.4844391644001007,0.08317498862743378,0.5645478963851929,0.4501613974571228,0.13668595254421234,0.5799874663352966,0.47995078563690186,-0.02286231890320778,0.5564122200012207,0.5061919093132019,0.20376794040203094,0.5876279473304749,0.5443875193595886,0.0075922212563455105,0.5610377192497253,0.5343150496482849,0.24263978004455566,0.5902135968208313,0.5348774790763855,0.12869451940059662,0.5604886412620544,0.5407835245132446,0.25754716992378235,0.5906953811645508,0.5296797156333923,0.14126521348953247,0.5624521970748901,0.5371972918510437,0.2533380687236786,0.5879173278808594,0.5215441584587097,0.13792359828948975,0.5629621744155884,0.5353884696960449,0.24131910502910614,0.5871487855911255,0.5233554840087891,0.13160006701946259,0.5041810870170593,0.4981900453567505,0.05388034135103226,0.5121862292289734,0.5091679692268372,-0.05397992208600044,0.5253610610961914,0.5914521813392639,0.06801165640354156,0.5327759981155396,0.5954420566558838,-0.04534382000565529,0.520797073841095,0.6626617312431335,0.08356364816427231,0.534298837184906,0.6726458072662354,-0.04873640090227127,0.5163134336471558,0.6741665601730347,0.08404340595006943,0.5311384797096252,0.681271493434906,-0.04866693168878555,0.5323050022125244,0.6846832036972046,0.07227157801389694,0.5588846802711487,0.6890782117843628,-0.0671023577451706
0255,./images/142/frame_00255.jpg,Normal,0.591394305229187,0.4827684164047241,0.11494308710098267,0.5959012508392334,0.47462746500968933,0.1153290867805481,0.59576016664505,0.47257742285728455,0.11531393229961395,0.5955045819282532,0.47004571557044983,0.11528424918651581,0.5964101552963257,0.47739681601524353,0.1017347201704979,0.5966242551803589,0.47736722230911255,0.1016959398984909,0.5967824459075928,0.47727081179618835,0.10162868350744247,0.5928838849067688,0.46181198954582214,0.11403767019510269,0.5952519178390503,0.4704621136188507,0.05285341665148735,0.5874830484390259,0.479827344417572,0.11628736555576324,0.5883125066757202,0.48287010192871094,0.09829893708229065,0.5646940469741821,0.44886577129364014,0.14623217284679413,0.5802263021469116,0.4810529053211212,-0.009509855881333351,0.556979775428772,0.5036596655845642,0.21777646243572235,0.5872732996940613,0.5449592471122742,0.025637716054916382,0.565578818321228,0.5294147729873657,0.27032309770584106,0.5898169875144958,0.5349053740501404,0.14913645386695862,0.5664456486701965,0.5339199304580688,0.28791114687919617,0.5902582406997681,0.529744565486908,0.1635751724243164,0.568506121635437,0.5308476090431213,0.2857767641544342,0.5870254635810852,0.5216649770736694,0.16181814670562744,0.568656861782074,0.529973566532135,0.27047526836395264,0.586842954158783,0.5234504342079163,0.1529495120048523,0.5041910409927368,0.4969472587108612,0.0530601367354393,0.5123276710510254,0.5089312791824341,-0.05316472798585892,0.5245906114578247,0.5914339423179626,0.06953372061252594,0.5329171419143677,0.5955591201782227,-0.044849686324596405,0.5199015140533447,0.6626498103141785,0.08262939751148224,0.5354093313217163,0.6728401780128479,-0.05155307799577713,0.5162519216537476,0.6741577386856079,0.08291853964328766,0.5345771908760071,0.681790292263031,-0.052031803876161575,0.5321082472801208,0.6845962405204773,0.07119881361722946,0.5591951012611389,0.6889165043830872,-0.06948785483837128
0256,./images/142/frame_00256.jpg,Normal,0.5913935303688049,0.4823540151119232,0.10615072399377823,0.5958739519119263,0.47442835569381714,0.10686981678009033,0.5957294702529907,0.47235459089279175,0.10685129463672638,0.5954760909080505,0.46996408700942993,0.10682158172130585,0.5963984131813049,0.47728219628334045,0.09267179667949677,0.596617579460144,0.4772872030735016,0.09263027459383011,0.5967797040939331,0.4772213101387024,0.09256236255168915,0.592881977558136,0.46161291003227234,0.1077817901968956,0.5952527523040771,0.470428466796875,0.04390677809715271,0.5874906778335571,0.47909224033355713,0.10831807553768158,0.5883421897888184,0.4823927581310272,0.08955372124910355,0.5648037791252136,0.44840991497039795,0.14266632497310638,0.5805786848068237,0.48131582140922546,-0.017574410885572433,0.5568420886993408,0.5038973689079285,0.21275635063648224,0.5871800184249878,0.5450776219367981,0.01716512255370617,0.5654025673866272,0.5297442674636841,0.26019003987312317,0.5891762971878052,0.5349379777908325,0.14573390781879425,0.5659988522529602,0.5340394973754883,0.27694740891456604,0.589547872543335,0.5299532413482666,0.1603020578622818,0.5683586597442627,0.531120240688324,0.27377521991729736,0.5867058038711548,0.5221444964408875,0.15869727730751038,0.5686274766921997,0.530430018901825,0.25966784358024597,0.5867414474487305,0.5235275030136108,0.14966890215873718,0.5040175318717957,0.49657148122787476,0.053060226142406464,0.5123572945594788,0.5085670948028564,-0.05316426232457161,0.5235065221786499,0.5914321541786194,0.06889308989048004,0.5329033732414246,0.5961424708366394,-0.04375464841723442,0.5195407271385193,0.6619219183921814,0.08083440363407135,0.5354360342025757,0.6737233400344849,-0.04892835021018982,0.5162073373794556,0.6741891503334045,0.08057045191526413,0.5338318347930908,0.681882917881012,-0.04914979264140129,0.5320795774459839,0.6832306981086731,0.0685587078332901,0.5597279667854309,0.6893949508666992,-0.06685610860586166
0257,./images/142/frame_00257.jpg,Normal,0.5916610360145569,0.48239848017692566,0.10998215526342392,0.5959435701370239,0.47427430748939514,0.11196253448724747,0.5957667231559753,0.47229278087615967,0.11193926632404327,0.5954960584640503,0.47002890706062317,0.11191079765558243,0.5965695977210999,0.47688302397727966,0.09729669988155365,0.5968118906021118,0.4768475294113159,0.09725098311901093,0.5969966650009155,0.47676897048950195,0.09718536585569382,0.5928998589515686,0.461595743894577,0.11533641815185547,0.5953496694564819,0.4702304005622864,0.04929071292281151,0.5877338647842407,0.4789910912513733,0.1126503199338913,0.58891361951828,0.4819243848323822,0.0933208018541336,0.5644572973251343,0.44836005568504333,0.14844892919063568,0.5809928178787231,0.481705904006958,-0.0152440145611763,0.556533932685852,0.504994809627533,0.20940454304218292,0.5869969129562378,0.5451339483261108,0.019676830619573593,0.5647937059402466,0.5326664447784424,0.24205157160758972,0.5879260301589966,0.534886360168457,0.15232229232788086,0.5656427145004272,0.5384355187416077,0.25464871525764465,0.5882214307785034,0.5300029516220093,0.1670883744955063,0.5675097107887268,0.5351223349571228,0.2515262961387634,0.5860156416893005,0.5229127407073975,0.16456003487110138,0.5678227543830872,0.5338208079338074,0.24069230258464813,0.5853560566902161,0.5242407917976379,0.155965194106102,0.5039671063423157,0.4964982271194458,0.05336476489901543,0.5128094553947449,0.5082620978355408,-0.05346929281949997,0.5234153866767883,0.5942591428756714,0.06851501017808914,0.5328759551048279,0.5964611768722534,-0.04359089955687523,0.5197428464889526,0.6625247001647949,0.07548747956752777,0.5395893454551697,0.6738008856773376,-0.04955900087952614,0.5161941051483154,0.6744035482406616,0.07426799088716507,0.5359187126159668,0.6822071671485901,-0.049984171986579895,0.5320709347724915,0.683285117149353,0.06164271757006645,0.5601510405540466,0.6896630525588989,-0.06761501729488373
0258,./images/142/frame_00258.jpg,Normal,0.5916399955749512,0.4838724732398987,0.10617134720087051,0.595897376537323,0.4755527377128601,0.10755196958780289,0.5957126617431641,0.47356829047203064,0.10753042995929718,0.5954428911209106,0.4713386595249176,0.10750211775302887,0.5965598225593567,0.47853049635887146,0.09304971247911453,0.5968091487884521,0.4781504273414612,0.09300638735294342,0.5969962477684021,0.47806867957115173,0.09294071048498154,0.5928816199302673,0.4624961316585541,0.11009450256824493,0.5953729152679443,0.47123464941978455,0.044735923409461975,0.5877274870872498,0.4801088571548462,0.10874035209417343,0.5888864994049072,0.48320862650871277,0.0896262526512146,0.5637702345848083,0.4480060040950775,0.14420311152935028,0.5814207792282104,0.48487311601638794,-0.01786786876618862,0.5554105043411255,0.5052951574325562,0.20846664905548096,0.5869306921958923,0.5476962924003601,0.016961708664894104,0.5621165037155151,0.5325854420661926,0.24442723393440247,0.587389349937439,0.5335016846656799,0.14571379125118256,0.5624076128005981,0.5380452275276184,0.25884318351745605,0.5879439115524292,0.5300418138504028,0.15993183851242065,0.5645977258682251,0.5346518754959106,0.25667622685432434,0.5858615636825562,0.5231068730354309,0.15781269967556,0.5651572942733765,0.5335389971733093,0.24382498860359192,0.5849290490150452,0.5245959162712097,0.1493910849094391,0.5031766295433044,0.4965015947818756,0.05335984751582146,0.5128182172775269,0.5096583962440491,-0.05346585065126419,0.5216277837753296,0.5941506028175354,0.07257422804832458,0.5333571434020996,0.5975049734115601,-0.0376582108438015,0.5202012658119202,0.6625998616218567,0.08228769898414612,0.5401870012283325,0.673841118812561,-0.04228552430868149,0.5142840147018433,0.6737906336784363,0.0818079262971878,0.5352103114128113,0.6823822259902954,-0.04246511682868004,0.5297679305076599,0.6824643015861511,0.07169845700263977,0.5601533651351929,0.6898680925369263,-0.05721759796142578
0259,./images/142/frame_00259.jpg,Normal,0.5903933048248291,0.48477035760879517,0.11057635396718979,0.5943742990493774,0.476717084646225,0.11163320392370224,0.5942212343215942,0.4746784269809723,0.11161480098962784,0.5940558314323425,0.472404807806015,0.11158833652734756,0.5951486229896545,0.4798246920108795,0.09767495840787888,0.59550541639328,0.4796092212200165,0.09763307124376297,0.5958648324012756,0.47952744364738464,0.09756691753864288,0.5918191075325012,0.4633582532405853,0.11196962743997574,0.5947927236557007,0.4725269377231598,0.04907966032624245,0.5865688920021057,0.48071181774139404,0.11235149204730988,0.5875268578529358,0.4837792217731476,0.09394419193267822,0.56324702501297,0.44767025113105774,0.14425380527973175,0.5814699530601501,0.48678478598594666,-0.013217858970165253,0.5525274872779846,0.5052849650382996,0.20759281516075134,0.5853384137153625,0.5492280721664429,0.023089326918125153,0.5563758015632629,0.5325678586959839,0.24399688839912415,0.5856175422668457,0.5342166423797607,0.1513446867465973,0.5557647943496704,0.5379086136817932,0.25860631465911865,0.5879173874855042,0.5310553908348083,0.16626104712486267,0.5583941340446472,0.5346361398696899,0.25642427802085876,0.5858848690986633,0.5247688889503479,0.1649484932422638,0.5592607259750366,0.5335304141044617,0.24348196387290955,0.584297776222229,0.5260230302810669,0.1553877890110016,0.5024740099906921,0.4965124726295471,0.05322786420583725,0.5130351185798645,0.510547399520874,-0.05334395170211792,0.5195821523666382,0.5938299298286438,0.07215967029333115,0.5342882871627808,0.5975130200386047,-0.03574246168136597,0.5181564092636108,0.662573516368866,0.0794018805027008,0.5407608151435852,0.6738829612731934,-0.04075451195240021,0.5129238367080688,0.6737202405929565,0.07834815979003906,0.535789966583252,0.6824629306793213,-0.040928568691015244,0.5273523926734924,0.6818621754646301,0.0692223533987999,0.5601193308830261,0.6901581287384033,-0.054834313690662384
0260,./images/142/frame_00260.jpg,Normal,0.5895639657974243,0.4857006371021271,0.11333058029413223,0.5930411219596863,0.4784823954105377,0.11441777646541595,0.5929086804389954,0.47640761733055115,0.11439496278762817,0.5927953124046326,0.4740886688232422,0.11437220871448517,0.5940907001495361,0.48124220967292786,0.10042501986026764,0.5944963097572327,0.48105862736701965,0.10037846863269806,0.5949415564537048,0.4808870553970337,0.1003069281578064,0.5910049676895142,0.46419525146484375,0.11363998800516129,0.5941197872161865,0.47337478399276733,0.050646085292100906,0.5858421325683594,0.4814084470272064,0.11460775136947632,0.5866991877555847,0.4845525026321411,0.0961763933300972,0.5628377795219421,0.44742295145988464,0.14335691928863525,0.5814681649208069,0.48820382356643677,-0.012531725689768791,0.5489506125450134,0.5025498867034912,0.19639867544174194,0.5843701958656311,0.5503405928611755,0.026522617787122726,0.5451127290725708,0.5320260524749756,0.2232511341571808,0.5856837630271912,0.5348025560379028,0.1604418009519577,0.5417845845222473,0.5379100441932678,0.235626220703125,0.5875974893569946,0.5318042039871216,0.17638878524303436,0.5442279577255249,0.5346618294715881,0.23202547430992126,0.5857861638069153,0.5256462693214417,0.17389418184757233,0.5460374355316162,0.5335158705711365,0.22184264659881592,0.5842140316963196,0.526395857334137,0.16425159573554993,0.5025518536567688,0.49720683693885803,0.05317782238125801,0.513761579990387,0.5115842819213867,-0.05330105870962143,0.5195378065109253,0.5937766432762146,0.06867851316928864,0.5346955060958862,0.597998321056366,-0.04324380308389664,0.5182245969772339,0.6632145047187805,0.06132746860384941,0.5412765145301819,0.6739152073860168,-0.05697140097618103,0.511801540851593,0.6737755537033081,0.05888373777270317,0.5363482236862183,0.6825730800628662,-0.05830562859773636,0.527615487575531,0.6818031668663025,0.04761321097612381,0.5601028800010681,0.6904579401016235,-0.07452700287103653
0261,./images/142/frame_00261.jpg,Normal,0.5894097089767456,0.48347222805023193,0.1271730363368988,0.5928472280502319,0.476875901222229,0.12689603865146637,0.5926986336708069,0.4746742248535156,0.12687519192695618,0.5925611257553101,0.47204962372779846,0.12685084342956543,0.5938540101051331,0.4801909029483795,0.11451468616724014,0.5942747592926025,0.4803595244884491,0.11446590721607208,0.5947336554527283,0.48046085238456726,0.1143893450498581,0.5907668471336365,0.4634215831756592,0.11995522677898407,0.5939636826515198,0.473297655582428,0.06430245190858841,0.5858110785484314,0.479394793510437,0.12612813711166382,0.5866615176200867,0.48306864500045776,0.10985018312931061,0.5624964237213135,0.4469987750053406,0.1462230235338211,0.5814676284790039,0.48972880840301514,-0.0015301264356821775,0.5470640659332275,0.5011227130889893,0.1978607475757599,0.583911120891571,0.5507578253746033,0.041053734719753265,0.5443299412727356,0.5317873358726501,0.2312914878129959,0.5857698917388916,0.5351925492286682,0.17643460631370544,0.5413369536399841,0.5379089117050171,0.2447631061077118,0.5875585675239563,0.532418966293335,0.1926763504743576,0.5439093112945557,0.5347230434417725,0.24131640791893005,0.5857996940612793,0.5266307592391968,0.19045230746269226,0.545660674571991,0.5335126519203186,0.23016324639320374,0.584253191947937,0.5269371271133423,0.18029019236564636,0.5025793313980103,0.49761122465133667,0.05250001698732376,0.5142918825149536,0.5131068229675293,-0.05264715477824211,0.5187603235244751,0.5948963761329651,0.0742282122373581,0.5347325801849365,0.5996867418289185,-0.037654656916856766,0.517722487449646,0.6640133261680603,0.07183533161878586,0.5399566888809204,0.6753179430961609,-0.04483189061284065,0.5117586851119995,0.6752086877822876,0.06889592856168747,0.5361501574516296,0.6833055019378662,-0.04580403491854668,0.5277846455574036,0.6819295883178711,0.061298198997974396,0.5600810647010803,0.6908652782440186,-0.06007338687777519
0262,./images/142/frame_00262.jpg,Normal,0.5889315605163574,0.486710786819458,0.1183178648352623,0.5924177169799805,0.4804617166519165,0.11906560510396957,0.5923057794570923,0.47809699177742004,0.11904241889715195,0.5922294855117798,0.47566813230514526,0.11901644617319107,0.5935816168785095,0.48265957832336426,0.10534550994634628,0.5940101742744446,0.48263007402420044,0.10529979318380356,0.5945007801055908,0.48248207569122314,0.10522814095020294,0.590719997882843,0.46495285630226135,0.11819908767938614,0.5939025282859802,0.47419118881225586,0.0556987039744854,0.5855488777160645,0.48277154564857483,0.11921417713165283,0.5863732695579529,0.4854467511177063,0.10129640996456146,0.5625579953193665,0.44700971245765686,0.1472969949245453,0.5814701914787292,0.4891577363014221,-0.007758540567010641,0.5454282164573669,0.4989498257637024,0.20132064819335938,0.5833386182785034,0.5518354773521423,0.03343315050005913,0.5414451956748962,0.5282421708106995,0.2341793030500412,0.5858630537986755,0.5352456569671631,0.1539859175682068,0.5378440618515015,0.535055935382843,0.24768266081809998,0.587463915348053,0.5324797034263611,0.16632923483848572,0.5403709411621094,0.5316057205200195,0.24399928748607635,0.5857950448989868,0.5266082286834717,0.1634463369846344,0.5425270199775696,0.5300235152244568,0.23301370441913605,0.5842792987823486,0.526832640171051,0.15717987716197968,0.502610981464386,0.49773380160331726,0.053278304636478424,0.5141881108283997,0.5130416750907898,-0.05343050882220268,0.5185853242874146,0.5948770642280579,0.07446499168872833,0.5346444845199585,0.5996561050415039,-0.03458266332745552,0.5168670415878296,0.6641968488693237,0.07747678458690643,0.539099395275116,0.6746740341186523,-0.030527334660291672,0.5112032294273376,0.6755267381668091,0.07569416612386703,0.5359052419662476,0.6833019852638245,-0.03001401387155056,0.5265042185783386,0.6826881170272827,0.06701485812664032,0.5600646734237671,0.6908470392227173,-0.04288420081138611
0263,./images/142/frame_00263.jpg,Normal,0.5887415409088135,0.4872094988822937,0.11630608141422272,0.5923123359680176,0.4808399975299835,0.11819068342447281,0.5921688079833984,0.4784451425075531,0.11816897243261337,0.5920729041099548,0.47607094049453735,0.1181422621011734,0.5934954285621643,0.48308244347572327,0.10358823835849762,0.5940510630607605,0.4828362762928009,0.10354071855545044,0.5945513844490051,0.48266708850860596,0.10346834361553192,0.5906373858451843,0.46525415778160095,0.11994429677724838,0.5939279198646545,0.47445598244667053,0.0538303479552269,0.5853734016418457,0.48306241631507874,0.11813332140445709,0.5862990021705627,0.48557522892951965,0.0990552008152008,0.562604546546936,0.447159081697464,0.1495877206325531,0.5817711353302002,0.48809292912483215,-0.010435857810080051,0.546502947807312,0.4991258382797241,0.2039744108915329,0.5832383036613464,0.5506836175918579,0.027225498110055923,0.5446708798408508,0.5312047600746155,0.23549965023994446,0.5849595665931702,0.5384909510612488,0.14369413256645203,0.5418363809585571,0.5384665131568909,0.2491016685962677,0.5874051451683044,0.5361824035644531,0.1560780107975006,0.5444360971450806,0.5355899333953857,0.24475784599781036,0.5845857858657837,0.5320961475372314,0.15530487895011902,0.5462228059768677,0.5340762138366699,0.234136700630188,0.5839754343032837,0.5320366024971008,0.1477179378271103,0.5026578903198242,0.49771854281425476,0.0533895306289196,0.514846682548523,0.5125149488449097,-0.053539447486400604,0.5170471668243408,0.5943504571914673,0.07374835014343262,0.5357581377029419,0.5983484387397766,-0.029752060770988464,0.5160269737243652,0.6641791462898254,0.07674669474363327,0.5389716029167175,0.6743319034576416,-0.029469570145010948,0.5105677843093872,0.6755188703536987,0.07532249391078949,0.5355557799339294,0.6833748817443848,-0.02937909960746765,0.525675356388092,0.6820964813232422,0.06654177606105804,0.5612657070159912,0.6908175945281982,-0.04307761788368225
0264,./images/142/frame_00264.jpg,Normal,0.588792085647583,0.487167626619339,0.12004810571670532,0.5924047231674194,0.480585515499115,0.1212598904967308,0.5922667384147644,0.47826775908470154,0.12124007940292358,0.5921519994735718,0.47591450810432434,0.12121111154556274,0.5935508608818054,0.48295435309410095,0.10716916620731354,0.594101071357727,0.48277702927589417,0.10712530463933945,0.5945828557014465,0.4826370179653168,0.10706023871898651,0.5906549096107483,0.46532198786735535,0.12054133415222168,0.5939440131187439,0.47467464208602905,0.0571276918053627,0.5853820443153381,0.4830034077167511,0.12128512561321259,0.5863430500030518,0.48554733395576477,0.10279931873083115,0.5626302361488342,0.44698968529701233,0.15261922776699066,0.5818249583244324,0.4880743622779846,-0.0077754659578204155,0.5469136238098145,0.49865880608558655,0.21795308589935303,0.5830642580986023,0.5514373183250427,0.028625469654798508,0.5487995147705078,0.5254284739494324,0.26325735449790955,0.5848647356033325,0.5384066104888916,0.1528439074754715,0.5474373698234558,0.5303419232368469,0.2793263792991638,0.5868686437606812,0.5356574058532715,0.16642752289772034,0.5500871539115906,0.5273881554603577,0.27668797969818115,0.5846360921859741,0.5301297307014465,0.1654595583677292,0.5515298247337341,0.5266759395599365,0.2629055082798004,0.5838214755058289,0.5301269888877869,0.15694744884967804,0.5029194951057434,0.4977131187915802,0.05343840643763542,0.5152686834335327,0.5124569535255432,-0.05358757823705673,0.516198456287384,0.594054639339447,0.07794205099344254,0.5377117395401001,0.5978867411613464,-0.02100507542490959,0.5157069563865662,0.6641897559165955,0.09110225737094879,0.5399348735809326,0.6743260025978088,-0.017725147306919098,0.5084143877029419,0.6757150292396545,0.09113401919603348,0.5358326435089111,0.6848836541175842,-0.017236890271306038,0.5243903994560242,0.6824476718902588,0.08252184092998505,0.561899721622467,0.6908234357833862,-0.029401933774352074
0265,./images/142/frame_00265.jpg,Normal,0.5889928340911865,0.48767805099487305,0.11750910431146622,0.5925073027610779,0.48086631298065186,0.11880700290203094,0.5923829078674316,0.4785274863243103,0.11878715455532074,0.5922759175300598,0.47620585560798645,0.11875847727060318,0.5935974717140198,0.48335856199264526,0.10471812635660172,0.5941227674484253,0.483242928981781,0.10467331111431122,0.5946084260940552,0.4831051230430603,0.1046028733253479,0.5907123684883118,0.46569278836250305,0.11932194232940674,0.594028115272522,0.47517696022987366,0.05386928468942642,0.5856267213821411,0.4833449125289917,0.11910957098007202,0.5865592360496521,0.48620614409446716,0.1006293073296547,0.5627285242080688,0.44643130898475647,0.1490800678730011,0.5818253755569458,0.4880460202693939,-0.010364118032157421,0.5467312335968018,0.4924478828907013,0.21602308750152588,0.582393229007721,0.5529654622077942,0.022837281227111816,0.5458089113235474,0.5167227983474731,0.2595531940460205,0.5835480690002441,0.5363510847091675,0.1462133675813675,0.5433813333511353,0.5217633843421936,0.27641260623931885,0.5847960114479065,0.5325100421905518,0.15926584601402283,0.5460737943649292,0.5190081000328064,0.2695661187171936,0.5834400057792664,0.5249053239822388,0.15757186710834503,0.5477780103683472,0.518091082572937,0.2575766444206238,0.5822767019271851,0.5250751376152039,0.14987744390964508,0.5037254095077515,0.49771106243133545,0.053602684289216995,0.5157646536827087,0.5124840140342712,-0.05374852567911148,0.5155256390571594,0.5935582518577576,0.0762692540884018,0.5387461185455322,0.5971072316169739,-0.018203800544142723,0.5142804384231567,0.6644917726516724,0.0902983546257019,0.540282666683197,0.6743042469024658,-0.006546156946569681,0.5075095891952515,0.6759676337242126,0.09064002335071564,0.5358008742332458,0.6863453984260559,-0.005084783770143986,0.5228651165962219,0.68442702293396,0.08097653090953827,0.5620402097702026,0.6909623742103577,-0.01668330654501915
0266,./images/142/frame_00266.jpg,Normal,0.5894265174865723,0.4879712462425232,0.10911860316991806,0.5927269458770752,0.48093727231025696,0.11052161455154419,0.5926636457443237,0.47873008251190186,0.11050113290548325,0.592589795589447,0.47649675607681274,0.11047367751598358,0.593794047832489,0.4834066927433014,0.09558305889368057,0.5942396521568298,0.4832662343978882,0.0955439954996109,0.594687819480896,0.4830830991268158,0.09547918289899826,0.5908776521682739,0.46576231718063354,0.11217701435089111,0.5940448641777039,0.4751633107662201,0.04404447227716446,0.5860807299613953,0.4835945665836334,0.11131372302770615,0.5868200659751892,0.48658934235572815,0.09161664545536041,0.5628531575202942,0.4468018710613251,0.14127898216247559,0.5817374587059021,0.48756077885627747,-0.01690101996064186,0.547531008720398,0.4931952655315399,0.20300599932670593,0.5834463834762573,0.5523940324783325,0.011078127659857273,0.5471969246864319,0.5187167525291443,0.23664382100105286,0.5846853256225586,0.5335249304771423,0.13022154569625854,0.5449281930923462,0.524454653263092,0.25001662969589233,0.5850638747215271,0.5295677781105042,0.1427178531885147,0.5474482774734497,0.5214760899543762,0.24612069129943848,0.5838145017623901,0.5224936604499817,0.14066274464130402,0.5490483045578003,0.5202910304069519,0.23520414531230927,0.5826384425163269,0.5228263139724731,0.13356751203536987,0.5046284794807434,0.4977094829082489,0.05360189825296402,0.5160287618637085,0.5127925276756287,-0.05374731868505478,0.5172246694564819,0.5935452580451965,0.0719263106584549,0.5382304191589355,0.59818434715271,-0.020752375945448875,0.5176171064376831,0.6651741862297058,0.08871518820524216,0.5419806241989136,0.6751319169998169,-0.01062612421810627,0.5079542398452759,0.6759614944458008,0.0903715193271637,0.5360913276672363,0.6874501705169678,-0.00916543509811163,0.5246163606643677,0.684395432472229,0.07891136407852173,0.5629352927207947,0.6917693018913269,-0.022029832005500793
0267,./images/142/frame_00267.jpg,Normal,0.5894466638565063,0.48796483874320984,0.11432776600122452,0.5927698612213135,0.48074984550476074,0.11666921526193619,0.5926860570907593,0.4785655438899994,0.1166529655456543,0.592603862285614,0.4763577878475189,0.11662162840366364,0.593842625617981,0.48337310552597046,0.10207126289606094,0.594272255897522,0.48274609446525574,0.10203234851360321,0.5947243571281433,0.4824798107147217,0.10196634382009506,0.5908980965614319,0.46558940410614014,0.12007883936166763,0.5940454602241516,0.4742676913738251,0.05428250879049301,0.5861698389053345,0.48350417613983154,0.1169714704155922,0.5868717432022095,0.4864211678504944,0.09768564999103546,0.5630286335945129,0.4477624297142029,0.14899219572544098,0.5814211368560791,0.4849556088447571,-0.006835867650806904,0.5541778802871704,0.49923211336135864,0.21249596774578094,0.5844000577926636,0.5501843094825745,0.02064773067831993,0.5597715377807617,0.529633641242981,0.2507469654083252,0.5859904885292053,0.5342081189155579,0.1329331248998642,0.5597139596939087,0.5361955165863037,0.2649439871311188,0.58648681640625,0.5308318138122559,0.14366206526756287,0.5618212223052979,0.533288836479187,0.26081225275993347,0.5852875113487244,0.5248057246208191,0.1421780288219452,0.5623940825462341,0.5319137573242188,0.24933305382728577,0.5840620398521423,0.5250881910324097,0.1364176720380783,0.5050863027572632,0.4974137246608734,0.05269302800297737,0.5162194967269897,0.5125299692153931,-0.0528392493724823,0.518734872341156,0.5927547216415405,0.06878632307052612,0.5374253392219543,0.5984582901000977,-0.022011207416653633,0.5183700323104858,0.6648585796356201,0.07728545367717743,0.5427821278572083,0.6752170324325562,-0.01766062155365944,0.5120601058006287,0.6754723191261292,0.07688813656568527,0.5362936854362488,0.6875190138816833,-0.016781462356448174,0.5277372598648071,0.6832662224769592,0.06451153010129929,0.5627886056900024,0.6917626857757568,-0.03005942702293396
0268,./images/142/frame_00268.jpg,Normal,0.5893096923828125,0.4883909821510315,0.1156475692987442,0.5926697850227356,0.4809074103832245,0.11808204650878906,0.5925508737564087,0.4785430431365967,0.11805921792984009,0.5924506187438965,0.47634297609329224,0.11803064495325089,0.5936840772628784,0.4834839999675751,0.10347510874271393,0.594093382358551,0.48296648263931274,0.10343468189239502,0.5945297479629517,0.4826536476612091,0.10336679220199585,0.5906092524528503,0.4656277000904083,0.12099748849868774,0.5937513113021851,0.47425010800361633,0.05517985299229622,0.5859176516532898,0.4840347170829773,0.11810871213674545,0.5866460204124451,0.48724454641342163,0.09884226322174072,0.5628970861434937,0.4485929608345032,0.14900493621826172,0.5809909105300903,0.48384854197502136,-0.007028166204690933,0.5513436198234558,0.5005109906196594,0.20637266337871552,0.5843877792358398,0.5501696467399597,0.021485809236764908,0.5481258630752563,0.5320334434509277,0.22847504913806915,0.586003303527832,0.5325345396995544,0.13659504055976868,0.5449521541595459,0.5396660566329956,0.2390730082988739,0.5865153074264526,0.5286625623703003,0.14925438165664673,0.5470465421676636,0.5364348292350769,0.23427097499370575,0.585191011428833,0.5222904086112976,0.14733849465847015,0.548858642578125,0.5345301032066345,0.22614610195159912,0.5839667320251465,0.5227177739143372,0.14051222801208496,0.5049270987510681,0.4973967373371124,0.05271550267934799,0.516163170337677,0.5122787952423096,-0.05286090448498726,0.5187801718711853,0.592022180557251,0.06887000799179077,0.5373493432998657,0.5985145568847656,-0.023229647427797318,0.519523024559021,0.6652402281761169,0.07767811417579651,0.5431724786758423,0.6752448081970215,-0.01295348722487688,0.5120407938957214,0.6755630373954773,0.07736366987228394,0.5365275740623474,0.6876413822174072,-0.011556759476661682,0.5283604264259338,0.6837905645370483,0.06527037173509598,0.5625526905059814,0.6917528510093689,-0.02644478715956211
0269,./images/142/frame_00269.jpg,Normal,0.5892671942710876,0.48832303285598755,0.1370631605386734,0.5925018191337585,0.4804273247718811,0.13870897889137268,0.5923190712928772,0.4781472384929657,0.1386866271495819,0.592164158821106,0.47598394751548767,0.1386619657278061,0.5936156511306763,0.4830765724182129,0.12515738606452942,0.5940539240837097,0.48271211981773376,0.1251196712255478,0.5945553183555603,0.4822620451450348,0.12505455315113068,0.5903117060661316,0.46553611755371094,0.13659626245498657,0.5937212109565735,0.47423815727233887,0.07547209411859512,0.5858915448188782,0.4839423596858978,0.1374586522579193,0.5866701006889343,0.48705926537513733,0.11962635815143585,0.5625133514404297,0.4488774538040161,0.15810124576091766,0.5810263752937317,0.48418670892715454,0.00918983481824398,0.5501352548599243,0.5011597871780396,0.20630495250225067,0.5850691199302673,0.550253689289093,0.04059159383177757,0.544403612613678,0.5337116122245789,0.22498023509979248,0.5860077142715454,0.5313848853111267,0.1603916883468628,0.540709376335144,0.5415657758712769,0.23367002606391907,0.5865365266799927,0.5269823670387268,0.17261040210723877,0.5427711606025696,0.5383875370025635,0.23015284538269043,0.5849079489707947,0.5206406116485596,0.1691008359193802,0.5448072552680969,0.5363358855247498,0.22289371490478516,0.583676815032959,0.5212785005569458,0.16309401392936707,0.5049079656600952,0.4974572956562042,0.052150923758745193,0.5164571404457092,0.5122681260108948,-0.05231666564941406,0.5184191465377808,0.5921273827552795,0.07009570300579071,0.5364404916763306,0.5990626811981201,-0.023948809131979942,0.5200393795967102,0.665520966053009,0.07808683812618256,0.5432151556015015,0.6752890348434448,-0.015654148533940315,0.5120218992233276,0.6756821870803833,0.07764391601085663,0.5366590023040771,0.6878523230552673,-0.014365044422447681,0.5283185839653015,0.6838247776031494,0.0657387226819992,0.5620675683021545,0.6917288303375244,-0.02845952846109867
0270,./images/142/frame_00270.jpg,Normal,0.5892447829246521,0.48906928300857544,0.12960600852966309,0.5925371050834656,0.4812188148498535,0.12979431450366974,0.5923505425453186,0.47869864106178284,0.12977245450019836,0.5921949148178101,0.47655177116394043,0.1297452598810196,0.5936349630355835,0.4836422801017761,0.11607252061367035,0.594062089920044,0.4832261800765991,0.11603309214115143,0.5945712327957153,0.48271358013153076,0.11596749722957611,0.5903228521347046,0.46587398648262024,0.12979091703891754,0.5937312841415405,0.4743232727050781,0.06581118702888489,0.5857906341552734,0.4854115843772888,0.1293613761663437,0.5866594314575195,0.4878682792186737,0.11133309453725815,0.5625296831130981,0.4495271146297455,0.15671993792057037,0.5810320973396301,0.48408907651901245,0.0014628891367465258,0.5506550073623657,0.5038582682609558,0.20832976698875427,0.585032045841217,0.5507122874259949,0.0332341268658638,0.5466576218605042,0.5347400307655334,0.22942693531513214,0.5859310030937195,0.531608521938324,0.15525391697883606,0.543622612953186,0.5417550206184387,0.24089355766773224,0.5864022970199585,0.5272117257118225,0.1679048091173172,0.5452399253845215,0.5383889079093933,0.23722748458385468,0.5845261216163635,0.5209236741065979,0.16501282155513763,0.5472284555435181,0.5367336869239807,0.22781236469745636,0.5833696722984314,0.5215564966201782,0.1583370864391327,0.5048611164093018,0.4979509711265564,0.05223296955227852,0.5165318250656128,0.5122840404510498,-0.05240524560213089,0.517931342124939,0.5903252363204956,0.07968822121620178,0.5383614301681519,0.5986767411231995,-0.017705297097563744,0.5176067352294922,0.6654927730560303,0.09509716928005219,0.5432260036468506,0.675567090511322,-0.006735039409250021,0.5112172365188599,0.6759719252586365,0.09532815217971802,0.5369471311569214,0.6886756420135498,-0.0054084546864032745,0.5274878740310669,0.6839861273765564,0.08481405675411224,0.5622010231018066,0.6914842128753662,-0.0183115191757679
0271,./images/142/frame_00271.jpg,Normal,0.5902308225631714,0.486811101436615,0.12519630789756775,0.5935516357421875,0.47898682951927185,0.12678644061088562,0.5933042764663696,0.47702544927597046,0.1267639398574829,0.593093752861023,0.47520437836647034,0.12673315405845642,0.5947087407112122,0.4810650646686554,0.1124173179268837,0.5951232314109802,0.48081958293914795,0.112376369535923,0.5955768823623657,0.4804615378379822,0.11230945587158203,0.5908029675483704,0.4653220772743225,0.13007332384586334,0.59419846534729,0.47314804792404175,0.06370293349027634,0.5865458250045776,0.4831622242927551,0.12664128839969635,0.5876473188400269,0.4854716956615448,0.1077585443854332,0.56291663646698,0.44950050115585327,0.1582118570804596,0.5814034938812256,0.48172861337661743,-0.0009869980858638883,0.5544547438621521,0.5042740106582642,0.20819969475269318,0.5852140188217163,0.5487775802612305,0.027043411508202553,0.5578155517578125,0.5383647680282593,0.22814834117889404,0.5861846208572388,0.5331830978393555,0.1420448124408722,0.5568686723709106,0.546751081943512,0.23852422833442688,0.5864976644515991,0.5302289128303528,0.15385030210018158,0.5590341091156006,0.543910026550293,0.23413601517677307,0.5846692323684692,0.5252285599708557,0.15159013867378235,0.5599712133407593,0.5418069362640381,0.2258308231830597,0.5835681557655334,0.5253409147262573,0.14521701633930206,0.5052564740180969,0.49791619181632996,0.052594494074583054,0.5170875191688538,0.5122058987617493,-0.05274736136198044,0.5207432508468628,0.5903707146644592,0.07883630692958832,0.5393655300140381,0.5997434258460999,-0.025576749816536903,0.517626166343689,0.6632919311523438,0.0874423235654831,0.5434104204177856,0.6769223809242249,-0.025145575404167175,0.5116251111030579,0.6722353100776672,0.08631319552659988,0.5374017357826233,0.6913508176803589,-0.025022277608513832,0.5289870500564575,0.6831108927726746,0.0749559998512268,0.5631906986236572,0.6920372843742371,-0.040485136210918427
0272,./images/142/frame_00272.jpg,Normal,0.5896486639976501,0.48832181096076965,0.12411806732416153,0.5932142734527588,0.48106321692466736,0.12512651085853577,0.593052327632904,0.47926563024520874,0.12510347366333008,0.5929197669029236,0.4771738648414612,0.12507334351539612,0.5942984819412231,0.48292800784111023,0.11110103130340576,0.59476238489151,0.48261764645576477,0.11105754226446152,0.5952720642089844,0.48217064142227173,0.11098935455083847,0.5907934308052063,0.466988742351532,0.12962064146995544,0.5940603017807007,0.47395384311676025,0.06285591423511505,0.5859724283218384,0.4850935935974121,0.12505796551704407,0.5870833396911621,0.48692038655281067,0.10738752037286758,0.5631622672080994,0.4495375454425812,0.15674573183059692,0.5814365148544312,0.4807355999946594,-0.002075084950774908,0.5538877248764038,0.5052613019943237,0.1951909214258194,0.584959864616394,0.547370433807373,0.01910468190908432,0.5546919107437134,0.5411685705184937,0.19966143369674683,0.5855955481529236,0.5332320928573608,0.13181211054325104,0.5518406629562378,0.5506274104118347,0.20689018070697784,0.5857041478157043,0.5309104323387146,0.1430356502532959,0.5540004372596741,0.5477830767631531,0.20216982066631317,0.5838367938995361,0.526033341884613,0.1412183940410614,0.555478572845459,0.545311450958252,0.19658900797367096,0.5828198194503784,0.5258133411407471,0.13506944477558136,0.5055645704269409,0.49785181879997253,0.05301588773727417,0.5174260139465332,0.5120906233787537,-0.05315343290567398,0.521725058555603,0.5894195437431335,0.07565101981163025,0.5394698977470398,0.5997660756111145,-0.029967721551656723,0.5170673131942749,0.6604266166687012,0.08028571307659149,0.5437310934066772,0.6770151257514954,-0.028487209230661392,0.511637806892395,0.672369658946991,0.07894338667392731,0.5381713509559631,0.6925339102745056,-0.02821214124560356,0.5289289355278015,0.6823925971984863,0.06736010313034058,0.5638831853866577,0.6923761367797852,-0.0434468612074852
0273,./images/142/frame_00273.jpg,Normal,0.5883606672286987,0.48852431774139404,0.12285469472408295,0.5920388698577881,0.4815433919429779,0.1250944584608078,0.5919625163078308,0.4797625243663788,0.12507018446922302,0.591793417930603,0.4777255654335022,0.1250389665365219,0.5930624008178711,0.48358047008514404,0.1103612557053566,0.5935932397842407,0.48337632417678833,0.11031927168369293,0.594196617603302,0.4830356538295746,0.11025136709213257,0.5903142094612122,0.4677998721599579,0.12949129939079285,0.5935275554656982,0.47488701343536377,0.06153763458132744,0.5846210718154907,0.48537009954452515,0.12456518411636353,0.5858582258224487,0.48726165294647217,0.10590881109237671,0.5631765127182007,0.4495096802711487,0.15577343106269836,0.5815742015838623,0.4808066189289093,-0.002889899304136634,0.5520452857017517,0.5037744045257568,0.19833946228027344,0.5847678184509277,0.5471749901771545,0.01991983689367771,0.5481932163238525,0.539962649345398,0.2156163454055786,0.5842649340629578,0.5345118045806885,0.136342853307724,0.5442613363265991,0.5499925017356873,0.2256721705198288,0.5841516256332397,0.5336987972259521,0.14828616380691528,0.5465363264083862,0.5475304126739502,0.22153732180595398,0.5824137926101685,0.5289161205291748,0.14512358605861664,0.5487456917762756,0.5449839234352112,0.21339742839336395,0.5815111994743347,0.5277836322784424,0.13954944908618927,0.5055831670761108,0.49786287546157837,0.05301371216773987,0.5177988409996033,0.5121132135391235,-0.05315285176038742,0.5216684937477112,0.5895015001296997,0.0733974277973175,0.5402428507804871,0.599993884563446,-0.02307039685547352,0.5169748067855835,0.6609927415847778,0.07656802237033844,0.5436346530914307,0.6770225167274475,-0.019273119047284126,0.5115923881530762,0.6734706163406372,0.07528435438871384,0.5391508936882019,0.6923259496688843,-0.01890719309449196,0.5284453630447388,0.6818045973777771,0.06458234041929245,0.5640777349472046,0.6923758387565613,-0.031699519604444504
0274,./images/142/frame_00274.jpg,Normal,0.587906002998352,0.4873569905757904,0.1323423683643341,0.5915420055389404,0.48078930377960205,0.13577285408973694,0.591474175453186,0.47911927103996277,0.13575014472007751,0.5913072824478149,0.47730696201324463,0.13571728765964508,0.5925477743148804,0.4830498695373535,0.12036260217428207,0.5930945873260498,0.4829646348953247,0.12032045423984528,0.5937240123748779,0.48274290561676025,0.1202428936958313,0.5900367498397827,0.4677235782146454,0.13887473940849304,0.5933883786201477,0.47495177388191223,0.06912487000226974,0.5842552781105042,0.48388147354125977,0.13421347737312317,0.5853860378265381,0.48602294921875,0.11397308111190796,0.5634890794754028,0.4489574730396271,0.16260391473770142,0.582342803478241,0.4792206287384033,0.002176831476390362,0.5515550971031189,0.4955276846885681,0.21671628952026367,0.5856078267097473,0.5427889823913574,0.02099664695560932,0.5482140779495239,0.5269317030906677,0.25117242336273193,0.5837989449501038,0.5346069931983948,0.13741017878055573,0.5446050763130188,0.5333121418952942,0.2643359899520874,0.5834066867828369,0.5406923890113831,0.14958731830120087,0.5470792055130005,0.5318895578384399,0.25948062539100647,0.5825852155685425,0.5356801152229309,0.1476627141237259,0.5497053861618042,0.5311249494552612,0.24914970993995667,0.5818415880203247,0.5336819887161255,0.1413479745388031,0.505702793598175,0.4976060092449188,0.05284876376390457,0.519080638885498,0.5109401345252991,-0.05298923701047897,0.51982581615448,0.5898095965385437,0.07151822745800018,0.5407558679580688,0.5973778367042542,-0.02365228161215782,0.5161747932434082,0.6619217991828918,0.0746544748544693,0.5456768274307251,0.6766713261604309,-0.0196791123598814,0.5109196305274963,0.6747835874557495,0.0733366310596466,0.540115237236023,0.6910597681999207,-0.019584234803915024,0.5274209976196289,0.6825393438339233,0.0625496357679367,0.565311074256897,0.691733181476593,-0.03210686519742012
0275,./images/142/frame_00275.jpg,Normal,0.5878371000289917,0.48777851462364197,0.11294490098953247,0.5915399193763733,0.48137691617012024,0.11564173549413681,0.5914877653121948,0.47962892055511475,0.11562486737966537,0.591356635093689,0.47760388255119324,0.1155935674905777,0.5924913287162781,0.48361173272132874,0.10038348287343979,0.5930330157279968,0.4834784269332886,0.10035093873739243,0.5936554670333862,0.4832104444503784,0.10028431564569473,0.5900657176971436,0.46791622042655945,0.12016627937555313,0.5933812856674194,0.4753042459487915,0.05088267847895622,0.5842456221580505,0.48409178853034973,0.11589034646749496,0.5853323340415955,0.4862586557865143,0.09560678899288177,0.5639244318008423,0.44918882846832275,0.14913707971572876,0.5823296308517456,0.4785687327384949,-0.012131629511713982,0.5563784241676331,0.4959585964679718,0.21354618668556213,0.5858726501464844,0.5425956845283508,0.008015467785298824,0.5632025003433228,0.524298906326294,0.25459572672843933,0.5846343636512756,0.5349804759025574,0.1217675432562828,0.5624343752861023,0.530652642250061,0.2698220908641815,0.5834556818008423,0.5393168926239014,0.13417141139507294,0.5647397637367249,0.52793288230896,0.26587459444999695,0.5824402570724487,0.5341786742210388,0.13330402970314026,0.5659558773040771,0.5270214080810547,0.2533842921257019,0.5819407105445862,0.5326051712036133,0.12568333745002747,0.50567227602005,0.4979616403579712,0.05327097699046135,0.5185744762420654,0.5104823708534241,-0.05339907482266426,0.5228431224822998,0.5894085168838501,0.0686301589012146,0.5414356589317322,0.595967710018158,-0.026171043515205383,0.5172125697135925,0.6615300178527832,0.07432582229375839,0.5457366704940796,0.6766637563705444,-0.027661656960844994,0.5109949707984924,0.6749555468559265,0.07342686504125595,0.5406440496444702,0.6909593939781189,-0.02757193148136139,0.5294071435928345,0.6826362609863281,0.06301646679639816,0.5652331113815308,0.6917310953140259,-0.04004153236746788
0276,./images/142/frame_00276.jpg,Normal,0.5878517031669617,0.4892151355743408,0.1078755110502243,0.5917170643806458,0.4828019142150879,0.11003147065639496,0.5916759371757507,0.48098674416542053,0.11000438779592514,0.5915940403938293,0.47896766662597656,0.10997645556926727,0.5926439166069031,0.484702467918396,0.09468869864940643,0.5931758880615234,0.484360009431839,0.09465299546718597,0.5937820076942444,0.4838871955871582,0.09458252042531967,0.5903334617614746,0.4684254825115204,0.1138184666633606,0.5935045480728149,0.47545355558395386,0.044226594269275665,0.5842860341072083,0.48521435260772705,0.11082272231578827,0.5853783488273621,0.48707306385040283,0.09046103805303574,0.5640912055969238,0.44961288571357727,0.14287392795085907,0.5823168158531189,0.4784010052680969,-0.01798059232532978,0.5557461977005005,0.49651530385017395,0.19721820950508118,0.586251974105835,0.5429262518882751,0.005207403562963009,0.5600486993789673,0.5244728326797485,0.2221604287624359,0.5846630334854126,0.5352197289466858,0.1211814433336258,0.5583383440971375,0.5311666131019592,0.2331475019454956,0.5835150480270386,0.5386310815811157,0.13312973082065582,0.5607826113700867,0.5277801752090454,0.22934047877788544,0.5822769403457642,0.5331197381019592,0.1310669630765915,0.5622499585151672,0.5266355872154236,0.22040140628814697,0.5817711353302002,0.531902015209198,0.12453236430883408,0.5056545734405518,0.4979887306690216,0.05406230688095093,0.517331600189209,0.5101181268692017,-0.054170768707990646,0.5256710052490234,0.5884865522384644,0.06708754599094391,0.5411020517349243,0.5956863760948181,-0.035638295114040375,0.5197290182113647,0.6592175364494324,0.07141676545143127,0.5454729795455933,0.6766437888145447,-0.04212328419089317,0.5135186910629272,0.66868656873703,0.07028205692768097,0.5403832197189331,0.6904370784759521,-0.042562030255794525,0.5329102277755737,0.6816889643669128,0.05834631994366646,0.5651983022689819,0.6916346549987793,-0.058626532554626465
0277,./images/142/frame_00277.jpg,Normal,0.5877758264541626,0.4903313219547272,0.10998900234699249,0.5916793346405029,0.4839118421077728,0.11242592334747314,0.591633677482605,0.481889009475708,0.11240004003047943,0.5915762186050415,0.47970080375671387,0.1123722568154335,0.592636227607727,0.486314982175827,0.09725257009267807,0.5931841135025024,0.4861304461956024,0.09721500426530838,0.5937978625297546,0.48580899834632874,0.09714706242084503,0.5903375148773193,0.46893590688705444,0.11584915965795517,0.5935239195823669,0.4772237539291382,0.047196462750434875,0.5841819047927856,0.4859893321990967,0.11275404691696167,0.585318922996521,0.48823580145835876,0.09266392886638641,0.5642131567001343,0.44960540533065796,0.1446022093296051,0.5823742151260376,0.47964149713516235,-0.015523502603173256,0.5535996556282043,0.49643418192863464,0.19971659779548645,0.5857748985290527,0.5470844507217407,0.007718521170318127,0.5495420098304749,0.525162398815155,0.22679272294044495,0.5846887826919556,0.5352181196212769,0.1388225257396698,0.545761227607727,0.5312383770942688,0.23990125954151154,0.5835604071617126,0.5369716882705688,0.15310022234916687,0.5478336811065674,0.5279746651649475,0.23627980053424835,0.5823447108268738,0.5311816930770874,0.150790274143219,0.5499536991119385,0.5270338654518127,0.22544236481189728,0.5818341970443726,0.5303467512130737,0.1423809826374054,0.5057588815689087,0.4979862570762634,0.05414121225476265,0.5178159475326538,0.510040819644928,-0.05426221340894699,0.5266188979148865,0.5848560929298401,0.07840381562709808,0.5435280799865723,0.5958130955696106,-0.0257467832416296,0.519614577293396,0.659273087978363,0.09547390043735504,0.5455620288848877,0.6766778826713562,-0.017884671688079834,0.5137577056884766,0.669033408164978,0.09597910940647125,0.5401210784912109,0.6903518438339233,-0.016510117799043655,0.5337649583816528,0.6812880635261536,0.08865755051374435,0.5652291774749756,0.6916026473045349,-0.02622419036924839
0278,./images/142/frame_00278.jpg,Normal,0.587832510471344,0.4898332357406616,0.11065540462732315,0.5917659997940063,0.4836074709892273,0.11284355819225311,0.5916982889175415,0.4815717041492462,0.11282098293304443,0.591625988483429,0.4792071580886841,0.11279352009296417,0.5927890539169312,0.48611733317375183,0.09805808961391449,0.5933588147163391,0.486004501581192,0.09801792353391647,0.593982458114624,0.4857695698738098,0.09794973582029343,0.5904607772827148,0.4686790406703949,0.11520656198263168,0.5939977169036865,0.4771314859390259,0.048457659780979156,0.5842790007591248,0.4850229024887085,0.11304835230112076,0.5855095386505127,0.487640380859375,0.09345250576734543,0.5642528533935547,0.4477795362472534,0.145875483751297,0.5828884840011597,0.47971877455711365,-0.014806164428591728,0.5535367727279663,0.49429479241371155,0.21662645041942596,0.5853395462036133,0.5488774180412292,0.016616135835647583,0.5500509738922119,0.5163472294807434,0.2719269394874573,0.5824640989303589,0.535120964050293,0.15294359624385834,0.5467172265052795,0.5206989049911499,0.29004260897636414,0.583694338798523,0.5337985754013062,0.16909253597259521,0.5488182306289673,0.517462432384491,0.2874114513397217,0.5824049711227417,0.5277159214019775,0.1680094599723816,0.5507441759109497,0.5170462727546692,0.2718696892261505,0.5818601846694946,0.5275125503540039,0.15730983018875122,0.5059688687324524,0.4973100423812866,0.054250527173280716,0.5180210471153259,0.5076770186424255,-0.0543784499168396,0.5261577367782593,0.583229124546051,0.07183728367090225,0.5439704656600952,0.5935777425765991,-0.025798430666327477,0.5194982290267944,0.6593232750892639,0.07787073403596878,0.5465176105499268,0.676645040512085,-0.019471194595098495,0.5136225819587708,0.6697129011154175,0.07721339911222458,0.5413413047790527,0.6897878050804138,-0.0186519343405962,0.5330595374107361,0.684295117855072,0.06992287933826447,0.5652796030044556,0.6912356019020081,-0.029606202617287636
0279,./images/142/frame_00279.jpg,Normal,0.588030219078064,0.4881858825683594,0.14878471195697784,0.5918291807174683,0.4812560975551605,0.15289857983589172,0.5917075872421265,0.4791726768016815,0.15288034081459045,0.591643214225769,0.4768470823764801,0.15285539627075195,0.5930866003036499,0.48417654633522034,0.13763728737831116,0.5936855673789978,0.4837327003479004,0.13759315013885498,0.5943295359611511,0.4835130572319031,0.1375187188386917,0.5902776122093201,0.46733155846595764,0.15570586919784546,0.5941749215126038,0.47621023654937744,0.08678577840328217,0.5843805074691772,0.4829218089580536,0.15048591792583466,0.5858136415481567,0.48594725131988525,0.1303521692752838,0.5630184412002563,0.44723981618881226,0.17537669837474823,0.5843750238418579,0.4797714352607727,0.014243049547076225,0.5477688908576965,0.49581828713417053,0.21322329342365265,0.5856889486312866,0.5474432706832886,0.04111073166131973,0.5382305383682251,0.5183493494987488,0.22155165672302246,0.5823514461517334,0.5357006788253784,0.1711769551038742,0.5327160358428955,0.5224244594573975,0.22868022322654724,0.5849125981330872,0.5357056260108948,0.18524229526519775,0.5351461172103882,0.5205410718917847,0.22657282650470734,0.5830485820770264,0.5303045511245728,0.18507355451583862,0.5380979776382446,0.519602358341217,0.2193557322025299,0.5822991132736206,0.5289258360862732,0.17543698847293854,0.5060176253318787,0.49688321352005005,0.05489600822329521,0.5203872919082642,0.5077330470085144,-0.05505235865712166,0.5261124968528748,0.5823323130607605,0.0710640475153923,0.5439962148666382,0.5939006209373474,-0.03178159147500992,0.5183987617492676,0.6580469608306885,0.06968535482883453,0.5467430353164673,0.6762722730636597,-0.020447978749871254,0.5116347670555115,0.6695908904075623,0.06736985594034195,0.5417490601539612,0.6890507340431213,-0.019814008846879005,0.5313451886177063,0.6838681697845459,0.055795472115278244,0.5653945207595825,0.6911652088165283,-0.0313945896923542
0280,./images/142/frame_00280.jpg,Normal,0.5887202024459839,0.4842872619628906,0.14057166874408722,0.5922340154647827,0.4772914946079254,0.14286132156848907,0.5919594764709473,0.47501999139785767,0.1428440362215042,0.5917750000953674,0.47262173891067505,0.14281943440437317,0.5938315391540527,0.480869323015213,0.12855474650859833,0.5945953130722046,0.48084819316864014,0.1285138875246048,0.5952264070510864,0.48098164796829224,0.12843680381774902,0.590302050113678,0.4642210304737091,0.14240454137325287,0.5947051644325256,0.4745416045188904,0.07751251012086868,0.5850593447685242,0.4800424873828888,0.1412743777036667,0.5868979692459106,0.48404616117477417,0.12241838127374649,0.5630413889884949,0.4456271231174469,0.16619084775447845,0.5853801369667053,0.4819469153881073,0.007691340055316687,0.5481727719306946,0.48918622732162476,0.21877828240394592,0.5856868624687195,0.5492305755615234,0.04246010631322861,0.5423784852027893,0.5170959234237671,0.25482964515686035,0.5824431777000427,0.5361108779907227,0.1775500625371933,0.5382719039916992,0.5228911638259888,0.26783299446105957,0.5830186605453491,0.5360087752342224,0.1934025138616562,0.5407776832580566,0.5209634304046631,0.2648445665836334,0.5824553370475769,0.530171275138855,0.1924227774143219,0.5431403517723083,0.5198997855186462,0.2535730302333832,0.5821565985679626,0.5290062427520752,0.18181297183036804,0.5060220956802368,0.4962084889411926,0.054863281548023224,0.520907461643219,0.5080690383911133,-0.05502522736787796,0.5224889516830444,0.5822229385375977,0.07890792191028595,0.5436764359474182,0.5941694974899292,-0.018679358065128326,0.5178012847900391,0.6522021293640137,0.07942508161067963,0.5465997457504272,0.6733805537223816,-0.0032987080048769712,0.5123974084854126,0.6682347059249878,0.07743673771619797,0.5417081117630005,0.6852196455001831,-0.001650641905143857,0.5296443104743958,0.6749916672706604,0.070450559258461,0.5653380155563354,0.6895550489425659,-0.009814759716391563
0281,./images/142/frame_00281.jpg,Normal,0.5893622636795044,0.4816736876964569,0.1362997442483902,0.5925582647323608,0.47458285093307495,0.13822485506534576,0.5921992659568787,0.47222480177879333,0.1382066011428833,0.5919098854064941,0.4695775806903839,0.13817937672138214,0.5942385792732239,0.4779606759548187,0.12393273413181305,0.5950148105621338,0.4779096245765686,0.12389172613620758,0.5956259965896606,0.4779757559299469,0.12381134927272797,0.5903056859970093,0.46106207370758057,0.13731509447097778,0.5950588583946228,0.4720456004142761,0.07226037234067917,0.5857296586036682,0.47711536288261414,0.13672664761543274,0.5876280069351196,0.48121801018714905,0.11788342148065567,0.5629473924636841,0.4442083537578583,0.16255536675453186,0.5857701897621155,0.4814542233943939,0.0035656567197293043,0.5478394031524658,0.4845179319381714,0.22104720771312714,0.5856767296791077,0.5472941398620605,0.0352821983397007,0.5438969731330872,0.5120605826377869,0.2640005350112915,0.5824209451675415,0.536213755607605,0.16529741883277893,0.5402058362960815,0.5181024670600891,0.27930548787117004,0.5824946761131287,0.5361688137054443,0.18063297867774963,0.5428953766822815,0.5163222551345825,0.27574604749679565,0.5822967290878296,0.5300949215888977,0.1801413595676422,0.5451310276985168,0.5153069496154785,0.2629028856754303,0.5820799469947815,0.5290637016296387,0.16964925825595856,0.5061568021774292,0.4952327311038971,0.05500350520014763,0.5208597779273987,0.5069437623023987,-0.055175554007291794,0.5250788927078247,0.5818818211555481,0.07046815752983093,0.5436822175979614,0.5940455794334412,-0.025235841050744057,0.5179373025894165,0.6527258157730103,0.06311504542827606,0.5474013686180115,0.6706199049949646,-0.014347979798913002,0.5135329961776733,0.6682191491127014,0.060443997383117676,0.5423909425735474,0.6824361085891724,-0.013089112937450409,0.5296036005020142,0.6755024194717407,0.05079115182161331,0.5652977228164673,0.688368022441864,-0.01679975725710392
0282,./images/142/frame_00282.jpg,Normal,0.5893513560295105,0.48197227716445923,0.13305585086345673,0.5925136208534241,0.47474297881126404,0.1351516991853714,0.592166006565094,0.4724542498588562,0.13513284921646118,0.5918912291526794,0.4698846936225891,0.1351051926612854,0.5941714644432068,0.4782842993736267,0.12069220840930939,0.5949401259422302,0.4782960116863251,0.12065243721008301,0.595565915107727,0.47838279604911804,0.12057559192180634,0.5903397798538208,0.46153467893600464,0.13524311780929565,0.5950413942337036,0.4720262289047241,0.0696457102894783,0.5856927633285522,0.4775291979312897,0.13403105735778809,0.587584912776947,0.48165884613990784,0.11498656123876572,0.5629593133926392,0.4444444477558136,0.16183237731456757,0.5855634212493896,0.4798150360584259,0.002019129926338792,0.5496460795402527,0.48832961916923523,0.21288399398326874,0.5857061743736267,0.5475775599479675,0.03309561312198639,0.5450134873390198,0.5212432146072388,0.24318711459636688,0.5825175046920776,0.534492552280426,0.16385415196418762,0.5416988134384155,0.5286670327186584,0.25584715604782104,0.584270179271698,0.5329456925392151,0.17964915931224823,0.5438908934593201,0.5264146327972412,0.2542349100112915,0.5828715562820435,0.527065634727478,0.1782660186290741,0.5456928014755249,0.5247402787208557,0.24230988323688507,0.5822567343711853,0.5268697142601013,0.16799341142177582,0.5065722465515137,0.49504905939102173,0.05491245910525322,0.5209177732467651,0.5067683458328247,-0.05507994443178177,0.525296688079834,0.5839618444442749,0.06731689721345901,0.5427585244178772,0.594096839427948,-0.0414230078458786,0.5183578729629517,0.6537051796913147,0.06321214139461517,0.5472253561019897,0.6694402694702148,-0.04894480109214783,0.5148652791976929,0.669109582901001,0.06098014861345291,0.542113184928894,0.6816655397415161,-0.049601756036281586,0.5302361249923706,0.676188051700592,0.0514247827231884,0.5643185973167419,0.6880163550376892,-0.06309635192155838
0283,./images/142/frame_00283.jpg,Normal,0.5904654264450073,0.4825029969215393,0.11527185142040253,0.5937343239784241,0.4753183126449585,0.11857912689447403,0.5935248136520386,0.4731128215789795,0.11854555457830429,0.5933831930160522,0.4705813527107239,0.11850954592227936,0.5950168371200562,0.47811180353164673,0.10293499380350113,0.5956910252571106,0.4777040183544159,0.10289347171783447,0.5961976647377014,0.4773302376270294,0.10281858593225479,0.5917264223098755,0.4617498219013214,0.12353406846523285,0.5953409075737,0.4692395031452179,0.052647024393081665,0.5871024131774902,0.47809678316116333,0.11824140697717667,0.5886291861534119,0.4816068112850189,0.0975227877497673,0.5644466876983643,0.44515877962112427,0.15172061324119568,0.5854908227920532,0.4742075502872467,-0.012513808906078339,0.5513430833816528,0.495466411113739,0.18997709453105927,0.5867303609848022,0.5439358949661255,0.014813248999416828,0.5454335808753967,0.5319349765777588,0.19679823517799377,0.5833595991134644,0.5338338613510132,0.13997602462768555,0.5423283576965332,0.5416104197502136,0.20600593090057373,0.5858227610588074,0.5328267216682434,0.15363889932632446,0.5444668531417847,0.5388216376304626,0.20206749439239502,0.5838533043861389,0.5270910263061523,0.15166781842708588,0.5463892221450806,0.5360499620437622,0.1943078339099884,0.5830797553062439,0.5267793536186218,0.14354468882083893,0.5076772570610046,0.4944259524345398,0.05517018586397171,0.5208338499069214,0.5052885413169861,-0.055322159081697464,0.5313088297843933,0.5826855301856995,0.07134087383747101,0.5424782633781433,0.5936793684959412,-0.04180353507399559,0.5200536847114563,0.6541590094566345,0.07494286447763443,0.5471214652061462,0.6697120666503906,-0.041291493922472,0.5147596597671509,0.6690745949745178,0.0737147405743599,0.5412322878837585,0.6820849776268005,-0.04100226238369942,0.5324522256851196,0.6765483617782593,0.06355752050876617,0.5637731552124023,0.688019871711731,-0.05427681654691696
0284,./images/142/frame_00284.jpg,Normal,0.5909222960472107,0.4794149696826935,0.1137043833732605,0.5942059755325317,0.47322145104408264,0.11745387315750122,0.5940850377082825,0.4713168740272522,0.1174163669347763,0.5940040946006775,0.46933406591415405,0.11737402528524399,0.5952945947647095,0.47428250312805176,0.10145294666290283,0.5958714485168457,0.4734172821044922,0.10141290724277496,0.5963517427444458,0.47253015637397766,0.10133779048919678,0.5923713445663452,0.4586758613586426,0.12290556728839874,0.5955401659011841,0.46392643451690674,0.050359390676021576,0.5874694585800171,0.4757644236087799,0.11670362949371338,0.5887751579284668,0.4775455594062805,0.09549161791801453,0.564456582069397,0.44473037123680115,0.14914555847644806,0.5854077339172363,0.46927008032798767,-0.017477987334132195,0.5516108274459839,0.5008055567741394,0.1761026829481125,0.5867019295692444,0.5398949980735779,-0.0034212968312203884,0.5458359122276306,0.5378298163414001,0.16651859879493713,0.5833709239959717,0.5347277522087097,0.10354356467723846,0.5420553684234619,0.5478061437606812,0.1721028983592987,0.5845369100570679,0.5340960025787354,0.11270199716091156,0.5438910722732544,0.544292688369751,0.1673661470413208,0.5835748910903931,0.5312941670417786,0.11232851445674896,0.5462977886199951,0.5416301488876343,0.16302475333213806,0.5829501152038574,0.5316691398620605,0.10688885301351547,0.5081349611282349,0.494173526763916,0.055158596485853195,0.5206906199455261,0.5045751929283142,-0.05530330538749695,0.530371904373169,0.5886686444282532,0.07124195992946625,0.540005087852478,0.5930822491645813,-0.038651514798402786,0.5200728178024292,0.6547577977180481,0.07862258702516556,0.5470440983772278,0.6696172952651978,-0.030794089660048485,0.5144394636154175,0.6710999608039856,0.07812199741601944,0.5411986112594604,0.682124674320221,-0.029694069176912308,0.5323854088783264,0.6767549514770508,0.06494538486003876,0.5639234185218811,0.6877325773239136,-0.053651630878448486
0285,./images/142/frame_00285.jpg,Normal,0.5914096236228943,0.473590224981308,0.14959987998008728,0.5945793390274048,0.46681272983551025,0.1527475267648697,0.5943389534950256,0.46505776047706604,0.15272487699985504,0.5941438674926758,0.46320122480392456,0.15269054472446442,0.5959495902061462,0.4678648114204407,0.1377696841955185,0.5965511798858643,0.46710237860679626,0.13772544264793396,0.5970951914787292,0.46633410453796387,0.13764545321464539,0.5923598408699036,0.453376442193985,0.15255439281463623,0.5961021184921265,0.4597375690937042,0.08483372628688812,0.5876008868217468,0.4703423082828522,0.1501694917678833,0.5891284942626953,0.47228753566741943,0.13036248087882996,0.5644389986991882,0.4419177174568176,0.17112885415554047,0.5861762166023254,0.4672755300998688,0.009562532417476177,0.5520195960998535,0.5014094710350037,0.18785600364208221,0.5888281464576721,0.5385245084762573,0.02576466277241707,0.5460798144340515,0.5391085147857666,0.1955394446849823,0.5843090415000916,0.5409274101257324,0.1373463124036789,0.5421379804611206,0.548237681388855,0.20252113044261932,0.5844401121139526,0.5437280535697937,0.1463763415813446,0.5440834760665894,0.545828104019165,0.19923606514930725,0.5834811329841614,0.5382962822914124,0.1493847519159317,0.5464548468589783,0.5433586239814758,0.19276435673236847,0.5829443335533142,0.5388232469558716,0.14160777628421783,0.5082401037216187,0.49310386180877686,0.054975081235170364,0.5214451551437378,0.5040690302848816,-0.05511073023080826,0.5301509499549866,0.5872392058372498,0.05321460962295532,0.5397881865501404,0.593172013759613,-0.044759951531887054,0.5198908448219299,0.6603718400001526,0.039825472980737686,0.54449462890625,0.6698590517044067,-0.04471128433942795,0.5136449337005615,0.673704981803894,0.0361204668879509,0.5411625504493713,0.6821736097335815,-0.04522370174527168,0.531937301158905,0.6776244044303894,0.018612783402204514,0.5638638734817505,0.6877922415733337,-0.06596080958843231
0286,./images/142/frame_00286.jpg,Normal,0.5913602113723755,0.46720534563064575,0.14445331692695618,0.5945706367492676,0.4605608284473419,0.14488628506660461,0.5943368077278137,0.4586489796638489,0.1448478400707245,0.5941423773765564,0.4565827250480652,0.1448255181312561,0.5959027409553528,0.4618549644947052,0.1356869339942932,0.5964904427528381,0.46110185980796814,0.13567841053009033,0.5970324873924255,0.4603439271450043,0.13569292426109314,0.5923060178756714,0.4457705318927765,0.14342281222343445,0.5960662961006165,0.4536236524581909,0.0748538076877594,0.587536633014679,0.4643629789352417,0.14295321702957153,0.5890496969223022,0.4660976827144623,0.1278650015592575,0.564662516117096,0.43843531608581543,0.16613417863845825,0.5861350297927856,0.4631788432598114,-0.002029619412496686,0.5548768639564514,0.5008992552757263,0.1914111077785492,0.5899412631988525,0.5235698223114014,0.0032068402506411076,0.5560464859008789,0.545288622379303,0.20733344554901123,0.5876498818397522,0.547119140625,0.10900223255157471,0.5547269582748413,0.5547177791595459,0.21719472110271454,0.5866439938545227,0.550700306892395,0.11825777590274811,0.556694507598877,0.5538366436958313,0.21220794320106506,0.586150050163269,0.549011766910553,0.1233268529176712,0.5581369400024414,0.5517916083335876,0.2043227255344391,0.5854289531707764,0.5464573502540588,0.11475996673107147,0.5104305744171143,0.49027693271636963,0.05439724400639534,0.5221979022026062,0.5017439126968384,-0.05447716265916824,0.5301151275634766,0.5875566005706787,0.05262654274702072,0.5397437810897827,0.5898734927177429,-0.04680824652314186,0.5223039388656616,0.6610413193702698,0.036450114101171494,0.537943959236145,0.6686792969703674,-0.06693540513515472,0.5168161988258362,0.6736295223236084,0.03263099491596222,0.5313577055931091,0.6811438798904419,-0.06998121738433838,0.5395123958587646,0.6763756275177002,0.014766314998269081,0.5614221692085266,0.6873250603675842,-0.09578535705804825
0287,./images/142/frame_00287.jpg,Normal,0.5926666855812073,0.46103909611701965,0.1712864339351654,0.595339834690094,0.45435014367103577,0.1767214685678482,0.5949387550354004,0.452531099319458,0.17671391367912292,0.5945786237716675,0.4505440890789032,0.17668761312961578,0.5968121886253357,0.4553878903388977,0.15947754681110382,0.5973307490348816,0.4545663297176361,0.15943153202533722,0.5978285074234009,0.453734815120697,0.15934684872627258,0.5922664403915405,0.44022712111473083,0.18224170804023743,0.5962392091751099,0.4470771253108978,0.10279464721679688,0.5885487198829651,0.4585320055484772,0.17336180806159973,0.5901962518692017,0.4599979817867279,0.15042492747306824,0.5645455121994019,0.43611785769462585,0.20042471587657928,0.5870465636253357,0.4561026990413666,0.018901966512203217,0.5549487471580505,0.5005413293838501,0.2252689152956009,0.5912460088729858,0.519284725189209,0.010388685390353203,0.5559027194976807,0.5481066703796387,0.22189092636108398,0.5885411500930786,0.5494576692581177,0.11527253687381744,0.5540934801101685,0.5569441318511963,0.228933185338974,0.5874521136283875,0.5562875270843506,0.12212657928466797,0.5560866594314575,0.5568321943283081,0.22253771126270294,0.5875462293624878,0.5555755496025085,0.12859641015529633,0.5579462051391602,0.5547818541526794,0.217315673828125,0.586727499961853,0.5515903830528259,0.12117411196231842,0.5115740895271301,0.48934948444366455,0.05553259328007698,0.5257258415222168,0.49901261925697327,-0.05555807426571846,0.5310758352279663,0.5899780988693237,0.04460757225751877,0.5393869876861572,0.5933290123939514,-0.04958539456129074,0.524553120136261,0.665781557559967,0.02807527780532837,0.5394449830055237,0.6733548641204834,-0.06597991287708282,0.5179906487464905,0.6758910417556763,0.023807724937796593,0.5330808162689209,0.6864974498748779,-0.06906863301992416,0.5436259508132935,0.6785542964935303,0.0015187106328085065,0.5613621473312378,0.6881245970726013,-0.10033248364925385
0288,./images/142/frame_00288.jpg,Normal,0.5930742025375366,0.45193901658058167,0.1849997490644455,0.5954762101173401,0.4458255469799042,0.1903858482837677,0.5949576497077942,0.4441421926021576,0.19038785994052887,0.5945253372192383,0.44223958253860474,0.1903683841228485,0.597262978553772,0.4468695819377899,0.1731448471546173,0.5978580713272095,0.44623035192489624,0.17309069633483887,0.5984466671943665,0.44558125734329224,0.17300334572792053,0.5919111967086792,0.43321630358695984,0.19412484765052795,0.5966004729270935,0.4409005343914032,0.11647377908229828,0.5888201594352722,0.45051395893096924,0.18665693700313568,0.5906874537467957,0.45217275619506836,0.1639370620250702,0.5640875697135925,0.43212205171585083,0.212058424949646,0.5884535908699036,0.4499615430831909,0.030353868380188942,0.5550751686096191,0.5002706050872803,0.23295092582702637,0.5918828248977661,0.5170479416847229,0.02109345607459545,0.5577947497367859,0.5471116900444031,0.23004552721977234,0.5900087356567383,0.5546485185623169,0.11048845946788788,0.5565859079360962,0.5539016127586365,0.23788312077522278,0.5904850363731384,0.5601505041122437,0.11462835222482681,0.5589883327484131,0.5538020133972168,0.2328985035419464,0.5903784036636353,0.560059130191803,0.12408465147018433,0.5610749125480652,0.5528760552406311,0.2261497974395752,0.5890528559684753,0.5560634136199951,0.11702720075845718,0.5112152695655823,0.489554762840271,0.057348210364580154,0.5270344018936157,0.49892187118530273,-0.057360582053661346,0.5304521322250366,0.5896163582801819,0.058421581983566284,0.5405256748199463,0.5962921380996704,-0.04616503044962883,0.5237252116203308,0.6661404967308044,0.02925252355635166,0.5434241890907288,0.6744540929794312,-0.05459289997816086,0.5174955725669861,0.6760386824607849,0.029519807547330856,0.5340986251831055,0.6911677718162537,-0.05686982348561287,0.5421608686447144,0.6784114241600037,0.022876014932990074,0.5624369382858276,0.6890133023262024,-0.08419361710548401
0289,./images/142/frame_00289.jpg,Normal,0.5937670469284058,0.44682756066322327,0.19841532409191132,0.5956689119338989,0.43986132740974426,0.20594242215156555,0.5950172543525696,0.4381423890590668,0.20594990253448486,0.5944899320602417,0.43622928857803345,0.2059268206357956,0.5976812839508057,0.44077765941619873,0.18752610683441162,0.5982982516288757,0.43996888399124146,0.18746979534626007,0.5989114046096802,0.43917959928512573,0.18738475441932678,0.5914374589920044,0.42738744616508484,0.2170298844575882,0.5966727137565613,0.4341106116771698,0.13410350680351257,0.5893437266349792,0.4458438456058502,0.20238249003887177,0.5915526747703552,0.4472294747829437,0.1780775487422943,0.563797116279602,0.4297308921813965,0.23423214256763458,0.5896115899085999,0.4457586407661438,0.04604470357298851,0.556814968585968,0.49963924288749695,0.2574217915534973,0.5926545262336731,0.5125007033348083,0.02040010318160057,0.5666831731796265,0.5460060834884644,0.2592601478099823,0.5930649638175964,0.5559226274490356,0.07109798491001129,0.567776083946228,0.551708459854126,0.2682315409183502,0.5932189226150513,0.5621080994606018,0.06915940344333649,0.5710588693618774,0.5515134334564209,0.26180899143218994,0.5933169722557068,0.561852753162384,0.08166524767875671,0.5727038979530334,0.5511573553085327,0.25490719079971313,0.5928367376327515,0.5608959794044495,0.07798776030540466,0.5116369128227234,0.48973190784454346,0.057499535381793976,0.5301073789596558,0.4971005618572235,-0.05748606473207474,0.5301088690757751,0.587251603603363,0.05460817366838455,0.5463343262672424,0.5931535363197327,-0.04573426768183708,0.5232580900192261,0.6660298109054565,0.04410616680979729,0.5464538335800171,0.6761580109596252,-0.055806636810302734,0.5171344876289368,0.6777585744857788,0.04232446476817131,0.542898952960968,0.6946585774421692,-0.059393636882305145,0.5434909462928772,0.6798846125602722,0.025389980524778366,0.5680249929428101,0.6894686222076416,-0.09034077078104019
0290,./images/142/frame_00290.jpg,Normal,0.5941482782363892,0.44072943925857544,0.2022669017314911,0.5957883596420288,0.43292003870010376,0.21039128303527832,0.59505695104599,0.43136975169181824,0.21039552986621857,0.5944615602493286,0.429574191570282,0.21037456393241882,0.597771406173706,0.43370163440704346,0.19155707955360413,0.5983153581619263,0.4328708350658417,0.19150003790855408,0.5988664031028748,0.4320733845233917,0.19141153991222382,0.5907742977142334,0.421378493309021,0.2233281135559082,0.5966397523880005,0.4278967082500458,0.13841205835342407,0.589728593826294,0.4410085082054138,0.2069215327501297,0.5918083786964417,0.44233736395835876,0.1820538192987442,0.5633142590522766,0.42777159810066223,0.23730266094207764,0.5894802808761597,0.4404233396053314,0.05007646232843399,0.5570415258407593,0.49955660104751587,0.2483251541852951,0.5946008563041687,0.5097315907478333,0.00592000363394618,0.5677808523178101,0.5483553409576416,0.24526016414165497,0.597347617149353,0.5594572424888611,0.029928728938102722,0.5690587759017944,0.5526244640350342,0.26788976788520813,0.6005147695541382,0.5696275234222412,0.023930370807647705,0.5723498463630676,0.5531095862388611,0.2494848072528839,0.5978144407272339,0.5661336183547974,0.038944751024246216,0.5740014314651489,0.5534510612487793,0.24573032557964325,0.5970810651779175,0.5656942129135132,0.037098757922649384,0.5118851065635681,0.4898039996623993,0.05740770697593689,0.5315085649490356,0.4966016113758087,-0.057392217218875885,0.5271015763282776,0.5915086269378662,0.05414731428027153,0.5481799840927124,0.5921944379806519,-0.04462113976478577,0.5231740474700928,0.6669036149978638,0.04441327974200249,0.5531036853790283,0.6789554357528687,-0.06081806495785713,0.5172208547592163,0.6779466271400452,0.041428301483392715,0.5471588373184204,0.6972623467445374,-0.06576094031333923,0.5439158082008362,0.6807878017425537,0.01985936239361763,0.5714464783668518,0.6891157031059265,-0.10043344646692276
0291,./images/142/frame_00291.jpg,Normal,0.5940102338790894,0.4370642900466919,0.18675048649311066,0.5957590341567993,0.42943504452705383,0.19424158334732056,0.5950576663017273,0.42805418372154236,0.19424095749855042,0.5944623947143555,0.42641928791999817,0.19422206282615662,0.5976828932762146,0.42970627546310425,0.17564760148525238,0.5982989072799683,0.42869359254837036,0.175588920712471,0.5987337827682495,0.42762836813926697,0.17549322545528412,0.5904754400253296,0.4181084632873535,0.20704765617847443,0.596096932888031,0.4225905239582062,0.12351107597351074,0.5897053480148315,0.4378065764904022,0.1915093958377838,0.5916084051132202,0.43865859508514404,0.1670844852924347,0.5633077621459961,0.42599257826805115,0.2268468588590622,0.588760495185852,0.43526971340179443,0.03812733665108681,0.5594445466995239,0.4970395267009735,0.24260151386260986,0.5947940945625305,0.5032272934913635,0.009155714884400368,0.5699892640113831,0.5467751622200012,0.24276545643806458,0.5976862907409668,0.5581681728363037,0.07677849382162094,0.5709368586540222,0.5518234968185425,0.2609478831291199,0.6007565259933472,0.5640838146209717,0.0779033750295639,0.573436975479126,0.5518404245376587,0.23990115523338318,0.5985866785049438,0.5604435205459595,0.08857022225856781,0.5751515030860901,0.5516862869262695,0.24024124443531036,0.5970341563224792,0.5600257515907288,0.0834374949336052,0.5132178664207458,0.49012863636016846,0.05741780996322632,0.5314968824386597,0.4962256848812103,-0.057381581515073776,0.5274618268013,0.5938965678215027,0.04037594050168991,0.5481650233268738,0.5920529961585999,-0.05105670168995857,0.5266802310943604,0.6676622033119202,0.02563408948481083,0.5531616806983948,0.6821030378341675,-0.0810515433549881,0.5212326645851135,0.6806021332740784,0.02182704582810402,0.5463643074035645,0.7003259658813477,-0.08666522800922394,0.548388659954071,0.6831187009811401,-0.0006196938338689506,0.5722367167472839,0.6891370415687561,-0.12113060802221298
0292,./images/142/frame_00292.jpg,Normal,0.5938664078712463,0.4310314655303955,0.1978856325149536,0.5957245230674744,0.42362159490585327,0.20505602657794952,0.5950513482093811,0.4222157895565033,0.20505452156066895,0.5944196581840515,0.42054206132888794,0.20503516495227814,0.5976186394691467,0.42399296164512634,0.1868380755186081,0.5982483625411987,0.42299631237983704,0.18677440285682678,0.5987046360969543,0.4219481945037842,0.18667936325073242,0.5900325775146484,0.4118116497993469,0.21315297484397888,0.5959922075271606,0.41650232672691345,0.131394162774086,0.5896225571632385,0.4313003122806549,0.20092228055000305,0.5914960503578186,0.4321041405200958,0.1769123375415802,0.5616326928138733,0.41929924488067627,0.2279345691204071,0.5886571407318115,0.4273284375667572,0.0432976670563221,0.560756504535675,0.489419162273407,0.2420886754989624,0.5957276821136475,0.494650661945343,0.012486973777413368,0.5723150968551636,0.5419570207595825,0.24098379909992218,0.5995835065841675,0.5518911480903625,0.07610423862934113,0.5734611749649048,0.5459316372871399,0.2513086795806885,0.6031533479690552,0.5586800575256348,0.07469142973423004,0.5760355591773987,0.5464100241661072,0.2344515323638916,0.6003053188323975,0.5591475963592529,0.08738388121128082,0.5777469873428345,0.5467901825904846,0.23445837199687958,0.5984711647033691,0.5567556619644165,0.08326210081577301,0.5128110647201538,0.4901714026927948,0.05746683478355408,0.5319214463233948,0.49246665835380554,-0.05744316056370735,0.5264030694961548,0.5910745859146118,0.06839652359485626,0.5516386032104492,0.5884438157081604,-0.02802150882780552,0.5210022330284119,0.6685532927513123,0.07363549619913101,0.5517429709434509,0.681763768196106,-0.03779476881027222,0.5183265805244446,0.682227373123169,0.07258857041597366,0.5460309982299805,0.6985066533088684,-0.04126691818237305,0.5463224649429321,0.6829187870025635,0.05414412170648575,0.5710225105285645,0.6891385912895203,-0.07111561298370361
0293,./images/142/frame_00293.jpg,Normal,0.5938064455986023,0.420318603515625,0.20025169849395752,0.5954469442367554,0.4125792980194092,0.20627394318580627,0.5946088433265686,0.41105538606643677,0.20627880096435547,0.5937503576278687,0.4092773497104645,0.2062700092792511,0.5974744558334351,0.4136347472667694,0.18767176568508148,0.5980624556541443,0.4130077064037323,0.1876024603843689,0.5984822511672974,0.4123542010784149,0.1875108778476715,0.5887659192085266,0.40217629075050354,0.2107149362564087,0.5956765413284302,0.4082293212413788,0.12714248895645142,0.5892828106880188,0.4212847054004669,0.202245831489563,0.5914340019226074,0.42262396216392517,0.177630215883255,0.5605871081352234,0.4120972156524658,0.22686484456062317,0.5885540246963501,0.42117246985435486,0.03895578160881996,0.5612012147903442,0.48270565271377563,0.24615804851055145,0.5976765751838684,0.4858272671699524,0.013406713493168354,0.572415292263031,0.5378701686859131,0.2391459196805954,0.6044677495956421,0.5387165546417236,0.08191922307014465,0.5734463334083557,0.5427128076553345,0.2491971254348755,0.6067046523094177,0.546884298324585,0.0827341303229332,0.5756402611732483,0.5434902906417847,0.23914670944213867,0.6043744683265686,0.5475826263427734,0.09524711966514587,0.5771886110305786,0.5434392094612122,0.23395566642284393,0.6028090715408325,0.5446240901947021,0.08945835381746292,0.5125274062156677,0.49007779359817505,0.058418530970811844,0.5327061414718628,0.4911995828151703,-0.05843926593661308,0.5259165167808533,0.5877496004104614,0.08414985984563828,0.5535809993743896,0.5865235924720764,-0.020821865648031235,0.5203648209571838,0.6681431531906128,0.06744498014450073,0.5493782758712769,0.6812454462051392,-0.043951861560344696,0.5167463421821594,0.6817231178283691,0.06476086378097534,0.545009970664978,0.6968086957931519,-0.05079386383295059,0.5439544916152954,0.6823253631591797,0.04772258922457695,0.5688940286636353,0.6896233558654785,-0.07859230786561966
0294,./images/142/frame_00294.jpg,Normal,0.5937538146972656,0.4156826138496399,0.2039000242948532,0.5952330827713013,0.4074088931083679,0.20883169770240784,0.594246506690979,0.40595105290412903,0.20884115993976593,0.5932121276855469,0.40421777963638306,0.20883813500404358,0.5974115133285522,0.40816134214401245,0.1915152668952942,0.5979616045951843,0.4074088931083679,0.1914491355419159,0.5983439087867737,0.40664947032928467,0.19136479496955872,0.5879942178726196,0.3977341651916504,0.20953813195228577,0.5953278541564941,0.40268394351005554,0.13105569779872894,0.5892704725265503,0.41779589653015137,0.2045888900756836,0.5913450121879578,0.4186079800128937,0.18152619898319244,0.5591464638710022,0.4100063443183899,0.22181661427021027,0.5890539884567261,0.41572317481040955,0.04685388132929802,0.5610334873199463,0.4791056215763092,0.24086149036884308,0.6064687967300415,0.47408896684646606,0.023162206634879112,0.5695587992668152,0.5302264094352722,0.23693791031837463,0.6064289212226868,0.5249159336090088,0.08543846011161804,0.569882333278656,0.535112202167511,0.2464125156402588,0.6070950627326965,0.5286445021629333,0.08789201080799103,0.5725764036178589,0.5354205369949341,0.23820944130420685,0.6049942970275879,0.5280338525772095,0.09938178211450577,0.5740281343460083,0.5365500450134277,0.23224811255931854,0.6041705012321472,0.528160035610199,0.09026609361171722,0.5127658247947693,0.4898194968700409,0.057970963418483734,0.5352786779403687,0.4893122911453247,-0.058054715394973755,0.525295615196228,0.586922287940979,0.09680725634098053,0.5559748411178589,0.5830807685852051,-0.005956255365163088,0.5190501809120178,0.6681047677993774,0.08310697972774506,0.5491694211959839,0.680744469165802,-0.028455767780542374,0.5149868726730347,0.681397020816803,0.08042912185192108,0.5448725819587708,0.6964102983474731,-0.03293250873684883,0.5358225703239441,0.6871224045753479,0.06707550585269928,0.5687212944030762,0.6918812394142151,-0.05656544491648674
0295,./images/142/frame_00295.jpg,Normal,0.5937422513961792,0.407858669757843,0.2144853174686432,0.594979465007782,0.39946988224983215,0.22032403945922852,0.5939503312110901,0.3983326256275177,0.2203381508588791,0.5928955078125,0.3969550132751465,0.22033603489398956,0.5971421003341675,0.3996744453907013,0.20202644169330597,0.5975905656814575,0.39886632561683655,0.20195727050304413,0.5979018807411194,0.39804065227508545,0.20187179744243622,0.5875998735427856,0.390825480222702,0.22325539588928223,0.5945960283279419,0.3940471112728119,0.1405215859413147,0.5892378091812134,0.4108373522758484,0.21574628353118896,0.5913351774215698,0.41105902194976807,0.1914663463830948,0.559335470199585,0.40742188692092896,0.23121896386146545,0.5889648795127869,0.407348096370697,0.05229262635111809,0.5606650114059448,0.4785281717777252,0.23874469101428986,0.6097224950790405,0.46414467692375183,0.009228861890733242,0.569395124912262,0.5275210738182068,0.2254832535982132,0.609775722026825,0.5123208165168762,0.043027348816394806,0.5687552094459534,0.5360761284828186,0.23330287635326385,0.6109932661056519,0.5191157460212708,0.040240488946437836,0.5718706846237183,0.5348265767097473,0.22635634243488312,0.6088303327560425,0.5197898745536804,0.056422315537929535,0.5727285146713257,0.5338106751441956,0.22088153660297394,0.6075237989425659,0.5167800784111023,0.05102292820811272,0.5140408873558044,0.4881587624549866,0.05788151174783707,0.5363637208938599,0.4859474301338196,-0.05796054005622864,0.5255785584449768,0.5858010649681091,0.09142843633890152,0.5559953451156616,0.5829896330833435,-0.012780736200511456,0.5193436741828918,0.667793333530426,0.07639680802822113,0.5497940182685852,0.6800091862678528,-0.045962560921907425,0.5149726271629333,0.6812548041343689,0.06738503277301788,0.5457764863967896,0.6956188678741455,-0.05360274761915207,0.5353469252586365,0.6868066787719727,0.04638083651661873,0.569537341594696,0.6924110651016235,-0.08603238314390182
0296,./images/142/frame_00296.jpg,Normal,0.5942163467407227,0.4031774699687958,0.20057854056358337,0.5949753522872925,0.3943046033382416,0.2070235311985016,0.5939695835113525,0.39349856972694397,0.20703235268592834,0.5929428935050964,0.3924994170665741,0.20702436566352844,0.5970104932785034,0.3937937021255493,0.18843196332454681,0.5972567796707153,0.3928075134754181,0.1883683204650879,0.5973684191703796,0.39181968569755554,0.18828192353248596,0.5876883268356323,0.38711386919021606,0.22573649883270264,0.5934334993362427,0.3879096210002899,0.1351587176322937,0.5900192260742188,0.40775689482688904,0.20472104847431183,0.5917199850082397,0.40648791193962097,0.1792786568403244,0.5596473813056946,0.40961456298828125,0.24467718601226807,0.5863860845565796,0.39888712763786316,0.04956209659576416,0.561165452003479,0.4778231680393219,0.2557879388332367,0.6087396144866943,0.44903481006622314,-0.026315966621041298,0.5721371173858643,0.5289633274078369,0.23615658283233643,0.6176959276199341,0.5062283873558044,-0.036826249212026596,0.5747879147529602,0.5369600653648376,0.24423909187316895,0.6226739287376404,0.5171316862106323,-0.046848710626363754,0.5764341950416565,0.537834107875824,0.23505787551403046,0.6190868616104126,0.5171946883201599,-0.02944508194923401,0.5761400461196899,0.5339658260345459,0.23086459934711456,0.6169413924217224,0.5136404037475586,-0.029086023569107056,0.5150561332702637,0.488169401884079,0.059117455035448074,0.5350714921951294,0.48320770263671875,-0.05919785052537918,0.5291071534156799,0.5862190127372742,0.08602064847946167,0.5533820986747742,0.5810266733169556,-0.015104325488209724,0.5281084775924683,0.6649444103240967,0.0577990896999836,0.5471552610397339,0.6733158826828003,-0.06560172140598297,0.5233374834060669,0.679961085319519,0.051179904490709305,0.5351237058639526,0.6964626312255859,-0.07279379665851593,0.5488115549087524,0.6864341497421265,0.03070971369743347,0.565992534160614,0.6922394037246704,-0.10889191925525665
0297,./images/142/frame_00297.jpg,Normal,0.5942222476005554,0.3935528099536896,0.19654889404773712,0.594791054725647,0.38465651869773865,0.20382997393608093,0.5938143730163574,0.38393399119377136,0.20384149253368378,0.5928208231925964,0.3830679953098297,0.20383353531360626,0.5965553522109985,0.3845537006855011,0.18453983962535858,0.5966595411300659,0.3838292956352234,0.1844739466905594,0.5966711044311523,0.3831183910369873,0.18438556790351868,0.5873872637748718,0.37954410910606384,0.2209802120923996,0.5923355221748352,0.38026148080825806,0.13059797883033752,0.5900320410728455,0.39877015352249146,0.20249411463737488,0.5917055606842041,0.39794671535491943,0.17617008090019226,0.5573331713676453,0.4025886058807373,0.238346666097641,0.5852419137954712,0.3922860026359558,0.04587343707680702,0.5609027147293091,0.47598475217819214,0.25435835123062134,0.6059249043464661,0.4414818286895752,-0.02827330306172371,0.5712378025054932,0.5277098417282104,0.23612196743488312,0.6246199011802673,0.488288551568985,-0.02713751420378685,0.5735730528831482,0.5367018580436707,0.24443605542182922,0.6286106705665588,0.5028383731842041,-0.03616185858845711,0.5749298930168152,0.5375750064849854,0.2352065145969391,0.627287745475769,0.502652108669281,-0.0186457596719265,0.5747171640396118,0.5338690280914307,0.23084816336631775,0.6249420642852783,0.49872317910194397,-0.01918156072497368,0.5160490274429321,0.4880891442298889,0.06085501238703728,0.5347059965133667,0.4820095896720886,-0.06094033643603325,0.5305998921394348,0.5853298306465149,0.08584831655025482,0.5532689690589905,0.5817855596542358,-0.0212785042822361,0.5290443301200867,0.6649332642555237,0.08685845881700516,0.5451744198799133,0.6783709526062012,-0.03575637564063072,0.5251871347427368,0.6803243160247803,0.0857265293598175,0.534668505191803,0.699009358882904,-0.038518842309713364,0.5528314709663391,0.6862874031066895,0.06765582412481308,0.5661659836769104,0.6923060417175293,-0.07505455613136292
0298,./images/142/frame_00298.jpg,Normal,0.5945674180984497,0.38569071888923645,0.19249799847602844,0.5947881937026978,0.37718382477760315,0.19988283514976501,0.593812108039856,0.3763887584209442,0.19990499317646027,0.5928228497505188,0.37548547983169556,0.19991160929203033,0.5965262651443481,0.3775060474872589,0.177835151553154,0.5965992212295532,0.3769775927066803,0.17776614427566528,0.5966001749038696,0.3764297366142273,0.17768321931362152,0.5871609449386597,0.37245506048202515,0.21465981006622314,0.592002272605896,0.37357640266418457,0.11961527168750763,0.5901484489440918,0.3902533948421478,0.20025888085365295,0.5919256210327148,0.38987159729003906,0.17197807133197784,0.5582212805747986,0.39895370602607727,0.23287315666675568,0.585198163986206,0.384388267993927,0.03778070956468582,0.5630424618721008,0.4704749286174774,0.26326364278793335,0.611333966255188,0.42679497599601746,-0.019591281190514565,0.5764738917350769,0.5216637849807739,0.25763607025146484,0.6316754817962646,0.4761766195297241,0.010432682000100613,0.5816037058830261,0.528904914855957,0.26936429738998413,0.6364876627922058,0.48833906650543213,0.004929686896502972,0.583092212677002,0.5303404331207275,0.2595651149749756,0.6361725330352783,0.486884742975235,0.022143062204122543,0.5814084410667419,0.5274893641471863,0.25272199511528015,0.6329146027565002,0.48334836959838867,0.019080985337495804,0.5156359076499939,0.48768436908721924,0.06184827536344528,0.5347825884819031,0.48028260469436646,-0.06196432560682297,0.526321530342102,0.5845581293106079,0.11138184368610382,0.5529831647872925,0.5807414650917053,-0.0008970234775915742,0.5277615189552307,0.6646728515625,0.11393644660711288,0.5452288389205933,0.6753319501876831,0.0009480013395659626,0.5232460498809814,0.6827577948570251,0.11411233991384506,0.5359846353530884,0.6992274522781372,-0.0003238891367800534,0.5492912530899048,0.6833352446556091,0.09850645810365677,0.5666082501411438,0.692521333694458,-0.03064333274960518
0299,./images/142/frame_00299.jpg,Normal,0.5947936773300171,0.38389042019844055,0.18063050508499146,0.5948122143745422,0.37537214159965515,0.18713955581188202,0.5938474535942078,0.3746444582939148,0.18715152144432068,0.5928692817687988,0.37382346391677856,0.1871451735496521,0.5965167284011841,0.37565281987190247,0.1666402369737625,0.5965977907180786,0.37514999508857727,0.16657347977161407,0.596603274345398,0.37462714314460754,0.16649092733860016,0.5872179865837097,0.370409220457077,0.20075905323028564,0.5921715497970581,0.3714604377746582,0.10856078565120697,0.5903035402297974,0.38889405131340027,0.1877414733171463,0.5921309590339661,0.3882904052734375,0.16019883751869202,0.558550238609314,0.3955288231372833,0.21978619694709778,0.5853303670883179,0.3801710903644562,0.031586937606334686,0.5623107552528381,0.4668867290019989,0.2549150586128235,0.6128379702568054,0.4173165559768677,-0.011595855467021465,0.5744327306747437,0.5140675902366638,0.2586947977542877,0.6313391923904419,0.45316261053085327,0.03841700777411461,0.5780318379402161,0.5183810591697693,0.2719619572162628,0.6375776529312134,0.46156322956085205,0.034668345004320145,0.579218327999115,0.5208150744438171,0.26278162002563477,0.6352830529212952,0.45928695797920227,0.05329502746462822,0.578709065914154,0.5175872445106506,0.2543361485004425,0.6341822743415833,0.4595198333263397,0.04798144847154617,0.5155280828475952,0.4864560067653656,0.06167422607541084,0.5356030464172363,0.47810009121894836,-0.06173752620816231,0.5275989770889282,0.5838751196861267,0.11119568347930908,0.5536263585090637,0.5808161497116089,0.0011660543968901038,0.5273687243461609,0.6679450273513794,0.1216696947813034,0.5452663898468018,0.6725872755050659,0.013188851997256279,0.5229324698448181,0.6897438764572144,0.12288336455821991,0.5366597175598145,0.6972233653068542,0.013248954899609089,0.5495816469192505,0.6851948499679565,0.11041426658630371,0.5669110417366028,0.6917075514793396,-0.012199945747852325
0300,./images/142/frame_00300.jpg,Normal,0.5951029658317566,0.3808857500553131,0.1257503777742386,0.5949574708938599,0.3719694912433624,0.13081076741218567,0.5940515398979187,0.3712579607963562,0.13081000745296478,0.5931456685066223,0.3703972399234772,0.13078808784484863,0.5965110659599304,0.37181371450424194,0.11038563400506973,0.5965858697891235,0.3710370659828186,0.1103331670165062,0.5965603590011597,0.3701970875263214,0.11026008427143097,0.5872746706008911,0.36552077531814575,0.14770178496837616,0.5919888615608215,0.3660900592803955,0.054881565272808075,0.5905275940895081,0.38611510396003723,0.13476961851119995,0.5921914577484131,0.3849242031574249,0.10715725272893906,0.5577908754348755,0.39052340388298035,0.1797197163105011,0.584903359413147,0.37588199973106384,-0.015130361542105675,0.5617743730545044,0.45737168192863464,0.23734362423419952,0.6131528615951538,0.4006156027317047,-0.06909775733947754,0.573952317237854,0.5099232792854309,0.25783419609069824,0.6375752687454224,0.43478432297706604,-0.04323049634695053,0.5762941241264343,0.5140866041183472,0.27615827322006226,0.6429440379142761,0.44319674372673035,-0.049874745309352875,0.5781458616256714,0.5159408450126648,0.2627089023590088,0.6422057747840881,0.4444110095500946,-0.030945245176553726,0.5782655477523804,0.5151911973953247,0.2530149519443512,0.6401005387306213,0.4425206184387207,-0.034161146730184555,0.5155962109565735,0.4862253963947296,0.062000375241041183,0.5353814363479614,0.47906917333602905,-0.06211680918931961,0.5311476588249207,0.5818760991096497,0.11285271495580673,0.5541121959686279,0.5803514719009399,0.0021083331666886806,0.5274708867073059,0.6685960292816162,0.1329381763935089,0.5453962087631226,0.6726464033126831,0.02074851468205452,0.5231757760047913,0.689474880695343,0.1361333131790161,0.5376698970794678,0.6940799355506897,0.022478897124528885,0.5485077500343323,0.6851129531860352,0.12618909776210785,0.567020058631897,0.6916933059692383,-0.00046049192314967513
0301,./images/142/frame_00301.jpg,Normal,0.5953177213668823,0.3767862617969513,0.12440086901187897,0.5950246453285217,0.36815211176872253,0.12963303923606873,0.594144344329834,0.3675328195095062,0.12963059544563293,0.5932632088661194,0.36670953035354614,0.1296013593673706,0.5965022444725037,0.3676450848579407,0.10931377112865448,0.596504271030426,0.36668860912323,0.10926663875579834,0.5963779091835022,0.3655838072299957,0.10919849574565887,0.5872506499290466,0.36166027188301086,0.1487545371055603,0.5911526083946228,0.3610493540763855,0.05681909993290901,0.5908054113388062,0.3818226754665375,0.1343245804309845,0.592319905757904,0.38049599528312683,0.10704515874385834,0.5612667798995972,0.39087966084480286,0.1836688071489334,0.5839930772781372,0.3720642030239105,-0.009499775245785713,0.5663676857948303,0.45663976669311523,0.2306075096130371,0.6125599145889282,0.3944868743419647,-0.06424464285373688,0.5826050043106079,0.5044219493865967,0.23426035046577454,0.6450110077857971,0.4213780164718628,-0.05523884296417236,0.5874659419059753,0.5121423006057739,0.2504444122314453,0.6493562459945679,0.42863383889198303,-0.06644294410943985,0.5903886556625366,0.5128515362739563,0.231298565864563,0.6487900614738464,0.4292164742946625,-0.04837329685688019,0.5901910066604614,0.5153973698616028,0.22711777687072754,0.6466394662857056,0.42779186367988586,-0.047099899500608444,0.5175837278366089,0.4855019450187683,0.06164245679974556,0.5351213216781616,0.4800903797149658,-0.06175529211759567,0.5337398648262024,0.5806350708007812,0.08718203753232956,0.5533620119094849,0.5803483128547668,-0.029557466506958008,0.5296856164932251,0.6700889468193054,0.11453475803136826,0.544073224067688,0.6743654608726501,-0.011202171444892883,0.5254813432693481,0.6909676194190979,0.11775751411914825,0.5379584431648254,0.6943690776824951,-0.0050240932032465935,0.5503711104393005,0.6850098371505737,0.10236630588769913,0.5670071840286255,0.6919100880622864,-0.03734063357114792
0302,./images/142/frame_00302.jpg,Normal,0.5955017805099487,0.36949074268341064,0.08061651885509491,0.595065712928772,0.3602277934551239,0.08467874675989151,0.5941904783248901,0.35931554436683655,0.08466525375843048,0.5933147668838501,0.35824814438819885,0.08462256193161011,0.5964988470077515,0.3598878085613251,0.06393467634916306,0.5964592099189758,0.3587349057197571,0.0638965517282486,0.5962766408920288,0.35746562480926514,0.06383270025253296,0.5872296094894409,0.353924036026001,0.10509836673736572,0.5905634164810181,0.35352474451065063,0.011870244517922401,0.5909973382949829,0.3749718964099884,0.09151312708854675,0.5924030542373657,0.3738551735877991,0.06392356008291245,0.5612300038337708,0.38189011812210083,0.1516631543636322,0.5827336311340332,0.367295503616333,-0.04999002441763878,0.5650595426559448,0.4499482810497284,0.20102731883525848,0.6133412718772888,0.38741904497146606,-0.13038095831871033,0.5819599628448486,0.49470216035842896,0.2026900351047516,0.6480328440666199,0.4085384011268616,-0.16242702305316925,0.5886682271957397,0.5035802721977234,0.21728476881980896,0.6530572175979614,0.4121455252170563,-0.18265017867088318,0.591306209564209,0.5033594965934753,0.19731779396533966,0.6518685221672058,0.4119792580604553,-0.16200725734233856,0.5892239809036255,0.5016839504241943,0.19492289423942566,0.6496391296386719,0.4113636016845703,-0.1547856330871582,0.519230306148529,0.4844687283039093,0.06335167586803436,0.5349665284156799,0.48022279143333435,-0.06338853389024734,0.5371780395507812,0.580811083316803,0.08723066747188568,0.551140308380127,0.5839633941650391,-0.03333549201488495,0.5317677855491638,0.6708797216415405,0.13345830142498016,0.5419155359268188,0.6771098375320435,-0.014636499807238579,0.526577889919281,0.6918498277664185,0.13784939050674438,0.5365708470344543,0.6971054673194885,-0.01291007362306118,0.5536553859710693,0.6862902045249939,0.11874786764383316,0.5653617978096008,0.6935495734214783,-0.03934069350361824
0303,./images/142/frame_00303.jpg,Normal,0.5956487059593201,0.36504310369491577,0.08819130063056946,0.5950632691383362,0.3556709289550781,0.09244145452976227,0.59418785572052,0.35478201508522034,0.09242655336856842,0.5933088064193726,0.3537232279777527,0.09238390624523163,0.5963873863220215,0.355086088180542,0.07144278287887573,0.5962242484092712,0.353791743516922,0.07140693813562393,0.5959005951881409,0.35237717628479004,0.07134303450584412,0.586725115776062,0.34918296337127686,0.11337548494338989,0.5892562866210938,0.34799984097480774,0.01911996491253376,0.5912154912948608,0.3710435628890991,0.09938771277666092,0.5925041437149048,0.3694274127483368,0.07145646959543228,0.5650055408477783,0.3844486176967621,0.15850324928760529,0.5814957022666931,0.36303389072418213,-0.04287862032651901,0.5689141154289246,0.4444487690925598,0.21668057143688202,0.6133211851119995,0.3818211555480957,-0.11044438183307648,0.5881778597831726,0.4835834801197052,0.2196085900068283,0.6481441855430603,0.3967244029045105,-0.12668047845363617,0.5932358503341675,0.48953568935394287,0.23281407356262207,0.6531587839126587,0.3965985178947449,-0.14507190883159637,0.5973957777023315,0.4910053312778473,0.21534307301044464,0.6517730951309204,0.39604732394218445,-0.12660856544971466,0.595457911491394,0.4890217185020447,0.21270234882831573,0.6492603421211243,0.3971624970436096,-0.11939458549022675,0.5216115713119507,0.4836019277572632,0.0638674646615982,0.5351953506469727,0.4806298017501831,-0.06389518082141876,0.5384756922721863,0.579849898815155,0.09071697294712067,0.5491765141487122,0.5835334062576294,-0.02940761111676693,0.5347527861595154,0.6718259453773499,0.13809289038181305,0.5416320562362671,0.6782736778259277,-0.011382576078176498,0.5308932065963745,0.6951749324798584,0.14300104975700378,0.5364068150520325,0.6990023255348206,-0.010197930969297886,0.5560817718505859,0.6863760948181152,0.12316812574863434,0.5654236674308777,0.6958514451980591,-0.04302361607551575
0304,./images/142/frame_00304.jpg,Normal,0.5959828495979309,0.3574146330356598,0.07642775028944016,0.5951148271560669,0.34726136922836304,0.08080130070447922,0.594262421131134,0.34650158882141113,0.08078355342149734,0.5934066772460938,0.3457280695438385,0.08075328916311264,0.596341073513031,0.34637510776519775,0.05886666104197502,0.5960615873336792,0.345039963722229,0.058830905705690384,0.5955959558486938,0.3437248766422272,0.05877414345741272,0.5866910219192505,0.3421843945980072,0.10265427827835083,0.5885131359100342,0.3403218388557434,0.004398580640554428,0.5917690992355347,0.3637218475341797,0.08824519068002701,0.5927075147628784,0.3618588447570801,0.059164710342884064,0.5668144822120667,0.3807586133480072,0.15531817078590393,0.5796435475349426,0.3576163053512573,-0.05626840516924858,0.578083872795105,0.4349222779273987,0.23087115585803986,0.6141700744628906,0.37887275218963623,-0.07848567515611649,0.5917218923568726,0.4653674364089966,0.25905102491378784,0.6435631513595581,0.3840000033378601,-0.02425471507012844,0.5971494913101196,0.4693005383014679,0.2768363952636719,0.6486232876777649,0.382402241230011,-0.03422861546278,0.6003826856613159,0.4687066376209259,0.25670552253723145,0.6457245349884033,0.38244158029556274,-0.0220202449709177,0.5990628004074097,0.4678364098072052,0.2515144944190979,0.6441164016723633,0.38402649760246277,-0.016895245760679245,0.5231353044509888,0.4839693307876587,0.06517288833856583,0.535443902015686,0.48207181692123413,-0.06516655534505844,0.536965012550354,0.5827667117118835,0.10262205451726913,0.5490410923957825,0.5885846614837646,-0.028924819082021713,0.5345998406410217,0.6766491532325745,0.15591640770435333,0.5416290760040283,0.6848101019859314,-0.0020826407708227634,0.5320287942886353,0.6987388134002686,0.16201993823051453,0.5366677045822144,0.7040552496910095,-0.0007622746634297073,0.5573778748512268,0.6869679689407349,0.1458432972431183,0.5654792189598083,0.6985029578208923,-0.034322191029787064
0305,./images/142/frame_00305.jpg,Normal,0.5958296656608582,0.35823410749435425,0.06733392179012299,0.5948096513748169,0.3488333821296692,0.07168687134981155,0.5940406918525696,0.3477506935596466,0.07167050987482071,0.5932638645172119,0.3465772569179535,0.07164044678211212,0.5956813097000122,0.3482851982116699,0.04981836676597595,0.5953058004379272,0.3468952178955078,0.049782466143369675,0.5948035717010498,0.3454433083534241,0.049716003239154816,0.5865066051483154,0.34122249484062195,0.09163184463977814,0.5880564451217651,0.3408433496952057,-0.006228132173418999,0.5917344093322754,0.3625207543373108,0.07849772274494171,0.5925525426864624,0.36134231090545654,0.049489982426166534,0.5651100277900696,0.3721129596233368,0.14254102110862732,0.5787879228591919,0.3590681254863739,-0.06446580588817596,0.5799022912979126,0.4194052815437317,0.23069974780082703,0.6135765314102173,0.37665125727653503,-0.07068979740142822,0.6036651134490967,0.43027573823928833,0.2547474801540375,0.6405052542686462,0.37508511543273926,0.021304098889231682,0.6082483530044556,0.42965173721313477,0.271001398563385,0.6460285782814026,0.37150394916534424,0.01839815266430378,0.6090418100357056,0.4267592132091522,0.25512537360191345,0.6431224942207336,0.37197232246398926,0.028329888358712196,0.6088890433311462,0.42796313762664795,0.24842214584350586,0.6409739851951599,0.3733287453651428,0.02858107164502144,0.5239537954330444,0.48467618227005005,0.0658339112997055,0.5367223620414734,0.48676079511642456,-0.06588634848594666,0.5363416075706482,0.5852172374725342,0.1047305315732956,0.5491414666175842,0.5910391211509705,-0.00706083420664072,0.5335443615913391,0.6789427995681763,0.16046296060085297,0.5382601022720337,0.6883242130279541,0.032311491668224335,0.5302113890647888,0.702610194683075,0.16697315871715546,0.5329198241233826,0.7092552781105042,0.03531811386346817,0.5556201934814453,0.6893802285194397,0.15263411402702332,0.5632653832435608,0.7025367021560669,0.003316684393212199
0306,./images/142/frame_00306.jpg,Normal,0.5948706865310669,0.35027506947517395,0.09485373646020889,0.5935784578323364,0.3403870165348053,0.09651940315961838,0.5927664041519165,0.33930379152297974,0.0965069979429245,0.5919195413589478,0.3382096290588379,0.09647849202156067,0.5946177840232849,0.34056419134140015,0.076260507106781,0.5943837761878967,0.3396286368370056,0.07621699571609497,0.594072699546814,0.3387628197669983,0.07614495605230331,0.5851036310195923,0.33532798290252686,0.1027151346206665,0.5880307555198669,0.33726567029953003,0.012169458903372288,0.5909783840179443,0.3547663390636444,0.10147015005350113,0.5920521020889282,0.3551139235496521,0.07442732900381088,0.5623199343681335,0.3680836260318756,0.14335043728351593,0.579484760761261,0.3613555133342743,-0.048037610948085785,0.5757759213447571,0.42424720525741577,0.23218286037445068,0.6160784959793091,0.37355923652648926,-0.03497467190027237,0.5985116958618164,0.4393509328365326,0.27572503685951233,0.6388798356056213,0.3682463467121124,0.0833614245057106,0.6011748313903809,0.4361928403377533,0.29586729407310486,0.6442053318023682,0.36336156725883484,0.08647049218416214,0.6031523942947388,0.4331180155277252,0.28062570095062256,0.6411303281784058,0.36415213346481323,0.09481524676084518,0.6016101837158203,0.4371878206729889,0.27051565051078796,0.6370619535446167,0.3647210896015167,0.09043813496828079,0.5231894850730896,0.48621666431427,0.06569401174783707,0.5389686822891235,0.49037885665893555,-0.06582140922546387,0.5360745787620544,0.587705671787262,0.10379155725240707,0.5523011684417725,0.5921536087989807,-0.0025269535835832357,0.5335835218429565,0.6836820244789124,0.1530415266752243,0.5388712286949158,0.6901571750640869,0.037841759622097015,0.5292435884475708,0.7071046829223633,0.15926745533943176,0.5335385203361511,0.7110493779182434,0.04153188318014145,0.5548174381256104,0.6937611699104309,0.1505182683467865,0.5625209808349609,0.7048465609550476,0.016760114580392838
0307,./images/142/frame_00307.jpg,Normal,0.590934157371521,0.3441559076309204,0.15355929732322693,0.5895881056785583,0.3349674940109253,0.14869458973407745,0.588382363319397,0.3337458670139313,0.1486991047859192,0.5870451927185059,0.3325740098953247,0.14866888523101807,0.5919637084007263,0.3361603319644928,0.13403262197971344,0.5923435688018799,0.3357834219932556,0.13399522006511688,0.5926340818405151,0.3354854881763458,0.13390615582466125,0.5812995433807373,0.3309699296951294,0.10527428239583969,0.5882114171981812,0.33590710163116455,0.061332471668720245,0.5870543718338013,0.3479171097278595,0.15034782886505127,0.58995121717453,0.3499199151992798,0.1303221881389618,0.5531691312789917,0.36698561906814575,0.1564285308122635,0.5846530795097351,0.36484500765800476,-0.0031299584079533815,0.5744131207466125,0.4282216429710388,0.2403368204832077,0.6193974018096924,0.3779917359352112,0.029464920982718468,0.5971089601516724,0.4351120889186859,0.3149593472480774,0.6313244700431824,0.37094417214393616,0.15408571064472198,0.6004515290260315,0.42426684498786926,0.33667659759521484,0.6346356868743896,0.3664470314979553,0.16340292990207672,0.6030634641647339,0.42578786611557007,0.33014100790023804,0.6288208365440369,0.3674706816673279,0.16811038553714752,0.6023598909378052,0.431867778301239,0.31401190161705017,0.6252436637878418,0.3692702054977417,0.15988925099372864,0.5225680470466614,0.48725593090057373,0.05411744862794876,0.5436432957649231,0.49563029408454895,-0.054319411516189575,0.5228239893913269,0.5887976288795471,0.08089913427829742,0.5552455186843872,0.5947226285934448,0.015631282702088356,0.5311530232429504,0.6814361214637756,0.10317164659500122,0.539056658744812,0.6924578547477722,0.0588972382247448,0.5263013243675232,0.7045704126358032,0.10683442652225494,0.5340031981468201,0.712178111076355,0.0635877475142479,0.5296242833137512,0.6988516449928284,0.09994449466466904,0.5620275735855103,0.7080389857292175,0.049650005996227264
0308,./images/142/frame_00308.jpg,Normal,0.5877427458763123,0.3430381715297699,0.16377416253089905,0.5866692662239075,0.33408501744270325,0.15538811683654785,0.5853213667869568,0.3327122628688812,0.15540283918380737,0.5838640928268433,0.3314230740070343,0.15537129342556,0.5897719264030457,0.33625832200050354,0.14491315186023712,0.5905347466468811,0.33631616830825806,0.1448802947998047,0.5912632942199707,0.33643853664398193,0.14480902254581451,0.5791497230529785,0.33051130175590515,0.11995352804660797,0.5883678793907166,0.3378339409828186,0.07464520633220673,0.5839541554450989,0.3461531400680542,0.15606066584587097,0.5877991318702698,0.349200576543808,0.14142288267612457,0.551507830619812,0.36457034945487976,0.14112825691699982,0.5893532633781433,0.3654499053955078,0.00973301101475954,0.5760132670402527,0.41642481088638306,0.22862491011619568,0.6196585893630981,0.40708693861961365,0.07221280783414841,0.6062697768211365,0.40619969367980957,0.31172871589660645,0.6091872453689575,0.38946694135665894,0.23409195244312286,0.6119322776794434,0.4016370475292206,0.3334891200065613,0.6116770505905151,0.38691824674606323,0.25248199701309204,0.6122970581054688,0.39992740750312805,0.3322615325450897,0.6071865558624268,0.38749003410339355,0.25241199135780334,0.6110556721687317,0.4026871919631958,0.3131837248802185,0.6050311923027039,0.3883884847164154,0.2392139434814453,0.5229195356369019,0.49217042326927185,0.046469833701848984,0.5475160479545593,0.5026116967201233,-0.046693019568920135,0.5250750780105591,0.592189610004425,0.10447905212640762,0.5569372773170471,0.5983420610427856,0.029996778815984726,0.5311483144760132,0.6821755170822144,0.15599313378334045,0.5415164232254028,0.6973975300788879,0.08039659261703491,0.5262583494186401,0.7060208916664124,0.1627531498670578,0.5367541909217834,0.719921350479126,0.08671325445175171,0.5338720679283142,0.697298526763916,0.16333423554897308,0.5608618855476379,0.7088015079498291,0.07398413121700287
0309,./images/142/frame_00309.jpg,Warning,0.5878931879997253,0.34061986207962036,0.1475563943386078,0.5868042707443237,0.331532746553421,0.14480999112129211,0.5854345560073853,0.33030372858047485,0.14480355381965637,0.5839467644691467,0.3291851282119751,0.14477850496768951,0.5898473262786865,0.33354154229164124,0.1296362727880478,0.5905779600143433,0.33366212248802185,0.1295982301235199,0.5912927389144897,0.3339097797870636,0.12952694296836853,0.5790337324142456,0.32860252261161804,0.11494414508342743,0.5884358286857605,0.3359178900718689,0.06509527564048767,0.5839484930038452,0.34465518593788147,0.14693619310855865,0.587729811668396,0.3471885025501251,0.12695638835430145,0.5530856251716614,0.3644176423549652,0.1419251412153244,0.5893849730491638,0.36721211671829224,0.0036258529871702194,0.5806865692138672,0.4085148572921753,0.23567306995391846,0.622817873954773,0.38976043462753296,0.06012830138206482,0.6132721900939941,0.3874512016773224,0.3268233835697174,0.61707603931427,0.3697447180747986,0.2111707180738449,0.6189697980880737,0.37970414757728577,0.35145699977874756,0.6208750009536743,0.3635982871055603,0.22735245525836945,0.6187456846237183,0.376938134431839,0.3488687574863434,0.6167054772377014,0.3658261299133301,0.22844579815864563,0.617681086063385,0.38071882724761963,0.32816681265830994,0.6151502132415771,0.36707016825675964,0.21667325496673584,0.525389552116394,0.49393945932388306,0.0474792942404747,0.5492480993270874,0.5031444430351257,-0.047692447900772095,0.5259080529212952,0.5921434760093689,0.1030341237783432,0.5572742223739624,0.5999098420143127,0.014104502275586128,0.531223714351654,0.6825555562973022,0.15017005801200867,0.5432388186454773,0.7002719044685364,0.050230223685503006,0.5264365077018738,0.705785870552063,0.15639851987361908,0.5387363433837891,0.719822347164154,0.05473042279481888,0.5376185774803162,0.6963144540786743,0.1544477492570877,0.5596034526824951,0.7100544571876526,0.03754393756389618
0310,./images/142/frame_00310.jpg,Warning,0.5876423716545105,0.34050020575523376,0.14378508925437927,0.5868238210678101,0.3316155970096588,0.14113196730613708,0.5853990316390991,0.3301774561405182,0.14111843705177307,0.5838391780853271,0.3288262188434601,0.14109742641448975,0.5899892449378967,0.3337348401546478,0.12483692169189453,0.5907541513442993,0.33381861448287964,0.12480580806732178,0.5914878845214844,0.33403027057647705,0.12473978102207184,0.5789522528648376,0.32688525319099426,0.11143691837787628,0.5887166857719421,0.3350268602371216,0.05984144285321236,0.5835739374160767,0.34364572167396545,0.14319677650928497,0.5875393748283386,0.3464236259460449,0.12276887893676758,0.5506553053855896,0.36162063479423523,0.12996667623519897,0.5907305479049683,0.3681263029575348,-0.0007948894053697586,0.5650199055671692,0.4088726043701172,0.23833028972148895,0.6256111860275269,0.3790068030357361,0.04997073858976364,0.5906364321708679,0.39288392663002014,0.3545007109642029,0.6193803548812866,0.3584878146648407,0.19751162827014923,0.5938627123832703,0.38803303241729736,0.3805721700191498,0.6241990327835083,0.34951335191726685,0.21365253627300262,0.5936206579208374,0.38369297981262207,0.38058650493621826,0.620055079460144,0.35451236367225647,0.21507743000984192,0.5939142107963562,0.38649848103523254,0.3579118847846985,0.6181882619857788,0.35513341426849365,0.20334327220916748,0.5268183350563049,0.49445927143096924,0.04339452087879181,0.5513831973075867,0.5039595365524292,-0.0436401329934597,0.5265071392059326,0.5916326642036438,0.10882820934057236,0.558487057685852,0.6017466187477112,0.04088429734110832,0.5266544222831726,0.6820397973060608,0.16530635952949524,0.5455249547958374,0.6997542977333069,0.10559636354446411,0.5228885412216187,0.7047474980354309,0.17336751520633698,0.5400501489639282,0.7182998657226562,0.11438354104757309,0.5295978784561157,0.6920901536941528,0.17919930815696716,0.5590325593948364,0.7107110023498535,0.10956983268260956
0311,./images/142/frame_00311.jpg,Warning,0.5881362557411194,0.3416026830673218,0.14099016785621643,0.5872831344604492,0.33315160870552063,0.14008936285972595,0.585900604724884,0.3318244218826294,0.14005467295646667,0.5843880772590637,0.3305065929889679,0.1400558054447174,0.5903199911117554,0.33479562401771545,0.12370343506336212,0.590991735458374,0.33475616574287415,0.12366580963134766,0.5915356874465942,0.33487048745155334,0.12359646707773209,0.5793668031692505,0.32815203070640564,0.11397607624530792,0.5892135500907898,0.3354972302913666,0.05006634443998337,0.5840445160865784,0.3446999490261078,0.14080028235912323,0.5877611637115479,0.3469497561454773,0.12244071811437607,0.55118328332901,0.36433520913124084,0.12899701297283173,0.5915853381156921,0.36707979440689087,-0.013836597092449665,0.5546120405197144,0.428888201713562,0.2267964780330658,0.6274735927581787,0.3752824068069458,0.030417155474424362,0.5664910078048706,0.4504404366016388,0.3169885575771332,0.6225284934043884,0.357397198677063,0.1941811740398407,0.5678367614746094,0.4575886130332947,0.3395106792449951,0.6247317790985107,0.3500308692455292,0.2113679200410843,0.5679463148117065,0.4512915313243866,0.3323345184326172,0.6217849850654602,0.3526051640510559,0.21370749175548553,0.5688463449478149,0.4491330087184906,0.31639522314071655,0.6196233034133911,0.3542165160179138,0.2003275454044342,0.5288071036338806,0.4954424202442169,0.046913452446460724,0.553441047668457,0.5038525462150574,-0.04712264612317085,0.5273751616477966,0.5944822430610657,0.10814204066991806,0.5592063665390015,0.6037359833717346,0.025827353820204735,0.5242542624473572,0.6827354431152344,0.12807878851890564,0.5468883514404297,0.7008909583091736,0.06679248064756393,0.5185925960540771,0.7054445147514343,0.13204452395439148,0.5402668118476868,0.7189347743988037,0.07209057360887527,0.5319705009460449,0.6973150968551636,0.13857921957969666,0.5595026016235352,0.7133951187133789,0.0519278421998024
0312,./images/142/frame_00312.jpg,Warning,0.5880483984947205,0.34032025933265686,0.1546383798122406,0.587253212928772,0.3321237862110138,0.1503133624792099,0.5858112573623657,0.33081257343292236,0.15031012892723083,0.5842114090919495,0.3294684588909149,0.15030163526535034,0.5904033780097961,0.3338952958583832,0.13651451468467712,0.5911200642585754,0.33399659395217896,0.13648457825183868,0.5916948318481445,0.33426955342292786,0.13641521334648132,0.5792335271835327,0.32712265849113464,0.12689772248268127,0.5895508527755737,0.3352658450603485,0.06757290661334991,0.584018349647522,0.34378501772880554,0.15142621099948883,0.5876287221908569,0.346058189868927,0.1333131492137909,0.549467921257019,0.36519119143486023,0.1389026641845703,0.5927788019180298,0.3677433133125305,0.0059196073561906815,0.5542166829109192,0.429108202457428,0.23067641258239746,0.6299017667770386,0.377084344625473,0.05381755158305168,0.5656107664108276,0.4504739046096802,0.32568982243537903,0.6297674775123596,0.3563081622123718,0.2064305543899536,0.5666066408157349,0.4559212028980255,0.3485930860042572,0.6307054758071899,0.34921663999557495,0.22301718592643738,0.5675132274627686,0.45078521966934204,0.3432145118713379,0.6252585649490356,0.3505345284938812,0.22392697632312775,0.5685230493545532,0.4496261477470398,0.3262708783149719,0.6247192621231079,0.35272979736328125,0.21191051602363586,0.5305987596511841,0.4952666759490967,0.04519274830818176,0.555827796459198,0.5038086175918579,-0.04550697281956673,0.5294649004936218,0.5926327705383301,0.11626189947128296,0.560275673866272,0.6022470593452454,0.02143223024904728,0.521883487701416,0.6804657578468323,0.12851840257644653,0.5497207045555115,0.7009025812149048,0.017598142847418785,0.5176361799240112,0.6996855139732361,0.13124319911003113,0.5434101223945618,0.7188342809677124,0.017945025116205215,0.5283241271972656,0.6927466988563538,0.13783566653728485,0.5597220659255981,0.7119920253753662,0.008693914860486984
0313,./images/142/frame_00313.jpg,Warning,0.5864152312278748,0.3421560823917389,0.1780514419078827,0.5849899649620056,0.3336670696735382,0.17503103613853455,0.5832124948501587,0.332438588142395,0.17504683136940002,0.5813037157058716,0.3311716616153717,0.17503853142261505,0.5885621905326843,0.33510440587997437,0.15888170897960663,0.5893494486808777,0.33506014943122864,0.15885941684246063,0.5900520086288452,0.335180401802063,0.15877340734004974,0.576728880405426,0.32863378524780273,0.15824642777442932,0.5886796712875366,0.33591940999031067,0.08520291745662689,0.5825045108795166,0.34540170431137085,0.17565658688545227,0.586393415927887,0.3473348915576935,0.15378282964229584,0.5484707951545715,0.36622339487075806,0.17015376687049866,0.5920581221580505,0.3680747449398041,0.015673646703362465,0.557217001914978,0.42341893911361694,0.26291874051094055,0.6258879899978638,0.37668731808662415,0.046336591243743896,0.5732671022415161,0.41191765666007996,0.34306538105010986,0.6324406862258911,0.36236444115638733,0.1724182665348053,0.5746133923530579,0.408397376537323,0.3636482357978821,0.6355836987495422,0.35733330249786377,0.18419860303401947,0.5766942501068115,0.401439368724823,0.36167997121810913,0.6316674947738647,0.35680246353149414,0.1871890127658844,0.5772761702537537,0.40428221225738525,0.3444746732711792,0.6294817328453064,0.35866889357566833,0.17852942645549774,0.5308018922805786,0.4980863928794861,0.04681229591369629,0.5579733848571777,0.5056349635124207,-0.047092877328395844,0.5301671028137207,0.5924091339111328,0.11123845726251602,0.5607501268386841,0.602197527885437,0.019800059497356415,0.5171172618865967,0.6775029301643372,0.11741143465042114,0.5498953461647034,0.703136682510376,0.019681718200445175,0.5148959755897522,0.6936154961585999,0.11885657161474228,0.5447729229927063,0.7190209031105042,0.02067040279507637,0.5221571922302246,0.6898330450057983,0.11979389190673828,0.55986487865448,0.7115510106086731,0.005859839729964733
0314,./images/142/frame_00314.jpg,Warning,0.5845261812210083,0.3401809334754944,0.14406296610832214,0.583457887172699,0.3308909237384796,0.13662439584732056,0.581804633140564,0.3296441435813904,0.1366076022386551,0.580039918422699,0.3284362256526947,0.1365857869386673,0.586667537689209,0.33221378922462463,0.12184526771306992,0.5873204469680786,0.33205607533454895,0.12184034287929535,0.5879703760147095,0.3320648968219757,0.12175145000219345,0.5754587650299072,0.32727137207984924,0.11220338195562363,0.5868131518363953,0.3332979083061218,0.04534107819199562,0.5805299878120422,0.3436307907104492,0.13910028338432312,0.5840619802474976,0.34549957513809204,0.11930910497903824,0.5463821887969971,0.3668766915798187,0.12736032903194427,0.5915842652320862,0.36819615960121155,-0.020720021799206734,0.5467664003372192,0.4238346815109253,0.22988863289356232,0.6252113580703735,0.3778519034385681,-0.0032052795868366957,0.5553860664367676,0.4196523129940033,0.32409173250198364,0.6385329961776733,0.3679279386997223,0.09356318414211273,0.5542153120040894,0.41290655732154846,0.34517890214920044,0.6435601115226746,0.36344268918037415,0.09939180314540863,0.5570989847183228,0.4080877900123596,0.33977383375167847,0.6406553983688354,0.3619624674320221,0.10377596318721771,0.5589966773986816,0.41418445110321045,0.32403549551963806,0.6372945308685303,0.3640315532684326,0.09927822649478912,0.5319498777389526,0.499830961227417,0.046092208474874496,0.5592449903488159,0.507068932056427,-0.04638689011335373,0.5312427282333374,0.592235803604126,0.10572554916143417,0.5624085068702698,0.6015726923942566,0.03616449981927872,0.5170058608055115,0.6773545145988464,0.10484351217746735,0.5509527325630188,0.702109158039093,0.04618002101778984,0.5147095918655396,0.6921297311782837,0.10620032250881195,0.5459258556365967,0.7184191346168518,0.048424385488033295,0.5197188258171082,0.6908652186393738,0.10485874116420746,0.5598748326301575,0.7112579941749573,0.0391928069293499
0315,./images/142/frame_00315.jpg,Warning,0.5843433141708374,0.33987900614738464,0.08207105845212936,0.5835228562355042,0.33119475841522217,0.0740770548582077,0.5818976163864136,0.32983607053756714,0.07408187538385391,0.5801650881767273,0.32847657799720764,0.074048712849617,0.5865931510925293,0.3327169120311737,0.06209741160273552,0.587207019329071,0.33266782760620117,0.06210092827677727,0.5878334641456604,0.3327670991420746,0.062034569680690765,0.575293242931366,0.32678043842315674,0.052291661500930786,0.5864121317863464,0.33332622051239014,-0.0012510085944086313,0.5805054903030396,0.34272417426109314,0.07911284267902374,0.5837863683700562,0.3450905978679657,0.06321512162685394,0.5463274717330933,0.36618074774742126,0.07880855351686478,0.591675341129303,0.3683895468711853,-0.057780735194683075,0.545245885848999,0.4214474558830261,0.1773698329925537,0.6246201395988464,0.37840139865875244,-0.0401914045214653,0.5563259720802307,0.42168307304382324,0.2572871744632721,0.6447376608848572,0.37373077869415283,0.04666072130203247,0.5562170743942261,0.43111151456832886,0.27611497044563293,0.6518505811691284,0.37109825015068054,0.05032416060566902,0.5592126250267029,0.4221475422382355,0.26799699664115906,0.6503406167030334,0.3621191382408142,0.05449929088354111,0.5607351064682007,0.42103248834609985,0.25677502155303955,0.6488541960716248,0.3645784556865692,0.051973432302474976,0.5346685647964478,0.5005391240119934,0.04443388059735298,0.5618519186973572,0.5081393122673035,-0.04474344104528427,0.5337806940078735,0.5920677185058594,0.10535068809986115,0.5624465942382812,0.602505624294281,0.040548987686634064,0.5151600241661072,0.6756559014320374,0.1542292684316635,0.5512123703956604,0.7024851441383362,0.10225166380405426,0.5123506784439087,0.6905751824378967,0.16141068935394287,0.5460224747657776,0.7185715436935425,0.11039100587368011,0.5159002542495728,0.6881135106086731,0.16239435970783234,0.5599209070205688,0.7097764611244202,0.10146752744913101
0316,./images/142/frame_00316.jpg,Warning,0.5847020149230957,0.34124577045440674,0.04827951267361641,0.5838810205459595,0.33253753185272217,0.0418645478785038,0.582371175289154,0.33122336864471436,0.04186501353979111,0.5807374715805054,0.32986438274383545,0.04183373600244522,0.5867407321929932,0.3338506817817688,0.028136122971773148,0.5873173475265503,0.3337617516517639,0.028140371665358543,0.5879047513008118,0.3337971866130829,0.02807806432247162,0.5754522681236267,0.32766520977020264,0.03077665902674198,0.5864689946174622,0.3342667818069458,-0.031238358467817307,0.5809730887413025,0.34428948163986206,0.049153320491313934,0.5840707421302795,0.3464605510234833,0.030852798372507095,0.5465482473373413,0.36642855405807495,0.06427152454853058,0.5917260646820068,0.368438184261322,-0.08605272322893143,0.5422440767288208,0.42153868079185486,0.16083143651485443,0.6234761476516724,0.38228192925453186,-0.09998167306184769,0.5555329322814941,0.4239417612552643,0.2434241771697998,0.6492101550102234,0.3836090862751007,-0.05866982787847519,0.5557591319084167,0.43855926394462585,0.2624242603778839,0.6566880941390991,0.3822595775127411,-0.0623152032494545,0.559282660484314,0.42928221821784973,0.2535676956176758,0.6569808721542358,0.3741476833820343,-0.05764644593000412,0.5607672333717346,0.42538630962371826,0.24257484078407288,0.6544090509414673,0.37546679377555847,-0.05444074794650078,0.5372381806373596,0.504196286201477,0.04538622498512268,0.5628664493560791,0.5121829509735107,-0.0456833653151989,0.5347816944122314,0.5955976843833923,0.10577341169118881,0.5644012689590454,0.6085768938064575,0.0239082183688879,0.5133662223815918,0.6765536069869995,0.15664435923099518,0.5508624315261841,0.7055594325065613,0.07326692342758179,0.509046196937561,0.6912288069725037,0.16269856691360474,0.545720100402832,0.7193676233291626,0.07938502728939056,0.5135772824287415,0.6885635256767273,0.1608859896659851,0.5597313046455383,0.7121524214744568,0.0656767338514328
0317,./images/142/frame_00317.jpg,Warning,0.5846556425094604,0.3407445549964905,0.033013712614774704,0.5838502645492554,0.33167439699172974,0.02895236946642399,0.5823666453361511,0.33026015758514404,0.028951827436685562,0.5807462334632874,0.32887813448905945,0.028909793123602867,0.5864759683609009,0.3332206606864929,0.013992896303534508,0.5869303941726685,0.3331645429134369,0.013997174799442291,0.5873814225196838,0.3332400321960449,0.013935712166130543,0.5747889876365662,0.3273594379425049,0.026447048410773277,0.5859584212303162,0.3339115083217621,-0.04170878231525421,0.5806988477706909,0.3437839448451996,0.036486659198999405,0.5834664106369019,0.34583142399787903,0.016451487317681313,0.5460036993026733,0.3676271140575409,0.0637313574552536,0.5912550687789917,0.36847734451293945,-0.09676170349121094,0.546341061592102,0.42206674814224243,0.15383493900299072,0.6216744184494019,0.3859335482120514,-0.14365337789058685,0.5603575706481934,0.441805362701416,0.23298442363739014,0.6524797081947327,0.3905204236507416,-0.14594057202339172,0.560854971408844,0.45483139157295227,0.2516093850135803,0.661022961139679,0.39213481545448303,-0.15699167549610138,0.5639825463294983,0.4479013979434967,0.24229566752910614,0.6617885828018188,0.3861934542655945,-0.1489185392856598,0.5654115676879883,0.44459834694862366,0.23185400664806366,0.6594699621200562,0.38615113496780396,-0.14183726906776428,0.5383991003036499,0.5072920322418213,0.04684097319841385,0.5641317367553711,0.5153106451034546,-0.047062069177627563,0.5357891321182251,0.5962778925895691,0.11075396835803986,0.5641337037086487,0.6127613186836243,0.020452100783586502,0.5115063786506653,0.6766327619552612,0.16751737892627716,0.5505431890487671,0.7058716416358948,0.08079130947589874,0.5073626041412354,0.6910852789878845,0.17353005707263947,0.5455909967422485,0.7196152806282043,0.08785779774188995,0.5134280920028687,0.6892834305763245,0.16702066361904144,0.5597870349884033,0.7123802304267883,0.07055675983428955
0318,./images/142/frame_00318.jpg,Warning,0.5865752696990967,0.34051069617271423,0.03038536012172699,0.5857114791870117,0.3314722180366516,0.02530748024582863,0.5842994451522827,0.330033540725708,0.025303322821855545,0.5826950073242188,0.32857194542884827,0.025259707123041153,0.5879562497138977,0.3330465853214264,0.01061412412673235,0.5883052945137024,0.3330044746398926,0.010634846054017544,0.588634192943573,0.3330982029438019,0.010578150860965252,0.5750696063041687,0.32719743251800537,0.020658448338508606,0.5865405797958374,0.3340950906276703,-0.046780023723840714,0.5823086500167847,0.34391626715660095,0.03325725346803665,0.5845690965652466,0.34590041637420654,0.013417686335742474,0.5466026663780212,0.3677270710468292,0.05300726741552353,0.5918188691139221,0.36874762177467346,-0.09629671275615692,0.5484529733657837,0.420043408870697,0.13218069076538086,0.6234372854232788,0.38915273547172546,-0.14034275710582733,0.5670826435089111,0.4444650411605835,0.19602447748184204,0.6624325513839722,0.3959600627422333,-0.14383791387081146,0.5708324909210205,0.45506739616394043,0.21242789924144745,0.6695817708969116,0.39861536026000977,-0.15482047200202942,0.5753735303878784,0.4502852261066437,0.20136746764183044,0.6704568266868591,0.39410918951034546,-0.14617668092250824,0.5759276151657104,0.44827884435653687,0.19395700097084045,0.6678969860076904,0.39394399523735046,-0.13937616348266602,0.5391880869865417,0.5070159435272217,0.04489904269576073,0.5670027136802673,0.5155079960823059,-0.04508958011865616,0.5354475378990173,0.595956563949585,0.10366712510585785,0.5643821954727173,0.6132727265357971,0.010121284984052181,0.5118938684463501,0.6767138838768005,0.16336728632450104,0.5504879355430603,0.7057679295539856,0.06827044486999512,0.5085732936859131,0.6914133429527283,0.17145034670829773,0.5455335378646851,0.7193840146064758,0.07704745978116989,0.5126470327377319,0.6898674368858337,0.15176284313201904,0.5596143007278442,0.7131419777870178,0.06319684535264969
0319,./images/142/frame_00319.jpg,Warning,0.588840126991272,0.3405119478702545,0.02543218433856964,0.5881444215774536,0.33097630739212036,0.021730545908212662,0.5868770480155945,0.32954728603363037,0.02171507105231285,0.5853813290596008,0.32802602648735046,0.021672654896974564,0.5899480581283569,0.33235442638397217,0.005363189149647951,0.5901522636413574,0.3322266638278961,0.005379905458539724,0.5902990698814392,0.33226174116134644,0.0053166551515460014,0.5769931077957153,0.32626548409461975,0.01988222822546959,0.586945116519928,0.3334188163280487,-0.055329401046037674,0.5841473937034607,0.3440886437892914,0.028966808691620827,0.5857579112052917,0.3459834158420563,0.0069518364034593105,0.547117292881012,0.3670467734336853,0.0473250076174736,0.5917066931724548,0.3688547909259796,-0.10138659179210663,0.5505138635635376,0.4202639162540436,0.09957602620124817,0.6233744025230408,0.3934177756309509,-0.14085660874843597,0.5711086392402649,0.46292704343795776,0.13788458704948425,0.6639814972877502,0.40818604826927185,-0.13237795233726501,0.5750612020492554,0.47495853900909424,0.148495614528656,0.6706886291503906,0.41422152519226074,-0.14315184950828552,0.5792034268379211,0.4734455645084381,0.13824573159217834,0.6709915399551392,0.4106234610080719,-0.13468042016029358,0.5793660879135132,0.4705834686756134,0.13473781943321228,0.6668484210968018,0.40881025791168213,-0.12825918197631836,0.5405610799789429,0.506195068359375,0.04298579320311546,0.5689817667007446,0.5141315460205078,-0.043174274265766144,0.5358197689056396,0.597326397895813,0.09559162706136703,0.5642240047454834,0.6116732358932495,0.011009581387043,0.513197124004364,0.6788148283958435,0.16278129816055298,0.5509217977523804,0.7052652835845947,0.07140588760375977,0.5094861388206482,0.6918100714683533,0.1693224310874939,0.5467939972877502,0.7193089127540588,0.07802410423755646,0.5143628120422363,0.6962707042694092,0.134734109044075,0.5592061281204224,0.7131360173225403,0.057923413813114166
0320,./images/142/frame_00320.jpg,Warning,0.5906595587730408,0.33972692489624023,0.010337166488170624,0.5896495580673218,0.3297099173069,0.00633679935708642,0.5884119868278503,0.328371524810791,0.006326009519398212,0.5869486331939697,0.3269585371017456,0.006288259290158749,0.5915086269378662,0.3311951458454132,-0.006936755962669849,0.5917680263519287,0.33115991950035095,-0.0069255284033715725,0.5919780731201172,0.33124372363090515,-0.006979095283895731,0.5789885520935059,0.32592034339904785,0.006027559284120798,0.5884852409362793,0.3326714038848877,-0.05417401343584061,0.586154580116272,0.34366855025291443,0.014436164870858192,0.5878574848175049,0.34549784660339355,-0.003148963674902916,0.5472344756126404,0.36581337451934814,0.04315415769815445,0.5942614674568176,0.37093985080718994,-0.09863010793924332,0.5509929656982422,0.4015813171863556,0.12892523407936096,0.6284102201461792,0.4045689105987549,-0.12315542995929718,0.5766829252243042,0.42138513922691345,0.20785775780677795,0.6693030595779419,0.4265674650669098,-0.11024606227874756,0.5808960199356079,0.4280882477760315,0.22364695370197296,0.6767010688781738,0.4327654540538788,-0.12113331258296967,0.5851672887802124,0.42510735988616943,0.21466250717639923,0.6769346594810486,0.42925676703453064,-0.11563857644796371,0.5854116082191467,0.42513278126716614,0.20639589428901672,0.6732453107833862,0.4276898205280304,-0.1070386990904808,0.5424452424049377,0.5058555006980896,0.041961222887039185,0.5712050199508667,0.5140209794044495,-0.04207426309585571,0.5372192859649658,0.5973257422447205,0.09599573910236359,0.5640130639076233,0.6107512712478638,0.012159882113337517,0.5132849812507629,0.6793964505195618,0.16489961743354797,0.5518450140953064,0.7050042152404785,0.07856325060129166,0.5099194049835205,0.6919555068016052,0.17092125117778778,0.5482816696166992,0.7191309332847595,0.08560070395469666,0.5159949064254761,0.6992654800415039,0.15710124373435974,0.5597927570343018,0.7131291031837463,0.06689246743917465
0321,./images/142/frame_00321.jpg,Warning,0.5925660133361816,0.33985045552253723,0.011472657322883606,0.5911453366279602,0.3301239013671875,0.008902143687009811,0.5899547338485718,0.3287276029586792,0.00889853946864605,0.5885325074195862,0.327292799949646,0.008867771364748478,0.5927543640136719,0.331684947013855,-0.005051068961620331,0.5928956270217896,0.3316311240196228,-0.005038526840507984,0.5930025577545166,0.33170539140701294,-0.005096918437629938,0.5806936621665955,0.3260496258735657,0.00995079055428505,0.5889658331871033,0.3329632878303528,-0.053592145442962646,0.5880633592605591,0.34386104345321655,0.015425304882228374,0.5895432233810425,0.34557998180389404,-0.003202319610863924,0.5476264953613281,0.36639514565467834,0.04041004925966263,0.5937719941139221,0.37194108963012695,-0.0972159132361412,0.5523182153701782,0.40765875577926636,0.11709122359752655,0.6279307007789612,0.4135705232620239,-0.12571895122528076,0.5762584209442139,0.44697317481040955,0.19363439083099365,0.6640404462814331,0.4421294033527374,-0.11822190135717392,0.5798135995864868,0.4581701457500458,0.20847932994365692,0.6716994643211365,0.45027971267700195,-0.12919451296329498,0.584110677242279,0.4558901786804199,0.20061609148979187,0.6720817685127258,0.44668859243392944,-0.12354680150747299,0.5847732424736023,0.4533796012401581,0.192580908536911,0.668697714805603,0.44513022899627686,-0.11516936123371124,0.5440990328788757,0.506489634513855,0.038278911262750626,0.5725250244140625,0.5139448642730713,-0.038401924073696136,0.5398414731025696,0.5979132652282715,0.09345165640115738,0.5646380186080933,0.6101463437080383,0.012284329161047935,0.5169790983200073,0.682014524936676,0.15623900294303894,0.553505539894104,0.7049873471260071,0.0806315690279007,0.5137392282485962,0.6941292881965637,0.16150006651878357,0.5496814846992493,0.7189919948577881,0.08740963786840439,0.5166176557540894,0.7044416666030884,0.14917340874671936,0.559820830821991,0.7135745286941528,0.06620719283819199
0322,./images/142/frame_00322.jpg,Warning,0.5931387543678284,0.3438888192176819,0.01646420732140541,0.5916857719421387,0.3332538306713104,0.01126406155526638,0.5905104875564575,0.3318905830383301,0.011265073902904987,0.5890605449676514,0.33036312460899353,0.01122042816132307,0.5933319926261902,0.3344873785972595,-0.00038868450792506337,0.5934967398643494,0.3343491852283478,-0.0003799368569161743,0.5936356782913208,0.3340531587600708,-0.0004387968801893294,0.5818268060684204,0.32965347170829773,0.00275966664776206,0.58966064453125,0.33533498644828796,-0.050960373133420944,0.5887126922607422,0.3476168215274811,0.017200689762830734,0.5903851389884949,0.3491002321243286,0.0013198431115597486,0.5483376383781433,0.36922386288642883,0.0230332612991333,0.59363853931427,0.37556394934654236,-0.09054945409297943,0.5539824962615967,0.42542949318885803,0.1059754341840744,0.6271234154701233,0.4250865876674652,-0.1258971393108368,0.5735756158828735,0.46218281984329224,0.2009229212999344,0.6605905294418335,0.4662369191646576,-0.1397465616464615,0.5754218697547913,0.47324833273887634,0.21647341549396515,0.6674865484237671,0.4802953600883484,-0.15292616188526154,0.5787526369094849,0.4710720181465149,0.20973937213420868,0.6679394841194153,0.4768994152545929,-0.1490650475025177,0.5799351334571838,0.46832072734832764,0.20108136534690857,0.6648328304290771,0.4718240201473236,-0.13789692521095276,0.5450060367584229,0.5091307163238525,0.02416873723268509,0.5752040147781372,0.5144985914230347,-0.024274971336126328,0.5410233736038208,0.6049161553382874,0.08456888794898987,0.565090000629425,0.6117883324623108,0.03659919276833534,0.5243238806724548,0.6909900903701782,0.1533486545085907,0.5559622645378113,0.7048927545547485,0.11626144498586655,0.522265613079071,0.7018904089927673,0.15814819931983948,0.5536956787109375,0.7188941836357117,0.12505945563316345,0.5210362672805786,0.7141960263252258,0.14591053128242493,0.5586515665054321,0.7125004529953003,0.10816396772861481
0323,./images/142/frame_00323.jpg,Warning,0.5939067006111145,0.3492249548435211,0.022479992359876633,0.5924593806266785,0.33858832716941833,0.016865428537130356,0.591199517250061,0.3373775780200958,0.016871687024831772,0.5897197127342224,0.3360442817211151,0.01683039776980877,0.5944061875343323,0.33958005905151367,0.005113615654408932,0.5946940183639526,0.3394635021686554,0.005124397110193968,0.5949582457542419,0.33931684494018555,0.005063842516392469,0.5824589133262634,0.3350602090358734,0.003912335727363825,0.5912774205207825,0.3399549126625061,-0.04961839318275452,0.5895622968673706,0.35260769724845886,0.0216682031750679,0.5915700197219849,0.3537525236606598,0.005868836306035519,0.5486300587654114,0.3756982088088989,0.023664478212594986,0.5935987234115601,0.3813264071941376,-0.0901162326335907,0.5565173029899597,0.44119691848754883,0.10164202749729156,0.6269649863243103,0.44225192070007324,-0.10812988132238388,0.576869010925293,0.47974786162376404,0.1853739470243454,0.6575291752815247,0.49105122685432434,-0.08865536749362946,0.5794261693954468,0.49042701721191406,0.1987099051475525,0.6659591794013977,0.505180299282074,-0.09706194698810577,0.5834605097770691,0.48868489265441895,0.192522794008255,0.6674910187721252,0.5021281838417053,-0.09304104000329971,0.5839389562606812,0.48568734526634216,0.1850762963294983,0.6647382974624634,0.49803686141967773,-0.08585794270038605,0.5463778376579285,0.5174223780632019,0.024041075259447098,0.5755762457847595,0.5198890566825867,-0.02420121245086193,0.5425565242767334,0.612123429775238,0.08892511576414108,0.5658717751502991,0.6168360114097595,0.057607341557741165,0.5307372212409973,0.7016400098800659,0.16384844481945038,0.5574735403060913,0.7059414982795715,0.15495488047599792,0.5253204107284546,0.7254073023796082,0.1712753176689148,0.555479884147644,0.7201302647590637,0.16565658152103424,0.5284870266914368,0.7188895344734192,0.15787948668003082,0.5586328506469727,0.7128931879997253,0.1510848104953766
0324,./images/142/frame_00324.jpg,Warning,0.5936106443405151,0.35056042671203613,0.05374705046415329,0.5920554995536804,0.3400963544845581,0.04294398054480553,0.5908172130584717,0.3388037383556366,0.042963556945323944,0.5893544554710388,0.3374459445476532,0.04292082041501999,0.5940833687782288,0.34192925691604614,0.034176915884017944,0.5944601893424988,0.34225085377693176,0.03419572114944458,0.5948392152786255,0.3425902724266052,0.03414712846279144,0.5822095274925232,0.3374026119709015,0.01843547634780407,0.5915104746818542,0.34336423873901367,-0.03471648320555687,0.5889117121696472,0.35368308424949646,0.044994987547397614,0.5913113355636597,0.35580962896347046,0.033394068479537964,0.5491142868995667,0.3796599209308624,0.020655473694205284,0.5934587121009827,0.38583803176879883,-0.06658602505922318,0.5613327026367188,0.44713491201400757,0.08436992764472961,0.6213042140007019,0.4476897418498993,-0.08219783008098602,0.5840085744857788,0.4861944019794464,0.1571798026561737,0.6481322050094604,0.5122939348220825,-0.07660050690174103,0.5872431993484497,0.4956023693084717,0.16640831530094147,0.6553454995155334,0.5287824869155884,-0.0842699483036995,0.5920435190200806,0.49529820680618286,0.16161289811134338,0.6549789905548096,0.5259390473365784,-0.07974284887313843,0.5920175909996033,0.493182510137558,0.1570989191532135,0.6523992419242859,0.5207041501998901,-0.07341735064983368,0.5483832955360413,0.5231159329414368,0.007981671951711178,0.5780316591262817,0.5262688398361206,-0.008173424750566483,0.5440677404403687,0.6153618693351746,0.08911482989788055,0.5663300156593323,0.6183934807777405,0.0994458943605423,0.5355481505393982,0.707607090473175,0.18864569067955017,0.5588327646255493,0.7070710062980652,0.21435293555259705,0.5359039902687073,0.7272576093673706,0.19912828505039215,0.5573498606681824,0.7217752933502197,0.22722962498664856,0.5295979976654053,0.7176413536071777,0.1901286244392395,0.5560839176177979,0.71288001537323,0.21559730172157288
0325,./images/142/frame_00325.jpg,Warning,0.592992901802063,0.35464444756507874,0.040613435208797455,0.5917835235595703,0.3432134687900543,0.02787839248776436,0.5904558897018433,0.34209007024765015,0.027877962216734886,0.5885435342788696,0.34078168869018555,0.027828644961118698,0.5939210653305054,0.345069944858551,0.020040567964315414,0.5942521691322327,0.34546971321105957,0.020063670352101326,0.5946201682090759,0.3459051251411438,0.020006919279694557,0.5816786885261536,0.34199029207229614,-0.008493388071656227,0.5914363861083984,0.34777697920799255,-0.04784601926803589,0.5878264307975769,0.3592751920223236,0.031160298734903336,0.5909314751625061,0.3616124093532562,0.02032351866364479,0.5491305589675903,0.38777270913124084,-0.012534098699688911,0.5941489338874817,0.39455854892730713,-0.08143345266580582,0.560439944267273,0.46090176701545715,0.039022937417030334,0.6206012964248657,0.46320873498916626,-0.09844234585762024,0.5811445116996765,0.504374623298645,0.09476517885923386,0.6457597613334656,0.5300942063331604,-0.10842172056436539,0.5839551687240601,0.5151237845420837,0.09862111508846283,0.6500170826911926,0.5463075041770935,-0.12317690998315811,0.5882334113121033,0.5157437324523926,0.09208162873983383,0.6492711305618286,0.5450555086135864,-0.12090474367141724,0.5884517431259155,0.5128729939460754,0.09334442764520645,0.6471142768859863,0.5400343537330627,-0.10792724788188934,0.5487915873527527,0.5275297164916992,0.004765838384628296,0.5803094506263733,0.5326346755027771,-0.004891830962151289,0.5458551049232483,0.6152800917625427,0.11590443551540375,0.5678358674049377,0.618995189666748,0.12168651819229126,0.5397326350212097,0.7050414085388184,0.2421431541442871,0.5587500333786011,0.7066153883934021,0.25839415192604065,0.539082944393158,0.7286641597747803,0.25574061274528503,0.5574334859848022,0.7207112908363342,0.2733091711997986,0.5319687128067017,0.7144638299942017,0.24622008204460144,0.5555902719497681,0.7115733027458191,0.2588061988353729
0326,./images/142/frame_00326.jpg,Warning,0.592078447341919,0.35558196902275085,0.05071738362312317,0.5916048288345337,0.34504687786102295,0.03527276962995529,0.5903258919715881,0.3439491391181946,0.03528456389904022,0.5885149836540222,0.34270378947257996,0.035238102078437805,0.5937708616256714,0.3475489020347595,0.0324850007891655,0.5940905213356018,0.34833815693855286,0.032508302479982376,0.5944846868515015,0.3490840494632721,0.03246083855628967,0.5816023945808411,0.3443871736526489,0.0006755790673196316,0.5913943648338318,0.35138532519340515,-0.03375198319554329,0.5864086747169495,0.35978397727012634,0.033410750329494476,0.5899036526679993,0.36317557096481323,0.03109375573694706,0.549541175365448,0.38858482241630554,-0.010041185654699802,0.5947526693344116,0.4005982279777527,-0.05955812335014343,0.5587752461433411,0.4645817279815674,0.041637077927589417,0.6132279634475708,0.4760919213294983,-0.0660472884774208,0.5745572447776794,0.5090308785438538,0.09860529005527496,0.6343066692352295,0.544989824295044,-0.06038163974881172,0.5758558511734009,0.5197319388389587,0.10506321489810944,0.6382850408554077,0.5582802891731262,-0.06705768406391144,0.5816635489463806,0.5197160840034485,0.1003364771604538,0.6381117105484009,0.5587206482887268,-0.06554753333330154,0.5820682644844055,0.5163412094116211,0.0982634425163269,0.636273980140686,0.5548885464668274,-0.059605054557323456,0.5502879023551941,0.5278464555740356,-0.003931785933673382,0.5819220542907715,0.5333553552627563,0.0037798036355525255,0.5469114780426025,0.6177342534065247,0.09264428913593292,0.5684322118759155,0.6182703375816345,0.11069846153259277,0.5433729887008667,0.7072076797485352,0.19805970788002014,0.5580593347549438,0.7057316899299622,0.2243395298719406,0.5418300032615662,0.7266937494277954,0.20842011272907257,0.5561932325363159,0.718571662902832,0.2369438111782074,0.5369519591331482,0.7181035280227661,0.1994485855102539,0.554530143737793,0.7120466232299805,0.2250506579875946
0327,./images/142/frame_00327.jpg,Warning,0.5919442176818848,0.35929128527641296,0.08334935456514359,0.5914018154144287,0.3491154909133911,0.07126066088676453,0.5901191234588623,0.3478941023349762,0.07126311957836151,0.5883520245552063,0.3466756045818329,0.0712231919169426,0.5940223932266235,0.3519108295440674,0.06478281319141388,0.594599187374115,0.35281628370285034,0.0648084431886673,0.5951821804046631,0.35362502932548523,0.06477589905261993,0.5816947221755981,0.34850743412971497,0.023289598524570465,0.5919228196144104,0.355874240398407,-0.0051531363278627396,0.5863984823226929,0.36322927474975586,0.0703047513961792,0.5898452401161194,0.36695510149002075,0.06169741228222847,0.5504617691040039,0.3924480974674225,0.007750099990516901,0.5946656465530396,0.40581944584846497,-0.03418919816613197,0.5586332082748413,0.4666878283023834,0.055125631392002106,0.6071513295173645,0.4900415539741516,-0.04470323771238327,0.5753041505813599,0.5088439583778381,0.09841237217187881,0.627383291721344,0.555881142616272,-0.04317844286561012,0.5764689445495605,0.5175089836120605,0.10490114986896515,0.6308709383010864,0.5689877271652222,-0.04960262030363083,0.5831106305122375,0.5164881348609924,0.09900029748678207,0.630462110042572,0.5682589411735535,-0.045722596347332,0.5836480259895325,0.5138585567474365,0.09725264459848404,0.6283218264579773,0.5635928511619568,-0.04152659326791763,0.5505461096763611,0.5330515503883362,-0.007798428647220135,0.5816943645477295,0.539120078086853,0.007643464952707291,0.5478148460388184,0.6216955780982971,0.08183173835277557,0.569277286529541,0.6180115342140198,0.11169948428869247,0.5474527478218079,0.7123579978942871,0.1842660903930664,0.5576366186141968,0.7048013210296631,0.21320036053657532,0.5464430451393127,0.7270664572715759,0.1992727369070053,0.5554383993148804,0.7180450558662415,0.2243655025959015,0.5385411977767944,0.731481671333313,0.1800888180732727,0.5534141659736633,0.7171503901481628,0.21012429893016815
0328,./images/142/frame_00328.jpg,Warning,0.5866994857788086,0.36386120319366455,0.14322040975093842,0.58662348985672,0.35518527030944824,0.1305502951145172,0.5853064060211182,0.3545231521129608,0.13054731488227844,0.5834130644798279,0.3537451922893524,0.1304946094751358,0.5902882218360901,0.35743191838264465,0.12636491656303406,0.5914359092712402,0.35847219824790955,0.12639005482196808,0.5924456715583801,0.35946035385131836,0.12636828422546387,0.5788182020187378,0.3567568063735962,0.07508590072393417,0.5910167098045349,0.3626044690608978,0.0563272163271904,0.5820227265357971,0.36915910243988037,0.1268671154975891,0.5863186120986938,0.3722429573535919,0.12104944884777069,0.5510035157203674,0.3996462821960449,0.03323475271463394,0.5953017473220825,0.4145153760910034,0.02217993699014187,0.5653555989265442,0.47685331106185913,0.0678795650601387,0.607164204120636,0.5017473697662354,5.73212091694586e-05,0.5862866640090942,0.5141971707344055,0.10019885003566742,0.6229804158210754,0.5602753162384033,-0.014838275499641895,0.5880898833274841,0.5214343070983887,0.10303304344415665,0.6258649230003357,0.5755272507667542,-0.02255840227007866,0.595042884349823,0.5197538733482361,0.09795777499675751,0.6256791949272156,0.5742846727371216,-0.017894504591822624,0.5956546664237976,0.518276572227478,0.09893027693033218,0.6240237951278687,0.5689042806625366,-0.013707494363188744,0.5525680780410767,0.5462210178375244,-0.021225545555353165,0.5831304788589478,0.5535349249839783,0.0210886113345623,0.5479046106338501,0.6304853558540344,0.07405145466327667,0.5691486597061157,0.6210297346115112,0.13887850940227509,0.5495578050613403,0.7197420597076416,0.10994987189769745,0.5574671030044556,0.7062419652938843,0.19031797349452972,0.5497541427612305,0.7328004837036133,0.11384327709674835,0.5550276041030884,0.7199113368988037,0.19649650156497955,0.5418949723243713,0.7402494549751282,0.100827656686306,0.5516451597213745,0.7203128337860107,0.18150901794433594
0329,./images/142/frame_00329.jpg,Warning,0.5858508348464966,0.37043583393096924,0.11595459282398224,0.5852125883102417,0.3622371256351471,0.10237101465463638,0.5837852358818054,0.3616998493671417,0.10235419124364853,0.5819045305252075,0.3610677123069763,0.1022929698228836,0.5891913175582886,0.3645331561565399,0.0973198190331459,0.5903943777084351,0.36565569043159485,0.0973423570394516,0.5916460752487183,0.3668033480644226,0.09730913490056992,0.578013002872467,0.36510148644447327,0.0519886240363121,0.5908167362213135,0.37015363574028015,0.027276966720819473,0.5814229846000671,0.3762454688549042,0.10123112052679062,0.5859702825546265,0.3795853555202484,0.09422413259744644,0.5520752668380737,0.4085261821746826,0.02572442591190338,0.5951677560806274,0.4202057421207428,-0.010710326954722404,0.571366012096405,0.48653364181518555,0.055708520114421844,0.6084168553352356,0.4881940186023712,-0.014961828477680683,0.592338502407074,0.5252771377563477,0.08610472083091736,0.6214104294776917,0.5549380779266357,-0.004829273093491793,0.5951482653617859,0.5348831415176392,0.08437223732471466,0.6243685483932495,0.5716655254364014,-0.011124053969979286,0.6004993319511414,0.5332462787628174,0.0816078633069992,0.6238445043563843,0.5714218616485596,-0.011017465963959694,0.6004084348678589,0.5307375192642212,0.08497340977191925,0.6222034692764282,0.5651722550392151,-0.004898465238511562,0.5524330735206604,0.5508193373680115,-0.009471667930483818,0.5836549997329712,0.5544549226760864,0.009339498355984688,0.5489979386329651,0.6332008242607117,0.08147477358579636,0.5717161893844604,0.6075177788734436,0.1625661849975586,0.5502081513404846,0.7255097031593323,0.18379995226860046,0.5676615834236145,0.6733956933021545,0.31467920541763306,0.5503608584403992,0.7417036294937134,0.19598178565502167,0.5654735565185547,0.6902773380279541,0.33140724897384644,0.5413669347763062,0.7418034076690674,0.1824507862329483,0.5679619312286377,0.6743942499160767,0.3313472270965576
0330,./images/142/frame_00330.jpg,Warning,0.5861796736717224,0.37810930609703064,0.11667788028717041,0.5852717757225037,0.3696429431438446,0.1003987044095993,0.5841363072395325,0.36861568689346313,0.10038165748119354,0.5821436047554016,0.367999404668808,0.10033668577671051,0.5899742841720581,0.37253960967063904,0.09784416854381561,0.5912842154502869,0.3737564980983734,0.09788098931312561,0.5924991369247437,0.37495923042297363,0.09782140702009201,0.5789350271224976,0.3728816509246826,0.044547758996486664,0.5920521020889282,0.37975412607192993,0.02908540703356266,0.5815917253494263,0.38405078649520874,0.09972931444644928,0.5863299369812012,0.3876382112503052,0.09592051059007645,0.5561656355857849,0.4129648506641388,0.004363594576716423,0.596399188041687,0.4287959337234497,0.0004590732860378921,0.5680395364761353,0.4903205931186676,0.014917532913386822,0.6092867851257324,0.49328044056892395,-0.006981036625802517,0.5890043377876282,0.5316919088363647,0.0328092984855175,0.6204342842102051,0.5562111139297485,-0.017184074968099594,0.5918984413146973,0.5430954098701477,0.025916587561368942,0.6225562691688538,0.5707954168319702,-0.026210051029920578,0.5966286659240723,0.542738676071167,0.025675605982542038,0.6201654672622681,0.570213258266449,-0.026816904544830322,0.5967703461647034,0.5392343997955322,0.03230349346995354,0.6191076040267944,0.5643898844718933,-0.01833093911409378,0.5548889636993408,0.5573335289955139,-0.016058338806033134,0.5861596465110779,0.5624098777770996,0.01603149250149727,0.5502671003341675,0.6363692283630371,0.08434075862169266,0.5716632008552551,0.6147598028182983,0.1642424762248993,0.5485683679580688,0.727699339389801,0.19826538860797882,0.5647175312042236,0.6774302124977112,0.30938684940338135,0.5475178956985474,0.7434618473052979,0.21101519465446472,0.561999499797821,0.6977488398551941,0.32501697540283203,0.5401372909545898,0.7378672361373901,0.20079421997070312,0.5671266317367554,0.6890880465507507,0.3207760453224182
0331,./images/142/frame_00331.jpg,Warning,0.586557924747467,0.3836793303489685,0.052231527864933014,0.5857076644897461,0.3752287030220032,0.0324009545147419,0.5844840407371521,0.3744921088218689,0.03238164633512497,0.5825541615486145,0.3736306130886078,0.032334376126527786,0.5901013612747192,0.37785160541534424,0.03241317719221115,0.5913325548171997,0.3789787292480469,0.03243241459131241,0.59250807762146,0.38018471002578735,0.03235805407166481,0.5791533589363098,0.37852415442466736,-0.02970614656805992,0.5919998288154602,0.384502112865448,-0.03107447549700737,0.5819510221481323,0.3896118104457855,0.03439946472644806,0.5863940119743347,0.39285987615585327,0.034046612679958344,0.5565465688705444,0.4189373850822449,-0.05544816702604294,0.5987483263015747,0.4367506802082062,-0.03870600461959839,0.5628772377967834,0.4919489920139313,-0.01813587173819542,0.6102912425994873,0.5140720009803772,-0.030878785997629166,0.5775418281555176,0.5257168412208557,0.029171651229262352,0.6201945543289185,0.5538859367370605,-0.029376814141869545,0.5782208442687988,0.5358361601829529,0.027478137984871864,0.6208603382110596,0.5657764673233032,-0.03788013011217117,0.5844770669937134,0.5342649817466736,0.024506326764822006,0.6178323030471802,0.5645776391029358,-0.033135488629341125,0.5855737328529358,0.5310267210006714,0.028740445151925087,0.6173543930053711,0.5588551163673401,-0.02707076445221901,0.5561913847923279,0.5605388283729553,-0.019177500158548355,0.5891426205635071,0.569523274898529,0.019135724753141403,0.5511641502380371,0.6384739875793457,0.087405726313591,0.5728667974472046,0.616940975189209,0.1763988435268402,0.549005389213562,0.7259525060653687,0.20898523926734924,0.563000500202179,0.6838094592094421,0.3309943377971649,0.5484958291053772,0.7420656681060791,0.22218294441699982,0.5610067844390869,0.6987009644508362,0.3477090895175934,0.5387150645256042,0.7388764023780823,0.2106291502714157,0.5656265616416931,0.6937142014503479,0.34673652052879333
0332,./images/142/frame_00332.jpg,Warning,0.5866407752037048,0.38881373405456543,0.07546812295913696,0.5859869718551636,0.38080188632011414,0.04448834806680679,0.5847040414810181,0.3801502585411072,0.044439882040023804,0.5827885270118713,0.3793655335903168,0.044431012123823166,0.5901376008987427,0.3834706246852875,0.05648444965481758,0.5914032459259033,0.38467326760292053,0.05650823190808296,0.5928467512130737,0.38601312041282654,0.05640138313174248,0.5791919231414795,0.38423648476600647,0.003619553055614233,0.592557966709137,0.39111849665641785,-0.0024390402249991894,0.58216392993927,0.3952951729297638,0.048203952610492706,0.5864583849906921,0.39872419834136963,0.05958517640829086,0.5572789907455444,0.42464011907577515,-0.020462730899453163,0.6014691591262817,0.4444813132286072,-0.016520801931619644,0.5636481046676636,0.49791082739830017,0.025338271632790565,0.61150062084198,0.5202555656433105,-0.004810788203030825,0.5812165141105652,0.5178770422935486,0.07886891812086105,0.624056875705719,0.5519028306007385,0.006168755702674389,0.582384467124939,0.527650773525238,0.07974277436733246,0.625342071056366,0.5623116493225098,0.002322060987353325,0.589150071144104,0.527676522731781,0.07747958600521088,0.6238116025924683,0.5611108541488647,0.0012474929681047797,0.5904288291931152,0.5234794020652771,0.07863180339336395,0.622574508190155,0.5561494827270508,0.005779325496405363,0.5583122372627258,0.5741894245147705,-0.01874309405684471,0.5913883447647095,0.5842730402946472,0.018663346767425537,0.5510528087615967,0.6446713209152222,0.09657832980155945,0.5746554732322693,0.6172166466712952,0.189254492521286,0.5470970869064331,0.7272747755050659,0.20529870688915253,0.5632666349411011,0.6856870651245117,0.3364020586013794,0.5472689867019653,0.7414388656616211,0.21799342334270477,0.5617517232894897,0.7022907733917236,0.35286182165145874,0.5375669598579407,0.7383334040641785,0.21236124634742737,0.5623646378517151,0.6960927844047546,0.3578924834728241
0333,./images/142/frame_00333.jpg,Warning,0.5903183221817017,0.39614158868789673,0.06131459400057793,0.5896522402763367,0.3884045481681824,0.041777245700359344,0.5874915719032288,0.3872734606266022,0.041756521910429,0.5859614610671997,0.38649457693099976,0.041724685579538345,0.5941205620765686,0.39142045378685,0.04209498316049576,0.5952933430671692,0.3926336467266083,0.04209809750318527,0.5963929891586304,0.3937586843967438,0.04199902340769768,0.5821942090988159,0.39184531569480896,-0.009236833080649376,0.5956379175186157,0.3987673819065094,-0.014441931620240211,0.585305392742157,0.40206286311149597,0.04612227529287338,0.5901272296905518,0.4061697721481323,0.0462651327252388,0.5577247142791748,0.43564847111701965,-0.02542097494006157,0.6049983501434326,0.4563387632369995,-0.023522425442934036,0.5681646466255188,0.5024421811103821,0.03982444480061531,0.618172287940979,0.537799596786499,0.025341683998703957,0.5942830443382263,0.5095623731613159,0.12384508550167084,0.6206556558609009,0.543815553188324,0.08210541307926178,0.5974776148796082,0.5095811486244202,0.12411757558584213,0.62376469373703,0.5588532090187073,0.0839754268527031,0.6031602621078491,0.5059137344360352,0.12217766046524048,0.6187046766281128,0.5555101037025452,0.07754001766443253,0.6038331389427185,0.5063562393188477,0.12415393441915512,0.617468535900116,0.547998309135437,0.08071663230657578,0.5587984323501587,0.5913757085800171,-0.015821613371372223,0.5933778285980225,0.5998526811599731,0.015779320150613785,0.5503487586975098,0.6406316757202148,0.13223853707313538,0.576123833656311,0.6209546327590942,0.2052341252565384,0.5464812517166138,0.7248784303665161,0.24799469113349915,0.5636740922927856,0.6919573545455933,0.35305294394493103,0.5466512441635132,0.7387768030166626,0.2623863220214844,0.5612829327583313,0.7090271711349487,0.3699102997779846,0.5372557044029236,0.7373864650726318,0.2658923268318176,0.5614608526229858,0.6970268487930298,0.3778894245624542
0334,./images/142/frame_00334.jpg,Warning,0.5943695306777954,0.409976065158844,0.06741859763860703,0.5932713150978088,0.40078702569007874,0.05150635913014412,0.5915368795394897,0.39963802695274353,0.05148758739233017,0.5895600318908691,0.39827436208724976,0.051452577114105225,0.5979837775230408,0.4044914245605469,0.048162251710891724,0.5994707345962524,0.405850887298584,0.048162560909986496,0.6007060408592224,0.40707284212112427,0.04807210713624954,0.5856702327728271,0.4015977680683136,-0.00040902834734879434,0.5987430214881897,0.4104473888874054,-0.01889849081635475,0.5893043279647827,0.41464999318122864,0.05466204136610031,0.594037652015686,0.41970551013946533,0.050729475915431976,0.5579825639724731,0.4411320686340332,-0.016266413033008575,0.6076849102973938,0.4679591655731201,-0.02621544525027275,0.5711047053337097,0.5089368224143982,0.05855729430913925,0.6228688359260559,0.5467703342437744,0.014993445947766304,0.6008328199386597,0.5097565650939941,0.13946178555488586,0.6222679615020752,0.5437548160552979,0.064681276679039,0.6040248274803162,0.5097845196723938,0.13682439923286438,0.6263333559036255,0.555169939994812,0.062452901154756546,0.6103161573410034,0.506283700466156,0.1332022100687027,0.6213488578796387,0.5522089600563049,0.05632429197430611,0.611275315284729,0.5073928236961365,0.13859382271766663,0.6187945604324341,0.5440945029258728,0.06284182518720627,0.5588093996047974,0.6175752282142639,-0.012071071192622185,0.5934332013130188,0.6216742992401123,0.012009759433567524,0.549811840057373,0.639125406742096,0.17981192469596863,0.5772107839584351,0.623390257358551,0.23855790495872498,0.5458270311355591,0.7256893515586853,0.32539746165275574,0.5641847848892212,0.6959851384162903,0.4114949107170105,0.5459015965461731,0.7400612831115723,0.34403133392333984,0.5612484216690063,0.7124499678611755,0.4316425323486328,0.5392330884933472,0.7359464168548584,0.35450106859207153,0.5609317421913147,0.6981543898582458,0.4431796967983246
0335,./images/142/frame_00335.jpg,Warning,0.5952752232551575,0.4258858561515808,0.0696304515004158,0.594618022441864,0.41575971245765686,0.052402328699827194,0.5926342606544495,0.41411370038986206,0.052387434989213943,0.5909618735313416,0.4128272533416748,0.052359867841005325,0.5991159081459045,0.4192489683628082,0.04841417446732521,0.6004101634025574,0.4202558696269989,0.04841047152876854,0.6015264987945557,0.4211682081222534,0.04830097407102585,0.5865968465805054,0.41559627652168274,0.0019958852790296078,0.5994065999984741,0.423867791891098,-0.016925174742937088,0.5897554159164429,0.42939525842666626,0.05754140764474869,0.5944266319274902,0.43469175696372986,0.0523429736495018,0.5576134920120239,0.45416542887687683,-0.00909837894141674,0.6085507869720459,0.4756684899330139,-0.026874909177422523,0.5700696706771851,0.5222423076629639,0.09647685289382935,0.6288648247718811,0.5510343313217163,0.04093186929821968,0.5951396822929382,0.5126908421516418,0.20934352278709412,0.6239097714424133,0.5450680255889893,0.12834958732128143,0.5973526239395142,0.5115402936935425,0.21654336154460907,0.6302736401557922,0.5524089932441711,0.13418424129486084,0.6031678915023804,0.5088583827018738,0.21559421718120575,0.6234903335571289,0.5514312386512756,0.1285351812839508,0.6042249202728271,0.5107760429382324,0.21126048266887665,0.6207315325737,0.5420929193496704,0.12826068699359894,0.5592218637466431,0.6289070248603821,-0.010375503450632095,0.5954976081848145,0.6348233819007874,0.010308702476322651,0.5482809543609619,0.6403907537460327,0.18299224972724915,0.5783802270889282,0.6276122331619263,0.24354390799999237,0.5454367399215698,0.7305901646614075,0.3106606602668762,0.5666059255599976,0.7007623910903931,0.4023590087890625,0.5455640554428101,0.7424382567405701,0.3274369239807129,0.5615124702453613,0.716277539730072,0.42134037613868713,0.5386161208152771,0.7361215353012085,0.3419802784919739,0.5628904104232788,0.6989574432373047,0.43861618638038635
0336,./images/142/frame_00336.jpg,Warning,0.5939584970474243,0.43430671095848083,0.13993103802204132,0.5940216779708862,0.42501357197761536,0.11807187646627426,0.5919195413589478,0.4240506887435913,0.11803803592920303,0.590385913848877,0.4231465756893158,0.1179889664053917,0.598918080329895,0.4277263581752777,0.11633789539337158,0.6001704931259155,0.4287834167480469,0.11630574613809586,0.6008347272872925,0.4297398328781128,0.11620843410491943,0.5863313674926758,0.4274507761001587,0.04179380089044571,0.5984175205230713,0.4343956708908081,0.03471434488892555,0.5891431570053101,0.43977877497673035,0.11773743480443954,0.5943148732185364,0.444258451461792,0.11561602354049683,0.557720959186554,0.4662371873855591,-0.0001345929631497711,0.6112229228019714,0.4853382110595703,0.01204320602118969,0.5698396563529968,0.5318143367767334,0.06738181412220001,0.636609673500061,0.5645030736923218,0.07661409676074982,0.5888901948928833,0.5148879885673523,0.15825292468070984,0.6283239126205444,0.5501399636268616,0.17380037903785706,0.588880181312561,0.5125030875205994,0.1688472032546997,0.6376577019691467,0.5536555051803589,0.18159979581832886,0.5944141745567322,0.5088209509849548,0.1576097309589386,0.6335304975509644,0.5482728481292725,0.17906853556632996,0.5961771607398987,0.5107287168502808,0.1566164493560791,0.6302741765975952,0.5430058240890503,0.1747056394815445,0.5619332194328308,0.6452423334121704,-0.015044694766402245,0.5984349846839905,0.648610532283783,0.014805848710238934,0.5433446168899536,0.6467475295066833,0.19730933010578156,0.5778789520263672,0.6306784749031067,0.25226032733917236,0.5452066659927368,0.7294705510139465,0.28895360231399536,0.5656123757362366,0.7003412246704102,0.3530976474285126,0.5451725721359253,0.74101722240448,0.3013329803943634,0.5612033605575562,0.715067446231842,0.3656390905380249,0.5366988182067871,0.7386229634284973,0.314409464597702,0.5574204325675964,0.7129850387573242,0.37672528624534607
0337,./images/142/frame_00337.jpg,Warning,0.5936146974563599,0.4471382200717926,0.11492858082056046,0.5933844447135925,0.4376234710216522,0.09325925260782242,0.5913814306259155,0.43669962882995605,0.09323513507843018,0.5897012948989868,0.4357263743877411,0.0931946411728859,0.5986644625663757,0.4391150176525116,0.09107158333063126,0.5999783277511597,0.43958041071891785,0.09104079008102417,0.6003128290176392,0.4399816691875458,0.09093160927295685,0.5860264897346497,0.4377925395965576,0.016963163390755653,0.5981531739234924,0.44252854585647583,0.01856708899140358,0.588706374168396,0.4527282416820526,0.09420005232095718,0.5935765504837036,0.45530572533607483,0.09121327102184296,0.557571530342102,0.47952350974082947,-0.021113740280270576,0.6133429408073425,0.48949676752090454,-0.007147484924644232,0.53736811876297,0.520788311958313,0.05167156457901001,0.6387714743614197,0.5675521492958069,0.04350719600915909,0.5361877083778381,0.5237919092178345,0.16400881111621857,0.6393426656723022,0.5732666254043579,0.12997117638587952,0.5298460721969604,0.524980366230011,0.16847175359725952,0.6438776254653931,0.5790545344352722,0.1369485855102539,0.5329411625862122,0.5192408561706543,0.17295295000076294,0.6407273411750793,0.5705353021621704,0.13352632522583008,0.5368583798408508,0.5197937488555908,0.16867795586585999,0.64617520570755,0.5734623074531555,0.13097283244132996,0.5641711354255676,0.6559900641441345,-0.01563308760523796,0.6005487442016602,0.6557546854019165,0.015283612534403801,0.5412122011184692,0.6631612777709961,0.1905263364315033,0.5825265645980835,0.6392059922218323,0.24242830276489258,0.5448290705680847,0.7331088781356812,0.3122987747192383,0.5650251507759094,0.7011283040046692,0.37226176261901855,0.5447839498519897,0.7413946986198425,0.327945739030838,0.5611089468002319,0.7150360941886902,0.3883562684059143,0.5328779220581055,0.7436174154281616,0.3424566090106964,0.5550697445869446,0.7117494940757751,0.4050993323326111
0338,./images/142/frame_00338.jpg,Warning,0.5934168100357056,0.45453140139579773,0.1247602254152298,0.593072772026062,0.44513484835624695,0.10161928087472916,0.5910958051681519,0.44427311420440674,0.10161324590444565,0.5894448161125183,0.4433569312095642,0.10159836709499359,0.5979481339454651,0.4465327858924866,0.10025838762521744,0.5991100072860718,0.4468628764152527,0.10021054744720459,0.5995953679084778,0.44719070196151733,0.1000981330871582,0.5854451656341553,0.44568967819213867,0.02104240655899048,0.5989066362380981,0.4493298828601837,0.01893921196460724,0.5883784294128418,0.46019089221954346,0.10152880102396011,0.5931144952774048,0.4622538387775421,0.09995032846927643,0.5573843717575073,0.4833622872829437,-0.013388892635703087,0.6150620579719543,0.4928034842014313,-0.008008783683180809,0.5371759533882141,0.5162630081176758,0.0638970211148262,0.6395082473754883,0.5624460577964783,0.04064544662833214,0.5438562631607056,0.5231935381889343,0.19296427071094513,0.6508833169937134,0.6076529026031494,0.1287117749452591,0.541460394859314,0.527587354183197,0.20058564841747284,0.6563307642936707,0.6197779178619385,0.13913817703723907,0.5451807379722595,0.5229860544204712,0.20385423302650452,0.6538342833518982,0.6151250004768372,0.13506872951984406,0.5475066900253296,0.5222404599189758,0.197443887591362,0.6520572900772095,0.6130329370498657,0.1302325427532196,0.5654722452163696,0.6650145053863525,-0.014614937826991081,0.6019691228866577,0.663555383682251,0.014234771020710468,0.5416844487190247,0.6554354429244995,0.17643572390079498,0.5885692834854126,0.6403650641441345,0.22416427731513977,0.5450402498245239,0.7216382622718811,0.2746363878250122,0.5646003484725952,0.7024281620979309,0.3247729241847992,0.545776903629303,0.7301818132400513,0.28784745931625366,0.5605397820472717,0.7130804061889648,0.3350898325443268,0.5332913398742676,0.7418168783187866,0.306466281414032,0.5513148307800293,0.7167314291000366,0.36453723907470703
0339,./images/142/frame_00339.jpg,Warning,0.593407154083252,0.4614346921443939,0.11697788536548615,0.5929009318351746,0.4521748125553131,0.09520101547241211,0.5909815430641174,0.451432466506958,0.09517699480056763,0.5892016291618347,0.4506363272666931,0.09516699612140656,0.5978487730026245,0.45373016595840454,0.09367930889129639,0.599291205406189,0.4542868435382843,0.09365744143724442,0.6004528999328613,0.45484673976898193,0.09358369559049606,0.5853866338729858,0.45352494716644287,0.019182775169610977,0.6016235947608948,0.4577163755893707,0.014870922081172466,0.5886092782020569,0.4679926931858063,0.09465210884809494,0.593978226184845,0.4699636995792389,0.09321653097867966,0.5577313899993896,0.49190789461135864,-0.024476660415530205,0.6189504265785217,0.5068932175636292,-0.012197434902191162,0.5312018990516663,0.5151709914207458,-0.0939009040594101,0.6453596353530884,0.5814164280891418,-0.0898267924785614,0.508491039276123,0.5209423303604126,-0.13521263003349304,0.6615375876426697,0.638069748878479,-0.16666926443576813,0.4982481598854065,0.5259870290756226,-0.15837839245796204,0.6676163673400879,0.6534459590911865,-0.18270623683929443,0.5008068680763245,0.5205047130584717,-0.14326754212379456,0.6652412414550781,0.6552407741546631,-0.1820191890001297,0.5063480138778687,0.5217347741127014,-0.13117079436779022,0.6643437147140503,0.6472183465957642,-0.1683010756969452,0.5652340650558472,0.6709076166152954,-0.016784032806754112,0.6042116284370422,0.674074649810791,0.016316218301653862,0.5441015362739563,0.6700710654258728,0.17174431681632996,0.5922022461891174,0.6565065979957581,0.23730647563934326,0.5442575812339783,0.720851719379425,0.1768919974565506,0.5689388513565063,0.7080433964729309,0.2498149871826172,0.5456844568252563,0.72917640209198,0.17693430185317993,0.5633193850517273,0.715680718421936,0.2513771057128906,0.5337070822715759,0.7439661622047424,0.17380210757255554,0.5578423738479614,0.7344216108322144,0.2632206082344055
0340,./images/142/frame_00340.jpg,Warning,0.5934380292892456,0.4721457064151764,0.11177422106266022,0.5927209854125977,0.4616110026836395,0.0907181054353714,0.5907889604568481,0.46105432510375977,0.09069350361824036,0.5889711380004883,0.4604547619819641,0.0906667411327362,0.5978039503097534,0.4623517692089081,0.08855040371417999,0.5993877053260803,0.46258002519607544,0.088536836206913,0.6008809804916382,0.46286752820014954,0.08846459537744522,0.585281491279602,0.461927592754364,0.0163002610206604,0.6027482151985168,0.46467599272727966,0.012536461465060711,0.589147686958313,0.4788672626018524,0.09078031778335571,0.5948700904846191,0.47990158200263977,0.08844368159770966,0.5589170455932617,0.4986443817615509,-0.021202452480793,0.6220722198486328,0.5157386660575867,-0.023842070251703262,0.5531613230705261,0.5566664934158325,-0.03853488713502884,0.6541982293128967,0.6008175611495972,-0.07709562033414841,0.545076310634613,0.5803503394126892,-0.06426610052585602,0.6726269125938416,0.6772835850715637,-0.1293187290430069,0.5377336740493774,0.5876891016960144,-0.0766104906797409,0.6796890497207642,0.6910938024520874,-0.144644096493721,0.5429245233535767,0.584364116191864,-0.07153791189193726,0.6785498261451721,0.6912326216697693,-0.14144673943519592,0.5472785234451294,0.5842536091804504,-0.06319515407085419,0.6744958758354187,0.686713695526123,-0.12977537512779236,0.5662730932235718,0.6821141242980957,-0.013042395003139973,0.6055005788803101,0.6912786960601807,0.012513970956206322,0.5496308207511902,0.6672483682632446,0.2219531238079071,0.5969775915145874,0.6645298600196838,0.24220673739910126,0.5429919362068176,0.7244123816490173,0.2751463055610657,0.5678972601890564,0.7188469171524048,0.2590169608592987,0.5445457696914673,0.730428159236908,0.2816377282142639,0.5632627606391907,0.7272549271583557,0.28026044368743896,0.5321837663650513,0.7425506711006165,0.2937907576560974,0.5577231645584106,0.740514874458313,0.29481983184814453
0341,./images/142/frame_00341.jpg,Warning,0.5963550806045532,0.4784266948699951,0.02801932767033577,0.5946522951126099,0.46787214279174805,0.0060484325513243675,0.5925514101982117,0.467237263917923,0.006030871067196131,0.5904443264007568,0.46666419506073,0.005969793535768986,0.6004167795181274,0.46927309036254883,0.0018496208358556032,0.6022997498512268,0.4697152376174927,0.0018246214604005218,0.6041561365127563,0.47016313672065735,0.0017202220624312758,0.5867660641670227,0.4687320291996002,-0.06300725787878036,0.6057602763175964,0.4720616638660431,-0.08073501288890839,0.5921796560287476,0.4852951765060425,0.008797870017588139,0.5984259247779846,0.4867995083332062,0.0035987545270472765,0.5599368214607239,0.509337306022644,-0.06713619083166122,0.6238299608230591,0.5219800472259521,-0.10855640470981598,0.5612688660621643,0.5810695886611938,-0.027146002277731895,0.6572703123092651,0.608771026134491,-0.12184063345193863,0.5686758756637573,0.625493049621582,0.01211352739483118,0.6802743077278137,0.6911734938621521,-0.14555706083774567,0.5672972798347473,0.6378086805343628,0.008531683124601841,0.685552179813385,0.7003371119499207,-0.1658693253993988,0.572288990020752,0.6357317566871643,0.000876916223205626,0.685575544834137,0.7012717127799988,-0.16269823908805847,0.5745818614959717,0.6333760023117065,0.009838784113526344,0.6822959184646606,0.6984953880310059,-0.14572414755821228,0.5725095868110657,0.7007668614387512,-0.004419912118464708,0.6093202829360962,0.7036793231964111,0.004146226681768894,0.5491551756858826,0.6657178401947021,0.20585963129997253,0.5924772024154663,0.6700555086135864,0.22524404525756836,0.5403517484664917,0.7327611446380615,0.38704341650009155,0.5594686269760132,0.726593017578125,0.3861025869846344,0.5396134853363037,0.7385035753250122,0.4074905812740326,0.5533056855201721,0.739246129989624,0.4053723216056824,0.5298742651939392,0.7431178689002991,0.420156866312027,0.5468228459358215,0.7344611287117004,0.40951094031333923
0342,./images/142/frame_00342.jpg,Warning,0.5976409316062927,0.4885207414627075,0.0459473580121994,0.5957829356193542,0.47757619619369507,0.024581249803304672,0.5935947299003601,0.4768426716327667,0.024564582854509354,0.5913090109825134,0.47619619965553284,0.024501334875822067,0.6016498804092407,0.47930559515953064,0.023268206045031548,0.6034941673278809,0.4798573851585388,0.023246143013238907,0.6053455471992493,0.48040682077407837,0.02315237745642662,0.587874710559845,0.47789421677589417,-0.04387228563427925,0.6068662405014038,0.4824662506580353,-0.047470830380916595,0.5932672023773193,0.49496427178382874,0.02680031955242157,0.5996223092079163,0.49692222476005554,0.02568715251982212,0.5618113279342651,0.5127397775650024,-0.05880611389875412,0.6263341903686523,0.5330423712730408,-0.06848983466625214,0.5284576416015625,0.5683389902114868,-0.02136005088686943,0.6546159386634827,0.6073631644248962,-0.06369313597679138,0.521282434463501,0.5372908711433411,0.12593647837638855,0.6802294850349426,0.6891323328018188,-0.05691146105527878,0.5157483816146851,0.5357197523117065,0.1319882571697235,0.6881011724472046,0.7003995180130005,-0.06489203125238419,0.5187652111053467,0.5349513292312622,0.13308969140052795,0.6867137551307678,0.7019745111465454,-0.06513694673776627,0.5226722955703735,0.5389543175697327,0.12989988923072815,0.6826313734054565,0.7004355788230896,-0.056846983730793,0.5757097601890564,0.7092936038970947,-0.012308137491345406,0.6132697463035583,0.7122060060501099,0.011976621113717556,0.5565319657325745,0.6679061651229858,0.18676498532295227,0.5934796333312988,0.6816273331642151,0.24960537254810333,0.5420995950698853,0.7312794327735901,0.31460005044937134,0.5594378709793091,0.7289348244667053,0.4003729820251465,0.5397870540618896,0.7398466467857361,0.32941558957099915,0.5523844957351685,0.7432540655136108,0.4180270731449127,0.5301313400268555,0.7406601905822754,0.3400510549545288,0.5449374914169312,0.7310759425163269,0.4353499412536621
0343,./images/142/frame_00343.jpg,Warning,0.5998990535736084,0.4967467784881592,0.031918641179800034,0.5980883836746216,0.4860210120677948,0.007872920483350754,0.5959631204605103,0.48533421754837036,0.007852431386709213,0.5936337113380432,0.48470425605773926,0.007765619549900293,0.6041997671127319,0.4875049591064453,0.00727958744391799,0.6062220335006714,0.4880097210407257,0.007247178815305233,0.6082468628883362,0.4885655641555786,0.007125384174287319,0.5908787846565247,0.4876968264579773,-0.06846794486045837,0.6099287867546082,0.4923759400844574,-0.06764103472232819,0.5956536531448364,0.5034669637680054,0.010708590969443321,0.6022619605064392,0.5055731534957886,0.010659904219210148,0.5629515051841736,0.5253124833106995,-0.08392134308815002,0.6309181451797485,0.5439112186431885,-0.08217933773994446,0.5304602384567261,0.5748022794723511,-0.006943895481526852,0.657796323299408,0.6199621558189392,-0.050191380083560944,0.5267974138259888,0.5812802314758301,0.11375695466995239,0.6829465627670288,0.6960427165031433,-0.0010785439517349005,0.5230680108070374,0.5842398405075073,0.12000854313373566,0.6889625787734985,0.7120421528816223,-0.0022780527360737324,0.5265147686004639,0.5828338265419006,0.11828318983316422,0.6868912577629089,0.7125450968742371,-0.004578555468469858,0.5295441746711731,0.5843698978424072,0.1164655089378357,0.6843357682228088,0.7090672850608826,0.0003536231233738363,0.5820497274398804,0.7304301857948303,-0.020358338952064514,0.6222070455551147,0.7314999103546143,0.020036939531564713,0.5590977668762207,0.6575190424919128,0.15280725061893463,0.6023203730583191,0.673226535320282,0.2357577383518219,0.5381202697753906,0.7353114485740662,0.357918918132782,0.5735787749290466,0.7308827042579651,0.43244582414627075,0.5361723899841309,0.7459943890571594,0.3817487359046936,0.5680521726608276,0.7484114766120911,0.45468300580978394,0.5266669988632202,0.7402106523513794,0.4077799916267395,0.5636863112449646,0.7299603819847107,0.4797561764717102
0344,./images/142/frame_00344.jpg,Warning,0.600288987159729,0.5089380741119385,0.05245710536837578,0.5991328954696655,0.49850544333457947,0.032810427248477936,0.5972975492477417,0.4978151023387909,0.03278938680887222,0.5952602624893188,0.49719831347465515,0.03272978216409683,0.6049612760543823,0.5000060200691223,0.029184427112340927,0.6072081327438354,0.5005223751068115,0.0291471965610981,0.6094340085983276,0.5010973811149597,0.02904055081307888,0.5933101177215576,0.49973466992378235,-0.0524493046104908,0.6119927167892456,0.5052809715270996,-0.04358542710542679,0.5961822271347046,0.5158436894416809,0.03403602913022041,0.602358877658844,0.5181328654289246,0.03201368823647499,0.5635921955108643,0.5375735759735107,-0.0915134996175766,0.6340572237968445,0.5560150742530823,-0.06086010858416557,0.5274753570556641,0.616230309009552,-0.046078067272901535,0.6603561043739319,0.633840024471283,-0.029846426099538803,0.5248392224311829,0.6679238677024841,0.053890593349933624,0.6846125721931458,0.708484411239624,0.004110767971724272,0.5224460959434509,0.6817961931228638,0.05648264288902283,0.6880583167076111,0.7249875664710999,0.002085100393742323,0.5258516669273376,0.6831182241439819,0.05705763027071953,0.6853066682815552,0.7254908084869385,4.564598566503264e-05,0.5279471278190613,0.6793874502182007,0.056757569313049316,0.6832863688468933,0.7190806865692139,0.004197028465569019,0.5867348909378052,0.7413209676742554,-0.03652539104223251,0.6274248957633972,0.7431564927101135,0.03622747212648392,0.5518698692321777,0.65653395652771,0.10719849914312363,0.6063048839569092,0.6667929887771606,0.2414296418428421,0.5385721921920776,0.7369089722633362,0.32665762305259705,0.5860337018966675,0.7303749322891235,0.4242025911808014,0.536966860294342,0.7481005191802979,0.35088175535202026,0.5843979120254517,0.7473602890968323,0.44413241744041443,0.5259270071983337,0.7404407262802124,0.3841727375984192,0.5744239687919617,0.7303416728973389,0.47005414962768555
0345,./images/142/frame_00345.jpg,Warning,0.605709969997406,0.519805908203125,0.04614878445863724,0.6046803593635559,0.5092352628707886,0.0211392380297184,0.6029013991355896,0.5084758400917053,0.02110706828534603,0.6007681488990784,0.5077193379402161,0.021038737148046494,0.6104169487953186,0.5106887221336365,0.022010060027241707,0.6125627756118774,0.5110616683959961,0.02199074998497963,0.6148306131362915,0.5114743709564209,0.02188449166715145,0.5986431837081909,0.5097237229347229,-0.06614912301301956,0.6164320707321167,0.514789342880249,-0.0575709268450737,0.6016660928726196,0.5260301828384399,0.021919211372733116,0.6074848175048828,0.5287153124809265,0.023464839905500412,0.5669703483581543,0.5475932955741882,-0.10259747505187988,0.6373069882392883,0.5684836506843567,-0.058864522725343704,0.5324791669845581,0.6475832462310791,-0.07389040291309357,0.6663383841514587,0.6506310105323792,-0.018396658822894096,0.5272318124771118,0.72845458984375,-0.000574593199416995,0.6868281364440918,0.7197743058204651,0.041504960507154465,0.5223318338394165,0.7424758076667786,0.0012884114403277636,0.6897692084312439,0.7322944402694702,0.04469958692789078,0.5222316980361938,0.743419885635376,0.0022274889051914215,0.6870163679122925,0.7324703931808472,0.04288925230503082,0.5261367559432983,0.7376753091812134,0.0023729228414595127,0.6854220628738403,0.7295243144035339,0.042430177330970764,0.5908534526824951,0.7493504285812378,-0.03198155015707016,0.6315441131591797,0.7544000148773193,0.03162306547164917,0.5517281293869019,0.6685290932655334,0.13327854871749878,0.604463517665863,0.68932044506073,0.24629822373390198,0.5535724759101868,0.7374795079231262,0.3669658303260803,0.5830002427101135,0.7354592084884644,0.451482355594635,0.5583204030990601,0.750209629535675,0.39360862970352173,0.5809082388877869,0.7499122023582458,0.4741764962673187,0.5428059697151184,0.7365047931671143,0.42461028695106506,0.5711856484413147,0.729184627532959,0.49725478887557983
0346,./images/142/frame_00346.jpg,Warning,0.6087750792503357,0.5271495580673218,0.07658039033412933,0.6078557968139648,0.5173601508140564,0.048133544623851776,0.6061591506004333,0.5169697999954224,0.04814399406313896,0.6041516065597534,0.5166434049606323,0.048094768077135086,0.6134799718856812,0.5182422399520874,0.053330469876527786,0.6157420873641968,0.5186588764190674,0.053338952362537384,0.6181395053863525,0.5192036628723145,0.053212977945804596,0.6023629903793335,0.5199342370033264,-0.054861266165971756,0.6205583810806274,0.524168848991394,-0.015546904876828194,0.6056863069534302,0.5347343683242798,0.051172055304050446,0.6115981340408325,0.5371507406234741,0.05795560032129288,0.5735051035881042,0.5559534430503845,-0.08564989268779755,0.6435881853103638,0.5801549553871155,-0.021174810826778412,0.5356754660606384,0.6097118258476257,0.040355004370212555,0.6714662909507751,0.6729474067687988,0.04433608800172806,0.553520917892456,0.6367584466934204,0.20199067890644073,0.6830213665962219,0.7120146155357361,0.11927644908428192,0.5552557706832886,0.6156243085861206,0.2135297805070877,0.688112199306488,0.7236159443855286,0.12725356221199036,0.5625960230827332,0.6212077140808105,0.21252217888832092,0.6854523420333862,0.7227678298950195,0.11954591423273087,0.5642373561859131,0.6318749189376831,0.20576639473438263,0.684747040271759,0.7244295477867126,0.11909767240285873,0.5937589406967163,0.7553002238273621,-0.031025419011712074,0.6319807767868042,0.7573302984237671,0.030782844871282578,0.5544661283493042,0.6740729808807373,0.14133799076080322,0.602595329284668,0.6808487772941589,0.24478749930858612,0.5510071516036987,0.7392925024032593,0.37343090772628784,0.5641211271286011,0.7371759414672852,0.4472419321537018,0.5539938807487488,0.754239559173584,0.40002116560935974,0.5618851184844971,0.7527264952659607,0.47004514932632446,0.5343207120895386,0.7321953773498535,0.43198078870773315,0.5370519161224365,0.7304967045783997,0.498748242855072
0347,./images/142/frame_00347.jpg,Warning,0.620147168636322,0.5325636267662048,0.048682086169719696,0.6175959706306458,0.5233532190322876,0.02316552959382534,0.6154850125312805,0.5230255126953125,0.02318035438656807,0.6132875680923462,0.5227676033973694,0.023105766624212265,0.6239979267120361,0.5242478251457214,0.023468289524316788,0.6262643933296204,0.5247666239738464,0.023465700447559357,0.6284953951835632,0.5254388451576233,0.023349139839410782,0.6090393662452698,0.5262793898582458,-0.05567536875605583,0.6291383504867554,0.5305545926094055,-0.0497666634619236,0.6160930395126343,0.5405088067054749,0.027694743126630783,0.622862696647644,0.542399525642395,0.028587808832526207,0.5743857622146606,0.5648884177207947,-0.07222718000411987,0.6496729254722595,0.5871143341064453,-0.05837101489305496,0.5566509962081909,0.6312779784202576,0.04196716099977493,0.6732116937637329,0.6717382073402405,0.025590071454644203,0.5744120478630066,0.6187890768051147,0.18101021647453308,0.6906505227088928,0.7277445197105408,0.08478327095508575,0.5761404633522034,0.6114291548728943,0.19015726447105408,0.6954421401023865,0.7376905083656311,0.09970054775476456,0.5843038558959961,0.6139835715293884,0.18363036215305328,0.6950865983963013,0.7349522709846497,0.06479748338460922,0.5860337018966675,0.618885338306427,0.18216903507709503,0.6915594339370728,0.7332267761230469,0.09177805483341217,0.5925301313400269,0.7563563585281372,-0.025828372687101364,0.6334294080734253,0.7588385939598083,0.025846457108855247,0.5544569492340088,0.6737292408943176,0.1441071629524231,0.6119030117988586,0.6775192618370056,0.24086174368858337,0.5513812303543091,0.7369513511657715,0.37390321493148804,0.5889832973480225,0.7342790365219116,0.4373861253261566,0.5538308024406433,0.7506120204925537,0.4001246392726898,0.5877333879470825,0.7494059205055237,0.4600387215614319,0.5363144278526306,0.7313718199729919,0.43689101934432983,0.5745607614517212,0.7206827998161316,0.49218469858169556
0348,./images/142/frame_00348.jpg,Warning,0.6328153014183044,0.5315956473350525,0.053888075053691864,0.6298179626464844,0.5225054621696472,0.029032159596681595,0.6277183890342712,0.5221364498138428,0.02905024215579033,0.6255125403404236,0.5218272805213928,0.029007095843553543,0.6358934044837952,0.5241507887840271,0.029309779405593872,0.637940526008606,0.5249808430671692,0.02930344268679619,0.6398348212242126,0.5257840752601624,0.029196370393037796,0.620419442653656,0.526185929775238,-0.0481395460665226,0.6406273245811462,0.5309393405914307,-0.04412873834371567,0.628733217716217,0.5399557948112488,0.03274635598063469,0.6355481147766113,0.5425940752029419,0.033409878611564636,0.5810933113098145,0.5685689449310303,-0.06712918728590012,0.6596331000328064,0.5946804285049438,-0.055073630064725876,0.5629895925521851,0.6097712516784668,0.03929730877280235,0.6795065999031067,0.6859686970710754,0.010169031098484993,0.581727921962738,0.5773728489875793,0.18095563352108002,0.6924452185630798,0.7264994978904724,0.07114885747432709,0.5818389058113098,0.5658262968063354,0.18775026500225067,0.697097897529602,0.7345221638679504,0.07272423058748245,0.5901509523391724,0.5678066611289978,0.18331044912338257,0.6962398290634155,0.7298975586891174,0.06138265132904053,0.5926351547241211,0.5744268894195557,0.18244214355945587,0.6917147636413574,0.7264832258224487,0.07048792392015457,0.5918861627578735,0.756479024887085,-0.0228725615888834,0.6337941288948059,0.7636602520942688,0.02291741594672203,0.558917760848999,0.6691477298736572,0.1451592743396759,0.6136534214019775,0.6729303002357483,0.23266005516052246,0.5397234559059143,0.7367180585861206,0.3749251067638397,0.5841654539108276,0.7328105568885803,0.43027693033218384,0.536383867263794,0.7524534463882446,0.40023073554039,0.5816079378128052,0.7488032579421997,0.45211997628211975,0.5228838324546814,0.7303219437599182,0.4224000573158264,0.5696021318435669,0.716518759727478,0.4738446772098541
0349,./images/142/frame_00349.jpg,Warning,0.6352105736732483,0.5248854756355286,0.048971645534038544,0.6324561834335327,0.5163426995277405,0.026047751307487488,0.630290687084198,0.5158537030220032,0.026058945804834366,0.6280142664909363,0.5154635310173035,0.026056412607431412,0.638644278049469,0.5184452533721924,0.027084995061159134,0.6408212184906006,0.5195164084434509,0.0270769651979208,0.6430164575576782,0.5206174254417419,0.026973137632012367,0.6238473653793335,0.5210545659065247,-0.04521775245666504,0.645119845867157,0.5272390842437744,-0.04112452641129494,0.6313340663909912,0.5330578088760376,0.029421474784612656,0.6384198665618896,0.5371490120887756,0.030892040580511093,0.5899437665939331,0.568112850189209,-0.06225551292300224,0.6637646555900574,0.5936045050621033,-0.053586285561323166,0.562208354473114,0.6035306453704834,0.031184816733002663,0.6744377017021179,0.6870843768119812,0.005463923793286085,0.5689862966537476,0.5510455369949341,0.14779037237167358,0.6909631490707397,0.7232620120048523,0.07351695746183395,0.5582693815231323,0.5376555323600769,0.1510477364063263,0.6953375339508057,0.7320349216461182,0.0743405669927597,0.5656777024269104,0.5398033857345581,0.14847896993160248,0.6941084265708923,0.7290643453598022,0.06336525827646255,0.5684589147567749,0.5475562810897827,0.14942647516727448,0.6892095804214478,0.7243443131446838,0.0718497484922409,0.5919448137283325,0.7534304857254028,-0.011431820690631866,0.6343491673469543,0.7621697187423706,0.011204613372683525,0.5578693151473999,0.664621114730835,0.155775785446167,0.6574309468269348,0.6641511917114258,0.19105061888694763,0.5268229246139526,0.7391447424888611,0.35739272832870483,0.6310168504714966,0.7312421202659607,0.41916975378990173,0.5209978818893433,0.754615843296051,0.3802454471588135,0.6256214380264282,0.7473888993263245,0.4426461160182953,0.5121347904205322,0.738095760345459,0.4073619842529297,0.6249362230300903,0.7170490622520447,0.4883285164833069
0350,./images/142/frame_00350.jpg,Warning,0.6428476572036743,0.52257239818573,0.056766025722026825,0.6398364305496216,0.5135897994041443,0.03648451715707779,0.6376479864120483,0.5128813982009888,0.03649856522679329,0.6354444026947021,0.5123459100723267,0.036489617079496384,0.6458302140235901,0.5158007740974426,0.035804178565740585,0.6479030251502991,0.5166919231414795,0.03578735142946243,0.6499568819999695,0.5176844000816345,0.035690370947122574,0.6311736106872559,0.517351508140564,-0.028876328840851784,0.6518517136573792,0.5238668918609619,-0.03001098893582821,0.6392651200294495,0.5300726294517517,0.039267223328351974,0.6459688544273376,0.5342467427253723,0.03853440284729004,0.5973343849182129,0.5648133754730225,-0.0488988533616066,0.6685179471969604,0.5902661085128784,-0.04597396031022072,0.5675257444381714,0.5993111729621887,0.03975112363696098,0.6763681769371033,0.6810213923454285,0.005609261337667704,0.5688297748565674,0.5454344153404236,0.1713877171278,0.6941723823547363,0.7273802757263184,0.06134127452969551,0.5551556348800659,0.5365716218948364,0.17632219195365906,0.697950005531311,0.7387521266937256,0.06156519800424576,0.5609695911407471,0.5376584529876709,0.17559714615345,0.6986860036849976,0.7366606593132019,0.05335145443677902,0.5652072429656982,0.5423194169998169,0.1740267127752304,0.6946197748184204,0.7313612103462219,0.060615044087171555,0.5925889611244202,0.748926043510437,-0.01753043942153454,0.6345363259315491,0.7594282627105713,0.017286870628595352,0.5598165988922119,0.6511448621749878,0.12562471628189087,0.6351922154426575,0.6509256362915039,0.20660464465618134,0.5282032489776611,0.7386540770530701,0.32746562361717224,0.5908913612365723,0.7323082685470581,0.4105774760246277,0.5242685079574585,0.7535746097564697,0.3496865928173065,0.5850289463996887,0.7521737217903137,0.43084412813186646,0.5109735131263733,0.7393853068351746,0.3652850091457367,0.5731411576271057,0.7193469405174255,0.44737759232521057
0351,./images/142/frame_00351.jpg,Fall,0.6470069289207458,0.5208138823509216,0.040044479072093964,0.6442865133285522,0.5110085606575012,0.016760360449552536,0.6420708894729614,0.5100663304328918,0.016780901700258255,0.6396963000297546,0.5093086957931519,0.016770435497164726,0.650580883026123,0.5135123133659363,0.016673780977725983,0.6527565121650696,0.5143277645111084,0.01664043590426445,0.6550537347793579,0.5152624249458313,0.016530923545360565,0.6352689862251282,0.5140117406845093,-0.05409736558794975,0.6573106050491333,0.5215262770652771,-0.05306525155901909,0.6432872414588928,0.5281605124473572,0.019852500408887863,0.6499698162078857,0.5324941277503967,0.02007160522043705,0.5990825295448303,0.5655482411384583,-0.05055897310376167,0.6745299696922302,0.592348575592041,-0.07852055877447128,0.5724346041679382,0.6286993026733398,0.04149993509054184,0.6855815052986145,0.6787846684455872,-0.014746533706784248,0.595077633857727,0.6527588963508606,0.15412865579128265,0.7001388669013977,0.7331946492195129,0.06258749216794968,0.5939880609512329,0.659421443939209,0.16058096289634705,0.7056897878646851,0.7402201294898987,0.06056414917111397,0.5997702479362488,0.662512481212616,0.15436908602714539,0.7054566144943237,0.7368376851081848,0.05387582257390022,0.6015819311141968,0.6623684167861938,0.15451109409332275,0.7016506791114807,0.7336416244506836,0.06224019452929497,0.5916621685028076,0.7449230551719666,-0.0019593657925724983,0.6335780620574951,0.758080780506134,0.00176947470754385,0.5631089806556702,0.6358570456504822,0.14971771836280823,0.6511439085006714,0.6481444239616394,0.1661873757839203,0.5300300717353821,0.7370519042015076,0.32907554507255554,0.6188560128211975,0.7317450046539307,0.36557960510253906,0.5264307856559753,0.7530244588851929,0.3523460626602173,0.6124446988105774,0.7515712380409241,0.38685643672943115,0.5144516229629517,0.7391971349716187,0.3823731541633606,0.6163367033004761,0.7193732261657715,0.4258579611778259
0352,./images/142/frame_00352.jpg,Fall,0.6530501842498779,0.5202025771141052,0.04343881830573082,0.6507793068885803,0.509556233882904,0.02091439999639988,0.6484993100166321,0.5084299445152283,0.020936353132128716,0.6461316347122192,0.5075780749320984,0.020858509466052055,0.6569646596908569,0.5122381448745728,0.02124297246336937,0.6590752005577087,0.5129395127296448,0.021249566227197647,0.6612341403961182,0.5137866735458374,0.021186765283346176,0.6418558359146118,0.5120238661766052,-0.05079876258969307,0.663127064704895,0.519853949546814,-0.05054185912013054,0.6489067673683167,0.526960015296936,0.02579898200929165,0.6550511717796326,0.5312875509262085,0.026323143392801285,0.601254940032959,0.563482940196991,-0.06465145200490952,0.6782138347625732,0.5895096063613892,-0.07055443525314331,0.5720191597938538,0.6362972259521484,0.003230676054954529,0.6907984018325806,0.6797459721565247,0.00459546921774745,0.5816947221755981,0.68168044090271,0.10689107328653336,0.6983265280723572,0.7239941358566284,0.12128941714763641,0.5793477296829224,0.6928089261054993,0.11143249273300171,0.7013526558876038,0.7316722273826599,0.12775425612926483,0.5841412544250488,0.69530189037323,0.1072663813829422,0.7011932730674744,0.7292667031288147,0.12121222168207169,0.5864288210868835,0.692337155342102,0.10742320865392685,0.698257565498352,0.7253193259239197,0.12162461131811142,0.591490626335144,0.7416472434997559,-0.0066039361990988255,0.6331208944320679,0.7554881572723389,0.006395094096660614,0.5646500587463379,0.6372857093811035,0.14809086918830872,0.6597850322723389,0.648244321346283,0.18009544909000397,0.5299396514892578,0.7366847395896912,0.3279086947441101,0.624723494052887,0.731337308883667,0.3817075490951538,0.5273208618164062,0.7542136311531067,0.34980687499046326,0.6184340715408325,0.7510257363319397,0.40259885787963867,0.516303539276123,0.7383837103843689,0.38206934928894043,0.6207931041717529,0.7194896936416626,0.44202810525894165
0353,./images/142/frame_00353.jpg,Fall,0.6572796702384949,0.5187764167785645,0.037135642021894455,0.6556019186973572,0.5071476697921753,0.010927344672381878,0.6532653570175171,0.5060642957687378,0.010935535654425621,0.6508039832115173,0.5054047107696533,0.010913926176726818,0.6618477702140808,0.5103108882904053,0.012880930677056313,0.6640247106552124,0.5113700032234192,0.012846551835536957,0.666236162185669,0.5128123760223389,0.01272177416831255,0.6462193727493286,0.5117157697677612,-0.06630989909172058,0.6684710383415222,0.5179339647293091,-0.05688048154115677,0.6528109908103943,0.5266821384429932,0.01585691049695015,0.6592042446136475,0.5305163860321045,0.0184994675219059,0.6051744818687439,0.561188280582428,-0.081520214676857,0.6825922727584839,0.5882292985916138,-0.06630678474903107,0.5766177773475647,0.6331318616867065,0.009442904964089394,0.6888287663459778,0.6916466355323792,0.02845137193799019,0.5857604742050171,0.641472339630127,0.14482924342155457,0.6957927346229553,0.7194402813911438,0.15163657069206238,0.5821598172187805,0.6454023718833923,0.15344074368476868,0.694570779800415,0.7288545966148376,0.16079410910606384,0.587894082069397,0.6470642685890198,0.14793142676353455,0.6947335004806519,0.7253869771957397,0.15207785367965698,0.5913700461387634,0.6471778154373169,0.14604805409908295,0.6931186318397522,0.7226427793502808,0.15138289332389832,0.5916837453842163,0.7398844957351685,-0.015651049092411995,0.6333903074264526,0.7566341757774353,0.015557199716567993,0.5649093389511108,0.6282933354377747,0.12993066012859344,0.6513100266456604,0.6474401354789734,0.19242504239082336,0.5290104150772095,0.7366630434989929,0.29425498843193054,0.6163839101791382,0.728638768196106,0.4021073281764984,0.5261269211769104,0.7545667886734009,0.31486088037490845,0.6115924715995789,0.7504922747612,0.4253845810890198,0.5144849419593811,0.7386326193809509,0.3525981605052948,0.6092104315757751,0.7076193690299988,0.4743175506591797
0354,./images/142/frame_00354.jpg,Fall,0.6624611020088196,0.5165082812309265,0.036102380603551865,0.660991907119751,0.5037503242492676,0.010890701785683632,0.6585946083068848,0.5024926066398621,0.010903329588472843,0.6560327410697937,0.5016955733299255,0.010885105468332767,0.6674668192863464,0.5077806711196899,0.010360514745116234,0.6696711778640747,0.5092883706092834,0.010328719392418861,0.6719285845756531,0.5112976431846619,0.010200345888733864,0.6511863470077515,0.5085041522979736,-0.06325685977935791,0.6738991141319275,0.517139196395874,-0.06505563855171204,0.6572788953781128,0.5243965983390808,0.015717443078756332,0.6643232107162476,0.5290520191192627,0.015177354216575623,0.6080582141876221,0.5599156618118286,-0.07947969436645508,0.6859192848205566,0.5865598320960999,-0.07750745862722397,0.5773119926452637,0.6256577968597412,0.010425093583762646,0.6904791593551636,0.6917297840118408,0.014976863749325275,0.6001571416854858,0.6591120958328247,0.14112840592861176,0.6938446760177612,0.7237231135368347,0.13488373160362244,0.6002230048179626,0.667880654335022,0.1492467224597931,0.6943353414535522,0.7467964291572571,0.1441003531217575,0.604690670967102,0.6702534556388855,0.14372652769088745,0.6940029859542847,0.7423400282859802,0.13980917632579803,0.6063286066055298,0.6688926815986633,0.1425643414258957,0.6920589804649353,0.7341307997703552,0.1366199404001236,0.592138409614563,0.7368164658546448,-0.01631045527756214,0.6343235969543457,0.7555786371231079,0.0162019245326519,0.5641812086105347,0.6293427348136902,0.13578788936138153,0.6498583555221558,0.6480206847190857,0.20657411217689514,0.5268591642379761,0.7390379905700684,0.2967406213283539,0.6185623407363892,0.7320647239685059,0.4093882441520691,0.524758517742157,0.7567510604858398,0.31691256165504456,0.6146894693374634,0.755063533782959,0.43157801032066345,0.5154574513435364,0.7405590415000916,0.358421266078949,0.6119229793548584,0.7096652984619141,0.48113808035850525
0355,./images/142/frame_00355.jpg,Fall,0.6698299050331116,0.5155709385871887,0.04162506386637688,0.6686872839927673,0.5036048889160156,0.016879823058843613,0.666252613067627,0.501794695854187,0.016888799145817757,0.6636723279953003,0.5005245208740234,0.016866525635123253,0.67503821849823,0.5070364475250244,0.015670236200094223,0.677091658115387,0.508421003818512,0.015637649223208427,0.6790915727615356,0.5102208852767944,0.015509285032749176,0.6581750512123108,0.5063706040382385,-0.05847271531820297,0.6793941259384155,0.5161100029945374,-0.06992730498313904,0.6636627912521362,0.5242102742195129,0.020778758451342583,0.6706164479255676,0.5277196168899536,0.018652910366654396,0.6107833385467529,0.554451048374176,-0.07482416182756424,0.6887441277503967,0.5852935910224915,-0.08806582540273666,0.5785905122756958,0.6259456276893616,-0.0028559775091707706,0.6891157031059265,0.6918814182281494,-0.013898241333663464,0.5989877581596375,0.6915707588195801,0.08992975205183029,0.6927942633628845,0.7284178733825684,0.10564063489437103,0.5986425280570984,0.7059539556503296,0.09606374800205231,0.6923362612724304,0.7582481503486633,0.1097235307097435,0.6022030115127563,0.7096990942955017,0.0883968397974968,0.693400502204895,0.7529074549674988,0.10406865924596786,0.6035571098327637,0.7057620882987976,0.08860594779253006,0.6916993856430054,0.7430930137634277,0.10569163411855698,0.5917044878005981,0.7298311591148376,-0.01163847092539072,0.6335769891738892,0.7543108463287354,0.011459069326519966,0.5638975501060486,0.6244328618049622,0.1464075744152069,0.6491631269454956,0.6492339372634888,0.19736525416374207,0.5268338322639465,0.7389761209487915,0.3062978982925415,0.6154838800430298,0.7336883544921875,0.4008324146270752,0.5251396894454956,0.7567915320396423,0.32736635208129883,0.6112040877342224,0.7557538151741028,0.42253461480140686,0.5162679553031921,0.7405102252960205,0.3701804578304291,0.6077932715415955,0.7171111106872559,0.47867679595947266
0356,./images/142/frame_00356.jpg,Fall,0.6708903312683105,0.514989972114563,0.030053401365876198,0.6707006096839905,0.50218665599823,0.004214019514620304,0.6684796810150146,0.5002022385597229,0.0042350683361291885,0.6659482717514038,0.4987052083015442,0.0041902936063706875,0.6767577528953552,0.5066754817962646,0.0071634636260569096,0.6787968873977661,0.5083086490631104,0.007111134938895702,0.6808357834815979,0.5096898674964905,0.007029005791991949,0.6618071794509888,0.5046721696853638,-0.0705031082034111,0.6817847490310669,0.5155918002128601,-0.06206287071108818,0.6652701497077942,0.5228832364082336,0.009466404095292091,0.6717052459716797,0.5274312496185303,0.013180333189666271,0.6166497468948364,0.5490665435791016,-0.09261517971754074,0.693144679069519,0.5907939672470093,-0.06484859436750412,0.5824407339096069,0.6136216521263123,0.010584396310150623,0.6980737447738647,0.7128697633743286,0.04494090750813484,0.5974615812301636,0.5769533514976501,0.1873900443315506,0.6922587156295776,0.7209438681602478,0.17268337309360504,0.5952515006065369,0.5713265538215637,0.20252668857574463,0.6909717321395874,0.7487106919288635,0.1861744225025177,0.601725161075592,0.5671135783195496,0.19853687286376953,0.6914751529693604,0.7315798401832581,0.1802603006362915,0.604748010635376,0.5712395906448364,0.19103029370307922,0.6905933618545532,0.722761869430542,0.1739605963230133,0.5935397744178772,0.7290818095207214,-0.02179454267024994,0.6334472894668579,0.7555754780769348,0.021596316248178482,0.5633260011672974,0.6214559078216553,0.1365227997303009,0.6299591660499573,0.6624472141265869,0.21909841895103455,0.5274748206138611,0.739101767539978,0.26711711287498474,0.6000378131866455,0.7563802003860474,0.3770354986190796,0.5256255865097046,0.7567949891090393,0.2856685221195221,0.5955466032028198,0.7796646952629089,0.39500218629837036,0.5167040228843689,0.7432491779327393,0.3325692415237427,0.5952478647232056,0.7532452344894409,0.4399299621582031
0357,./images/142/frame_00357.jpg,Fall,0.6708608865737915,0.5126654505729675,0.032195501029491425,0.6711443662643433,0.4995024502277374,0.004880309570580721,0.6690816283226013,0.49785858392715454,0.004908998031169176,0.6668398380279541,0.4967133700847626,0.00486889248713851,0.6769057512283325,0.504073441028595,0.00903711561113596,0.6788660287857056,0.5058941841125488,0.008987815119326115,0.6807900667190552,0.5077900886535645,0.008904088288545609,0.6639920473098755,0.5034440159797668,-0.07394792884588242,0.682870090007782,0.5151787400245667,-0.05949929356575012,0.6651800274848938,0.5202937126159668,0.010465055704116821,0.6717976331710815,0.5250242948532104,0.015766538679599762,0.6205161809921265,0.547433614730835,-0.09618858993053436,0.6973828077316284,0.5965482592582703,-0.0603596568107605,0.5832563042640686,0.5981638431549072,0.011754998937249184,0.6998423933982849,0.7128795385360718,0.0481644868850708,0.6052417159080505,0.5564000010490417,0.18002356588840485,0.6921518445014954,0.7185348272323608,0.1761590987443924,0.6064930558204651,0.5501307845115662,0.19350937008857727,0.6909601092338562,0.7400846481323242,0.18936921656131744,0.613874614238739,0.5484576225280762,0.1876191347837448,0.691426157951355,0.7231886386871338,0.18464431166648865,0.6154510378837585,0.5529561042785645,0.1825975477695465,0.6903829574584961,0.7151623368263245,0.17807744443416595,0.593725860118866,0.7287759780883789,-0.022382702678442,0.6339133381843567,0.7570438981056213,0.02210989035665989,0.5635537505149841,0.6201829314231873,0.15594545006752014,0.6282130479812622,0.672029435634613,0.23518769443035126,0.5276325345039368,0.7389658689498901,0.27506476640701294,0.5972459316253662,0.7598711848258972,0.3807697892189026,0.5259383320808411,0.7565164566040039,0.29263144731521606,0.5923476815223694,0.7821245193481445,0.3987279534339905,0.5168901681900024,0.743896484375,0.3424789607524872,0.592933714389801,0.7576996088027954,0.4438721239566803
0358,./images/142/frame_00358.jpg,Fall,0.6740183234214783,0.5125026106834412,0.03540320694446564,0.6741541624069214,0.4993874728679657,0.008472279645502567,0.6720219254493713,0.4976623058319092,0.008499519899487495,0.6694994568824768,0.4963480234146118,0.008462321944534779,0.6801318526268005,0.50397789478302,0.01221254002302885,0.6820281744003296,0.5057469010353088,0.012166566215455532,0.6840252876281738,0.5077230930328369,0.012076972052454948,0.6670334935188293,0.5032151341438293,-0.07173182815313339,0.6858834624290466,0.5160331130027771,-0.05637780949473381,0.6680647730827332,0.5199599862098694,0.012767283245921135,0.6747958660125732,0.5249543786048889,0.017931664362549782,0.6218536496162415,0.5461664199829102,-0.09162621200084686,0.6993927359580994,0.6000819206237793,-0.05812422186136246,0.5877822041511536,0.5947834253311157,0.012386214919388294,0.7002648115158081,0.7141063213348389,0.04513173550367355,0.6136500835418701,0.5708571672439575,0.17114219069480896,0.6917699575424194,0.718078076839447,0.16539819538593292,0.6155912280082703,0.5681583881378174,0.18410441279411316,0.6913036704063416,0.7377248406410217,0.1770813763141632,0.6228492856025696,0.5669864416122437,0.1778438687324524,0.6920834183692932,0.7214356064796448,0.17124919593334198,0.6242029070854187,0.5700980424880981,0.1732023060321808,0.6910635828971863,0.7136203050613403,0.1666390597820282,0.5933676958084106,0.7285559177398682,-0.022131044417619705,0.63364577293396,0.7594756484031677,0.021826162934303284,0.56468266248703,0.6118541955947876,0.15378116071224213,0.6318925619125366,0.6704527139663696,0.22662512958049774,0.5280047655105591,0.7371722459793091,0.24554505944252014,0.6015464067459106,0.7556929588317871,0.35022658109664917,0.5265236496925354,0.7563976645469666,0.26033273339271545,0.5970421433448792,0.7766625881195068,0.3662891983985901,0.5171079635620117,0.7442074418067932,0.3103402256965637,0.5971030592918396,0.7574005126953125,0.4177617132663727
0359,./images/142/frame_00359.jpg,Fall,0.6739128828048706,0.5109388828277588,0.018399957567453384,0.674933910369873,0.4978462755680084,-0.006827215664088726,0.6729275584220886,0.4964258372783661,-0.00680567417293787,0.6709429025650024,0.4955429434776306,-0.0068402402102947235,0.6801677942276001,0.5018295645713806,-0.0012650492135435343,0.6818751096725464,0.5034810304641724,-0.0013215309008955956,0.6835389137268066,0.5055860877037048,-0.0013998931972309947,0.6694791316986084,0.5031582117080688,-0.08109672367572784,0.686719536781311,0.5157259702682495,-0.05658306926488876,0.6687525510787964,0.519377589225769,-0.003029232146218419,0.674756646156311,0.5247387886047363,0.004708583932369947,0.6256835460662842,0.5460761189460754,-0.0996575877070427,0.7019311189651489,0.6055238246917725,-0.05851321667432785,0.5853201150894165,0.575548529624939,0.0008937885286286473,0.6999372243881226,0.7207651138305664,0.03377958759665489,0.6094903945922852,0.5362279415130615,0.16626128554344177,0.6916928887367249,0.7371433973312378,0.14213256537914276,0.602733850479126,0.5283710956573486,0.1766500622034073,0.6902573704719543,0.7638970017433167,0.15092185139656067,0.6120894551277161,0.5259411931037903,0.17039988934993744,0.6912046074867249,0.7551132440567017,0.14552685618400574,0.6172870993614197,0.5315671563148499,0.16563017666339874,0.6907883882522583,0.7465055584907532,0.14303047955036163,0.5932245254516602,0.7281010150909424,-0.021727528423070908,0.633978009223938,0.761082112789154,0.021482642740011215,0.5643786191940308,0.6142504811286926,0.1507672369480133,0.6325421929359436,0.6740962862968445,0.2261424958705902,0.5282877683639526,0.7358607649803162,0.2573072612285614,0.6015520691871643,0.7559812664985657,0.36328035593032837,0.5268897414207458,0.7562103867530823,0.2739446759223938,0.5970059633255005,0.7761372327804565,0.3802381455898285,0.5170162916183472,0.7445248961448669,0.3191336989402771,0.5970193147659302,0.7593181133270264,0.4276527762413025
0360,./images/142/frame_00360.jpg,Fall,0.6751978397369385,0.5105893015861511,0.025312025099992752,0.6756550073623657,0.49745526909828186,-0.0036710575222969055,0.6736363768577576,0.49622195959091187,-0.0036514897365123034,0.6715794205665588,0.4954254925251007,-0.0036883994471281767,0.6810742020606995,0.5011167526245117,0.011112735606729984,0.6828058958053589,0.5027519464492798,0.011057870462536812,0.68449866771698,0.5049278736114502,0.011010425165295601,0.669730007648468,0.5030730962753296,-0.07703116536140442,0.6881300210952759,0.5158002376556396,-0.03719806671142578,0.6699441075325012,0.5192661881446838,0.0005105953896418214,0.6760644316673279,0.5244814157485962,0.01849985495209694,0.6266547441482544,0.5457262396812439,-0.0948912501335144,0.7034213542938232,0.610498309135437,-0.030009564012289047,0.5848556756973267,0.5704265832901001,0.002451665699481964,0.7003405690193176,0.7240561842918396,0.08764667063951492,0.6154151558876038,0.543979287147522,0.16019657254219055,0.6895954012870789,0.6806167364120483,0.22416266798973083,0.6176212430000305,0.5382952690124512,0.17197856307029724,0.6865216493606567,0.684070348739624,0.24014243483543396,0.6252251863479614,0.5385929346084595,0.16546937823295593,0.6860145330429077,0.6736814975738525,0.23812291026115417,0.6264141798019409,0.5433657169342041,0.1614251434803009,0.6865823268890381,0.6611766219139099,0.22727438807487488,0.5932337045669556,0.7249962687492371,-0.0229153074324131,0.6349302530288696,0.761938214302063,0.022554602473974228,0.5645586252212524,0.6093360185623169,0.15061306953430176,0.6325181722640991,0.6782230138778687,0.23094089329242706,0.5284250378608704,0.736546516418457,0.2017463892698288,0.6015205979347229,0.7664005756378174,0.3122684359550476,0.5269275903701782,0.757057249546051,0.2132737636566162,0.5970722436904907,0.7870912551879883,0.3234471082687378,0.5168666243553162,0.7451325058937073,0.26404473185539246,0.5945276618003845,0.7737268805503845,0.3750545382499695
0361,./images/142/frame_00361.jpg,Fall,0.6767916083335876,0.5101484656333923,0.035946834832429886,0.6773268580436707,0.4974350035190582,0.00550197483971715,0.6755360960960388,0.4962206482887268,0.005502876825630665,0.6737363338470459,0.4954231381416321,0.005447534844279289,0.6825574636459351,0.5010848641395569,0.01838069036602974,0.6843417882919312,0.5027299523353577,0.01831939071416855,0.6860741376876831,0.5049164891242981,0.018259059637784958,0.6720200181007385,0.5030115842819214,-0.07677098363637924,0.6894423365592957,0.5159801244735718,-0.03574438393115997,0.6713597178459167,0.5189714431762695,0.010772006586194038,0.6775445342063904,0.5243900418281555,0.025743896141648293,0.6266871690750122,0.5453673601150513,-0.09247414767742157,0.704215943813324,0.613560676574707,-0.02908686362206936,0.5868276953697205,0.5710935592651367,0.006841888185590506,0.6990761160850525,0.7255786657333374,0.09473813325166702,0.609345555305481,0.5435138940811157,0.17746524512767792,0.6868977546691895,0.6645790934562683,0.2398308515548706,0.6098511815071106,0.538199782371521,0.19225400686264038,0.6848177909851074,0.6575531363487244,0.25679370760917664,0.6167486906051636,0.5374963879585266,0.18710321187973022,0.6813478469848633,0.6507885456085205,0.25326406955718994,0.6186782717704773,0.5420315265655518,0.1807575672864914,0.6815927028656006,0.6506499648094177,0.24240157008171082,0.593115508556366,0.7248514890670776,-0.02252235636115074,0.6350725293159485,0.7640314102172852,0.022164275869727135,0.5665773153305054,0.6120781898498535,0.1539079248905182,0.6312463283538818,0.677419126033783,0.23228248953819275,0.5296275615692139,0.7371610999107361,0.24135522544384003,0.5928452014923096,0.7662265300750732,0.33271998167037964,0.5288054347038269,0.7574300169944763,0.2564582824707031,0.5865682363510132,0.7886426448822021,0.34610551595687866,0.5169600248336792,0.7449790835380554,0.30440741777420044,0.5854672193527222,0.7676228284835815,0.39239710569381714
0362,./images/142/frame_00362.jpg,Fall,0.6790074706077576,0.5107523202896118,0.05337313562631607,0.6793850660324097,0.4991256594657898,0.026006782427430153,0.6774342656135559,0.49781104922294617,0.02600790187716484,0.6755664944648743,0.4969326853752136,0.02596420980989933,0.6845241785049438,0.5032956600189209,0.03490530699491501,0.6863424181938171,0.5052513480186462,0.03484276309609413,0.68804532289505,0.5075196027755737,0.03477530926465988,0.6737264394760132,0.5041454434394836,-0.057001739740371704,0.6913341283798218,0.5184655785560608,-0.019961345940828323,0.673740029335022,0.5193134546279907,0.02822750434279442,0.6793245673179626,0.5251783728599548,0.03970560431480408,0.6294795274734497,0.5455160140991211,-0.08498629927635193,0.7048507928848267,0.6175687313079834,-0.014435751363635063,0.5890923142433167,0.5618246793746948,0.02091025933623314,0.6989514827728271,0.7271196246147156,0.10812518745660782,0.6058880090713501,0.5275433659553528,0.19836285710334778,0.6871970295906067,0.6669607758522034,0.2545584440231323,0.6090439558029175,0.5209679007530212,0.21615156531333923,0.6853299140930176,0.6583400964736938,0.2725902497768402,0.6141733527183533,0.5201464295387268,0.2121436595916748,0.6826834678649902,0.6538374423980713,0.26974257826805115,0.6170600652694702,0.5243217349052429,0.202885702252388,0.6818414330482483,0.6492323279380798,0.2575139105319977,0.5930294394493103,0.7250091433525085,-0.0223738644272089,0.6345720887184143,0.7651352882385254,0.021979758515954018,0.5670561194419861,0.6080892086029053,0.15303505957126617,0.6298230886459351,0.6772794723510742,0.23470401763916016,0.5309790372848511,0.7371441125869751,0.21447673439979553,0.5924965143203735,0.7703168988227844,0.3008844554424286,0.5305640697479248,0.7572921514511108,0.22655105590820312,0.5869824886322021,0.7927623987197876,0.31042665243148804,0.5173676609992981,0.744959831237793,0.27392715215682983,0.5835270285606384,0.7774611711502075,0.3534976840019226
0363,./images/142/frame_00363.jpg,Fall,0.67746901512146,0.5136157274246216,0.042185891419649124,0.6777446269989014,0.5019022226333618,0.017645057290792465,0.675930380821228,0.5006577372550964,0.01764487288892269,0.6741556525230408,0.49970218539237976,0.017617713660001755,0.6829665899276733,0.5059199929237366,0.03090507723391056,0.6848070621490479,0.5076408982276917,0.030813178047537804,0.6867230534553528,0.5097121596336365,0.030800919979810715,0.6724878549575806,0.5064308047294617,-0.05866037681698799,0.6910130977630615,0.5205891132354736,-0.02388259954750538,0.6725296378135681,0.5218163132667542,0.01916700229048729,0.6783849596977234,0.5280454158782959,0.03501799702644348,0.6303077340126038,0.5514761209487915,-0.08716835826635361,0.7044218182563782,0.6204771399497986,-0.009494747966527939,0.5916470289230347,0.5487508177757263,0.015228517353534698,0.6985946893692017,0.7327781915664673,0.11706417798995972,0.596634030342102,0.502597451210022,0.18512438237667084,0.6880248785018921,0.6775737404823303,0.26668453216552734,0.5912376642227173,0.48167017102241516,0.20037540793418884,0.686275839805603,0.6732526421546936,0.2860577404499054,0.6004924774169922,0.48444122076034546,0.19867900013923645,0.6832612752914429,0.6721823215484619,0.2798851728439331,0.6036186814308167,0.4925294518470764,0.19024258852005005,0.6825279593467712,0.6659694910049438,0.26854100823402405,0.5929502248764038,0.7269124984741211,-0.027632931247353554,0.6328840851783752,0.7670503258705139,0.02713920548558235,0.5671039819717407,0.6024860143661499,0.1305910050868988,0.6266265511512756,0.6756378412246704,0.23326051235198975,0.5315093994140625,0.7368276715278625,0.21328917145729065,0.5879391431808472,0.7669673562049866,0.30686071515083313,0.5314731597900391,0.7572258710861206,0.22729384899139404,0.582670271396637,0.7887437343597412,0.31800612807273865,0.5174246430397034,0.7448368668556213,0.27163925766944885,0.5760611295700073,0.7745851278305054,0.3581220209598541
0364,./images/142/frame_00364.jpg,Fall,0.6766176223754883,0.5165847539901733,0.025809716433286667,0.6764850616455078,0.5048239231109619,0.0017095142975449562,0.6745863556861877,0.5037863850593567,0.0016979966312646866,0.6727112531661987,0.5029444694519043,0.0016653671627864242,0.6821106672286987,0.508528470993042,0.013186631724238396,0.6840595006942749,0.5101433396339417,0.013109317049384117,0.6860548257827759,0.5120638012886047,0.013063468039035797,0.6709772348403931,0.5096518397331238,-0.07110496610403061,0.690671980381012,0.5232169032096863,-0.028820162639021873,0.6716955304145813,0.5252102613449097,0.003772065509110689,0.6780505776405334,0.5311898589134216,0.018033619970083237,0.6296804547309875,0.5554325580596924,-0.09698562324047089,0.7037672996520996,0.6258176565170288,-0.012493757531046867,0.5913121104240417,0.5472919344902039,-0.006258161272853613,0.6983032822608948,0.7364875078201294,0.11700034141540527,0.5874189138412476,0.4856248199939728,0.15735964477062225,0.6905883550643921,0.6819590926170349,0.26340243220329285,0.5776914358139038,0.46905434131622314,0.16838884353637695,0.6864671111106873,0.67920982837677,0.2800529897212982,0.5838882327079773,0.46495288610458374,0.1692749559879303,0.683753490447998,0.6760751605033875,0.27077528834342957,0.5907419919967651,0.46780723333358765,0.1637854278087616,0.6860978603363037,0.672996461391449,0.26364320516586304,0.592873215675354,0.7276412844657898,-0.030006831511855125,0.6319506764411926,0.7689526081085205,0.029508491978049278,0.5670490264892578,0.5993794202804565,0.13252094388008118,0.6253255605697632,0.6749274134635925,0.2328985184431076,0.5329183340072632,0.7367874979972839,0.23110541701316833,0.5867899656295776,0.7649088501930237,0.3399862051010132,0.5338853597640991,0.7571529746055603,0.24449916183948517,0.5813871622085571,0.7863986492156982,0.35373902320861816,0.5187298059463501,0.745288610458374,0.28733497858047485,0.576293408870697,0.7701494097709656,0.3898976445198059
0365,./images/142/frame_00365.jpg,Fall,0.6772264242172241,0.5193282961845398,0.02805348113179207,0.6768004894256592,0.5075142979621887,0.005610819440335035,0.6748627424240112,0.5065978169441223,0.005566378124058247,0.6729815006256104,0.5059110522270203,0.005544837098568678,0.6828440427780151,0.5111554265022278,0.01845415309071541,0.6849395036697388,0.512800395488739,0.018372591584920883,0.6870785355567932,0.5147644281387329,0.018317077308893204,0.6711984872817993,0.5131275653839111,-0.060660116374492645,0.6916455030441284,0.5263722538948059,-0.01903741993010044,0.6720747947692871,0.5286149382591248,0.0048901597037911415,0.6788854002952576,0.5343388319015503,0.021465545520186424,0.6333444714546204,0.5569131374359131,-0.08816374093294144,0.7048259973526001,0.6280524134635925,-0.0037569389678537846,0.594603419303894,0.538185179233551,-0.0018229021225124598,0.6987632513046265,0.7409728169441223,0.12130268663167953,0.5874860882759094,0.47719502449035645,0.15721693634986877,0.6940457224845886,0.6842085719108582,0.26616042852401733,0.5781038403511047,0.4623778164386749,0.1685253083705902,0.6938694715499878,0.6830469965934753,0.2816535234451294,0.5854812860488892,0.45021501183509827,0.1674739271402359,0.6940981149673462,0.679317831993103,0.27316349744796753,0.5887879133224487,0.4543198347091675,0.16257688403129578,0.6907919049263,0.6723312139511108,0.2666413187980652,0.5925978422164917,0.7295941710472107,-0.030590424314141273,0.6305938959121704,0.7693076133728027,0.030117804184556007,0.5669139623641968,0.5879195332527161,0.09659674763679504,0.6238161325454712,0.6726024746894836,0.20175115764141083,0.5343259572982788,0.7342890501022339,0.18579451739788055,0.5874547362327576,0.763643741607666,0.29960599541664124,0.5376388430595398,0.7536336183547974,0.1998385488986969,0.5830799341201782,0.7850650548934937,0.31179526448249817,0.5185852646827698,0.7452527284622192,0.24246306717395782,0.5749157667160034,0.7719550132751465,0.3511064648628235
0366,./images/142/frame_00366.jpg,Fall,0.6791843771934509,0.5218172669410706,0.006710379384458065,0.6790059804916382,0.5100829601287842,-0.017904719337821007,0.6771215200424194,0.5091790556907654,-0.017928412184119225,0.6753156781196594,0.5085206627845764,-0.017973795533180237,0.6852136254310608,0.5138700008392334,-0.008052095770835876,0.6874067783355713,0.5155977606773376,-0.008129194378852844,0.6896282434463501,0.5176377296447754,-0.008190025575459003,0.673865556716919,0.5162129402160645,-0.0883386880159378,0.6937074661254883,0.529212236404419,-0.044724442064762115,0.674364447593689,0.5313534736633301,-0.014434345066547394,0.681266188621521,0.5369266271591187,-0.0018064994364976883,0.6367105841636658,0.5566550493240356,-0.10834300518035889,0.7056883573532104,0.6301748752593994,-0.005018865689635277,0.5980507135391235,0.5416377186775208,-0.013575601391494274,0.6995180249214172,0.7436414957046509,0.11348837614059448,0.5780975818634033,0.4794723093509674,0.1576615869998932,0.6929546594619751,0.6873579025268555,0.2702440619468689,0.5647495985031128,0.46292704343795776,0.16864237189292908,0.6925112009048462,0.6850196123123169,0.28502070903778076,0.5700953602790833,0.4560331106185913,0.16761258244514465,0.6916056871414185,0.6815283894538879,0.2738587260246277,0.5764694213867188,0.4643438160419464,0.16293083131313324,0.688012957572937,0.6747738122940063,0.26968759298324585,0.5922737121582031,0.7316462993621826,-0.031145136803388596,0.6302803754806519,0.7689729332923889,0.030691593885421753,0.5669413805007935,0.5937541723251343,0.11400669813156128,0.6244903802871704,0.6724123358726501,0.22109010815620422,0.5360360741615295,0.7325644493103027,0.2844197452068329,0.5856102705001831,0.7581795454025269,0.38008618354797363,0.5378671884536743,0.7536482810974121,0.3067479133605957,0.579862117767334,0.7806049585342407,0.3980458378791809,0.5197148323059082,0.7452135682106018,0.35600537061691284,0.5758366584777832,0.7572604417800903,0.4351222515106201
0367,./images/142/frame_00367.jpg,Fall,0.6787394285202026,0.5254973769187927,0.035669293254613876,0.678735613822937,0.5135349631309509,0.012657818384468555,0.6770142912864685,0.5126015543937683,0.012617455795407295,0.6753298044204712,0.5119189620018005,0.01256533246487379,0.6845418810844421,0.5172684192657471,0.022199168801307678,0.6867371797561646,0.5190877914428711,0.02212236449122429,0.6889225840568542,0.5211213827133179,0.022067595273256302,0.6746019721031189,0.5190732479095459,-0.06262876838445663,0.6935303211212158,0.5317093729972839,-0.02114703692495823,0.6744686961174011,0.5347138047218323,0.011328412219882011,0.6809240579605103,0.540076494216919,0.02387482486665249,0.637753963470459,0.5581687688827515,-0.10014720261096954,0.7062109708786011,0.6319519281387329,-0.004650370217859745,0.6004153490066528,0.5326213836669922,-0.012072717770934105,0.7000678181648254,0.7424336075782776,0.12385039031505585,0.5805737972259521,0.47945281863212585,0.18571436405181885,0.6962746381759644,0.6909177303314209,0.28188735246658325,0.5687806606292725,0.4647735059261322,0.20130392909049988,0.6954702734947205,0.6919927597045898,0.301421582698822,0.574613630771637,0.4594551622867584,0.20153018832206726,0.6950060129165649,0.683002769947052,0.2941802740097046,0.5829698443412781,0.4499156177043915,0.19208942353725433,0.6929000020027161,0.6790423393249512,0.2832934558391571,0.5925422310829163,0.7320820093154907,-0.03321586549282074,0.6302921175956726,0.7685099244117737,0.032738327980041504,0.5643290281295776,0.5966770052909851,0.11323212087154388,0.6207250356674194,0.6724174618721008,0.21291384100914001,0.5359539985656738,0.7331637740135193,0.20278438925743103,0.5849435329437256,0.7575825452804565,0.2948163151741028,0.5373424291610718,0.753998875617981,0.21737532317638397,0.5809825658798218,0.7789216041564941,0.3056129813194275,0.5197013020515442,0.7482393980026245,0.2671341896057129,0.5703035593032837,0.758858323097229,0.3467337191104889
0368,./images/142/frame_00368.jpg,Fall,0.6796213388442993,0.5251719355583191,0.023723509162664413,0.6798883080482483,0.513454020023346,0.0008546511526219547,0.6781548857688904,0.5124841928482056,0.0008222083561122417,0.6765557527542114,0.5117909908294678,0.0007876292802393436,0.6856382489204407,0.5173619985580444,0.009595883078873158,0.687876284122467,0.5193558931350708,0.009529141709208488,0.6900216341018677,0.5215162038803101,0.009472100995481014,0.6757508516311646,0.5194990634918213,-0.0686940848827362,0.6947063207626343,0.5329970121383667,-0.027490371838212013,0.675489068031311,0.5346350073814392,0.00247677369043231,0.6815299987792969,0.5400159358978271,0.013636988587677479,0.6371930837631226,0.5575864315032959,-0.0980353057384491,0.7064546346664429,0.6338622570037842,-0.012551052495837212,0.6017729043960571,0.5257324576377869,-0.012704101391136646,0.699863851070404,0.7471041083335876,0.11086052656173706,0.5871493816375732,0.45054447650909424,0.1505468487739563,0.6956578493118286,0.6912921667098999,0.25677552819252014,0.575389564037323,0.437412291765213,0.1621410995721817,0.6949275135993958,0.6920582056045532,0.27295738458633423,0.5784057378768921,0.43121451139450073,0.16299763321876526,0.6942404508590698,0.6826963424682617,0.2654501795768738,0.5855526328086853,0.43861958384513855,0.15661917626857758,0.692550539970398,0.6796646118164062,0.2576911151409149,0.5917256474494934,0.732096254825592,-0.03203684836626053,0.6294029951095581,0.7682390809059143,0.03157258778810501,0.5622212290763855,0.5986883640289307,0.1443118453025818,0.6218533515930176,0.6726188063621521,0.23155061900615692,0.5355861783027649,0.7352363467216492,0.24273709952831268,0.5842634439468384,0.7590846419334412,0.3161062002182007,0.5370879173278809,0.7547930479049683,0.2584482431411743,0.579454779624939,0.7802629470825195,0.33020076155662537,0.5197226405143738,0.7511927485466003,0.30570030212402344,0.5708366632461548,0.7643929123878479,0.37091732025146484
0369,./images/142/frame_00369.jpg,Fall,0.6797871589660645,0.5271372199058533,0.01714209094643593,0.6804227232933044,0.5156786441802979,-0.005242765881121159,0.6788211464881897,0.5147776007652283,-0.005256760399788618,0.6773396730422974,0.5141535997390747,-0.005283294711261988,0.685646653175354,0.519243061542511,0.003102581249549985,0.6877309679985046,0.521149754524231,0.003035737434402108,0.6897615194320679,0.523226261138916,0.002965172752737999,0.6765772700309753,0.5219840407371521,-0.07157011330127716,0.6948041915893555,0.5349594354629517,-0.031093746423721313,0.6759923696517944,0.5367950201034546,-0.0027325605042278767,0.6813884973526001,0.5418832898139954,0.007999633438885212,0.6387400031089783,0.5573744177818298,-0.09968689829111099,0.7066104412078857,0.6350653171539307,-0.015342163853347301,0.604118287563324,0.5217064619064331,-0.015127094462513924,0.6996989846229553,0.7440221905708313,0.1116700991988182,0.5941447019577026,0.450487345457077,0.14867252111434937,0.6904603838920593,0.7043221592903137,0.2607632279396057,0.5760781168937683,0.44317227602005005,0.1597180962562561,0.6870774030685425,0.7118448615074158,0.2778194546699524,0.5879980325698853,0.43064841628074646,0.15988588333129883,0.6874634027481079,0.7030937671661377,0.26898133754730225,0.5936628580093384,0.43972256779670715,0.15414130687713623,0.684913158416748,0.6952528357505798,0.2615804076194763,0.5918986201286316,0.7325208783149719,-0.03563088923692703,0.6295844912528992,0.7680389285087585,0.03516949713230133,0.5623003244400024,0.5989882349967957,0.12245838344097137,0.6179496049880981,0.6608902215957642,0.23161299526691437,0.5356612801551819,0.7359070777893066,0.2497824728488922,0.5751228928565979,0.7424788475036621,0.3387525975704193,0.5375568270683289,0.7547215223312378,0.2681627869606018,0.570747971534729,0.7642216086387634,0.3518991470336914,0.518852710723877,0.7499486207962036,0.3118588924407959,0.5575737953186035,0.7418128252029419,0.37540894746780396
0370,./images/142/frame_00370.jpg,Fall,0.6804079413414001,0.5289954543113708,-0.0008940529078245163,0.6815344095230103,0.517525851726532,-0.02369053289294243,0.6801146268844604,0.5166273713111877,-0.02369314432144165,0.678713321685791,0.5159264802932739,-0.023717831820249557,0.6866027116775513,0.5214048027992249,-0.015094193629920483,0.6885094046592712,0.5231958627700806,-0.01516035757958889,0.6907092928886414,0.5255526900291443,-0.01523823756724596,0.6779831647872925,0.5239205956459045,-0.08666988462209702,0.6960769891738892,0.537670910358429,-0.04679088667035103,0.6769822835922241,0.5383546948432922,-0.019057199358940125,0.6819878816604614,0.5434659123420715,-0.007832268252968788,0.6392993927001953,0.5571696162223816,-0.10448212921619415,0.7068053483963013,0.6350904107093811,-0.03054233267903328,0.6051580905914307,0.516520082950592,-0.01794010028243065,0.6997162699699402,0.7424131631851196,0.10110563039779663,0.5956149101257324,0.4387575685977936,0.1406843215227127,0.6888801455497742,0.708121120929718,0.2562917172908783,0.5813063383102417,0.4332880675792694,0.15060852468013763,0.6855613589286804,0.7143518924713135,0.26892736554145813,0.5933889150619507,0.4244014322757721,0.14975306391716003,0.6860584616661072,0.7056745886802673,0.25650662183761597,0.5981177091598511,0.43629616498947144,0.14545956254005432,0.6844491362571716,0.7006433010101318,0.2555631995201111,0.5917136669158936,0.7332552671432495,-0.03217824921011925,0.6294932961463928,0.7679474949836731,0.03165857121348381,0.5624099969863892,0.5992823839187622,0.14055278897285461,0.6305436491966248,0.6618277430534363,0.23135995864868164,0.5360220670700073,0.73284512758255,0.296418696641922,0.583554208278656,0.740699827671051,0.3683144450187683,0.5373260378837585,0.7522181272506714,0.31793609261512756,0.5750716924667358,0.7617412209510803,0.3844713568687439,0.5191370844841003,0.7449696660041809,0.3693452477455139,0.5753121376037598,0.7396429181098938,0.4222017824649811
0371,./images/142/frame_00371.jpg,Fall,0.6808056831359863,0.5289420485496521,0.006134140770882368,0.6823761463165283,0.5179814100265503,-0.015925223007798195,0.6810324788093567,0.5171836614608765,-0.015934232622385025,0.6796737313270569,0.5165318250656128,-0.015964720398187637,0.6871991753578186,0.521824300289154,-0.006704660598188639,0.6889520883560181,0.5236288905143738,-0.006769766565412283,0.6908248662948608,0.5257627367973328,-0.006842372007668018,0.6792186498641968,0.5256508588790894,-0.08145566284656525,0.6962240934371948,0.5391991138458252,-0.03482171893119812,0.6772806644439697,0.5388527512550354,-0.01281315553933382,0.6822088956832886,0.5441920161247253,-0.0006737046642228961,0.6425098180770874,0.559195339679718,-0.10202417522668839,0.706696093082428,0.6387481093406677,-0.014785942621529102,0.6062325239181519,0.5202733874320984,-0.018965620547533035,0.6999746561050415,0.7422670722007751,0.12148801237344742,0.5953016877174377,0.45170414447784424,0.13572268187999725,0.6889699697494507,0.707599401473999,0.2768876552581787,0.5821037888526917,0.438578337430954,0.1442994624376297,0.6856964230537415,0.7031077742576599,0.291942834854126,0.595267653465271,0.42230474948883057,0.141730397939682,0.6861867904663086,0.7016412019729614,0.2819259464740753,0.6001279950141907,0.432672381401062,0.13978686928749084,0.6845135688781738,0.6910280585289001,0.2771589756011963,0.5915032625198364,0.7362131476402283,-0.033252302557229996,0.6294474601745605,0.7680425047874451,0.032722439616918564,0.5624635219573975,0.5970244407653809,0.12195465713739395,0.6338290572166443,0.6572986841201782,0.23046498000621796,0.5362973213195801,0.7308111190795898,0.2917803227901459,0.5895297527313232,0.733677327632904,0.35754334926605225,0.5371800065040588,0.7503106594085693,0.3025955557823181,0.5825669169425964,0.7549506425857544,0.3725906312465668,0.5174527764320374,0.7357699871063232,0.35587579011917114,0.5783658027648926,0.7310078740119934,0.41280221939086914
0372,./images/142/frame_00372.jpg,Fall,0.6814838647842407,0.5284538269042969,-0.00618453836068511,0.6827646493911743,0.5177165269851685,-0.029060637578368187,0.6813167333602905,0.5169233679771423,-0.029065076261758804,0.6798633337020874,0.5162529945373535,-0.029089629650115967,0.6878412365913391,0.5216231942176819,-0.019408218562602997,0.6896939277648926,0.5235053300857544,-0.019473446533083916,0.6915706992149353,0.5256248116493225,-0.019547928124666214,0.6789169907569885,0.5253522396087646,-0.09211000800132751,0.6965863108634949,0.5392178893089294,-0.04709301143884659,0.6776778697967529,0.5385313034057617,-0.02438778057694435,0.6830731630325317,0.5440816879272461,-0.01175016351044178,0.6413330435752869,0.5591863393783569,-0.10647616535425186,0.7073383331298828,0.6421839594841003,-0.03007218800485134,0.6080965399742126,0.5225146412849426,-0.02228408493101597,0.6998911499977112,0.7414137721061707,0.1121402159333229,0.5992010831832886,0.4433794319629669,0.13166704773902893,0.6890441179275513,0.7061596512794495,0.27214354276657104,0.5877945423126221,0.42578092217445374,0.1405095010995865,0.6859359741210938,0.6985663771629333,0.2826082110404968,0.5977588295936584,0.4172664284706116,0.13757452368736267,0.6863299608230591,0.6997791528701782,0.26776474714279175,0.6024319529533386,0.4272349774837494,0.13554367423057556,0.6847313642501831,0.6885358691215515,0.2758805453777313,0.5902466177940369,0.7362435460090637,-0.029157808050513268,0.6288160085678101,0.7694609761238098,0.028593188151717186,0.5624986290931702,0.5957381129264832,0.14738589525222778,0.6376932263374329,0.6670135259628296,0.22945313155651093,0.5362688302993774,0.7308754920959473,0.2957524061203003,0.5941418409347534,0.7486602067947388,0.3628424108028412,0.5371221303939819,0.7502360939979553,0.3157993257045746,0.5859678983688354,0.7703481912612915,0.3792746663093567,0.5186121463775635,0.7376104593276978,0.3710613548755646,0.5895604491233826,0.7499608993530273,0.4229976534843445
0373,./images/142/frame_00373.jpg,Fall,0.6821296811103821,0.5288602113723755,-0.007409978657960892,0.6834088563919067,0.5186985731124878,-0.029815152287483215,0.6819207668304443,0.5179531574249268,-0.029821937903761864,0.6804381608963013,0.5172799229621887,-0.029859209433197975,0.6886221170425415,0.5226247906684875,-0.01951853185892105,0.6904934644699097,0.5245495438575745,-0.01959407702088356,0.6922981142997742,0.5265998244285583,-0.01967458426952362,0.6794353723526001,0.5265941023826599,-0.09303844720125198,0.6970888376235962,0.5404502749443054,-0.04617422819137573,0.6781758069992065,0.5389565825462341,-0.025867635384202003,0.6837921142578125,0.5446163415908813,-0.012266507372260094,0.6428601145744324,0.5615171194076538,-0.10594260692596436,0.7080458402633667,0.645034670829773,-0.03116033598780632,0.613237738609314,0.5254875421524048,-0.01934838481247425,0.6991644501686096,0.7421868443489075,0.10990043729543686,0.6000291109085083,0.4493042826652527,0.1355971097946167,0.6865242719650269,0.7064493894577026,0.2616482973098755,0.5885938405990601,0.43186184763908386,0.14286985993385315,0.6830652952194214,0.6992712020874023,0.27462852001190186,0.6001783013343811,0.42196884751319885,0.1399770975112915,0.6840208768844604,0.701038658618927,0.2635987401008606,0.6050776243209839,0.43208521604537964,0.13928274810314178,0.6828200817108154,0.6949736475944519,0.2632918655872345,0.5901569128036499,0.7364839911460876,-0.02742273546755314,0.6286716461181641,0.7704753279685974,0.026815097779035568,0.5626674294471741,0.5998638868331909,0.16507560014724731,0.6376379728317261,0.6795564889907837,0.2396787703037262,0.5362144112586975,0.7328827977180481,0.30882129073143005,0.596992015838623,0.755528450012207,0.37470531463623047,0.5367265343666077,0.7530280351638794,0.32946956157684326,0.5893617868423462,0.7759439945220947,0.39118072390556335,0.5190619230270386,0.7414751648902893,0.38116076588630676,0.5917440056800842,0.7564418315887451,0.4338858723640442
0374,./images/142/frame_00374.jpg,Fall,0.6837899088859558,0.530146062374115,-0.04937046393752098,0.684729278087616,0.5201693773269653,-0.07271352410316467,0.6831420660018921,0.5194675326347351,-0.07271847128868103,0.6815512180328369,0.5188004374504089,-0.07273335754871368,0.6900613307952881,0.5243979096412659,-0.06277425587177277,0.6919226050376892,0.5265134572982788,-0.06284786015748978,0.6936665773391724,0.5286292433738708,-0.06291632354259491,0.6802648305892944,0.529636025428772,-0.13314150273799896,0.6989209055900574,0.5440227389335632,-0.08746252954006195,0.6797860860824585,0.5412485003471375,-0.06653241813182831,0.6856508255004883,0.5472656488418579,-0.05329207703471184,0.6431064009666443,0.5632705092430115,-0.1445920765399933,0.7089429497718811,0.6476526856422424,-0.06592363864183426,0.6102731823921204,0.5202713012695312,-0.09006329625844955,0.6991347670555115,0.7501913905143738,0.04884199798107147,0.5998181700706482,0.44096487760543823,0.016169222071766853,0.6856626272201538,0.7350720763206482,0.16391602158546448,0.5876557230949402,0.42618629336357117,0.014645041897892952,0.6820799708366394,0.7400277853012085,0.17033110558986664,0.5992423892021179,0.4184572994709015,0.014262653887271881,0.6824820041656494,0.7348058819770813,0.15730765461921692,0.6040377020835876,0.427672415971756,0.019766535609960556,0.6817721128463745,0.7308683395385742,0.16210459172725677,0.590104877948761,0.7356233596801758,-0.027459975332021713,0.6282509565353394,0.7704946994781494,0.02685335837304592,0.562698483467102,0.6041366457939148,0.15619002282619476,0.6322014331817627,0.6779725551605225,0.24258112907409668,0.5362164378166199,0.735865592956543,0.29309624433517456,0.589414656162262,0.7571923136711121,0.37935641407966614,0.5385565757751465,0.7533857822418213,0.3132592439651489,0.5826115608215332,0.7768315076828003,0.3951476216316223,0.5211580395698547,0.7470859885215759,0.36155033111572266,0.5809707045555115,0.7616575360298157,0.4325841963291168
0375,./images/142/frame_00375.jpg,Fall,0.6869688034057617,0.5310889482498169,-0.030504679307341576,0.687542736530304,0.5207189917564392,-0.053062546998262405,0.6858152151107788,0.5199481844902039,-0.053081996738910675,0.6840671300888062,0.519169270992279,-0.053108733147382736,0.69292813539505,0.5250276327133179,-0.04379823058843613,0.6947541236877441,0.5271821618080139,-0.043872568756341934,0.6967208385467529,0.529533326625824,-0.043954864144325256,0.6821591258049011,0.5295432806015015,-0.11360017210245132,0.7012493014335632,0.545649528503418,-0.07146929204463959,0.6825069785118103,0.5420995354652405,-0.04800989478826523,0.6882835030555725,0.54816073179245,-0.03590898960828781,0.6429155468940735,0.5640155076980591,-0.12951280176639557,0.7091354131698608,0.6481127142906189,-0.051193516701459885,0.6170346140861511,0.5221699476242065,-0.06746621429920197,0.6991122961044312,0.7492143511772156,0.0664203017950058,0.6029161810874939,0.4276917278766632,0.05728248506784439,0.6889181733131409,0.7147565484046936,0.18266694247722626,0.5901804566383362,0.4054549038410187,0.05834314227104187,0.6854920387268066,0.7232681512832642,0.21377471089363098,0.6002065539360046,0.4043954610824585,0.053844816982746124,0.6869094967842102,0.7085416316986084,0.20506465435028076,0.6050398945808411,0.4159766733646393,0.05927267670631409,0.6863166689872742,0.7083407640457153,0.18744315207004547,0.590114951133728,0.7356654405593872,-0.029667243361473083,0.6282910108566284,0.770525336265564,0.029190966859459877,0.562780499458313,0.5999199151992798,0.09846872091293335,0.6359040141105652,0.6731123328208923,0.2136678397655487,0.5373042225837708,0.736538290977478,0.2728993594646454,0.5932689905166626,0.7581730484962463,0.37215253710746765,0.5407931208610535,0.7572041153907776,0.29783540964126587,0.5880675911903381,0.7800545692443848,0.38900890946388245,0.5220403075218201,0.7469996809959412,0.3487378656864166,0.5817157626152039,0.7610071897506714,0.4265682101249695
0376,./images/142/frame_00376.jpg,Fall,0.6882559061050415,0.5311126708984375,-0.030682533979415894,0.6890897750854492,0.5207628607749939,-0.05355686694383621,0.6874219179153442,0.5200214982032776,-0.053572289645671844,0.6857336759567261,0.5192651748657227,-0.05359114333987236,0.6943413019180298,0.5249764919281006,-0.04365357384085655,0.6962246894836426,0.5271729230880737,-0.04372120648622513,0.6983435750007629,0.5296656489372253,-0.04379279166460037,0.6837243437767029,0.5298007726669312,-0.11533324420452118,0.70313960313797,0.5470998287200928,-0.07042179256677628,0.6837670803070068,0.5423625707626343,-0.04863649606704712,0.6894640326499939,0.5484932065010071,-0.035635240375995636,0.6427963376045227,0.566358208656311,-0.1346883475780487,0.7108479738235474,0.6512230038642883,-0.0495527908205986,0.6153116226196289,0.5244844555854797,-0.0865507423877716,0.696707010269165,0.7546603083610535,0.0753711685538292,0.6025365591049194,0.43541809916496277,0.025045907124876976,0.6796711087226868,0.7231511473655701,0.20912496745586395,0.5950344204902649,0.4163092374801636,0.025539418682456017,0.6739113330841064,0.7275909185409546,0.22387929260730743,0.6011865735054016,0.41343486309051514,0.022908750921487808,0.6739996671676636,0.7177836894989014,0.2133290022611618,0.6053621172904968,0.4233211576938629,0.027745956555008888,0.6744779944419861,0.7159122824668884,0.20968222618103027,0.5901237726211548,0.7363447546958923,-0.03026137314736843,0.628337025642395,0.7704915404319763,0.02980313077569008,0.563071072101593,0.6006497144699097,0.12072348594665527,0.6336153149604797,0.6731900572776794,0.23367349803447723,0.5394657850265503,0.7391461730003357,0.2760164141654968,0.5931588411331177,0.7577977776527405,0.37188705801963806,0.5428845882415771,0.7594839334487915,0.2979981303215027,0.5880425572395325,0.7795293927192688,0.38774457573890686,0.5233567357063293,0.749471127986908,0.34723353385925293,0.5796526074409485,0.760499894618988,0.42638668417930603
0377,./images/142/frame_00377.jpg,Fall,0.6890624761581421,0.5330149531364441,-0.03126129135489464,0.6894446611404419,0.5227358341217041,-0.05413869768381119,0.6876214742660522,0.5219378471374512,-0.05415601283311844,0.6858267784118652,0.5210181474685669,-0.054182153195142746,0.6949408054351807,0.5272926092147827,-0.04408234357833862,0.6968700289726257,0.5297083258628845,-0.044149819761514664,0.6989091634750366,0.5322650671005249,-0.0442182794213295,0.6837758421897888,0.5311774611473083,-0.11422766745090485,0.7040883302688599,0.551173746585846,-0.06859906762838364,0.6844692230224609,0.5437656044960022,-0.04856530576944351,0.6904349327087402,0.5504053235054016,-0.03539348393678665,0.6426469087600708,0.5675355792045593,-0.13141858577728271,0.7113915681838989,0.6555824875831604,-0.04863736778497696,0.6161167621612549,0.5253026485443115,-0.07633505016565323,0.6963396668434143,0.7587031126022339,0.07840584218502045,0.6021720170974731,0.4257482886314392,0.03919015824794769,0.6805458664894104,0.7181441187858582,0.21732041239738464,0.5961698889732361,0.40603986382484436,0.03873429074883461,0.6744155287742615,0.725634753704071,0.2266051024198532,0.6014957427978516,0.407907098531723,0.0333496518433094,0.6742340922355652,0.7120814919471741,0.21515974402427673,0.6056197881698608,0.41761529445648193,0.040659740567207336,0.6769199967384338,0.7036116123199463,0.2168343961238861,0.5901299118995667,0.7362138628959656,-0.031840719282627106,0.6281952857971191,0.7706384658813477,0.03144174814224243,0.5630347728729248,0.6006906032562256,0.10786885023117065,0.6334210634231567,0.6633460521697998,0.23026928305625916,0.5421525239944458,0.7396896481513977,0.2696993947029114,0.5883444547653198,0.7460888624191284,0.3727600872516632,0.5456889867782593,0.7599274516105652,0.29263004660606384,0.5829113721847534,0.7688145041465759,0.3886948823928833,0.5240553617477417,0.7532163858413696,0.34612420201301575,0.5729475021362305,0.7430432438850403,0.4264659285545349
0378,./images/142/frame_00378.jpg,Fall,0.6898889541625977,0.5349202156066895,-0.04712047800421715,0.6899697780609131,0.5251590013504028,-0.07019075006246567,0.688115119934082,0.524346113204956,-0.07021506875753403,0.6862529516220093,0.523389458656311,-0.07025524973869324,0.6954182386398315,0.5294065475463867,-0.059726983308792114,0.697439432144165,0.5319562554359436,-0.05977595970034599,0.6994732618331909,0.5344985723495483,-0.05985218286514282,0.6840627193450928,0.5328880548477173,-0.12601658701896667,0.7044461369514465,0.5529374480247498,-0.07845063507556915,0.6850106716156006,0.5451042652130127,-0.062414418905973434,0.6909913420677185,0.5517731308937073,-0.04862840101122856,0.6424134373664856,0.568866491317749,-0.13777068257331848,0.7120113372802734,0.6550509333610535,-0.05802749842405319,0.6142323613166809,0.5076489448547363,-0.08126581460237503,0.6963955760002136,0.757202684879303,0.06762786954641342,0.6019388437271118,0.42580175399780273,0.01495683379471302,0.6893371343612671,0.7170877456665039,0.20172421634197235,0.5959051251411438,0.4084266722202301,0.010549625381827354,0.685391366481781,0.7230386734008789,0.2083815634250641,0.6017813682556152,0.404471755027771,0.005841527134180069,0.6866060495376587,0.7106980681419373,0.19653257727622986,0.6054555177688599,0.41381755471229553,0.016446895897388458,0.6871599555015564,0.7030612230300903,0.20084020495414734,0.5900985598564148,0.7360548973083496,-0.02934664487838745,0.6284722685813904,0.7714051008224487,0.028936708346009254,0.5636574029922485,0.6029167175292969,0.11568792909383774,0.6444275975227356,0.6733447313308716,0.22153759002685547,0.5446653366088867,0.7424033880233765,0.29149580001831055,0.6027736067771912,0.7505495548248291,0.39365169405937195,0.5474308133125305,0.7698364853858948,0.31563127040863037,0.5951175093650818,0.772745668888092,0.41368573904037476,0.5314418077468872,0.748045802116394,0.37116754055023193,0.598427414894104,0.7449941635131836,0.4609085023403168
0379,./images/142/frame_00379.jpg,Fall,0.6909564137458801,0.5352665781974792,-0.05930269882082939,0.6908730864524841,0.526023268699646,-0.08286568522453308,0.6890318393707275,0.5252944231033325,-0.08288639038801193,0.6871351003646851,0.5245761275291443,-0.08291731774806976,0.6962988376617432,0.5299850702285767,-0.07077998667955399,0.6982401013374329,0.5323224663734436,-0.07083714753389359,0.7002220153808594,0.5346747636795044,-0.070900097489357,0.6850711107254028,0.5344437956809998,-0.14323948323726654,0.7050086855888367,0.5527759194374084,-0.08779416978359222,0.6861124634742737,0.5455808639526367,-0.07646840065717697,0.6921329498291016,0.5519917607307434,-0.060424041002988815,0.643653929233551,0.5743845105171204,-0.1625877320766449,0.7129205465316772,0.6540412306785583,-0.06182590126991272,0.6055658459663391,0.5248437523841858,-0.11691924184560776,0.6960758566856384,0.7564664483070374,0.07166801393032074,0.6010372638702393,0.4381141662597656,-0.013972355052828789,0.6798173189163208,0.7155711054801941,0.20736026763916016,0.5943048596382141,0.4150875210762024,-0.01747499778866768,0.6737675666809082,0.7204144597053528,0.217386394739151,0.6014052033424377,0.4084993898868561,-0.020207233726978302,0.673106849193573,0.7095235586166382,0.2043670415878296,0.6052519679069519,0.4177440106868744,-0.011550582014024258,0.6739308834075928,0.7038020491600037,0.20595507323741913,0.5907287001609802,0.7354278564453125,-0.03476456552743912,0.6301200985908508,0.7703056335449219,0.03440067172050476,0.5637452602386475,0.6029468774795532,0.11777879297733307,0.6309664249420166,0.6701232194900513,0.24135331809520721,0.5439743995666504,0.7421849370002747,0.28379756212234497,0.587196946144104,0.7409603595733643,0.3915867209434509,0.5477057695388794,0.7656999230384827,0.3078295588493347,0.5829750299453735,0.7623002529144287,0.408930242061615,0.5293186902999878,0.7454404830932617,0.36471685767173767,0.5698665380477905,0.732077956199646,0.45001357793807983
0380,./images/142/frame_00380.jpg,Fall,0.6916440725326538,0.5370591878890991,-0.04549746215343475,0.6917109489440918,0.528352677822113,-0.07013167440891266,0.6899682283401489,0.527753472328186,-0.0701225996017456,0.6881928443908691,0.5270856618881226,-0.0701376274228096,0.6968287825584412,0.5318742394447327,-0.06075301766395569,0.6987488269805908,0.5341366529464722,-0.06082173436880112,0.7007218599319458,0.536396324634552,-0.060888342559337616,0.686204195022583,0.5367201566696167,-0.14103631675243378,0.7061198949813843,0.5539290308952332,-0.07589854300022125,0.6868294477462769,0.5476732850074768,-0.06453655660152435,0.6926256418228149,0.5535688400268555,-0.051739830523729324,0.6446343064308167,0.5780226588249207,-0.14644181728363037,0.713823676109314,0.6557683944702148,-0.04708824306726456,0.6050518751144409,0.5317977666854858,-0.08843012154102325,0.6965826153755188,0.7556425929069519,0.08786003291606903,0.6008561849594116,0.439035028219223,0.02473466470837593,0.6804221272468567,0.7138783931732178,0.22451479732990265,0.5941705703735352,0.4176674783229828,0.02286989986896515,0.6742941737174988,0.7183402180671692,0.23472543060779572,0.60118567943573,0.4120345711708069,0.018444908782839775,0.6743086576461792,0.7076987028121948,0.2220081388950348,0.605000376701355,0.42090606689453125,0.026737794280052185,0.6762102246284485,0.7033265233039856,0.22349616885185242,0.5909171104431152,0.7359688878059387,-0.03848680108785629,0.630145251750946,0.7720333337783813,0.03820166364312172,0.5637413263320923,0.6035910844802856,0.08001869916915894,0.6304877400398254,0.6630606651306152,0.23732423782348633,0.5438910126686096,0.741866409778595,0.2470126897096634,0.5875404477119446,0.7270010113716125,0.3942403793334961,0.5471516847610474,0.7648616433143616,0.26961496472358704,0.5832313299179077,0.7488593459129333,0.41249626874923706,0.5207048654556274,0.740618884563446,0.3213982880115509,0.57085782289505,0.7080456018447876,0.4557887613773346
0381,./images/142/frame_00381.jpg,Fall,0.6937773823738098,0.5396015048027039,-0.0384751558303833,0.694033682346344,0.5304208397865295,-0.062165845185518265,0.6922037601470947,0.529579222202301,-0.062167514115571976,0.6904054284095764,0.5286192297935486,-0.062190670520067215,0.6993778944015503,0.5342908501625061,-0.05249539762735367,0.7015095353126526,0.536803662776947,-0.05256117135286331,0.7036060094833374,0.5391383171081543,-0.05262802168726921,0.6882979869842529,0.5381548404693604,-0.12839482724666595,0.7084841132164001,0.5567784309387207,-0.07289476692676544,0.6886039972305298,0.5496293306350708,-0.056894440203905106,0.6945981979370117,0.5560490489006042,-0.04390742629766464,0.645504355430603,0.5806117057800293,-0.14623801410198212,0.7150093913078308,0.657412052154541,-0.04396575689315796,0.6052826642990112,0.5228070020675659,-0.09770481288433075,0.6970000863075256,0.754856288433075,0.0880904272198677,0.5996822714805603,0.43502938747406006,-0.0017960058758035302,0.6949657201766968,0.7133094668388367,0.222446009516716,0.5927973985671997,0.4129459261894226,-0.00950376596301794,0.692241370677948,0.7175180315971375,0.22889776527881622,0.6001840829849243,0.40735265612602234,-0.015359927900135517,0.6946025490760803,0.7073075771331787,0.21681571006774902,0.6032665371894836,0.41725391149520874,-0.0010005721123889089,0.6943344473838806,0.7031480669975281,0.22105197608470917,0.5909352898597717,0.7368845343589783,-0.04071978107094765,0.6301723718643188,0.773891806602478,0.040406353771686554,0.5639060735702515,0.6033341884613037,0.08875401318073273,0.6303833723068237,0.6631929874420166,0.23553545773029327,0.5461244583129883,0.7411543726921082,0.2649962604045868,0.5875657200813293,0.7322834730148315,0.40247613191604614,0.5497704744338989,0.7643155455589294,0.29105323553085327,0.5831668376922607,0.7538026571273804,0.42113691568374634,0.5228053331375122,0.7326895594596863,0.3419511914253235,0.5721902847290039,0.7184092998504639,0.4596261978149414
0382,./images/142/frame_00382.jpg,Fall,0.6957217454910278,0.5425370335578918,-0.07599510997533798,0.6961594820022583,0.5332728624343872,-0.099334716796875,0.694232702255249,0.532480001449585,-0.09936149418354034,0.6924088001251221,0.5314801931381226,-0.09939932078123093,0.7017142176628113,0.53766930103302,-0.08744197338819504,0.7037168741226196,0.5400454998016357,-0.08751334249973297,0.7034775614738464,0.5413684844970703,-0.08758833259344101,0.6899797916412354,0.5418646335601807,-0.15564337372779846,0.7097667455673218,0.5603606104850769,-0.10077285766601562,0.6902356743812561,0.5524359941482544,-0.09133758395910263,0.6963489651679993,0.559368908405304,-0.07579465210437775,0.6464031934738159,0.5838505029678345,-0.17191888391971588,0.7155259251594543,0.6630675196647644,-0.06623755395412445,0.6056148409843445,0.5224517583847046,-0.12453025579452515,0.697180986404419,0.7557145953178406,0.06630242615938187,0.5980302691459656,0.4363033175468445,-0.034782104194164276,0.6966314315795898,0.7147098183631897,0.19642537832260132,0.5911468863487244,0.41585060954093933,-0.04359915107488632,0.6942044496536255,0.7178656458854675,0.2035938948392868,0.5986844301223755,0.40962478518486023,-0.04751402512192726,0.6957787871360779,0.7086458206176758,0.18937405943870544,0.6015053987503052,0.41953903436660767,-0.033211540430784225,0.6950721740722656,0.705192506313324,0.1943756639957428,0.5910759568214417,0.7386141419410706,-0.0392657145857811,0.6307781338691711,0.7751811742782593,0.038926269859075546,0.5681354403495789,0.6029862761497498,0.0986068993806839,0.6354724168777466,0.662293553352356,0.23512761294841766,0.5490619540214539,0.7356850504875183,0.2912026047706604,0.5930529832839966,0.7311223149299622,0.4152343273162842,0.5523977875709534,0.7577412128448486,0.31636813282966614,0.5876950025558472,0.7525612115859985,0.43531695008277893,0.5328332185745239,0.7237496972084045,0.3645482659339905,0.5817631483078003,0.7160656452178955,0.47567376494407654
0383,./images/142/frame_00383.jpg,Fall,0.6978639364242554,0.5455692410469055,-0.10477231442928314,0.6983610391616821,0.5359963178634644,-0.12940719723701477,0.6964703798294067,0.5350596308708191,-0.12941275537014008,0.6946843266487122,0.5339820384979248,-0.12944254279136658,0.7041375637054443,0.5405738949775696,-0.11938150972127914,0.7061333060264587,0.542728841304779,-0.1194634810090065,0.7074688673019409,0.544421374797821,-0.11955418437719345,0.6922295093536377,0.5449938178062439,-0.18701118230819702,0.7122780084609985,0.5631868839263916,-0.14144790172576904,0.692182183265686,0.5556020736694336,-0.11999498307704926,0.6986140012741089,0.5624666213989258,-0.10688139498233795,0.648204505443573,0.5870612263679504,-0.19810140132904053,0.7173816561698914,0.6654407978057861,-0.10861212015151978,0.6054234504699707,0.5230449438095093,-0.16239048540592194,0.6970977187156677,0.7638692855834961,0.017801877111196518,0.5966183543205261,0.4365364909172058,-0.09465169161558151,0.6804050207138062,0.7525126934051514,0.1358482837677002,0.5882954597473145,0.41602516174316406,-0.10757195949554443,0.6752413511276245,0.7578123211860657,0.14045920968055725,0.5963925123214722,0.4109862744808197,-0.10878129303455353,0.6750126481056213,0.752490222454071,0.12428884208202362,0.5990227460861206,0.4207974672317505,-0.09296385943889618,0.6756688952445984,0.7493784427642822,0.13314156234264374,0.5925194025039673,0.7384894490242004,-0.038508713245391846,0.6336341500282288,0.7758492231369019,0.038161907345056534,0.5679794549942017,0.6047341227531433,0.10986560583114624,0.6316819787025452,0.6671717166900635,0.25081950426101685,0.5505315065383911,0.7362054586410522,0.31747978925704956,0.5939807891845703,0.7314600348472595,0.45062074065208435,0.5521288514137268,0.7675867676734924,0.3429306745529175,0.5894858837127686,0.7522708177566528,0.4731460213661194,0.5370700359344482,0.721924364566803,0.3906470537185669,0.583397626876831,0.7106629014015198,0.5163692831993103
0384,./images/142/frame_00384.jpg,Fall,0.7028467655181885,0.5536844730377197,-0.07510450482368469,0.702594518661499,0.5423144698143005,-0.09921921789646149,0.7002515196800232,0.5407283306121826,-0.09923841059207916,0.6981909871101379,0.5394716262817383,-0.09926461428403854,0.7091436386108398,0.5481662154197693,-0.08985729515552521,0.7112522721290588,0.5507136583328247,-0.08993001282215118,0.7132933139801025,0.5530760884284973,-0.09001033008098602,0.6945635676383972,0.5502017140388489,-0.16117525100708008,0.7157759666442871,0.5689626336097717,-0.11971491575241089,0.6964228749275208,0.5632908940315247,-0.0924324169754982,0.7034918069839478,0.5713569521903992,-0.08022285252809525,0.6515786647796631,0.5884509682655334,-0.17373713850975037,0.720388650894165,0.6719308495521545,-0.09853039681911469,0.6044151782989502,0.5453669428825378,-0.13919588923454285,0.6970897912979126,0.7680230140686035,0.005254573188722134,0.5868850946426392,0.4517896771430969,-0.07992255687713623,0.675216555595398,0.7679241895675659,0.09423454850912094,0.5640101432800293,0.44682392477989197,-0.09108550101518631,0.6686722040176392,0.7765729427337646,0.09239079058170319,0.5863244533538818,0.4247282147407532,-0.09120553731918335,0.6686991453170776,0.7717128992080688,0.08064417541027069,0.578590989112854,0.4563146233558655,-0.07770828902721405,0.6700237989425659,0.7669265866279602,0.09212438017129898,0.5938735604286194,0.7344377040863037,-0.03456171602010727,0.6346778869628906,0.7775125503540039,0.03435056656599045,0.5699876546859741,0.6097091436386108,0.10666356980800629,0.6283684372901917,0.6755411624908447,0.23454146087169647,0.5498389005661011,0.736630916595459,0.3096374571323395,0.5860381722450256,0.7335873246192932,0.43792420625686646,0.5521348714828491,0.7685772180557251,0.3324335515499115,0.5803430080413818,0.7530768513679504,0.45878010988235474,0.5356844067573547,0.727796196937561,0.36835917830467224,0.5740607976913452,0.7173885703086853,0.4770195484161377
0385,./images/142/frame_00385.jpg,Fall,0.7018243074417114,0.5564512014389038,-0.13785135746002197,0.7022603750228882,0.5461457371711731,-0.1641053706407547,0.7001675963401794,0.5449668169021606,-0.16411493718624115,0.6981700658798218,0.5439590215682983,-0.1641523689031601,0.7083078622817993,0.5517060160636902,-0.15154175460338593,0.7102547287940979,0.5541808605194092,-0.15163850784301758,0.7122971415519714,0.5561631321907043,-0.15172891318798065,0.6950916647911072,0.5555210709571838,-0.22654938697814941,0.7161043286323547,0.5730876326560974,-0.16937454044818878,0.6959244608879089,0.5662899613380432,-0.15466350317001343,0.7026110887527466,0.5737724900245667,-0.1381453275680542,0.6520306468009949,0.5956250429153442,-0.23111477494239807,0.7220903635025024,0.6734387278556824,-0.13158012926578522,0.6022378206253052,0.5445605516433716,-0.22319269180297852,0.6971712112426758,0.7747868299484253,-0.01872602477669716,0.5873848795890808,0.44076046347618103,-0.1876608431339264,0.6685310006141663,0.7824048399925232,0.07951107621192932,0.5652621984481812,0.430330365896225,-0.20563988387584686,0.6605880856513977,0.7891919612884521,0.08229430764913559,0.5856624245643616,0.4116305112838745,-0.2062166929244995,0.6589253544807434,0.7834053039550781,0.06619064509868622,0.585232675075531,0.4273693561553955,-0.1868709921836853,0.6607444882392883,0.7805031538009644,0.07621172070503235,0.5955427885055542,0.7378168106079102,-0.03896191343665123,0.6372908353805542,0.7757276892662048,0.03866783156991005,0.567428708076477,0.6101411581039429,0.0769258514046669,0.6313435435295105,0.6522649526596069,0.24515001475811005,0.5470471978187561,0.7366588115692139,0.25234514474868774,0.5947374105453491,0.7192732691764832,0.43653565645217896,0.5479961037635803,0.769970715045929,0.2733617424964905,0.5926239490509033,0.7413583397865295,0.45739835500717163,0.5291100144386292,0.7250277400016785,0.3107404410839081,0.5759457349777222,0.7004534006118774,0.5013277530670166
0386,./images/142/frame_00386.jpg,Fall,0.7036523818969727,0.5574917793273926,-0.09811382740736008,0.7040572762489319,0.5481635332107544,-0.12335336208343506,0.7020256519317627,0.5470603704452515,-0.12336816638708115,0.7000408172607422,0.5460477471351624,-0.12339663505554199,0.7099703550338745,0.5538390278816223,-0.11332128196954727,0.7118631601333618,0.556438684463501,-0.11340779066085815,0.7140992879867554,0.5592530369758606,-0.11349495500326157,0.6970478892326355,0.5580554008483887,-0.18708264827728271,0.7177804708480835,0.5759509801864624,-0.14237317442893982,0.697986364364624,0.5674099922180176,-0.11567823588848114,0.7045032382011414,0.5749136209487915,-0.1024952381849289,0.653180718421936,0.5976138710975647,-0.19927726686000824,0.7232956886291504,0.6763628721237183,-0.11187620460987091,0.6017329096794128,0.5475238561630249,-0.16990625858306885,0.697585940361023,0.7770152688026428,0.010995608754456043,0.5860145688056946,0.4472651183605194,-0.10115567594766617,0.6682230830192566,0.7751657962799072,0.1276153177022934,0.561976432800293,0.43765369057655334,-0.11137329041957855,0.6599465608596802,0.7810299396514893,0.1333208531141281,0.5838907957077026,0.4163031578063965,-0.11206738650798798,0.6593098640441895,0.7748886346817017,0.11955839395523071,0.5864654779434204,0.4289570152759552,-0.09915052354335785,0.661220371723175,0.7716854810714722,0.12576206028461456,0.5958994626998901,0.740594208240509,-0.03879920393228531,0.636961817741394,0.77789306640625,0.03849758952856064,0.5673645734786987,0.6098272204399109,0.08813163638114929,0.6378985643386841,0.6500668525695801,0.2425110638141632,0.5463926196098328,0.7347977757453918,0.2600547969341278,0.5943900346755981,0.7121953368186951,0.42237359285354614,0.5463584065437317,0.7693303227424622,0.28297340869903564,0.5921683311462402,0.7336452007293701,0.44215789437294006,0.5289180874824524,0.7199267745018005,0.3274364173412323,0.5761345624923706,0.6919060349464417,0.4834933876991272
0387,./images/142/frame_00387.jpg,Fall,0.7060839533805847,0.5638997554779053,-0.09394363313913345,0.7064499258995056,0.5544947981834412,-0.11944989114999771,0.704304039478302,0.5532566905021667,-0.11950568109750748,0.7023327946662903,0.552381694316864,-0.11955145746469498,0.7123106718063354,0.5597893595695496,-0.11188731342554092,0.7141700983047485,0.5620976686477661,-0.11193563789129257,0.7165793180465698,0.5650924444198608,-0.11187563836574554,0.6997986435890198,0.5648613572120667,-0.17749837040901184,0.7201482057571411,0.580394446849823,-0.12815845012664795,0.7006633877754211,0.573683500289917,-0.11271538585424423,0.7066246867179871,0.5796461701393127,-0.09677021205425262,0.6549234986305237,0.6009546518325806,-0.1905626803636551,0.7254279851913452,0.6793376207351685,-0.10185088962316513,0.6016713380813599,0.5571854710578918,-0.1524692326784134,0.6985471248626709,0.7736663818359375,0.0179947130382061,0.5699235200881958,0.47843894362449646,-0.09773490577936172,0.6645442247390747,0.7636412978172302,0.13949833810329437,0.5520819425582886,0.4604186713695526,-0.10691259056329727,0.6547991633415222,0.7682121992111206,0.14516976475715637,0.5646098852157593,0.45286327600479126,-0.11022111028432846,0.654531717300415,0.7620486617088318,0.13339030742645264,0.5712813138961792,0.46264639496803284,-0.09717288613319397,0.6570623517036438,0.7590370774269104,0.13838720321655273,0.5984677672386169,0.74247145652771,-0.03364435210824013,0.6391860246658325,0.7777045965194702,0.03334391862154007,0.5674171447753906,0.6157352924346924,0.0921328067779541,0.6465024352073669,0.6505005955696106,0.22170881927013397,0.5465614795684814,0.735731840133667,0.26501044631004333,0.6032527089118958,0.7160654067993164,0.39788925647735596,0.548253059387207,0.7723830342292786,0.28728267550468445,0.5986615419387817,0.7366792559623718,0.41704025864601135,0.531251847743988,0.7298112511634827,0.33325865864753723,0.5870696306228638,0.6996656060218811,0.46527665853500366
0388,./images/142/frame_00388.jpg,Fall,0.7091318964958191,0.5665090084075928,-0.09531678259372711,0.7098277807235718,0.5570855140686035,-0.12028449773788452,0.7074821591377258,0.5555118322372437,-0.12031594663858414,0.7054638862609863,0.5544179081916809,-0.12034782022237778,0.715690016746521,0.5624726414680481,-0.1106540709733963,0.717989981174469,0.5654528737068176,-0.11073609441518784,0.7188365459442139,0.5678730010986328,-0.11080523580312729,0.7029159665107727,0.5673308372497559,-0.18362537026405334,0.7232314944267273,0.5829248428344727,-0.13640211522579193,0.7036780118942261,0.5758609175682068,-0.11332260072231293,0.7093628644943237,0.5818477869033813,-0.09943211078643799,0.6560590863227844,0.6039391160011292,-0.19058024883270264,0.7247664928436279,0.6833555698394775,-0.11271514743566513,0.6017877459526062,0.5670114159584045,-0.16720815002918243,0.6983720064163208,0.7692362666130066,0.005990026518702507,0.5689405202865601,0.49708303809165955,-0.11857098340988159,0.6652488112449646,0.7593278884887695,0.12448664009571075,0.5440912842750549,0.48119673132896423,-0.1296432614326477,0.6567357778549194,0.7633092403411865,0.12895753979682922,0.5537352561950684,0.4754847288131714,-0.13379256427288055,0.6563127636909485,0.7578626275062561,0.11866333335638046,0.5612454414367676,0.48478519916534424,-0.1182234063744545,0.6581093072891235,0.7551703453063965,0.1238451823592186,0.598049521446228,0.7423266172409058,-0.03370282053947449,0.6389812231063843,0.7792335748672485,0.03339738771319389,0.5674572587013245,0.6262548565864563,0.09447163343429565,0.6435766816139221,0.6744713187217712,0.22482523322105408,0.5444537401199341,0.7379802465438843,0.2692487835884094,0.601408839225769,0.7348052263259888,0.40788760781288147,0.5464028120040894,0.7760559320449829,0.2917670011520386,0.5964105129241943,0.7544634342193604,0.4284244179725647,0.530211329460144,0.7378333210945129,0.3360293209552765,0.5869926810264587,0.721473753452301,0.4751649796962738
0389,./images/142/frame_00389.jpg,Fall,0.7119109630584717,0.5696873068809509,-0.09766203910112381,0.713257908821106,0.560096263885498,-0.12214572727680206,0.7109771966934204,0.5591388940811157,-0.1221829503774643,0.7080077528953552,0.5587940812110901,-0.1222333163022995,0.7168222665786743,0.5664544701576233,-0.11207767575979233,0.7188247442245483,0.5684037208557129,-0.11215849220752716,0.7204307913780212,0.5702757835388184,-0.11224259436130524,0.7057434916496277,0.5733166337013245,-0.18424710631370544,0.7263175845146179,0.5862441658973694,-0.13732865452766418,0.7061582803726196,0.5809946060180664,-0.11484432220458984,0.7117960453033447,0.5852682590484619,-0.10119271278381348,0.6584230661392212,0.6119630932807922,-0.1891653835773468,0.727389931678772,0.6842283606529236,-0.11337987333536148,0.6012256741523743,0.5723720788955688,-0.16987821459770203,0.7057881951332092,0.7462065815925598,0.015092785470187664,0.5672875642776489,0.5030704736709595,-0.12103271484375,0.6811136603355408,0.7234862446784973,0.13676360249519348,0.5495610237121582,0.48564672470092773,-0.1316557079553604,0.6762979030609131,0.7219878435134888,0.1485421061515808,0.5573673248291016,0.4798724353313446,-0.1361360251903534,0.6752068996429443,0.7149840593338013,0.13901375234127045,0.5648847222328186,0.4899746775627136,-0.12088103592395782,0.6747040152549744,0.7149874567985535,0.13789570331573486,0.5982223153114319,0.7416493892669678,-0.031499750912189484,0.6428571343421936,0.7776665687561035,0.031212816014885902,0.5636505484580994,0.6315814256668091,0.09488247334957123,0.6426964998245239,0.6846578121185303,0.22336336970329285,0.5474549531936646,0.747180700302124,0.26689305901527405,0.605912983417511,0.7409314513206482,0.3878273367881775,0.5494821667671204,0.7789543867111206,0.2883700430393219,0.601822018623352,0.7615615725517273,0.4060598909854889,0.5367844700813293,0.7388680577278137,0.33423542976379395,0.5927172303199768,0.7244338393211365,0.44991427659988403
0390,./images/142/frame_00390.jpg,Fall,0.7132294178009033,0.5691196322441101,-0.1251833736896515,0.7151271104812622,0.5621176958084106,-0.15096217393875122,0.7129822969436646,0.5617537498474121,-0.1510048657655716,0.710564911365509,0.5616813898086548,-0.1510649025440216,0.7212188243865967,0.5664302706718445,-0.14002397656440735,0.7211093902587891,0.5707007646560669,-0.14011424779891968,0.723318874835968,0.5726040601730347,-0.14019902050495148,0.7079713940620422,0.578092634677887,-0.21293973922729492,0.7277914881706238,0.5909382104873657,-0.16273021697998047,0.7079570293426514,0.5827878713607788,-0.14148440957069397,0.7136608362197876,0.5864177942276001,-0.12692895531654358,0.6589842438697815,0.6209202408790588,-0.21375921368598938,0.7301063537597656,0.6844375729560852,-0.13085350394248962,0.6009217500686646,0.5791821479797363,-0.18495330214500427,0.7092452645301819,0.7363215088844299,0.006650250405073166,0.5703360438346863,0.4994817078113556,-0.12737184762954712,0.6826757192611694,0.6984420418739319,0.12741556763648987,0.5543549656867981,0.48071470856666565,-0.14106526970863342,0.6780558228492737,0.6933119893074036,0.13462206721305847,0.5649751424789429,0.4757787585258484,-0.14618666470050812,0.6758096218109131,0.6854800581932068,0.12156633287668228,0.5708758234977722,0.4815346896648407,-0.12780623137950897,0.6752884387969971,0.6872088313102722,0.12590846419334412,0.5986814498901367,0.7404327988624573,-0.03151180222630501,0.6447368860244751,0.7759241461753845,0.03124007023870945,0.5660441517829895,0.652879536151886,0.11008850485086441,0.6428772211074829,0.6816226243972778,0.2223903387784958,0.5460476875305176,0.7466878890991211,0.28552407026290894,0.6047338843345642,0.7345998883247375,0.40054115653038025,0.5452877283096313,0.7773978114128113,0.3071523606777191,0.5995594263076782,0.7544441223144531,0.42198625206947327,0.5359083414077759,0.7218170166015625,0.33959075808525085,0.5936489105224609,0.7062510848045349,0.45711392164230347
0391,./images/142/frame_00391.jpg,Fall,0.7160860896110535,0.5748642683029175,-0.16178855299949646,0.7212302088737488,0.5696201920509338,-0.18612714111804962,0.7188402414321899,0.5692530274391174,-0.1861596256494522,0.7163355946540833,0.5689612627029419,-0.18621428310871124,0.7277520298957825,0.5722616910934448,-0.17723117768764496,0.7296673655509949,0.5758152604103088,-0.1773393750190735,0.7314497232437134,0.5773573517799377,-0.17741675674915314,0.710006594657898,0.5920722484588623,-0.23648551106452942,0.7309285402297974,0.599347710609436,-0.19704920053482056,0.7121782302856445,0.5892124176025391,-0.17351646721363068,0.7175978422164917,0.5921832323074341,-0.16199085116386414,0.6587189435958862,0.6319205164909363,-0.2258463352918625,0.730916440486908,0.6854690313339233,-0.15512880682945251,0.6003559231758118,0.5888519883155823,-0.1776147037744522,0.7124990820884705,0.7246187925338745,-0.005615757778286934,0.5725723505020142,0.5034940242767334,-0.1102212443947792,0.6865216493606567,0.6572668552398682,0.11751477420330048,0.55743008852005,0.4848724901676178,-0.12339745461940765,0.6825021505355835,0.6455913782119751,0.1212853342294693,0.5654841065406799,0.4759388864040375,-0.13314160704612732,0.6783341765403748,0.6365795731544495,0.10386089980602264,0.5725911855697632,0.4879834055900574,-0.11263389885425568,0.6771474480628967,0.6407276391983032,0.11417283117771149,0.5994447469711304,0.7402552366256714,-0.028997931629419327,0.6483246684074402,0.7700393795967102,0.028854796662926674,0.5714684724807739,0.6444879174232483,0.09858936816453934,0.6502842307090759,0.6706209182739258,0.2025260478258133,0.5554209351539612,0.7382089495658875,0.2747170329093933,0.618302583694458,0.7201396226882935,0.37977826595306396,0.5546070337295532,0.7686409950256348,0.29668480157852173,0.6139255166053772,0.7414595484733582,0.39999333024024963,0.5479029417037964,0.7045231461524963,0.3365553319454193,0.6072360277175903,0.6899309158325195,0.4416049122810364
0392,./images/142/frame_00392.jpg,Fall,0.7232508063316345,0.5826413631439209,-0.12819860875606537,0.727019190788269,0.5731639266014099,-0.15316785871982574,0.7247889637947083,0.5728524327278137,-0.1531996876001358,0.722454845905304,0.5725165605545044,-0.15325459837913513,0.7341736555099487,0.57664555311203,-0.14375808835029602,0.735737681388855,0.5790159106254578,-0.14386023581027985,0.7363288402557373,0.5882017612457275,-0.1439410150051117,0.7161012887954712,0.5923188328742981,-0.21267911791801453,0.737238347530365,0.6098225116729736,-0.1712157279253006,0.7164347767829895,0.5939052104949951,-0.14382365345954895,0.7219085097312927,0.5976041555404663,-0.13164325058460236,0.6633070707321167,0.6294152736663818,-0.21041253209114075,0.7339185476303101,0.6992774605751038,-0.13878722488880157,0.6003760695457458,0.6032728552818298,-0.1698988825082779,0.7105990648269653,0.7302528619766235,0.00012434089148882776,0.5737413167953491,0.526194155216217,-0.08881494402885437,0.6880456805229187,0.6886576414108276,0.12811687588691711,0.5602393746376038,0.5028918981552124,-0.09663829952478409,0.6850960850715637,0.6839295029640198,0.1329425424337387,0.5676931142807007,0.4991132616996765,-0.10646645724773407,0.6819351315498352,0.6751154065132141,0.11773236095905304,0.5752920508384705,0.5062495470046997,-0.09147699922323227,0.6800588369369507,0.6761447191238403,0.12578603625297546,0.5999301671981812,0.7410105466842651,-0.029336988925933838,0.6465920805931091,0.7720668315887451,0.029119154438376427,0.5710904002189636,0.6391595005989075,0.08734455704689026,0.6418737173080444,0.6617498993873596,0.1901850700378418,0.5544522404670715,0.7393858432769775,0.24818213284015656,0.6005195379257202,0.7110904455184937,0.3585323691368103,0.5504094958305359,0.7696173787117004,0.2686569094657898,0.5957048535346985,0.7327507138252258,0.3778032064437866,0.5438593626022339,0.7098792195320129,0.3091079592704773,0.5854348540306091,0.6797835230827332,0.4163181781768799
0393,./images/142/frame_00393.jpg,Fall,0.7278056740760803,0.5868298411369324,-0.15470734238624573,0.7308542132377625,0.581252932548523,-0.1796995848417282,0.7277595400810242,0.5808156132698059,-0.17972995340824127,0.7252509593963623,0.5804679989814758,-0.17977550625801086,0.7371717691421509,0.5861341953277588,-0.16886480152606964,0.7388359308242798,0.588620126247406,-0.16896411776542664,0.740251898765564,0.592336893081665,-0.16903755068778992,0.7195439338684082,0.5967088937759399,-0.2334129363298416,0.7417767643928528,0.6196858286857605,-0.18771211802959442,0.7182298898696899,0.5982269048690796,-0.16788586974143982,0.7246041297912598,0.6019411087036133,-0.1546134203672409,0.6616584658622742,0.6381219029426575,-0.22556033730506897,0.7362530827522278,0.7022178769111633,-0.14587987959384918,0.5900405645370483,0.6326463222503662,-0.1662958264350891,0.7168682813644409,0.7416480779647827,-0.0019438413437455893,0.5740167498588562,0.5619160532951355,-0.07062707096338272,0.6954816579818726,0.6927708387374878,0.11247020959854126,0.5608919858932495,0.5429217219352722,-0.08186718821525574,0.6946544647216797,0.6871193051338196,0.11665700376033783,0.5677968859672546,0.5366140007972717,-0.09098150581121445,0.6894965767860413,0.6766801476478577,0.09944772720336914,0.5772064328193665,0.5408268570899963,-0.07328014075756073,0.6866642236709595,0.67778080701828,0.10827071964740753,0.6017749905586243,0.7445062398910522,-0.029673177748918533,0.6462165713310242,0.7684536576271057,0.029475098475813866,0.5762305855751038,0.659168004989624,0.1602935492992401,0.6318341493606567,0.6307494640350342,0.18493343889713287,0.553045928478241,0.728687047958374,0.38627320528030396,0.5831699967384338,0.6060476303100586,0.3718619644641876,0.5482449531555176,0.7439866065979004,0.4127066135406494,0.5740206837654114,0.6170975565910339,0.39239323139190674,0.5478629469871521,0.674491822719574,0.42459869384765625,0.5777536034584045,0.5457732081413269,0.4076084494590759
0394,./images/142/frame_00394.jpg,Fall,0.7324519157409668,0.5926443934440613,-0.19636975228786469,0.7367783188819885,0.5925922989845276,-0.22057394683361053,0.7339785695075989,0.5928367376327515,-0.22059302031993866,0.7311786413192749,0.5928648710250854,-0.2206457108259201,0.7434203624725342,0.5953308939933777,-0.20856456458568573,0.7447037100791931,0.5971405506134033,-0.20871376991271973,0.746599018573761,0.598881721496582,-0.20879356563091278,0.7239905595779419,0.6147131323814392,-0.27061647176742554,0.7475801706314087,0.623194694519043,-0.22035422921180725,0.723349928855896,0.6065260171890259,-0.2085193693637848,0.7289832830429077,0.6055286526679993,-0.19389091432094574,0.6633374691009521,0.6604576110839844,-0.25964581966400146,0.7499250173568726,0.7021735310554504,-0.1631067544221878,0.5910870432853699,0.6559813022613525,-0.20484328269958496,0.7174230813980103,0.7193260192871094,0.0021744968835264444,0.5732954144477844,0.5768169164657593,-0.12118162214756012,0.6935237646102905,0.6362682580947876,0.13501650094985962,0.5564864873886108,0.5532659888267517,-0.13819155097007751,0.6919193267822266,0.6214168071746826,0.14730754494667053,0.567386269569397,0.5505900979042053,-0.1464960277080536,0.68675696849823,0.6111129522323608,0.11785583198070526,0.5758730173110962,0.5587166547775269,-0.12403424084186554,0.6842660903930664,0.6166324615478516,0.12727278470993042,0.6067913174629211,0.7517696619033813,-0.033633165061473846,0.6496151685714722,0.7587308883666992,0.033597949892282486,0.5769075751304626,0.6510516405105591,0.13360708951950073,0.633208155632019,0.5883292555809021,0.1631801426410675,0.548058807849884,0.7409716844558716,0.3262959122657776,0.5864242911338806,0.5913907885551453,0.33518922328948975,0.5452643632888794,0.7613879442214966,0.35039761662483215,0.5795103907585144,0.6060982942581177,0.35525673627853394,0.5431324243545532,0.7150200605392456,0.38158440589904785,0.5799704790115356,0.546090304851532,0.37877902388572693
0395,./images/142/frame_00395.jpg,Fall,0.737473726272583,0.5946876406669617,-0.2383957803249359,0.7393069863319397,0.5980954766273499,-0.2624199688434601,0.7363075613975525,0.5997984409332275,-0.26240238547325134,0.7334328293800354,0.6010468602180481,-0.26247578859329224,0.7450484037399292,0.5981717705726624,-0.25000131130218506,0.7465941309928894,0.5991718769073486,-0.25012117624282837,0.7480853796005249,0.6007303595542908,-0.2501564621925354,0.7272818088531494,0.6223863959312439,-0.30648893117904663,0.7499992251396179,0.6276075839996338,-0.25460824370384216,0.7260575294494629,0.6097774505615234,-0.24737446010112762,0.7303835153579712,0.6107461452484131,-0.23232340812683105,0.6669577360153198,0.6846458911895752,-0.28907206654548645,0.7475224733352661,0.6988001465797424,-0.19400089979171753,0.5918487310409546,0.6663926243782043,-0.2325448989868164,0.7288066148757935,0.707952082157135,-0.03003638982772827,0.5714149475097656,0.5912458300590515,-0.1497398316860199,0.7202280759811401,0.6318944096565247,0.09067940711975098,0.554326593875885,0.56261146068573,-0.1664142906665802,0.7256894707679749,0.619604229927063,0.09276612848043442,0.566571831703186,0.5616790056228638,-0.1757412850856781,0.7176817655563354,0.6108893752098083,0.07543720304965973,0.5746890306472778,0.571245551109314,-0.15248289704322815,0.7118374109268188,0.6155368685722351,0.08680477738380432,0.609002947807312,0.7552695274353027,-0.0349632203578949,0.6501821279525757,0.7599559426307678,0.03494315966963768,0.5762487053871155,0.6470465064048767,0.12588158249855042,0.6239772439002991,0.6034319996833801,0.20094652473926544,0.5567914247512817,0.7408103942871094,0.3333130180835724,0.605244517326355,0.6695117950439453,0.43678268790245056,0.5552694201469421,0.7627928256988525,0.3598838448524475,0.605747640132904,0.6875523924827576,0.4644795358181,0.5502410531044006,0.7149744629859924,0.392913818359375,0.6013145446777344,0.6476630568504333,0.4944950044155121
0396,./images/142/frame_00396.jpg,Fall,0.7405382990837097,0.5975334048271179,-0.23868198692798615,0.7426124811172485,0.6031505465507507,-0.2614036202430725,0.7400013208389282,0.6045778393745422,-0.2613678574562073,0.737583339214325,0.6055698394775391,-0.2614307403564453,0.7473206520080566,0.6046558022499084,-0.24710094928741455,0.7484067678451538,0.60667884349823,-0.24722178280353546,0.7497669458389282,0.6080424785614014,-0.24728254973888397,0.732209324836731,0.6277185082435608,-0.3086203932762146,0.7520573139190674,0.6309298872947693,-0.24686476588249207,0.7312330007553101,0.6108760237693787,-0.2493225783109665,0.7323236465454102,0.618247926235199,-0.23145553469657898,0.6797007918357849,0.6902068257331848,-0.2975991368293762,0.7475283741950989,0.6982080936431885,-0.18498793244361877,0.6044331789016724,0.6709011793136597,-0.24316759407520294,0.7022224068641663,0.7057719230651855,-0.03723055124282837,0.5751990675926208,0.596550703048706,-0.14585000276565552,0.667168140411377,0.6348915696144104,0.06720197200775146,0.5575148463249207,0.5787719488143921,-0.15796710550785065,0.6654923558235168,0.6198254227638245,0.07118126004934311,0.5680727362632751,0.5781903862953186,-0.16546981036663055,0.6599061489105225,0.6120866537094116,0.051795363426208496,0.5767470002174377,0.5867305994033813,-0.1472170352935791,0.6574341654777527,0.6190030574798584,0.06175903603434563,0.6087085008621216,0.7545825242996216,-0.0399734228849411,0.6491169333457947,0.7565277814865112,0.03991201892495155,0.5800917744636536,0.6467012166976929,0.1020335927605629,0.6176501512527466,0.6216387152671814,0.20087818801403046,0.5600695610046387,0.7063497304916382,0.3055766224861145,0.603909432888031,0.6613847613334656,0.4194334149360657,0.5568684339523315,0.7285382747650146,0.3293115496635437,0.6023197174072266,0.6751013994216919,0.4448164105415344,0.5583068132400513,0.6708824038505554,0.34664100408554077,0.5985345244407654,0.6292458772659302,0.4733084738254547
0397,./images/142/frame_00397.jpg,Fall,0.7456700205802917,0.6185733079910278,-0.19489476084709167,0.7495636343955994,0.6211491227149963,-0.21743276715278625,0.7477726936340332,0.621553897857666,-0.2174096554517746,0.7459810972213745,0.6216098666191101,-0.21746714413166046,0.7527828216552734,0.6241856217384338,-0.2043612003326416,0.7534269094467163,0.6263617277145386,-0.20445796847343445,0.7543818950653076,0.6294088363647461,-0.20450472831726074,0.7410034537315369,0.6393561363220215,-0.26869675517082214,0.7536047697067261,0.6490899920463562,-0.21562333405017853,0.7366390228271484,0.630099892616272,-0.20738649368286133,0.739486575126648,0.6352473497390747,-0.1909344345331192,0.6846650838851929,0.6956421732902527,-0.26642045378685,0.7448979616165161,0.7239016890525818,-0.160564586520195,0.6142899990081787,0.6885359287261963,-0.21456913650035858,0.7078176736831665,0.7104023694992065,-0.016834760084748268,0.5755293965339661,0.6284328699111938,-0.1390915811061859,0.6944236159324646,0.6541568040847778,0.09473498910665512,0.5630237460136414,0.6195985078811646,-0.15415838360786438,0.6982547044754028,0.6435490250587463,0.0987120196223259,0.5683771371841431,0.6106417179107666,-0.15248742699623108,0.6957364082336426,0.6345013976097107,0.08186101168394089,0.576914370059967,0.6133355498313904,-0.13828149437904358,0.6906628608703613,0.6386662721633911,0.0906001403927803,0.6067726612091064,0.7581343054771423,-0.04309834912419319,0.6417852640151978,0.7698850631713867,0.043033357709646225,0.5728116631507874,0.6503360271453857,0.09841225296258926,0.6012139916419983,0.675200343132019,0.22088570892810822,0.5479421615600586,0.7306337952613831,0.29331400990486145,0.5939756631851196,0.7380409836769104,0.4174194931983948,0.5506483316421509,0.7587391138076782,0.3165329098701477,0.5959171056747437,0.7566884160041809,0.4404953420162201,0.5463165640830994,0.7220448851585388,0.34150803089141846,0.587830662727356,0.716911256313324,0.4686150550842285
0398,./images/142/frame_00398.jpg,Fall,0.7450095415115356,0.6179268956184387,-0.1952211707830429,0.7494475841522217,0.6220910549163818,-0.21421048045158386,0.7481377124786377,0.6228546500205994,-0.2141910344362259,0.7466493248939514,0.6234080195426941,-0.21426169574260712,0.7525742650032043,0.6248886585235596,-0.1996956467628479,0.7534462809562683,0.6276258826255798,-0.19977422058582306,0.7544655203819275,0.6300070285797119,-0.19981512427330017,0.7438369393348694,0.642841100692749,-0.2579594850540161,0.7547162771224976,0.6523171067237854,-0.20628568530082703,0.7370810508728027,0.6308947801589966,-0.20458753407001495,0.7401205897331238,0.6349989771842957,-0.18643760681152344,0.6855334043502808,0.701722264289856,-0.2556069493293762,0.7447335720062256,0.7294394373893738,-0.13369272649288177,0.6174864172935486,0.702289342880249,-0.2151797115802765,0.7035539746284485,0.7167940735816956,-0.004624619148671627,0.5801786780357361,0.6215868592262268,-0.1383621096611023,0.6908842921257019,0.6598473191261292,0.09431582689285278,0.5656537413597107,0.6048059463500977,-0.15118001401424408,0.6964112520217896,0.6521278619766235,0.09709490090608597,0.575248122215271,0.5992457270622253,-0.15585465729236603,0.6930529475212097,0.6431639194488525,0.08211329579353333,0.5812604427337646,0.6016775369644165,-0.13864530622959137,0.6898996233940125,0.6466563940048218,0.08978094160556793,0.6027843952178955,0.7573181390762329,-0.042293813079595566,0.6337164640426636,0.7701550722122192,0.0422092080116272,0.5674351453781128,0.6484447121620178,0.09868260473012924,0.608698844909668,0.6907787919044495,0.21274149417877197,0.5479995012283325,0.7246336340904236,0.28442808985710144,0.5942407846450806,0.7233597636222839,0.392109215259552,0.5472185611724854,0.746307909488678,0.3036636710166931,0.5958224534988403,0.7394128441810608,0.4123102128505707,0.550447940826416,0.6927176117897034,0.3088440001010895,0.5929387807846069,0.694695234298706,0.4282974302768707
0399,./images/142/frame_00399.jpg,Fall,0.752332329750061,0.6458851099014282,-0.14877799153327942,0.7573449015617371,0.6448479294776917,-0.16924582421779633,0.7558974027633667,0.6438925266265869,-0.16923433542251587,0.754324734210968,0.6427597403526306,-0.16929803788661957,0.7607666254043579,0.6505237221717834,-0.1562293916940689,0.7615081071853638,0.6534448266029358,-0.15632668137550354,0.7620975971221924,0.6557390689849854,-0.15638414025306702,0.7499949336051941,0.6570363640785217,-0.2209702432155609,0.7611753940582275,0.6712995171546936,-0.16625924408435822,0.743537425994873,0.6561552882194519,-0.1622469425201416,0.7462546229362488,0.6602467894554138,-0.14589470624923706,0.6878875494003296,0.7017669081687927,-0.22589638829231262,0.7435809373855591,0.7476654648780823,-0.11778813600540161,0.6204605102539062,0.7078262567520142,-0.17814670503139496,0.703984260559082,0.7347386479377747,0.0015816815430298448,0.5835520625114441,0.6398650407791138,-0.07498356699943542,0.6907311677932739,0.6609138250350952,0.09877001494169235,0.5674818754196167,0.6363146305084229,-0.07692693173885345,0.6953036785125732,0.6555925011634827,0.10091406106948853,0.5795815587043762,0.6175294518470764,-0.08488284051418304,0.6908524632453918,0.6472281813621521,0.08856485784053802,0.5855528712272644,0.6236568689346313,-0.07579980790615082,0.6878944635391235,0.6503323912620544,0.09490788727998734,0.5955199003219604,0.7552937269210815,-0.04288996383547783,0.6261007785797119,0.7713902592658997,0.04280654340982437,0.561281144618988,0.628471851348877,0.04599490761756897,0.6109656095504761,0.6803890466690063,0.19642356038093567,0.5472120642662048,0.7257881164550781,0.19811366498470306,0.5941219329833984,0.7162227034568787,0.33182594180107117,0.5472215414047241,0.7465488910675049,0.21709367632865906,0.5942658185958862,0.7330314517021179,0.34810152649879456,0.548387348651886,0.7001495957374573,0.2616070508956909,0.5900769233703613,0.6877299547195435,0.3892808258533478
0400,./images/142/frame_00400.jpg,Fall,0.761795699596405,0.6454659104347229,-0.1950811743736267,0.765302300453186,0.6464805603027344,-0.21224179863929749,0.7631437182426453,0.6461618542671204,-0.21223802864551544,0.7613080739974976,0.6456661820411682,-0.2123088836669922,0.7696659564971924,0.6516163945198059,-0.20420238375663757,0.7707165479660034,0.6545952558517456,-0.2043183296918869,0.7714034914970398,0.6566933989524841,-0.20438739657402039,0.7539836168289185,0.6645570397377014,-0.2459656298160553,0.7676314115524292,0.6741175055503845,-0.21409526467323303,0.7517754435539246,0.6556193232536316,-0.20242860913276672,0.7494301795959473,0.6626213788986206,-0.19285817444324493,0.6905754804611206,0.7035432457923889,-0.23207218945026398,0.7537840604782104,0.7448734045028687,-0.16768698394298553,0.6175755262374878,0.7088454961776733,-0.1821804940700531,0.7327297329902649,0.7400006651878357,-0.048430539667606354,0.5944905281066895,0.6272372007369995,-0.08856929838657379,0.7339051961898804,0.6694208979606628,0.060904115438461304,0.5815452337265015,0.6170670986175537,-0.09604348987340927,0.7396379709243774,0.661317765712738,0.06321790814399719,0.5896628499031067,0.6028925180435181,-0.10350563377141953,0.7367278337478638,0.6518273949623108,0.052024196833372116,0.596064031124115,0.6127385497093201,-0.08940720558166504,0.73094642162323,0.655583381652832,0.0586790032684803,0.5956815481185913,0.752829909324646,-0.040872443467378616,0.6294923424720764,0.7642642259597778,0.0408349372446537,0.5569375157356262,0.6228163838386536,0.0654899924993515,0.6097781658172607,0.6480007171630859,0.18650935590267181,0.5441698431968689,0.7252753973007202,0.244585320353508,0.591107189655304,0.6697908639907837,0.35438844561576843,0.543714702129364,0.7484036087989807,0.2652810215950012,0.5897629857063293,0.6832958459854126,0.37388867139816284,0.5394068956375122,0.7016595602035522,0.29762494564056396,0.5836561322212219,0.6421305537223816,0.4052738547325134
0401,./images/142/frame_00401.jpg,Fall,0.7630220651626587,0.6510048508644104,-0.21945126354694366,0.7643915414810181,0.6540912985801697,-0.24039587378501892,0.7624661922454834,0.6548730731010437,-0.24034729599952698,0.7606620788574219,0.6553072333335876,-0.24040265381336212,0.7701050043106079,0.656550407409668,-0.22727468609809875,0.7690151929855347,0.6642501950263977,-0.2273961305618286,0.7703253030776978,0.6646054983139038,-0.22748377919197083,0.7538451552391052,0.6793110966682434,-0.277982622385025,0.7698873281478882,0.6814984083175659,-0.22192788124084473,0.7521843314170837,0.663470983505249,-0.2269158810377121,0.7560849785804749,0.6666567325592041,-0.2107652872800827,0.7030714750289917,0.7195406556129456,-0.2580905258655548,0.7613257169723511,0.741108775138855,-0.15996548533439636,0.6439582109451294,0.7285634279251099,-0.19760003685951233,0.7404983639717102,0.7202819585800171,-0.03976358845829964,0.6499810814857483,0.6895137429237366,-0.09380816668272018,0.7288352251052856,0.6709374189376831,0.10366182029247284,0.6481640934944153,0.6794328689575195,-0.09882400929927826,0.7281407117843628,0.6624195575714111,0.12054256349802017,0.6586177945137024,0.6829273700714111,-0.10430169105529785,0.727083146572113,0.6596505641937256,0.10704441368579865,0.6599887609481812,0.6883823871612549,-0.09470976889133453,0.7239416837692261,0.6624839305877686,0.10304375737905502,0.5983180403709412,0.7541095018386841,-0.055249400436878204,0.6303648352622986,0.7636024355888367,0.055205147713422775,0.5574074983596802,0.6205724477767944,0.03175722807645798,0.5983109474182129,0.6388757228851318,0.19141842424869537,0.5413118004798889,0.7542638778686523,0.17928919196128845,0.5736681818962097,0.6922678351402283,0.3537147045135498,0.5434316396713257,0.7848504185676575,0.20036931335926056,0.5730928778648376,0.7143691182136536,0.3728744089603424,0.5260473489761353,0.7521024942398071,0.2518518567085266,0.5552232265472412,0.6795823574066162,0.4137433171272278
0402,./images/142/frame_00402.jpg,Fall,0.7633293271064758,0.6785568594932556,-0.20919716358184814,0.7709323167800903,0.6736916303634644,-0.2371920347213745,0.7689417600631714,0.6736883521080017,-0.2368495911359787,0.766943633556366,0.6735714673995972,-0.23690113425254822,0.7771676182746887,0.6781807541847229,-0.21817931532859802,0.773223340511322,0.6831382513046265,-0.2182922065258026,0.7745693922042847,0.6836369037628174,-0.21831393241882324,0.7609466314315796,0.6937143802642822,-0.24914924800395966,0.7741212844848633,0.6988890171051025,-0.21208107471466064,0.7600652575492859,0.6812105774879456,-0.21381938457489014,0.757732629776001,0.6858694553375244,-0.2081344574689865,0.7084671854972839,0.7248432636260986,-0.22327308356761932,0.764866292476654,0.754529595375061,-0.1568066030740738,0.6505597829818726,0.7450505495071411,-0.15427519381046295,0.7544649839401245,0.7284202575683594,-0.025564398616552353,0.658309817314148,0.7145777344703674,-0.04699147492647171,0.7475534677505493,0.677959144115448,0.10128574073314667,0.6567512154579163,0.7054704427719116,-0.042498551309108734,0.7485150694847107,0.6656258702278137,0.11642032861709595,0.6673339009284973,0.7104002833366394,-0.04751559719443321,0.7459571361541748,0.6681114435195923,0.10457037389278412,0.6685353517532349,0.7152788639068604,-0.04556822031736374,0.742035984992981,0.6718202233314514,0.10019940137863159,0.5989212989807129,0.7550681233406067,-0.05615977570414543,0.6311821937561035,0.7649614214897156,0.05612504482269287,0.5566994547843933,0.622840940952301,0.023871129378676414,0.5745211839675903,0.6481311321258545,0.16538996994495392,0.537208080291748,0.7624198794364929,0.14167752861976624,0.5564795732498169,0.7500076293945312,0.2851337194442749,0.5394290089607239,0.7932470440864563,0.15903320908546448,0.5578448176383972,0.7738155126571655,0.29989051818847656,0.5177556276321411,0.766321063041687,0.20539696514606476,0.5371604561805725,0.7486218810081482,0.3333588242530823
0403,./images/142/frame_00403.jpg,Fall,0.7695215940475464,0.6959162950515747,-0.22887703776359558,0.7754319906234741,0.6929395794868469,-0.24859455227851868,0.7716730833053589,0.6915273666381836,-0.24853499233722687,0.7693561315536499,0.6915401816368103,-0.24858585000038147,0.7802770137786865,0.7016360759735107,-0.23679670691490173,0.7807359099388123,0.7021324634552002,-0.23693592846393585,0.7820579409599304,0.7022508978843689,-0.23705200850963593,0.7612078785896301,0.7116745114326477,-0.27232494950294495,0.779639720916748,0.7183800339698792,-0.22699804604053497,0.7635811567306519,0.6989253759384155,-0.23203511536121368,0.7626836895942688,0.7000125646591187,-0.21949169039726257,0.7057055830955505,0.7420566082000732,-0.23323020339012146,0.7655215859413147,0.7616114020347595,-0.16279236972332,0.6410717368125916,0.7586702108383179,-0.16790787875652313,0.7442484498023987,0.737598180770874,-0.0361495316028595,0.6516229510307312,0.7036135196685791,-0.06898029893636703,0.7315303087234497,0.681506872177124,0.06849487125873566,0.6520735025405884,0.6873795390129089,-0.06917861849069595,0.7315019369125366,0.6665552258491516,0.07811226695775986,0.6630580425262451,0.6938706040382385,-0.0720774456858635,0.7292642593383789,0.6688306927680969,0.06153778359293938,0.6637681722640991,0.700291097164154,-0.06735670566558838,0.7256285548210144,0.6733300685882568,0.06529344618320465,0.599151074886322,0.7550623416900635,-0.05304905027151108,0.6341475248336792,0.7651116251945496,0.05296648293733597,0.5557288527488708,0.6230700016021729,0.030890261754393578,0.5980150103569031,0.655680239200592,0.18548938632011414,0.5361014604568481,0.7642488479614258,0.1725403368473053,0.5692924857139587,0.7379676699638367,0.3128097951412201,0.5399000644683838,0.7919400334358215,0.1927611529827118,0.5654435157775879,0.7614413499832153,0.33181342482566833,0.5211478471755981,0.7595608234405518,0.24211303889751434,0.544938325881958,0.7411830425262451,0.4016365110874176
0404,./images/142/frame_00404.jpg,Fall,0.772234320640564,0.7008952498435974,-0.2375611960887909,0.7779263854026794,0.7042389512062073,-0.2574504613876343,0.7762912511825562,0.704047441482544,-0.2574162483215332,0.7749274969100952,0.7039182186126709,-0.2575084865093231,0.7800120711326599,0.7166249752044678,-0.24643854796886444,0.7811685800552368,0.7164199948310852,-0.2465604990720749,0.7825207114219666,0.7162909507751465,-0.24665100872516632,0.7674449682235718,0.7242395281791687,-0.2882631719112396,0.7806699275970459,0.7280427813529968,-0.2413908690214157,0.7634814977645874,0.7083486318588257,-0.2420857697725296,0.7632462978363037,0.7158595323562622,-0.22889253497123718,0.7078354954719543,0.7475863099098206,-0.2597832977771759,0.7668036222457886,0.7714998126029968,-0.17418654263019562,0.6358331441879272,0.75818932056427,-0.1967761218547821,0.7485758066177368,0.742942750453949,-0.035250287503004074,0.6433632969856262,0.7269304990768433,-0.10274398326873779,0.7543562650680542,0.7096318006515503,0.07578997313976288,0.6431738138198853,0.7176840305328369,-0.10121017694473267,0.75829017162323,0.7037628889083862,0.09063363075256348,0.6535621881484985,0.725495457649231,-0.1063610091805458,0.7582570314407349,0.7041998505592346,0.08043354749679565,0.6546103358268738,0.7288726568222046,-0.1016971692442894,0.7535015344619751,0.7050351500511169,0.06797739863395691,0.6009908318519592,0.7557547688484192,-0.056810975074768066,0.6343108415603638,0.7653557658195496,0.05681474134325981,0.5565329790115356,0.6200975775718689,0.035485077649354935,0.6043134927749634,0.6582188606262207,0.21565231680870056,0.5365298986434937,0.761159360408783,0.1928592026233673,0.5731121301651001,0.7269519567489624,0.37113019824028015,0.5361843109130859,0.7881961464881897,0.21509206295013428,0.5716177821159363,0.7476930618286133,0.39109963178634644,0.5162114500999451,0.7633177638053894,0.2657545208930969,0.5560853481292725,0.7153237462043762,0.4471946358680725
0405,./images/142/frame_00405.jpg,Fall,0.78310626745224,0.703132152557373,-0.2516633868217468,0.7880083918571472,0.7124831080436707,-0.2718408405780792,0.7868179082870483,0.7138916850090027,-0.2718026041984558,0.7848072052001953,0.7157442569732666,-0.27189895510673523,0.790309488773346,0.7139812111854553,-0.25026899576187134,0.7908310890197754,0.7155709266662598,-0.2503719627857208,0.7913166284561157,0.7170267105102539,-0.2504561245441437,0.7764129042625427,0.7554740309715271,-0.3052295446395874,0.7831123471260071,0.7426455020904541,-0.23162445425987244,0.7716057300567627,0.7129513025283813,-0.2576368451118469,0.7678255438804626,0.7208422422409058,-0.2303783893585205,0.7156559228897095,0.7687311768531799,-0.3004811406135559,0.7626802921295166,0.7727134823799133,-0.11242985725402832,0.6349294781684875,0.7664653062820435,-0.2572970986366272,0.7127197980880737,0.7407809495925903,0.015377156436443329,0.640352189540863,0.715861439704895,-0.14953002333641052,0.7027275562286377,0.7077288627624512,0.0963825061917305,0.6411080956459045,0.7032016515731812,-0.15141409635543823,0.7000937461853027,0.699789822101593,0.12048305571079254,0.6509707570075989,0.7073780298233032,-0.144160658121109,0.7053956985473633,0.6973139047622681,0.10038956254720688,0.6514310240745544,0.711986780166626,-0.14251765608787537,0.6985419392585754,0.6946986317634583,0.08880491554737091,0.6010693907737732,0.7584058046340942,-0.07849046587944031,0.6330808997154236,0.764647364616394,0.07863616198301315,0.5575371980667114,0.6127105951309204,-0.04618612304329872,0.5938161015510559,0.6614217758178711,0.23489788174629211,0.536684513092041,0.7586840987205505,0.10880831629037857,0.5661224126815796,0.7510607242584229,0.36713677644729614,0.5411161184310913,0.7866272926330566,0.13021549582481384,0.5645773410797119,0.7714216709136963,0.38213106989860535,0.5201135873794556,0.7659346461296082,0.18478479981422424,0.5514604449272156,0.745328426361084,0.442511647939682
0406,./images/142/frame_00406.jpg,Fall,0.7807241082191467,0.706481397151947,-0.23887300491333008,0.7854591608047485,0.7184752821922302,-0.2600901424884796,0.784395694732666,0.720494270324707,-0.2600608468055725,0.7832144498825073,0.7223402261734009,-0.2601487636566162,0.7879356741905212,0.7184295654296875,-0.2375134974718094,0.7887102961540222,0.7207205891609192,-0.23761305212974548,0.7894430756568909,0.7228258848190308,-0.2377001792192459,0.7759802937507629,0.7491251826286316,-0.3030764162540436,0.7839916348457336,0.7462355494499207,-0.20676541328430176,0.769145131111145,0.7136886715888977,-0.2490784227848053,0.7703105807304382,0.7148112654685974,-0.22005672752857208,0.7121352553367615,0.7809543013572693,-0.3151961863040924,0.7625352144241333,0.7732357382774353,-0.10293860733509064,0.6332116723060608,0.7468309998512268,-0.27844899892807007,0.6915372610092163,0.7425013184547424,0.004032527096569538,0.6147524118423462,0.6745164394378662,-0.1816413402557373,0.6602462530136108,0.7072840929031372,0.04468035697937012,0.6075658798217773,0.6535186171531677,-0.19078031182289124,0.6584634780883789,0.682817816734314,0.06019075587391853,0.6151996850967407,0.6502355933189392,-0.18509188294410706,0.6566016674041748,0.6869331002235413,0.03466673940420151,0.619608461856842,0.6599895358085632,-0.1760169118642807,0.6564328074455261,0.6888139247894287,0.03658733516931534,0.6021180152893066,0.7621390223503113,-0.07330012321472168,0.6331372261047363,0.7609344720840454,0.0733831599354744,0.5580192804336548,0.611501157283783,-0.06156011298298836,0.5969297885894775,0.6421244144439697,0.22423645853996277,0.537272572517395,0.7572451233863831,0.08102072775363922,0.5811271667480469,0.7446388006210327,0.3283695578575134,0.544082760810852,0.7859913110733032,0.10025384277105331,0.5830313563346863,0.7658344507217407,0.34128254652023315,0.5188044309616089,0.7660630941390991,0.15529677271842957,0.5663338899612427,0.744512677192688,0.3958427309989929
0407,./images/142/frame_00407.jpg,Fall,0.7852701544761658,0.7143259644508362,-0.2058073729276657,0.7910671830177307,0.7263575196266174,-0.2292737066745758,0.7904199361801147,0.728401243686676,-0.22924642264842987,0.7897776365280151,0.7301511764526367,-0.22935056686401367,0.7928990721702576,0.7268981337547302,-0.2040499746799469,0.793526291847229,0.7299425005912781,-0.20415906608104706,0.7943001985549927,0.7328003644943237,-0.20421819388866425,0.7834644317626953,0.7573097348213196,-0.28405940532684326,0.7896766066551208,0.7573156356811523,-0.17304310202598572,0.7738850712776184,0.7200594544410706,-0.22020311653614044,0.7756537199020386,0.7211781740188599,-0.18760962784290314,0.7125161290168762,0.7759411334991455,-0.2931031286716461,0.7606675028800964,0.7850757241249084,-0.09120742976665497,0.6402038335800171,0.7415087223052979,-0.2609194815158844,0.7446563243865967,0.7462156414985657,0.05022468417882919,0.6434411406517029,0.6707754135131836,-0.1071663498878479,0.7682745456695557,0.712790846824646,0.14620590209960938,0.6408776044845581,0.6461379528045654,-0.10749504715204239,0.7754365801811218,0.7031333446502686,0.1607244908809662,0.6503719091415405,0.6480275392532349,-0.10676820576190948,0.77806556224823,0.7038108706474304,0.1426984667778015,0.652783215045929,0.6593875885009766,-0.10172811895608902,0.7735767364501953,0.7036484479904175,0.14179353415966034,0.6078879833221436,0.7635577917098999,-0.0691109225153923,0.6347749829292297,0.7582624554634094,0.06923078745603561,0.5588992238044739,0.6078447103500366,-0.068412646651268,0.6045815944671631,0.6171244978904724,0.16668304800987244,0.5393062233924866,0.75633704662323,0.0828329548239708,0.5949782729148865,0.7388778924942017,0.2862645089626312,0.546838641166687,0.7848309874534607,0.10488270223140717,0.5978840589523315,0.7575861811637878,0.30210772156715393,0.5197528600692749,0.7695310115814209,0.17276427149772644,0.5787369608879089,0.7354142069816589,0.3660200238227844
0408,./images/142/frame_00408.jpg,Fall,0.7959315180778503,0.7383812069892883,-0.1425619274377823,0.8028607368469238,0.7515381574630737,-0.16505369544029236,0.8026515245437622,0.7535386681556702,-0.1650320589542389,0.8022883534431458,0.7551002502441406,-0.16508737206459045,0.8033315539360046,0.7526825666427612,-0.14069420099258423,0.8034470677375793,0.7558422684669495,-0.14078515768051147,0.8034421801567078,0.7585257887840271,-0.14085106551647186,0.7944844365119934,0.7819204330444336,-0.21836701035499573,0.7968252897262573,0.7851471900939941,-0.1111183762550354,0.7796453237533569,0.7517368793487549,-0.15769706666469574,0.7813886404037476,0.7494627237319946,-0.12675079703330994,0.72641921043396,0.7921100854873657,-0.24883520603179932,0.7595099210739136,0.8003283739089966,-0.02642991580069065,0.6505663394927979,0.7376018166542053,-0.2176755666732788,0.738609790802002,0.7478404641151428,0.1022881492972374,0.6608445048332214,0.6656675934791565,-0.07978363335132599,0.7555763125419617,0.7154390811920166,0.19534271955490112,0.6528061628341675,0.6276876926422119,-0.07993924617767334,0.7604465484619141,0.7099031209945679,0.21504922211170197,0.6630571484565735,0.6314038634300232,-0.07653091847896576,0.7643786072731018,0.7097495794296265,0.19991198182106018,0.6671364307403564,0.648804247379303,-0.07316471636295319,0.7606370449066162,0.7094399333000183,0.1921977549791336,0.6081311106681824,0.7697261571884155,-0.07306304574012756,0.6340073347091675,0.7609273195266724,0.07324010878801346,0.5645128488540649,0.6042710542678833,-0.0817335844039917,0.606330394744873,0.6196205615997314,0.1574750691652298,0.5408709049224854,0.7557953000068665,0.04606146737933159,0.5907880067825317,0.7362843155860901,0.2294108122587204,0.5494216680526733,0.7845286130905151,0.06415248662233353,0.5937861800193787,0.7574012875556946,0.23857562243938446,0.5200483798980713,0.7681101560592651,0.12566247582435608,0.5734133720397949,0.738656759262085,0.2911975085735321
0409,./images/142/frame_00409.jpg,Fall,0.806605339050293,0.7613234519958496,-0.14787554740905762,0.8121070861816406,0.774808943271637,-0.17038419842720032,0.8118030428886414,0.777651309967041,-0.17038105428218842,0.8113142251968384,0.7791354060173035,-0.17044146358966827,0.8121960759162903,0.7752723097801208,-0.14419689774513245,0.8119732141494751,0.7778838276863098,-0.1442594826221466,0.8115971684455872,0.7820031642913818,-0.1443285048007965,0.7976120114326477,0.8087756037712097,-0.22362835705280304,0.8029844164848328,0.8062231540679932,-0.10624377429485321,0.7944319248199463,0.7704685926437378,-0.163278728723526,0.7941082715988159,0.7710726261138916,-0.12948940694332123,0.7336316108703613,0.8023762106895447,-0.24977783858776093,0.7591029405593872,0.8066986203193665,-0.017424525693058968,0.65510094165802,0.7383376359939575,-0.21688809990882874,0.6996755599975586,0.7617779970169067,0.06932435184717178,0.6475337743759155,0.6649935245513916,-0.08367089927196503,0.6799221634864807,0.7138617634773254,0.11784271150827408,0.6413195729255676,0.635136604309082,-0.08756576478481293,0.6735423803329468,0.7045798897743225,0.13609716296195984,0.6564921140670776,0.6355646252632141,-0.08428081125020981,0.6781333684921265,0.7025898694992065,0.10938107967376709,0.6595019102096558,0.6503543853759766,-0.07786039263010025,0.6793697476387024,0.7047933340072632,0.10787028074264526,0.6091924905776978,0.7707281112670898,-0.07957140356302261,0.6325675249099731,0.7633231282234192,0.07975921779870987,0.5676284432411194,0.5937360525131226,-0.0920010358095169,0.6222252249717712,0.6230917572975159,0.1631602942943573,0.5443853139877319,0.7553167343139648,0.05606303736567497,0.5896009802818298,0.734660267829895,0.2586926221847534,0.5576440095901489,0.7833077311515808,0.07549256086349487,0.592140793800354,0.7552863955497742,0.2669397294521332,0.5248184204101562,0.7694429755210876,0.14021369814872742,0.5731306672096252,0.7381447553634644,0.31886887550354004
0410,./images/142/frame_00410.jpg,Fall,0.8073399662971497,0.7771052122116089,-0.12240568548440933,0.8137326240539551,0.7919331192970276,-0.1437525600194931,0.8133437037467957,0.7939372658729553,-0.1437305361032486,0.8127009272575378,0.7955024838447571,-0.14377625286579132,0.8135268092155457,0.7929892539978027,-0.11898341029882431,0.8130318522453308,0.7961953282356262,-0.11908118426799774,0.8123513460159302,0.7993158102035522,-0.11915173381567001,0.8013159036636353,0.8183484673500061,-0.20157352089881897,0.8025844693183899,0.8215444684028625,-0.09070693701505661,0.795364499092102,0.7865287661552429,-0.1396525800228119,0.794562578201294,0.7873842120170593,-0.10780566930770874,0.7387952208518982,0.8090143203735352,-0.24712225794792175,0.7586777806282043,0.8189958930015564,-0.004323265049606562,0.6597312688827515,0.7347486019134521,-0.21978986263275146,0.7339409589767456,0.7718174457550049,0.10429028421640396,0.668216347694397,0.662519097328186,-0.11082027852535248,0.7660571932792664,0.7439687848091125,0.18428900837898254,0.6625864505767822,0.6244512796401978,-0.11729675531387329,0.774306058883667,0.7420943975448608,0.2044876515865326,0.6726764440536499,0.6318985819816589,-0.1129026785492897,0.7790178060531616,0.7391150593757629,0.189703106880188,0.6766782999038696,0.6480585336685181,-0.10489203035831451,0.7744234800338745,0.7377923130989075,0.1805412769317627,0.612777054309845,0.7693537473678589,-0.08896033465862274,0.6324378252029419,0.7707126140594482,0.08910109102725983,0.567489743232727,0.5978392958641052,-0.07885215431451797,0.616036057472229,0.6490272879600525,0.21501824259757996,0.547379732131958,0.7551073431968689,0.05079391598701477,0.5783015489578247,0.7368379235267639,0.2723850607872009,0.5588683485984802,0.7844595909118652,0.07050453871488571,0.576399028301239,0.7553423643112183,0.27947384119033813,0.5273217558860779,0.7684991359710693,0.14301781356334686,0.5620796084403992,0.7358046770095825,0.3290252387523651
0411,./images/142/frame_00411.jpg,Fall,0.8128088116645813,0.7771385908126831,-0.11913863569498062,0.8191178441047668,0.7944841384887695,-0.1414249986410141,0.8187834024429321,0.7970157861709595,-0.1414174735546112,0.8183153867721558,0.7983896732330322,-0.14146611094474792,0.8187926411628723,0.7948451638221741,-0.11538972705602646,0.8181910514831543,0.7985434532165527,-0.11547382920980453,0.8175421953201294,0.8011793494224548,-0.11556003987789154,0.8072773218154907,0.8178223371505737,-0.1978335678577423,0.8075481653213501,0.8209789991378784,-0.08142124116420746,0.7985314130783081,0.791535496711731,-0.13603544235229492,0.7990766167640686,0.7903522849082947,-0.10260657221078873,0.7431285381317139,0.8164693117141724,-0.2430741786956787,0.7582994103431702,0.8181463479995728,0.008859166875481606,0.6637172102928162,0.7364970445632935,-0.2098446637392044,0.7266239523887634,0.7660331130027771,0.10306861251592636,0.6755378246307373,0.6641275882720947,-0.0851752832531929,0.7456716299057007,0.7307711839675903,0.1638312190771103,0.6743422746658325,0.6252050399780273,-0.08860601484775543,0.7501083612442017,0.725278377532959,0.18262921273708344,0.6836609840393066,0.6376219987869263,-0.08238233625888824,0.7541161179542542,0.7221555709838867,0.16594451665878296,0.6838836073875427,0.6516523361206055,-0.07824183255434036,0.7503729462623596,0.7233931422233582,0.15884341299533844,0.6129909157752991,0.7685710191726685,-0.08843027055263519,0.6307827830314636,0.76521235704422,0.08860619366168976,0.5671651363372803,0.6035570502281189,-0.08737407624721527,0.6162988543510437,0.6305453181266785,0.2216748744249344,0.5480399131774902,0.7583237290382385,0.053228944540023804,0.5792518258094788,0.748870313167572,0.27633136510849,0.5567864179611206,0.7838590145111084,0.07284553349018097,0.5765870213508606,0.7675148844718933,0.2831065356731415,0.5236636996269226,0.7724918723106384,0.14360633492469788,0.5628708004951477,0.7614315748214722,0.33698201179504395
0412,./images/142/frame_00412.jpg,Fall,0.8196263313293457,0.7803160548210144,-0.11956515163183212,0.825247585773468,0.7996304631233215,-0.14049820601940155,0.8250240087509155,0.801727294921875,-0.14048200845718384,0.8247243762016296,0.8029661178588867,-0.14051489531993866,0.8249553442001343,0.8001168966293335,-0.11116717010736465,0.8244839906692505,0.8032976984977722,-0.11120829731225967,0.8240028619766235,0.8057920932769775,-0.11131684482097626,0.8140810132026672,0.8226453065872192,-0.1942920982837677,0.8144175410270691,0.8266144394874573,-0.06186643987894058,0.8082891702651978,0.7858503460884094,-0.13600845634937286,0.8076845407485962,0.7860428690910339,-0.09786979109048843,0.7464135885238647,0.8234829306602478,-0.2440960854291916,0.7602749466896057,0.8152093887329102,0.028716156259179115,0.6594250798225403,0.7763017416000366,-0.24333974719047546,0.6979764699935913,0.7686960101127625,0.0914723202586174,0.6133148670196533,0.7332718968391418,-0.2019696682691574,0.663537323474884,0.7241564393043518,0.09318941086530685,0.5976818799972534,0.7323191165924072,-0.2210303246974945,0.6538513898849487,0.7176734209060669,0.10869230329990387,0.5950762629508972,0.7265229225158691,-0.21586796641349792,0.6557925343513489,0.7179461717605591,0.08219867944717407,0.6076854467391968,0.7247670292854309,-0.19889628887176514,0.6581273674964905,0.716830849647522,0.08226452767848969,0.6144624948501587,0.7714157700538635,-0.09141365438699722,0.6306620836257935,0.762147068977356,0.09155815094709396,0.5654651522636414,0.6147218942642212,-0.10729384422302246,0.6121678352355957,0.6276341080665588,0.1807698905467987,0.5499829053878784,0.7629135847091675,0.0374971367418766,0.5725769400596619,0.7612691521644592,0.24440881609916687,0.5667787790298462,0.786587119102478,0.055041879415512085,0.5755065083503723,0.7822353839874268,0.25049999356269836,0.5212615728378296,0.7936915159225464,0.11003242433071136,0.5513314008712769,0.7878937721252441,0.28837820887565613
0413,./images/142/frame_00413.jpg,Fall,0.8206558227539062,0.7855175733566284,-0.13197292387485504,0.8262401819229126,0.8050104975700378,-0.1527995765209198,0.8260000944137573,0.8068572282791138,-0.15276338160037994,0.8256992101669312,0.8078356385231018,-0.15279166400432587,0.8260223269462585,0.8063877820968628,-0.12523698806762695,0.825592041015625,0.8098589777946472,-0.12528225779533386,0.8251754641532898,0.812474250793457,-0.1253647804260254,0.8155966997146606,0.8251318335533142,-0.2052808254957199,0.8162201642990112,0.8314911723136902,-0.08179816603660583,0.8089405298233032,0.7896636128425598,-0.14840586483478546,0.8078274726867676,0.7917418479919434,-0.11305665969848633,0.745477557182312,0.8239935040473938,-0.25363296270370483,0.7606817483901978,0.8186073899269104,0.006119127385318279,0.6568776369094849,0.7736292481422424,-0.2357485294342041,0.6866281032562256,0.7773078083992004,0.05473378300666809,0.6697853207588196,0.7091742753982544,-0.09769760817289352,0.6588287949562073,0.7217506170272827,0.024318624287843704,0.6748708486557007,0.6955210566520691,-0.10792535543441772,0.6522576808929443,0.701816737651825,0.031321581453084946,0.6819645762443542,0.693278968334198,-0.09523721784353256,0.6537168025970459,0.7026644945144653,0.006036573089659214,0.6799964904785156,0.6976670622825623,-0.08929647505283356,0.654974102973938,0.7080790996551514,0.013518164865672588,0.6140015125274658,0.7707810997962952,-0.09516690671443939,0.6307454705238342,0.7573545575141907,0.09523103386163712,0.5656810998916626,0.6146142482757568,-0.11790142953395844,0.6184269189834595,0.6140940189361572,0.1928427815437317,0.5528058409690857,0.7686929702758789,-2.656850301718805e-05,0.5744930505752563,0.7555195093154907,0.24401786923408508,0.5686429142951965,0.7912853956222534,0.015239966101944447,0.5765680074691772,0.7757939100265503,0.24661175906658173,0.5356441736221313,0.8115113973617554,0.08206204324960709,0.5549629926681519,0.7824301719665527,0.3020186424255371
0414,./images/142/frame_00414.jpg,Fall,0.8209160566329956,0.790775716304779,-0.14011777937412262,0.8267250061035156,0.8093627691268921,-0.16066037118434906,0.8265793919563293,0.8109577894210815,-0.16062487661838531,0.8263548016548157,0.8117350339889526,-0.16066746413707733,0.8264172673225403,0.8106950521469116,-0.13182799518108368,0.8260645866394043,0.8137973546981812,-0.1318858116865158,0.8257110714912415,0.8160526752471924,-0.1319638192653656,0.8172686696052551,0.8274912238121033,-0.21111223101615906,0.8177173733711243,0.8324961066246033,-0.07790137082338333,0.8091920018196106,0.7923722267150879,-0.15564678609371185,0.8080428242683411,0.7938194870948792,-0.11894680559635162,0.7449871301651001,0.8298277258872986,-0.26161760091781616,0.7614504098892212,0.8152940273284912,0.01673150807619095,0.6514732241630554,0.7746394872665405,-0.2303050458431244,0.6912075281143188,0.7735507488250732,0.06260828673839569,0.659298300743103,0.7004466652870178,-0.10012843459844589,0.6737315058708191,0.6927099227905273,0.04017869010567665,0.6591002941131592,0.6839063167572021,-0.10882218927145004,0.6697705984115601,0.6706708669662476,0.04926678538322449,0.6670047044754028,0.6844540238380432,-0.09884558618068695,0.6731906533241272,0.6694885492324829,0.023099632933735847,0.6675445437431335,0.6911491751670837,-0.0924023911356926,0.6733567714691162,0.6767343878746033,0.0287181343883276,0.6135234832763672,0.7711178064346313,-0.09873542189598083,0.6309822797775269,0.7544893622398376,0.0988273099064827,0.5666840076446533,0.6120933890342712,-0.1552899032831192,0.5991052985191345,0.6190083026885986,0.1938706636428833,0.5527992248535156,0.7701048254966736,-0.0041549536399543285,0.5692829489707947,0.7563452124595642,0.24426515400409698,0.5692036151885986,0.791098952293396,0.014819870702922344,0.5715607404708862,0.7810707688331604,0.24691157042980194,0.5340625047683716,0.8079994320869446,0.07689958065748215,0.551775336265564,0.7931228876113892,0.28891319036483765
0415,./images/142/frame_00415.jpg,Fall,0.8161816596984863,0.7912521362304688,-0.13215528428554535,0.8229253888130188,0.8072965145111084,-0.15134073793888092,0.8228495717048645,0.8092749118804932,-0.15132229030132294,0.8226975202560425,0.8105310797691345,-0.15137089788913727,0.8226727247238159,0.8075549602508545,-0.12292613834142685,0.822424590587616,0.8103078007698059,-0.12296108901500702,0.8221920728683472,0.8123787045478821,-0.1230572834610939,0.8141036033630371,0.82939213514328,-0.1950831264257431,0.8149630427360535,0.8292638063430786,-0.06689511984586716,0.8041326403617859,0.7942776083946228,-0.14474119246006012,0.8035186529159546,0.7932559251785278,-0.10794764757156372,0.745458722114563,0.8337522149085999,-0.2453804761171341,0.7617928385734558,0.812805712223053,0.02608908712863922,0.6502174735069275,0.7878676652908325,-0.22834444046020508,0.6851425766944885,0.771759569644928,0.07034308463335037,0.6186059713363647,0.7323166131973267,-0.1468508541584015,0.6500049829483032,0.7068976759910583,0.05173645168542862,0.6076086759567261,0.727277398109436,-0.15804752707481384,0.6394551992416382,0.6887165307998657,0.06333208084106445,0.6125893592834473,0.7212522029876709,-0.15227378904819489,0.6420949697494507,0.6846004128456116,0.03986264765262604,0.617534339427948,0.723911702632904,-0.14195774495601654,0.6449716091156006,0.6926034688949585,0.041594360023736954,0.6133235692977905,0.7718634605407715,-0.0940687507390976,0.6305669546127319,0.7540088295936584,0.0941954031586647,0.5625956654548645,0.6172217726707458,-0.16042543947696686,0.5871455669403076,0.621527373790741,0.14312073588371277,0.5570187568664551,0.7819817662239075,-0.01213054545223713,0.5694025158882141,0.7738155126571655,0.19523055851459503,0.5732545852661133,0.8027955889701843,0.005851265043020248,0.5731886625289917,0.7928211688995361,0.19998134672641754,0.5389208197593689,0.8225889205932617,0.056030310690402985,0.5522584319114685,0.8119933009147644,0.2309935986995697
0416,./images/142/frame_00416.jpg,Fall,0.8168505430221558,0.7972497940063477,-0.13027726113796234,0.8244876861572266,0.813702404499054,-0.14987066388130188,0.8245244026184082,0.8154798150062561,-0.14986273646354675,0.8244274258613586,0.8172922134399414,-0.14990368485450745,0.8244487047195435,0.8147479295730591,-0.12156472355127335,0.824301540851593,0.8176528811454773,-0.12159953266382217,0.8241997957229614,0.8196271061897278,-0.12168920040130615,0.8166062235832214,0.8354421257972717,-0.19753052294254303,0.8171859979629517,0.8389178514480591,-0.07089162617921829,0.8043599128723145,0.8013730645179749,-0.14429834485054016,0.8039594888687134,0.7992798089981079,-0.10770062357187271,0.746846616268158,0.8316543698310852,-0.24746191501617432,0.7626938819885254,0.8189975023269653,0.021707646548748016,0.6512274742126465,0.7767285704612732,-0.2312198430299759,0.6848710775375366,0.7743765115737915,0.06800936162471771,0.6136800050735474,0.7223667502403259,-0.155119851231575,0.6438848376274109,0.710776686668396,0.04158890247344971,0.6012230515480042,0.7176756858825684,-0.1673862636089325,0.6326397657394409,0.6917818784713745,0.051038749516010284,0.6063195466995239,0.7115448117256165,-0.16564971208572388,0.6339668035507202,0.6883976459503174,0.02823678031563759,0.6113843321800232,0.714841902256012,-0.15196624398231506,0.6369041204452515,0.6974372267723083,0.03150712698698044,0.6130715608596802,0.770960807800293,-0.092262402176857,0.6296132802963257,0.7545543909072876,0.09237230569124222,0.5626990795135498,0.6218215823173523,-0.12688812613487244,0.592578649520874,0.6431497931480408,0.16658297181129456,0.5589174032211304,0.7774325013160706,-0.006359175778925419,0.5709559917449951,0.7689074277877808,0.20690885186195374,0.5712447166442871,0.799473226070404,0.008720810525119305,0.5739060640335083,0.7869101762771606,0.21068942546844482,0.540266752243042,0.8188416957855225,0.050770848989486694,0.5568253397941589,0.7938612103462219,0.24012096226215363
0417,./images/142/frame_00417.jpg,Fall,0.8178176879882812,0.7880752682685852,-0.1354716420173645,0.8250249028205872,0.8047195672988892,-0.1555977165699005,0.8249161839485168,0.8071846961975098,-0.15558229386806488,0.8247828483581543,0.8089579939842224,-0.15562698245048523,0.8249829411506653,0.8051406145095825,-0.12817056477069855,0.8247760534286499,0.8079902529716492,-0.12821897864341736,0.8246283531188965,0.8101969361305237,-0.12830351293087006,0.8162686228752136,0.8290168642997742,-0.2038370817899704,0.817524790763855,0.8323683142662048,-0.07731854170560837,0.8050435185432434,0.792486310005188,-0.14952002465724945,0.8048281669616699,0.7919259667396545,-0.11365926265716553,0.7474262714385986,0.8323380947113037,-0.2510283887386322,0.7643423080444336,0.8209974765777588,0.0199924074113369,0.6554737091064453,0.7749665975570679,-0.23665869235992432,0.6971923112869263,0.7739779949188232,0.0814998522400856,0.6493579149246216,0.7089293599128723,-0.14661428332328796,0.6824198961257935,0.704522430896759,0.06024046987295151,0.6462187767028809,0.6891929507255554,-0.1572597324848175,0.6772404909133911,0.6855523586273193,0.07149269431829453,0.6561537981033325,0.6919810175895691,-0.15011566877365112,0.6849679946899414,0.6836068630218506,0.04912818223237991,0.6575343608856201,0.7015960216522217,-0.140548974275589,0.685445249080658,0.6907861232757568,0.051386021077632904,0.6135322451591492,0.7707385420799255,-0.0937575027346611,0.6321656703948975,0.7529529333114624,0.09390706568956375,0.5658982992172241,0.6212779879570007,-0.1332363337278366,0.6139553189277649,0.6226403117179871,0.17639663815498352,0.5588791966438293,0.7767048478126526,0.01366356760263443,0.580682635307312,0.7468668818473816,0.2286585122346878,0.5699877738952637,0.8048371076583862,0.032445430755615234,0.5811283588409424,0.7672631144523621,0.234548881649971,0.5351837873458862,0.8130729794502258,0.0868314579129219,0.5639854073524475,0.7548719048500061,0.25742557644844055
0418,./images/142/frame_00418.jpg,Fall,0.8164114952087402,0.7898053526878357,-0.12234319746494293,0.8235312700271606,0.8051862716674805,-0.14172731339931488,0.8234013319015503,0.8072889447212219,-0.1416977047920227,0.8232666254043579,0.8088371157646179,-0.14172568917274475,0.8234432339668274,0.8051109313964844,-0.11429604142904282,0.8232100605964661,0.8077329993247986,-0.11435463279485703,0.8230514526367188,0.810598611831665,-0.11444063484668732,0.81444251537323,0.8291782140731812,-0.18528816103935242,0.8158408403396606,0.8300923705101013,-0.0622970350086689,0.8036254644393921,0.7930845618247986,-0.13471946120262146,0.8034895658493042,0.7930161952972412,-0.0993490219116211,0.7482097744941711,0.8344559669494629,-0.23347994685173035,0.7648640275001526,0.8181354999542236,0.030762534588575363,0.6564111113548279,0.7826036810874939,-0.22956833243370056,0.700362503528595,0.7640821933746338,0.10215067863464355,0.6374017000198364,0.7132996320724487,-0.14851582050323486,0.6816660165786743,0.7008329629898071,0.10367470979690552,0.6277966499328613,0.6992329359054565,-0.1574605405330658,0.6747027039527893,0.6836898326873779,0.11815200746059418,0.6343780159950256,0.6976414322853088,-0.15122097730636597,0.6799546480178833,0.6815313696861267,0.09509263932704926,0.6384298205375671,0.70438551902771,-0.1429429054260254,0.6812970638275146,0.6880806684494019,0.09415881335735321,0.6144594550132751,0.7687329649925232,-0.09280030429363251,0.6322243809700012,0.748641312122345,0.09296344220638275,0.566999614238739,0.6181285381317139,-0.12634888291358948,0.6024265885353088,0.617256224155426,0.1656215488910675,0.5583183765411377,0.7752981185913086,0.007300904486328363,0.5725678205490112,0.756903350353241,0.21169595420360565,0.5716983675956726,0.8022804260253906,0.024568801745772362,0.5767723321914673,0.7785001397132874,0.21589688956737518,0.5326303243637085,0.8107714056968689,0.08193306624889374,0.5488040447235107,0.7812761664390564,0.2533891499042511
0419,./images/142/frame_00419.jpg,Fall,0.8158934712409973,0.7926667332649231,-0.12366397678852081,0.8229972720146179,0.8077316284179688,-0.1433745175600052,0.8228830099105835,0.8095864057540894,-0.1433536857366562,0.8227742314338684,0.8108631372451782,-0.14338542520999908,0.8227860331535339,0.8080759644508362,-0.1163860335946083,0.8225139379501343,0.8107244968414307,-0.11644180864095688,0.8223207592964172,0.8130521178245544,-0.11652717739343643,0.8136663436889648,0.8315591812133789,-0.18780048191547394,0.8148093223571777,0.8311408162117004,-0.0668177455663681,0.8030635714530945,0.7953600287437439,-0.1362214982509613,0.8027732968330383,0.7953635454177856,-0.1013186126947403,0.7495960593223572,0.8391175270080566,-0.2333686649799347,0.7649998068809509,0.8177602887153625,0.02459101751446724,0.6596080660820007,0.785244345664978,-0.22546091675758362,0.7013625502586365,0.7609143853187561,0.0973280817270279,0.6284522414207458,0.7216802835464478,-0.15296263992786407,0.6789398193359375,0.7004305720329285,0.1023336797952652,0.6154998540878296,0.7127162218093872,-0.16252942383289337,0.6702820062637329,0.6842621564865112,0.11721974611282349,0.6208588480949402,0.7078768014907837,-0.15837067365646362,0.6743351817131042,0.6820964813232422,0.09374262392520905,0.6263653635978699,0.7123105525970459,-0.1485113501548767,0.676214337348938,0.6884114146232605,0.09295477718114853,0.6143184900283813,0.7691381573677063,-0.09237366914749146,0.6325875520706177,0.7489224672317505,0.09254441410303116,0.5687318444252014,0.617108941078186,-0.12105969339609146,0.6026585698127747,0.6183336973190308,0.17039424180984497,0.558186948299408,0.7736260294914246,0.0134543152526021,0.5730964541435242,0.7578086256980896,0.2220754325389862,0.5748117566108704,0.8021661639213562,0.03130737692117691,0.5767993330955505,0.7780912518501282,0.2269897758960724,0.5325483083724976,0.8095124363899231,0.0912407785654068,0.5511239767074585,0.780034065246582,0.2685856819152832
0420,./images/142/frame_00420.jpg,Fall,0.8152115941047668,0.7974615097045898,-0.12789323925971985,0.8221607208251953,0.8107088804244995,-0.1479315608739853,0.8220494389533997,0.8122709393501282,-0.14791128039360046,0.8219531774520874,0.8132390975952148,-0.14794662594795227,0.8219809532165527,0.8110188245773315,-0.12113187462091446,0.8217266798019409,0.8133137822151184,-0.12119297683238983,0.8215557336807251,0.8151084184646606,-0.12127763032913208,0.8130205273628235,0.8326488137245178,-0.1930115967988968,0.8141199350357056,0.8316032290458679,-0.07292311638593674,0.8026775121688843,0.7997117638587952,-0.14068101346492767,0.8023397326469421,0.7994734048843384,-0.10605180263519287,0.7494015693664551,0.8395606279373169,-0.23612940311431885,0.7648727893829346,0.816684901714325,0.02065238542854786,0.6634016633033752,0.7872099876403809,-0.2263801097869873,0.716619610786438,0.7605800032615662,0.12169571965932846,0.6294465661048889,0.7282461524009705,-0.17097966372966766,0.7375269532203674,0.6973947286605835,0.1603509485721588,0.6168047785758972,0.7212458848953247,-0.180503249168396,0.7214928865432739,0.6938652992248535,0.17995893955230713,0.6226907968521118,0.7161167860031128,-0.1787949502468109,0.7284945249557495,0.688789427280426,0.15690624713897705,0.6285086870193481,0.7200122475624084,-0.16759148240089417,0.7271836996078491,0.6925618648529053,0.15183307230472565,0.6149786114692688,0.7690696120262146,-0.09157009422779083,0.6325899362564087,0.7482611536979675,0.09172666817903519,0.5685727596282959,0.618986189365387,-0.12512610852718353,0.5921334624290466,0.6195847988128662,0.17238160967826843,0.5553523302078247,0.7726617455482483,0.01593565195798874,0.5703903436660767,0.7632631063461304,0.22294852137565613,0.5743814706802368,0.8026968836784363,0.03430340439081192,0.5753496289253235,0.7847999334335327,0.22976402938365936,0.5251472592353821,0.8065849542617798,0.09211234003305435,0.5476126670837402,0.7900131940841675,0.2755206525325775
0421,./images/142/frame_00421.jpg,Fall,0.8155452609062195,0.7998257875442505,-0.13113634288311005,0.8227214813232422,0.814340353012085,-0.15011802315711975,0.8226922154426575,0.8159422874450684,-0.1500948965549469,0.8226092457771301,0.8169025182723999,-0.15012742578983307,0.8223729133605957,0.8150646686553955,-0.12243922799825668,0.8221237063407898,0.8176448345184326,-0.12250371277332306,0.8219012022018433,0.8195508122444153,-0.12262369692325592,0.8136869668960571,0.8359546065330505,-0.19521445035934448,0.8143699765205383,0.8356190919876099,-0.07614775002002716,0.8030718564987183,0.8016353845596313,-0.1425740271806717,0.8025616407394409,0.8014665246009827,-0.1063629761338234,0.7492867112159729,0.8377388715744019,-0.2371349334716797,0.7646923065185547,0.8159908652305603,0.016772214323282242,0.6622213125228882,0.8006548285484314,-0.24889293313026428,0.7151155471801758,0.7600373029708862,0.11156048625707626,0.6144582033157349,0.7406176328659058,-0.2222539186477661,0.7220575213432312,0.7097886800765991,0.1432715356349945,0.596646249294281,0.7353366613388062,-0.23823745548725128,0.7085907459259033,0.7037345170974731,0.16250291466712952,0.6017170548439026,0.7251071333885193,-0.2338017225265503,0.7127786874771118,0.6985471248626709,0.13740400969982147,0.6099486947059631,0.7279032468795776,-0.21851694583892822,0.710975170135498,0.7012749314308167,0.13417282700538635,0.615752100944519,0.7671144008636475,-0.09107175469398499,0.6325801610946655,0.7460507750511169,0.09122227132320404,0.5633582472801208,0.6192234754562378,-0.12153222411870956,0.5830798149108887,0.6199192404747009,0.16675101220607758,0.5536954998970032,0.7753257751464844,0.021117474883794785,0.5670292973518372,0.7640236020088196,0.22820305824279785,0.5733829736709595,0.8062043190002441,0.03889502212405205,0.5747784972190857,0.7870630025863647,0.23389120399951935,0.5226477384567261,0.8117358088493347,0.09467966854572296,0.5414133071899414,0.8049197793006897,0.276364266872406
0422,./images/142/frame_00422.jpg,Fall,0.817582905292511,0.8004925847053528,-0.15765663981437683,0.8245676755905151,0.816713809967041,-0.17694339156150818,0.8245290517807007,0.8181973695755005,-0.17692776024341583,0.8244204521179199,0.8189639449119568,-0.17698507010936737,0.8241294622421265,0.8175622820854187,-0.14996449649333954,0.8238303065299988,0.8200706243515015,-0.15003380179405212,0.8235470652580261,0.8217894434928894,-0.15012618899345398,0.8150992393493652,0.8357459902763367,-0.21839213371276855,0.8156318664550781,0.836151659488678,-0.09824561327695847,0.8051946759223938,0.8015291690826416,-0.16863055527210236,0.8046301603317261,0.8015354871749878,-0.13360664248466492,0.7499130964279175,0.8381871581077576,-0.2574349045753479,0.7648919820785522,0.8136486411094666,0.003802778897807002,0.6614407896995544,0.8217160701751709,-0.27118054032325745,0.7204596996307373,0.7577848434448242,0.12493948638439178,0.6070165038108826,0.7544055581092834,-0.2570475935935974,0.7240034341812134,0.7140454649925232,0.19035768508911133,0.5873982310295105,0.7474381327629089,-0.2746584713459015,0.7203730344772339,0.7083655595779419,0.21489885449409485,0.5945417284965515,0.7328980565071106,-0.271676629781723,0.7266998291015625,0.702294111251831,0.19004006683826447,0.6035776138305664,0.7360748052597046,-0.25361764430999756,0.7257928252220154,0.7041552066802979,0.18234767019748688,0.6167646050453186,0.7657982707023621,-0.09129142761230469,0.6326181888580322,0.7429723143577576,0.0914730504155159,0.5602351427078247,0.6194902062416077,-0.1201665997505188,0.5816613435745239,0.6196988821029663,0.1697288155555725,0.5494373440742493,0.7749608159065247,0.030182575806975365,0.5658959746360779,0.7685521245002747,0.2456374615430832,0.5706596970558167,0.8057379722595215,0.04935513809323311,0.5745360851287842,0.786690354347229,0.25407421588897705,0.5200813412666321,0.8111763596534729,0.09877640008926392,0.540007472038269,0.8035710453987122,0.2828032374382019
0423,./images/142/frame_00423.jpg,Fall,0.8213793039321899,0.7985231280326843,-0.1585368812084198,0.8269341588020325,0.8168734312057495,-0.17979475855827332,0.8266705274581909,0.8187902569770813,-0.17978541553020477,0.8263605237007141,0.8197358250617981,-0.17984701693058014,0.8265103101730347,0.817630410194397,-0.15158075094223022,0.8260140419006348,0.8202189803123474,-0.15163922309875488,0.8254734873771667,0.8226854801177979,-0.15171444416046143,0.815423309803009,0.8351721167564392,-0.22780589759349823,0.8159022331237793,0.8365422487258911,-0.10052119195461273,0.8079678416252136,0.8002266883850098,-0.17193350195884705,0.8081299662590027,0.7993934750556946,-0.1352011114358902,0.7500612139701843,0.8364129662513733,-0.26315563917160034,0.7648680210113525,0.8133615255355835,0.0016706690657883883,0.6614624261856079,0.8127555251121521,-0.27368396520614624,0.7274734377861023,0.7576066851615906,0.1328815072774887,0.6127947568893433,0.747932493686676,-0.2516618072986603,0.7549794912338257,0.7130882143974304,0.20655587315559387,0.5962810516357422,0.7414169311523438,-0.2669657766819,0.7587072253227234,0.7053573131561279,0.23404383659362793,0.6027415990829468,0.7295522689819336,-0.2633668780326843,0.7549497485160828,0.7012119889259338,0.20961742103099823,0.6105724573135376,0.7324676513671875,-0.24813835322856903,0.7520753145217896,0.7033032178878784,0.19884011149406433,0.6168683767318726,0.7646412253379822,-0.09153870493173599,0.6334496140480042,0.7435982823371887,0.0917431190609932,0.5607436895370483,0.6193903088569641,-0.12610992789268494,0.5834061503410339,0.6220262050628662,0.19259119033813477,0.5495616793632507,0.7744136452674866,0.03019704855978489,0.571293294429779,0.7669490575790405,0.2698953449726105,0.5704153776168823,0.8050210475921631,0.05020104721188545,0.5778939723968506,0.7856150269508362,0.27879250049591064,0.5213202238082886,0.8175906538963318,0.10454019159078598,0.5498603582382202,0.7978693842887878,0.31464552879333496
0424,./images/142/frame_00424.jpg,Fall,0.8202906847000122,0.796900749206543,-0.15049566328525543,0.8259885907173157,0.8142161965370178,-0.17154596745967865,0.8258015513420105,0.8161043524742126,-0.17152561247348785,0.8255861401557922,0.8171669244766235,-0.1715935468673706,0.825654149055481,0.8149548172950745,-0.1438620239496231,0.8252147436141968,0.8175914287567139,-0.14395679533481598,0.8247569799423218,0.8200031518936157,-0.14404885470867157,0.8149150013923645,0.8343865275382996,-0.21696671843528748,0.8155320882797241,0.8351545333862305,-0.09202169626951218,0.8073941469192505,0.7996934056282043,-0.16268551349639893,0.8070446252822876,0.7981448769569397,-0.12679317593574524,0.7495282292366028,0.8361915349960327,-0.2530583143234253,0.7640774250030518,0.8133136034011841,0.006953660398721695,0.6638178825378418,0.8004705905914307,-0.25036928057670593,0.7241910099983215,0.7566461563110352,0.1321033388376236,0.6348451375961304,0.7173575758934021,-0.18071848154067993,0.75400310754776,0.7133665084838867,0.1974148452281952,0.6246694326400757,0.7036709189414978,-0.18562455475330353,0.7385368943214417,0.7056512832641602,0.2211175262928009,0.6318124532699585,0.6995522975921631,-0.1781677007675171,0.7424665689468384,0.701674222946167,0.19927233457565308,0.6367785334587097,0.706005871295929,-0.17370566725730896,0.7403950691223145,0.7036980390548706,0.1904667466878891,0.6142293214797974,0.7608537673950195,-0.09134816378355026,0.6309918165206909,0.7425549626350403,0.09154251962900162,0.5589932799339294,0.6190379858016968,-0.13734959065914154,0.5750938057899475,0.6266840696334839,0.18362043797969818,0.5507174730300903,0.781035840511322,0.01322850026190281,0.5674965381622314,0.7742183208465576,0.2554733157157898,0.5701512694358826,0.810764729976654,0.03388490527868271,0.5739716291427612,0.7946507930755615,0.26552456617355347,0.5218331813812256,0.8191558122634888,0.08677501231431961,0.547132134437561,0.8065492510795593,0.29264870285987854
0425,./images/142/frame_00425.jpg,Fall,0.8172849416732788,0.7951021194458008,-0.15167327225208282,0.823172926902771,0.8137505650520325,-0.17334873974323273,0.8226791620254517,0.815736711025238,-0.1733265221118927,0.82215416431427,0.8170129656791687,-0.17338290810585022,0.8231436014175415,0.814696729183197,-0.14527758955955505,0.8225685954093933,0.817383885383606,-0.1453520655632019,0.8220300674438477,0.8195704817771912,-0.1454404890537262,0.8104478716850281,0.8340165615081787,-0.22144708037376404,0.8116245269775391,0.8345097899436951,-0.09454331547021866,0.8032964468002319,0.7976033687591553,-0.16480354964733124,0.8028632998466492,0.7976799607276917,-0.12829825282096863,0.7491296529769897,0.8312544226646423,-0.25873512029647827,0.7621167302131653,0.8097174763679504,0.006923004053533077,0.6710320711135864,0.798408567905426,-0.27073171734809875,0.7311100959777832,0.7567912340164185,0.1380976289510727,0.6109352707862854,0.7331631183624268,-0.24485616385936737,0.7584435343742371,0.7186403274536133,0.21920600533485413,0.5928200483322144,0.7270580530166626,-0.25847893953323364,0.7590745687484741,0.7076488733291626,0.2483273446559906,0.5966021418571472,0.714361310005188,-0.25381627678871155,0.7519721984863281,0.7072314620018005,0.22551779448986053,0.6050204038619995,0.7169986963272095,-0.24068990349769592,0.7592190504074097,0.7125743627548218,0.21224303543567657,0.6129454374313354,0.760036289691925,-0.09243481606245041,0.6298261880874634,0.7423481345176697,0.09263063967227936,0.5588692426681519,0.6164365410804749,-0.1293063461780548,0.5792793035507202,0.6230774521827698,0.18343940377235413,0.5505610108375549,0.7796826958656311,0.02140820398926735,0.5671495199203491,0.7733399271965027,0.25621065497398376,0.5698723793029785,0.8101792335510254,0.04088527709245682,0.5741168856620789,0.794531524181366,0.26470082998275757,0.5220270752906799,0.8178526759147644,0.09197352826595306,0.5440889000892639,0.8020443320274353,0.29748794436454773
0426,./images/142/frame_00426.jpg,Fall,0.8152067065238953,0.7907803654670715,-0.17139391601085663,0.8200742602348328,0.8094095587730408,-0.19376936554908752,0.8192941546440125,0.8115270137786865,-0.19374623894691467,0.8185572624206543,0.8131828904151917,-0.1937999278306961,0.8204712867736816,0.8104599118232727,-0.1650000363588333,0.8198692202568054,0.8135002851486206,-0.16505548357963562,0.8193500638008118,0.8161309361457825,-0.16513049602508545,0.806904673576355,0.8338331580162048,-0.2435040920972824,0.8084903955459595,0.8343849182128906,-0.11365219205617905,0.8004231452941895,0.7942105531692505,-0.18522916734218597,0.800186038017273,0.7952626347541809,-0.14779376983642578,0.7463581562042236,0.8297356367111206,-0.273975133895874,0.7608698606491089,0.8067277669906616,-0.011002576909959316,0.6705691814422607,0.8010163307189941,-0.29305094480514526,0.7437291741371155,0.7564189434051514,0.13710595667362213,0.6119703054428101,0.7401362061500549,-0.2908068895339966,0.7668676376342773,0.7219499349594116,0.23485055565834045,0.5951547026634216,0.7343655824661255,-0.30972737073898315,0.7707639932632446,0.7094279527664185,0.26419493556022644,0.5995240807533264,0.7222768068313599,-0.3071734607219696,0.7696062922477722,0.7112120985984802,0.24006204307079315,0.6073926091194153,0.7238216996192932,-0.2883363664150238,0.7684471607208252,0.7158191204071045,0.22779622673988342,0.6128429174423218,0.757889449596405,-0.09222173690795898,0.6298665404319763,0.7406955361366272,0.09241528809070587,0.5592087507247925,0.615940511226654,-0.10040535032749176,0.5843498110771179,0.62132328748703,0.2119419276714325,0.5507096648216248,0.7685585021972656,0.0694301649928093,0.5717466473579407,0.7712410688400269,0.3059656023979187,0.5689191818237305,0.7981787919998169,0.09156277030706406,0.5778513550758362,0.7782661318778992,0.3166539967060089,0.5246041417121887,0.8024927973747253,0.1448468267917633,0.5516642332077026,0.800400972366333,0.3548508882522583
0427,./images/142/frame_00427.jpg,Fall,0.8151594400405884,0.7880108952522278,-0.16325193643569946,0.8198672533035278,0.8074812889099121,-0.1848481446504593,0.8190547823905945,0.8105531334877014,-0.1848258525133133,0.8182967305183411,0.8124282956123352,-0.18487681448459625,0.8202804327011108,0.8083616495132446,-0.15678110718727112,0.8196868896484375,0.8115713596343994,-0.15684136748313904,0.8191747665405273,0.8140683770179749,-0.15692143142223358,0.8069357872009277,0.8334737420082092,-0.23297667503356934,0.8086327314376831,0.8341973423957825,-0.10673598200082779,0.8003904223442078,0.7920548915863037,-0.1767277866601944,0.8002106547355652,0.7934015989303589,-0.14030978083610535,0.7463687062263489,0.827716588973999,-0.2678770422935486,0.7607535719871521,0.8035988807678223,-0.005435802973806858,0.669804036617279,0.8057848811149597,-0.2865082025527954,0.7379013299942017,0.7562685608863831,0.148684561252594,0.6042880415916443,0.7656599283218384,-0.2826821208000183,0.7626040577888489,0.7286751866340637,0.25086572766304016,0.5875647664070129,0.7586362361907959,-0.29995670914649963,0.7559508085250854,0.7245961427688599,0.28132012486457825,0.5919319987297058,0.7436290383338928,-0.29891660809516907,0.7594466805458069,0.718963086605072,0.2605903148651123,0.6006356477737427,0.7434428930282593,-0.2805275619029999,0.7644709348678589,0.7228624224662781,0.2449173927307129,0.6128228902816772,0.7573850750923157,-0.0923415794968605,0.6280950903892517,0.7406242489814758,0.09255437552928925,0.5594068765640259,0.612553596496582,-0.10113613307476044,0.5843298435211182,0.6066508889198303,0.18344134092330933,0.5507591366767883,0.7686319351196289,0.04272764176130295,0.5699049234390259,0.7711427211761475,0.25409334897994995,0.5705969929695129,0.7960441708564758,0.06034347414970398,0.5778383016586304,0.7869481444358826,0.25989830493927,0.5246278047561646,0.8026349544525146,0.11170855909585953,0.5414936542510986,0.8013976216316223,0.2917719781398773
0428,./images/142/frame_00428.jpg,Fall,0.8159090280532837,0.7887105941772461,-0.15786144137382507,0.8198785781860352,0.807506799697876,-0.17975595593452454,0.8190839886665344,0.8102742433547974,-0.17972928285598755,0.8183492422103882,0.811988890171051,-0.17978107929229736,0.8202825784683228,0.808300256729126,-0.15035539865493774,0.8196923136711121,0.8114176988601685,-0.15041516721248627,0.8191852569580078,0.8138250708580017,-0.15049591660499573,0.8071133494377136,0.8327187299728394,-0.22738251090049744,0.8087848424911499,0.8334425091743469,-0.09553194046020508,0.8008800745010376,0.7925746440887451,-0.17119169235229492,0.8007352948188782,0.7931724786758423,-0.1329312026500702,0.7464185953140259,0.8274529576301575,-0.2670564353466034,0.7598376870155334,0.8003870844841003,0.012316878885030746,0.6705611348152161,0.8075575232505798,-0.27995026111602783,0.7343130111694336,0.7554841041564941,0.15566396713256836,0.6041805148124695,0.7700564861297607,-0.2713475525379181,0.7614007592201233,0.726315975189209,0.2428797483444214,0.5870926380157471,0.7633597254753113,-0.2878718078136444,0.7656306624412537,0.720143735408783,0.27235502004623413,0.5910630822181702,0.7483823299407959,-0.2856157124042511,0.7668818235397339,0.7168833613395691,0.25029778480529785,0.5996549725532532,0.7485311627388,-0.2683349549770355,0.7659298777580261,0.7208268642425537,0.2359868586063385,0.6123762726783752,0.7570948004722595,-0.09402286261320114,0.625472903251648,0.7402371168136597,0.09427401423454285,0.5586763620376587,0.6126328110694885,-0.12387698888778687,0.5787649750709534,0.607257604598999,0.17480286955833435,0.5507870316505432,0.7697297930717468,0.02828720211982727,0.5661971569061279,0.7731331586837769,0.24518072605133057,0.5708366632461548,0.7952099442481995,0.04662430286407471,0.5760063529014587,0.7927055954933167,0.2510059177875519,0.5243315100669861,0.8043935894966125,0.09804635494947433,0.5384229421615601,0.8037340641021729,0.2805280089378357
0429,./images/142/frame_00429.jpg,Fall,0.8153727650642395,0.7886621952056885,-0.1586834341287613,0.8197599649429321,0.807342529296875,-0.1803256869316101,0.818996787071228,0.8100961446762085,-0.18030129373073578,0.8182657361030579,0.8118213415145874,-0.18035629391670227,0.8201532363891602,0.8081376552581787,-0.15222154557704926,0.8195804357528687,0.8112353086471558,-0.15228942036628723,0.8190639615058899,0.8136788010597229,-0.15237107872962952,0.8071341514587402,0.8321973085403442,-0.2272232323884964,0.8087892532348633,0.8331302404403687,-0.10129497200250626,0.8004155158996582,0.7925308346748352,-0.17148292064666748,0.8005932569503784,0.7926819920539856,-0.1349577009677887,0.7455359697341919,0.8264127373695374,-0.26485687494277954,0.7598956227302551,0.8002793788909912,0.00726058054715395,0.657238245010376,0.815081000328064,-0.2757986783981323,0.7351181507110596,0.7538678646087646,0.15028029680252075,0.6009702682495117,0.7603131532669067,-0.25700172781944275,0.7641414403915405,0.7248600721359253,0.2426508367061615,0.5825620889663696,0.7528088092803955,-0.2712242603302002,0.7675266861915588,0.7192636132240295,0.2711864113807678,0.5879791378974915,0.7412465214729309,-0.27060163021087646,0.7704921960830688,0.7153799533843994,0.2500154972076416,0.6012243032455444,0.7429109215736389,-0.25416356325149536,0.7660074830055237,0.7190406918525696,0.23624809086322784,0.6115478873252869,0.7537932395935059,-0.09198721498250961,0.6255005598068237,0.739512026309967,0.09225217998027802,0.5587407946586609,0.6122263073921204,-0.12007845938205719,0.5787689685821533,0.6105379462242126,0.17323985695838928,0.5510865449905396,0.7677778601646423,0.0285283625125885,0.5647520422935486,0.7728708982467651,0.24035170674324036,0.5702508091926575,0.7923414707183838,0.04709277302026749,0.5731313824653625,0.7929545044898987,0.2467905580997467,0.524473249912262,0.8016054034233093,0.09925414621829987,0.5392354726791382,0.8028072118759155,0.278522253036499
0430,./images/142/frame_00430.jpg,Fall,0.809323787689209,0.7886996865272522,-0.16320404410362244,0.818069338798523,0.8068889379501343,-0.1849389374256134,0.817337155342102,0.8093299269676208,-0.18490716814994812,0.8165340423583984,0.8107157945632935,-0.1849663406610489,0.8185056447982788,0.8076673746109009,-0.1573244035243988,0.8179782032966614,0.8106125593185425,-0.15740273892879486,0.8174007534980774,0.8127565383911133,-0.157488152384758,0.8048882484436035,0.8313686847686768,-0.23336641490459442,0.8073664903640747,0.8320744037628174,-0.10950201749801636,0.7973762154579163,0.7919149398803711,-0.1763973832130432,0.7978609204292297,0.7911973595619202,-0.140611469745636,0.7409323453903198,0.8203474879264832,-0.26750245690345764,0.7581160068511963,0.799442708492279,-0.0018865400925278664,0.6520025134086609,0.8118454813957214,-0.27652865648269653,0.7432032823562622,0.7482284307479858,0.145062655210495,0.5984821915626526,0.7557768821716309,-0.2577531933784485,0.770892858505249,0.7238627076148987,0.2461845576763153,0.5802960991859436,0.7482032179832458,-0.27276620268821716,0.7728487849235535,0.718119740486145,0.275895893573761,0.5856665372848511,0.736763060092926,-0.2744198143482208,0.7760135531425476,0.715319037437439,0.2561560869216919,0.598418116569519,0.7391214370727539,-0.2559869587421417,0.77057945728302,0.7182626724243164,0.24059629440307617,0.6096286177635193,0.7485260963439941,-0.0919397622346878,0.6244009733200073,0.7386017441749573,0.09219896048307419,0.5590441823005676,0.6093987226486206,-0.10634122043848038,0.5774400234222412,0.6251078248023987,0.19625014066696167,0.5498136878013611,0.7668922543525696,0.04035516828298569,0.562873125076294,0.7724342942237854,0.25842779874801636,0.5687099099159241,0.7904219031333923,0.05965595319867134,0.5696686506271362,0.7923843264579773,0.2642166018486023,0.5244852304458618,0.8005085587501526,0.12161090224981308,0.540308952331543,0.8022509217262268,0.3019770383834839
0431,./images/142/frame_00431.jpg,Fall,0.8098074197769165,0.7902247309684753,-0.16275392472743988,0.8181446194648743,0.8067827820777893,-0.1844644397497177,0.817431628704071,0.8092257380485535,-0.18443995714187622,0.8166536092758179,0.8106585144996643,-0.184505432844162,0.8185494542121887,0.8075491786003113,-0.15629468858242035,0.818022608757019,0.8103508949279785,-0.15637025237083435,0.8174489140510559,0.8122854232788086,-0.15645407140254974,0.8051750063896179,0.8308993577957153,-0.23346896469593048,0.8074945211410522,0.8306742906570435,-0.10692241042852402,0.7983484864234924,0.791933536529541,-0.1762760728597641,0.7989329099655151,0.7911655902862549,-0.13973169028759003,0.7409858703613281,0.8190279603004456,-0.2662791609764099,0.7582972049713135,0.7989785671234131,-0.0020099796820431948,0.6537356376647949,0.810825765132904,-0.2742648124694824,0.7471750974655151,0.7484253644943237,0.14254486560821533,0.6015893220901489,0.7535954117774963,-0.25514814257621765,0.7752054929733276,0.7231771945953369,0.23409414291381836,0.5846740007400513,0.7465677857398987,-0.2701680660247803,0.7794784903526306,0.7164677977561951,0.2626643478870392,0.5902239084243774,0.7351449728012085,-0.2697649598121643,0.77669757604599,0.7150182127952576,0.2410053312778473,0.6012281179428101,0.7372839450836182,-0.2527149021625519,0.77544105052948,0.7183789014816284,0.22755615413188934,0.6097873449325562,0.7476272583007812,-0.09193609654903412,0.6248485445976257,0.7380421161651611,0.09219028055667877,0.5587868094444275,0.611962616443634,-0.11821015924215317,0.5782362222671509,0.634831428527832,0.1997033655643463,0.5498807430267334,0.7685517072677612,0.03562700003385544,0.5649195909500122,0.7723272442817688,0.2665119469165802,0.5689831972122192,0.7974796891212463,0.05715986341238022,0.5707374215126038,0.7918788194656372,0.27418506145477295,0.5250325798988342,0.8034572005271912,0.12109242379665375,0.5484580993652344,0.8021892309188843,0.3091997504234314
0432,./images/142/frame_00432.jpg,Fall,0.8099621534347534,0.7895519733428955,-0.16177038848400116,0.8178720474243164,0.8067346215248108,-0.18332888185977936,0.8171612620353699,0.8091665506362915,-0.18330606818199158,0.8163713216781616,0.8105944991111755,-0.18337306380271912,0.8182805180549622,0.8071808815002441,-0.1549225151538849,0.817770779132843,0.809784471988678,-0.15499421954154968,0.8172112703323364,0.8115016222000122,-0.15507584810256958,0.8049953579902649,0.8303349018096924,-0.23214702308177948,0.8072099685668945,0.8288485407829285,-0.10539861768484116,0.7984134554862976,0.79100501537323,-0.17547298967838287,0.7990204095840454,0.7904199957847595,-0.13846412301063538,0.7411530017852783,0.8175034523010254,-0.26641666889190674,0.7575088739395142,0.7962034344673157,-0.0005959849804639816,0.6637250185012817,0.8021935224533081,-0.2826341390609741,0.7454808950424194,0.748705267906189,0.14198710024356842,0.6031821966171265,0.7522247433662415,-0.2713024914264679,0.772635817527771,0.7236366271972656,0.23238632082939148,0.586153507232666,0.7453460693359375,-0.28850990533828735,0.7790380120277405,0.7168284058570862,0.26179105043411255,0.5910229086875916,0.7338290810585022,-0.28510981798171997,0.7730755805969238,0.7194600701332092,0.23951356112957,0.6003023386001587,0.7358577251434326,-0.2680531442165375,0.775460958480835,0.7211096882820129,0.2255370169878006,0.6099016070365906,0.7472200989723206,-0.0930950716137886,0.6241285800933838,0.7359380125999451,0.0933547392487526,0.5587793588638306,0.6137864589691162,-0.13050207495689392,0.5772387981414795,0.6331042647361755,0.1959506720304489,0.5498967170715332,0.7693678736686707,0.018041696399450302,0.56517094373703,0.772908627986908,0.26540297269821167,0.5689998269081116,0.7975022196769714,0.03846099600195885,0.5708202123641968,0.7919727563858032,0.2728119492530823,0.52570641040802,0.8050646185874939,0.09257183223962784,0.5488187670707703,0.8075823187828064,0.30069202184677124
0433,./images/142/frame_00433.jpg,Fall,0.8097763061523438,0.791679322719574,-0.15417130291461945,0.8179048299789429,0.807941198348999,-0.1754421591758728,0.8172111511230469,0.8100038170814514,-0.1754283607006073,0.8164359927177429,0.8111436367034912,-0.17549343407154083,0.8182708621025085,0.8081691265106201,-0.14604781568050385,0.8177555203437805,0.8105437159538269,-0.1460936963558197,0.8171893358230591,0.8120297789573669,-0.14614684879779816,0.8050829172134399,0.8301340937614441,-0.22408834099769592,0.8071557283401489,0.8288242816925049,-0.09114135056734085,0.7985289096832275,0.7913888692855835,-0.16832773387432098,0.7990589141845703,0.7905856370925903,-0.12985338270664215,0.7433990240097046,0.8178562521934509,-0.2653424143791199,0.7550119161605835,0.7953379154205322,0.0157700814306736,0.6708521842956543,0.8025556206703186,-0.28084152936935425,0.7354234457015991,0.7489904761314392,0.15483319759368896,0.6032894849777222,0.758276104927063,-0.2698766589164734,0.7678463459014893,0.7210167646408081,0.23375701904296875,0.5868601202964783,0.7532240748405457,-0.28667736053466797,0.7728852033615112,0.7154000401496887,0.2637357711791992,0.5908498167991638,0.7395187616348267,-0.28197091817855835,0.7712451815605164,0.716367781162262,0.23918437957763672,0.599577784538269,0.7393012046813965,-0.2655874788761139,0.7703647613525391,0.7187239527702332,0.22590255737304688,0.6098495721817017,0.7452726364135742,-0.09600640833377838,0.6220676302909851,0.7339712381362915,0.09626052528619766,0.5563544034957886,0.6194310784339905,-0.1544436514377594,0.5723814368247986,0.633091926574707,0.185135155916214,0.549976646900177,0.7820456027984619,0.00039842407568357885,0.5619187355041504,0.7771297097206116,0.2530633509159088,0.5690134167671204,0.8037458658218384,0.021099133417010307,0.5686168670654297,0.795214056968689,0.26014941930770874,0.5255932211875916,0.836483359336853,0.07398588955402374,0.5458974242210388,0.818329930305481,0.28525859117507935
0434,./images/142/frame_00434.jpg,Fall,0.8107125163078308,0.7862370014190674,-0.13912226259708405,0.8179205656051636,0.8034131526947021,-0.16033001244068146,0.8172489404678345,0.8056607842445374,-0.16032639145851135,0.8164919018745422,0.8070550560951233,-0.1603948175907135,0.818271279335022,0.8032668828964233,-0.1321384608745575,0.8177664875984192,0.8058168292045593,-0.1321793496608734,0.8172127604484558,0.8075398206710815,-0.13224367797374725,0.8051583170890808,0.8286176323890686,-0.20833496749401093,0.8072196841239929,0.8261734247207642,-0.08056007325649261,0.7986119985580444,0.790755033493042,-0.1528419405221939,0.7991026639938354,0.7887571454048157,-0.1160302609205246,0.7439730167388916,0.818063497543335,-0.251792311668396,0.7545756697654724,0.7949739098548889,0.023630989715456963,0.6692234873771667,0.801900327205658,-0.26154735684394836,0.728712260723114,0.7455552220344543,0.16070929169654846,0.6005336046218872,0.7584572434425354,-0.24507923424243927,0.7669484615325928,0.7202955484390259,0.2411661446094513,0.5817681550979614,0.7548663020133972,-0.2589797377586365,0.7554417848587036,0.715081512928009,0.2720358967781067,0.5863205790519714,0.7403907775878906,-0.2578347623348236,0.7611798048019409,0.7134158611297607,0.24896204471588135,0.5951787233352661,0.740998387336731,-0.2419763058423996,0.7674911022186279,0.718162477016449,0.2339904010295868,0.607112467288971,0.7435855269432068,-0.09527843445539474,0.6196563243865967,0.7285120487213135,0.09557722508907318,0.5167769193649292,0.6548888683319092,-0.1530240774154663,0.5598152279853821,0.6484137773513794,0.17911279201507568,0.5501092672348022,0.8222443461418152,-0.00827048346400261,0.5599330067634583,0.7856881022453308,0.2321120947599411,0.5702999830245972,0.8394654393196106,0.010930451564490795,0.567160427570343,0.7998277544975281,0.2375435084104538,0.527985692024231,0.8796530961990356,0.06031963229179382,0.5458885431289673,0.828895628452301,0.25790339708328247
0435,./images/142/frame_00435.jpg,Fall,0.8115593791007996,0.7773094773292542,-0.1643621176481247,0.8177563548088074,0.7947757244110107,-0.18576644361019135,0.8170251846313477,0.7987397313117981,-0.18575358390808105,0.8163087964057922,0.8004201054573059,-0.18582800030708313,0.8181813955307007,0.7945266962051392,-0.15766587853431702,0.8176995515823364,0.7973464727401733,-0.15773627161979675,0.8171817660331726,0.7992879152297974,-0.15781061351299286,0.8032501339912415,0.8248668313026428,-0.23457463085651398,0.8072425723075867,0.8210490942001343,-0.1077636331319809,0.7988211512565613,0.7869998216629028,-0.1777762770652771,0.7993866205215454,0.7843747735023499,-0.14129820466041565,0.7439934015274048,0.8152058720588684,-0.271308958530426,0.7557697892189026,0.7923853397369385,-0.0001641838753130287,0.6685047745704651,0.7975062727928162,-0.28373903036117554,0.7328803539276123,0.7454777956008911,0.15524159371852875,0.6015763282775879,0.7438402771949768,-0.27574071288108826,0.7680402994155884,0.7200831174850464,0.24116477370262146,0.5834912061691284,0.7362967729568481,-0.29241567850112915,0.7590077519416809,0.7151021361351013,0.27205467224121094,0.5882792472839355,0.7224883437156677,-0.29075881838798523,0.7707076072692871,0.7132289409637451,0.24925288558006287,0.5970876216888428,0.725312352180481,-0.2726866602897644,0.7679673433303833,0.7170357704162598,0.23459556698799133,0.6075722575187683,0.7441038489341736,-0.09531141072511673,0.6218379735946655,0.7295346856117249,0.09558341652154922,0.5400092005729675,0.6392917037010193,-0.12484405189752579,0.5644701719284058,0.6520360112190247,0.21324241161346436,0.5500904321670532,0.7921170592308044,0.022036869078874588,0.5600639581680298,0.7840760946273804,0.2784422039985657,0.5684613585472107,0.825452446937561,0.04245811700820923,0.5678502917289734,0.7997109889984131,0.2858777344226837,0.526807427406311,0.83287113904953,0.09428869187831879,0.5448340177536011,0.8089973330497742,0.314323753118515
0436,./images/142/frame_00436.jpg,Fall,0.8141624331474304,0.7754124999046326,-0.14771528542041779,0.818699061870575,0.7949857115745544,-0.16905932128429413,0.8179937601089478,0.7981035113334656,-0.16902689635753632,0.8169363737106323,0.799268364906311,-0.1690922975540161,0.8190948367118835,0.7938560247421265,-0.1398208886384964,0.8184685707092285,0.7974847555160522,-0.1398971974849701,0.8179512023925781,0.7994239926338196,-0.13996917009353638,0.8036227226257324,0.8209465146064758,-0.21744677424430847,0.8073399662971497,0.8181486129760742,-0.0841619223356247,0.8012048602104187,0.7854086756706238,-0.1614631712436676,0.8018060922622681,0.7824076414108276,-0.12336702644824982,0.7443820238113403,0.8097172379493713,-0.25724729895591736,0.7552328705787659,0.7912413477897644,0.016324546188116074,0.6695223450660706,0.7673769593238831,-0.25214922428131104,0.7327175736427307,0.741304337978363,0.1429164558649063,0.6559385061264038,0.707448422908783,-0.1905605047941208,0.7673359513282776,0.7199112772941589,0.1949295699596405,0.6502348184585571,0.6957966685295105,-0.2006911039352417,0.7587016224861145,0.7147021889686584,0.22073566913604736,0.6564101576805115,0.6970206499099731,-0.192285418510437,0.7696257829666138,0.7119052410125732,0.1987922489643097,0.6591785550117493,0.7018688321113586,-0.18406765162944794,0.76690673828125,0.7172924280166626,0.18763881921768188,0.6069717407226562,0.7445419430732727,-0.09521463513374329,0.6209924221038818,0.7299140691757202,0.09546812623739243,0.5177029371261597,0.6711002588272095,-0.15924033522605896,0.5557039976119995,0.652758777141571,0.1873820722103119,0.5542402863502502,0.8422514200210571,-0.022152096033096313,0.5602372884750366,0.8006543517112732,0.24495455622673035,0.5769640207290649,0.8587839007377625,-0.001968853874132037,0.5682554841041565,0.8138781785964966,0.2522088885307312,0.5330113172531128,0.9094161987304688,0.05475388094782829,0.5456036329269409,0.8558060526847839,0.2837056815624237
0437,./images/142/frame_00437.jpg,Fall,0.8112656474113464,0.7764673829078674,-0.14846211671829224,0.817162036895752,0.7936637997627258,-0.16965904831886292,0.8166636228561401,0.7960953712463379,-0.169632688164711,0.8159210085868835,0.7971804141998291,-0.16969725489616394,0.8175045847892761,0.7933781147003174,-0.1408202201128006,0.8170980215072632,0.7966469526290894,-0.14089494943618774,0.8166937828063965,0.7986286878585815,-0.14096733927726746,0.8037355542182922,0.8174367547035217,-0.21680541336536407,0.8072832822799683,0.8160133361816406,-0.0851878970861435,0.8001257181167603,0.7832696437835693,-0.16189518570899963,0.8005167245864868,0.7806894183158875,-0.12437732517719269,0.7449476718902588,0.8081850409507751,-0.2568202614784241,0.7553926706314087,0.7906084656715393,0.015126009471714497,0.6697098612785339,0.7735781073570251,-0.25946101546287537,0.7320505380630493,0.741576611995697,0.14202451705932617,0.6105409860610962,0.7158825397491455,-0.25058501958847046,0.7666320204734802,0.7173880934715271,0.2042103260755539,0.5912693738937378,0.7082061171531677,-0.26787933707237244,0.7666535973548889,0.710497260093689,0.2311573028564453,0.5949980020523071,0.699509859085083,-0.2667464315891266,0.7703714370727539,0.708970308303833,0.20977380871772766,0.6035025119781494,0.7021817564964294,-0.24785089492797852,0.7675377130508423,0.7135138511657715,0.19745399057865143,0.6073722839355469,0.7435782551765442,-0.09303306043148041,0.6210710406303406,0.7303906083106995,0.09328702092170715,0.5167757272720337,0.6573620438575745,-0.15822657942771912,0.5578696727752686,0.6544279456138611,0.16223366558551788,0.5534383058547974,0.822114109992981,-0.007980125956237316,0.5607326030731201,0.7984234094619751,0.23376238346099854,0.5768032670021057,0.8498346209526062,0.012146789580583572,0.5685474872589111,0.812624454498291,0.2418723851442337,0.5322418212890625,0.8753551840782166,0.06478516012430191,0.5465474724769592,0.8449070453643799,0.2692909240722656
0438,./images/142/frame_00438.jpg,Fall,0.8118622899055481,0.7713835835456848,-0.17052927613258362,0.8171323537826538,0.7907888889312744,-0.19081860780715942,0.8166131973266602,0.7931347489356995,-0.19079279899597168,0.8158736228942871,0.7944729924201965,-0.19085822999477386,0.8175288438796997,0.7895616888999939,-0.16422811150550842,0.8171311616897583,0.7925019264221191,-0.16431042551994324,0.8167163729667664,0.7958530187606812,-0.16439202427864075,0.8038028478622437,0.8150395750999451,-0.23322561383247375,0.8073051571846008,0.8131673336029053,-0.11359252035617828,0.8001103401184082,0.7809127569198608,-0.18129844963550568,0.8005541563034058,0.7778641581535339,-0.14695879817008972,0.7443238496780396,0.8080693483352661,-0.26625657081604004,0.7583130598068237,0.7899665236473083,-0.008962767198681831,0.6693686246871948,0.7669909000396729,-0.27348342537879944,0.7392674088478088,0.7399609088897705,0.12646350264549255,0.6101129055023193,0.7055720686912537,-0.2640310227870941,0.7669942378997803,0.7153927087783813,0.20430941879749298,0.5919814109802246,0.6986125707626343,-0.2818750739097595,0.7695856690406799,0.7057355046272278,0.23139528930187225,0.5961027145385742,0.6886812448501587,-0.2808883786201477,0.770481288433075,0.7069317698478699,0.20812198519706726,0.6042552590370178,0.6911219954490662,-0.261786550283432,0.7678839564323425,0.710967481136322,0.19728466868400574,0.6094091534614563,0.7433888912200928,-0.09168005734682083,0.6267473697662354,0.7301376461982727,0.09188743680715561,0.5472614765167236,0.6297581791877747,-0.13912780582904816,0.560320258140564,0.6556909084320068,0.178073912858963,0.5524380803108215,0.8033514022827148,0.022621843963861465,0.5601703524589539,0.7981468439102173,0.25605231523513794,0.5709384679794312,0.834236741065979,0.04399977624416351,0.5660075545310974,0.8118937015533447,0.2650744616985321,0.5263452529907227,0.8480439782142639,0.09543924033641815,0.5456035733222961,0.827774703502655,0.29215145111083984
0439,./images/142/frame_00439.jpg,Fall,0.8114436268806458,0.7632945775985718,-0.19990268349647522,0.8160423040390015,0.7841748595237732,-0.2199018895626068,0.815200924873352,0.787784218788147,-0.2198609560728073,0.8142536878585815,0.7891576886177063,-0.21991316974163055,0.8170393109321594,0.7840134501457214,-0.1940213143825531,0.8167691230773926,0.7869120240211487,-0.19413051009178162,0.816450297832489,0.7892712354660034,-0.1942088007926941,0.8010790944099426,0.8145189881324768,-0.2570735514163971,0.8072183728218079,0.805791974067688,-0.14065119624137878,0.7986698746681213,0.776631772518158,-0.20821063220500946,0.7999018430709839,0.7725480794906616,-0.17491057515144348,0.7424166798591614,0.800370454788208,-0.2778549790382385,0.761711061000824,0.7901314496994019,-0.03922213986515999,0.6696635484695435,0.7635560631752014,-0.29323068261146545,0.7469066977500916,0.7404024600982666,0.10429153591394424,0.6484366655349731,0.7105106115341187,-0.28562766313552856,0.7676106095314026,0.7142597436904907,0.19635920226573944,0.6416543126106262,0.7027097344398499,-0.3023744225502014,0.7706277966499329,0.7042892575263977,0.22019147872924805,0.6482345461845398,0.6957671046257019,-0.30045241117477417,0.7729615569114685,0.7068395614624023,0.19725295901298523,0.6514862179756165,0.6978957653045654,-0.28358015418052673,0.7685147523880005,0.7099771499633789,0.18989473581314087,0.6103531718254089,0.7420980930328369,-0.09049467742443085,0.6314135789871216,0.7303491234779358,0.09062007069587708,0.5573353171348572,0.6264814734458923,-0.08624334633350372,0.566606342792511,0.6681481599807739,0.2226395308971405,0.5521683096885681,0.8011946678161621,0.05483921244740486,0.5603846311569214,0.7966889142990112,0.3046610653400421,0.5657114386558533,0.8298271894454956,0.07491790503263474,0.5658901333808899,0.8102145791053772,0.3148711323738098,0.5243350267410278,0.8336603045463562,0.11915049701929092,0.5472309589385986,0.8086498975753784,0.34487852454185486
0440,./images/142/frame_00440.jpg,Fall,0.8112128376960754,0.7609748244285583,-0.18971216678619385,0.8160074353218079,0.7818394303321838,-0.21013732254505157,0.8151893615722656,0.7857173681259155,-0.21008768677711487,0.8142774701118469,0.787205159664154,-0.21014563739299774,0.8170104026794434,0.782016932964325,-0.18296021223068237,0.816764235496521,0.7849282026290894,-0.18306535482406616,0.8164578676223755,0.787021815776825,-0.18314626812934875,0.8013870120048523,0.8109303116798401,-0.25161856412887573,0.8072383999824524,0.8059348464012146,-0.12939393520355225,0.7980247735977173,0.7740939855575562,-0.19984136521816254,0.7994116544723511,0.7701992392539978,-0.16483713686466217,0.740225076675415,0.8012749552726746,-0.28024813532829285,0.7627532482147217,0.7898100018501282,-0.025974571704864502,0.6693900227546692,0.7500923871994019,-0.29092535376548767,0.7493630647659302,0.7384682297706604,0.1119743213057518,0.6455168724060059,0.6838942766189575,-0.23104743659496307,0.769112229347229,0.7132739424705505,0.19857488572597504,0.6373971700668335,0.6705700159072876,-0.24400396645069122,0.7699748873710632,0.701137900352478,0.22260208427906036,0.643709123134613,0.6699473261833191,-0.24187211692333221,0.7756885886192322,0.7068408727645874,0.2014792263507843,0.6474829912185669,0.6754790544509888,-0.2277173548936844,0.7720953822135925,0.7099335789680481,0.1923905909061432,0.6107269525527954,0.742213249206543,-0.09046007692813873,0.6327579617500305,0.7308291792869568,0.09057007730007172,0.5591850280761719,0.6158215999603271,-0.1057489663362503,0.5741665363311768,0.6526403427124023,0.21282443404197693,0.5513765811920166,0.7780717611312866,0.07145322859287262,0.5605405569076538,0.792450487613678,0.3049163818359375,0.5656170845031738,0.813897430896759,0.09560385346412659,0.5661720633506775,0.8081846237182617,0.3154629170894623,0.522653341293335,0.8105342388153076,0.1511196792125702,0.5444825887680054,0.8097255229949951,0.3492332696914673
0441,./images/142/frame_00441.jpg,Fall,0.8112198710441589,0.7575010657310486,-0.20782701671123505,0.8158971667289734,0.7792187333106995,-0.2267739474773407,0.8149060010910034,0.7839037775993347,-0.22673921287059784,0.8138355016708374,0.7856529355049133,-0.22680404782295227,0.8170358538627625,0.7783400416374207,-0.20247431099414825,0.8167837858200073,0.7808661460876465,-0.20258300006389618,0.8164642453193665,0.7825453281402588,-0.2026757448911667,0.801335334777832,0.8091932535171509,-0.2605712413787842,0.8071572184562683,0.8046150207519531,-0.1519254446029663,0.7976016998291016,0.7644219994544983,-0.21451258659362793,0.799419641494751,0.7688251733779907,-0.18353572487831116,0.7378129363059998,0.7991732358932495,-0.27895036339759827,0.7667967081069946,0.789974570274353,-0.047113873064517975,0.6633973121643066,0.74452143907547,-0.25405630469322205,0.7470461130142212,0.7387570142745972,0.08441413938999176,0.6531923413276672,0.6844544410705566,-0.18297657370567322,0.7689472436904907,0.7123619318008423,0.1583285629749298,0.6505293846130371,0.6721560955047607,-0.19327260553836823,0.7709922194480896,0.7008303999900818,0.17664849758148193,0.6587923169136047,0.6749318838119507,-0.19266217947006226,0.7741003036499023,0.7063021063804626,0.15626727044582367,0.6606786251068115,0.6802120804786682,-0.1799556314945221,0.7712855935096741,0.7090876698493958,0.15241198241710663,0.6128721833229065,0.7420908808708191,-0.08685492724180222,0.6352284550666809,0.7377305626869202,0.08693686872720718,0.5656757354736328,0.6170045733451843,-0.02143014408648014,0.5800654888153076,0.6656622290611267,0.24703535437583923,0.5513292551040649,0.7679977416992188,0.14016638696193695,0.5605712532997131,0.7842587232589722,0.34529516100883484,0.562778890132904,0.8041208982467651,0.16168048977851868,0.5631821751594543,0.8016509413719177,0.3570156693458557,0.5281069278717041,0.785984218120575,0.21035552024841309,0.545030415058136,0.790189266204834,0.390239953994751
0442,./images/142/frame_00442.jpg,Fall,0.8120601773262024,0.7630174160003662,-0.17606142163276672,0.8161872625350952,0.7824891805648804,-0.19953328371047974,0.8151724934577942,0.7853575944900513,-0.19948917627334595,0.8140231966972351,0.7865214943885803,-0.19954413175582886,0.8172307014465332,0.7821868658065796,-0.1678207367658615,0.816918671131134,0.7841190099716187,-0.1679335981607437,0.816541850566864,0.7850989699363708,-0.1680002361536026,0.8015851974487305,0.8100247979164124,-0.2583176791667938,0.8071686029434204,0.8058298826217651,-0.11369911581277847,0.7984338998794556,0.7667937278747559,-0.19197632372379303,0.8002083897590637,0.7692598700523376,-0.15122146904468536,0.7384172081947327,0.8001207709312439,-0.27944061160087585,0.7659858465194702,0.791651725769043,-0.010188685730099678,0.6635208129882812,0.7501929402351379,-0.25753480195999146,0.7463159561157227,0.739837110042572,0.1284542679786682,0.6534010171890259,0.6567198634147644,-0.19918683171272278,0.768729567527771,0.7066758275032043,0.21745440363883972,0.6503697633743286,0.6342247128486633,-0.2126096934080124,0.7717000246047974,0.6969163417816162,0.24057379364967346,0.6583579778671265,0.6367826461791992,-0.20700278878211975,0.7752162218093872,0.7002983689308167,0.21935555338859558,0.6589919328689575,0.6426672339439392,-0.19358226656913757,0.7711151242256165,0.7057839035987854,0.21098919212818146,0.612858772277832,0.7432894110679626,-0.0891542062163353,0.6345759630203247,0.7387292385101318,0.08924005180597305,0.5635164976119995,0.6123059391975403,-0.06751343607902527,0.5788681507110596,0.6614381074905396,0.22902238368988037,0.5476785898208618,0.7666361331939697,0.0934184119105339,0.5589714050292969,0.7813500165939331,0.3204365372657776,0.5625367760658264,0.7985394597053528,0.11700905859470367,0.5624533891677856,0.7993214130401611,0.3308189809322357,0.5270518660545349,0.7908596396446228,0.1738855540752411,0.5428754687309265,0.7954176068305969,0.3679426312446594
0443,./images/142/frame_00443.jpg,Fall,0.8101566433906555,0.7627192139625549,-0.18685872852802277,0.8147586584091187,0.7810129523277283,-0.2082485854625702,0.8137871623039246,0.7831605076789856,-0.20820800960063934,0.8122879266738892,0.7838094234466553,-0.20826077461242676,0.816085696220398,0.7812345623970032,-0.18063783645629883,0.8159879446029663,0.7834525108337402,-0.18075686693191528,0.8157929182052612,0.7848625183105469,-0.18084996938705444,0.7986939549446106,0.8105858564376831,-0.25511425733566284,0.8070096969604492,0.8027108907699585,-0.1311744749546051,0.7978144884109497,0.7659274339675903,-0.19834700226783752,0.7998411059379578,0.7682260870933533,-0.16303083300590515,0.7375166416168213,0.800744354724884,-0.2799457013607025,0.7657955884933472,0.7960637211799622,-0.02882271446287632,0.6624714136123657,0.750781238079071,-0.2607799470424652,0.7460340261459351,0.7453354001045227,0.11873804032802582,0.6535513401031494,0.665594220161438,-0.21087782084941864,0.7693067789077759,0.7072428464889526,0.21419182419776917,0.6484013199806213,0.6429849863052368,-0.22409024834632874,0.7739318609237671,0.6975390315055847,0.23795707523822784,0.6576752066612244,0.6395562291145325,-0.22137591242790222,0.7754698991775513,0.7006617188453674,0.21894459426403046,0.657899022102356,0.6492742896080017,-0.20684540271759033,0.7723828554153442,0.7060598134994507,0.20745611190795898,0.6127886176109314,0.7446931004524231,-0.08707000315189362,0.6336112022399902,0.7398681044578552,0.08712378889322281,0.5642781853675842,0.6139594912528992,-0.03769126161932945,0.5788877010345459,0.6625536680221558,0.23319196701049805,0.5464085340499878,0.7663655877113342,0.12686170637607574,0.5590430498123169,0.7815431356430054,0.333574116230011,0.5596621036529541,0.8005927801132202,0.1486886590719223,0.5630151033401489,0.8004254102706909,0.3452654480934143,0.5266379714012146,0.7910552024841309,0.19534440338611603,0.5430004000663757,0.7976869940757751,0.37878039479255676
0444,./images/142/frame_00444.jpg,Fall,0.8096488118171692,0.7632319331169128,-0.1656205654144287,0.814507007598877,0.7809196710586548,-0.1875648945569992,0.8135191202163696,0.7831029295921326,-0.18751412630081177,0.812166690826416,0.7840267419815063,-0.18756072223186493,0.8156930208206177,0.7812188267707825,-0.15952251851558685,0.8155547976493835,0.7838723659515381,-0.15964175760746002,0.8152981996536255,0.7855439186096191,-0.15973663330078125,0.7991983294487,0.808215320110321,-0.23963351547718048,0.8064029812812805,0.8033818006515503,-0.11429142951965332,0.7977408170700073,0.7668542861938477,-0.17927958071231842,0.7996529340744019,0.7688135504722595,-0.14347395300865173,0.7367258667945862,0.8002063035964966,-0.2732509970664978,0.7652351260185242,0.7977073788642883,-0.012918548658490181,0.6611667275428772,0.7454516291618347,-0.2580586373806,0.7456735372543335,0.7453001141548157,0.12897421419620514,0.6479948163032532,0.6569028496742249,-0.192579448223114,0.769019365310669,0.7075443267822266,0.22810080647468567,0.6428089737892151,0.6343606114387512,-0.20194168388843536,0.7732552289962769,0.697876513004303,0.2528175711631775,0.6513234376907349,0.6350249648094177,-0.1981051117181778,0.7755573987960815,0.7011467218399048,0.23479780554771423,0.654084324836731,0.6414337754249573,-0.18731190264225006,0.7719466090202332,0.7062342762947083,0.22294442355632782,0.6124343872070312,0.7423791885375977,-0.08729006350040436,0.6333479881286621,0.739567220211029,0.08735327422618866,0.563679575920105,0.6108527183532715,-0.06719042360782623,0.5792522430419922,0.6440564393997192,0.21790821850299835,0.5461025834083557,0.7653926610946655,0.0950927734375,0.5580171346664429,0.7783784866333008,0.31362342834472656,0.5570259094238281,0.795344352722168,0.11670888960361481,0.5621547102928162,0.7982412576675415,0.3250900208950043,0.5219029188156128,0.791758120059967,0.16697043180465698,0.5406934022903442,0.7975066900253296,0.3712034523487091
0445,./images/142/frame_00445.jpg,Fall,0.8097488284111023,0.7636905312538147,-0.17919623851776123,0.8145890235900879,0.7813160419464111,-0.20022189617156982,0.8136154413223267,0.7836018800735474,-0.2001792937517166,0.8123061060905457,0.7846387028694153,-0.2002331018447876,0.8157437443733215,0.7815150022506714,-0.17331966757774353,0.8155865669250488,0.784274697303772,-0.1734263300895691,0.8153077363967896,0.7859902381896973,-0.1735316663980484,0.7994402050971985,0.8075429201126099,-0.2477749139070511,0.8063156008720398,0.8038802146911621,-0.1274658739566803,0.7978537678718567,0.7673293352127075,-0.19110199809074402,0.7997913956642151,0.7689868211746216,-0.15671637654304504,0.7370666861534119,0.7958940863609314,-0.2775871455669403,0.7649368643760681,0.7988060712814331,-0.026096895337104797,0.6608002185821533,0.7366513013839722,-0.26449817419052124,0.7459922432899475,0.7469624280929565,0.10557844489812851,0.6339747309684753,0.6629934906959534,-0.22529606521129608,0.7704160213470459,0.7087616324424744,0.18677926063537598,0.6239743232727051,0.6477826833724976,-0.24416129291057587,0.7727518081665039,0.6981840133666992,0.2063400000333786,0.6305375099182129,0.6458497047424316,-0.2474437654018402,0.777218222618103,0.7024139165878296,0.18432065844535828,0.635492205619812,0.6515350341796875,-0.22551946341991425,0.7745808362960815,0.7072058916091919,0.17976412177085876,0.6141795516014099,0.741278350353241,-0.08731620013713837,0.6330543756484985,0.7394865155220032,0.08738112449645996,0.5663467645645142,0.6120650768280029,-0.02999764308333397,0.5804342031478882,0.6586359143257141,0.2466723918914795,0.5482878684997559,0.7642320990562439,0.13630685210227966,0.560109555721283,0.777134358882904,0.3453871011734009,0.5581395030021667,0.7907753586769104,0.15730687975883484,0.5628218650817871,0.7957691550254822,0.3564651906490326,0.5287502408027649,0.7864261269569397,0.20189490914344788,0.5465810298919678,0.7950886487960815,0.3872515559196472
0446,./images/142/frame_00446.jpg,Fall,0.8088229894638062,0.7678803205490112,-0.16042016446590424,0.8140894770622253,0.7838587164878845,-0.18170782923698425,0.8132117390632629,0.7856019735336304,-0.1816800981760025,0.8120014071464539,0.7866160869598389,-0.18172523379325867,0.8150678873062134,0.7842698693275452,-0.15389296412467957,0.8148255348205566,0.7866294980049133,-0.15398205816745758,0.8143070936203003,0.7880144119262695,-0.15407243371009827,0.7996973395347595,0.8082464337348938,-0.2315034568309784,0.8053216934204102,0.8058362603187561,-0.10676714032888412,0.7972673177719116,0.7710840702056885,-0.17382676899433136,0.7988811731338501,0.7729255557060242,-0.13805745542049408,0.7390496730804443,0.7962381839752197,-0.2710764408111572,0.7639506459236145,0.7990202307701111,-0.006533937994390726,0.6682186126708984,0.737764835357666,-0.2655910849571228,0.7454575896263123,0.7477885484695435,0.11588452756404877,0.6438640356063843,0.6640531420707703,-0.22912845015525818,0.7738373875617981,0.7087966203689575,0.19230034947395325,0.6347652673721313,0.6437881588935852,-0.24774456024169922,0.7726418972015381,0.6984411478042603,0.2126636803150177,0.642388641834259,0.6433952450752258,-0.24714688956737518,0.7813525199890137,0.703126847743988,0.19081857800483704,0.646416962146759,0.6484951972961426,-0.22737832367420197,0.7762109041213989,0.7073074579238892,0.18522220849990845,0.6140697002410889,0.7413566708564758,-0.08771051466464996,0.6319619417190552,0.7393922805786133,0.08777908980846405,0.5669096112251282,0.6128912568092346,-0.05356527119874954,0.5857142210006714,0.6562429070472717,0.23921442031860352,0.5473480820655823,0.7598152756690979,0.10804977267980576,0.5628646016120911,0.7741831541061401,0.33108848333358765,0.5587925910949707,0.7861381769180298,0.1294584721326828,0.565772533416748,0.7924431562423706,0.34244832396507263,0.528379499912262,0.7883557081222534,0.1801438331604004,0.5480771660804749,0.7954652309417725,0.3680533766746521
0447,./images/142/frame_00447.jpg,Fall,0.8089251518249512,0.7688787579536438,-0.13894900679588318,0.8141487836837769,0.7839555740356445,-0.1603080779314041,0.8132821917533875,0.7858214378356934,-0.16028070449829102,0.8120824098587036,0.786871075630188,-0.16033197939395905,0.8150867223739624,0.7846038937568665,-0.13220873475074768,0.8148431777954102,0.7868622541427612,-0.13229170441627502,0.8143488764762878,0.7882658839225769,-0.13238415122032166,0.7997449040412903,0.8082968592643738,-0.21161213517189026,0.805305004119873,0.8060351610183716,-0.08483102917671204,0.7972918152809143,0.7715921401977539,-0.15333245694637299,0.7988930344581604,0.7736800312995911,-0.11691683530807495,0.7407280802726746,0.7963850498199463,-0.25571221113204956,0.7624680399894714,0.7990196943283081,0.013582581654191017,0.6669561266899109,0.7406684160232544,-0.25657588243484497,0.7376351356506348,0.7503457069396973,0.13004975020885468,0.6403581500053406,0.6682116389274597,-0.21014530956745148,0.7687667012214661,0.7169383764266968,0.1961064636707306,0.6294775605201721,0.6484320163726807,-0.2247316837310791,0.7670470476150513,0.7099975943565369,0.2194426953792572,0.6360896825790405,0.6477743983268738,-0.22149892151355743,0.7804335355758667,0.7100545763969421,0.19807156920433044,0.6408751010894775,0.6514504551887512,-0.2068471908569336,0.7731948494911194,0.7125527858734131,0.18850772082805634,0.6132013201713562,0.7409577369689941,-0.0896713137626648,0.6273968815803528,0.7389638423919678,0.08979862183332443,0.5562331080436707,0.6036481857299805,-0.11112245172262192,0.5812774896621704,0.6488543748855591,0.20635931193828583,0.5477681756019592,0.7620546221733093,0.04425845295190811,0.5610514283180237,0.7744427919387817,0.267435222864151,0.5670961737632751,0.7876376509666443,0.06471111625432968,0.565424382686615,0.7926024794578552,0.2733941674232483,0.5281818509101868,0.792695164680481,0.12854056060314178,0.5431357622146606,0.7959480881690979,0.31122955679893494
0448,./images/142/frame_00448.jpg,Fall,0.8086909055709839,0.7687265872955322,-0.1603282243013382,0.8139864206314087,0.7840558290481567,-0.18161040544509888,0.8131237030029297,0.7858363389968872,-0.18157415091991425,0.8118734359741211,0.7867867946624756,-0.1816287487745285,0.814987063407898,0.7847243547439575,-0.15454629063606262,0.8147805333137512,0.7870289087295532,-0.1546463966369629,0.8143370747566223,0.7884921431541443,-0.1547432541847229,0.7980173230171204,0.8084343075752258,-0.22870461642742157,0.8052381277084351,0.8053207993507385,-0.10795863717794418,0.7971347570419312,0.7713125348091125,-0.17207852005958557,0.7987235188484192,0.7734342217445374,-0.13757529854774475,0.7398959398269653,0.796093225479126,-0.2665470242500305,0.7626725435256958,0.7981446385383606,-0.0038144185673445463,0.6635314226150513,0.7435222268104553,-0.25767752528190613,0.7378203272819519,0.7501204013824463,0.12604407966136932,0.6388405561447144,0.6636327505111694,-0.21116220951080322,0.7687557935714722,0.7168551087379456,0.20706841349601746,0.6327852606773376,0.646747350692749,-0.22437164187431335,0.7670231461524963,0.7097837328910828,0.23085644841194153,0.6379899382591248,0.6465997695922852,-0.22234146296977997,0.7773870229721069,0.7045249938964844,0.21192824840545654,0.6421118378639221,0.6518014669418335,-0.20770923793315887,0.7738867998123169,0.7128295302391052,0.20137183368206024,0.6137573719024658,0.7426560521125793,-0.08946745097637177,0.6288868188858032,0.7384825944900513,0.08958352357149124,0.562706708908081,0.6044876575469971,-0.09116260707378387,0.5825124382972717,0.6463468670845032,0.20749616622924805,0.5458551645278931,0.7631285786628723,0.0845775157213211,0.5611794590950012,0.7739958763122559,0.28453364968299866,0.564710259437561,0.7888335585594177,0.10697509348392487,0.5655442476272583,0.7927468419075012,0.2952437996864319,0.5270267128944397,0.7920123338699341,0.16052395105361938,0.5428087711334229,0.7965172529220581,0.3350695073604584
0449,./images/142/frame_00449.jpg,Fall,0.8093239068984985,0.7683651447296143,-0.17093698680400848,0.8144737482070923,0.7841042280197144,-0.19181588292121887,0.8136383295059204,0.7858642339706421,-0.1917969435453415,0.8124829530715942,0.786852240562439,-0.19186405837535858,0.8155030012130737,0.7847470045089722,-0.16585728526115417,0.8153408765792847,0.7870737910270691,-0.1659439504146576,0.814957320690155,0.7885898947715759,-0.16605158150196075,0.7998737096786499,0.807657778263092,-0.23682527244091034,0.8057368993759155,0.8049713969230652,-0.1208435446023941,0.7983323335647583,0.7704927921295166,-0.18175721168518066,0.8000859022140503,0.7724936604499817,-0.14866098761558533,0.7396712899208069,0.795881986618042,-0.2703714072704315,0.7640801668167114,0.7964276671409607,-0.016952812671661377,0.6617723703384399,0.7452539801597595,-0.26810234785079956,0.7386897206306458,0.7476240992546082,0.10581795871257782,0.6231488585472107,0.6651567816734314,-0.2373337298631668,0.7673196196556091,0.7200493812561035,0.18005326390266418,0.6094971895217896,0.6503800749778748,-0.25164711475372314,0.7671020030975342,0.7113840579986572,0.20269939303398132,0.6152396202087402,0.6485264897346497,-0.2516251802444458,0.7766726016998291,0.7107201218605042,0.18291224539279938,0.6216670870780945,0.6539934873580933,-0.23496194183826447,0.771349310874939,0.715029239654541,0.17408578097820282,0.6156811714172363,0.7426717281341553,-0.08874565362930298,0.6324959993362427,0.7384403944015503,0.08885801583528519,0.5627310276031494,0.6214662194252014,-0.0897410660982132,0.5822657346725464,0.6583706736564636,0.20474974811077118,0.5438322424888611,0.7700862288475037,0.06370002776384354,0.5618103742599487,0.7795183062553406,0.27730244398117065,0.5618453621864319,0.8047991991043091,0.08284444361925125,0.5656231641769409,0.7983044981956482,0.28650742769241333,0.5243804454803467,0.8144514560699463,0.12476581335067749,0.5443071722984314,0.7974629998207092,0.3165801167488098
0450,./images/142/frame_00450.jpg,Fall,0.809284508228302,0.7685214281082153,-0.17088761925697327,0.8144877552986145,0.7840679883956909,-0.19175536930561066,0.8136615753173828,0.7857624292373657,-0.1917322278022766,0.8125136494636536,0.7866801023483276,-0.19179615378379822,0.8155144453048706,0.7847065329551697,-0.16572071611881256,0.8153511881828308,0.7870187759399414,-0.1658124327659607,0.8149886131286621,0.7885599732398987,-0.16591939330101013,0.7993301153182983,0.807878851890564,-0.2377525269985199,0.806048572063446,0.8045980930328369,-0.12206487357616425,0.7983601689338684,0.7708326578140259,-0.18216180801391602,0.8001288175582886,0.7729114890098572,-0.14915332198143005,0.7396854162216187,0.7954100966453552,-0.27531570196151733,0.7654987573623657,0.7963017225265503,-0.020209666341543198,0.6618125438690186,0.7421598434448242,-0.2709793746471405,0.7410352230072021,0.7479024529457092,0.10749948024749756,0.6285108327865601,0.665464460849762,-0.23338571190834045,0.7673171758651733,0.7215190529823303,0.187005877494812,0.6159529685974121,0.6503896117210388,-0.2477986365556717,0.7672039270401001,0.710692286491394,0.21032503247261047,0.623091459274292,0.6489666700363159,-0.24764609336853027,0.7765697836875916,0.7134405970573425,0.18932636082172394,0.6281254291534424,0.6550458073616028,-0.23087100684642792,0.772415280342102,0.7171949744224548,0.18039211630821228,0.6173747777938843,0.7398932576179504,-0.0897473469376564,0.6333245038986206,0.7349614500999451,0.08982213586568832,0.5672057867050171,0.6207247972488403,-0.06157257407903671,0.5825955867767334,0.6569187045097351,0.2312900722026825,0.5441469550132751,0.7656034827232361,0.10471850633621216,0.5616155862808228,0.7777618169784546,0.32525134086608887,0.558146595954895,0.7915068864822388,0.12576191127300262,0.5654917359352112,0.7965191602706909,0.33538520336151123,0.5246115326881409,0.795951783657074,0.17279821634292603,0.5441394448280334,0.7884194850921631,0.368278831243515
0451,./images/142/frame_00451.jpg,Fall,0.809278666973114,0.7672858238220215,-0.16838529706001282,0.814488410949707,0.7817797064781189,-0.18874716758728027,0.813643753528595,0.7829020023345947,-0.1887175738811493,0.8125377893447876,0.7838152647018433,-0.18877993524074554,0.8154538869857788,0.7825090885162354,-0.16417661309242249,0.8153203725814819,0.7849002480506897,-0.16427993774414062,0.8149935007095337,0.7866004109382629,-0.1644030064344406,0.7989095449447632,0.8077187538146973,-0.23560085892677307,0.806169331073761,0.8027755618095398,-0.1222800463438034,0.7984119653701782,0.7705991268157959,-0.18012940883636475,0.8001266717910767,0.7726480960845947,-0.14874599874019623,0.7396103739738464,0.7947742938995361,-0.2694398760795593,0.7659934163093567,0.7971278429031372,-0.02537338063120842,0.6603749394416809,0.7436758279800415,-0.2618773579597473,0.7402411699295044,0.7477514743804932,0.09927430003881454,0.6292866468429565,0.6659321188926697,-0.22380037605762482,0.7670038938522339,0.7237073183059692,0.18584111332893372,0.6209759712219238,0.6516752243041992,-0.23409505188465118,0.7663065195083618,0.7115378379821777,0.20950143039226532,0.6250868439674377,0.651306688785553,-0.23437635600566864,0.7744499444961548,0.7118793725967407,0.1906624734401703,0.6299580335617065,0.6575772762298584,-0.22160503268241882,0.7727890610694885,0.7193756103515625,0.18040791153907776,0.6171687245368958,0.7396725416183472,-0.08884783089160919,0.6336151361465454,0.7328501343727112,0.08892125636339188,0.5672242641448975,0.6233707070350647,-0.06787240505218506,0.5823630690574646,0.6565300226211548,0.21226663887500763,0.5443716645240784,0.7643119096755981,0.07569108158349991,0.5621899366378784,0.7777310013771057,0.2897970378398895,0.5582055449485779,0.7920063734054565,0.09332316368818283,0.5666007995605469,0.7965037822723389,0.2980962097644806,0.5245893597602844,0.7947019934654236,0.14009197056293488,0.5438976287841797,0.7824377417564392,0.332408607006073
0452,./images/142/frame_00452.jpg,Fall,0.810276210308075,0.7653918862342834,-0.220057412981987,0.814978301525116,0.7811667323112488,-0.23804016411304474,0.8140252232551575,0.7820962071418762,-0.23802120983600616,0.8125525712966919,0.7820143103599548,-0.23812036216259003,0.8164054751396179,0.7821421027183533,-0.21787771582603455,0.8164376020431519,0.7844630479812622,-0.21798701584339142,0.8163045048713684,0.7859936356544495,-0.21812136471271515,0.7986814975738525,0.8074135780334473,-0.2731286585330963,0.8075264096260071,0.8011837601661682,-0.18414542078971863,0.7997692823410034,0.7687094807624817,-0.22690506279468536,0.800072968006134,0.7698506712913513,-0.2016449272632599,0.7350650429725647,0.7901551127433777,-0.2801705300807953,0.7715865969657898,0.8005524277687073,-0.09850550442934036,0.6531815528869629,0.7409893274307251,-0.26849955320358276,0.7532113790512085,0.7507691979408264,0.037330180406570435,0.6207628846168518,0.6787191033363342,-0.2529138922691345,0.7823630571365356,0.7295231223106384,0.14681373536586761,0.6100857257843018,0.6735460162162781,-0.26695045828819275,0.7863017320632935,0.7240285277366638,0.1642349660396576,0.6173925995826721,0.6724095344543457,-0.27536311745643616,0.7911712527275085,0.7198405861854553,0.15024705231189728,0.6231845021247864,0.6758819818496704,-0.25540870428085327,0.7850068807601929,0.7234936952590942,0.14370431005954742,0.6180976629257202,0.7378988265991211,-0.07211500406265259,0.6388941407203674,0.7428086400032043,0.07209285348653793,0.5695191025733948,0.6322408318519592,0.026430681347846985,0.5848716497421265,0.6797982454299927,0.2273213118314743,0.5445374250411987,0.7619534730911255,0.18692751228809357,0.5683038830757141,0.7775282859802246,0.35210204124450684,0.5561305284500122,0.7954294085502625,0.20740850269794464,0.5689570903778076,0.7964109778404236,0.3676367998123169,0.5307436585426331,0.7774423956871033,0.22981099784374237,0.550744891166687,0.7629466652870178,0.3855893015861511
0453,./images/142/frame_00453.jpg,Fall,0.8101838827133179,0.7655760049819946,-0.18930897116661072,0.8149825930595398,0.7812188267707825,-0.20497651398181915,0.8140729069709778,0.7822656631469727,-0.20501923561096191,0.8127816319465637,0.7823535203933716,-0.20512279868125916,0.8163698315620422,0.7820330858230591,-0.18599729239940643,0.8164135217666626,0.784293532371521,-0.186060830950737,0.8162910342216492,0.7857705950737,-0.1862180531024933,0.801125168800354,0.8066964745521545,-0.24141593277454376,0.8075718879699707,0.8014224767684937,-0.1637028604745865,0.7993670105934143,0.7706949710845947,-0.196975976228714,0.8000685572624207,0.7717000246047974,-0.17414765059947968,0.7368203401565552,0.7908905744552612,-0.2653319835662842,0.7707692384719849,0.8015807867050171,-0.06604741513729095,0.6542531847953796,0.7419564723968506,-0.26145273447036743,0.7439329028129578,0.7500582933425903,0.072076216340065,0.6234288811683655,0.6787280440330505,-0.24539223313331604,0.7698047757148743,0.7291727066040039,0.16170352697372437,0.6137412786483765,0.6719657182693481,-0.2606870234012604,0.7693452835083008,0.721592366695404,0.1788787692785263,0.6204956769943237,0.6705836057662964,-0.26470673084259033,0.7766377925872803,0.7169352769851685,0.161519855260849,0.6258469820022583,0.6745676398277283,-0.2457772046327591,0.7716747522354126,0.7143926024436951,0.15681569278240204,0.6178550720214844,0.735026478767395,-0.07585244625806808,0.6387667655944824,0.7423186302185059,0.07589121162891388,0.5696772933006287,0.6319572329521179,0.010763132944703102,0.5844951868057251,0.6779183745384216,0.24835924804210663,0.5448495149612427,0.7596399784088135,0.18433979153633118,0.5674921274185181,0.7716704607009888,0.3752514719963074,0.5540226101875305,0.7942430377006531,0.2067742794752121,0.5652364492416382,0.7911046147346497,0.39061564207077026,0.531220018863678,0.7678097486495972,0.23889906704425812,0.5501298308372498,0.7628784775733948,0.4102048873901367
0454,./images/142/frame_00454.jpg,Fall,0.80943763256073,0.7656633257865906,-0.16728706657886505,0.8148214221000671,0.7807435989379883,-0.18377535045146942,0.814017117023468,0.7819715738296509,-0.18379488587379456,0.8127962350845337,0.7823278903961182,-0.18388493359088898,0.816002368927002,0.7810773253440857,-0.1640280783176422,0.8160640001296997,0.7831099629402161,-0.16410300135612488,0.8159577250480652,0.784375786781311,-0.16423942148685455,0.799353301525116,0.8068670630455017,-0.22094658017158508,0.8075534701347351,0.8012598752975464,-0.13880473375320435,0.7984098196029663,0.7722796201705933,-0.17539675533771515,0.7993354201316833,0.7725992798805237,-0.15101775527000427,0.7384387254714966,0.7911377549171448,-0.2501301169395447,0.769572377204895,0.8017534613609314,-0.05889172479510307,0.6543285846710205,0.7377870082855225,-0.24724209308624268,0.743349552154541,0.7558549642562866,0.08042560517787933,0.6260520219802856,0.6717813014984131,-0.22283677756786346,0.7688735723495483,0.7282126545906067,0.16526351869106293,0.6156193017959595,0.6617674827575684,-0.2354978621006012,0.7712393999099731,0.7233331203460693,0.1814931333065033,0.6240647435188293,0.6618109941482544,-0.23922725021839142,0.7784842848777771,0.7174074649810791,0.16509196162223816,0.6289322972297668,0.667305052280426,-0.22297799587249756,0.7733067870140076,0.7145317792892456,0.1605069488286972,0.6178144812583923,0.7339118719100952,-0.07702145725488663,0.635812520980835,0.7465507388114929,0.07704253494739532,0.5690228939056396,0.6317644715309143,0.008516114205121994,0.5842312574386597,0.6777971386909485,0.2398190200328827,0.5474344491958618,0.7546912431716919,0.17208580672740936,0.5669914484024048,0.7715010046958923,0.3547431230545044,0.5525104999542236,0.7909699082374573,0.19343896210193634,0.5648084878921509,0.7911525964736938,0.36891478300094604,0.5311712622642517,0.7680059671401978,0.22837814688682556,0.5505850911140442,0.7671370506286621,0.39263373613357544
0455,./images/142/frame_00455.jpg,Fall,0.8091952204704285,0.7621707320213318,-0.17508050799369812,0.814657986164093,0.7770279049873352,-0.19189661741256714,0.8138904571533203,0.7788668274879456,-0.19191016256809235,0.812740683555603,0.7799899578094482,-0.19199663400650024,0.8159126043319702,0.7762718200683594,-0.17184776067733765,0.8160340189933777,0.7781883478164673,-0.17193350195884705,0.815954327583313,0.7794631719589233,-0.17206302285194397,0.7979931831359863,0.8069508671760559,-0.2218201458454132,0.8077014088630676,0.7985118627548218,-0.13784699141979218,0.7980024218559265,0.7710878252983093,-0.18157248198986053,0.7993148565292358,0.769182562828064,-0.15665026009082794,0.7380544543266296,0.7909122705459595,-0.2557295262813568,0.7691146731376648,0.8007500767707825,-0.04813949018716812,0.6566106081008911,0.7298821210861206,-0.2487870752811432,0.7373195290565491,0.7554619908332825,0.07541611790657043,0.6345957517623901,0.656682550907135,-0.20729032158851624,0.7573516368865967,0.726026177406311,0.14633992314338684,0.6283031105995178,0.6412307024002075,-0.21836455166339874,0.7626928091049194,0.7222951054573059,0.16328440606594086,0.6378158926963806,0.6445026397705078,-0.21782517433166504,0.7697145342826843,0.7156311273574829,0.14517509937286377,0.6411777138710022,0.6519181728363037,-0.20494595170021057,0.7649749517440796,0.7123148441314697,0.14106285572052002,0.617183268070221,0.7330335974693298,-0.07833851873874664,0.6354930400848389,0.7468942999839783,0.07837054133415222,0.5635799169540405,0.6295548677444458,-0.014998053200542927,0.5855544805526733,0.675632655620575,0.23739051818847656,0.5495420694351196,0.7618356347084045,0.15913639962673187,0.5671582221984863,0.7716605067253113,0.3459421992301941,0.5547434687614441,0.796055257320404,0.18169265985488892,0.5653451085090637,0.7911748290061951,0.35927101969718933,0.530907928943634,0.7727943658828735,0.21183106303215027,0.5523210763931274,0.770405650138855,0.38174256682395935
0456,./images/142/frame_00456.jpg,Fall,0.8092743754386902,0.7581431269645691,-0.1972038298845291,0.8146566152572632,0.7745363712310791,-0.21502439677715302,0.8138564825057983,0.776853084564209,-0.2150162160396576,0.8126745223999023,0.778529167175293,-0.21510262787342072,0.8160446286201477,0.7717521786689758,-0.19401311874389648,0.816260039806366,0.7734654545783997,-0.19411732256412506,0.8163082003593445,0.774410605430603,-0.1942455768585205,0.7993900179862976,0.8020395636558533,-0.24744991958141327,0.8080947995185852,0.7956490516662598,-0.15577860176563263,0.7980142831802368,0.7668043971061707,-0.20364069938659668,0.7997977137565613,0.7635391354560852,-0.17728325724601746,0.7373076677322388,0.789607048034668,-0.2583850920200348,0.771577000617981,0.8021981120109558,-0.06909970939159393,0.6561548113822937,0.7301087975502014,-0.2465708702802658,0.748133659362793,0.7557439804077148,0.0557321198284626,0.6454522013664246,0.6653419733047485,-0.2083406150341034,0.7646187543869019,0.7261189818382263,0.13517117500305176,0.642232358455658,0.6504626870155334,-0.2196042239665985,0.7720004320144653,0.7224223613739014,0.1498185694217682,0.6516574621200562,0.6581543684005737,-0.21995854377746582,0.7773539423942566,0.7185298204421997,0.13230742514133453,0.6541429758071899,0.6646329164505005,-0.20654889941215515,0.7724833488464355,0.7155539393424988,0.1303398311138153,0.6176113486289978,0.7314938306808472,-0.076048344373703,0.6381078362464905,0.7463824152946472,0.07607327401638031,0.5635979175567627,0.6287391185760498,-0.0032222322188317776,0.5878595113754272,0.676668107509613,0.2356462925672531,0.5521658658981323,0.766694962978363,0.1522601693868637,0.5700666308403015,0.7704800963401794,0.3411715626716614,0.5565317869186401,0.8004375100135803,0.17339596152305603,0.5716210007667542,0.7851600646972656,0.3543837368488312,0.5306617617607117,0.7746742367744446,0.210407093167305,0.5547128915786743,0.7662674784660339,0.3799578547477722
0457,./images/142/frame_00457.jpg,Fall,0.8088036775588989,0.7591440677642822,-0.2005721628665924,0.8144084811210632,0.7747429609298706,-0.21762597560882568,0.8136126399040222,0.7771004438400269,-0.21762247383594513,0.8124826550483704,0.7787383198738098,-0.21770234405994415,0.8158372640609741,0.7720320820808411,-0.1968977004289627,0.8160799741744995,0.7740012407302856,-0.19700473546981812,0.8161579370498657,0.7751870155334473,-0.19713374972343445,0.797107458114624,0.8033915758132935,-0.24781878292560577,0.8080856204032898,0.7961314916610718,-0.15636476874351501,0.7972599267959595,0.7686923742294312,-0.20565693080425262,0.7995889782905579,0.7644263505935669,-0.17963649332523346,0.7371245622634888,0.7898820042610168,-0.259011447429657,0.7717300653457642,0.7985199093818665,-0.06468197703361511,0.6562420129776001,0.732616662979126,-0.24689407646656036,0.747469425201416,0.7526038289070129,0.06804085522890091,0.6528300046920776,0.6607211828231812,-0.21163146197795868,0.7629498243331909,0.7165073156356812,0.15202639997005463,0.6503293514251709,0.6426976323127747,-0.22356362640857697,0.7699519395828247,0.7123832106590271,0.15869258344173431,0.6604008078575134,0.6496988534927368,-0.22383840382099152,0.7754549384117126,0.7093239426612854,0.15001598000526428,0.6609760522842407,0.6533180475234985,-0.20986075699329376,0.7707743644714355,0.707204282283783,0.15017884969711304,0.6190629601478577,0.7320306301116943,-0.07421928644180298,0.6392691731452942,0.735809326171875,0.0742005854845047,0.5691615343093872,0.629770040512085,0.047172483056783676,0.5895126461982727,0.6775407791137695,0.24701373279094696,0.554481565952301,0.7577584385871887,0.21958446502685547,0.5718981027603149,0.7606629133224487,0.3871840536594391,0.5608958601951599,0.781964123249054,0.2419414520263672,0.5764786005020142,0.772114634513855,0.4041367471218109,0.5369542241096497,0.7600581049919128,0.26663899421691895,0.559715986251831,0.751167893409729,0.42300206422805786
0458,./images/142/frame_00458.jpg,Fall,0.808430016040802,0.7618554830551147,-0.16673702001571655,0.8143613934516907,0.775769054889679,-0.1848829686641693,0.8136088252067566,0.7780568599700928,-0.18491052091121674,0.8124973177909851,0.7796693444252014,-0.18499258160591125,0.8156598210334778,0.7730185389518738,-0.1636873185634613,0.8159101605415344,0.7746464014053345,-0.16377998888492584,0.8160054087638855,0.7754815816879272,-0.16391587257385254,0.7971118688583374,0.8039679527282715,-0.22380204498767853,0.8081055879592896,0.7962315082550049,-0.1303258091211319,0.7968369722366333,0.7724934816360474,-0.17553570866584778,0.7991076707839966,0.7693103551864624,-0.1487901657819748,0.7394653558731079,0.7900499701499939,-0.24804410338401794,0.7710102200508118,0.7984616756439209,-0.0476890504360199,0.6566145420074463,0.7350493669509888,-0.23688283562660217,0.732997715473175,0.7529398798942566,0.07632213830947876,0.652132511138916,0.662090539932251,-0.19601581990718842,0.74897700548172,0.7149684429168701,0.1567380130290985,0.6489219665527344,0.6443914771080017,-0.20676572620868683,0.7548649311065674,0.7107314467430115,0.166408970952034,0.6586531400680542,0.650130569934845,-0.20537486672401428,0.7624127864837646,0.7056005597114563,0.1523166298866272,0.6606752276420593,0.6547167897224426,-0.19357629120349884,0.7585418820381165,0.7039672136306763,0.15523304045200348,0.6188715696334839,0.7313385605812073,-0.07499539852142334,0.6363791823387146,0.7373785972595215,0.0749787986278534,0.5728358030319214,0.630596399307251,0.06692343950271606,0.5909543037414551,0.6763399243354797,0.264303982257843,0.5575321912765503,0.7519375085830688,0.2526931166648865,0.5743094086647034,0.7534006834030151,0.4222084879875183,0.5612770915031433,0.7713972330093384,0.27604085206985474,0.5791265368461609,0.7675766944885254,0.44089412689208984,0.5419238209724426,0.7491242289543152,0.29837414622306824,0.5629860162734985,0.7386268377304077,0.46068182587623596
0459,./images/142/frame_00459.jpg,Fall,0.8089261054992676,0.7615352272987366,-0.2265709936618805,0.8146457672119141,0.7761059999465942,-0.2431490421295166,0.8138421177864075,0.77830970287323,-0.24316874146461487,0.8126908540725708,0.7797946333885193,-0.24326655268669128,0.8160233497619629,0.7737166285514832,-0.22281000018119812,0.8164103627204895,0.7754243612289429,-0.22290825843811035,0.8166173100471497,0.7757762670516968,-0.22304871678352356,0.7994309663772583,0.8042293190956116,-0.2662811577320099,0.8086320161819458,0.7957334518432617,-0.17699529230594635,0.7970902919769287,0.7712810039520264,-0.22839674353599548,0.7998000383377075,0.7680378556251526,-0.20288929343223572,0.7393843531608582,0.7913902997970581,-0.27061647176742554,0.7721201181411743,0.7984411716461182,-0.0793963223695755,0.6544883251190186,0.7404511570930481,-0.26063114404678345,0.734572172164917,0.7514693140983582,0.06849448382854462,0.6378320455551147,0.6630927324295044,-0.23378702998161316,0.7516754269599915,0.7138424515724182,0.1596912145614624,0.6308376789093018,0.6460468173027039,-0.24920682609081268,0.7568501830101013,0.7099505662918091,0.1729268878698349,0.6407610177993774,0.650306224822998,-0.2511520981788635,0.7638775110244751,0.7045033574104309,0.15753725171089172,0.6450256109237671,0.6555047035217285,-0.23333248496055603,0.759913980960846,0.7030845880508423,0.15686646103858948,0.618868350982666,0.731499969959259,-0.07211997359991074,0.6367384791374207,0.7372446060180664,0.07206811755895615,0.5745324492454529,0.6330533623695374,0.09547607600688934,0.5913301706314087,0.6792137622833252,0.264983594417572,0.5586301684379578,0.7527646422386169,0.2956005334854126,0.5735203623771667,0.7554391026496887,0.4444305896759033,0.5603178143501282,0.7760955691337585,0.31916603446006775,0.5768547058105469,0.771374523639679,0.4651849865913391,0.5464015007019043,0.7483863830566406,0.3251951038837433,0.5628926157951355,0.7366997003555298,0.47444915771484375
0460,./images/142/frame_00460.jpg,Fall,0.8088655471801758,0.7611204385757446,-0.2179621160030365,0.8141508102416992,0.7758457660675049,-0.23448669910430908,0.8132175207138062,0.7781699895858765,-0.23448923230171204,0.8119968175888062,0.7797849774360657,-0.23457512259483337,0.8158252835273743,0.7732449769973755,-0.21460779011249542,0.8162602186203003,0.7746931314468384,-0.21471135318279266,0.8165260553359985,0.7750611901283264,-0.2148418426513672,0.7996285557746887,0.8041500449180603,-0.26104074716567993,0.8086980581283569,0.7932181358337402,-0.17339858412742615,0.7968326807022095,0.7712482810020447,-0.22142693400382996,0.7998026609420776,0.7671195268630981,-0.19640220701694489,0.7374981045722961,0.7940101623535156,-0.26820093393325806,0.7717650532722473,0.7981231808662415,-0.08226504921913147,0.6521254777908325,0.7457118630409241,-0.25105661153793335,0.73531174659729,0.7513766884803772,0.06258725374937057,0.6187698245048523,0.6779539585113525,-0.23111049830913544,0.7491987943649292,0.7145722508430481,0.15977182984352112,0.6073830127716064,0.668498158454895,-0.24547827243804932,0.7534984350204468,0.7119128704071045,0.1739698052406311,0.6152547001838684,0.6652806401252747,-0.25015029311180115,0.7601314783096313,0.7054435610771179,0.15957430005073547,0.62132728099823,0.6688466668128967,-0.23167577385902405,0.7562414407730103,0.7031816840171814,0.15798357129096985,0.6185455322265625,0.7316510677337646,-0.06733812391757965,0.6377108097076416,0.7373799681663513,0.06732593476772308,0.5739801526069641,0.6357483863830566,0.05401535704731941,0.5915655493736267,0.6843633055686951,0.2438735067844391,0.5602282881736755,0.7614096999168396,0.23190422356128693,0.5763954520225525,0.7567887902259827,0.43222612142562866,0.5620765686035156,0.7888291478157043,0.253955602645874,0.5768312811851501,0.7737237811088562,0.45660191774368286,0.5455833673477173,0.7526842951774597,0.2771138846874237,0.5663069486618042,0.7421740889549255,0.4519411027431488
0461,./images/142/frame_00461.jpg,Fall,0.8089108467102051,0.760925829410553,-0.20539629459381104,0.8141484260559082,0.7753074765205383,-0.22165581583976746,0.8132140040397644,0.7774593830108643,-0.22166982293128967,0.8120044469833374,0.7789793014526367,-0.2217574566602707,0.815820574760437,0.7732235193252563,-0.20117726922035217,0.8162426948547363,0.7747405171394348,-0.20128145813941956,0.8164981603622437,0.7752896547317505,-0.20143792033195496,0.797997236251831,0.8049758076667786,-0.25208374857902527,0.8086773753166199,0.7928842902183533,-0.1607522815465927,0.7968252897262573,0.7708868384361267,-0.2108466923236847,0.7998058795928955,0.7667931318283081,-0.18488213419914246,0.7373663187026978,0.7939886450767517,-0.26300156116485596,0.7695780992507935,0.7989482283592224,-0.07868500053882599,0.6525037884712219,0.7452363967895508,-0.24877290427684784,0.7300771474838257,0.7514652013778687,0.06565184891223907,0.6240131855010986,0.6774304509162903,-0.22891207039356232,0.7401026487350464,0.7147753238677979,0.1501542627811432,0.6147997379302979,0.6666011214256287,-0.24365559220314026,0.7430846691131592,0.711963415145874,0.16630128026008606,0.6227811574935913,0.6642995476722717,-0.24532267451286316,0.7498024106025696,0.7057631015777588,0.14818373322486877,0.6277474164962769,0.6682734489440918,-0.22897449135780334,0.7466517090797424,0.7040318250656128,0.1454908847808838,0.6175698637962341,0.730450451374054,-0.06780655682086945,0.6374453902244568,0.7374056577682495,0.06776772439479828,0.5738330483436584,0.6356267929077148,0.029954174533486366,0.5912951231002808,0.6843835711479187,0.24367490410804749,0.5602303743362427,0.7666945457458496,0.1976378858089447,0.5758673548698425,0.7607478499412537,0.38288798928260803,0.5642085075378418,0.7964574098587036,0.21935272216796875,0.5761058330535889,0.7781155109405518,0.3997800946235657,0.5443950295448303,0.764818549156189,0.25164127349853516,0.5656018853187561,0.7503738403320312,0.41526541113853455
0462,./images/142/frame_00462.jpg,Fall,0.8083389401435852,0.7606521844863892,-0.17357127368450165,0.8135913610458374,0.7740087509155273,-0.1935395896434784,0.8127156496047974,0.7757234573364258,-0.1935262829065323,0.811729907989502,0.7770456671714783,-0.19358384609222412,0.814975380897522,0.7727739214897156,-0.1697511374950409,0.8153620958328247,0.7745011448860168,-0.1698579341173172,0.8156381845474243,0.7753337621688843,-0.1699863076210022,0.8004748225212097,0.8003852963447571,-0.2384360134601593,0.8085678219795227,0.7928264141082764,-0.13204102218151093,0.7966458201408386,0.770568311214447,-0.18478354811668396,0.7995318174362183,0.7668442726135254,-0.15435630083084106,0.7392343878746033,0.7963945269584656,-0.2614668011665344,0.7690563797950745,0.7974568009376526,-0.04247025400400162,0.6551210880279541,0.7492900490760803,-0.24874456226825714,0.7287495732307434,0.7516730427742004,0.0891001895070076,0.632473349571228,0.6774189472198486,-0.2064361572265625,0.7406980991363525,0.7148915529251099,0.17499157786369324,0.624700129032135,0.6653087139129639,-0.21426618099212646,0.7440672516822815,0.7120331525802612,0.19621428847312927,0.6319853067398071,0.6637066006660461,-0.21160225570201874,0.7506267428398132,0.7058461308479309,0.17771922051906586,0.6360928416252136,0.6684849858283997,-0.2029668539762497,0.7475084662437439,0.7042885422706604,0.17016203701496124,0.6166187524795532,0.7305998206138611,-0.07812778651714325,0.6362525820732117,0.7373083233833313,0.07815837860107422,0.5732463598251343,0.6348569393157959,-0.030372267588973045,0.5901456475257874,0.6615602970123291,0.2335018366575241,0.554803192615509,0.7679324746131897,0.1145833358168602,0.5686965584754944,0.7655209302902222,0.3237473666667938,0.5596121549606323,0.7986895442008972,0.1340661346912384,0.5748515725135803,0.7787039875984192,0.33495742082595825,0.5353487730026245,0.7686789035797119,0.1704476773738861,0.552227258682251,0.7612730860710144,0.36015796661376953
0463,./images/142/frame_00463.jpg,Fall,0.8083120584487915,0.760300874710083,-0.17618468403816223,0.813581109046936,0.773059606552124,-0.19583743810653687,0.8127260208129883,0.7746808528900146,-0.19582824409008026,0.8117532730102539,0.7758728861808777,-0.19589410722255707,0.8148848414421082,0.7724462747573853,-0.1727038323879242,0.8152257204055786,0.7743520736694336,-0.17280299961566925,0.8154565095901489,0.7753950953483582,-0.172926664352417,0.7998729944229126,0.8008151650428772,-0.23899023234844208,0.8084249496459961,0.7926996946334839,-0.1351534128189087,0.7966119050979614,0.7703920006752014,-0.18648365139961243,0.7993772625923157,0.7669013738632202,-0.15692457556724548,0.7395838499069214,0.7974351048469543,-0.2616933584213257,0.7690070867538452,0.7966806292533875,-0.044582799077034,0.6555207371711731,0.7565068006515503,-0.251211017370224,0.7286547422409058,0.7520164251327515,0.08634518831968307,0.6281279921531677,0.6894593834877014,-0.21521103382110596,0.7396434545516968,0.7156597375869751,0.17307746410369873,0.6179292798042297,0.6792276501655579,-0.22185365855693817,0.7423027753829956,0.7129359841346741,0.1933896392583847,0.6248923540115356,0.6757121682167053,-0.21698661148548126,0.7492101788520813,0.7062273621559143,0.17507776618003845,0.6303078532218933,0.6801016926765442,-0.2115982472896576,0.7464602589607239,0.7043789625167847,0.16831043362617493,0.6164917945861816,0.7306733727455139,-0.08039586246013641,0.6362195014953613,0.7372520565986633,0.08042572438716888,0.572843074798584,0.6350672245025635,-0.02142435684800148,0.5869792699813843,0.6679874658584595,0.23432156443595886,0.551984429359436,0.767894983291626,0.12992289662361145,0.5683778524398804,0.7671141624450684,0.33638739585876465,0.5561558604240417,0.8015754818916321,0.14980407059192657,0.5712534785270691,0.7833042740821838,0.34917691349983215,0.5324873328208923,0.7693498134613037,0.18008042871952057,0.552951991558075,0.7661244869232178,0.37189871072769165
0464,./images/142/frame_00464.jpg,Fall,0.8084591031074524,0.7599620223045349,-0.14965230226516724,0.813831627368927,0.7722101211547852,-0.16932794451713562,0.81312096118927,0.7736074924468994,-0.16934475302696228,0.8123100996017456,0.7745144963264465,-0.16943106055259705,0.814926028251648,0.7722479701042175,-0.146126389503479,0.8152292966842651,0.7743173241615295,-0.1462065577507019,0.8154423832893372,0.7755058407783508,-0.14633263647556305,0.7998631596565247,0.8010725378990173,-0.21954703330993652,0.8082060813903809,0.7927131652832031,-0.11556196212768555,0.7969915270805359,0.7699633240699768,-0.1633579581975937,0.7993777990341187,0.7669252157211304,-0.13368162512779236,0.7396522164344788,0.7963935136795044,-0.2517654597759247,0.7665343284606934,0.7966910600662231,-0.035739410668611526,0.6556081175804138,0.7434493899345398,-0.24007122218608856,0.7192606329917908,0.7520093321800232,0.07817679643630981,0.6368944048881531,0.675327718257904,-0.19145077466964722,0.7254865765571594,0.7151222229003906,0.1428527683019638,0.630809485912323,0.6628255844116211,-0.20175960659980774,0.7270909547805786,0.7122368812561035,0.1583448052406311,0.6386523842811584,0.6645209789276123,-0.19703282415866852,0.7348567843437195,0.7053016424179077,0.14025504887104034,0.6423079967498779,0.6703442335128784,-0.1877816915512085,0.7331056594848633,0.7036172151565552,0.1370035707950592,0.6162733435630798,0.7299264073371887,-0.08018200844526291,0.634204089641571,0.7374643683433533,0.0802077203989029,0.5724266171455383,0.6364797949790955,0.010162639431655407,0.5869759917259216,0.6572619080543518,0.25013524293899536,0.5512304902076721,0.7644498348236084,0.17527839541435242,0.5671234726905823,0.7669427394866943,0.3750467896461487,0.5514532923698425,0.7943674921989441,0.1964024305343628,0.5671430826187134,0.7833505272865295,0.3906595706939697,0.5323171615600586,0.7657677531242371,0.2160373032093048,0.5532103776931763,0.7631980180740356,0.409738153219223
0465,./images/142/frame_00465.jpg,Fall,0.8092738389968872,0.7562245726585388,-0.1856052428483963,0.8143892288208008,0.7689436078071594,-0.2043132483959198,0.8136922717094421,0.7706135511398315,-0.20433680713176727,0.8128460645675659,0.77268385887146,-0.20443913340568542,0.8155211210250854,0.7689918279647827,-0.18279768526554108,0.8157819509506226,0.7713886499404907,-0.18288448452949524,0.8159435391426086,0.7728540301322937,-0.18302768468856812,0.7998773455619812,0.8004316687583923,-0.24624228477478027,0.8087175488471985,0.792254626750946,-0.1502545028924942,0.7979207038879395,0.7648763060569763,-0.19546903669834137,0.800159752368927,0.7638773322105408,-0.16805656254291534,0.7395971417427063,0.7973647117614746,-0.2619427740573883,0.769731342792511,0.8004075884819031,-0.07314145565032959,0.6556398868560791,0.7458046078681946,-0.2580054700374603,0.7221620082855225,0.7523384690284729,0.055693369358778,0.6362991333007812,0.675771176815033,-0.2345762550830841,0.7307465076446533,0.7147196531295776,0.13676387071609497,0.6302019357681274,0.663360059261322,-0.25123775005340576,0.7332806587219238,0.7111280560493469,0.14874747395515442,0.6385496854782104,0.6648296117782593,-0.2512999176979065,0.7399643659591675,0.7041701674461365,0.13282157480716705,0.6421777009963989,0.6707006096839905,-0.23424462974071503,0.7374396920204163,0.7030035257339478,0.13177908957004547,0.6184974908828735,0.7300102114677429,-0.07422555983066559,0.637414813041687,0.7374929785728455,0.07414568960666656,0.5730835795402527,0.6398310661315918,0.10274301469326019,0.5891057848930359,0.6720065474510193,0.2637525498867035,0.5511982440948486,0.7611517310142517,0.289359986782074,0.5694729685783386,0.760100781917572,0.45262402296066284,0.5504266619682312,0.7910990118980408,0.3110734224319458,0.5673182010650635,0.7790268659591675,0.4740734100341797,0.5392062067985535,0.7481955885887146,0.3046731650829315,0.5587265491485596,0.7370119690895081,0.4775448739528656
0466,./images/142/frame_00466.jpg,Fall,0.8106220960617065,0.7490953803062439,-0.16891196370124817,0.8152309656143188,0.7635487914085388,-0.1884138584136963,0.8145618438720703,0.7655741572380066,-0.18842776119709015,0.8137636184692383,0.767329216003418,-0.1885303556919098,0.816455066204071,0.7640236020088196,-0.16609153151512146,0.8167390823364258,0.7670726180076599,-0.1661744862794876,0.8169023394584656,0.7693014144897461,-0.1663133203983307,0.8038825988769531,0.7931482195854187,-0.23779384791851044,0.8097840547561646,0.7901232242584229,-0.1392391473054886,0.7997279763221741,0.7572459578514099,-0.18200987577438354,0.8017357587814331,0.7576011419296265,-0.1537455916404724,0.7395867705345154,0.7969366908073425,-0.25363510847091675,0.7719786763191223,0.8078497052192688,-0.06621943414211273,0.6556357741355896,0.7392931580543518,-0.24399884045124054,0.7418747544288635,0.7585306167602539,0.060784608125686646,0.6459599137306213,0.6632295250892639,-0.20028860867023468,0.7599295377731323,0.7284829020500183,0.14458981156349182,0.6423742175102234,0.6466025710105896,-0.2115616500377655,0.7659868001937866,0.7271815538406372,0.15945667028427124,0.6520585417747498,0.6513124108314514,-0.21072790026664734,0.7720125913619995,0.7225568294525146,0.1423150599002838,0.6548317074775696,0.6592448949813843,-0.1982690393924713,0.7680121660232544,0.7197192907333374,0.1392022669315338,0.6189233064651489,0.7301009893417358,-0.07089405506849289,0.6386663317680359,0.7384248375892639,0.07083648443222046,0.5727947950363159,0.6375795006752014,0.06463627517223358,0.5901540517807007,0.6726901531219482,0.2585718035697937,0.553004264831543,0.7590191960334778,0.23635384440422058,0.574863612651825,0.7597933411598206,0.4083583354949951,0.5525756478309631,0.7911818623542786,0.25793057680130005,0.5728656053543091,0.7788968682289124,0.4250604510307312,0.5394446849822998,0.7518476843833923,0.27670302987098694,0.5651068687438965,0.742003321647644,0.43954557180404663
0467,./images/142/frame_00467.jpg,Fall,0.8117471933364868,0.7488405704498291,-0.16221342980861664,0.8162720799446106,0.7630941867828369,-0.1826740801334381,0.815692126750946,0.7649366855621338,-0.18267586827278137,0.8150001764297485,0.7662773132324219,-0.18276003003120422,0.8172067403793335,0.7638182640075684,-0.1594220995903015,0.8173450231552124,0.7668426632881165,-0.1595170795917511,0.8173761367797852,0.7690393924713135,-0.1596616506576538,0.8058933019638062,0.7906732559204102,-0.23485490679740906,0.8100110292434692,0.7900798320770264,-0.13138088583946228,0.8009294271469116,0.7567400336265564,-0.17637740075588226,0.8023139238357544,0.7577671408653259,-0.1467553675174713,0.7399657368659973,0.7961429357528687,-0.2544682025909424,0.7717467546463013,0.799493134021759,-0.05389998480677605,0.6556583046913147,0.7379969358444214,-0.2449178248643875,0.7394829392433167,0.7565641403198242,0.06932857632637024,0.6454404592514038,0.6622724533081055,-0.20469720661640167,0.7586041688919067,0.7241576910018921,0.1575411856174469,0.6408427953720093,0.6461490392684937,-0.21607771515846252,0.7629324197769165,0.7229301333427429,0.17643426358699799,0.6500061750411987,0.6498550176620483,-0.2148250788450241,0.7689950466156006,0.7175098657608032,0.1592700034379959,0.6531648635864258,0.6576095223426819,-0.20261888206005096,0.7655062079429626,0.7148045897483826,0.15269990265369415,0.6185793280601501,0.7293364405632019,-0.07472135126590729,0.6386361718177795,0.7384414076805115,0.07472347468137741,0.5726690292358398,0.6302160620689392,0.01841067150235176,0.5900337100028992,0.6714047193527222,0.25461170077323914,0.5549145936965942,0.7591889500617981,0.18447035551071167,0.5750457048416138,0.7596558332443237,0.37529456615448,0.5585269331932068,0.7912401556968689,0.20659656822681427,0.5768156051635742,0.77556973695755,0.3895353078842163,0.5399267673492432,0.753883957862854,0.2468685805797577,0.5647662281990051,0.7440153956413269,0.4156769812107086
0468,./images/142/frame_00468.jpg,Fall,0.8136444091796875,0.7457863688468933,-0.16802279651165009,0.8180109262466431,0.7609883546829224,-0.18909257650375366,0.8172978162765503,0.7627698183059692,-0.18909785151481628,0.8164669275283813,0.7639774084091187,-0.18919487297534943,0.8190571665763855,0.7619984149932861,-0.1624368578195572,0.8190951347351074,0.7651485800743103,-0.16255338490009308,0.8190064430236816,0.767555296421051,-0.16269603371620178,0.8073025941848755,0.7863149046897888,-0.24125853180885315,0.8111669421195984,0.7880153059959412,-0.1327386349439621,0.8026739954948425,0.7518222332000732,-0.1833955943584442,0.8040293455123901,0.7533215880393982,-0.1502312421798706,0.739810049533844,0.7940215468406677,-0.2616930603981018,0.7720733880996704,0.8008744716644287,-0.053064100444316864,0.6521021723747253,0.7314784526824951,-0.245066836476326,0.7321301698684692,0.7518927454948425,0.061071205884218216,0.6606202721595764,0.6429868340492249,-0.18271444737911224,0.7424575090408325,0.7080681920051575,0.12650111317634583,0.6630826592445374,0.6197661757469177,-0.19203057885169983,0.7466052770614624,0.7017064094543457,0.14162394404411316,0.6759198904037476,0.6289796233177185,-0.18295179307460785,0.7530835866928101,0.6978129148483276,0.12316542863845825,0.6742401123046875,0.6384063363075256,-0.17650090157985687,0.7497323751449585,0.6976357102394104,0.12054737657308578,0.6185239553451538,0.728968620300293,-0.07586313784122467,0.6393693089485168,0.7384015321731567,0.0758839026093483,0.5724633932113647,0.6269059181213379,0.008591603487730026,0.5910770893096924,0.6699486970901489,0.2536868453025818,0.5565041303634644,0.7580271363258362,0.17935366928577423,0.5747025012969971,0.7575531601905823,0.3704643249511719,0.561969518661499,0.7901673913002014,0.20232979953289032,0.5757466554641724,0.7751269936561584,0.3846610486507416,0.5395236015319824,0.7555146813392639,0.2460741549730301,0.5640777945518494,0.743731677532196,0.4137135148048401
0469,./images/142/frame_00469.jpg,Fall,0.813597559928894,0.7450569868087769,-0.15670086443424225,0.818151593208313,0.7591344118118286,-0.17748108506202698,0.8175193071365356,0.7606988549232483,-0.1774812936782837,0.8167791366577148,0.7616617679595947,-0.17757292091846466,0.8191174268722534,0.7607937455177307,-0.15358833968639374,0.8191583752632141,0.7641552686691284,-0.15368834137916565,0.8190598487854004,0.7667652368545532,-0.15380890667438507,0.8083802461624146,0.7827184796333313,-0.23253194987773895,0.8113192319869995,0.7867285013198853,-0.1272832155227661,0.8027731776237488,0.7516136169433594,-0.1720835268497467,0.8040090799331665,0.753902018070221,-0.14169196784496307,0.7407788038253784,0.7922748327255249,-0.2554457485675812,0.7717486023902893,0.8006545305252075,-0.05307110399007797,0.6543200016021729,0.724026083946228,-0.24376055598258972,0.7465965747833252,0.7533668279647827,0.06156182289123535,0.670028567314148,0.6417036056518555,-0.1865053027868271,0.7728337049484253,0.7118492722511292,0.13389962911605835,0.6728204488754272,0.6195529699325562,-0.19567057490348816,0.7820309996604919,0.7087429165840149,0.15260522067546844,0.6805711388587952,0.6290663480758667,-0.18983644247055054,0.7869712710380554,0.7040611505508423,0.1292727142572403,0.6800863146781921,0.6342068314552307,-0.18181821703910828,0.7819209694862366,0.7019166946411133,0.1258552372455597,0.6186203956604004,0.7225044965744019,-0.07581977546215057,0.6377379894256592,0.7384157180786133,0.07582879066467285,0.5728157758712769,0.6269187331199646,0.05182177573442459,0.5904036164283752,0.6702330112457275,0.2600635588169098,0.5564306974411011,0.7460204362869263,0.23282548785209656,0.5730850100517273,0.752192497253418,0.40348607301712036,0.5614460110664368,0.7762689590454102,0.25638312101364136,0.5755676627159119,0.766288161277771,0.4209078848361969,0.5433374643325806,0.745733380317688,0.28444284200668335,0.5637445449829102,0.7437979578971863,0.44099465012550354
0470,./images/142/frame_00470.jpg,Fall,0.8134669065475464,0.7431700825691223,-0.16163864731788635,0.8180437088012695,0.7574657797813416,-0.18154610693454742,0.8174083828926086,0.7592293620109558,-0.18155041337013245,0.816663920879364,0.7603793740272522,-0.1816430389881134,0.81902676820755,0.7588554620742798,-0.1585947871208191,0.819079577922821,0.7622741460800171,-0.15869049727916718,0.8189997673034668,0.7649283409118652,-0.15881554782390594,0.8081555366516113,0.7820256352424622,-0.23159828782081604,0.8112584352493286,0.7849061489105225,-0.12796159088611603,0.802564799785614,0.7505282163619995,-0.17491887509822845,0.8038767576217651,0.7528806924819946,-0.14568564295768738,0.7412179112434387,0.7921543717384338,-0.25328871607780457,0.7716643810272217,0.8061935305595398,-0.06026260927319527,0.6558473706245422,0.7251797318458557,-0.24427977204322815,0.7519586086273193,0.7545146346092224,0.05901264026761055,0.6638467311859131,0.6444001793861389,-0.19033809006214142,0.7727475762367249,0.7155930995941162,0.13882529735565186,0.663680911064148,0.6240015029907227,-0.20050600171089172,0.7799004316329956,0.713726282119751,0.1550297886133194,0.6756279468536377,0.6308233737945557,-0.19622354209423065,0.7848543524742126,0.7091495394706726,0.13911333680152893,0.6737819910049438,0.6392043232917786,-0.18607157468795776,0.7806521058082581,0.7057923078536987,0.13484779000282288,0.6188223958015442,0.7231147885322571,-0.07240773737430573,0.6374439597129822,0.7384278774261475,0.0723368376493454,0.5726965665817261,0.6276828050613403,0.09599610418081284,0.5895278453826904,0.6752395033836365,0.25863462686538696,0.5556234121322632,0.7457154989242554,0.2831408381462097,0.5679135918617249,0.7474517822265625,0.4262365698814392,0.5553948879241943,0.7742971777915955,0.30588585138320923,0.5704039931297302,0.7602877020835876,0.4456624984741211,0.5451485514640808,0.7404232621192932,0.31284546852111816,0.5618811845779419,0.7295460104942322,0.4532124996185303
0471,./images/142/frame_00471.jpg,Fall,0.8133851289749146,0.7433308362960815,-0.1533324420452118,0.8180179595947266,0.758320689201355,-0.1732160449028015,0.8174625635147095,0.760083019733429,-0.17322447896003723,0.8167885541915894,0.7608345150947571,-0.1733151525259018,0.8189531564712524,0.759533703327179,-0.14982247352600098,0.8190324902534485,0.7628519535064697,-0.14990296959877014,0.8189601898193359,0.7654047608375549,-0.15001749992370605,0.8085224032402039,0.7835751175880432,-0.2235676497220993,0.8111146688461304,0.7850385308265686,-0.11897239834070206,0.8024352788925171,0.7510256171226501,-0.16673460602760315,0.8038010597229004,0.7543002367019653,-0.13694313168525696,0.7445271611213684,0.792206346988678,-0.2533204257488251,0.7706825137138367,0.8010469079017639,-0.04323218762874603,0.6573786735534668,0.7269951105117798,-0.2465914785861969,0.7491391897201538,0.7546566724777222,0.07456396520137787,0.6602908372879028,0.6451811194419861,-0.19109925627708435,0.7713404893875122,0.7190643548965454,0.17434825003147125,0.6595664024353027,0.6245349049568176,-0.2018577605485916,0.7784901261329651,0.7190985083580017,0.19078606367111206,0.6689835786819458,0.6309826374053955,-0.19737201929092407,0.784070611000061,0.713748574256897,0.1785852015018463,0.668599545955658,0.6406545639038086,-0.1863674521446228,0.7798728942871094,0.709544837474823,0.1711316704750061,0.6188552975654602,0.7235231399536133,-0.07507649809122086,0.635803759098053,0.7381154298782349,0.0749845951795578,0.5703030228614807,0.6277542114257812,0.06625132262706757,0.5878089666366577,0.6641907691955566,0.2586825489997864,0.5493889451026917,0.7464982867240906,0.2443576157093048,0.5609501600265503,0.7491315007209778,0.40924176573753357,0.5481395721435547,0.7743803858757019,0.26673686504364014,0.5585368871688843,0.7608941197395325,0.4266844391822815,0.5437415242195129,0.7439113259315491,0.28525543212890625,0.5571647882461548,0.7344390749931335,0.44017642736434937
0472,./images/142/frame_00472.jpg,Fall,0.8132875561714172,0.7434692978858948,-0.15226097404956818,0.8179879188537598,0.7589364647865295,-0.1715039759874344,0.8174540400505066,0.760668933391571,-0.1715158373117447,0.8168028593063354,0.7615185379981995,-0.1716117113828659,0.8188934326171875,0.7600595355033875,-0.15120112895965576,0.8190196752548218,0.7629231214523315,-0.15127788484096527,0.8188579678535461,0.7655165195465088,-0.15139196813106537,0.8085139989852905,0.7838091254234314,-0.21958887577056885,0.8108941912651062,0.7852944135665894,-0.12211152166128159,0.802371621131897,0.7518547177314758,-0.16458013653755188,0.8037101030349731,0.7560828328132629,-0.1387612372636795,0.7455641627311707,0.7916267514228821,-0.2461622655391693,0.7700424194335938,0.7990849614143372,-0.061917562037706375,0.6615846753120422,0.7247087955474854,-0.2416890561580658,0.7590035200119019,0.7581247091293335,0.04910319671034813,0.6578308343887329,0.646324098110199,-0.1927413046360016,0.7886695861816406,0.7247957587242126,0.153152197599411,0.65609210729599,0.630003035068512,-0.20453782379627228,0.7981545925140381,0.7250196933746338,0.16262276470661163,0.6684087514877319,0.6378747224807739,-0.20659863948822021,0.8027136921882629,0.7190510034561157,0.15338987112045288,0.6667084693908691,0.6456848382949829,-0.1901894062757492,0.7981040477752686,0.7146630883216858,0.1502397358417511,0.6194531321525574,0.7173671126365662,-0.07056840509176254,0.6352359056472778,0.7381207942962646,0.07044268399477005,0.5728878974914551,0.6376312971115112,0.12411610782146454,0.5879340767860413,0.673317551612854,0.26982107758522034,0.5520995259284973,0.7459758520126343,0.32350417971611023,0.5621975660324097,0.7477180361747742,0.4588475823402405,0.5496615171432495,0.7727701663970947,0.3471378684043884,0.5610235929489136,0.7629150152206421,0.4804655611515045,0.5506159663200378,0.7400693297386169,0.3466785252094269,0.5577881336212158,0.7315127849578857,0.48220911622047424
0473,./images/142/frame_00473.jpg,Fall,0.8132861256599426,0.7397209405899048,-0.15296827256679535,0.8176776170730591,0.753013014793396,-0.17546327412128448,0.8170846700668335,0.754868745803833,-0.17545630037784576,0.8163431286811829,0.7559899091720581,-0.17557866871356964,0.8188772201538086,0.7552552819252014,-0.15267427265644073,0.8190027475357056,0.7585411071777344,-0.1527547538280487,0.8188450932502747,0.7614468932151794,-0.152851402759552,0.8083931803703308,0.7789057493209839,-0.23483633995056152,0.8102067708969116,0.7819032669067383,-0.1292802393436432,0.8023077845573425,0.750150740146637,-0.17014339566230774,0.8036932945251465,0.7540730237960815,-0.14115294814109802,0.7432869672775269,0.7894691228866577,-0.2531757950782776,0.7701622843742371,0.8044108152389526,-0.06442376971244812,0.6616854071617126,0.7219588160514832,-0.24065057933330536,0.7625511884689331,0.757951021194458,0.053209733217954636,0.67106693983078,0.6511159539222717,-0.17426735162734985,0.7933562994003296,0.7324903011322021,0.15132366120815277,0.673038899898529,0.6354316473007202,-0.1809222549200058,0.802444577217102,0.7329902648925781,0.16267350316047668,0.6818341016769409,0.6479414105415344,-0.17994412779808044,0.8067799806594849,0.7305215001106262,0.15233972668647766,0.6815414428710938,0.6554680466651917,-0.17092172801494598,0.8023232221603394,0.7264902591705322,0.1484501212835312,0.6194158792495728,0.7181004285812378,-0.0721810907125473,0.6363697648048401,0.7382119297981262,0.07210492342710495,0.5728687047958374,0.6374521255493164,0.05776967480778694,0.5886073112487793,0.6745779514312744,0.26622647047042847,0.5560281872749329,0.7550734877586365,0.23397257924079895,0.5673259496688843,0.7506095170974731,0.41528940200805664,0.5575274229049683,0.7821926474571228,0.25786566734313965,0.5651823282241821,0.7670769691467285,0.4317050874233246,0.5500041246414185,0.7503061890602112,0.2926740050315857,0.5595536231994629,0.7439583539962769,0.4577360153198242
0474,./images/142/frame_00474.jpg,Fall,0.8132500648498535,0.7406675815582275,-0.15400823950767517,0.8173753619194031,0.7533434629440308,-0.17491857707500458,0.816778302192688,0.755144476890564,-0.17490825057029724,0.816015899181366,0.7562653422355652,-0.1750110387802124,0.8184030652046204,0.7553503513336182,-0.15214182436466217,0.8188086748123169,0.7590782046318054,-0.15222613513469696,0.8185952305793762,0.7618629336357117,-0.15233014523983002,0.808210551738739,0.7791779637336731,-0.23206524550914764,0.8094319105148315,0.7818876504898071,-0.12767431139945984,0.8020838499069214,0.7509108781814575,-0.16964998841285706,0.7981177568435669,0.7549267411231995,-0.1405845582485199,0.7432376146316528,0.7890858054161072,-0.25364917516708374,0.7695325613021851,0.8027652502059937,-0.06137792021036148,0.6610402464866638,0.7232292890548706,-0.24359393119812012,0.7636623978614807,0.765593409538269,0.05416560918092728,0.6665266156196594,0.6518128514289856,-0.19143863022327423,0.8007665872573853,0.7442636489868164,0.15151150524616241,0.6671203374862671,0.6357526779174805,-0.19898883998394012,0.8118912577629089,0.746119499206543,0.16362135112285614,0.6715136170387268,0.6467542052268982,-0.19875922799110413,0.816107451915741,0.7410948276519775,0.1524355262517929,0.6734451651573181,0.6542381644248962,-0.18902340531349182,0.8109071850776672,0.7368394732475281,0.14842863380908966,0.6188923120498657,0.718358039855957,-0.07535939663648605,0.6360663175582886,0.7392740845680237,0.07530158013105392,0.5599353313446045,0.6488960981369019,0.036029864102602005,0.5872009992599487,0.6810855269432068,0.266056627035141,0.5561226606369019,0.7584813237190247,0.21173067390918732,0.5674353837966919,0.7532970905303955,0.39183202385902405,0.5589012503623962,0.7841587662696838,0.2349206954240799,0.5655664205551147,0.7697258591651917,0.4070809781551361,0.5498757362365723,0.7540386915206909,0.264494389295578,0.5590776205062866,0.7484076023101807,0.4258688986301422
0475,./images/142/frame_00475.jpg,Fall,0.8124263882637024,0.7408628463745117,-0.14953841269016266,0.8170390129089355,0.7541694641113281,-0.17004363238811493,0.8165004849433899,0.7559605240821838,-0.17003211379051208,0.8157822489738464,0.7571231126785278,-0.17011722922325134,0.8178306818008423,0.755989134311676,-0.1466144323348999,0.818014919757843,0.7596645951271057,-0.1466839760541916,0.8176838755607605,0.7623431086540222,-0.1467825472354889,0.8080369234085083,0.7800991535186768,-0.22729389369487762,0.8086980581283569,0.7827905416488647,-0.12037905305624008,0.8016871213912964,0.7532135248184204,-0.16557125747203827,0.7945342063903809,0.7597522139549255,-0.13542208075523376,0.7454179525375366,0.789607048034668,-0.2580759525299072,0.7688074111938477,0.8019441366195679,-0.049069762229919434,0.6659758687019348,0.7255054712295532,-0.2585914731025696,0.7704180479049683,0.7688668370246887,0.05516018345952034,0.6570221781730652,0.6649980545043945,-0.22832274436950684,0.8087762594223022,0.7512586712837219,0.14570191502571106,0.6505759954452515,0.6529549956321716,-0.24030466377735138,0.8194624781608582,0.7540702819824219,0.1593884527683258,0.6538538932800293,0.6573752760887146,-0.24160096049308777,0.8235335350036621,0.7487679123878479,0.14619943499565125,0.65782231092453,0.6627894043922424,-0.22732308506965637,0.8187063336372375,0.7441004514694214,0.1414089947938919,0.6187645196914673,0.7183806300163269,-0.08324360102415085,0.6353651881217957,0.7394483685493469,0.08320952951908112,0.5553309917449951,0.6484665870666504,0.006102480925619602,0.5856388807296753,0.6825655698776245,0.26579445600509644,0.5560739040374756,0.7591432929039001,0.17968761920928955,0.5657247304916382,0.7534016370773315,0.37527063488960266,0.5595325231552124,0.7843368649482727,0.20245449244976044,0.5639733076095581,0.769889771938324,0.3890378177165985,0.5489548444747925,0.7559846043586731,0.23256273567676544,0.5536883473396301,0.7501710057258606,0.4030093252658844
0476,./images/142/frame_00476.jpg,Fall,0.8129245042800903,0.7416074872016907,-0.17224428057670593,0.8173600435256958,0.7546923160552979,-0.19263039529323578,0.8167626261711121,0.7565006017684937,-0.1926250159740448,0.816024124622345,0.7576906681060791,-0.19272729754447937,0.8181291818618774,0.7563562393188477,-0.17169970273971558,0.818185031414032,0.7600569128990173,-0.17177554965019226,0.8178307414054871,0.7626846432685852,-0.17188870906829834,0.807944655418396,0.7807611227035522,-0.24376335740089417,0.808700442314148,0.7830161452293396,-0.14866967499256134,0.8017754554748535,0.7535075545310974,-0.18501016497612,0.7978733777999878,0.7598071694374084,-0.15805988013744354,0.7451598644256592,0.7896246910095215,-0.2635077238082886,0.7707831859588623,0.8075332641601562,-0.07562696933746338,0.6649806499481201,0.7280022501945496,-0.2608422636985779,0.7682421207427979,0.7684471011161804,0.038128387182950974,0.6444628834724426,0.6737197041511536,-0.2380789816379547,0.8020349740982056,0.7462462782859802,0.140611469745636,0.6361775398254395,0.6651712656021118,-0.2504624128341675,0.8117888569831848,0.7473874688148499,0.1552986353635788,0.6411722898483276,0.6665375232696533,-0.25419527292251587,0.815909206867218,0.7423043847084045,0.1429079920053482,0.6457430720329285,0.6704589128494263,-0.23855113983154297,0.8110785484313965,0.7384665012359619,0.13706806302070618,0.6196064949035645,0.7187017798423767,-0.08086284250020981,0.638372540473938,0.7394493222236633,0.08083097636699677,0.5548595190048218,0.6579207181930542,0.020182982087135315,0.588158905506134,0.6841246485710144,0.2654670178890228,0.5584381818771362,0.7633964419364929,0.19790121912956238,0.5720391273498535,0.7569742798805237,0.3841360807418823,0.5618941187858582,0.7871371507644653,0.22088244557380676,0.5700340867042542,0.7734631896018982,0.3991129398345947,0.5519561767578125,0.765752911567688,0.24786894023418427,0.5621171593666077,0.753842830657959,0.40928584337234497
0477,./images/142/frame_00477.jpg,Fall,0.8129100799560547,0.7384416460990906,-0.1811949908733368,0.8173493146896362,0.7510331273078918,-0.20153138041496277,0.8167560696601868,0.7528297305107117,-0.20154361426830292,0.8160098195075989,0.7541655898094177,-0.20166289806365967,0.8181207776069641,0.7528819441795349,-0.1809673011302948,0.81817227602005,0.7565725445747375,-0.18105266988277435,0.8178244829177856,0.759476900100708,-0.1811903566122055,0.8039148449897766,0.7811567783355713,-0.2500467896461487,0.8087996244430542,0.7815318703651428,-0.15852560102939606,0.8015919923782349,0.751432478427887,-0.1931116282939911,0.799841046333313,0.7573516964912415,-0.16698616743087769,0.7444975972175598,0.7891468405723572,-0.262710303068161,0.7720866203308105,0.8078870177268982,-0.0931500792503357,0.6645179986953735,0.7311969995498657,-0.258088082075119,0.7633510828018188,0.7631596326828003,0.03456024080514908,0.6513441801071167,0.6727278232574463,-0.23193590342998505,0.7837980389595032,0.7366495132446289,0.13472986221313477,0.6477264761924744,0.6614980101585388,-0.24473290145397186,0.791176438331604,0.7373145818710327,0.14590676128864288,0.6543774604797363,0.6656140685081482,-0.24562028050422668,0.7966293096542358,0.7311391234397888,0.13485845923423767,0.6575978398323059,0.6707847714424133,-0.2305600345134735,0.7928501963615417,0.7272679805755615,0.13148657977581024,0.6233721971511841,0.7193378210067749,-0.06689752638339996,0.6411281228065491,0.7394503951072693,0.06675544381141663,0.574944019317627,0.6542709469795227,0.12803952395915985,0.5945361852645874,0.6849285364151001,0.27249228954315186,0.5601513981819153,0.7572336792945862,0.31955617666244507,0.5802357196807861,0.7543843388557434,0.4748212695121765,0.5613521933555603,0.7800909876823425,0.3419695496559143,0.5779736638069153,0.772153377532959,0.4980320334434509,0.5533797740936279,0.7421905398368835,0.33202090859413147,0.5727721452713013,0.744002103805542,0.497764527797699
0478,./images/142/frame_00478.jpg,Fall,0.8125542402267456,0.738926112651825,-0.20132961869239807,0.8173424005508423,0.7517462968826294,-0.2231089174747467,0.8167433738708496,0.7535275220870972,-0.22311624884605408,0.8160002827644348,0.7548495531082153,-0.2232353240251541,0.8181147575378418,0.7534803748130798,-0.2063281536102295,0.8181624412536621,0.7571407556533813,-0.20644021034240723,0.8178175091743469,0.7599557638168335,-0.20659026503562927,0.8034099340438843,0.7814752459526062,-0.26918864250183105,0.8092256784439087,0.7817562818527222,-0.19570763409137726,0.8014353513717651,0.7517358660697937,-0.21147017180919647,0.7972005605697632,0.7604587078094482,-0.19049398601055145,0.7452787160873413,0.7891919612884521,-0.26207756996154785,0.7736350893974304,0.8096693158149719,-0.1337633579969406,0.6658109426498413,0.7326734662055969,-0.22609463334083557,0.7495107650756836,0.7572711706161499,0.004399371799081564,0.6776946187019348,0.6790606379508972,-0.1489197015762329,0.7612713575363159,0.7221436500549316,0.12683643400669098,0.6808344721794128,0.6653369665145874,-0.14949460327625275,0.7653476595878601,0.7179602980613708,0.14013728499412537,0.6884677410125732,0.6745579838752747,-0.14866963028907776,0.7702754735946655,0.715036153793335,0.13007141649723053,0.6884814500808716,0.6809604167938232,-0.14544816315174103,0.7679266929626465,0.7132713198661804,0.12511643767356873,0.6295441389083862,0.720590353012085,-0.05568651109933853,0.6463433504104614,0.7398970723152161,0.05556676536798477,0.5788915157318115,0.6563052535057068,0.1462308019399643,0.6014182567596436,0.6889693140983582,0.2710835039615631,0.5600264668464661,0.7551368474960327,0.33853501081466675,0.5840944647789001,0.7545372247695923,0.4661330580711365,0.5566827058792114,0.7761435508728027,0.36140793561935425,0.5812918543815613,0.7726132869720459,0.48904451727867126,0.5533946752548218,0.7431754469871521,0.359032541513443,0.5766130089759827,0.7440572381019592,0.49645766615867615
0479,./images/142/frame_00479.jpg,Fall,0.8127921223640442,0.7389687299728394,-0.1632090061903,0.8174160122871399,0.7519569396972656,-0.18582503497600555,0.8168403506278992,0.7537591457366943,-0.1858290135860443,0.8161290287971497,0.7551004886627197,-0.18592247366905212,0.818206787109375,0.7536043524742126,-0.16260792315006256,0.8182626962661743,0.757139265537262,-0.16271832585334778,0.8179734945297241,0.7598669528961182,-0.16287048161029816,0.8051818609237671,0.7800341248512268,-0.24273526668548584,0.8096436262130737,0.7813766598701477,-0.13806875050067902,0.8015670776367188,0.7515352964401245,-0.1785278022289276,0.7996888160705566,0.7577211260795593,-0.14891555905342102,0.7451689839363098,0.7892524003982544,-0.25833994150161743,0.7734538912773132,0.8109551072120667,-0.06301597505807877,0.6653376221656799,0.7278966307640076,-0.23079414665699005,0.7374741435050964,0.7510888576507568,0.051390547305345535,0.6829158067703247,0.6748151779174805,-0.1502385437488556,0.746850848197937,0.7161780595779419,0.13747814297676086,0.6870679259300232,0.6594291925430298,-0.15402518212795258,0.7498443722724915,0.7117242813110352,0.1575072854757309,0.6962711811065674,0.6724258661270142,-0.14633873105049133,0.7557948231697083,0.7100290060043335,0.14329880475997925,0.695616602897644,0.6778882145881653,-0.14399316906929016,0.7537386417388916,0.7088661789894104,0.1342979371547699,0.6273897886276245,0.7203678488731384,-0.0698721781373024,0.6455444693565369,0.739904522895813,0.0698714405298233,0.5774797201156616,0.6360509395599365,0.01592933014035225,0.5938555002212524,0.6754321455955505,0.2564848065376282,0.5562052130699158,0.7551451921463013,0.17716166377067566,0.573215126991272,0.7554293274879456,0.3724222779273987,0.5567173957824707,0.7786591649055481,0.19901277124881744,0.5721110105514526,0.774690568447113,0.38697677850723267,0.5348725914955139,0.7550399899482727,0.23476704955101013,0.557181715965271,0.75433748960495,0.4127303659915924
0480,./images/142/frame_00480.jpg,Fall,0.812893271446228,0.7372452020645142,-0.16238634288311005,0.8174713253974915,0.7504792213439941,-0.184072807431221,0.816914439201355,0.7523918747901917,-0.18408028781414032,0.8162325024604797,0.7538483738899231,-0.18417704105377197,0.8183068037033081,0.7518811821937561,-0.15958991646766663,0.8183968663215637,0.7552751898765564,-0.15969102084636688,0.8182031512260437,0.7579983472824097,-0.1598239243030548,0.8063471913337708,0.7781006097793579,-0.2399766743183136,0.8102097511291504,0.7802736163139343,-0.1291239708662033,0.8016520738601685,0.7494264245033264,-0.17757144570350647,0.8010265231132507,0.7534425258636475,-0.14648036658763885,0.7448678016662598,0.7890900373458862,-0.2588174045085907,0.7732180953025818,0.8071678280830383,-0.05075167864561081,0.6651803255081177,0.7171778082847595,-0.23106428980827332,0.7309974431991577,0.7471664547920227,0.055131107568740845,0.6870542168617249,0.6536301374435425,-0.13071134686470032,0.7373448610305786,0.7061858177185059,0.12877842783927917,0.6945224404335022,0.6341031789779663,-0.13529546558856964,0.7406309247016907,0.7000392079353333,0.1457635909318924,0.7053584456443787,0.6515755653381348,-0.12440042197704315,0.746639609336853,0.6990036964416504,0.13040314614772797,0.7033560872077942,0.660631537437439,-0.12274454534053802,0.7444345355033875,0.6988176703453064,0.12431605905294418,0.6267778873443604,0.7243146300315857,-0.07411298900842667,0.6454525589942932,0.7428855895996094,0.07412548363208771,0.5760684609413147,0.6329832673072815,0.024220462888479233,0.5917195677757263,0.6756786108016968,0.2570980191230774,0.5548413395881653,0.7549283504486084,0.19213512539863586,0.5690854787826538,0.7556342482566833,0.38643544912338257,0.5565754175186157,0.7806773781776428,0.21449849009513855,0.5670334100723267,0.7753772139549255,0.402479887008667,0.5359376072883606,0.7554311752319336,0.2477838099002838,0.554360032081604,0.7539370059967041,0.4255145192146301
0481,./images/142/frame_00481.jpg,Fall,0.8130396604537964,0.7364093065261841,-0.16103637218475342,0.8175862431526184,0.7493767738342285,-0.18236759305000305,0.8170364499092102,0.7512949705123901,-0.18237130343914032,0.8163657188415527,0.7527751326560974,-0.1824641227722168,0.8184319734573364,0.750523567199707,-0.1596362292766571,0.8185138702392578,0.7537405490875244,-0.1597377061843872,0.8188759088516235,0.7571389079093933,-0.1598730832338333,0.8059066534042358,0.7788861393928528,-0.23689118027687073,0.8108198046684265,0.7786194682121277,-0.13287830352783203,0.8024304509162903,0.7490674257278442,-0.17562644183635712,0.8027777671813965,0.7524356245994568,-0.14660018682479858,0.7452455163002014,0.7890819311141968,-0.251687228679657,0.773267924785614,0.8102157711982727,-0.05331200361251831,0.6670533418655396,0.7187870740890503,-0.21920792758464813,0.735859751701355,0.7476242184638977,0.03802863508462906,0.692897617816925,0.6629000306129456,-0.13097761571407318,0.7492637634277344,0.7096611857414246,0.10536623001098633,0.6996045708656311,0.6463330388069153,-0.13313943147659302,0.7541806101799011,0.7047584056854248,0.11963403224945068,0.7092540860176086,0.6648551225662231,-0.12663385272026062,0.7599287033081055,0.7024139761924744,0.10686762630939484,0.7075551748275757,0.6728134155273438,-0.12485204637050629,0.7570423483848572,0.701199471950531,0.10180407762527466,0.6260839700698853,0.7233227491378784,-0.07415388524532318,0.6445021033287048,0.7428757548332214,0.07415636628866196,0.5728781819343567,0.640651285648346,0.028481345623731613,0.5911204218864441,0.676081120967865,0.25060275197029114,0.5551844239234924,0.7544577717781067,0.1947179138660431,0.5683755874633789,0.7551179528236389,0.37153545022010803,0.5575881600379944,0.7806825637817383,0.21670909225940704,0.5661735534667969,0.774469256401062,0.38685786724090576,0.5371776819229126,0.7554728984832764,0.2500886619091034,0.5533571839332581,0.7530294060707092,0.41065582633018494
0482,./images/142/frame_00482.jpg,Fall,0.8134288787841797,0.731627881526947,-0.18772444128990173,0.817582905292511,0.7423737645149231,-0.20934970676898956,0.8169978260993958,0.7443901896476746,-0.20935337245464325,0.8162660598754883,0.7460004091262817,-0.20947971940040588,0.8186880946159363,0.7426497340202332,-0.1888876110315323,0.8188503384590149,0.7454271912574768,-0.188971608877182,0.819198489189148,0.747968316078186,-0.1890767216682434,0.8069154620170593,0.7714768052101135,-0.256013959646225,0.8114947080612183,0.7722021341323853,-0.16460725665092468,0.8024231195449829,0.7426796555519104,-0.1985417753458023,0.8036494255065918,0.744242250919342,-0.17259711027145386,0.7451467514038086,0.7890721559524536,-0.25166696310043335,0.7775280475616455,0.8096907138824463,-0.09864591062068939,0.6797624826431274,0.7308861613273621,-0.21157005429267883,0.7688583135604858,0.7517920732498169,0.034585077315568924,0.7204445600509644,0.7061434984207153,-0.10541055351495743,0.7884781360626221,0.7227630615234375,0.11902396380901337,0.7304736971855164,0.6965228915214539,-0.10477131605148315,0.7948840856552124,0.7175405621528625,0.12248937040567398,0.7388104200363159,0.71327805519104,-0.10236702114343643,0.7966176867485046,0.7202115654945374,0.11970500648021698,0.7359066605567932,0.718062162399292,-0.10046075284481049,0.793385922908783,0.7193400859832764,0.11930686235427856,0.6274513006210327,0.7232378721237183,-0.06745396554470062,0.6444175243377686,0.7405647039413452,0.06740625947713852,0.5754634141921997,0.642315149307251,0.10353374481201172,0.5911115407943726,0.6769148707389832,0.25005799531936646,0.5551181435585022,0.7544823288917542,0.26931971311569214,0.5686482787132263,0.7537806034088135,0.40750065445899963,0.5551373958587646,0.7807258367538452,0.29028600454330444,0.566552460193634,0.7738890647888184,0.4271128177642822,0.5379447340965271,0.7503013610839844,0.29247477650642395,0.5544759035110474,0.7414624691009521,0.4303646683692932
0483,./images/142/frame_00483.jpg,Fall,0.8134235143661499,0.7314203977584839,-0.14866717159748077,0.8175819516181946,0.7416827082633972,-0.171444833278656,0.8170003890991211,0.7438125610351562,-0.17143264412879944,0.8162915110588074,0.745800256729126,-0.1715279370546341,0.8186850547790527,0.7418181300163269,-0.14586296677589417,0.8188453912734985,0.7446132898330688,-0.1459445059299469,0.8191865682601929,0.7471233606338501,-0.14604194462299347,0.8079723119735718,0.7717024683952332,-0.2290416657924652,0.8114898800849915,0.7719407677650452,-0.11249090731143951,0.8023281097412109,0.7424144148826599,-0.1647423356771469,0.8035663366317749,0.7436012029647827,-0.13158699870109558,0.7469039559364319,0.795193076133728,-0.2467087060213089,0.7771396040916443,0.8084779381752014,-0.03620483726263046,0.6875554323196411,0.7326383590698242,-0.2038724720478058,0.7649561762809753,0.7459642887115479,0.06655878573656082,0.7176292538642883,0.7033059000968933,-0.08317463845014572,0.7883902788162231,0.7279520034790039,0.12309278547763824,0.7239300012588501,0.6926965117454529,-0.08184749633073807,0.794398307800293,0.7280391454696655,0.1291458010673523,0.7314139008522034,0.7057750821113586,-0.07753665000200272,0.7981966733932495,0.7309095859527588,0.124567411839962,0.7295452356338501,0.7111460566520691,-0.07670076191425323,0.7950471043586731,0.7286218404769897,0.12274358421564102,0.6243413090705872,0.7297137975692749,-0.08203007280826569,0.6423131227493286,0.7374883890151978,0.0820717066526413,0.5716368556022644,0.6305521726608276,-0.034918688237667084,0.583396315574646,0.6629087924957275,0.24140110611915588,0.5465925931930542,0.7541511654853821,0.10562684386968613,0.558907687664032,0.7547823786735535,0.3217565715312958,0.5523573160171509,0.779918909072876,0.12483392655849457,0.5589933395385742,0.7747468948364258,0.3314528465270996,0.5261073112487793,0.7586615085601807,0.16402436792850494,0.541310727596283,0.7605912089347839,0.3580946624279022
0484,./images/142/frame_00484.jpg,Fall,0.8134190440177917,0.7312850952148438,-0.15350662171840668,0.8175781965255737,0.7412251234054565,-0.174880251288414,0.816991925239563,0.7433332800865173,-0.17488212883472443,0.8162856101989746,0.745387852191925,-0.17499293386936188,0.8186836242675781,0.7413187623023987,-0.1503768414258957,0.8188416361808777,0.7440701723098755,-0.15044468641281128,0.8191729784011841,0.7464820742607117,-0.15053774416446686,0.8084738850593567,0.7708871364593506,-0.2257743626832962,0.811534583568573,0.7713388800621033,-0.11432677507400513,0.8022462725639343,0.7417355179786682,-0.1671052873134613,0.8035174608230591,0.7426546812057495,-0.1354466676712036,0.747805655002594,0.7972311973571777,-0.2348577231168747,0.7762562036514282,0.8034982681274414,-0.042283795773983,0.7267870306968689,0.757393479347229,-0.20403309166431427,0.773076593875885,0.7478926777839661,0.09685135632753372,0.7810884118080139,0.7626877427101135,-0.07990863174200058,0.8023875951766968,0.7460184693336487,0.1916811168193817,0.7949747443199158,0.7582643032073975,-0.07749719172716141,0.8083782196044922,0.7477334141731262,0.20405213534832,0.7989492416381836,0.7734177708625793,-0.07379645109176636,0.8119592666625977,0.7518648505210876,0.19625736773014069,0.7940841913223267,0.7751659154891968,-0.07398715615272522,0.8094471096992493,0.7497187852859497,0.19013534486293793,0.6243152022361755,0.7291518449783325,-0.08082422614097595,0.6400455832481384,0.7344386577606201,0.08081252872943878,0.5717871785163879,0.631318211555481,0.008270847611129284,0.58173668384552,0.6655271053314209,0.23969325423240662,0.5454583764076233,0.7538454532623291,0.17379829287528992,0.5572023987770081,0.7542261481285095,0.3575230538845062,0.5474960803985596,0.7796468138694763,0.19472083449363708,0.555930495262146,0.7742461562156677,0.3723312020301819,0.5258137583732605,0.7579370141029358,0.2188235968351364,0.541700005531311,0.7561657428741455,0.3902105689048767
0485,./images/142/frame_00485.jpg,Fall,0.8136342763900757,0.7302740216255188,-0.1844264715909958,0.8177908062934875,0.7409617900848389,-0.20569941401481628,0.8171799778938293,0.7431397438049316,-0.2057129144668579,0.8164786100387573,0.7451031804084778,-0.20583148300647736,0.818947970867157,0.7410008907318115,-0.17983342707157135,0.8190948367118835,0.7438269853591919,-0.1799267679452896,0.8193638920783997,0.7462688088417053,-0.18003837764263153,0.809034526348114,0.7712723612785339,-0.2559928894042969,0.8118512034416199,0.7717760801315308,-0.13862352073192596,0.8022661209106445,0.7405810952186584,-0.19738635420799255,0.8037089109420776,0.7415685653686523,-0.16422916948795319,0.747493326663971,0.797373354434967,-0.2686143219470978,0.7779160141944885,0.8035311102867126,-0.053331535309553146,0.6782235503196716,0.7365710735321045,-0.24824920296669006,0.77222740650177,0.7439497113227844,0.09096680581569672,0.7042967081069946,0.6691484451293945,-0.1533370167016983,0.7932247519493103,0.7266138792037964,0.1700749695301056,0.7201136350631714,0.6417825222015381,-0.1588616669178009,0.8027850389480591,0.7262862920761108,0.183413565158844,0.7345585823059082,0.65605628490448,-0.15102258324623108,0.808453381061554,0.7286098003387451,0.17386488616466522,0.722835123538971,0.6584522724151611,-0.14641550183296204,0.8025504946708679,0.7264584898948669,0.16750916838645935,0.624311625957489,0.7309465408325195,-0.07953128963708878,0.6428623199462891,0.7346924543380737,0.07951740175485611,0.5712743997573853,0.6324796676635742,0.03221467509865761,0.5833073854446411,0.6659162044525146,0.25262168049812317,0.5459801554679871,0.7549235820770264,0.21206986904144287,0.5592141151428223,0.7547190189361572,0.39395567774772644,0.5473055243492126,0.7830878496170044,0.2347484529018402,0.5580357313156128,0.775241494178772,0.41129741072654724,0.5282176733016968,0.757243275642395,0.2555597424507141,0.5448488593101501,0.7524970769882202,0.42944544553756714
0486,./images/142/frame_00486.jpg,Fall,0.8135027885437012,0.7300007343292236,-0.18238465487957,0.8175705075263977,0.7403892278671265,-0.20164628326892853,0.8169102668762207,0.7425370216369629,-0.20165316760540009,0.8162034749984741,0.7444431781768799,-0.2017631232738495,0.8188536763191223,0.7406004071235657,-0.17854514718055725,0.8190218806266785,0.743502140045166,-0.17863263189792633,0.8192952275276184,0.746042788028717,-0.17875297367572784,0.808984637260437,0.7713243365287781,-0.2530914545059204,0.811842143535614,0.7721143960952759,-0.13856594264507294,0.8016743659973145,0.7403213381767273,-0.1930910348892212,0.803557276725769,0.7415711879730225,-0.16294941306114197,0.7464848756790161,0.7970842123031616,-0.2666580080986023,0.7774543166160583,0.7996587157249451,-0.05612242966890335,0.6734241247177124,0.724514365196228,-0.241489976644516,0.7673915028572083,0.7445626258850098,0.07560019940137863,0.7040205001831055,0.6594633460044861,-0.14601567387580872,0.7885953187942505,0.7256906032562256,0.16014902293682098,0.7190022468566895,0.6384996175765991,-0.1501191109418869,0.7962889075279236,0.7250953912734985,0.17355072498321533,0.7283949851989746,0.6530632376670837,-0.14249010384082794,0.8014047741889954,0.72782301902771,0.1632252037525177,0.7201175689697266,0.6605046987533569,-0.13835564255714417,0.7968927025794983,0.7256752848625183,0.15738512575626373,0.6242864727973938,0.7346760034561157,-0.07925453782081604,0.6449116468429565,0.7358464002609253,0.07925780117511749,0.5712251663208008,0.6321616768836975,0.011328746564686298,0.5923332571983337,0.6671999096870422,0.25339555740356445,0.5463259816169739,0.757552444934845,0.1670805811882019,0.5709575414657593,0.7582553625106812,0.3761184513568878,0.5495503544807434,0.7872352004051208,0.18843498826026917,0.5701001286506653,0.7788583636283875,0.39125311374664307,0.5283216238021851,0.7588685154914856,0.22209826111793518,0.555695116519928,0.7552957534790039,0.419332891702652
0487,./images/142/frame_00487.jpg,Fall,0.8131210207939148,0.7303538918495178,-0.16473981738090515,0.8172528147697449,0.7408509254455566,-0.18685275316238403,0.8163856267929077,0.7428591251373291,-0.18685027956962585,0.8156746029853821,0.7447741031646729,-0.1869465708732605,0.81849604845047,0.7411730289459229,-0.16140612959861755,0.8186593055725098,0.7440940737724304,-0.161501944065094,0.8188783526420593,0.7466109395027161,-0.16161443293094635,0.808869481086731,0.7716594934463501,-0.24644958972930908,0.8115414381027222,0.7722963690757751,-0.12812884151935577,0.8010088205337524,0.7405873537063599,-0.18055333197116852,0.8029416799545288,0.7418392896652222,-0.14764170348644257,0.7461638450622559,0.7952800393104553,-0.26415109634399414,0.7767482995986938,0.7993669509887695,-0.0484730489552021,0.6705528497695923,0.7208564877510071,-0.23906102776527405,0.7604653835296631,0.7427811622619629,0.07074221223592758,0.7014262676239014,0.6396002173423767,-0.1374257355928421,0.7804716229438782,0.717708170413971,0.1466471254825592,0.7130950093269348,0.615676999092102,-0.140278160572052,0.7871240973472595,0.7167818546295166,0.162795290350914,0.7254859805107117,0.6301119923591614,-0.13035157322883606,0.7930933237075806,0.7168529033660889,0.1474582850933075,0.7078983783721924,0.6365671753883362,-0.12868289649486542,0.7888177633285522,0.7146998047828674,0.14215785264968872,0.6237055063247681,0.7338586449623108,-0.0803631991147995,0.6446033716201782,0.7365098595619202,0.08037886023521423,0.5713073015213013,0.6273694634437561,-0.021619226783514023,0.594425618648529,0.6646900177001953,0.25267866253852844,0.5467822551727295,0.7568266987800598,0.12506112456321716,0.572662353515625,0.7594251036643982,0.35187751054763794,0.5520907640457153,0.7871480584144592,0.14545246958732605,0.571748673915863,0.7800667881965637,0.3646887540817261,0.5288282632827759,0.7596144676208496,0.18435366451740265,0.5588183403015137,0.7577581405639648,0.3963870406150818
0488,./images/142/frame_00488.jpg,Fall,0.8119233250617981,0.7306481003761292,-0.160794198513031,0.8158587217330933,0.7409459352493286,-0.1838148534297943,0.8151898384094238,0.742985725402832,-0.18382063508033752,0.8145387768745422,0.7450093030929565,-0.18392252922058105,0.8176420331001282,0.7415010929107666,-0.15872515738010406,0.8179208040237427,0.7444592714309692,-0.15881769359111786,0.8181748390197754,0.7470499873161316,-0.15893052518367767,0.8087078928947449,0.771852433681488,-0.24449440836906433,0.8113976716995239,0.7724996209144592,-0.12857937812805176,0.7996770739555359,0.7410708069801331,-0.17701438069343567,0.8017074465751648,0.7424839735031128,-0.1446554958820343,0.7447624206542969,0.795037567615509,-0.2627410292625427,0.7766249179840088,0.8024606704711914,-0.04902840033173561,0.6690995097160339,0.7155369520187378,-0.2281370460987091,0.7521847486495972,0.7400075197219849,0.07014773786067963,0.7009221911430359,0.644995927810669,-0.11374274641275406,0.7711104154586792,0.7140860557556152,0.14680923521518707,0.711699366569519,0.6237194538116455,-0.11319823563098907,0.7762023210525513,0.7127289772033691,0.16347701847553253,0.7251523733139038,0.6382530331611633,-0.10586190223693848,0.7826750874519348,0.7126328945159912,0.14850404858589172,0.7096573114395142,0.64687180519104,-0.10562913119792938,0.779434084892273,0.7108294367790222,0.14249342679977417,0.6229954957962036,0.7335853576660156,-0.08044874668121338,0.6444604396820068,0.7360305786132812,0.0804760679602623,0.5696316361427307,0.6285288333892822,-0.02045697346329689,0.5944496393203735,0.664806604385376,0.25171661376953125,0.5473366975784302,0.7583497166633606,0.12543991208076477,0.574350893497467,0.7621521949768066,0.34876012802124023,0.5527388453483582,0.7882493734359741,0.1456782966852188,0.5736352205276489,0.7823680639266968,0.36183053255081177,0.5291605591773987,0.7614426612854004,0.18339021503925323,0.560692310333252,0.7592756748199463,0.39408522844314575
0489,./images/142/frame_00489.jpg,Fall,0.8112902641296387,0.730816125869751,-0.17588523030281067,0.8153529167175293,0.7411743402481079,-0.19825837016105652,0.8147138357162476,0.7431281805038452,-0.19827240705490112,0.8135768175125122,0.7452119588851929,-0.19837595522403717,0.8170316815376282,0.7417389154434204,-0.17335283756256104,0.8173568844795227,0.7446900010108948,-0.17344671487808228,0.8176199197769165,0.7472686767578125,-0.17355658113956451,0.8081403970718384,0.771905779838562,-0.25263577699661255,0.811179518699646,0.7727617621421814,-0.1397368460893631,0.798925518989563,0.7413257360458374,-0.19021281599998474,0.8010926246643066,0.7429476976394653,-0.15823358297348022,0.7429755926132202,0.7949837446212769,-0.2656722068786621,0.7765426635742188,0.8021186590194702,-0.05597760155797005,0.6692144870758057,0.715085506439209,-0.22518154978752136,0.7467788457870483,0.7350268959999084,0.0663556233048439,0.7048948407173157,0.6487085819244385,-0.10578876733779907,0.7615143060684204,0.7077921032905579,0.13928033411502838,0.7135868668556213,0.6269270181655884,-0.10552283376455307,0.7652252912521362,0.7044021487236023,0.15562693774700165,0.7249900698661804,0.6429525017738342,-0.10054866969585419,0.771719217300415,0.7066221833229065,0.1400524079799652,0.7189899682998657,0.6528270840644836,-0.0986815094947815,0.7693858742713928,0.7059732675552368,0.1349177360534668,0.6238480806350708,0.7319289445877075,-0.08005736768245697,0.6470357775688171,0.734819769859314,0.08007410913705826,0.5696452856063843,0.6319556832313538,-0.016452891752123833,0.5980345010757446,0.665523111820221,0.26082903146743774,0.5472002029418945,0.7587119340896606,0.12419213354587555,0.5818063616752625,0.7621505856513977,0.35237401723861694,0.552642285823822,0.7884904742240906,0.14381006360054016,0.5810809135437012,0.782081663608551,0.3642926812171936,0.528675377368927,0.764187216758728,0.17609456181526184,0.5690072774887085,0.7618036270141602,0.41495317220687866
0490,./images/142/frame_00490.jpg,Fall,0.8107274174690247,0.7309908270835876,-0.17139363288879395,0.8139448165893555,0.741057276725769,-0.19409266114234924,0.8132909536361694,0.7431550025939941,-0.19408603012561798,0.8123566508293152,0.7451881170272827,-0.19417963922023773,0.8162521123886108,0.7419264912605286,-0.16900146007537842,0.8165867924690247,0.7449063062667847,-0.1690898984670639,0.8168432116508484,0.7475318312644958,-0.16918858885765076,0.8073007464408875,0.7721058130264282,-0.25003641843795776,0.8107492327690125,0.772941529750824,-0.1355944573879242,0.7982571125030518,0.741538405418396,-0.18643346428871155,0.8003305196762085,0.7433310747146606,-0.1539585292339325,0.7427045702934265,0.7950785160064697,-0.26333704590797424,0.7756980657577515,0.8020625710487366,-0.050544172525405884,0.6779864430427551,0.7163522243499756,-0.2162666618824005,0.748130202293396,0.7339541912078857,0.06761281192302704,0.7191992998123169,0.6691396236419678,-0.10061232000589371,0.7646236419677734,0.709712028503418,0.13732782006263733,0.7279345393180847,0.6550518274307251,-0.0996774435043335,0.769389271736145,0.7069898843765259,0.15508881211280823,0.7378755211830139,0.6705308556556702,-0.09293358027935028,0.7752551436424255,0.70856112241745,0.13913989067077637,0.7350392937660217,0.6783075928688049,-0.0926901251077652,0.7723561525344849,0.7075957655906677,0.1329009085893631,0.6238642334938049,0.7330392599105835,-0.0820692852139473,0.6467899084091187,0.7339212894439697,0.08214376866817474,0.5686514973640442,0.6343705654144287,-0.08301376551389694,0.5975272059440613,0.665507435798645,0.24795353412628174,0.5479201078414917,0.7602648138999939,0.051743827760219574,0.5803317427635193,0.7648190855979919,0.3352198004722595,0.5556647181510925,0.788857102394104,0.07109968364238739,0.5807031393051147,0.78346848487854,0.3473217785358429,0.5272718667984009,0.7733373641967773,0.11286427080631256,0.5664404630661011,0.7743915319442749,0.3883898854255676
0491,./images/142/frame_00491.jpg,Fall,0.8088154792785645,0.7311345338821411,-0.17106106877326965,0.8130917549133301,0.7411825656890869,-0.1936298906803131,0.812528133392334,0.7432737350463867,-0.19362682104110718,0.8117533922195435,0.7452706098556519,-0.19372475147247314,0.8148350715637207,0.7420772910118103,-0.16874626278877258,0.8155714869499207,0.7449601888656616,-0.16883793473243713,0.8158233761787415,0.7476117610931396,-0.16893482208251953,0.8065397143363953,0.7722601294517517,-0.2489922046661377,0.8095968961715698,0.7730992436408997,-0.13333755731582642,0.7974936962127686,0.7418645024299622,-0.18590980768203735,0.7991942763328552,0.743902862071991,-0.1536862850189209,0.7426810264587402,0.795138955116272,-0.2655669152736664,0.7722831964492798,0.7960351705551147,-0.04538479447364807,0.6725426912307739,0.7148526310920715,-0.2263750284910202,0.7369207143783569,0.7318133115768433,0.0669088140130043,0.7189455032348633,0.6521744132041931,-0.10562039911746979,0.7547219395637512,0.7046936750411987,0.13183335959911346,0.7251213192939758,0.6323935389518738,-0.10073170810937881,0.7598080635070801,0.7024297714233398,0.15183289349079132,0.7330176830291748,0.6480866074562073,-0.10387583076953888,0.766546368598938,0.7020233869552612,0.13594694435596466,0.7297013401985168,0.6580013036727905,-0.09861236065626144,0.7636627554893494,0.7014131546020508,0.12756189703941345,0.6238518953323364,0.7334924340248108,-0.08388493210077286,0.6465247273445129,0.7340260744094849,0.08397574722766876,0.5684539079666138,0.6342785358428955,-0.090268075466156,0.5970356464385986,0.6634634733200073,0.24144688248634338,0.5487003326416016,0.7605917453765869,0.05442064255475998,0.5790519118309021,0.764765739440918,0.3334566056728363,0.5578106045722961,0.7874723672866821,0.07469353079795837,0.5789669752120972,0.7829257249832153,0.345797598361969,0.5268977880477905,0.7748026251792908,0.11811152845621109,0.5662177205085754,0.7724717855453491,0.38480913639068604
0492,./images/142/frame_00492.jpg,Fall,0.8087430000305176,0.7358452677726746,-0.14513882994651794,0.8130237460136414,0.7436249852180481,-0.1669393926858902,0.8124974370002747,0.7453524470329285,-0.16692692041397095,0.8117661476135254,0.7470197081565857,-0.16700637340545654,0.8143776059150696,0.7450762987136841,-0.14186564087867737,0.8151187896728516,0.7484988570213318,-0.14195910096168518,0.8152366876602173,0.7511358261108398,-0.1420671045780182,0.8060812950134277,0.7743030190467834,-0.2228184938430786,0.8087577819824219,0.7738800048828125,-0.10842685401439667,0.7972683906555176,0.7463237047195435,-0.1608927845954895,0.798610270023346,0.7490516901016235,-0.12836766242980957,0.7447859048843384,0.7951125502586365,-0.25402870774269104,0.7688488364219666,0.7951204776763916,-0.02056048810482025,0.6726764440536499,0.721034824848175,-0.22342929244041443,0.7289432287216187,0.7303486466407776,0.06837289035320282,0.7084225416183472,0.6530666351318359,-0.1106218546628952,0.7485133409500122,0.7021270990371704,0.11894480139017105,0.7139780521392822,0.6331488490104675,-0.10876958072185516,0.7539398670196533,0.7003782391548157,0.14088937640190125,0.7223196625709534,0.6475057601928711,-0.09898830205202103,0.7610503435134888,0.6974551677703857,0.12499282509088516,0.7205225229263306,0.6568216681480408,-0.10147349536418915,0.7580756545066833,0.6969029903411865,0.11427769809961319,0.623489260673523,0.7332147359848022,-0.08765899389982224,0.6436849236488342,0.7341057062149048,0.08774836361408234,0.5682518482208252,0.6328892707824707,-0.1138700470328331,0.5897389054298401,0.6595058441162109,0.22438347339630127,0.5487426519393921,0.7584678530693054,0.02960525080561638,0.5746968984603882,0.7636854648590088,0.3026740849018097,0.5586104989051819,0.7825524806976318,0.049565088003873825,0.5770552158355713,0.780475378036499,0.3128701448440552,0.5265088081359863,0.7751350402832031,0.10020385682582855,0.556687593460083,0.7720373272895813,0.3541920483112335
0493,./images/142/frame_00493.jpg,Fall,0.8050570487976074,0.7359820604324341,-0.14856137335300446,0.810620129108429,0.743615984916687,-0.17047809064388275,0.810320258140564,0.7453256249427795,-0.17046597599983215,0.8099169731140137,0.7469751238822937,-0.17054854333400726,0.8117040395736694,0.7450910210609436,-0.14548462629318237,0.8122609257698059,0.7485145330429077,-0.14557233452796936,0.8124994039535522,0.7511811256408691,-0.14567497372627258,0.8055617213249207,0.7742213606834412,-0.2257687747478485,0.8078263998031616,0.7739017009735107,-0.1118829995393753,0.7942487001419067,0.7469022274017334,-0.16384272277355194,0.7955207228660583,0.7498556971549988,-0.13137999176979065,0.745143711566925,0.7957587242126465,-0.2515615224838257,0.7686370611190796,0.7930317521095276,-0.02767498791217804,0.6734411716461182,0.7242074012756348,-0.21980991959571838,0.734329342842102,0.7311834692955017,0.06827755272388458,0.6989044547080994,0.6543659567832947,-0.10711602121591568,0.753726065158844,0.703603982925415,0.12323032319545746,0.7017959356307983,0.6355811357498169,-0.1047959104180336,0.7584406137466431,0.7012191414833069,0.1437971293926239,0.7103270292282104,0.650158166885376,-0.09377307444810867,0.7646410465240479,0.6988369226455688,0.1283731311559677,0.7098220586776733,0.658926784992218,-0.09768275916576385,0.761816143989563,0.6981546878814697,0.11884431540966034,0.6231774091720581,0.7329948544502258,-0.08670476824045181,0.6436784267425537,0.7310450077056885,0.0867890790104866,0.5680403709411621,0.628508448600769,-0.09291159361600876,0.5898658037185669,0.6531494855880737,0.22513525187969208,0.5505554676055908,0.7562938928604126,0.039163362234830856,0.5778825283050537,0.7623039484024048,0.30482903122901917,0.5603506565093994,0.7813734412193298,0.057777903974056244,0.5807850360870361,0.771492063999176,0.31492799520492554,0.5261124968528748,0.7740914821624756,0.10440105199813843,0.5595898628234863,0.7742341756820679,0.35424190759658813
0494,./images/142/frame_00494.jpg,Fall,0.8034658432006836,0.7393569350242615,-0.15126214921474457,0.8099050521850586,0.7457317113876343,-0.17414811253547668,0.8096014261245728,0.7473086714744568,-0.17421086132526398,0.8092066645622253,0.7487852573394775,-0.17431335151195526,0.810997486114502,0.7473627924919128,-0.15193939208984375,0.8114744424819946,0.7505816221237183,-0.15203829109668732,0.8117133975028992,0.7530724406242371,-0.1521742045879364,0.8048580884933472,0.777117133140564,-0.22794637084007263,0.8075210452079773,0.7745322585105896,-0.12458590418100357,0.7887125015258789,0.7535791397094727,-0.16538068652153015,0.7942508459091187,0.7542771100997925,-0.13486996293067932,0.7449835538864136,0.79523104429245,-0.2516869008541107,0.7688348293304443,0.7932688593864441,-0.04603492096066475,0.6723772883415222,0.718284547328949,-0.22052964568138123,0.7318521738052368,0.735779881477356,0.06871907413005829,0.6991462707519531,0.6484183669090271,-0.11837650835514069,0.7453720569610596,0.7021785974502563,0.15108473598957062,0.7030699253082275,0.6276028752326965,-0.12094362825155258,0.7488114833831787,0.6975715160369873,0.16636265814304352,0.7117234468460083,0.64227694272995,-0.11308227479457855,0.7560173273086548,0.6949374675750732,0.15340456366539001,0.7106650471687317,0.6522624492645264,-0.11115125566720963,0.753804087638855,0.6944819092750549,0.14755390584468842,0.6225808262825012,0.7288708090782166,-0.07794339209794998,0.6425864100456238,0.7313755750656128,0.07791335135698318,0.5711801052093506,0.6328176856040955,0.059935562312603,0.5996447801589966,0.6559470891952515,0.2856099605560303,0.5510554909706116,0.7517929673194885,0.23818449676036835,0.5870789289474487,0.749670147895813,0.45052415132522583,0.5546237230300903,0.7742835879325867,0.26131150126457214,0.5857903361320496,0.7652575373649597,0.47117218375205994,0.5376478433609009,0.7513953447341919,0.283595472574234,0.5786530375480652,0.7421621680259705,0.5005476474761963
0495,./images/142/frame_00495.jpg,Fall,0.802422046661377,0.7422730922698975,-0.1399606168270111,0.8097270131111145,0.7478939294815063,-0.1618981659412384,0.8095965385437012,0.7494840621948242,-0.16191233694553375,0.8093264698982239,0.750964343547821,-0.16199204325675964,0.8103744387626648,0.7495260238647461,-0.1361449658870697,0.8107337951660156,0.7526498436927795,-0.13621851801872253,0.8111733198165894,0.7554749250411987,-0.1363183856010437,0.8048712611198425,0.780680775642395,-0.21588361263275146,0.8071637153625488,0.7771961688995361,-0.09761524945497513,0.7879194617271423,0.7592947483062744,-0.15493428707122803,0.7933082580566406,0.7579571008682251,-0.121124766767025,0.7472862005233765,0.7973536252975464,-0.25148075819015503,0.7653671503067017,0.7934103012084961,-0.005007653497159481,0.6717866063117981,0.7235121726989746,-0.2288098782300949,0.7219129204750061,0.7320839762687683,0.08558696508407593,0.6911221742630005,0.6450554132461548,-0.12751276791095734,0.7353525757789612,0.697991669178009,0.14361564815044403,0.6937869787216187,0.6212427020072937,-0.1289198100566864,0.738450825214386,0.6938660740852356,0.16504713892936707,0.7004443407058716,0.6333752274513245,-0.11484742164611816,0.746202826499939,0.6893917322158813,0.1494021713733673,0.6993559002876282,0.642162561416626,-0.11714057624340057,0.7439363598823547,0.6892868876457214,0.13781453669071198,0.6215576529502869,0.7295030355453491,-0.08756577968597412,0.6397117376327515,0.7292099595069885,0.08764567971229553,0.5705528259277344,0.632297158241272,-0.10143933445215225,0.5995092391967773,0.646979033946991,0.23856928944587708,0.550166666507721,0.7519957423210144,0.05640191584825516,0.5846449136734009,0.7511976361274719,0.32115456461906433,0.5570955276489258,0.7738214135169983,0.07787534594535828,0.5853816270828247,0.767431914806366,0.3316122889518738,0.531869649887085,0.7615122199058533,0.1357502043247223,0.5743046998977661,0.7670785784721375,0.38002434372901917
0496,./images/142/frame_00496.jpg,Fall,0.8027380108833313,0.7386796474456787,-0.15955352783203125,0.8095012903213501,0.7454949021339417,-0.18223944306373596,0.8092023730278015,0.7470340132713318,-0.18225863575935364,0.8087543249130249,0.748966634273529,-0.18234887719154358,0.8103850483894348,0.7470871806144714,-0.15873830020427704,0.8109374046325684,0.7506786584854126,-0.15882916748523712,0.8113330006599426,0.7534181475639343,-0.15894697606563568,0.7996454238891602,0.779751181602478,-0.23924191296100616,0.8048149943351746,0.777203381061554,-0.13297666609287262,0.7890750169754028,0.7544991374015808,-0.17508217692375183,0.7932736873626709,0.755252480506897,-0.14470307528972626,0.7439128160476685,0.7879996299743652,-0.2590659260749817,0.7655805349349976,0.8010324835777283,-0.055432192981243134,0.6710112690925598,0.715154767036438,-0.23005923628807068,0.7272764444351196,0.7348164319992065,0.065871462225914,0.6923147439956665,0.6431937217712402,-0.12855318188667297,0.7429801225662231,0.6991623640060425,0.14260420203208923,0.6960548162460327,0.6216374039649963,-0.129667729139328,0.7468084692955017,0.6947819590568542,0.16276437044143677,0.7044112682342529,0.6339825987815857,-0.1199103593826294,0.7538050413131714,0.6911941170692444,0.14763903617858887,0.7031651735305786,0.6432740092277527,-0.12005142867565155,0.7513207197189331,0.6909255385398865,0.13735532760620117,0.6220581531524658,0.7270017862319946,-0.08079324662685394,0.6419051885604858,0.7320060133934021,0.08081506192684174,0.5705001950263977,0.6357889175415039,-0.014667026698589325,0.5995306372642517,0.662448525428772,0.26010292768478394,0.5494799613952637,0.752467691898346,0.13098523020744324,0.5890965461730957,0.7556935548782349,0.387272447347641,0.5525857210159302,0.7743874192237854,0.15151609480381012,0.5889338850975037,0.7734447121620178,0.4047539234161377,0.531851053237915,0.7613309025764465,0.19081172347068787,0.5802167057991028,0.7668344378471375,0.4490899443626404
0497,./images/142/frame_00497.jpg,Fall,0.8026644587516785,0.7381412982940674,-0.1253872662782669,0.8093554377555847,0.7450084090232849,-0.14850427210330963,0.8090356588363647,0.7467753887176514,-0.14852800965309143,0.8086167573928833,0.7486830949783325,-0.14861717820167542,0.8102852702140808,0.7468898296356201,-0.12550587952136993,0.8107754588127136,0.7504964470863342,-0.1255839765071869,0.8113576173782349,0.7534117698669434,-0.12569887936115265,0.7980608344078064,0.779698371887207,-0.20988157391548157,0.8050529360771179,0.7768891453742981,-0.10589927434921265,0.7897868752479553,0.7538233399391174,-0.1427713930606842,0.7930526733398438,0.7552147507667542,-0.11306218802928925,0.7438967227935791,0.7856238484382629,-0.23137322068214417,0.7661425471305847,0.8074395656585693,-0.03714242950081825,0.6791872382164001,0.7157729268074036,-0.19344712793827057,0.7361469864845276,0.7454646825790405,0.07792045176029205,0.7060322165489197,0.6599506735801697,-0.09278182685375214,0.756933331489563,0.7119658589363098,0.15644675493240356,0.7115927338600159,0.6440541744232178,-0.09197556227445602,0.761849045753479,0.7091220617294312,0.17433221638202667,0.7199865579605103,0.6568872332572937,-0.08687417209148407,0.7680688500404358,0.7046835422515869,0.1600022166967392,0.7185239791870117,0.6652172803878784,-0.0862208679318428,0.7653139233589172,0.7038899064064026,0.15239259600639343,0.6214321851730347,0.7242313623428345,-0.0792599469423294,0.6410691738128662,0.732204020023346,0.07927584648132324,0.5705100893974304,0.6369473934173584,-0.013561172410845757,0.6021267771720886,0.6599742770195007,0.2657710313796997,0.5491155982017517,0.7530301213264465,0.127600759267807,0.6018635630607605,0.7490571737289429,0.390692800283432,0.5497874021530151,0.7747317552566528,0.14862027764320374,0.6023816466331482,0.7671726942062378,0.4079352021217346,0.5317510366439819,0.7613770365715027,0.18708385527133942,0.5952790975570679,0.7524055242538452,0.45666104555130005
0498,./images/142/frame_00498.jpg,Fall,0.8011887669563293,0.738122284412384,-0.1220763772726059,0.8084782361984253,0.7449851036071777,-0.1449345499277115,0.8082884550094604,0.7467612624168396,-0.14493313431739807,0.8080279231071472,0.7486786842346191,-0.14500902593135834,0.8093675374984741,0.7468695640563965,-0.12088213860988617,0.8098379373550415,0.7504872679710388,-0.12095872312784195,0.8103235960006714,0.7534026503562927,-0.12106658518314362,0.7984231114387512,0.7793625593185425,-0.20460312068462372,0.805138885974884,0.7771102786064148,-0.09540168195962906,0.7892595529556274,0.7537305355072021,-0.1390455663204193,0.7915862798690796,0.7549827694892883,-0.10786043107509613,0.7441619038581848,0.786116898059845,-0.23062872886657715,0.766507625579834,0.80818772315979,-0.02037801221013069,0.680789053440094,0.7160165309906006,-0.19715701043605804,0.7345841526985168,0.7437334060668945,0.07648134231567383,0.7075743675231934,0.6628180146217346,-0.0872071236371994,0.7505344152450562,0.7118477821350098,0.1361413449048996,0.713203489780426,0.647583544254303,-0.0842704027891159,0.753896951675415,0.7092031836509705,0.15706299245357513,0.7214308977127075,0.6604580879211426,-0.0742102563381195,0.7600067853927612,0.7053709626197815,0.14169344305992126,0.7199211120605469,0.6682443618774414,-0.07831691205501556,0.757930338382721,0.7046565413475037,0.1317363828420639,0.6215711832046509,0.7237153053283691,-0.08024713397026062,0.6410978436470032,0.7315911054611206,0.08028616011142731,0.5702412128448486,0.6362627148628235,-0.08870731294155121,0.6017829179763794,0.6564611792564392,0.22807399928569794,0.54911869764328,0.7524906396865845,0.0336003378033638,0.5971657037734985,0.7499154806137085,0.31288331747055054,0.55280601978302,0.7723296880722046,0.052173517644405365,0.5990602374076843,0.7679228782653809,0.32520920038223267,0.5304050445556641,0.7634883522987366,0.10509791225194931,0.5867704749107361,0.7606321573257446,0.378140389919281
0499,./images/142/frame_00499.jpg,Fall,0.799989640712738,0.7380750179290771,-0.14244966208934784,0.8072240948677063,0.7449760437011719,-0.16469135880470276,0.8069772720336914,0.7467730045318604,-0.16471566259860992,0.8067452311515808,0.7487019300460815,-0.164798304438591,0.8082969784736633,0.7467265725135803,-0.14031735062599182,0.8088017702102661,0.7501950860023499,-0.14039218425750732,0.8092594146728516,0.7532443404197693,-0.14049947261810303,0.798998236656189,0.7791499495506287,-0.22144010663032532,0.8049837946891785,0.7771105170249939,-0.11151669174432755,0.788087785243988,0.7536099553108215,-0.15786083042621613,0.7897155284881592,0.7548748254776001,-0.12646830081939697,0.7431790232658386,0.7862081527709961,-0.25131189823150635,0.7664819955825806,0.811853289604187,-0.033712975680828094,0.6762350797653198,0.7092306613922119,-0.22135420143604279,0.7222570180892944,0.7434016466140747,0.055618464946746826,0.699933648109436,0.6278911828994751,-0.10732156038284302,0.7292793989181519,0.7028162479400635,0.10219739377498627,0.7059577703475952,0.605046272277832,-0.10930991172790527,0.7313745021820068,0.6967031955718994,0.11663652956485748,0.7156645655632019,0.6195794939994812,-0.09606005251407623,0.7388943433761597,0.6921775937080383,0.09966181963682175,0.708882212638855,0.6424907445907593,-0.09747354686260223,0.737346351146698,0.6927818059921265,0.09649290889501572,0.6214720010757446,0.7212479710578918,-0.08021005988121033,0.6410421133041382,0.7331721782684326,0.08023707568645477,0.5712772011756897,0.6341939568519592,-0.02182384766638279,0.6009394526481628,0.6589853763580322,0.2550308108329773,0.5497761964797974,0.7500225305557251,0.12518340349197388,0.5920809507369995,0.7495114803314209,0.37054646015167236,0.5532718896865845,0.7682361006736755,0.14588342607021332,0.5908551812171936,0.7677315473556519,0.3864096999168396,0.5355452299118042,0.7567214965820312,0.1854657679796219,0.5858535766601562,0.751951277256012,0.42689114809036255
0500,./images/142/frame_00500.jpg,Fall,0.799513041973114,0.7384504675865173,-0.16162481904029846,0.8067952394485474,0.7461397051811218,-0.18355631828308105,0.8065431714057922,0.7482103109359741,-0.18357601761817932,0.8062911033630371,0.7503913044929504,-0.1836695522069931,0.8079482913017273,0.7471814751625061,-0.15916894376277924,0.8084816932678223,0.7504551410675049,-0.1592545509338379,0.8089768290519714,0.7533661723136902,-0.15935872495174408,0.7993913888931274,0.7797287106513977,-0.23791751265525818,0.8050130605697632,0.7773789167404175,-0.12797147035598755,0.787504255771637,0.7535982131958008,-0.17589595913887024,0.7891566157341003,0.7547175288200378,-0.1444917619228363,0.742588460445404,0.7860992550849915,-0.2691504955291748,0.766552209854126,0.8039709329605103,-0.04491352289915085,0.668785810470581,0.708478569984436,-0.23800532519817352,0.714764416217804,0.7434348464012146,0.048265449702739716,0.6900997757911682,0.623738706111908,-0.12520134449005127,0.7168217301368713,0.6979730129241943,0.10002122819423676,0.6962434649467468,0.6003919243812561,-0.12934339046478271,0.7178804278373718,0.6901814937591553,0.11488840728998184,0.7022665739059448,0.6239259243011475,-0.11630435287952423,0.7257481813430786,0.6865541338920593,0.09796717017889023,0.6997345685958862,0.6373546719551086,-0.1157415360212326,0.7246102094650269,0.6877391338348389,0.09453624486923218,0.6206926107406616,0.7180891036987305,-0.08150044828653336,0.6396687626838684,0.735139012336731,0.0814969390630722,0.5716622471809387,0.6312189102172852,-0.0006756436196155846,0.5949742197990417,0.6622713208198547,0.2666592001914978,0.5497821569442749,0.7458217144012451,0.16023299098014832,0.5736081600189209,0.7495719194412231,0.3913446068763733,0.5528312921524048,0.7688277363777161,0.18201783299446106,0.5706751942634583,0.7680587768554688,0.407343327999115,0.5350170135498047,0.753052294254303,0.21829275786876678,0.5640705823898315,0.7452936172485352,0.4393700659275055
0501,./images/142/frame_00501.jpg,Fall,0.7990708947181702,0.7402976155281067,-0.15203383564949036,0.8066374063491821,0.7478139996528625,-0.17322462797164917,0.8064414858818054,0.7499430179595947,-0.1732388436794281,0.8062311410903931,0.7521507143974304,-0.1733154058456421,0.8076378107070923,0.7484445571899414,-0.14728312194347382,0.8081081509590149,0.7514773011207581,-0.14736858010292053,0.8085511922836304,0.75419020652771,-0.1474665105342865,0.7996546030044556,0.7818552851676941,-0.2259736955165863,0.8048689961433411,0.7781911492347717,-0.10931050777435303,0.7871862649917603,0.7541884779930115,-0.16598579287528992,0.7886267304420471,0.7550920248031616,-0.13250721991062164,0.7426092624664307,0.7863026857376099,-0.2646539807319641,0.7646192312240601,0.7979836463928223,-0.018572043627500534,0.6680911779403687,0.709380030632019,-0.23493604362010956,0.7053354978561401,0.7406933903694153,0.0532313771545887,0.6837117671966553,0.6268468499183655,-0.12639139592647552,0.701606273651123,0.6864087581634521,0.08543218672275543,0.6886113882064819,0.6032481789588928,-0.13076432049274445,0.7005809545516968,0.6756719350814819,0.09973224997520447,0.696377158164978,0.6275140047073364,-0.11738888174295425,0.7089784145355225,0.6720370650291443,0.08043430745601654,0.6955273747444153,0.6349223852157593,-0.11690326035022736,0.7085425853729248,0.6744949817657471,0.07826178520917892,0.6196902990341187,0.7182623147964478,-0.09041444957256317,0.6343098878860474,0.7340586185455322,0.09040220826864243,0.5713525414466858,0.6232683658599854,-0.040952689945697784,0.5840631723403931,0.6602227091789246,0.2645396292209625,0.5450520515441895,0.7412922382354736,0.10704567283391953,0.5600789785385132,0.7485848069190979,0.3506227433681488,0.5485550761222839,0.7684751152992249,0.12666158378124237,0.5585067272186279,0.7671906352043152,0.36125272512435913,0.5323888063430786,0.7525930404663086,0.16811178624629974,0.546949028968811,0.7444782853126526,0.3938276767730713
0502,./images/142/frame_00502.jpg,Fall,0.7989206314086914,0.7390072345733643,-0.15432512760162354,0.8061977624893188,0.7462207078933716,-0.17674578726291656,0.8060008883476257,0.7482606768608093,-0.17676307260990143,0.8057733774185181,0.7506332397460938,-0.17685146629810333,0.8072717785835266,0.7466334700584412,-0.15107223391532898,0.8077806234359741,0.7494792342185974,-0.15116329491138458,0.8082863688468933,0.7520026564598083,-0.15126962959766388,0.7946177124977112,0.7803647518157959,-0.23382031917572021,0.8017662167549133,0.777547299861908,-0.11830469220876694,0.7872844934463501,0.7522959113121033,-0.16947463154792786,0.7887240052223206,0.7530822157859802,-0.13636140525341034,0.7420223355293274,0.7839280962944031,-0.26773205399513245,0.7659593820571899,0.7979491353034973,-0.03185499086976051,0.6673083305358887,0.7066502571105957,-0.23704349994659424,0.7127954959869385,0.7395049929618835,0.04979287087917328,0.6870715618133545,0.627851128578186,-0.1244589239358902,0.7165506482124329,0.689629316329956,0.0972287505865097,0.6899057626724243,0.6066215634346008,-0.1276419460773468,0.7137724757194519,0.6798267960548401,0.11249053478240967,0.7002426385879517,0.6299923658370972,-0.1154959425330162,0.7201670408248901,0.6767019629478455,0.09768107533454895,0.6989133358001709,0.6356689929962158,-0.11530458927154541,0.7214579582214355,0.6785179376602173,0.09231725335121155,0.6186345219612122,0.7181196212768555,-0.08943285048007965,0.6349522471427917,0.7367724180221558,0.08944275230169296,0.5721226334571838,0.6236655712127686,0.0020931216422468424,0.586016058921814,0.6672530174255371,0.26965126395225525,0.5474187135696411,0.7423070073127747,0.16084107756614685,0.5647643804550171,0.7480820417404175,0.3932688534259796,0.5480165481567383,0.7690181136131287,0.18223333358764648,0.5620954632759094,0.7667270302772522,0.40923595428466797,0.5311905145645142,0.7400380373001099,0.2172461748123169,0.5540048480033875,0.7363948225975037,0.43993276357650757
0503,./images/142/frame_00503.jpg,Fall,0.7990117073059082,0.738757312297821,-0.1595107614994049,0.806243896484375,0.7458142638206482,-0.18208962678909302,0.8060256838798523,0.747760534286499,-0.18210653960704803,0.8057774305343628,0.7498831152915955,-0.1822028011083603,0.8073631525039673,0.7463065385818481,-0.1568479686975479,0.8078787922859192,0.7491366863250732,-0.15693560242652893,0.808380126953125,0.751605212688446,-0.1570531278848648,0.7952941060066223,0.7783151268959045,-0.23981566727161407,0.802080512046814,0.7770963907241821,-0.12630760669708252,0.7873602509498596,0.7518215775489807,-0.1750907599925995,0.788766622543335,0.75273197889328,-0.1425900012254715,0.7414728403091431,0.7836416363716125,-0.2705729305744171,0.7665973901748657,0.8057495355606079,-0.045253511518239975,0.6660735011100769,0.7062543630599976,-0.2388126403093338,0.7156177163124084,0.7402797341346741,0.046716801822185516,0.679355263710022,0.6317145228385925,-0.12541480362415314,0.7231940031051636,0.6917459964752197,0.1029517874121666,0.6827868223190308,0.6097478270530701,-0.1286836415529251,0.7234972715377808,0.6829107403755188,0.11900518089532852,0.6954488158226013,0.6314233541488647,-0.1179647445678711,0.7303711175918579,0.6782727837562561,0.1039460152387619,0.6948941946029663,0.6366910934448242,-0.11699557304382324,0.7298625707626343,0.6800894141197205,0.0980827659368515,0.6178706884384155,0.718284010887146,-0.08607655018568039,0.6354634761810303,0.7380964756011963,0.086044080555439,0.5720607042312622,0.6305583119392395,0.02194749191403389,0.5874465107917786,0.6662470102310181,0.27318525314331055,0.5490353107452393,0.7424067854881287,0.1944245547056198,0.5680937170982361,0.7482966780662537,0.4059603214263916,0.5485954284667969,0.7707250118255615,0.21708352863788605,0.5631123185157776,0.7628190517425537,0.4230184555053711,0.5323117971420288,0.740059494972229,0.25079837441444397,0.5557278394699097,0.7381194233894348,0.45205578207969666
0504,./images/142/frame_00504.jpg,Fall,0.7990923523902893,0.7383019924163818,-0.13547258079051971,0.8063145875930786,0.7452473044395447,-0.158445343375206,0.8061041831970215,0.7470843195915222,-0.15842986106872559,0.8058561086654663,0.7492005228996277,-0.15850141644477844,0.8074197769165039,0.7459352016448975,-0.1317915916442871,0.8079338073730469,0.7487806677818298,-0.1318705677986145,0.8084308505058289,0.7512760758399963,-0.13195563852787018,0.7970426678657532,0.7767084836959839,-0.2186548411846161,0.8021715879440308,0.7766625881195068,-0.09747794270515442,0.7875102162361145,0.7507666945457458,-0.1525155007839203,0.7888903021812439,0.7521237730979919,-0.1179218664765358,0.741517961025238,0.7838733196258545,-0.256694495677948,0.7662079334259033,0.8002728819847107,-0.008201071992516518,0.6666818857192993,0.7067662477493286,-0.22374200820922852,0.7243058085441589,0.7354757785797119,0.0745333582162857,0.681648313999176,0.6336255669593811,-0.09174902737140656,0.7429696917533875,0.6959425210952759,0.11799655854701996,0.6858446598052979,0.611190140247345,-0.08899951726198196,0.748304545879364,0.6932417750358582,0.139314204454422,0.6970633268356323,0.6318933963775635,-0.07611500471830368,0.7534719705581665,0.6910174489021301,0.12639495730400085,0.6967750787734985,0.6381953954696655,-0.08121608197689056,0.7501003742218018,0.6908149123191833,0.11412841081619263,0.6140639185905457,0.7184457778930664,-0.09039448201656342,0.6331676840782166,0.7334080338478088,0.09041914343833923,0.5683998465538025,0.6310726404190063,-0.08412592113018036,0.5768886208534241,0.6618048548698425,0.2344886064529419,0.5467011332511902,0.7435089349746704,0.043225519359111786,0.5593409538269043,0.7490537166595459,0.27653077244758606,0.5504288673400879,0.7709479331970215,0.06167455390095711,0.5662508010864258,0.7614634037017822,0.28259408473968506,0.5237787961959839,0.7596380710601807,0.1147855743765831,0.5444244146347046,0.7560616135597229,0.3169932961463928
0505,./images/142/frame_00505.jpg,Fall,0.7993759512901306,0.736000657081604,-0.13762764632701874,0.8064687848091125,0.7433018088340759,-0.1609450727701187,0.8062885403633118,0.7453207969665527,-0.16093474626541138,0.8060795068740845,0.7474885582923889,-0.16102269291877747,0.8075875043869019,0.7438818216323853,-0.1346387416124344,0.8081216812133789,0.7468463182449341,-0.1347121149301529,0.808822512626648,0.7497691512107849,-0.13479341566562653,0.799163818359375,0.7755779027938843,-0.22128374874591827,0.8033269643783569,0.7759976983070374,-0.10327386856079102,0.7885969877243042,0.7473925948143005,-0.15502847731113434,0.7900668382644653,0.7492183446884155,-0.12100571393966675,0.7415511012077332,0.7840551733970642,-0.256782591342926,0.7677485346794128,0.8058332800865173,-0.015522862784564495,0.6668053865432739,0.7070862650871277,-0.22824732959270477,0.7723335027694702,0.7519135475158691,0.08152434974908829,0.6840022802352905,0.6344249844551086,-0.13170967996120453,0.8103004693984985,0.7364586591720581,0.1651267111301422,0.6880155801773071,0.6133555173873901,-0.13463221490383148,0.821489155292511,0.7393260598182678,0.18143019080162048,0.6952196359634399,0.6320180296897888,-0.13029684126377106,0.8248564004898071,0.7373164892196655,0.1697225421667099,0.6946519017219543,0.6372112035751343,-0.12580344080924988,0.8194263577461243,0.7333795428276062,0.16173993051052094,0.6172993183135986,0.7207486629486084,-0.08933743089437485,0.6335297226905823,0.7332456111907959,0.08935563266277313,0.5683648586273193,0.6313647627830505,-0.016017327085137367,0.5791058540344238,0.665708601474762,0.24741050601005554,0.5456815958023071,0.7438178062438965,0.14811456203460693,0.5591843724250793,0.748340368270874,0.3518335223197937,0.5498129725456238,0.771038293838501,0.1708897054195404,0.5596950054168701,0.7620087265968323,0.3656275272369385,0.5245198607444763,0.7597396969795227,0.20873713493347168,0.5441846251487732,0.7488784790039062,0.36744651198387146
0506,./images/142/frame_00506.jpg,Fall,0.7998453378677368,0.735109269618988,-0.1402805745601654,0.8069449663162231,0.7428398132324219,-0.16332176327705383,0.8067901730537415,0.7448804378509521,-0.16331692039966583,0.8066091537475586,0.7470192909240723,-0.1634058803319931,0.8080501556396484,0.7435982823371887,-0.13735124468803406,0.8087632060050964,0.7467623353004456,-0.13742749392986298,0.8094345927238464,0.7497560381889343,-0.13751299679279327,0.8007363080978394,0.7753260135650635,-0.2227775603532791,0.8042079210281372,0.7759977579116821,-0.10469599068164825,0.7896851897239685,0.7461297512054443,-0.15710480511188507,0.7909318208694458,0.7482514977455139,-0.12352706491947174,0.7417725324630737,0.7841880917549133,-0.25704091787338257,0.7677625417709351,0.8081834316253662,-0.020973611623048782,0.6634273529052734,0.709337592124939,-0.24130260944366455,0.7658147811889648,0.758241593837738,0.07963056862354279,0.6823923587799072,0.6356182098388672,-0.16139231622219086,0.8056175112724304,0.7455936074256897,0.1584359109401703,0.6818681955337524,0.6103255152702332,-0.16630801558494568,0.8181260228157043,0.7494156956672668,0.17463470995426178,0.6938303709030151,0.6287198662757874,-0.15965494513511658,0.8218010067939758,0.7455580234527588,0.1631816327571869,0.6918250322341919,0.6356725692749023,-0.15493109822273254,0.8157534599304199,0.7416533827781677,0.15494738519191742,0.616197943687439,0.7180823683738708,-0.0894758328795433,0.6331205368041992,0.7331663966178894,0.08949027955532074,0.5665873289108276,0.6314818263053894,-0.03228764608502388,0.5760847926139832,0.6739961504936218,0.23904111981391907,0.5437023043632507,0.7476955056190491,0.1405339539051056,0.5546014308929443,0.7486408948898315,0.3435337543487549,0.5487460494041443,0.774389922618866,0.16204456984996796,0.5599857568740845,0.7640324831008911,0.35683685541152954,0.5216721296310425,0.7599236369132996,0.20116674900054932,0.5406844615936279,0.7473548054695129,0.37584930658340454
0507,./images/142/frame_00507.jpg,Fall,0.7998844981193542,0.7351086139678955,-0.12778231501579285,0.8069872856140137,0.742946207523346,-0.1509166806936264,0.8068251609802246,0.7450174689292908,-0.15090815722942352,0.8066369295120239,0.747306227684021,-0.1509881168603897,0.808092474937439,0.7437393069267273,-0.12500181794166565,0.8087906837463379,0.7469368577003479,-0.12508970499038696,0.8094322085380554,0.7501547336578369,-0.12519647181034088,0.8010307550430298,0.7757023572921753,-0.21389591693878174,0.8042764663696289,0.7763659954071045,-0.09628992527723312,0.7896609902381897,0.7459025979042053,-0.14568911492824554,0.790942370891571,0.7480167746543884,-0.11218631267547607,0.7417968511581421,0.784307599067688,-0.24845170974731445,0.7664346098899841,0.8103755712509155,-0.016576195135712624,0.6641744375228882,0.7091132402420044,-0.23950159549713135,0.7602208852767944,0.7577948570251465,0.08999337255954742,0.6833206415176392,0.6360016465187073,-0.15244051814079285,0.7841346859931946,0.7421965599060059,0.16242137551307678,0.6830984354019165,0.6113282442092896,-0.15736894309520721,0.7912343144416809,0.7459204792976379,0.18019980192184448,0.6943866014480591,0.6291182041168213,-0.1489783227443695,0.7963275909423828,0.7435728311538696,0.16657283902168274,0.6924164891242981,0.6345775127410889,-0.14546406269073486,0.7926475405693054,0.7397381067276001,0.15844814479351044,0.6155968904495239,0.7170540690422058,-0.0890079066157341,0.632405161857605,0.7346950769424438,0.08902145177125931,0.5667517185211182,0.632573127746582,-0.030677620321512222,0.5783078074455261,0.672738254070282,0.23956191539764404,0.5434255003929138,0.7525907754898071,0.1335705816745758,0.5548703074455261,0.7546635866165161,0.33718398213386536,0.5478924512863159,0.7798961400985718,0.15416155755519867,0.5546150207519531,0.7709222435951233,0.3497828543186188,0.5221190452575684,0.7623975872993469,0.19148509204387665,0.5431956648826599,0.7504842281341553,0.3742382824420929
0508,./images/142/frame_00508.jpg,Fall,0.7998523116111755,0.734329879283905,-0.12907470762729645,0.8069993257522583,0.7423684000968933,-0.15222318470478058,0.8068493008613586,0.744497537612915,-0.15225133299827576,0.806662380695343,0.7467842698097229,-0.15234032273292542,0.8080717325210571,0.743223249912262,-0.12797483801841736,0.8087426424026489,0.7464983463287354,-0.1280711144208908,0.8093482851982117,0.7497596740722656,-0.12819775938987732,0.8014360666275024,0.7756257653236389,-0.2155105620622635,0.8043162226676941,0.7763668298721313,-0.1002887487411499,0.7896592020988464,0.744646430015564,-0.1477632075548172,0.7909462451934814,0.7464351058006287,-0.11586011946201324,0.7425011396408081,0.788948655128479,-0.2496836632490158,0.7664974927902222,0.8102957606315613,-0.019255217164754868,0.6644576787948608,0.7205085754394531,-0.24838897585868835,0.7571121454238892,0.7568194270133972,0.08821402490139008,0.681916356086731,0.6372455954551697,-0.1808755248785019,0.7837618589401245,0.7405927777290344,0.16034263372421265,0.6802591681480408,0.6117568612098694,-0.18708691000938416,0.7921528816223145,0.7435591816902161,0.17814049124717712,0.6923803091049194,0.6294112801551819,-0.17824827134609222,0.7964321374893188,0.7408450841903687,0.16468177735805511,0.6915251612663269,0.6343434453010559,-0.17370423674583435,0.7920418977737427,0.737430214881897,0.15640689432621002,0.615754246711731,0.7172076106071472,-0.08888978511095047,0.6325007677078247,0.7318896651268005,0.08890029788017273,0.5649869441986084,0.6372230648994446,-0.049708690494298935,0.5776735544204712,0.6744563579559326,0.23362664878368378,0.5436648726463318,0.7565215826034546,0.11586152017116547,0.556954562664032,0.754585862159729,0.32808756828308105,0.5498825311660767,0.7817087769508362,0.1381278932094574,0.558089554309845,0.7666300535202026,0.3403538763523102,0.5226916074752808,0.7673557996749878,0.17584998905658722,0.5435678362846375,0.7518268823623657,0.361492395401001
0509,./images/142/frame_00509.jpg,Fall,0.7997361421585083,0.7336423397064209,-0.1513044536113739,0.8069393038749695,0.7416512966156006,-0.17472347617149353,0.8068047761917114,0.7438905239105225,-0.17471268773078918,0.8066331744194031,0.7462190389633179,-0.17478588223457336,0.8080291748046875,0.7423569560050964,-0.14836253225803375,0.8087037801742554,0.7456381916999817,-0.14844335615634918,0.8093597292900085,0.7490782141685486,-0.14855103194713593,0.8016899824142456,0.7755178809165955,-0.2337806224822998,0.8045710325241089,0.7761808633804321,-0.11285847425460815,0.7895920276641846,0.7444701194763184,-0.16750407218933105,0.7909354567527771,0.7458834052085876,-0.1332976520061493,0.7416567206382751,0.7910013794898987,-0.26398876309394836,0.7684980034828186,0.8098760843276978,-0.023597143590450287,0.6646691560745239,0.728010892868042,-0.25831225514411926,0.7550720572471619,0.7560366988182068,0.0842602401971817,0.6778989434242249,0.6468955278396606,-0.18108773231506348,0.7661746740341187,0.7347803711891174,0.15363682806491852,0.6778563857078552,0.6248144507408142,-0.1856783926486969,0.7702131867408752,0.7365559935569763,0.17342421412467957,0.6908316016197205,0.6312239170074463,-0.17530229687690735,0.7750170826911926,0.7343239784240723,0.15846489369869232,0.6904345750808716,0.6347200870513916,-0.17310604453086853,0.7718602418899536,0.7312050461769104,0.14940448105335236,0.61583411693573,0.7220959067344666,-0.08870621770620346,0.6360222101211548,0.7318478226661682,0.08871782571077347,0.5652621984481812,0.6370648741722107,-0.06751802563667297,0.588239312171936,0.6643041968345642,0.23242127895355225,0.5469948053359985,0.7660951614379883,0.10036806762218475,0.5628263354301453,0.760749876499176,0.32076406478881836,0.5535673499107361,0.7910111546516418,0.12318078428506851,0.566299557685852,0.7699066996574402,0.332451194524765,0.526818573474884,0.7793386578559875,0.16646793484687805,0.5467160940170288,0.7672315239906311,0.358092725276947
0510,./images/142/frame_00510.jpg,Fall,0.799703061580658,0.7336602210998535,-0.1504732072353363,0.8069405555725098,0.7417187094688416,-0.17374947667121887,0.8068181276321411,0.7440115809440613,-0.17373938858509064,0.8066474795341492,0.7465400099754333,-0.17381909489631653,0.8079848289489746,0.7424010634422302,-0.14827074110507965,0.8086878061294556,0.745775580406189,-0.14835676550865173,0.8093270063400269,0.7492300868034363,-0.1484592705965042,0.8019386529922485,0.7761048078536987,-0.23123598098754883,0.8046018481254578,0.7767012119293213,-0.10633082687854767,0.7895981073379517,0.7445295453071594,-0.16726559400558472,0.7909325361251831,0.7459475994110107,-0.13152334094047546,0.7431932687759399,0.7941610813140869,-0.26290950179100037,0.768467903137207,0.8084231019020081,-0.012357312254607677,0.6647741794586182,0.7311092615127563,-0.2552723288536072,0.7442486882209778,0.7532764077186584,0.09297051280736923,0.6736865639686584,0.6504717469215393,-0.17435956001281738,0.7528082728385925,0.7319415807723999,0.15781454741954803,0.6730376482009888,0.6292142868041992,-0.17949309945106506,0.7556942701339722,0.7325800657272339,0.17909252643585205,0.6849559545516968,0.633306622505188,-0.16943244636058807,0.7612186670303345,0.7300736904144287,0.16405878961086273,0.6890411972999573,0.6367440819740295,-0.16647161543369293,0.7586180567741394,0.7275183796882629,0.15346145629882812,0.6144811511039734,0.7231712937355042,-0.08999337255954742,0.6354888677597046,0.730412483215332,0.09001262485980988,0.5654515027999878,0.6370137929916382,-0.07598120719194412,0.5841197967529297,0.6643919348716736,0.23175927996635437,0.5458738207817078,0.7675301432609558,0.08514849096536636,0.5571587681770325,0.7601483464241028,0.3105994760990143,0.551490068435669,0.7910704612731934,0.10710813105106354,0.5568075180053711,0.7709914445877075,0.32068437337875366,0.5257154703140259,0.7818201780319214,0.15125541388988495,0.5402914881706238,0.7644859552383423,0.34562668204307556
0511,./images/142/frame_00511.jpg,Fall,0.7997193336486816,0.7337096333503723,-0.14635069668293,0.8069463968276978,0.7420694231987,-0.16915997862815857,0.8068523406982422,0.7444618940353394,-0.1691540777683258,0.8067132830619812,0.7472190856933594,-0.1692262440919876,0.8079937100410461,0.7427655458450317,-0.14223821461200714,0.808695912361145,0.7461327314376831,-0.14231647551059723,0.8093320727348328,0.7495601177215576,-0.14242509007453918,0.8022416234016418,0.7773825526237488,-0.22357666492462158,0.8046466112136841,0.7774276733398438,-0.09828881919384003,0.7897651195526123,0.7445704340934753,-0.1613728106021881,0.7909880876541138,0.745958685874939,-0.1252540647983551,0.7440571784973145,0.7944462895393372,-0.26163363456726074,0.7681280374526978,0.8001261353492737,-7.018527685431764e-05,0.6649333238601685,0.7302615642547607,-0.2511097490787506,0.7321971654891968,0.7511422038078308,0.0940859466791153,0.675688624382019,0.6472139358520508,-0.16721925139427185,0.7420815229415894,0.7275586724281311,0.15468136966228485,0.6764084696769714,0.6238385438919067,-0.17158374190330505,0.7455343008041382,0.7271660566329956,0.17412522435188293,0.6866294145584106,0.6307981014251709,-0.16258764266967773,0.7512665390968323,0.722389817237854,0.15943697094917297,0.690281867980957,0.6364137530326843,-0.16367478668689728,0.7483596205711365,0.7211612462997437,0.15038901567459106,0.6130003333091736,0.7236255407333374,-0.09123574197292328,0.6344455480575562,0.7298656105995178,0.0912633091211319,0.5652235746383667,0.6360527873039246,-0.08714138716459274,0.5850040316581726,0.6496657133102417,0.2326742708683014,0.5447396039962769,0.7662293910980225,0.07202634960412979,0.557115912437439,0.7600583434104919,0.30040258169174194,0.5518311858177185,0.7894315719604492,0.09360643476247787,0.557154655456543,0.7710539102554321,0.30914127826690674,0.5257518291473389,0.7786073684692383,0.14644533395767212,0.5402699112892151,0.7647520303726196,0.3414309620857239
0512,./images/142/frame_00512.jpg,Fall,0.7993221879005432,0.7336070537567139,-0.17328433692455292,0.8065633773803711,0.7420682311058044,-0.1944134682416916,0.806498646736145,0.7444680333137512,-0.1944182962179184,0.806382954120636,0.7472235560417175,-0.19451063871383667,0.807479739189148,0.7426289916038513,-0.16702650487422943,0.8081560134887695,0.7459086775779724,-0.16710621118545532,0.8087314367294312,0.749190628528595,-0.1671963483095169,0.8020968437194824,0.7773734927177429,-0.2413526475429535,0.8045575022697449,0.7763575911521912,-0.11651329696178436,0.7893484830856323,0.7444348931312561,-0.1852428913116455,0.7906386256217957,0.7455291152000427,-0.14968378841876984,0.7426751255989075,0.7929173707962036,-0.27493816614151,0.7669966220855713,0.7974193096160889,-0.01046300120651722,0.6631401777267456,0.7240747809410095,-0.25876954197883606,0.7158098220825195,0.7417953610420227,0.07604536414146423,0.6706851720809937,0.6335506439208984,-0.16949328780174255,0.7157447338104248,0.6991285681724548,0.10856888443231583,0.6720070242881775,0.6085097193717957,-0.17701935768127441,0.7162996530532837,0.691144585609436,0.12480650842189789,0.6885780096054077,0.6278698444366455,-0.16465792059898376,0.7237817645072937,0.687061071395874,0.1053401455283165,0.6904652714729309,0.6323553323745728,-0.16172464191913605,0.7222190499305725,0.6887216567993164,0.10166158527135849,0.6123946905136108,0.7241390943527222,-0.0909210667014122,0.6344034075737,0.7287587523460388,0.09094565361738205,0.5653058290481567,0.6350729465484619,-0.0851021483540535,0.5820556879043579,0.6516957879066467,0.23319491744041443,0.5402917265892029,0.7652067542076111,0.08706515282392502,0.5529154539108276,0.7588706016540527,0.30638745427131653,0.5471309423446655,0.7889558672904968,0.10922273248434067,0.5512732863426208,0.7712064981460571,0.3137773275375366,0.5225857496261597,0.7768721580505371,0.15549296140670776,0.5353831052780151,0.7607364058494568,0.34966596961021423
0513,./images/142/frame_00513.jpg,Fall,0.7988988757133484,0.7345825433731079,-0.12761352956295013,0.8063822984695435,0.7430867552757263,-0.14942607283592224,0.8063705563545227,0.7454797625541687,-0.14942365884780884,0.8062959909439087,0.7483092546463013,-0.1494901478290558,0.8070858716964722,0.743686318397522,-0.12126131355762482,0.8075884580612183,0.7468687891960144,-0.12132787704467773,0.808014988899231,0.7500720620155334,-0.12141524255275726,0.8020058870315552,0.7786033749580383,-0.20359592139720917,0.8040472865104675,0.7777286171913147,-0.0762815847992897,0.7889881730079651,0.7456153631210327,-0.14291414618492126,0.7900311946868896,0.7463396787643433,-0.10637398064136505,0.7432290315628052,0.7927842140197754,-0.25362899899482727,0.7635074853897095,0.7922866940498352,0.021457362920045853,0.6658223867416382,0.723547101020813,-0.23200222849845886,0.7067104578018188,0.7392483353614807,0.09610740840435028,0.6721925735473633,0.6339824795722961,-0.11956021934747696,0.7016969323158264,0.6979848146438599,0.12010486423969269,0.6731583476066589,0.6095560193061829,-0.1239311695098877,0.699262261390686,0.6902424097061157,0.13811573386192322,0.6890699863433838,0.6279378533363342,-0.10985871404409409,0.7067995071411133,0.6873369216918945,0.1201324462890625,0.6888598203659058,0.6328774094581604,-0.10971541702747345,0.7067673206329346,0.6887611150741577,0.11365737020969391,0.6150111556053162,0.7284581661224365,-0.09422500431537628,0.6317499279975891,0.7276774644851685,0.09428752958774567,0.56568443775177,0.625305712223053,-0.11567554622888565,0.5814093947410583,0.6412304639816284,0.21926257014274597,0.5408135652542114,0.7643921971321106,0.01777861826121807,0.5544174909591675,0.7585560083389282,0.25987473130226135,0.5494660139083862,0.7883421778678894,0.03577832132577896,0.5544071197509766,0.7723759412765503,0.2647082507610321,0.5228537321090698,0.7803517580032349,0.0879078060388565,0.5374049544334412,0.7676452398300171,0.30064520239830017
0514,./images/142/frame_00514.jpg,Fall,0.7990879416465759,0.7345371842384338,-0.13142548501491547,0.806450366973877,0.7430586814880371,-0.15216293931007385,0.8064200282096863,0.7454593181610107,-0.15212543308734894,0.806347668170929,0.7482331395149231,-0.1521422415971756,0.807185173034668,0.7433109879493713,-0.1227981299161911,0.8076691627502441,0.7461188435554504,-0.12287713587284088,0.8081016540527344,0.7487661838531494,-0.12298347055912018,0.8007484674453735,0.7807340621948242,-0.21077565848827362,0.804060161113739,0.7743139266967773,-0.08759044855833054,0.7890371084213257,0.7456352114677429,-0.14338648319244385,0.7900842428207397,0.7462131977081299,-0.11062624305486679,0.7432213425636292,0.7946186661720276,-0.25412246584892273,0.7637558579444885,0.7903527021408081,0.006824364420026541,0.6645938158035278,0.73492830991745,-0.2399897575378418,0.7122178077697754,0.7374430298805237,0.09452825039625168,0.659809947013855,0.6402595043182373,-0.14871980249881744,0.7013748288154602,0.6930052042007446,0.1217971220612526,0.6555129885673523,0.6166439652442932,-0.1575385481119156,0.6970657110214233,0.6828441619873047,0.14011229574680328,0.6716802716255188,0.6281422972679138,-0.14261357486248016,0.7033835649490356,0.6806508302688599,0.1192740947008133,0.6780070662498474,0.6343077421188354,-0.13857494294643402,0.703693151473999,0.6830011010169983,0.11442462354898453,0.6153196692466736,0.7370513677597046,-0.09413257986307144,0.6318892240524292,0.7260847091674805,0.09417498111724854,0.5671221017837524,0.6219874024391174,-0.12153857946395874,0.5812652707099915,0.6345434784889221,0.19682577252388,0.5420169234275818,0.7663213014602661,0.028796810656785965,0.5552794933319092,0.7586625218391418,0.2579270601272583,0.5507639646530151,0.7954915165901184,0.04841824248433113,0.5598028302192688,0.7723750472068787,0.2655612826347351,0.5190306305885315,0.7863431572914124,0.098178431391716,0.536073625087738,0.7717433571815491,0.299642413854599
0515,./images/142/frame_00515.jpg,Fall,0.7990411520004272,0.7337337732315063,-0.16120681166648865,0.8063256144523621,0.7423609495162964,-0.18348993360996246,0.8062825202941895,0.7446341514587402,-0.183456689119339,0.80621737241745,0.7470774054527283,-0.18351222574710846,0.8070768117904663,0.7425444722175598,-0.1547044813632965,0.8075532913208008,0.7452074885368347,-0.15480871498584747,0.8080040812492371,0.7477213740348816,-0.1549069732427597,0.798381507396698,0.7806276082992554,-0.23798489570617676,0.802641749382019,0.7742810845375061,-0.11055859178304672,0.7889589071273804,0.7447591423988342,-0.17517323791980743,0.7900334596633911,0.7453910708427429,-0.13916867971420288,0.7408770322799683,0.7937237024307251,-0.2721092104911804,0.7637794017791748,0.7900215983390808,-0.007522460073232651,0.6633699536323547,0.7294989824295044,-0.2612675428390503,0.7154289484024048,0.7332618832588196,0.10043853521347046,0.6600972414016724,0.6394171714782715,-0.1729622632265091,0.7058301568031311,0.6902933120727539,0.16662314534187317,0.6579667329788208,0.6155194044113159,-0.17888101935386658,0.6994150876998901,0.6822207570075989,0.1913767009973526,0.6766612529754639,0.628058671951294,-0.16603313386440277,0.7044789791107178,0.6797680258750916,0.17213097214698792,0.6786137819290161,0.6337341070175171,-0.16346263885498047,0.707295835018158,0.6812668442726135,0.16111131012439728,0.6163079738616943,0.7362654209136963,-0.09364581853151321,0.6329421997070312,0.7217718362808228,0.09369291365146637,0.5682855844497681,0.6197325587272644,-0.11997909843921661,0.5769053101539612,0.63885897397995,0.20288316905498505,0.5385524034500122,0.7696276307106018,0.027593130245804787,0.5512903332710266,0.7610831260681152,0.27130383253097534,0.546698272228241,0.8023337721824646,0.04732361435890198,0.5529105067253113,0.7798478007316589,0.2797873020172119,0.5042961835861206,0.7922308444976807,0.09126827120780945,0.5301966071128845,0.7716420292854309,0.3085457384586334
0516,./images/142/frame_00516.jpg,Fall,0.7990149855613708,0.7332605719566345,-0.14383135735988617,0.8061944842338562,0.7418291568756104,-0.16613337397575378,0.806176483631134,0.7440208196640015,-0.16609898209571838,0.8061524629592896,0.7463145852088928,-0.1661498248577118,0.8068296313285828,0.7421818971633911,-0.13751496374607086,0.8072296380996704,0.7449011206626892,-0.13760823011398315,0.8076407313346863,0.7475205063819885,-0.13770262897014618,0.7992340326309204,0.7786781191825867,-0.22236089408397675,0.8027297854423523,0.7742488384246826,-0.0937533751130104,0.7889608144760132,0.7442992329597473,-0.15979227423667908,0.790033221244812,0.7452785968780518,-0.12298313528299332,0.7412985563278198,0.7958024144172668,-0.2641451060771942,0.7626641392707825,0.7889084815979004,0.002919773105531931,0.6635003089904785,0.7394047379493713,-0.2522992789745331,0.7184826135635376,0.7319177985191345,0.10735434293746948,0.6614125967025757,0.6490961909294128,-0.15049204230308533,0.7173293232917786,0.693658173084259,0.1681593507528305,0.6583263874053955,0.6264849901199341,-0.1548023819923401,0.716277003288269,0.6861587762832642,0.19230739772319794,0.6691615581512451,0.6300621032714844,-0.14178809523582458,0.7220907807350159,0.6830244064331055,0.1745346039533615,0.6711068153381348,0.6388760209083557,-0.14072366058826447,0.7219167351722717,0.6841795444488525,0.16287106275558472,0.6169532537460327,0.7406178712844849,-0.09373067319393158,0.6330073475837708,0.7221914529800415,0.0938095971941948,0.5697535276412964,0.6120569109916687,-0.13013777136802673,0.5775570869445801,0.6373452544212341,0.19833143055438995,0.5435841083526611,0.7698267698287964,0.018930520862340927,0.5529812574386597,0.7620061039924622,0.25704389810562134,0.5530561208724976,0.8012665510177612,0.03822966665029526,0.5549023151397705,0.7817292213439941,0.2637116312980652,0.5093867778778076,0.7983095049858093,0.08914927393198013,0.5327310562133789,0.7780450582504272,0.29536256194114685
0517,./images/142/frame_00517.jpg,Fall,0.7998145818710327,0.7316017150878906,-0.13443487882614136,0.8065415620803833,0.7408642172813416,-0.1559825837612152,0.8064853549003601,0.743094801902771,-0.1559486836194992,0.8064263463020325,0.7453876733779907,-0.155991330742836,0.8070536851882935,0.7412893772125244,-0.12776096165180206,0.8073475956916809,0.7441245913505554,-0.12783895432949066,0.807680606842041,0.7469335198402405,-0.1279178410768509,0.8000529408454895,0.7760252356529236,-0.2111227810382843,0.8028312921524048,0.7739120721817017,-0.08446997404098511,0.7896679043769836,0.7421202659606934,-0.15022988617420197,0.7905746102333069,0.7435578107833862,-0.11377300322055817,0.7412216067314148,0.7953090071678162,-0.25578147172927856,0.7624412775039673,0.7896312475204468,0.013898628763854504,0.6635946035385132,0.7375147342681885,-0.2555235028266907,0.7135146260261536,0.7325963973999023,0.1234956607222557,0.6486697793006897,0.6472277045249939,-0.18813762068748474,0.7170275449752808,0.691757082939148,0.1817702203989029,0.6417664289474487,0.6209083795547485,-0.19926609098911285,0.7176602482795715,0.683901309967041,0.2055838406085968,0.6509332656860352,0.6173732876777649,-0.18614286184310913,0.7240018844604492,0.6785500645637512,0.1852891594171524,0.6538512110710144,0.6277399659156799,-0.17946237325668335,0.7224082946777344,0.6797909140586853,0.1751706898212433,0.617000937461853,0.7401896715164185,-0.09340818971395493,0.6321101188659668,0.7253811955451965,0.0934697762131691,0.5691624879837036,0.6128954291343689,-0.11321811378002167,0.5763204097747803,0.6386922001838684,0.20323017239570618,0.543563723564148,0.7696000933647156,0.015052014961838722,0.5536792278289795,0.7690210938453674,0.2377651184797287,0.553881049156189,0.8036619424819946,0.032150283455848694,0.5560373067855835,0.7904657125473022,0.24257111549377441,0.5095298290252686,0.8038729429244995,0.08241190016269684,0.5328735709190369,0.7891189455986023,0.2732258439064026
0518,./images/142/frame_00518.jpg,Fall,0.7998566627502441,0.7296529412269592,-0.13713786005973816,0.8065493702888489,0.7387215495109558,-0.15858028829097748,0.8064891695976257,0.7411751747131348,-0.15853241086006165,0.8064301609992981,0.743504524230957,-0.15854933857917786,0.8070845603942871,0.7388147711753845,-0.13042591512203217,0.8073881268501282,0.7414912581443787,-0.13050691783428192,0.8077377080917358,0.744409441947937,-0.1305847465991974,0.8006356954574585,0.7737770080566406,-0.21489223837852478,0.8035351634025574,0.7713042497634888,-0.08974246680736542,0.7896928787231445,0.740364134311676,-0.1536182016134262,0.7906478643417358,0.7415504455566406,-0.11740914732217789,0.74127197265625,0.796411395072937,-0.2577582001686096,0.7642439603805542,0.7898491621017456,0.010513251647353172,0.6628228425979614,0.7397170066833496,-0.25729867815971375,0.7178274393081665,0.7342360615730286,0.11306317150592804,0.6534451246261597,0.6468241214752197,-0.18525147438049316,0.7219719886779785,0.6937398910522461,0.1750883013010025,0.6485222578048706,0.6208193302154541,-0.19404199719429016,0.7222523093223572,0.6867935061454773,0.19872072339057922,0.6588332056999207,0.6189374327659607,-0.18136918544769287,0.7293604612350464,0.6821333765983582,0.17963311076164246,0.6623964309692383,0.6314001083374023,-0.1764676570892334,0.7272099256515503,0.6830410361289978,0.16923990845680237,0.6180281043052673,0.7458828687667847,-0.09219490736722946,0.635233461856842,0.7265447974205017,0.09227906167507172,0.5704025626182556,0.6132721304893494,-0.11332228034734726,0.5912562608718872,0.6365851759910583,0.192671000957489,0.545071542263031,0.7690584063529968,0.031385693699121475,0.5696936845779419,0.767785906791687,0.2570412755012512,0.5596785545349121,0.8032534122467041,0.050634413957595825,0.571689248085022,0.78962641954422,0.2651884853839874,0.5137187242507935,0.7993541955947876,0.10020621120929718,0.549291729927063,0.7842358350753784,0.2991960942745209
0519,./images/142/frame_00519.jpg,Fall,0.7997239232063293,0.7284784317016602,-0.13737300038337708,0.8064502477645874,0.7376813888549805,-0.15908101201057434,0.8063912391662598,0.7402520179748535,-0.15904705226421356,0.8063441514968872,0.7426579594612122,-0.1590884029865265,0.8070122599601746,0.7374739050865173,-0.1310224086046219,0.8073333501815796,0.7399969100952148,-0.13110217452049255,0.8077034950256348,0.7428876161575317,-0.1311868280172348,0.8008527755737305,0.7737703323364258,-0.2133922278881073,0.8036195635795593,0.7707023024559021,-0.08767098933458328,0.7894487380981445,0.7393419742584229,-0.1529707908630371,0.7905529141426086,0.7400681972503662,-0.11678387969732285,0.7413583397865295,0.8007838726043701,-0.25334444642066956,0.7642573714256287,0.7896304726600647,0.006962834391742945,0.660925030708313,0.7467148900032043,-0.24657754600048065,0.7154096364974976,0.7346837520599365,0.11034897714853287,0.6565613746643066,0.647555410861969,-0.16065292060375214,0.713330090045929,0.6885800957679749,0.17247822880744934,0.6529549956321716,0.6213827133178711,-0.16748666763305664,0.7118587493896484,0.6784015893936157,0.1908659040927887,0.6641420722007751,0.626308798789978,-0.15256036818027496,0.7184501886367798,0.6754082441329956,0.16829195618629456,0.6668589115142822,0.6355111598968506,-0.15043294429779053,0.717508852481842,0.6778096556663513,0.16372539103031158,0.6180191040039062,0.7490262985229492,-0.09135454148054123,0.6352241635322571,0.726610541343689,0.09144864976406097,0.5709605813026428,0.6118319034576416,-0.13141687214374542,0.5893386006355286,0.6237202882766724,0.16903740167617798,0.5438343286514282,0.769920289516449,0.023856062442064285,0.5660560131072998,0.7670617699623108,0.24145551025867462,0.5586833357810974,0.8040327429771423,0.04372475668787956,0.5687949657440186,0.7903639078140259,0.25001150369644165,0.5133247971534729,0.7971306443214417,0.09417661279439926,0.5381392240524292,0.7838905453681946,0.28369471430778503
0520,./images/142/frame_00520.jpg,Fall,0.7992322444915771,0.7284449934959412,-0.13655754923820496,0.8062472343444824,0.737697958946228,-0.1581379473209381,0.8062515258789062,0.7402592897415161,-0.15812328457832336,0.8062576055526733,0.742676854133606,-0.15818332135677338,0.8067482709884644,0.7374737858772278,-0.1299532800912857,0.8071033358573914,0.7400436401367188,-0.13002249598503113,0.8075056076049805,0.7429075241088867,-0.13010811805725098,0.8012386560440063,0.7732071876525879,-0.21071532368659973,0.8036340475082397,0.770300567150116,-0.08394123613834381,0.789278507232666,0.7394740581512451,-0.15144571661949158,0.7903205156326294,0.7401594519615173,-0.11501394212245941,0.7417449951171875,0.8028144240379333,-0.2518905699253082,0.7632039189338684,0.7878470420837402,0.009744992479681969,0.6611772775650024,0.7435746192932129,-0.2375345528125763,0.710429310798645,0.7277829647064209,0.093013234436512,0.6486759185791016,0.6472907066345215,-0.1451655924320221,0.6962599158287048,0.6697648763656616,0.10020124912261963,0.6415525674819946,0.6227131485939026,-0.15339252352714539,0.6929970979690552,0.6654320359230042,0.11331236362457275,0.6498739123344421,0.6249027848243713,-0.14240488409996033,0.699270486831665,0.6638839840888977,0.09009002149105072,0.6532172560691833,0.6345744132995605,-0.13662676513195038,0.6997571587562561,0.6673169732093811,0.09089446812868118,0.6180713176727295,0.7479383945465088,-0.09105587005615234,0.6333876848220825,0.7261276245117188,0.09115301817655563,0.5687354803085327,0.611985445022583,-0.12213195860385895,0.5767448544502258,0.6343797445297241,0.18479205667972565,0.5416673421859741,0.7695836424827576,0.02352510765194893,0.5528178215026855,0.7627426385879517,0.24740612506866455,0.5507888197898865,0.8030945658683777,0.041841018944978714,0.5524136424064636,0.7858772873878479,0.25514981150627136,0.5086139440536499,0.7906854152679443,0.07985017448663712,0.5295838713645935,0.7667509913444519,0.2778225541114807
0521,./images/142/frame_00521.jpg,Fall,0.7988786697387695,0.7276753783226013,-0.13208922743797302,0.805777370929718,0.7362608909606934,-0.15366627275943756,0.8057481646537781,0.7386718988418579,-0.15364360809326172,0.805733859539032,0.7408459186553955,-0.1536952704191208,0.8063356280326843,0.7362158894538879,-0.1254587024450302,0.8067054748535156,0.7389062643051147,-0.12552790343761444,0.8071376085281372,0.7416948080062866,-0.12562128901481628,0.8004891276359558,0.7732270359992981,-0.20942585170269012,0.8035815358161926,0.7682065963745117,-0.08233683556318283,0.7890454530715942,0.738985002040863,-0.14863833785057068,0.7899665832519531,0.7398567795753479,-0.11209505796432495,0.7409525513648987,0.8008080124855042,-0.2513693869113922,0.7630099058151245,0.7887896299362183,0.007574097719043493,0.6546701788902283,0.7395756840705872,-0.21234986186027527,0.6997939348220825,0.7294963598251343,0.06462680548429489,0.6521058678627014,0.649099588394165,-0.08365938812494278,0.6848599910736084,0.6758699417114258,0.057952381670475006,0.6425220370292664,0.6271283030509949,-0.08657516539096832,0.680087685585022,0.6659241318702698,0.07029343396425247,0.6575690507888794,0.630086362361908,-0.07503356039524078,0.6860219836235046,0.6648582220077515,0.0480819009244442,0.6608827114105225,0.6401898860931396,-0.07437404990196228,0.6868955492973328,0.6687801480293274,0.048693738877773285,0.6168110370635986,0.7455400824546814,-0.09169261157512665,0.6299028396606445,0.73091721534729,0.0917779877781868,0.5679051876068115,0.6112048029899597,-0.11815651506185532,0.5745006203651428,0.6387739777565002,0.21075677871704102,0.5469957590103149,0.7693396806716919,0.018207665532827377,0.5536256432533264,0.7637781500816345,0.2528713345527649,0.5578250288963318,0.8021666407585144,0.035658322274684906,0.55375075340271,0.7854369878768921,0.25814002752304077,0.5184875130653381,0.7922692894935608,0.08882563561201096,0.5364288687705994,0.77446448802948,0.2905098497867584
0522,./images/142/frame_00522.jpg,Fall,0.7988723516464233,0.727759063243866,-0.13085898756980896,0.8057821393013,0.7363830804824829,-0.1526540219783783,0.8057538866996765,0.7387841939926147,-0.15264450013637543,0.805742084980011,0.7409569621086121,-0.15270650386810303,0.8063405752182007,0.7363481521606445,-0.12362301349639893,0.8067178726196289,0.7390116453170776,-0.12368948757648468,0.8071528673171997,0.7417463660240173,-0.1237882599234581,0.8010852932929993,0.7730887532234192,-0.20814326405525208,0.8036540150642395,0.7682486772537231,-0.07678131759166718,0.7891741991043091,0.7390936017036438,-0.14714795351028442,0.7900835275650024,0.7399342656135559,-0.10951785743236542,0.7409744262695312,0.8004404902458191,-0.2518233060836792,0.7613751888275146,0.788730263710022,0.015777405351400375,0.6563841104507446,0.7388305068016052,-0.21807077527046204,0.6978952288627625,0.7249506711959839,0.06964053958654404,0.6654418706893921,0.647300124168396,-0.09944133460521698,0.6794601082801819,0.6613747477531433,0.049809060990810394,0.6528742909431458,0.6231856346130371,-0.10547058284282684,0.6741582751274109,0.6448895931243896,0.05919041484594345,0.6736901998519897,0.6290425062179565,-0.09327565133571625,0.6795983910560608,0.6456051468849182,0.03568355366587639,0.6792932748794556,0.6390009522438049,-0.08999945968389511,0.6805434226989746,0.6513964533805847,0.0396307036280632,0.6139734387397766,0.741026759147644,-0.09292401373386383,0.6271829605102539,0.7289695143699646,0.09301351010799408,0.552513062953949,0.6083160042762756,-0.12234194576740265,0.5681940913200378,0.6425739526748657,0.20874841511249542,0.5423905849456787,0.7682565450668335,0.020288335159420967,0.5471437573432922,0.7632016539573669,0.25375622510910034,0.5503705739974976,0.8006722927093506,0.03814657777547836,0.5471946001052856,0.784112274646759,0.25945135951042175,0.5151428580284119,0.7887370586395264,0.08242585510015488,0.5308131575584412,0.7712290287017822,0.28536301851272583
0523,./images/142/frame_00523.jpg,Fall,0.7957600355148315,0.7271203994750977,-0.15662528574466705,0.803338348865509,0.7354141473770142,-0.178676575422287,0.8033124804496765,0.7378174662590027,-0.17865142226219177,0.8033490180969238,0.7400500774383545,-0.1787126362323761,0.8040823936462402,0.7351554036140442,-0.15009595453739166,0.8045444488525391,0.7376036643981934,-0.15018241107463837,0.805099606513977,0.7400984764099121,-0.15027853846549988,0.8001432418823242,0.7704417109489441,-0.23415538668632507,0.8026367425918579,0.7672611474990845,-0.10570399463176727,0.7863356471061707,0.7384504675865173,-0.1722245216369629,0.7874685525894165,0.7390018701553345,-0.13531821966171265,0.7388136386871338,0.8004670143127441,-0.2726175785064697,0.7607130408287048,0.788874626159668,-0.009819143451750278,0.6528990268707275,0.7380160093307495,-0.2520478367805481,0.7019520401954651,0.7263435125350952,0.07122291624546051,0.6399929523468018,0.645293653011322,-0.16695688664913177,0.689045786857605,0.6656092405319214,0.08571673929691315,0.6368784308433533,0.6177235841751099,-0.17721644043922424,0.6851949095726013,0.6512738466262817,0.10118907690048218,0.6480187773704529,0.6176009178161621,-0.16616569459438324,0.6914150714874268,0.649082362651825,0.0787910670042038,0.6514521241188049,0.6285530924797058,-0.158561110496521,0.6914411783218384,0.6536473631858826,0.07716862112283707,0.6138685941696167,0.741520881652832,-0.09271330386400223,0.6279858350753784,0.728307843208313,0.09278817474842072,0.558782160282135,0.6087273359298706,-0.12122981250286102,0.5704585909843445,0.6448580622673035,0.21001875400543213,0.5424250364303589,0.7681490778923035,0.04276009276509285,0.5487410426139832,0.7621632814407349,0.2797231376171112,0.5505097508430481,0.800645112991333,0.06306875497102737,0.5498980283737183,0.7833343744277954,0.28879526257514954,0.5180395245552063,0.7801474928855896,0.11068268865346909,0.5316363573074341,0.767584502696991,0.32009822130203247
0524,./images/142/frame_00524.jpg,Fall,0.7956897020339966,0.7254152894020081,-0.17663364112377167,0.8029876947402954,0.7338534593582153,-0.1973777711391449,0.802903950214386,0.7362291216850281,-0.19738148152828217,0.8029006123542786,0.7386159300804138,-0.19747468829154968,0.8039168119430542,0.7333986759185791,-0.16939225792884827,0.8044317364692688,0.7357860803604126,-0.16947691142559052,0.8050426244735718,0.738243043422699,-0.16957315802574158,0.7999885678291321,0.7669817805290222,-0.2500317692756653,0.802664577960968,0.765899121761322,-0.12451450526714325,0.7858272194862366,0.736235499382019,-0.1914227157831192,0.787145733833313,0.7364587783813477,-0.15538570284843445,0.7357684373855591,0.7992653846740723,-0.28127962350845337,0.7618239521980286,0.7897050380706787,-0.035461582243442535,0.653213381767273,0.7316832542419434,-0.25417542457580566,0.7026510238647461,0.7270829081535339,0.032295238226652145,0.6461437940597534,0.6397287249565125,-0.1605047732591629,0.6898828744888306,0.6642268896102905,0.02828597091138363,0.6372534036636353,0.6123367547988892,-0.17037120461463928,0.6876158118247986,0.64875727891922,0.036120008677244186,0.669281005859375,0.618313193321228,-0.15804201364517212,0.693882942199707,0.6463652849197388,0.01364218257367611,0.6657103300094604,0.6287125945091248,-0.15157751739025116,0.6933486461639404,0.6513863205909729,0.01891324296593666,0.6129276752471924,0.7366587519645691,-0.08831457793712616,0.6299864053726196,0.7319623231887817,0.08831968903541565,0.5660768747329712,0.6172124743461609,-0.052345745265483856,0.5712428092956543,0.6623801589012146,0.22628037631511688,0.5408334136009216,0.7602033019065857,0.110552117228508,0.5496165156364441,0.7580369710922241,0.327659547328949,0.5442203283309937,0.7937949299812317,0.13102391362190247,0.5481653213500977,0.7790398597717285,0.34008699655532837,0.5243176221847534,0.7602294087409973,0.1631241887807846,0.5334177613258362,0.7443367838859558,0.36413511633872986
0525,./images/142/frame_00525.jpg,Fall,0.7956844568252563,0.7244473695755005,-0.16566914319992065,0.8026822805404663,0.7326935529708862,-0.1872721016407013,0.8025609850883484,0.7350382208824158,-0.18725274503231049,0.8025317192077637,0.7373713254928589,-0.18732169270515442,0.8036286234855652,0.7321054339408875,-0.15892650187015533,0.8041096925735474,0.7344257831573486,-0.15900921821594238,0.8047056198120117,0.7368518114089966,-0.15910261869430542,0.7996103763580322,0.765487015247345,-0.2434292733669281,0.8023822903633118,0.765230655670166,-0.11569739878177643,0.7856476306915283,0.7350178956985474,-0.18161049485206604,0.7869352102279663,0.7349652051925659,-0.14501024782657623,0.7353278398513794,0.7980298399925232,-0.28168362379074097,0.7618762254714966,0.7910073399543762,-0.023436708375811577,0.6542354822158813,0.7298770546913147,-0.2554919123649597,0.7019215822219849,0.7326678037643433,0.05342051386833191,0.6411581039428711,0.6387771368026733,-0.15712615847587585,0.6851781010627747,0.6674851179122925,0.056832343339920044,0.6349290013313293,0.6129596829414368,-0.16562648117542267,0.6806479692459106,0.6528415679931641,0.05647844821214676,0.6480731964111328,0.6163920760154724,-0.1539466679096222,0.6861460208892822,0.6498761177062988,0.04581478610634804,0.6498973965644836,0.6271435022354126,-0.14828386902809143,0.686404824256897,0.654764711856842,0.050246916711330414,0.6129739880561829,0.7422877550125122,-0.08845168352127075,0.6311977505683899,0.7318418622016907,0.08846236765384674,0.5660620927810669,0.6177449822425842,-0.07646717131137848,0.5736098885536194,0.6550084948539734,0.22415661811828613,0.5446637868881226,0.7650809288024902,0.07754987478256226,0.5574957728385925,0.7611766457557678,0.3024907112121582,0.5529998540878296,0.7980921268463135,0.0970381572842598,0.5594460964202881,0.7827897071838379,0.31219083070755005,0.5244231224060059,0.7717715501785278,0.14041492342948914,0.5391669869422913,0.7658223509788513,0.3410368859767914
0526,./images/142/frame_00526.jpg,Fall,0.7965610027313232,0.7244124412536621,-0.15758296847343445,0.8031115531921387,0.7327660322189331,-0.17797121405601501,0.8029493093490601,0.7351576089859009,-0.1779591143131256,0.8028914332389832,0.7375120520591736,-0.17803259193897247,0.8040133714675903,0.7321231365203857,-0.1504538506269455,0.8044172525405884,0.7344191074371338,-0.15053993463516235,0.8049541711807251,0.7367643713951111,-0.15062737464904785,0.7997785806655884,0.765737771987915,-0.22877737879753113,0.8024161458015442,0.7645928263664246,-0.10479394346475601,0.7864214181900024,0.7350375056266785,-0.17181722819805145,0.7873835563659668,0.7348634600639343,-0.136377215385437,0.7355116009712219,0.7979968786239624,-0.2596758306026459,0.7604575753211975,0.7901047468185425,-0.019360648468136787,0.6529467105865479,0.746778130531311,-0.23278161883354187,0.699878990650177,0.7327772378921509,0.06140317767858505,0.6647908687591553,0.6395647525787354,-0.12550607323646545,0.6817067265510559,0.6670135259628296,0.07108357548713684,0.6560386419296265,0.6139097809791565,-0.12982147932052612,0.6766794323921204,0.64985191822052,0.08113767206668854,0.6812198162078857,0.6215690970420837,-0.11426474899053574,0.6818031072616577,0.6494410634040833,0.06090128421783447,0.6781715750694275,0.6299412250518799,-0.11422963440418243,0.6825969815254211,0.6550925374031067,0.06279833614826202,0.6129735708236694,0.7419503331184387,-0.08768362551927567,0.6298331618309021,0.7317383885383606,0.08771954476833344,0.5645639896392822,0.6156624555587769,-0.09389493614435196,0.5707711577415466,0.6541244387626648,0.20178520679473877,0.5433293581008911,0.7694958448410034,0.03879345953464508,0.553478479385376,0.7624296545982361,0.2606598138809204,0.550998330116272,0.803804337978363,0.056669533252716064,0.5542564392089844,0.7843093872070312,0.2680708169937134,0.5150783658027649,0.777449905872345,0.0979604572057724,0.534821093082428,0.7661536335945129,0.29404082894325256
0527,./images/142/frame_00527.jpg,Fall,0.795401930809021,0.7223564386367798,-0.15719977021217346,0.8021052479743958,0.7302789688110352,-0.17808368802070618,0.8018253445625305,0.7327238321304321,-0.17806437611579895,0.8016996383666992,0.7352314591407776,-0.17813056707382202,0.8032749891281128,0.72919100522995,-0.15083232522010803,0.8037241101264954,0.7312812209129333,-0.15092019736766815,0.8043487668037415,0.7334064841270447,-0.1510077565908432,0.7988367080688477,0.7627286314964294,-0.22938266396522522,0.8020879626274109,0.7609150409698486,-0.10744887590408325,0.7850446105003357,0.7338547706604004,-0.17168280482292175,0.7862917184829712,0.7332755923271179,-0.13660365343093872,0.7352355122566223,0.7979801893234253,-0.2584906816482544,0.7611137628555298,0.7908058166503906,-0.023550812155008316,0.6519564986228943,0.7504673600196838,-0.2275581657886505,0.7001103162765503,0.7365165948867798,0.05652988702058792,0.6675673723220825,0.6468716263771057,-0.11581907421350479,0.6847787499427795,0.6702293157577515,0.07104736566543579,0.6602632999420166,0.620939314365387,-0.11907994747161865,0.6794555187225342,0.6508792042732239,0.08309878408908844,0.6845877766609192,0.6281737685203552,-0.10490825027227402,0.6843656897544861,0.6531713008880615,0.061806898564100266,0.6817603707313538,0.636445939540863,-0.10509426891803741,0.6852134466171265,0.6598557829856873,0.06294194608926773,0.6126512885093689,0.7438130974769592,-0.08493682742118835,0.6299450993537903,0.7326684594154358,0.08498947322368622,0.5650597214698792,0.6108112931251526,-0.09523771703243256,0.572083592414856,0.647740364074707,0.19453482329845428,0.5445135235786438,0.7694438695907593,0.037710558623075485,0.5562519431114197,0.762222945690155,0.2539423108100891,0.5525933504104614,0.8033192753791809,0.05577487871050835,0.557602047920227,0.7841656804084778,0.2610267996788025,0.5172820091247559,0.7778992652893066,0.10233721882104874,0.5371652841567993,0.7666364312171936,0.2934883236885071
0528,./images/142/frame_00528.jpg,Fall,0.7942007780075073,0.7171992659568787,-0.18174907565116882,0.8007200360298157,0.7256706357002258,-0.20360013842582703,0.8001907467842102,0.7283517718315125,-0.20357489585876465,0.7998631000518799,0.73099684715271,-0.20363986492156982,0.8026048541069031,0.7238678932189941,-0.1779659539461136,0.8033223152160645,0.7257829308509827,-0.17805442214012146,0.804094135761261,0.7277064919471741,-0.1781459003686905,0.7977467775344849,0.7585911154747009,-0.255990207195282,0.8021050691604614,0.7532872557640076,-0.1412099152803421,0.7829979658126831,0.7299028038978577,-0.1957920640707016,0.7852367758750916,0.7282921075820923,-0.16278627514839172,0.7342354655265808,0.7974253296852112,-0.2762294411659241,0.7651592493057251,0.790842592716217,-0.051887620240449905,0.6523751020431519,0.7496370673179626,-0.2542141079902649,0.7208808064460754,0.7424782514572144,0.05975153297185898,0.6700407266616821,0.647216260433197,-0.16742080450057983,0.7232420444488525,0.6813952326774597,0.12098711729049683,0.6594868898391724,0.6212124824523926,-0.17311349511146545,0.7238013744354248,0.6679791212081909,0.14290961623191833,0.6808416843414307,0.6319863796234131,-0.15944598615169525,0.7304167151451111,0.6654106378555298,0.12320506572723389,0.683661162853241,0.63752681016922,-0.15762051939964294,0.7285007238388062,0.6697334051132202,0.11521045863628387,0.6137769222259521,0.7519561648368835,-0.08049221336841583,0.6371999979019165,0.7399981021881104,0.0805622860789299,0.5654425024986267,0.6115358471870422,-0.09328220784664154,0.5936895608901978,0.6440940499305725,0.19299039244651794,0.5506654977798462,0.7673768997192383,0.07462319731712341,0.5783360004425049,0.7620882391929626,0.28222236037254333,0.564886212348938,0.8030487298965454,0.09715040028095245,0.5803123712539673,0.78424072265625,0.29492074251174927,0.5263150930404663,0.7782090902328491,0.15268978476524353,0.559220016002655,0.7666435241699219,0.3364432454109192
0529,./images/142/frame_00529.jpg,Fall,0.7947854399681091,0.7174895405769348,-0.17204557359218597,0.8009461164474487,0.7261302471160889,-0.1937739998102188,0.8003811836242676,0.728735089302063,-0.19375351071357727,0.8000208139419556,0.7312752604484558,-0.1938193291425705,0.802781879901886,0.7246101498603821,-0.1675846427679062,0.8034273386001587,0.7266486287117004,-0.16766688227653503,0.8041568994522095,0.7287202477455139,-0.167758509516716,0.7977720499038696,0.7589609622955322,-0.24689796566963196,0.8021233677864075,0.7549757957458496,-0.13028356432914734,0.7831782102584839,0.7294982671737671,-0.18652361631393433,0.7853997945785522,0.7282118797302246,-0.15241321921348572,0.7343811988830566,0.7966294884681702,-0.2746005952358246,0.7636146545410156,0.7905346155166626,-0.04462261125445366,0.6500062346458435,0.7454921007156372,-0.24762806296348572,0.7028960585594177,0.74200439453125,0.05872087553143501,0.6767593622207642,0.647153913974762,-0.12504974007606506,0.6919059157371521,0.6751486659049988,0.0756162703037262,0.6748484969139099,0.6217434406280518,-0.12847144901752472,0.6892250776290894,0.6579629182815552,0.09137634932994843,0.6919177770614624,0.6315969824790955,-0.11231688410043716,0.6952645778656006,0.6558989882469177,0.06829468905925751,0.6898078918457031,0.637499213218689,-0.11371811479330063,0.6954382061958313,0.6618942022323608,0.06684237718582153,0.6134913563728333,0.7533881068229675,-0.08429887890815735,0.6346811056137085,0.7438797950744629,0.08435799181461334,0.5655193328857422,0.6117241978645325,-0.10260796546936035,0.5917555093765259,0.6464443206787109,0.21892757713794708,0.5515789985656738,0.7678563594818115,0.053993888199329376,0.5771376490592957,0.7613920569419861,0.28108763694763184,0.5637127161026001,0.8028244972229004,0.07513535767793655,0.5766381621360779,0.7821155190467834,0.29244187474250793,0.5256312489509583,0.7788901329040527,0.14432957768440247,0.5544410943984985,0.7664158344268799,0.32922500371932983
0530,./images/142/frame_00530.jpg,Fall,0.7960325479507446,0.7170137166976929,-0.17216214537620544,0.8015539050102234,0.7263583540916443,-0.1933627426624298,0.800904393196106,0.7289286255836487,-0.1933433711528778,0.8004347681999207,0.7313916683197021,-0.1934119164943695,0.8034048080444336,0.7248982787132263,-0.16716232895851135,0.8039692640304565,0.7269501686096191,-0.16724231839179993,0.8046303987503052,0.7290155291557312,-0.16733387112617493,0.7979103326797485,0.7582471966743469,-0.24546603858470917,0.8023339509963989,0.7549335956573486,-0.1278115063905716,0.7847601175308228,0.7277964353561401,-0.1865614652633667,0.786798357963562,0.7266597151756287,-0.15265432000160217,0.7345571517944336,0.7958486676216125,-0.27292174100875854,0.765450656414032,0.7903077602386475,-0.04186519980430603,0.6498985290527344,0.7488744854927063,-0.2429223358631134,0.7039198279380798,0.7487142086029053,0.05725911259651184,0.673141598701477,0.6561911106109619,-0.1270810216665268,0.693894624710083,0.6842610239982605,0.08914244174957275,0.6707128882408142,0.6267152428627014,-0.13279959559440613,0.6914259791374207,0.6688877940177917,0.10653911530971527,0.6871296167373657,0.6371209621429443,-0.11818758398294449,0.698030948638916,0.6657459139823914,0.08444036543369293,0.686281681060791,0.6448209285736084,-0.11588779836893082,0.6980239152908325,0.6708655953407288,0.08160488307476044,0.6147531867027283,0.7520123720169067,-0.0818568617105484,0.6375520825386047,0.7447013258934021,0.0819375067949295,0.5666287541389465,0.6118299961090088,-0.10226418077945709,0.5946121215820312,0.646639347076416,0.20698213577270508,0.5558038949966431,0.7609989643096924,0.05813920497894287,0.5759052634239197,0.7589303851127625,0.2804662585258484,0.5703664422035217,0.8010175824165344,0.07978182286024094,0.5760344862937927,0.7800664901733398,0.2907450795173645,0.5315844416618347,0.7787160277366638,0.13894078135490417,0.558036208152771,0.7620877623558044,0.32712608575820923
0531,./images/142/frame_00531.jpg,Fall,0.7965869307518005,0.7185391783714294,-0.12528365850448608,0.8025603294372559,0.7287848591804504,-0.14764192700386047,0.8021239042282104,0.7314587831497192,-0.14759895205497742,0.8017935752868652,0.7340036034584045,-0.14762702584266663,0.8040110468864441,0.7274991273880005,-0.12186082452535629,0.8045178651809692,0.7298166751861572,-0.12195143848657608,0.8051109313964844,0.7321200966835022,-0.1220487579703331,0.7987997531890869,0.7620832920074463,-0.2064741551876068,0.8026450872421265,0.7587355971336365,-0.09090658277273178,0.7857884764671326,0.7289074659347534,-0.14212825894355774,0.7874043583869934,0.7280169129371643,-0.10875008255243301,0.7377997040748596,0.796120285987854,-0.24337764084339142,0.7653783559799194,0.7926203608512878,-0.0018893548985943198,0.6511496901512146,0.7477406859397888,-0.23196879029273987,0.7148822546005249,0.7507739663124084,0.12656544148921967,0.6607426404953003,0.6553670763969421,-0.1406719982624054,0.7289994955062866,0.6996869444847107,0.2228657305240631,0.6594024300575256,0.6290982365608215,-0.14388281106948853,0.733143150806427,0.6924774050712585,0.25262439250946045,0.6822875142097473,0.6390758156776428,-0.1333356499671936,0.7394577264785767,0.6855125427246094,0.23692624270915985,0.6800895929336548,0.6471946239471436,-0.1325792819261551,0.7363097667694092,0.6874064207077026,0.21923308074474335,0.6152069568634033,0.7514341473579407,-0.08258892595767975,0.6365990042686462,0.7508255243301392,0.08266697824001312,0.5673699975013733,0.606324315071106,-0.09114132821559906,0.5913054943084717,0.6493823528289795,0.21222403645515442,0.5561975240707397,0.759919285774231,0.037199657410383224,0.5720028281211853,0.7618982195854187,0.2453218400478363,0.5712398290634155,0.8000683188438416,0.054858364164829254,0.5724607110023499,0.7828118801116943,0.24926741421222687,0.5310000777244568,0.7798478603363037,0.12386077642440796,0.5557659268379211,0.7676666975021362,0.2862176299095154
0532,./images/142/frame_00532.jpg,Fall,0.7966399192810059,0.7187668085098267,-0.14310826361179352,0.8025864362716675,0.7288659811019897,-0.16397832334041595,0.8021736145019531,0.7318488359451294,-0.16391697525978088,0.8018721342086792,0.7346354722976685,-0.16396306455135345,0.8040826916694641,0.7276650071144104,-0.14291401207447052,0.8046250343322754,0.7299671769142151,-0.14299795031547546,0.8052564859390259,0.7322115302085876,-0.14305350184440613,0.7988293766975403,0.7634527683258057,-0.2115742713212967,0.8029572367668152,0.758891224861145,-0.1146731749176979,0.7858559489250183,0.7292569279670715,-0.1539640575647354,0.7876775860786438,0.7283226251602173,-0.12781640887260437,0.738689124584198,0.798362135887146,-0.24916306138038635,0.766501784324646,0.7913987636566162,-0.02982737123966217,0.6514458060264587,0.7587547898292542,-0.23793205618858337,0.7426792979240417,0.7519619464874268,0.10409753024578094,0.637999951839447,0.6725344657897949,-0.18694083392620087,0.7660766839981079,0.7194715142250061,0.20394544303417206,0.6303112506866455,0.652603805065155,-0.19261234998703003,0.7727025747299194,0.7177117466926575,0.2278587371110916,0.6403158903121948,0.651093602180481,-0.18811120092868805,0.7775810956954956,0.7125418186187744,0.21300609409809113,0.6442974805831909,0.6597073674201965,-0.1814049780368805,0.7732025980949402,0.7118422389030457,0.20073390007019043,0.6164646148681641,0.752110481262207,-0.08043072372674942,0.637520432472229,0.7487296462059021,0.08051176369190216,0.5669626593589783,0.6110813617706299,-0.08371306955814362,0.590290367603302,0.6533561944961548,0.18746760487556458,0.5553181171417236,0.7607318162918091,0.06186370924115181,0.5712825059890747,0.7694755792617798,0.2544253468513489,0.5686632990837097,0.8107604384422302,0.08169384300708771,0.5723248720169067,0.7926502823829651,0.26168256998062134,0.5305376648902893,0.7863267660140991,0.13527366518974304,0.5529318451881409,0.7748427391052246,0.29658570885658264
0533,./images/142/frame_00533.jpg,Fall,0.796649694442749,0.7189390659332275,-0.20293286442756653,0.8026331067085266,0.7289880514144897,-0.2225581407546997,0.8022207021713257,0.7322579026222229,-0.2225034236907959,0.8018980026245117,0.7352917790412903,-0.22257396578788757,0.8041664958000183,0.7277671694755554,-0.19980964064598083,0.8047757148742676,0.7299513220787048,-0.19990551471710205,0.8054941296577454,0.731982409954071,-0.19995898008346558,0.7987380027770996,0.7652444839477539,-0.26495251059532166,0.8033488392829895,0.7585894465446472,-0.16347935795783997,0.7857595086097717,0.7293103337287903,-0.21249210834503174,0.787692666053772,0.7285061478614807,-0.18358191847801208,0.7336834669113159,0.7982994318008423,-0.2759621739387512,0.7695025205612183,0.7915727496147156,-0.07535260170698166,0.6491516828536987,0.7565187215805054,-0.2683670222759247,0.7548969984054565,0.7534615993499756,0.06734271347522736,0.6256130933761597,0.6678277254104614,-0.2223905771970749,0.7873944044113159,0.7177940607070923,0.16943329572677612,0.6216180324554443,0.6463613510131836,-0.2318052500486374,0.7874302864074707,0.7226814031600952,0.1908527910709381,0.6255934238433838,0.6481175422668457,-0.22882863879203796,0.7914528250694275,0.717395544052124,0.17487868666648865,0.6306927800178528,0.656440794467926,-0.2178156077861786,0.7862694263458252,0.7162931561470032,0.16561637818813324,0.6170355677604675,0.7526272535324097,-0.07527723163366318,0.6405564546585083,0.7479856610298157,0.07530520856380463,0.5667974948883057,0.6168428063392639,-0.058268267661333084,0.5924288034439087,0.6583468317985535,0.18924014270305634,0.553000271320343,0.7611925601959229,0.10274050384759903,0.5726398229598999,0.7694390416145325,0.2792820334434509,0.5676777958869934,0.8093915581703186,0.12377409636974335,0.5734270811080933,0.7924056053161621,0.29185640811920166,0.5297713279724121,0.7866825461387634,0.16699984669685364,0.5526044964790344,0.7741478085517883,0.3215024471282959
0534,./images/142/frame_00534.jpg,Fall,0.7963252067565918,0.719231903553009,-0.2698708176612854,0.8026377558708191,0.7317149043083191,-0.2854987382888794,0.8021465539932251,0.7363780736923218,-0.28546708822250366,0.801615834236145,0.7413486838340759,-0.28556761145591736,0.8042631149291992,0.7278534770011902,-0.2660994231700897,0.804966926574707,0.7295130491256714,-0.26619860529899597,0.8057994842529297,0.7304973006248474,-0.26625168323516846,0.7975441217422485,0.7726941704750061,-0.304939866065979,0.8037468791007996,0.7549467086791992,-0.21877729892730713,0.7841712832450867,0.7312556505203247,-0.27047812938690186,0.787178635597229,0.7279815673828125,-0.24592943489551544,0.7257754802703857,0.7988764643669128,-0.3010009527206421,0.7695228457450867,0.7867754697799683,-0.1155184656381607,0.6466213464736938,0.7465794086456299,-0.30134135484695435,0.7546353936195374,0.7526636719703674,0.036378536373376846,0.6205178499221802,0.6555662751197815,-0.263854444026947,0.7895718216896057,0.7189741134643555,0.15843792259693146,0.6154248118400574,0.6414399743080139,-0.2752699553966522,0.7866696119308472,0.720166802406311,0.1798655241727829,0.6221931576728821,0.6327791213989258,-0.269522488117218,0.7893702983856201,0.7137760519981384,0.1662302315235138,0.6262430548667908,0.6367731094360352,-0.2583528161048889,0.7835118174552917,0.7138944268226624,0.1558331549167633,0.6164633631706238,0.75227952003479,-0.06586337089538574,0.6409820318222046,0.7368959188461304,0.06583161652088165,0.5671238899230957,0.6193253993988037,0.019142279401421547,0.6035648584365845,0.6528462171554565,0.213606595993042,0.5525938272476196,0.7585641741752625,0.17006662487983704,0.5779082775115967,0.7562071084976196,0.3322282135486603,0.5648964643478394,0.8070275187492371,0.18930721282958984,0.577460527420044,0.7756984233856201,0.34708911180496216,0.5324196219444275,0.7664573788642883,0.21171288192272186,0.5627009868621826,0.7493718266487122,0.3691314458847046
0535,./images/142/frame_00535.jpg,Fall,0.7966198325157166,0.7200883626937866,-0.21672816574573517,0.8030434846878052,0.7328943014144897,-0.23589806258678436,0.8025333285331726,0.7373887896537781,-0.23586955666542053,0.801993727684021,0.7419805526733398,-0.23594681918621063,0.8048126101493835,0.7284517884254456,-0.21225783228874207,0.8055529594421387,0.7298406958580017,-0.21234862506389618,0.806409478187561,0.7306367754936218,-0.2124207764863968,0.797796368598938,0.7730259299278259,-0.2752896249294281,0.8042780756950378,0.7550737857818604,-0.17054466903209686,0.7844475507736206,0.7323035597801208,-0.22589874267578125,0.7873824834823608,0.7280219793319702,-0.19555045664310455,0.7269974946975708,0.800984799861908,-0.28897908329963684,0.7694826126098633,0.786930501461029,-0.07606102526187897,0.6471546292304993,0.7487873435020447,-0.2807747721672058,0.7562485933303833,0.7526848912239075,0.04126661270856857,0.624409556388855,0.655823290348053,-0.23237553238868713,0.7881036996841431,0.7234126329421997,0.16596446931362152,0.6139894127845764,0.6398593783378601,-0.24211737513542175,0.785778284072876,0.7227286696434021,0.18753771483898163,0.6206480860710144,0.6324054002761841,-0.23742187023162842,0.7892537713050842,0.7177339196205139,0.17308883368968964,0.6240781545639038,0.636728823184967,-0.22680982947349548,0.7843644022941589,0.7170436382293701,0.16284313797950745,0.6165960431098938,0.7549477219581604,-0.069875068962574,0.6407508254051208,0.735953688621521,0.06987792998552322,0.5649300813674927,0.6191090941429138,-0.03178799897432327,0.6072222590446472,0.6420518755912781,0.1902138888835907,0.5524392127990723,0.7578089237213135,0.11885084956884384,0.5817054510116577,0.7566144466400146,0.32363712787628174,0.5644874572753906,0.8043508529663086,0.13938789069652557,0.5833234786987305,0.7766467332839966,0.32514071464538574,0.531294047832489,0.7671046853065491,0.17971870303153992,0.5626582503318787,0.751761794090271,0.3485799729824066
0536,./images/142/frame_00536.jpg,Fall,0.7964585423469543,0.7200138568878174,-0.2275424301624298,0.8030571937561035,0.7328794598579407,-0.2467879354953766,0.8025490045547485,0.7373522520065308,-0.24674785137176514,0.8020178079605103,0.7418239116668701,-0.24682950973510742,0.8048422932624817,0.7283229231834412,-0.22450780868530273,0.8055973052978516,0.7295323014259338,-0.2245977818965912,0.8064748644828796,0.7302971482276917,-0.2246604710817337,0.7978376746177673,0.7726525068283081,-0.28286027908325195,0.8043239712715149,0.7554365396499634,-0.18352697789669037,0.7842938303947449,0.732323944568634,-0.23474955558776855,0.7872788310050964,0.7275336980819702,-0.2062714844942093,0.7283986806869507,0.8009503483772278,-0.28941160440444946,0.7692221403121948,0.7869820594787598,-0.08552750945091248,0.6473634839057922,0.7457103133201599,-0.2816562056541443,0.7474526762962341,0.7538920044898987,0.047191496938467026,0.6309226155281067,0.6554956436157227,-0.2246977537870407,0.7692364454269409,0.7248876094818115,0.1584121584892273,0.6191807985305786,0.6375869512557983,-0.23215365409851074,0.7722115516662598,0.7227762937545776,0.17840293049812317,0.631132960319519,0.6238386631011963,-0.22418653964996338,0.7762287855148315,0.7165118455886841,0.16221608221530914,0.6345444917678833,0.6329638361930847,-0.2173921763896942,0.7715938091278076,0.716221809387207,0.15357547998428345,0.6162649989128113,0.7545029520988464,-0.07074685394763947,0.64072585105896,0.7352308630943298,0.07078350335359573,0.5649946928024292,0.619051456451416,-0.044272080063819885,0.6034022569656372,0.6425366997718811,0.20184239745140076,0.5522340536117554,0.7591661214828491,0.10456329584121704,0.5837653279304504,0.7570041418075562,0.30381712317466736,0.5646739602088928,0.8041602373123169,0.12461140006780624,0.5850725769996643,0.7772945761680603,0.3121281862258911,0.5320513844490051,0.7682594060897827,0.1686498075723648,0.5668531656265259,0.7528640031814575,0.34490224719047546
0537,./images/142/frame_00537.jpg,Fall,0.796384871006012,0.7180278301239014,-0.23427248001098633,0.803053081035614,0.7313999533653259,-0.2540070116519928,0.8025267720222473,0.7356071472167969,-0.2539570927619934,0.801984429359436,0.7397034764289856,-0.25404125452041626,0.8048959970474243,0.7272645831108093,-0.23138467967510223,0.8056937456130981,0.7286031246185303,-0.23148241639137268,0.8066264986991882,0.7296913862228394,-0.23155272006988525,0.7978664636611938,0.7701667547225952,-0.29332202672958374,0.8044157028198242,0.7556222081184387,-0.19275961816310883,0.7842620611190796,0.7302390336990356,-0.2427668273448944,0.7872745990753174,0.7252272963523865,-0.2139512598514557,0.7273824214935303,0.8008924722671509,-0.2982977330684662,0.7691033482551575,0.7868704199790955,-0.09527131915092468,0.6449918746948242,0.7408427596092224,-0.2880482077598572,0.7437949180603027,0.755311131477356,0.041125282645225525,0.6257320046424866,0.6421880722045898,-0.22645023465156555,0.762551486492157,0.7245296239852905,0.14896348118782043,0.6157938241958618,0.6321519017219543,-0.23415319621562958,0.766297459602356,0.7219061255455017,0.17428818345069885,0.627738356590271,0.6220239996910095,-0.22492404282093048,0.7703911662101746,0.7146574854850769,0.15680187940597534,0.6330797672271729,0.6234535574913025,-0.21874797344207764,0.7658947110176086,0.7142792344093323,0.14553090929985046,0.6154143214225769,0.7541861534118652,-0.07132862508296967,0.6406370997428894,0.7348415851593018,0.07137365639209747,0.5640917420387268,0.6190081834793091,-0.04905809462070465,0.6022481918334961,0.6439593434333801,0.2024475336074829,0.5525497198104858,0.7621501684188843,0.10043339431285858,0.5840447545051575,0.75931715965271,0.2971121668815613,0.5667955279350281,0.8046400547027588,0.12025896459817886,0.5855750441551208,0.7796066403388977,0.30663543939590454,0.531558096408844,0.7740116715431213,0.16396287083625793,0.567243754863739,0.7627604007720947,0.34097522497177124
0538,./images/142/frame_00538.jpg,Fall,0.7957082390785217,0.7181791663169861,-0.22287312150001526,0.802696704864502,0.7318147420883179,-0.24193313717842102,0.8021913766860962,0.7359354496002197,-0.24189099669456482,0.8016560673713684,0.7399156093597412,-0.24197348952293396,0.8046258687973022,0.7275547385215759,-0.21941331028938293,0.8054519891738892,0.7288405299186707,-0.21949449181556702,0.8063913583755493,0.7298949956893921,-0.21956324577331543,0.7978237867355347,0.7703227400779724,-0.28083282709121704,0.8044030070304871,0.757420539855957,-0.17956456542015076,0.7840238213539124,0.7302852869033813,-0.2313854694366455,0.7870460748672485,0.7254823446273804,-0.20259025692939758,0.7282499074935913,0.800819456577301,-0.29242566227912903,0.7683046460151672,0.7869859337806702,-0.08787620067596436,0.6455484628677368,0.7412673830986023,-0.2521822154521942,0.7100032567977905,0.7526594996452332,0.012495940551161766,0.6263414621353149,0.6426869034767151,-0.15064190328121185,0.6858946084976196,0.7063475847244263,0.05775631219148636,0.6247326731681824,0.6229339838027954,-0.1546194851398468,0.679301917552948,0.6936360001564026,0.07302345335483551,0.6349496245384216,0.6180609464645386,-0.14169412851333618,0.6834439039230347,0.6909610629081726,0.05197807028889656,0.6446901559829712,0.6250321865081787,-0.14067170023918152,0.6841347217559814,0.6953429579734802,0.051381468772888184,0.6140142679214478,0.754066526889801,-0.06959972530603409,0.640449047088623,0.7346654534339905,0.06967093050479889,0.5633276700973511,0.6173155307769775,-0.05256810039281845,0.5920035243034363,0.6415291428565979,0.19446687400341034,0.5542863607406616,0.7642704248428345,0.08874119073152542,0.5819933414459229,0.7593237161636353,0.2740868926048279,0.5695709586143494,0.8062341213226318,0.10736361891031265,0.5837923288345337,0.779759407043457,0.28373396396636963,0.5318702459335327,0.7788532972335815,0.16042183339595795,0.565334141254425,0.7653361558914185,0.32482802867889404
0539,./images/142/frame_00539.jpg,Fall,0.795301079750061,0.7185813188552856,-0.2284470796585083,0.8024611473083496,0.7325718998908997,-0.247043177485466,0.8019770383834839,0.7367801070213318,-0.24698515236377716,0.8014384508132935,0.7409915328025818,-0.24706391990184784,0.8044336438179016,0.727975606918335,-0.2257983386516571,0.8053512573242188,0.7292715907096863,-0.22587063908576965,0.806317925453186,0.7303463220596313,-0.2259361296892166,0.797715425491333,0.7716468572616577,-0.27919769287109375,0.8043990135192871,0.7593275904655457,-0.18377716839313507,0.7838208675384521,0.7313233017921448,-0.23397235572338104,0.7868483066558838,0.7256203293800354,-0.20687615871429443,0.7287164926528931,0.8007300496101379,-0.2888234257698059,0.7682472467422485,0.7875891923904419,-0.08590146154165268,0.6458766460418701,0.7419999241828918,-0.26000604033470154,0.7150374054908752,0.7525779604911804,0.021628309041261673,0.6282837390899658,0.6501150131225586,-0.1691974550485611,0.7132421731948853,0.7132437229156494,0.08937927335500717,0.6218477487564087,0.6310780644416809,-0.16662223637104034,0.7109895944595337,0.7041504979133606,0.10930631309747696,0.6301605105400085,0.6259031295776367,-0.15002362430095673,0.7147349119186401,0.6997140049934387,0.09082602709531784,0.639983057975769,0.6310688853263855,-0.15510194003582,0.7130862474441528,0.7016967535018921,0.08461950719356537,0.6125231385231018,0.7496833205223083,-0.07003370672464371,0.6397245526313782,0.7334883213043213,0.07008211314678192,0.5626097917556763,0.616120457649231,-0.055217962712049484,0.5846474170684814,0.6421398520469666,0.1953808069229126,0.5578848123550415,0.776609480381012,0.07144010066986084,0.5808762311935425,0.7604785561561584,0.259443461894989,0.5707935094833374,0.8109457492828369,0.08842264115810394,0.5826120972633362,0.780692458152771,0.26771867275238037,0.532390832901001,0.7817332744598389,0.1339307725429535,0.5641417503356934,0.7706054449081421,0.3018092215061188
0540,./images/142/frame_00540.jpg,Fall,0.7944594621658325,0.7182732224464417,-0.2248329371213913,0.8016101121902466,0.7316673398017883,-0.24363036453723907,0.8010168075561523,0.7355581521987915,-0.24357068538665771,0.8004074096679688,0.7393919229507446,-0.24364838004112244,0.8040180206298828,0.7275843024253845,-0.22254841029644012,0.8050409555435181,0.7289848327636719,-0.22263090312480927,0.8060796856880188,0.7302268743515015,-0.22269229590892792,0.7971866726875305,0.7695918679237366,-0.279180109500885,0.8042802810668945,0.7593416571617126,-0.18583878874778748,0.7831370830535889,0.7308487892150879,-0.2320435494184494,0.7864264845848083,0.7256355285644531,-0.20527510344982147,0.7238086462020874,0.7988387942314148,-0.28023654222488403,0.7686154246330261,0.7888504266738892,-0.10133111476898193,0.640220046043396,0.746461808681488,-0.25580477714538574,0.7586734890937805,0.7527271509170532,0.02375875413417816,0.6280580163002014,0.6580239534378052,-0.1706840693950653,0.7735849022865295,0.7324001789093018,0.09954775124788284,0.6219165921211243,0.6384968757629395,-0.175571471452713,0.779067873954773,0.7315463423728943,0.11701395362615585,0.6330317258834839,0.6398018002510071,-0.15907469391822815,0.780535101890564,0.7298425436019897,0.1127578392624855,0.6374889612197876,0.6439535617828369,-0.16196554899215698,0.7760740518569946,0.727975606918335,0.10258732736110687,0.612555205821991,0.7487571835517883,-0.06456977874040604,0.6399818658828735,0.732221245765686,0.06458891928195953,0.5623415112495422,0.6161596775054932,-0.026364708319306374,0.5947062373161316,0.6386276483535767,0.1959853172302246,0.5586725473403931,0.7655608057975769,0.10354848951101303,0.5872496366500854,0.7602642774581909,0.26660510897636414,0.5722111463546753,0.8061932921409607,0.1210646852850914,0.5897759795188904,0.7801916599273682,0.27644485235214233,0.5382810831069946,0.7766912579536438,0.16110217571258545,0.5726905465126038,0.7709440588951111,0.3023941218852997
0541,./images/142/frame_00541.jpg,Fall,0.795200526714325,0.7182789444923401,-0.2405434101819992,0.8024874925613403,0.7315673828125,-0.26009154319763184,0.8016892671585083,0.7352219223976135,-0.2600178122520447,0.8008607625961304,0.7386859655380249,-0.26010262966156006,0.805383026599884,0.7276563048362732,-0.2377757579088211,0.8064392805099487,0.7291847467422485,-0.23787975311279297,0.8074651956558228,0.7306365370750427,-0.2379319667816162,0.7972701787948608,0.7676276564598083,-0.29882338643074036,0.8048278093338013,0.7604100704193115,-0.19984589517116547,0.7835556268692017,0.7300078272819519,-0.24877366423606873,0.7872427701950073,0.7256200313568115,-0.22041484713554382,0.7207213640213013,0.7942844033241272,-0.29296088218688965,0.7697423696517944,0.7919191122055054,-0.11636420339345932,0.6349971294403076,0.7468831539154053,-0.27488037943840027,0.7738885283470154,0.7561072707176208,0.022330645471811295,0.6249738931655884,0.6608855128288269,-0.20989160239696503,0.7949312925338745,0.7402408123016357,0.12475508451461792,0.6158146858215332,0.6405935883522034,-0.21756264567375183,0.8019696474075317,0.7404517531394958,0.14388848841190338,0.6245600581169128,0.6400571465492249,-0.21369507908821106,0.8025394678115845,0.7384188175201416,0.13279293477535248,0.6269454956054688,0.6499766707420349,-0.20517811179161072,0.797300398349762,0.7354348301887512,0.12428323179483414,0.613284707069397,0.7487776279449463,-0.06573197990655899,0.6419333219528198,0.732322633266449,0.06574641168117523,0.5640042424201965,0.6164456009864807,-0.02281685546040535,0.6036839485168457,0.6362959742546082,0.19621436297893524,0.5582035183906555,0.7622682452201843,0.11966367810964584,0.5883873105049133,0.7649962306022644,0.2961156666278839,0.5713628530502319,0.8048820495605469,0.13881948590278625,0.590859591960907,0.7866353392601013,0.3095554709434509,0.5370107293128967,0.7724179625511169,0.17995403707027435,0.5722362995147705,0.7779570817947388,0.3429326117038727
0542,./images/142/frame_00542.jpg,Fall,0.7948700785636902,0.7182633876800537,-0.22804875671863556,0.8021687269210815,0.7315328121185303,-0.2469637095928192,0.8013633489608765,0.7351630926132202,-0.2468627393245697,0.800529956817627,0.7386016845703125,-0.24693842232227325,0.805156409740448,0.7276774644851685,-0.22470250725746155,0.806277871131897,0.729249119758606,-0.22480157017707825,0.8073402643203735,0.7308351397514343,-0.22483864426612854,0.7971379160881042,0.767633318901062,-0.2855856418609619,0.8048164248466492,0.7612696886062622,-0.18591953814029694,0.7830837368965149,0.7300581932067871,-0.2362987995147705,0.7868165373802185,0.7257158160209656,-0.20777936279773712,0.7207768559455872,0.7978852391242981,-0.2842559516429901,0.76839679479599,0.7918907999992371,-0.11378803104162216,0.6332224607467651,0.7527809739112854,-0.2758393883705139,0.765687882900238,0.7552552223205566,0.02650456503033638,0.6168586015701294,0.6629244685173035,-0.22325856983661652,0.7883235216140747,0.7379195094108582,0.13576355576515198,0.6135691404342651,0.6401686072349548,-0.23049414157867432,0.7956027388572693,0.7383025884628296,0.157290980219841,0.6215729713439941,0.6390312314033508,-0.22279390692710876,0.7970584630966187,0.7352168560028076,0.145867720246315,0.6219304800033569,0.6499065160751343,-0.21666765213012695,0.7918427586555481,0.7329966425895691,0.1342180222272873,0.6122632622718811,0.75050288438797,-0.06734079122543335,0.6409429311752319,0.7320123314857483,0.06735839694738388,0.5637911558151245,0.6143991947174072,-0.07026852667331696,0.6022282838821411,0.6292069554328918,0.17048236727714539,0.5579335689544678,0.7634184956550598,0.07894397526979446,0.5876875519752502,0.7680680751800537,0.26048022508621216,0.5708834528923035,0.8065264225006104,0.09891165792942047,0.5916839838027954,0.7922716736793518,0.2724643051624298,0.534421980381012,0.7825576066970825,0.152463898062706,0.571015477180481,0.7869784235954285,0.3129628896713257
0543,./images/142/frame_00543.jpg,Fall,0.7946504354476929,0.7215130925178528,-0.20938356220722198,0.8021010160446167,0.7345131039619446,-0.2264358550310135,0.8013361692428589,0.7381852269172668,-0.22635479271411896,0.800528883934021,0.7415860295295715,-0.2264133244752884,0.8050018548965454,0.7313843369483948,-0.2055073082447052,0.8061341047286987,0.733268678188324,-0.2055853307247162,0.8071692585945129,0.7350977659225464,-0.20563025772571564,0.7971524596214294,0.7726845741271973,-0.2583731412887573,0.804716944694519,0.7653135657310486,-0.1642874926328659,0.7828389406204224,0.7340660095214844,-0.21559450030326843,0.78651362657547,0.7301185727119446,-0.18878833949565887,0.721598744392395,0.8051234483718872,-0.2638664245605469,0.7675198316574097,0.79234379529953,-0.08363205939531326,0.6349941492080688,0.7526622414588928,-0.26249435544013977,0.7645072937011719,0.7549120783805847,0.03402261063456535,0.620331346988678,0.6621429324150085,-0.2171960175037384,0.7887006998062134,0.7419471144676208,0.13566850125789642,0.6144242882728577,0.6395936012268066,-0.21847710013389587,0.7966826558113098,0.7436636090278625,0.1564062535762787,0.623611330986023,0.6383664011955261,-0.20927758514881134,0.7975773811340332,0.7402845025062561,0.14642363786697388,0.6263697743415833,0.649135947227478,-0.20946891605854034,0.7922118902206421,0.7384834289550781,0.1341530829668045,0.6117148399353027,0.7538431882858276,-0.0676322877407074,0.64028000831604,0.7324784994125366,0.06767904758453369,0.5634300112724304,0.6132741570472717,-0.0864531397819519,0.6041844487190247,0.6209720373153687,0.15487419068813324,0.5578429102897644,0.7665064334869385,0.06048782542347908,0.5882920622825623,0.7692053318023682,0.23727068305015564,0.5726608037948608,0.8114455342292786,0.08037999272346497,0.5938740372657776,0.7947624921798706,0.24841928482055664,0.5338589549064636,0.7894205451011658,0.13700929284095764,0.5702105760574341,0.7912784814834595,0.29112279415130615
0544,./images/142/frame_00544.jpg,Fall,0.7938805818557739,0.7219336628913879,-0.20985455811023712,0.8016111254692078,0.7353177666664124,-0.22762365639209747,0.8009223937988281,0.7391312718391418,-0.2275507152080536,0.8001437187194824,0.7426625490188599,-0.22761428356170654,0.8044847249984741,0.7320972681045532,-0.2060147076845169,0.8057029843330383,0.7341787815093994,-0.2060992419719696,0.8067665100097656,0.7361258864402771,-0.20614895224571228,0.7968594431877136,0.7751384973526001,-0.2614383101463318,0.8042071461677551,0.7676642537117004,-0.1644766628742218,0.7822617292404175,0.7352904677391052,-0.21684038639068604,0.7859001755714417,0.7313464879989624,-0.18915334343910217,0.7213398218154907,0.8051398396492004,-0.2682573199272156,0.7671920657157898,0.7921034693717957,-0.083416648209095,0.6357694268226624,0.7525920271873474,-0.26818007230758667,0.765405535697937,0.7499459385871887,0.03522968292236328,0.6092844009399414,0.6669918894767761,-0.22741350531578064,0.7888047695159912,0.7382763624191284,0.1367565244436264,0.6059125065803528,0.6426710486412048,-0.2345390021800995,0.7962696552276611,0.7387665510177612,0.15810100734233856,0.6062853336334229,0.6464486718177795,-0.23034052550792694,0.7973030805587769,0.7354732155799866,0.1475525200366974,0.6122234463691711,0.6539407968521118,-0.22258877754211426,0.7921451330184937,0.7339435815811157,0.1349211037158966,0.6114258766174316,0.7529041767120361,-0.0705200806260109,0.6396564245223999,0.7317619919776917,0.07053899765014648,0.5627337098121643,0.611729621887207,-0.07779169082641602,0.6028738021850586,0.6211974024772644,0.16852280497550964,0.5573829412460327,0.7678638696670532,0.05509478971362114,0.5873519778251648,0.7712506651878357,0.24275994300842285,0.5731850862503052,0.8170688152313232,0.07333515584468842,0.5920764207839966,0.7958430647850037,0.2527620494365692,0.5343121290206909,0.7935476303100586,0.12612643837928772,0.570014238357544,0.7900196313858032,0.29128605127334595
0545,./images/142/frame_00545.jpg,Fall,0.7949743270874023,0.7234689593315125,-0.23657682538032532,0.8024581670761108,0.7377191185951233,-0.2530704736709595,0.8016672134399414,0.7416305541992188,-0.25302523374557495,0.8007491230964661,0.7451898455619812,-0.25311413407325745,0.8057233691215515,0.7342952489852905,-0.23284971714019775,0.8069060444831848,0.7363704442977905,-0.2329263687133789,0.8079551458358765,0.7382197976112366,-0.2329864501953125,0.7968841195106506,0.7781205177307129,-0.2813209593296051,0.8046208620071411,0.7679665684700012,-0.19098883867263794,0.7830725908279419,0.7374328374862671,-0.2408895492553711,0.7872475385665894,0.7334815859794617,-0.2150358259677887,0.7218559384346008,0.8057944178581238,-0.28608784079551697,0.7683858871459961,0.7910059690475464,-0.10033653676509857,0.6370700597763062,0.752253532409668,-0.2837124168872833,0.7617908716201782,0.7478224039077759,0.027624094858765602,0.6060785055160522,0.666278600692749,-0.24852533638477325,0.7863637208938599,0.7362600564956665,0.13563363254070282,0.5955500602722168,0.6465420126914978,-0.26044079661369324,0.7949895858764648,0.7358815670013428,0.15701767802238464,0.6036338806152344,0.6451767086982727,-0.25867775082588196,0.7971906065940857,0.7324352860450745,0.14510276913642883,0.6099297404289246,0.6526903510093689,-0.24517035484313965,0.7913773059844971,0.7312153577804565,0.13323749601840973,0.6117826104164124,0.7523934245109558,-0.07070952653884888,0.6399771571159363,0.7290838360786438,0.07073808461427689,0.56280118227005,0.6121333837509155,-0.0326949842274189,0.6018834114074707,0.623153030872345,0.1852213591337204,0.5525046586990356,0.7675439715385437,0.11546403169631958,0.5802403092384338,0.7706304788589478,0.2869100272655487,0.5653847455978394,0.8157943487167358,0.1350201666355133,0.5819541811943054,0.7950791120529175,0.3000813126564026,0.5299767255783081,0.7893168926239014,0.17297187447547913,0.5600747466087341,0.7750111818313599,0.3237777650356293
0546,./images/142/frame_00546.jpg,Fall,0.7949795722961426,0.7251817584037781,-0.2130497694015503,0.8027981519699097,0.7396694421768188,-0.23021921515464783,0.8021082878112793,0.743534505367279,-0.23019471764564514,0.8013052940368652,0.7470402121543884,-0.23028139770030975,0.8057878613471985,0.7360883951187134,-0.20828691124916077,0.8069289326667786,0.7381302118301392,-0.2083594799041748,0.8079546689987183,0.7399091720581055,-0.2084324061870575,0.7971558570861816,0.7798624634742737,-0.2609684467315674,0.8046477437019348,0.7684972882270813,-0.1623869389295578,0.7830778360366821,0.7402170896530151,-0.2180444300174713,0.787055492401123,0.7361708879470825,-0.18982356786727905,0.723500669002533,0.8130609393119812,-0.28183096647262573,0.7653363943099976,0.7892810106277466,-0.05904185026884079,0.6373885869979858,0.7626904249191284,-0.2818217873573303,0.7416055798530579,0.7424275875091553,0.06916719675064087,0.6023736596107483,0.6669529676437378,-0.24209193885326385,0.7630106210708618,0.7272643446922302,0.16311797499656677,0.5889045000076294,0.647040069103241,-0.25254151225090027,0.769315242767334,0.7276604771614075,0.18776409327983856,0.5981303453445435,0.6450310349464417,-0.24687322974205017,0.7751381993293762,0.7203394770622253,0.17411218583583832,0.60495924949646,0.6525617837905884,-0.23629021644592285,0.7703148722648621,0.7199748754501343,0.16042852401733398,0.6105316281318665,0.7523219585418701,-0.07789771258831024,0.6358768343925476,0.7288927435874939,0.07796189934015274,0.5629619359970093,0.6093893647193909,-0.07389470189809799,0.5929701924324036,0.6288407444953918,0.18526773154735565,0.5528895258903503,0.7672227621078491,0.08855017274618149,0.5751432180404663,0.7615154981613159,0.2860838770866394,0.5646764636039734,0.8083871006965637,0.10914359986782074,0.5766168832778931,0.7850380539894104,0.2990109324455261,0.5291349291801453,0.7780686020851135,0.15141095221042633,0.5535998344421387,0.7600641846656799,0.31778639554977417
0547,./images/142/frame_00547.jpg,Fall,0.7950709462165833,0.729584813117981,-0.2130214273929596,0.8028017282485962,0.7438830733299255,-0.2295757234096527,0.8021129369735718,0.7481613755226135,-0.22953569889068604,0.8013269305229187,0.7523177862167358,-0.229617640376091,0.8057723045349121,0.7394120693206787,-0.20853349566459656,0.8069067001342773,0.7411372065544128,-0.20860633254051208,0.8079317808151245,0.7426665425300598,-0.20867231488227844,0.7971858978271484,0.7842852473258972,-0.2544613778591156,0.8047100901603699,0.7699884176254272,-0.16219854354858398,0.7832179665565491,0.7439088821411133,-0.21668103337287903,0.787140965461731,0.7388542890548706,-0.18987374007701874,0.7247731685638428,0.818373441696167,-0.26684504747390747,0.7654085755348206,0.7878478169441223,-0.06273023039102554,0.6440848112106323,0.7741872072219849,-0.2682902216911316,0.7424352169036865,0.7383513450622559,0.06098724529147148,0.6033568382263184,0.679707407951355,-0.23060111701488495,0.7675299644470215,0.7281242609024048,0.1601753681898117,0.5910470485687256,0.6590989232063293,-0.23401327431201935,0.775483250617981,0.7299168705940247,0.18354015052318573,0.5987247228622437,0.655331552028656,-0.22517168521881104,0.7795823216438293,0.7228672504425049,0.17481373250484467,0.6067437529563904,0.6634487509727478,-0.22256064414978027,0.7742712497711182,0.7224777340888977,0.1590571105480194,0.6106534600257874,0.7538965940475464,-0.07741183042526245,0.6359375715255737,0.7289443016052246,0.0774654820561409,0.563575029373169,0.6096010208129883,-0.08562690764665604,0.5972491502761841,0.6246821880340576,0.16269782185554504,0.5534877181053162,0.768246054649353,0.0677511990070343,0.575275182723999,0.7626852989196777,0.2532733082771301,0.5672762989997864,0.8099851012229919,0.08775326609611511,0.5793682336807251,0.7872134447097778,0.26506316661834717,0.5294393301010132,0.7783399224281311,0.13663187623023987,0.5547178387641907,0.7703853845596313,0.2983543276786804
0548,./images/142/frame_00548.jpg,Fall,0.7950881719589233,0.7310616970062256,-0.223324254155159,0.8028520345687866,0.745326042175293,-0.239658921957016,0.8021858334541321,0.7496920228004456,-0.23961567878723145,0.8014160990715027,0.7538843750953674,-0.23970231413841248,0.805766761302948,0.7407138347625732,-0.21964311599731445,0.8068996667861938,0.742456316947937,-0.21972128748893738,0.8079259991645813,0.744001030921936,-0.21977737545967102,0.7972770929336548,0.7858571410179138,-0.2572879493236542,0.8047198057174683,0.7710639834403992,-0.17063722014427185,0.7832422852516174,0.7451229691505432,-0.22470128536224365,0.7871261835098267,0.7400446534156799,-0.1989726722240448,0.7267284393310547,0.8197489976882935,-0.2692117691040039,0.7652050852775574,0.7877073287963867,-0.06454449146986008,0.6410374045372009,0.7815360426902771,-0.2706057131290436,0.7486328482627869,0.7385267615318298,0.05811784788966179,0.6076825261116028,0.6926594376564026,-0.23555806279182434,0.7740949392318726,0.7287489771842957,0.16723763942718506,0.5967383980751038,0.6739519238471985,-0.24250873923301697,0.7820345163345337,0.7307640314102173,0.19174715876579285,0.6054836511611938,0.66788649559021,-0.2355642318725586,0.7851411700248718,0.7240554690361023,0.18221545219421387,0.6118344664573669,0.675350546836853,-0.22914500534534454,0.7796874642372131,0.72356116771698,0.16614507138729095,0.6107824444770813,0.7543641924858093,-0.07709317654371262,0.6360979676246643,0.7289713621139526,0.07714438438415527,0.5637109279632568,0.6094908714294434,-0.07028769701719284,0.6018699407577515,0.6242481470108032,0.1801094114780426,0.5539144277572632,0.7632046937942505,0.0925244688987732,0.5762518644332886,0.7606600522994995,0.27730536460876465,0.5693155527114868,0.8059104084968567,0.11364328861236572,0.5802136659622192,0.7840200662612915,0.2897982895374298,0.5301223397254944,0.7718013525009155,0.16524770855903625,0.5549253225326538,0.7685273289680481,0.3238551914691925
0549,./images/142/frame_00549.jpg,Fall,0.7949656248092651,0.7317788600921631,-0.20403769612312317,0.8027809262275696,0.7457525730133057,-0.21952024102210999,0.8021697998046875,0.7502890825271606,-0.21947768330574036,0.8014086484909058,0.7545218467712402,-0.21955570578575134,0.8057421445846558,0.7410474419593811,-0.1991991251707077,0.8068917989730835,0.7426688075065613,-0.1992688775062561,0.8079091906547546,0.744113564491272,-0.1993168294429779,0.7972882986068726,0.7865028381347656,-0.2403537929058075,0.8047208786010742,0.7713221311569214,-0.14893504977226257,0.7828561663627625,0.746107816696167,-0.20591707527637482,0.7866135835647583,0.7403977513313293,-0.17971070110797882,0.7262303829193115,0.8231305480003357,-0.25359389185905457,0.7643545269966125,0.7886234521865845,-0.05088008567690849,0.6358686685562134,0.7832651734352112,-0.26135367155075073,0.7487540245056152,0.7395114302635193,0.06355087459087372,0.6006777286529541,0.6935716867446899,-0.22135627269744873,0.7736654281616211,0.7327395677566528,0.16022989153862,0.5877772569656372,0.6752845048904419,-0.22745689749717712,0.7811557054519653,0.7345532178878784,0.18240481615066528,0.5962384343147278,0.6677712202072144,-0.2210080623626709,0.7840765118598938,0.7279248833656311,0.17207381129264832,0.6028311252593994,0.675005316734314,-0.21523801982402802,0.7788766622543335,0.7276889085769653,0.1583276093006134,0.609869122505188,0.7545167803764343,-0.07738003879785538,0.6339558362960815,0.7308394312858582,0.0774327963590622,0.5607818365097046,0.6035855412483215,-0.07901312410831451,0.6021887063980103,0.6250168681144714,0.1707359254360199,0.5544164180755615,0.768117368221283,0.06451082229614258,0.5752655267715454,0.7608580589294434,0.2489280253648758,0.5679007768630981,0.8082110285758972,0.08329962193965912,0.5778435468673706,0.784156858921051,0.259293794631958,0.528975248336792,0.7716630697250366,0.12948526442050934,0.5530555248260498,0.7653660178184509,0.2896151840686798
0550,./images/142/frame_00550.jpg,Fall,0.7946522235870361,0.7334442138671875,-0.18700771033763885,0.8024765849113464,0.7468615174293518,-0.20347142219543457,0.8019382357597351,0.75111985206604,-0.20341718196868896,0.8012562990188599,0.75511634349823,-0.2034727782011032,0.8051273226737976,0.7424153685569763,-0.18271103501319885,0.8062219619750977,0.7440683841705322,-0.18276439607143402,0.8073495030403137,0.7457132339477539,-0.18282049894332886,0.7972959280014038,0.7870790362358093,-0.22877101600170135,0.8043147325515747,0.7731608152389526,-0.1348765790462494,0.7826884984970093,0.7475228905677795,-0.1905677765607834,0.7861238121986389,0.7426595091819763,-0.1637047976255417,0.7300553917884827,0.8238176703453064,-0.24439728260040283,0.7625211477279663,0.7892054319381714,-0.03491908684372902,0.6441245675086975,0.7873858213424683,-0.2397453784942627,0.7281693816184998,0.736130952835083,0.0696110799908638,0.6080663800239563,0.6912872195243835,-0.18716004490852356,0.7434633374214172,0.7277265191078186,0.15174920856952667,0.5972477197647095,0.6721081137657166,-0.19092461466789246,0.7478080987930298,0.7300606369972229,0.17437660694122314,0.6050262451171875,0.6661558151245117,-0.18116752803325653,0.7526606917381287,0.7213706374168396,0.16582362353801727,0.6109458804130554,0.6739711165428162,-0.1791217029094696,0.7485021352767944,0.7215909361839294,0.15005961060523987,0.6090126037597656,0.755527913570404,-0.07880382239818573,0.6328104734420776,0.7318878173828125,0.07887715101242065,0.5605948567390442,0.5953328013420105,-0.10970751941204071,0.6019388437271118,0.6255486607551575,0.16429370641708374,0.5619561076164246,0.7691726088523865,0.05146262049674988,0.5788499116897583,0.7610307335853577,0.24410948157310486,0.5740630030632019,0.8082090020179749,0.0721021443605423,0.5824446678161621,0.7845539450645447,0.25463366508483887,0.5308651328086853,0.7722420692443848,0.12687227129936218,0.5567415952682495,0.7668777704238892,0.29018309712409973
0551,./images/142/frame_00551.jpg,Fall,0.7945346236228943,0.7329354286193848,-0.19301748275756836,0.8023121953010559,0.7465900778770447,-0.20955908298492432,0.8016719818115234,0.751011312007904,-0.20947453379631042,0.8008991479873657,0.7552499771118164,-0.20951347053050995,0.8050919771194458,0.7420257329940796,-0.18769599497318268,0.8062016367912292,0.7436633706092834,-0.18774594366550446,0.8073360323905945,0.7453101873397827,-0.18778888881206512,0.796882152557373,0.7870181798934937,-0.24027863144874573,0.8042135238647461,0.7728869915008545,-0.14529436826705933,0.7825677990913391,0.7473345994949341,-0.19930163025856018,0.7860119342803955,0.7415928244590759,-0.17199616134166718,0.7300228476524353,0.8258386254310608,-0.24618971347808838,0.763136088848114,0.7891627550125122,-0.03586819767951965,0.6442144513130188,0.7841306328773499,-0.23078782856464386,0.7333014011383057,0.7369966506958008,0.05628238245844841,0.6434582471847534,0.6945361495018005,-0.16363899409770966,0.7591238617897034,0.7284032106399536,0.13301999866962433,0.6439146399497986,0.6731177568435669,-0.16184069216251373,0.761303186416626,0.7318839430809021,0.1542387157678604,0.6540855169296265,0.6775549054145813,-0.1517600417137146,0.767582893371582,0.7252572178840637,0.14677147567272186,0.6556094288825989,0.6861690282821655,-0.15511104464530945,0.7621621489524841,0.7256537675857544,0.13260769844055176,0.6093592643737793,0.7581217288970947,-0.07681472599506378,0.6332875490188599,0.7355408668518066,0.07693164795637131,0.5641907453536987,0.5968940854072571,-0.09508872032165527,0.6008650660514832,0.6346181631088257,0.17111635208129883,0.5618309378623962,0.7650144100189209,0.054158519953489304,0.5790795087814331,0.7592732906341553,0.24853889644145966,0.5733721852302551,0.8080717921257019,0.07459278404712677,0.582306444644928,0.7818830013275146,0.2599128186702728,0.5311076045036316,0.7721637487411499,0.1320692002773285,0.5580490231513977,0.7621371150016785,0.30137646198272705
0552,./images/142/frame_00552.jpg,Fall,0.795117974281311,0.7341949343681335,-0.2043699026107788,0.8031436800956726,0.7486854791641235,-0.2196117639541626,0.8024076223373413,0.753430187702179,-0.21953685581684113,0.801568865776062,0.7578086256980896,-0.21959349513053894,0.8058909177780151,0.7435881495475769,-0.2006395161151886,0.806961715221405,0.7449885606765747,-0.20070436596870422,0.8080037832260132,0.7462989091873169,-0.20076660811901093,0.7970269322395325,0.7895636558532715,-0.24488434195518494,0.804257869720459,0.7736842036247253,-0.1503852754831314,0.7827532887458801,0.7483602166175842,-0.2041548788547516,0.7862176299095154,0.7420859336853027,-0.17992141842842102,0.7297884225845337,0.828324556350708,-0.24592673778533936,0.7632807493209839,0.7868239283561707,-0.046192627400159836,0.640956699848175,0.8041464686393738,-0.23706825077533722,0.7370020151138306,0.7355788350105286,0.06230111047625542,0.6351046562194824,0.7160672545433044,-0.18422459065914154,0.7604523301124573,0.7274638414382935,0.16632160544395447,0.6302688121795654,0.6957522630691528,-0.18667110800743103,0.7623807787895203,0.730633020401001,0.19100649654865265,0.6395784020423889,0.6945908069610596,-0.17738789319992065,0.7680615186691284,0.7239319682121277,0.18354472517967224,0.6428619623184204,0.7021552324295044,-0.17669253051280975,0.7632125020027161,0.7248386740684509,0.1663903146982193,0.6094495058059692,0.7598874568939209,-0.07628098130226135,0.6335819959640503,0.7354773879051208,0.07640205323696136,0.5642482042312622,0.6000920534133911,-0.09020518511533737,0.5949493646621704,0.6356422901153564,0.1626897156238556,0.5571094751358032,0.7684985399246216,0.05629302188754082,0.5751820206642151,0.7593940496444702,0.24348752200603485,0.5701460838317871,0.8111000657081604,0.07605498284101486,0.5773411393165588,0.7829846739768982,0.25463753938674927,0.5260270237922668,0.7783045172691345,0.12598665058612823,0.5506903529167175,0.7628170251846313,0.2864627242088318
0553,./images/142/frame_00553.jpg,Fall,0.7936621308326721,0.7364102005958557,-0.2069229632616043,0.8018782734870911,0.7509669661521912,-0.22082321345806122,0.8010931015014648,0.7561203241348267,-0.22077877819538116,0.800155758857727,0.7617456912994385,-0.22084257006645203,0.8048199415206909,0.7443518042564392,-0.20504418015480042,0.805985152721405,0.745335042476654,-0.20512056350708008,0.8072267770767212,0.7463825941085815,-0.20519134402275085,0.7960613965988159,0.7925360202789307,-0.2436635047197342,0.8036059141159058,0.7734909057617188,-0.15445902943611145,0.7811552286148071,0.7519115805625916,-0.20660075545310974,0.7844535708427429,0.7436666488647461,-0.18154770135879517,0.7295820116996765,0.836843729019165,-0.24171777069568634,0.7632240056991577,0.7854664325714111,-0.04884200543165207,0.6409094333648682,0.7958694696426392,-0.22110779583454132,0.735369086265564,0.7247171998023987,0.052075326442718506,0.6310407519340515,0.7074432969093323,-0.16657698154449463,0.7626983523368835,0.7203269004821777,0.13871291279792786,0.6248181462287903,0.6873201727867126,-0.16601434350013733,0.7647961378097534,0.725964367389679,0.16054850816726685,0.6342878937721252,0.6863802671432495,-0.16068390011787415,0.7695613503456116,0.7203117609024048,0.15565304458141327,0.6383569836616516,0.6941138505935669,-0.16023772954940796,0.7672228217124939,0.7243630290031433,0.1395188719034195,0.6091371774673462,0.7649781107902527,-0.07293109595775604,0.633732259273529,0.736599326133728,0.07310076057910919,0.5648869872093201,0.6007429957389832,-0.0946192815899849,0.6016595363616943,0.6360524296760559,0.1733679324388504,0.5569931268692017,0.7674725651741028,0.059236813336610794,0.5816298723220825,0.7515937685966492,0.2694329619407654,0.5716077089309692,0.8110196590423584,0.07973121851682663,0.5815298557281494,0.774763822555542,0.28267449140548706,0.5270276665687561,0.7774820923805237,0.13418738543987274,0.5588675737380981,0.7478483319282532,0.32666558027267456
0554,./images/142/frame_00554.jpg,Fall,0.7932008504867554,0.7405658960342407,-0.17443932592868805,0.8016564249992371,0.754423201084137,-0.1925015151500702,0.8009099960327148,0.7589028477668762,-0.19246619939804077,0.7999953031539917,0.7639662623405457,-0.19252516329288483,0.804419994354248,0.7493109703063965,-0.17238613963127136,0.8055990934371948,0.75080406665802,-0.1724795550107956,0.8067075610160828,0.7521185278892517,-0.1725439727306366,0.7957591414451599,0.7944144606590271,-0.22092413902282715,0.8028348684310913,0.7796775698661804,-0.12739354372024536,0.7804691791534424,0.7552984356880188,-0.17871759831905365,0.7797834873199463,0.7538307309150696,-0.1520323008298874,0.7306236624717712,0.8364436030387878,-0.2216368466615677,0.7629210352897644,0.7917444109916687,-0.03958364203572273,0.645740807056427,0.7921695113182068,-0.18590012192726135,0.7315961122512817,0.7254639267921448,0.03534291684627533,0.6679679751396179,0.7152231931686401,-0.08222829550504684,0.7628927230834961,0.7143658995628357,0.05585722252726555,0.6718485951423645,0.6941887736320496,-0.07339484989643097,0.7641333937644958,0.7073739767074585,0.06931303441524506,0.6823464035987854,0.7034192085266113,-0.06617386639118195,0.7707235813140869,0.7167550921440125,0.06305911391973495,0.6816485524177551,0.7121461033821106,-0.07353989779949188,0.7675116658210754,0.7188642024993896,0.05436234548687935,0.6081920862197876,0.7656092047691345,-0.07396465539932251,0.6323338747024536,0.7423692345619202,0.07415637373924255,0.5683156251907349,0.6013295650482178,-0.10301174223423004,0.6001104116439819,0.6332903504371643,0.1687447428703308,0.557530403137207,0.7667936682701111,0.03464382514357567,0.5811682343482971,0.7527498602867126,0.2325044423341751,0.5696901679039001,0.7978847026824951,0.054002661257982254,0.5815432667732239,0.7749822735786438,0.2400270700454712,0.530180811882019,0.782366156578064,0.12431968748569489,0.5595529079437256,0.7633594274520874,0.29150116443634033
0555,./images/142/frame_00555.jpg,Fall,0.7920451760292053,0.7396561503410339,-0.18683338165283203,0.8000392913818359,0.7535141110420227,-0.21143171191215515,0.7992500066757202,0.7580178380012512,-0.211375430226326,0.7983415722846985,0.7631623148918152,-0.21142736077308655,0.8029102087020874,0.7489417791366577,-0.19093987345695496,0.8040688633918762,0.750788688659668,-0.19104070961475372,0.8055062294006348,0.7527256608009338,-0.1910935640335083,0.7942216992378235,0.7934891581535339,-0.24293991923332214,0.8019101023674011,0.7789252996444702,-0.14886590838432312,0.7798096537590027,0.7546055912971497,-0.19136306643486023,0.7803329825401306,0.7517549991607666,-0.16403503715991974,0.7304644584655762,0.8368164300918579,-0.23333875834941864,0.7629761099815369,0.7905916571617126,-0.0519232377409935,0.6545068621635437,0.8266416788101196,-0.20590300858020782,0.733404278755188,0.7268266677856445,0.07454724609851837,0.6521674394607544,0.7780079245567322,-0.12832370400428772,0.7606145143508911,0.7157273888587952,0.1752719134092331,0.6504302024841309,0.7654591798782349,-0.1218775138258934,0.7623385190963745,0.7088519334793091,0.20212559401988983,0.6595669984817505,0.7680318355560303,-0.11575468629598618,0.7673198580741882,0.7124306559562683,0.19091419875621796,0.6615869402885437,0.7728030681610107,-0.12079612910747528,0.7658652067184448,0.7189586162567139,0.17408636212348938,0.6079867482185364,0.7663486003875732,-0.07404632866382599,0.631799042224884,0.7446950078010559,0.07425851374864578,0.5678812265396118,0.608034074306488,-0.10150887072086334,0.6107133626937866,0.6221011877059937,0.16905489563941956,0.5556911826133728,0.7723972797393799,0.01631471887230873,0.581128716468811,0.7655789852142334,0.23588652908802032,0.5678507685661316,0.8050990700721741,0.03377216309309006,0.5840436816215515,0.7805934548377991,0.24404624104499817,0.5265554189682007,0.7876063585281372,0.09629146009683609,0.5595051050186157,0.7847816348075867,0.2927594780921936
0556,./images/142/frame_00556.jpg,Fall,0.791467547416687,0.739595353603363,-0.23787149786949158,0.8000547289848328,0.7531123757362366,-0.2582975924015045,0.7993296384811401,0.7576297521591187,-0.2582452893257141,0.7984474897384644,0.7625488042831421,-0.25832393765449524,0.8027068376541138,0.7487387657165527,-0.23870138823986053,0.8039363026618958,0.7505753636360168,-0.23878073692321777,0.8052545785903931,0.7523723840713501,-0.2388344705104828,0.794330358505249,0.7944759726524353,-0.28416919708251953,0.8019379377365112,0.778473973274231,-0.19432148337364197,0.7795059084892273,0.7538931965827942,-0.2397656887769699,0.7804943323135376,0.7504726052284241,-0.2139289379119873,0.7303638458251953,0.8390050530433655,-0.27066633105278015,0.7629498839378357,0.782942533493042,-0.0884411484003067,0.6527503728866577,0.844851016998291,-0.24614259600639343,0.7327409386634827,0.7275336980819702,0.08053765445947647,0.6069994568824768,0.8046000003814697,-0.2131555825471878,0.7501628398895264,0.7142246961593628,0.21429309248924255,0.5869942307472229,0.7960895895957947,-0.21500682830810547,0.7392174005508423,0.7101783156394958,0.249211385846138,0.5924609899520874,0.7825998663902283,-0.2143072783946991,0.7446423768997192,0.7085086703300476,0.23274585604667664,0.6018916368484497,0.7865845561027527,-0.20923686027526855,0.7425876259803772,0.7120879888534546,0.212855264544487,0.6080052256584167,0.767380952835083,-0.0738673284649849,0.632042407989502,0.7439360618591309,0.0740761086344719,0.567630410194397,0.6063488721847534,-0.09956403821706772,0.6116976141929626,0.6168559789657593,0.19360044598579407,0.5590799450874329,0.7761666774749756,0.03410928323864937,0.579436182975769,0.7609240412712097,0.27206873893737793,0.5710932016372681,0.8103599548339844,0.05264768749475479,0.5817886590957642,0.7798759341239929,0.28290173411369324,0.5268093347549438,0.7890657782554626,0.11101658642292023,0.5550543665885925,0.7760763168334961,0.3215721547603607
0557,./images/142/frame_00557.jpg,Fall,0.7890945076942444,0.7391965985298157,-0.22699542343616486,0.7988544702529907,0.7527351379394531,-0.24661143124103546,0.7983862161636353,0.7572545409202576,-0.24656543135643005,0.797781229019165,0.762089729309082,-0.24663963913917542,0.8009688258171082,0.7483494281768799,-0.22607490420341492,0.8020384907722473,0.7501927018165588,-0.22614817321300507,0.8031071424484253,0.7520519495010376,-0.22620002925395966,0.7939525842666626,0.7943856120109558,-0.27263569831848145,0.800674557685852,0.7779500484466553,-0.18210960924625397,0.7777547836303711,0.7535821795463562,-0.22941474616527557,0.7789767980575562,0.7498323321342468,-0.2032177448272705,0.7309498190879822,0.8397612571716309,-0.26752927899360657,0.7608274221420288,0.778666079044342,-0.07391880452632904,0.6568776965141296,0.8458593487739563,-0.2546141445636749,0.7272782921791077,0.725170373916626,0.1007532849907875,0.6065281629562378,0.814734160900116,-0.2247774600982666,0.7486831545829773,0.7106830477714539,0.22482475638389587,0.59330153465271,0.810699999332428,-0.2272844761610031,0.738577127456665,0.7071161270141602,0.2570817470550537,0.5989694595336914,0.8014085292816162,-0.22939550876617432,0.7529863119125366,0.7057367563247681,0.24149374663829803,0.6063017845153809,0.801495373249054,-0.2221982777118683,0.7505497336387634,0.7086751461029053,0.22286291420459747,0.6071217060089111,0.7670431137084961,-0.07924795150756836,0.6288920044898987,0.7433996200561523,0.07945191860198975,0.5692516565322876,0.6020771265029907,-0.1095181256532669,0.6014744639396667,0.6301494836807251,0.19127798080444336,0.5551000237464905,0.7764806747436523,0.026892628520727158,0.5753487944602966,0.764481246471405,0.2623727321624756,0.5702847242355347,0.8159271478652954,0.046045489609241486,0.5766113996505737,0.7854997515678406,0.27012503147125244,0.5267011523246765,0.7940300107002258,0.10413243621587753,0.5525608062744141,0.7757623195648193,0.30543044209480286
0558,./images/142/frame_00558.jpg,Fall,0.7886233925819397,0.739020049571991,-0.21549873054027557,0.7984538078308105,0.7524743676185608,-0.23746857047080994,0.7981067299842834,0.7569623589515686,-0.2374170571565628,0.7976369261741638,0.7617812156677246,-0.23748350143432617,0.8004081845283508,0.7483115196228027,-0.21585015952587128,0.8014453053474426,0.750117301940918,-0.21594011783599854,0.8024417161941528,0.7519308924674988,-0.21598505973815918,0.794039785861969,0.7940353155136108,-0.26946118474006653,0.8004857301712036,0.777990460395813,-0.17436210811138153,0.7774150371551514,0.7529054284095764,-0.22066828608512878,0.7787728905677795,0.7496523261070251,-0.19226929545402527,0.7306926250457764,0.8420068621635437,-0.2630954384803772,0.7609120607376099,0.7793448567390442,-0.07198641449213028,0.6621206998825073,0.8490596413612366,-0.2540028393268585,0.7290478944778442,0.7241407036781311,0.11014185845851898,0.6088509559631348,0.8400706052780151,-0.21922314167022705,0.7516787052154541,0.7090997695922852,0.25841209292411804,0.5961023569107056,0.8436984419822693,-0.2203877717256546,0.7459675073623657,0.7069183588027954,0.29274025559425354,0.6008205413818359,0.83753901720047,-0.22536616027355194,0.7561314702033997,0.7063199281692505,0.27930691838264465,0.6075130701065063,0.8344501256942749,-0.21820564568042755,0.75397789478302,0.7084825038909912,0.25775688886642456,0.6072154641151428,0.7673949599266052,-0.0791412740945816,0.629273533821106,0.743029773235321,0.07933522015810013,0.5691641569137573,0.6022722125053406,-0.1086428314447403,0.591637134552002,0.6383707523345947,0.19548341631889343,0.5535334348678589,0.776055634021759,0.02712654508650303,0.5701676607131958,0.7638541460037231,0.27604037523269653,0.5653178095817566,0.8047252893447876,0.04671276733279228,0.5715247988700867,0.7851797938346863,0.2860426604747772,0.524416983127594,0.7925007939338684,0.10254111140966415,0.5461097955703735,0.7713886499404907,0.31954658031463623
0559,./images/142/frame_00559.jpg,Fall,0.7889116406440735,0.7403184771537781,-0.21354305744171143,0.798850417137146,0.7538667321205139,-0.23632732033729553,0.7986353635787964,0.7579180598258972,-0.2362762987613678,0.7983273267745972,0.7622779011726379,-0.23634138703346252,0.8004337549209595,0.7506358027458191,-0.2145487517118454,0.8015791177749634,0.752644956111908,-0.21465861797332764,0.8026081323623657,0.7546446323394775,-0.21471388638019562,0.7947334051132202,0.7950953841209412,-0.2716352641582489,0.800550103187561,0.7806025743484497,-0.17151767015457153,0.778030276298523,0.7527177333831787,-0.2196364402770996,0.7789995074272156,0.7497095465660095,-0.19172291457653046,0.7343846559524536,0.8407684564590454,-0.27074822783470154,0.7596825957298279,0.7802510857582092,-0.07106567919254303,0.6649134159088135,0.8481438755989075,-0.23956748843193054,0.7219341397285461,0.7337049841880798,0.12615805864334106,0.611909031867981,0.8282608985900879,-0.16829532384872437,0.7176271080970764,0.7122770547866821,0.2894372344017029,0.601471483707428,0.8292836546897888,-0.16643568873405457,0.712628960609436,0.7075864672660828,0.32597100734710693,0.6075232625007629,0.8222178816795349,-0.17133989930152893,0.7192961573600769,0.7100735306739807,0.30845165252685547,0.6135390996932983,0.821620762348175,-0.166063129901886,0.7197162508964539,0.7123619318008423,0.28792768716812134,0.6072894334793091,0.7679486870765686,-0.08083394169807434,0.6301687955856323,0.7404590845108032,0.08108768612146378,0.5632542967796326,0.6036303043365479,-0.10738097131252289,0.5837489366531372,0.6377401947975159,0.197071835398674,0.5523872971534729,0.7757858037948608,0.04740287363529205,0.5675457715988159,0.7641180157661438,0.27865082025527954,0.5639208555221558,0.8001540303230286,0.07025367021560669,0.570222795009613,0.7859777808189392,0.2888788878917694,0.5239014625549316,0.7916082739830017,0.12977609038352966,0.5425702333450317,0.7742213606834412,0.32320213317871094
0560,./images/142/frame_00560.jpg,Fall,0.7891321778297424,0.7409728169441223,-0.19757084548473358,0.7988799810409546,0.7550255060195923,-0.21917235851287842,0.7987169027328491,0.759003758430481,-0.21912813186645508,0.7984630465507507,0.7632586359977722,-0.21919722855091095,0.8005582094192505,0.7517977952957153,-0.19627472758293152,0.8017041087150574,0.7537737488746643,-0.19636118412017822,0.8027245402336121,0.7557857036590576,-0.19641417264938354,0.7948052287101746,0.7975806593894958,-0.25707072019577026,0.8004034757614136,0.7834145426750183,-0.15165993571281433,0.7781282663345337,0.7528289556503296,-0.20463626086711884,0.77923583984375,0.7494986057281494,-0.17475230991840363,0.7352306246757507,0.8411419987678528,-0.260261595249176,0.7585411071777344,0.7808743119239807,-0.058093272149562836,0.6642469763755798,0.8476166725158691,-0.2244013547897339,0.7185562252998352,0.7360743284225464,0.12402069568634033,0.6140873432159424,0.8174039125442505,-0.1621028631925583,0.7037418484687805,0.7129530310630798,0.2603324055671692,0.6031225323677063,0.8157902956008911,-0.1622791886329651,0.6969910860061646,0.7082998156547546,0.29284757375717163,0.6093121767044067,0.8085629940032959,-0.16344904899597168,0.7029539942741394,0.710295557975769,0.27471739053726196,0.6156419515609741,0.8091703057289124,-0.15858682990074158,0.7040426731109619,0.7128193974494934,0.25779998302459717,0.6073330640792847,0.7690867781639099,-0.08054351806640625,0.6304792165756226,0.7398802638053894,0.08076620101928711,0.562388002872467,0.6058385372161865,-0.10855994373559952,0.5825337171554565,0.6444202065467834,0.18793541193008423,0.5524766445159912,0.7757715582847595,0.048846285790205,0.5671587586402893,0.7674954533576965,0.27202683687210083,0.5653555393218994,0.8064879775047302,0.07131592929363251,0.5697194337844849,0.789695143699646,0.28314122557640076,0.5240628719329834,0.7898635268211365,0.12861360609531403,0.5427082777023315,0.7769758701324463,0.31055229902267456
0561,./images/142/frame_00561.jpg,Fall,0.7892794013023376,0.7409419417381287,-0.19614021480083466,0.7989470958709717,0.7553966045379639,-0.21836867928504944,0.7987641096115112,0.7592787742614746,-0.2183169424533844,0.7984930276870728,0.763421893119812,-0.21837690472602844,0.8006706237792969,0.7525637149810791,-0.1950109302997589,0.8017925024032593,0.7548120021820068,-0.19509804248809814,0.8027850985527039,0.7571509480476379,-0.19515781104564667,0.7947922348976135,0.7986894249916077,-0.2572924792766571,0.8000231981277466,0.7885374426841736,-0.15181483328342438,0.7781499624252319,0.7526610493659973,-0.2042665034532547,0.7793842554092407,0.7492533326148987,-0.17372176051139832,0.7324588894844055,0.8414859175682068,-0.2599926292896271,0.758756697177887,0.7835941910743713,-0.05763419717550278,0.6625873446464539,0.8430240154266357,-0.225367471575737,0.7257334589958191,0.7309414148330688,0.1148415058851242,0.6210800409317017,0.8109843134880066,-0.16756883263587952,0.7299280166625977,0.7012976408004761,0.24353976547718048,0.6110207438468933,0.8085952997207642,-0.1671314835548401,0.7274514436721802,0.690968930721283,0.2747207581996918,0.618152379989624,0.8036856055259705,-0.1691340208053589,0.7285951375961304,0.6907280087471008,0.25926342606544495,0.6238962411880493,0.8047948479652405,-0.1644570231437683,0.7259228825569153,0.6941877007484436,0.2414732277393341,0.6070610880851746,0.7689269781112671,-0.08037353307008743,0.6307083368301392,0.74067622423172,0.08060179650783539,0.5626629590988159,0.6054093241691589,-0.10761209577322006,0.5857352614402771,0.6432406902313232,0.1956867277622223,0.5525891184806824,0.7755938172340393,0.048907890915870667,0.5671684145927429,0.7625859379768372,0.27591457962989807,0.5686734914779663,0.806684136390686,0.07115775346755981,0.568857729434967,0.7839245200157166,0.2861184775829315,0.5255899429321289,0.7877693772315979,0.13328026235103607,0.5438901782035828,0.7692352533340454,0.3215564489364624
0562,./images/142/frame_00562.jpg,Fall,0.7893160581588745,0.7424952983856201,-0.15516027808189392,0.7990943193435669,0.7568782567977905,-0.1784125119447708,0.7989295125007629,0.7603873610496521,-0.17835791409015656,0.7986732721328735,0.7641318440437317,-0.1783830225467682,0.8006938695907593,0.754768431186676,-0.15408621728420258,0.8018524050712585,0.7571842670440674,-0.15417777001857758,0.8028444051742554,0.759675145149231,-0.15425428748130798,0.7948194742202759,0.7990516424179077,-0.22492964565753937,0.7996231317520142,0.7913810014724731,-0.1142377108335495,0.7781718969345093,0.7529141902923584,-0.16633287072181702,0.7794839143753052,0.7502806782722473,-0.13436728715896606,0.7329083681106567,0.8430949449539185,-0.23396766185760498,0.7589243650436401,0.7916038632392883,-0.024664191529154778,0.6650166511535645,0.8415824174880981,-0.21164754033088684,0.7261072397232056,0.7315686345100403,0.1291557252407074,0.630344569683075,0.8100078105926514,-0.16459164023399353,0.7390487790107727,0.6934147477149963,0.23405630886554718,0.6204217672348022,0.8092404007911682,-0.16389870643615723,0.7466033101081848,0.683804988861084,0.26285701990127563,0.6270313262939453,0.8054639101028442,-0.16730353236198425,0.7499390840530396,0.6826735138893127,0.24745909869670868,0.632454514503479,0.8062673807144165,-0.16238601505756378,0.7425681352615356,0.6850962042808533,0.23120589554309845,0.6070521473884583,0.7688726782798767,-0.08073750883340836,0.6306146383285522,0.7464932799339294,0.08094919472932816,0.5630114674568176,0.6054149866104126,-0.1109989657998085,0.5873091816902161,0.6355661749839783,0.18241310119628906,0.552002489566803,0.7772397994995117,0.029866978526115417,0.5680002570152283,0.7625617384910583,0.2527031898498535,0.5698953866958618,0.8139550685882568,0.04976200312376022,0.5691322088241577,0.7841362953186035,0.2611120343208313,0.5253677368164062,0.7916794419288635,0.11570052802562714,0.5448771715164185,0.7725179195404053,0.30414050817489624
0563,./images/142/frame_00563.jpg,Fall,0.7875458002090454,0.7443084120750427,-0.17195798456668854,0.7981792688369751,0.7581818699836731,-0.19350206851959229,0.7980574369430542,0.7616627812385559,-0.19344595074653625,0.7977288365364075,0.765221893787384,-0.19348488748073578,0.800004780292511,0.7560213804244995,-0.1708085983991623,0.8010411262512207,0.758060097694397,-0.17090176045894623,0.8019267320632935,0.7602561116218567,-0.17097093164920807,0.7938400506973267,0.799326479434967,-0.23270168900489807,0.7980364561080933,0.7909838557243347,-0.12914755940437317,0.776425838470459,0.7548161745071411,-0.1802326738834381,0.777268648147583,0.7522165775299072,-0.1504780650138855,0.7328909635543823,0.8437349796295166,-0.23382727801799774,0.7579924464225769,0.7946550846099854,-0.03761175274848938,0.6631772518157959,0.8277407288551331,-0.1899220496416092,0.7265504598617554,0.7300665974617004,0.10547734797000885,0.643048882484436,0.7980412244796753,-0.1007699966430664,0.7424125075340271,0.6901293992996216,0.18120291829109192,0.6376038193702698,0.7971323728561401,-0.09313048422336578,0.7526938319206238,0.6780433654785156,0.20306770503520966,0.6445661783218384,0.803062379360199,-0.09449800103902817,0.7544964551925659,0.6811915636062622,0.18995746970176697,0.6481159925460815,0.8052175045013428,-0.09632360935211182,0.7496880292892456,0.6876176595687866,0.17818370461463928,0.6066641807556152,0.7708438634872437,-0.08047414571046829,0.6309062242507935,0.7472046613693237,0.08068765699863434,0.5628794431686401,0.6081395149230957,-0.11786060035228729,0.587990403175354,0.6323633193969727,0.1660357266664505,0.5515952110290527,0.7778844237327576,0.017727740108966827,0.5686327815055847,0.7646065354347229,0.24022142589092255,0.569077730178833,0.8176692724227905,0.03737156093120575,0.5706265568733215,0.7890397906303406,0.2498001754283905,0.525161623954773,0.7935620546340942,0.09948898106813431,0.5453085899353027,0.7768102884292603,0.29388734698295593
0564,./images/142/frame_00564.jpg,Fall,0.7869499325752258,0.7456351518630981,-0.1776346117258072,0.7975724935531616,0.7600151300430298,-0.19887734949588776,0.7973753213882446,0.7634487748146057,-0.19882842898368835,0.7969928979873657,0.767201840877533,-0.19887812435626984,0.7993494272232056,0.7576180100440979,-0.1754576861858368,0.8004640340805054,0.7597317099571228,-0.17554719746112823,0.8012964129447937,0.7618520259857178,-0.1756114363670349,0.7930545806884766,0.8000831007957458,-0.23656220734119415,0.7969671487808228,0.791465163230896,-0.12898382544517517,0.7760397791862488,0.7562442421913147,-0.1854839026927948,0.7769092321395874,0.7529827356338501,-0.1548423171043396,0.7338141202926636,0.8435086011886597,-0.23657560348510742,0.75849449634552,0.7964515089988708,-0.034419115632772446,0.6631888151168823,0.8015495538711548,-0.20174679160118103,0.7262321710586548,0.7270593643188477,0.07813213765621185,0.6757186055183411,0.7559822797775269,-0.08897632360458374,0.7428245544433594,0.6882126927375793,0.12255202233791351,0.6778531670570374,0.7444074153900146,-0.08187839388847351,0.7515901327133179,0.6807563304901123,0.14086543023586273,0.6866371035575867,0.7538527846336365,-0.07744132727384567,0.7544075846672058,0.6843855381011963,0.12874846160411835,0.6864332556724548,0.7597469687461853,-0.08136670291423798,0.7497085332870483,0.688447892665863,0.11933352053165436,0.6066250801086426,0.7744958400726318,-0.08575814962387085,0.6311076879501343,0.7469617128372192,0.0859830230474472,0.5632965564727783,0.6085694432258606,-0.13067315518856049,0.5879412293434143,0.6320468783378601,0.16989880800247192,0.5515844225883484,0.7777551412582397,0.012032518163323402,0.5655710101127625,0.76100093126297,0.24587194621562958,0.5670871734619141,0.8173916935920715,0.032286591827869415,0.5676475167274475,0.7845430374145508,0.25586438179016113,0.525409460067749,0.7917371392250061,0.09428119659423828,0.5432760715484619,0.7726101279258728,0.2962251305580139
0565,./images/142/frame_00565.jpg,Fall,0.7868421673774719,0.7461375594139099,-0.18013472855091095,0.7970055937767029,0.7603558301925659,-0.20098945498466492,0.7966281771659851,0.7637887597084045,-0.20094910264015198,0.7961175441741943,0.7674257159233093,-0.20098891854286194,0.7990050315856934,0.7576820254325867,-0.17901143431663513,0.8002198338508606,0.7597467303276062,-0.1791008561849594,0.8010739088058472,0.7617568969726562,-0.1791611760854721,0.7922804951667786,0.8001536726951599,-0.2384168654680252,0.7965500354766846,0.7908816933631897,-0.13372036814689636,0.7755769491195679,0.7565363645553589,-0.18561817705631256,0.776742160320282,0.7530433535575867,-0.15788871049880981,0.7341949939727783,0.8432818055152893,-0.2417723834514618,0.7585989236831665,0.7963212728500366,-0.03885146975517273,0.675725519657135,0.8056736588478088,-0.20459690690040588,0.7231639623641968,0.7259973883628845,0.06252454221248627,0.7178695797920227,0.7893590927124023,-0.10577263683080673,0.7417176961898804,0.6906803846359253,0.1132277399301529,0.7281139492988586,0.7856449484825134,-0.09906869381666183,0.7487184405326843,0.682229220867157,0.1316857784986496,0.7346932888031006,0.795745849609375,-0.09158539026975632,0.749234676361084,0.6862612366676331,0.12000861018896103,0.7316774129867554,0.7978178858757019,-0.09731965512037277,0.7457660436630249,0.6905504465103149,0.1103021651506424,0.6066412925720215,0.777355968952179,-0.08519801497459412,0.6304370164871216,0.7493762373924255,0.0854288637638092,0.5607303380966187,0.6113023161888123,-0.13665935397148132,0.5881512761116028,0.6312122344970703,0.18612566590309143,0.551622748374939,0.7787523865699768,0.007328116334974766,0.5701965093612671,0.7605124711990356,0.277354896068573,0.5671221613883972,0.8169395327568054,0.028231266885995865,0.5735160112380981,0.7839564085006714,0.2887960970401764,0.5265612006187439,0.791481614112854,0.08934873342514038,0.5485113859176636,0.7727996706962585,0.33702534437179565
0566,./images/142/frame_00566.jpg,Fall,0.7886480093002319,0.7476164698600769,-0.19521209597587585,0.7975881695747375,0.7616289854049683,-0.21620039641857147,0.7969370484352112,0.7647876143455505,-0.2161366045475006,0.7962318658828735,0.768070638179779,-0.21619248390197754,0.7999522686004639,0.7595809102058411,-0.19357521831989288,0.8009562492370605,0.7617522478103638,-0.193663090467453,0.8017193675041199,0.7638915777206421,-0.19371990859508514,0.7920166254043579,0.8000094294548035,-0.2550572156906128,0.7967057228088379,0.7911264896392822,-0.15105019509792328,0.7759813666343689,0.7575955986976624,-0.20368456840515137,0.7777515649795532,0.7542614340782166,-0.17445772886276245,0.7319208383560181,0.8415572047233582,-0.2452935427427292,0.7590135931968689,0.7971524596214294,-0.06588689982891083,0.6722848415374756,0.8124179244041443,-0.20488497614860535,0.7241545915603638,0.7272541522979736,0.05268622189760208,0.6932476758956909,0.8036755919456482,-0.10234159231185913,0.7420495748519897,0.6924322247505188,0.12976141273975372,0.6997584700584412,0.8018662929534912,-0.09432721138000488,0.7485203146934509,0.6896280646324158,0.1514512300491333,0.7074195146560669,0.810009241104126,-0.08926801383495331,0.7494674324989319,0.6939349174499512,0.13936814665794373,0.7061090469360352,0.8110033869743347,-0.09515254944562912,0.7460333108901978,0.69759601354599,0.12764279544353485,0.6066427826881409,0.7767935991287231,-0.0813799649477005,0.6325106620788574,0.7504141926765442,0.08164457976818085,0.5609192252159119,0.613702118396759,-0.12915873527526855,0.5952420234680176,0.632771372795105,0.18715348839759827,0.5516732335090637,0.7787168025970459,0.005671774502843618,0.578555703163147,0.7600567936897278,0.27198347449302673,0.5673139095306396,0.8182166814804077,0.025428369641304016,0.5808157920837402,0.7835213541984558,0.28264036774635315,0.5267756581306458,0.7911714911460876,0.0876646488904953,0.5580258965492249,0.7706164121627808,0.32954713702201843
0567,./images/142/frame_00567.jpg,Fall,0.7901966571807861,0.7556024193763733,-0.1901417374610901,0.7978783249855042,0.7693414688110352,-0.2096591740846634,0.7969688773155212,0.7728926539421082,-0.2096155881881714,0.7963177561759949,0.7759661078453064,-0.20967936515808105,0.8007878065109253,0.7671522498130798,-0.18847748637199402,0.8016794919967651,0.7688398361206055,-0.1885446459054947,0.8023740649223328,0.7702269554138184,-0.18859092891216278,0.7908703088760376,0.8018744587898254,-0.2440127581357956,0.7953638434410095,0.7915990352630615,-0.14880111813545227,0.776214063167572,0.7676459550857544,-0.19741371273994446,0.7776244282722473,0.7661269903182983,-0.1703459918498993,0.7297756671905518,0.8340591192245483,-0.24545791745185852,0.7590709924697876,0.8059794902801514,-0.06368020921945572,0.6535917520523071,0.7829043865203857,-0.20111605525016785,0.7191818356513977,0.7414650917053223,0.022768694907426834,0.6789251565933228,0.7390437722206116,-0.08414202928543091,0.7391279935836792,0.7272627353668213,0.04960086941719055,0.6945503354072571,0.7277249097824097,-0.07632157951593399,0.7453309297561646,0.7281585931777954,0.0664730966091156,0.7044099569320679,0.7367174625396729,-0.07151521742343903,0.7489095330238342,0.7281020283699036,0.058113954961299896,0.6983493566513062,0.7419940233230591,-0.07665632665157318,0.7452291250228882,0.7288878560066223,0.04774671047925949,0.6059218049049377,0.7768926024436951,-0.08117484301328659,0.6324074864387512,0.750691831111908,0.08143121004104614,0.5609787702560425,0.6138548851013184,-0.12716861069202423,0.596500039100647,0.632470428943634,0.1820479929447174,0.5517038106918335,0.7787923812866211,0.01252176333218813,0.5796338319778442,0.760401725769043,0.24367892742156982,0.567625880241394,0.8186370730400085,0.03243173658847809,0.5823327302932739,0.7836300134658813,0.25122958421707153,0.5270007848739624,0.805501401424408,0.0917903408408165,0.5603765249252319,0.7728576064109802,0.3036070466041565
0568,./images/142/frame_00568.jpg,Fall,0.7908474206924438,0.7542242407798767,-0.18965353071689606,0.7980691194534302,0.7679479122161865,-0.20976659655570984,0.797014594078064,0.7715035080909729,-0.2097230702638626,0.7963863015174866,0.7748425006866455,-0.20978789031505585,0.801242470741272,0.7660347819328308,-0.18785695731639862,0.801967978477478,0.7679662108421326,-0.18792381882667542,0.8025370836257935,0.7696326375007629,-0.18796950578689575,0.7906691431999207,0.8012962937355042,-0.24635116755962372,0.7954761981964111,0.7917987108230591,-0.14743654429912567,0.7772833108901978,0.7660544514656067,-0.19742321968078613,0.7798810601234436,0.7642356753349304,-0.16970261931419373,0.7299906015396118,0.8305631279945374,-0.2470824271440506,0.759131133556366,0.8083053827285767,-0.060809385031461716,0.6707496047019958,0.7895013689994812,-0.20378327369689941,0.720334529876709,0.7431329488754272,0.019298726692795753,0.7133868932723999,0.745383620262146,-0.07507564127445221,0.7430189251899719,0.725801408290863,0.04741101339459419,0.7238976955413818,0.7445325255393982,-0.06558781117200851,0.7499681711196899,0.724040150642395,0.06313159316778183,0.7313612699508667,0.7678648829460144,-0.06023726984858513,0.7539898157119751,0.7259746193885803,0.05486585572361946,0.7278352379798889,0.7708465456962585,-0.06696411222219467,0.7502135634422302,0.7279876470565796,0.04535841569304466,0.6059092879295349,0.7832830548286438,-0.07959648221731186,0.6332896947860718,0.7530276775360107,0.07983946800231934,0.5598932504653931,0.6174193620681763,-0.12488704919815063,0.6051035523414612,0.6169828772544861,0.18475444614887238,0.5441367626190186,0.7807051539421082,0.005892537068575621,0.5868802666664124,0.7586272358894348,0.26735588908195496,0.5546931028366089,0.8117039203643799,0.0250162985175848,0.5910885334014893,0.7830467820167542,0.27894681692123413,0.5178971290588379,0.8024858832359314,0.08470781147480011,0.5662785768508911,0.7727050185203552,0.3385002315044403
0569,./images/142/frame_00569.jpg,Fall,0.7908493280410767,0.7535184025764465,-0.18919089436531067,0.798095703125,0.7672703862190247,-0.20884862542152405,0.7970384955406189,0.7709196209907532,-0.20880313217639923,0.796425461769104,0.7744982242584229,-0.2088596373796463,0.8012530207633972,0.765297532081604,-0.18743690848350525,0.802023708820343,0.7671311497688293,-0.18750633299350739,0.8026019334793091,0.768837571144104,-0.18754807114601135,0.7907662391662598,0.7999483942985535,-0.2441139966249466,0.7956591844558716,0.7914976477622986,-0.1473192423582077,0.7773022055625916,0.7650963068008423,-0.19671499729156494,0.7798734307289124,0.7631539106369019,-0.1695897877216339,0.7287779450416565,0.8285167217254639,-0.2470395267009735,0.7599801421165466,0.8089033365249634,-0.060298215597867966,0.6540511846542358,0.7667553424835205,-0.2002793848514557,0.7204902768135071,0.7462841272354126,0.03912327438592911,0.6743608713150024,0.7109493613243103,-0.07907355576753616,0.7439181208610535,0.7282056212425232,0.09756652265787125,0.6771087050437927,0.6990386247634888,-0.07104840129613876,0.7508745193481445,0.7271201014518738,0.11716294288635254,0.6869061589241028,0.7091284990310669,-0.06697948276996613,0.7550561428070068,0.7274396419525146,0.10677383095026016,0.6864606142044067,0.7155175805091858,-0.07191114127635956,0.7509915232658386,0.7287009358406067,0.09561951458454132,0.6053869724273682,0.7852064967155457,-0.0775364488363266,0.6331861019134521,0.7539835572242737,0.07772839069366455,0.5604609251022339,0.6170049905776978,-0.12454694509506226,0.6033338308334351,0.6174198389053345,0.1520908921957016,0.5453414916992188,0.78700852394104,0.008597025647759438,0.5851672887802124,0.7690252661705017,0.21923747658729553,0.557060956954956,0.8277795314788818,0.027696263045072556,0.590313196182251,0.7956322431564331,0.22818338871002197,0.5177921652793884,0.8156575560569763,0.08972059190273285,0.5613573789596558,0.7848767638206482,0.2781711518764496
0570,./images/142/frame_00570.jpg,Fall,0.7908507585525513,0.7531017661094666,-0.181511789560318,0.798197865486145,0.7670808434486389,-0.19983205199241638,0.7970565557479858,0.7704630494117737,-0.19978877902030945,0.7964531779289246,0.7738285660743713,-0.19983556866645813,0.8013211488723755,0.7651417255401611,-0.17928218841552734,0.8020776510238647,0.7671016454696655,-0.1793557107448578,0.8026612997055054,0.7689291834831238,-0.17942330241203308,0.7908450961112976,0.8000096678733826,-0.23170049488544464,0.7958039045333862,0.7924918532371521,-0.14037172496318817,0.7776391506195068,0.7643669843673706,-0.1876198947429657,0.7805483341217041,0.7622047662734985,-0.16158238053321838,0.7250861525535583,0.8292031288146973,-0.24121269583702087,0.7605392932891846,0.8086943030357361,-0.05126829817891121,0.6420691609382629,0.7673450112342834,-0.20776300132274628,0.7206909656524658,0.7530479431152344,0.06955817341804504,0.6314454078674316,0.6884897351264954,-0.13640300929546356,0.7416698336601257,0.7256407737731934,0.15003444254398346,0.6254531145095825,0.6725943684577942,-0.1372181624174118,0.748598039150238,0.7258031964302063,0.17268353700637817,0.6339083313941956,0.6745997667312622,-0.13190236687660217,0.7530310153961182,0.7232496738433838,0.15909568965435028,0.6378515958786011,0.6818856596946716,-0.13046123087406158,0.7482339143753052,0.7250572443008423,0.14753448963165283,0.6060696840286255,0.7880287766456604,-0.07472341507673264,0.6336824893951416,0.7570145726203918,0.07481507956981659,0.5610949993133545,0.6166759729385376,-0.11753300577402115,0.6033691167831421,0.6196098923683167,0.13812953233718872,0.5452181100845337,0.7868280410766602,0.03421928361058235,0.5761793255805969,0.7710651755332947,0.21856224536895752,0.5586140751838684,0.8270887732505798,0.05492037534713745,0.5790897011756897,0.7983338236808777,0.2292555570602417,0.5185990929603577,0.8089653849601746,0.11184521019458771,0.5493570566177368,0.7842625975608826,0.26842525601387024
0571,./images/142/frame_00571.jpg,Fall,0.7913637161254883,0.7574537396430969,-0.17917151749134064,0.7990978360176086,0.7724465131759644,-0.1968623548746109,0.7980390787124634,0.7758395671844482,-0.19681736826896667,0.7973468899726868,0.7788614630699158,-0.19685548543930054,0.8019577860832214,0.7702293992042542,-0.17662031948566437,0.8026047945022583,0.7720053195953369,-0.17670784890651703,0.8031082153320312,0.7734889388084412,-0.17679822444915771,0.7913617491722107,0.8033558130264282,-0.2243538349866867,0.7963233590126038,0.7954156398773193,-0.13457131385803223,0.778622031211853,0.7688926458358765,-0.18358424305915833,0.7812930345535278,0.7653571963310242,-0.15782110393047333,0.7256700396537781,0.8333534002304077,-0.24094966053962708,0.760322093963623,0.8085288405418396,-0.03678608685731888,0.6443473100662231,0.7706757187843323,-0.22254247963428497,0.7192273139953613,0.7520805597305298,0.09132304787635803,0.6243985891342163,0.6868436336517334,-0.16444359719753265,0.7356131076812744,0.7047552466392517,0.1776706874370575,0.6123074293136597,0.6695422530174255,-0.1671789586544037,0.7438976764678955,0.7007721662521362,0.2017298936843872,0.6200829744338989,0.667592465877533,-0.16289904713630676,0.7459567785263062,0.6914158463478088,0.18755067884922028,0.6250742673873901,0.675021767616272,-0.1591767519712448,0.743427574634552,0.7028360366821289,0.17446579039096832,0.605925440788269,0.7918010950088501,-0.07488363981246948,0.6322231292724609,0.7587779760360718,0.0749654546380043,0.558245062828064,0.6192783117294312,-0.11898565292358398,0.6026703119277954,0.6181647777557373,0.13429731130599976,0.5443444848060608,0.7895689010620117,0.03757920488715172,0.5712054371833801,0.7773509621620178,0.21949902176856995,0.5593279600143433,0.8350743651390076,0.05886682868003845,0.5753186941146851,0.8056186437606812,0.2309786081314087,0.5153500437736511,0.8190639019012451,0.11533640325069427,0.5435739755630493,0.7949410080909729,0.26958101987838745
0572,./images/142/frame_00572.jpg,Fall,0.7909786701202393,0.7568097710609436,-0.18041804432868958,0.7991019487380981,0.7726806402206421,-0.19865134358406067,0.798058032989502,0.7763418555259705,-0.19860108196735382,0.797357439994812,0.7799423336982727,-0.1986328363418579,0.8019541501998901,0.7697712182998657,-0.17801053822040558,0.8025997281074524,0.7715200781822205,-0.17810802161693573,0.8031078577041626,0.7729896306991577,-0.1781940907239914,0.7913846373558044,0.8050717711448669,-0.22952298820018768,0.7963541150093079,0.795748233795166,-0.13578736782073975,0.7784112095832825,0.7686998844146729,-0.18585126101970673,0.7809852957725525,0.7646074295043945,-0.1592440903186798,0.7259653806686401,0.8361298441886902,-0.24275371432304382,0.7603248357772827,0.8086226582527161,-0.0396440289914608,0.6469117999076843,0.776576817035675,-0.22120587527751923,0.7200695276260376,0.7567582130432129,0.039664048701524734,0.6365727782249451,0.709607720375061,-0.11727143824100494,0.7410097718238831,0.7342073917388916,0.06907621771097183,0.6297717094421387,0.6956509351730347,-0.11241491138935089,0.7502650022506714,0.7337653040885925,0.08584470301866531,0.6377095580101013,0.6973100304603577,-0.10277584940195084,0.7531023621559143,0.7266178727149963,0.07761036604642868,0.641039252281189,0.7033383846282959,-0.10833456367254257,0.7487031817436218,0.7296364903450012,0.06663228571414948,0.6052675843238831,0.7939292192459106,-0.07540593296289444,0.6320124268531799,0.7584227919578552,0.07546725869178772,0.5570749640464783,0.6219320297241211,-0.12387080490589142,0.6022219061851501,0.617797315120697,0.14422926306724548,0.5448004007339478,0.788817286491394,0.027534112334251404,0.571162223815918,0.7769864201545715,0.21745696663856506,0.5620841979980469,0.831710159778595,0.048068881034851074,0.5755001902580261,0.8037005662918091,0.2266409695148468,0.5161392092704773,0.8173729181289673,0.10880821943283081,0.5450388193130493,0.7952417135238647,0.269420325756073
0573,./images/142/frame_00573.jpg,Fall,0.7909371852874756,0.7579799890518188,-0.17423826456069946,0.7990849018096924,0.7729383707046509,-0.192092627286911,0.7980747222900391,0.7765797972679138,-0.19206355512142181,0.7973631024360657,0.7799564599990845,-0.1921393722295761,0.801777720451355,0.7701259851455688,-0.1735512912273407,0.8024096488952637,0.7719039916992188,-0.17362698912620544,0.8029278516769409,0.7733848690986633,-0.17368605732917786,0.7913979291915894,0.8061941266059875,-0.22125878930091858,0.796451210975647,0.7964349389076233,-0.13572880625724792,0.7784414887428284,0.7704712152481079,-0.17938728630542755,0.780958890914917,0.7659614682197571,-0.15525619685649872,0.7282146215438843,0.8381434082984924,-0.22514447569847107,0.7603581547737122,0.8114488124847412,-0.048913560807704926,0.6592509150505066,0.7741245031356812,-0.17487235367298126,0.740840494632721,0.7652168869972229,0.038322366774082184,0.6661959886550903,0.7172170877456665,-0.03501694276928902,0.7707419395446777,0.7700843811035156,0.1000014990568161,0.664772629737854,0.7043473720550537,-0.022255178540945053,0.779915452003479,0.7752190232276917,0.11723677814006805,0.6722319722175598,0.7084909677505493,-0.0165995042771101,0.7810795307159424,0.7741251587867737,0.11093433201313019,0.6732512712478638,0.7139801979064941,-0.02672838792204857,0.776292085647583,0.7740844488143921,0.09901376068592072,0.6068743467330933,0.7938345074653625,-0.07080043107271194,0.63332599401474,0.7583253383636475,0.07091978937387466,0.5574109554290771,0.6221061944961548,-0.11142076551914215,0.6023626923561096,0.6128917932510376,0.13328495621681213,0.5449848771095276,0.7816756963729858,0.0308577511459589,0.5713417530059814,0.7595381736755371,0.20742268860340118,0.562091052532196,0.8244618773460388,0.05125630646944046,0.5757747888565063,0.7860051393508911,0.21723754703998566,0.5169364809989929,0.797006368637085,0.11590211093425751,0.5454272031784058,0.7785283327102661,0.2647629678249359
0574,./images/142/frame_00574.jpg,Fall,0.7904340624809265,0.7590727210044861,-0.18022719025611877,0.798953652381897,0.7737165689468384,-0.20006641745567322,0.7980674505233765,0.7770493626594543,-0.20004549622535706,0.7973714470863342,0.780169665813446,-0.20011314749717712,0.8013091087341309,0.7712510228157043,-0.1789364516735077,0.8019278645515442,0.7732169032096863,-0.17901179194450378,0.8024709820747375,0.7748575210571289,-0.17907613515853882,0.7914649248123169,0.8081607222557068,-0.22687479853630066,0.7965283393859863,0.7975388169288635,-0.13629965484142303,0.7781450152397156,0.7711898684501648,-0.18489541113376617,0.7803365588188171,0.767623245716095,-0.15780839323997498,0.7307276725769043,0.849367618560791,-0.23545479774475098,0.7576733231544495,0.8109700679779053,-0.044184282422065735,0.6646459698677063,0.7841345071792603,-0.1890735775232315,0.7264798879623413,0.7472935318946838,0.010285796597599983,0.6715642213821411,0.737504243850708,-0.06470909714698792,0.7381261587142944,0.7139955163002014,-0.0035786177031695843,0.67084139585495,0.7269947528839111,-0.055743325501680374,0.7496235966682434,0.7265499830245972,0.007756336126476526,0.6780983209609985,0.7325497269630432,-0.05027352645993233,0.7542840242385864,0.7308372259140015,0.0012328343000262976,0.678789496421814,0.7373895645141602,-0.05641757324337959,0.7504260540008545,0.7351576685905457,-0.006251775659620762,0.6068289279937744,0.7975204586982727,-0.07360632717609406,0.6329877376556396,0.7587727308273315,0.07374289631843567,0.5558505058288574,0.6260725855827332,-0.12904709577560425,0.6018236875534058,0.608579695224762,0.1403164118528366,0.5452587008476257,0.79217928647995,0.023693222552537918,0.5732319355010986,0.753811240196228,0.2133675366640091,0.5629023909568787,0.8305395245552063,0.04458506777882576,0.5811241269111633,0.7755203247070312,0.21999125182628632,0.5173783898353577,0.8212559819221497,0.10703758895397186,0.5473772883415222,0.7780579328536987,0.2752636671066284
0575,./images/142/frame_00575.jpg,Fall,0.7902554869651794,0.7586832642555237,-0.18825498223304749,0.7989406585693359,0.7731752395629883,-0.20813992619514465,0.7980719804763794,0.7765548825263977,-0.20811431109905243,0.7973730564117432,0.7798024415969849,-0.2081875056028366,0.8013010025024414,0.7707643508911133,-0.18819445371627808,0.8019529581069946,0.7726813554763794,-0.18824613094329834,0.8025264739990234,0.774368941783905,-0.1883188784122467,0.7915887236595154,0.8083677291870117,-0.23697248101234436,0.7966341972351074,0.7980617880821228,-0.14877364039421082,0.7778807878494263,0.7705692052841187,-0.19295987486839294,0.7800260782241821,0.7672980427742004,-0.1672595888376236,0.7313748598098755,0.8527196049690247,-0.23627427220344543,0.7577110528945923,0.8105528950691223,-0.057744793593883514,0.6587197184562683,0.8025139570236206,-0.1921699047088623,0.7319735288619995,0.7503671646118164,0.02931797504425049,0.6363664865493774,0.7432564496994019,-0.09183557331562042,0.741193413734436,0.7300004959106445,0.12238949537277222,0.6274352669715881,0.7332320213317871,-0.0831160768866539,0.7499024271965027,0.733681321144104,0.1472289264202118,0.6336202621459961,0.7332709431648254,-0.07442120462656021,0.7541877031326294,0.7323280572891235,0.1383211761713028,0.6385476589202881,0.7378620505332947,-0.08345003426074982,0.7503387928009033,0.735215425491333,0.12146282196044922,0.6067388653755188,0.7975799441337585,-0.07082981616258621,0.633066713809967,0.758613646030426,0.07093112170696259,0.5558072328567505,0.626161515712738,-0.11291956901550293,0.6023319959640503,0.6084848642349243,0.14375713467597961,0.5441792011260986,0.7950642108917236,0.029760729521512985,0.5766146183013916,0.7520772218704224,0.2200573980808258,0.5588945746421814,0.8283469080924988,0.049693576991558075,0.5823898911476135,0.7763568162918091,0.2286028414964676,0.5155851244926453,0.8175804018974304,0.10890104621648788,0.5497063994407654,0.7709996700286865,0.2782856822013855
0576,./images/142/frame_00576.jpg,Fall,0.7856398820877075,0.7603270411491394,-0.12663695216178894,0.797084629535675,0.776107132434845,-0.14635729789733887,0.7967337965965271,0.7800862789154053,-0.14632096886634827,0.7963680028915405,0.78416508436203,-0.1463865488767624,0.7988579869270325,0.7716460227966309,-0.12269172817468643,0.7996689081192017,0.7730098962783813,-0.12273110449314117,0.8007215261459351,0.7743582725524902,-0.12278864532709122,0.7915391325950623,0.8116385340690613,-0.1790965497493744,0.7964510321617126,0.7980263829231262,-0.07299225777387619,0.7741044759750366,0.7738901972770691,-0.13398608565330505,0.7755760550498962,0.7674869894981384,-0.10357421636581421,0.735356330871582,0.8605599403381348,-0.20479969680309296,0.7532528042793274,0.8104404211044312,0.016100425273180008,0.6640273928642273,0.7872633934020996,-0.1680012345314026,0.7071608901023865,0.7337859869003296,0.013933720998466015,0.7047330141067505,0.7375574111938477,-0.023148726671934128,0.7292925715446472,0.7002024054527283,-0.0630139634013176,0.7149742841720581,0.7223598957061768,-0.012208330444991589,0.7403963208198547,0.6963772177696228,-0.06132242828607559,0.7228592038154602,0.7327184677124023,-0.002979349112138152,0.7464314699172974,0.7058339715003967,-0.06167032569646835,0.7185491323471069,0.7377364039421082,-0.012628348544239998,0.7416263818740845,0.7114883661270142,-0.06543473899364471,0.6044265031814575,0.7997375726699829,-0.0745127946138382,0.6224746108055115,0.7606527805328369,0.07465502619743347,0.5545925498008728,0.625705897808075,-0.1380128562450409,0.5853748321533203,0.6077234745025635,0.11815931648015976,0.5456233620643616,0.7987556457519531,-0.00528029166162014,0.5612536668777466,0.7522459030151367,0.17705412209033966,0.5590423941612244,0.8315070271492004,0.013290321454405785,0.5661362409591675,0.7774134278297424,0.1838032454252243,0.5160450339317322,0.8255742192268372,0.07526560872793198,0.5358983278274536,0.773541271686554,0.22327084839344025
0577,./images/142/frame_00577.jpg,Fall,0.7841713428497314,0.7600440382957458,-0.22253890335559845,0.7957644462585449,0.7771620750427246,-0.2399131953716278,0.7951526045799255,0.7825866937637329,-0.23987241089344025,0.7944754362106323,0.7880512475967407,-0.23995551466941833,0.7981656789779663,0.7712717652320862,-0.2205565869808197,0.7991719841957092,0.7727805972099304,-0.22061243653297424,0.8002912402153015,0.7733814716339111,-0.22067169845104218,0.790021538734436,0.8171698451042175,-0.25581052899360657,0.7964311242103577,0.7953420877456665,-0.16906306147575378,0.7717203497886658,0.7738549709320068,-0.22187384963035583,0.7738833427429199,0.7662451863288879,-0.19702675938606262,0.7199591398239136,0.8626349568367004,-0.24306520819664001,0.7534090280532837,0.794355034828186,-0.07109078764915466,0.6310327053070068,0.837705671787262,-0.19806313514709473,0.7066316604614258,0.7325312495231628,0.02707739733159542,0.6162799000740051,0.7831264138221741,-0.1232001930475235,0.7226737141609192,0.6969091892242432,0.0841975212097168,0.6098817586898804,0.7739725708961487,-0.11776141822338104,0.7302170395851135,0.6919475793838501,0.11041165888309479,0.6184738278388977,0.7713761329650879,-0.11689959466457367,0.726404070854187,0.7023267149925232,0.09882505983114243,0.6230975389480591,0.7739976048469543,-0.11806078255176544,0.7228591442108154,0.7070128321647644,0.08305492252111435,0.604306697845459,0.8025083541870117,-0.07230406254529953,0.6235881447792053,0.7589445114135742,0.07244879007339478,0.5590593218803406,0.6251029372215271,-0.13667945563793182,0.5910117030143738,0.6141042709350586,0.1300344318151474,0.5549585223197937,0.7938565611839294,0.01734287664294243,0.5635024309158325,0.732169508934021,0.19912469387054443,0.5643988847732544,0.8277291059494019,0.041007041931152344,0.5684158205986023,0.7549256086349487,0.2080594301223755,0.5211793184280396,0.8085020184516907,0.10067436844110489,0.5391018390655518,0.729066014289856,0.2468688040971756
0578,./images/142/frame_00578.jpg,Fall,0.7846633195877075,0.7627615332603455,-0.20978064835071564,0.7965105175971985,0.7794970273971558,-0.23025400936603546,0.7959784269332886,0.7843513488769531,-0.23018543422222137,0.7953792810440063,0.7891741991043091,-0.230244442820549,0.7986587882041931,0.7735790610313416,-0.20887231826782227,0.7995232343673706,0.7747746109962463,-0.20891907811164856,0.8005539774894714,0.7754193544387817,-0.2089235782623291,0.790315568447113,0.8183413743972778,-0.2428644895553589,0.7966954708099365,0.7968273758888245,-0.15820281207561493,0.7720736861228943,0.7766144871711731,-0.22053435444831848,0.7746942043304443,0.7683916091918945,-0.19205696880817413,0.7221097350120544,0.8677130937576294,-0.23143570125102997,0.7537348866462708,0.7946052551269531,-0.06925012916326523,0.6386159658432007,0.8499733209609985,-0.1922021061182022,0.7100731134414673,0.7328474521636963,0.058776043355464935,0.6269265413284302,0.8045318722724915,-0.11384887993335724,0.7222382426261902,0.6975831985473633,0.12608256936073303,0.6214461326599121,0.7978752851486206,-0.10763003677129745,0.7234140634536743,0.6982647180557251,0.148342564702034,0.6292773485183716,0.7968527674674988,-0.10564965009689331,0.7273176908493042,0.7031428217887878,0.1383630335330963,0.633108377456665,0.7988176941871643,-0.10831010341644287,0.7244295477867126,0.7073635458946228,0.12439419329166412,0.6043325066566467,0.8026767373085022,-0.07247991114854813,0.6246440410614014,0.7578998804092407,0.07264339178800583,0.561042070388794,0.6238158941268921,-0.13382820785045624,0.592095673084259,0.6138849854469299,0.12505082786083221,0.5503925085067749,0.7932506799697876,0.017888622358441353,0.5638837814331055,0.7342739701271057,0.20250201225280762,0.5643983483314514,0.829082727432251,0.04101589322090149,0.5675148963928223,0.764319121837616,0.2128593474626541,0.5198854207992554,0.808427095413208,0.09754007309675217,0.5350531339645386,0.7393206357955933,0.24839313328266144
0579,./images/142/frame_00579.jpg,Fall,0.7817933559417725,0.764203667640686,-0.2018875628709793,0.793951690196991,0.780366063117981,-0.2213747799396515,0.7936511039733887,0.7856007218360901,-0.22133412957191467,0.7932869791984558,0.7906312942504883,-0.2214033603668213,0.7960501909255981,0.7737541794776917,-0.20036539435386658,0.7971391081809998,0.7746836543083191,-0.20042400062084198,0.7983611822128296,0.7752628922462463,-0.20047083497047424,0.7892786860466003,0.8191006183624268,-0.24181930720806122,0.7962824702262878,0.7968170046806335,-0.15104028582572937,0.7698622941970825,0.7788271307945251,-0.2070976197719574,0.7720858454704285,0.768760621547699,-0.17964906990528107,0.7227432131767273,0.8646838068962097,-0.23675017058849335,0.7518912553787231,0.7955437302589417,-0.05970544368028641,0.6401326656341553,0.8368046283721924,-0.19258901476860046,0.7054654359817505,0.7331600785255432,0.019495921209454536,0.635823667049408,0.7838752865791321,-0.0777546614408493,0.7194179892539978,0.6979895830154419,0.03026624023914337,0.6315924525260925,0.7669999003410339,-0.06638943403959274,0.7181733846664429,0.6987847685813904,0.04546927660703659,0.639284074306488,0.7700189352035522,-0.06209718436002731,0.7241814136505127,0.7011145353317261,0.03726192191243172,0.6424049735069275,0.77585768699646,-0.0698268711566925,0.721337616443634,0.7053466439247131,0.028050070628523827,0.6029653549194336,0.8022674322128296,-0.07358081638813019,0.6256969571113586,0.758007287979126,0.07373514026403427,0.5620061159133911,0.6236839890480042,-0.1425744891166687,0.5951101183891296,0.6137005090713501,0.12986019253730774,0.5503205060958862,0.7935801148414612,0.00450710067525506,0.5643125772476196,0.7347077131271362,0.19712822139263153,0.5654033422470093,0.8311896324157715,0.025382056832313538,0.5664853453636169,0.7615471482276917,0.20546098053455353,0.5217527151107788,0.8098520040512085,0.08423683792352676,0.5360792279243469,0.7384473085403442,0.24241690337657928
0580,./images/142/frame_00580.jpg,Fall,0.7812107801437378,0.7640513777732849,-0.2030031681060791,0.7926958799362183,0.7799423933029175,-0.22129814326763153,0.7922500371932983,0.7853766679763794,-0.22127309441566467,0.7917813062667847,0.790539562702179,-0.22135671973228455,0.7950442433357239,0.7734535932540894,-0.20208831131458282,0.7961641550064087,0.7744467258453369,-0.2021411955356598,0.7973531484603882,0.7750985026359558,-0.20221157371997833,0.7879992127418518,0.8200589418411255,-0.2413414716720581,0.7921615839004517,0.7957853674888611,-0.15535911917686462,0.7687048316001892,0.7799777388572693,-0.2050984650850296,0.7712150812149048,0.7691546082496643,-0.18007221817970276,0.723355233669281,0.8660444617271423,-0.2343715876340866,0.7523609399795532,0.7961992025375366,-0.06492123007774353,0.6419269442558289,0.8361752033233643,-0.1906985193490982,0.7084465026855469,0.7354329228401184,0.007008296903222799,0.636769711971283,0.7757564783096313,-0.08244561403989792,0.7234650254249573,0.7154440879821777,0.03318870812654495,0.6329022645950317,0.7614922523498535,-0.07185213267803192,0.7249833941459656,0.7136272192001343,0.04989372938871384,0.6403461694717407,0.763646125793457,-0.06673377007246017,0.7295380234718323,0.7113348841667175,0.044559258967638016,0.6431146860122681,0.7689172625541687,-0.07458478212356567,0.7265167832374573,0.7148230671882629,0.032430946826934814,0.6030459403991699,0.8051052689552307,-0.06947341561317444,0.6263067126274109,0.7580662369728088,0.06961025297641754,0.5621298551559448,0.6245452165603638,-0.13916918635368347,0.593425989151001,0.6153476238250732,0.12373635917901993,0.5574509501457214,0.7882320880889893,0.029785912483930588,0.5648602247238159,0.7224072217941284,0.20146432518959045,0.5672144293785095,0.8239941000938416,0.052714090794324875,0.5676366686820984,0.7461164593696594,0.2111399620771408,0.5280783772468567,0.7953639626502991,0.11720605194568634,0.5363458395004272,0.7206117510795593,0.24847367405891418
0581,./images/142/frame_00581.jpg,Fall,0.7818579077720642,0.7637427449226379,-0.2051774561405182,0.7930681109428406,0.7797390222549438,-0.22190169990062714,0.7925845980644226,0.7852359414100647,-0.22187288105487823,0.7920549511909485,0.7903544306755066,-0.2219458371400833,0.7954099774360657,0.7733054161071777,-0.2042439877986908,0.7964826226234436,0.7744519710540771,-0.20428462326526642,0.797609806060791,0.7750591039657593,-0.2043682336807251,0.7877053618431091,0.8204365372657776,-0.2402041256427765,0.7919085025787354,0.7956621646881104,-0.16093485057353973,0.7693976759910583,0.7796456217765808,-0.20551922917366028,0.7718300819396973,0.7691586017608643,-0.18302085995674133,0.7218884229660034,0.8625496625900269,-0.24038095772266388,0.7526966333389282,0.7986482381820679,-0.06764285266399384,0.6385509371757507,0.8032039403915405,-0.21321316063404083,0.7091070413589478,0.75495845079422,0.015748057514429092,0.6123156547546387,0.7053249478340149,-0.1385382115840912,0.7175184488296509,0.7284985184669495,0.09665989130735397,0.6011291742324829,0.6874297857284546,-0.13685467839241028,0.7188083529472351,0.7246742844581604,0.11910438537597656,0.6085267663002014,0.6812810897827148,-0.13086961209774017,0.7236330509185791,0.7170692682266235,0.10685326904058456,0.6144973039627075,0.6889621019363403,-0.13184788823127747,0.7206712365150452,0.7194617986679077,0.09484291821718216,0.6048523187637329,0.8046808838844299,-0.06667883694171906,0.6267092823982239,0.7584751844406128,0.06670431792736053,0.5620604753494263,0.6240513920783997,-0.1311769038438797,0.5952379107475281,0.6150853633880615,0.12183457612991333,0.5561288595199585,0.7921295166015625,0.02936272881925106,0.5652280449867249,0.7291535139083862,0.191085547208786,0.565339207649231,0.8291764855384827,0.05081001669168472,0.567669153213501,0.7530033588409424,0.20085933804512024,0.5240286588668823,0.8032616376876831,0.11248640716075897,0.536345362663269,0.7320746779441833,0.23810842633247375
0582,./images/142/frame_00582.jpg,Fall,0.786155104637146,0.7642679810523987,-0.19997990131378174,0.796506404876709,0.7804633378982544,-0.21449366211891174,0.7961947321891785,0.7855867743492126,-0.2144787758588791,0.7959113121032715,0.7902260422706604,-0.21454672515392303,0.798233151435852,0.7752336859703064,-0.19699428975582123,0.7989413142204285,0.7768649458885193,-0.1970093548297882,0.799712598323822,0.7781956195831299,-0.19711056351661682,0.7905493378639221,0.8210229873657227,-0.23185548186302185,0.7944132685661316,0.8030499815940857,-0.1533220112323761,0.7731696367263794,0.7800132632255554,-0.20000925660133362,0.7754242420196533,0.7713644504547119,-0.1783653050661087,0.7275668382644653,0.8666410446166992,-0.2394455224275589,0.7526369094848633,0.8017917275428772,-0.06317126750946045,0.6345207691192627,0.8200318217277527,-0.21668288111686707,0.7079214453697205,0.7547386288642883,0.06303007155656815,0.596591055393219,0.7219766974449158,-0.16224749386310577,0.7112137079238892,0.726252555847168,0.14457982778549194,0.5821893215179443,0.7078338861465454,-0.1650971621274948,0.7114031314849854,0.7229931950569153,0.16867755353450775,0.5898791551589966,0.7054566144943237,-0.15937493741512299,0.7171193361282349,0.7157521843910217,0.15288595855236053,0.597436249256134,0.711579442024231,-0.15626147389411926,0.7146209478378296,0.7181954383850098,0.14121463894844055,0.6050418019294739,0.80686354637146,-0.06633755564689636,0.6274492740631104,0.760087251663208,0.06638234108686447,0.561979353427887,0.6240208148956299,-0.11430823802947998,0.5988940000534058,0.6141645908355713,0.12219782173633575,0.5482708215713501,0.7920927405357361,0.03570535033941269,0.5688507556915283,0.7337476015090942,0.1962149441242218,0.5584775805473328,0.8262112140655518,0.05576588958501816,0.5710301399230957,0.7614832520484924,0.2045815885066986,0.5139800310134888,0.8122510313987732,0.11042140424251556,0.53876131772995,0.7382864356040955,0.24531538784503937
0583,./images/142/frame_00583.jpg,Fall,0.7856360673904419,0.7639156579971313,-0.1657562255859375,0.7963029742240906,0.7803796529769897,-0.1832125335931778,0.7960127592086792,0.7852766513824463,-0.18319129943847656,0.7956934571266174,0.7899860739707947,-0.18325023353099823,0.7982304096221924,0.774994432926178,-0.1632855385541916,0.7989553213119507,0.7766605615615845,-0.1633322536945343,0.7997392416000366,0.77815181016922,-0.16343249380588531,0.7902577519416809,0.8199378252029419,-0.20958271622657776,0.7931037545204163,0.8023756146430969,-0.12193335592746735,0.7723761796951294,0.7791300415992737,-0.16967175900936127,0.7747891545295715,0.7710928320884705,-0.14464379847049713,0.7262934446334839,0.8583840131759644,-0.23332980275154114,0.7525538802146912,0.8087574243545532,-0.030123885720968246,0.6364834308624268,0.7986864447593689,-0.2154977023601532,0.7068904638290405,0.7587796449661255,0.07653865963220596,0.6033880114555359,0.6983855962753296,-0.15114066004753113,0.7117956280708313,0.7251372337341309,0.14146241545677185,0.5905894041061401,0.6808255314826965,-0.15436813235282898,0.712693452835083,0.7190039753913879,0.16190460324287415,0.6015165448188782,0.6705753207206726,-0.15021732449531555,0.7184547185897827,0.7103057503700256,0.1468033492565155,0.6043632626533508,0.6818382740020752,-0.14589843153953552,0.7158005237579346,0.7125316858291626,0.1375209093093872,0.6050488352775574,0.8075770735740662,-0.06895525753498077,0.6245459318161011,0.768162727355957,0.06895819306373596,0.5632345676422119,0.6239227056503296,-0.12370564788579941,0.5938464403152466,0.623353123664856,0.11821115016937256,0.5441432595252991,0.7939662337303162,0.0075019425712525845,0.5597516298294067,0.7743617296218872,0.18222343921661377,0.5502868294715881,0.8293904066085815,0.025477726012468338,0.5615555644035339,0.8031222224235535,0.19070440530776978,0.5083436965942383,0.8165728449821472,0.07623077183961868,0.5305287837982178,0.784559965133667,0.22283867001533508
0584,./images/142/frame_00584.jpg,Fall,0.7856886982917786,0.7658888697624207,-0.20442762970924377,0.7968294024467468,0.7847773432731628,-0.21947333216667175,0.7964144349098206,0.7899042963981628,-0.2194633185863495,0.7959581613540649,0.7947148680686951,-0.21953566372394562,0.798807680606842,0.777660608291626,-0.20105776190757751,0.7994464635848999,0.7788064479827881,-0.20111648738384247,0.8001406788825989,0.7798094749450684,-0.20121364295482635,0.7901086211204529,0.8238456845283508,-0.2315898835659027,0.7930313944816589,0.8020644187927246,-0.15113039314746857,0.7722083330154419,0.7814978957176208,-0.20343582332134247,0.7747639417648315,0.7723585963249207,-0.18024703860282898,0.7200120687484741,0.8595460057258606,-0.24493777751922607,0.7525738477706909,0.8070130944252014,-0.05766226723790169,0.6291822791099548,0.798972487449646,-0.21737763285636902,0.6936739683151245,0.7577189207077026,0.04099934175610542,0.603782057762146,0.6992645859718323,-0.14196087419986725,0.6824994087219238,0.7178851366043091,0.09029849618673325,0.593146562576294,0.6784555912017822,-0.14352713525295258,0.6783255338668823,0.7047886848449707,0.10537602752447128,0.6021326184272766,0.6728876829147339,-0.13986827433109283,0.684059739112854,0.6984456181526184,0.08715879172086716,0.6071925163269043,0.6823063492774963,-0.1364506483078003,0.6834654808044434,0.703307032585144,0.08456603437662125,0.6044898629188538,0.8085100650787354,-0.06795255094766617,0.6239737868309021,0.7670803666114807,0.0679333508014679,0.5631939172744751,0.6240289211273193,-0.12396752834320068,0.5952937602996826,0.6246326565742493,0.11985146999359131,0.5436437726020813,0.7938233017921448,0.016137508675456047,0.5598005652427673,0.738989531993866,0.18792468309402466,0.5524339079856873,0.8331708908081055,0.03523452579975128,0.5590952038764954,0.7630420327186584,0.19744524359703064,0.5104304552078247,0.8136767745018005,0.08096089214086533,0.5319259762763977,0.7296539545059204,0.230772465467453
0585,./images/142/frame_00585.jpg,Fall,0.7859348058700562,0.7684131860733032,-0.21220843493938446,0.7972890734672546,0.7873452305793762,-0.2303439825773239,0.7967711687088013,0.7922333478927612,-0.23033031821250916,0.7959650158882141,0.7964498996734619,-0.23040445148944855,0.7992449402809143,0.7802296876907349,-0.2109154760837555,0.7997777462005615,0.7812475562095642,-0.21100609004497528,0.8003764152526855,0.7820889949798584,-0.2110927551984787,0.7899700403213501,0.8259653449058533,-0.2501591444015503,0.7943633794784546,0.805931031703949,-0.1640326827764511,0.7721658945083618,0.7839421629905701,-0.21332111954689026,0.7747695446014404,0.7749708294868469,-0.18861111998558044,0.7177542448043823,0.8594733476638794,-0.2526450455188751,0.7523573040962219,0.8100382685661316,-0.06898892670869827,0.6322087049484253,0.7875129580497742,-0.2155822068452835,0.6974326372146606,0.7574306130409241,0.011362554505467415,0.6296924352645874,0.6989667415618896,-0.09985888004302979,0.7034258842468262,0.7040875554084778,0.033635884523391724,0.6273092031478882,0.6789420247077942,-0.09455044567584991,0.7136079668998718,0.6935991644859314,0.04586027190089226,0.6364860534667969,0.6806195378303528,-0.09126351028680801,0.7195364236831665,0.6894830465316772,0.03476542979478836,0.638900876045227,0.6895582675933838,-0.09318643808364868,0.7145174145698547,0.6948820352554321,0.030330568552017212,0.6044520139694214,0.8086291551589966,-0.06808852404356003,0.6240684390068054,0.7683579325675964,0.0680837482213974,0.5651615858078003,0.6239715814590454,-0.12741844356060028,0.6011168956756592,0.6242560744285583,0.12174759060144424,0.5439778566360474,0.7901244163513184,0.01715591363608837,0.5607073903083801,0.7388925552368164,0.19303622841835022,0.5510601997375488,0.8186872601509094,0.036397915333509445,0.5610955953598022,0.7636010050773621,0.20332440733909607,0.5126563906669617,0.8050705194473267,0.08296674489974976,0.5324608683586121,0.7330492734909058,0.24183380603790283
0586,./images/142/frame_00586.jpg,Fall,0.7886545658111572,0.7689523696899414,-0.21312634646892548,0.7991200685501099,0.7878769636154175,-0.23161724209785461,0.7985321879386902,0.792400598526001,-0.23159143328666687,0.7975548505783081,0.7976577877998352,-0.231673002243042,0.8008702397346497,0.7813828587532043,-0.21108031272888184,0.8011830449104309,0.7828569412231445,-0.21113936603069305,0.8015273809432983,0.7840628623962402,-0.21122582256793976,0.7905656099319458,0.8257321715354919,-0.2557646930217743,0.7961806058883667,0.8074523210525513,-0.16458645462989807,0.7737342119216919,0.7838345170021057,-0.2158878743648529,0.7763664126396179,0.7757985591888428,-0.18982714414596558,0.7187277674674988,0.8553435206413269,-0.2664908766746521,0.752489447593689,0.8142320513725281,-0.06789834052324295,0.6307093501091003,0.7937525510787964,-0.2232324630022049,0.6909263730049133,0.7705086469650269,0.02190786972641945,0.6066927313804626,0.7104447484016418,-0.11121763288974762,0.6675093770027161,0.7140000462532043,0.06065840274095535,0.5968198776245117,0.6971008777618408,-0.11102776229381561,0.6603355407714844,0.6943890452384949,0.07679561525583267,0.6036233305931091,0.687538206577301,-0.10955856740474701,0.6638646721839905,0.6932339072227478,0.06338708102703094,0.6087626218795776,0.6934403777122498,-0.10615573078393936,0.6647275686264038,0.7008253931999207,0.05720817297697067,0.6035739779472351,0.8084206581115723,-0.07089830189943314,0.6238566637039185,0.7708711624145508,0.07092329114675522,0.5666612982749939,0.6231634020805359,-0.13379918038845062,0.6010618805885315,0.627302348613739,0.1310456097126007,0.5483067631721497,0.7890843749046326,0.014332035556435585,0.5613082051277161,0.7410610914230347,0.19468776881694794,0.5535905957221985,0.8196188807487488,0.0343167670071125,0.5613872408866882,0.7651913166046143,0.2046937495470047,0.5172089338302612,0.8011705279350281,0.08752093464136124,0.5336620807647705,0.7345373630523682,0.24272429943084717
0587,./images/142/frame_00587.jpg,Fall,0.7882739901542664,0.7719712853431702,-0.2092507779598236,0.7989299297332764,0.7896353006362915,-0.22687244415283203,0.7983888983726501,0.7937943339347839,-0.22684144973754883,0.7974569797515869,0.7987101078033447,-0.2269197404384613,0.800827145576477,0.7844367027282715,-0.20738044381141663,0.8011348843574524,0.7858802080154419,-0.2074342966079712,0.8014945983886719,0.7869753241539001,-0.20751747488975525,0.7905194163322449,0.8265457153320312,-0.25101423263549805,0.796402096748352,0.8099750280380249,-0.16176801919937134,0.7735776305198669,0.7868620753288269,-0.21107034385204315,0.776261031627655,0.7792955040931702,-0.18627026677131653,0.7169679999351501,0.8590686321258545,-0.2611045241355896,0.7530361413955688,0.8155539035797119,-0.0652843564748764,0.6256166696548462,0.8188923597335815,-0.22153453528881073,0.6937996745109558,0.7721856832504272,0.04554719850420952,0.601680338382721,0.7190031409263611,-0.1308172643184662,0.6869257688522339,0.7269447445869446,0.12160775810480118,0.5915147066116333,0.7000466585159302,-0.12911568582057953,0.6853453516960144,0.7143213748931885,0.14511790871620178,0.5996612906455994,0.691847026348114,-0.1214117780327797,0.6896374821662903,0.7086905837059021,0.12872940301895142,0.6053210496902466,0.6963807344436646,-0.12307897955179214,0.6882901787757874,0.7132919430732727,0.11800718307495117,0.6026210188865662,0.8076862096786499,-0.07079188525676727,0.6236363053321838,0.771696150302887,0.07082170993089676,0.5663777589797974,0.6240243911743164,-0.11804932355880737,0.5970747470855713,0.6337546706199646,0.12995390594005585,0.5467579364776611,0.7914457321166992,0.015399662777781487,0.5604104995727539,0.764743447303772,0.19221284985542297,0.5558566451072693,0.8394299745559692,0.03513503447175026,0.5611470937728882,0.790006697177887,0.20146629214286804,0.5167618989944458,0.8202034831047058,0.0896807610988617,0.5330594778060913,0.7711230516433716,0.2365315705537796
0588,./images/142/frame_00588.jpg,Fall,0.7889561057090759,0.7713579535484314,-0.207076758146286,0.7989310622215271,0.7891333103179932,-0.2251957356929779,0.7983424663543701,0.7935373187065125,-0.22516050934791565,0.7907472848892212,0.8056517839431763,-0.22523951530456543,0.8008578419685364,0.7836625576019287,-0.2054435759782791,0.8011466264724731,0.7850847244262695,-0.20549437403678894,0.8014906644821167,0.7861936688423157,-0.20558039844036102,0.7899764776229858,0.8270165324211121,-0.2545774579048157,0.7937325239181519,0.8114396929740906,-0.1652449071407318,0.7738781571388245,0.786360502243042,-0.21073845028877258,0.7766667604446411,0.7786514163017273,-0.18548019230365753,0.717708170413971,0.853251039981842,-0.2629457712173462,0.7571520209312439,0.8241872787475586,-0.06707517802715302,0.624353289604187,0.8291585445404053,-0.23434440791606903,0.7006353139877319,0.7860329747200012,0.05309025198221207,0.5912197232246399,0.7522798180580139,-0.1695481240749359,0.712579071521759,0.7437815070152283,0.14151492714881897,0.579246461391449,0.742626428604126,-0.1712440550327301,0.7157544493675232,0.7370820045471191,0.16902121901512146,0.5868695378303528,0.7309961318969727,-0.1674569547176361,0.7209562659263611,0.7268068194389343,0.15119190514087677,0.5936930775642395,0.7342563271522522,-0.16447773575782776,0.7173605561256409,0.7288751602172852,0.13769575953483582,0.6026508212089539,0.807594358921051,-0.07240473479032516,0.6262804269790649,0.7757052183151245,0.07253096252679825,0.5662581920623779,0.6240236759185791,-0.11361445486545563,0.5968900918960571,0.6450088620185852,0.1568121314048767,0.5586255788803101,0.7758553624153137,0.024310925975441933,0.5701947212219238,0.7598202228546143,0.2094244509935379,0.5668899416923523,0.8093392252922058,0.04281872138381004,0.5698233246803284,0.7767870426177979,0.21645596623420715,0.5363551378250122,0.786321759223938,0.09639937430620193,0.5532962083816528,0.7588599920272827,0.2468152493238449
0589,./images/142/frame_00589.jpg,Fall,0.7864661812782288,0.7713605165481567,-0.20767498016357422,0.7974961996078491,0.7904109358787537,-0.22407309710979462,0.7906538844108582,0.8056938052177429,-0.22404226660728455,0.7876152992248535,0.8131081461906433,-0.224117711186409,0.7999612092971802,0.7833735942840576,-0.20570245385169983,0.8003155589103699,0.7847232222557068,-0.20576301217079163,0.8007028698921204,0.7857730388641357,-0.2058669775724411,0.786794900894165,0.8290839195251465,-0.24200423061847687,0.7922632098197937,0.8106418251991272,-0.1624682992696762,0.7720059156417847,0.7869081497192383,-0.2091108113527298,0.7760910987854004,0.7787631750106812,-0.1850746124982834,0.717825710773468,0.8534379005432129,-0.250449001789093,0.7569003105163574,0.8216906189918518,-0.06567572057247162,0.6251264810562134,0.7894208431243896,-0.22369103133678436,0.6977475881576538,0.7687377333641052,0.027292555198073387,0.5995635986328125,0.7015451788902283,-0.15615330636501312,0.7014669179916382,0.7142534255981445,0.056816957890987396,0.5895854830741882,0.6846726536750793,-0.15983858704566956,0.7016910314559937,0.702935516834259,0.07050042599439621,0.597489595413208,0.6809820532798767,-0.15707522630691528,0.708514928817749,0.6944983005523682,0.05221513658761978,0.6030441522598267,0.6873694658279419,-0.15154336392879486,0.7059114575386047,0.6993282437324524,0.05098959803581238,0.6023820638656616,0.8001039028167725,-0.07108684629201889,0.6264454126358032,0.7751672267913818,0.07116374373435974,0.5676645636558533,0.6243825554847717,-0.12054015696048737,0.5964234471321106,0.6501263380050659,0.14839334785938263,0.5569010376930237,0.7726894021034241,0.02976442314684391,0.5668555498123169,0.7564488053321838,0.2076079100370407,0.5657618045806885,0.8065845966339111,0.050005726516246796,0.5647917985916138,0.7721166014671326,0.2156306803226471,0.531696617603302,0.7776238918304443,0.10335780680179596,0.5516685247421265,0.7468329668045044,0.2467498481273651
0590,./images/142/frame_00590.jpg,Fall,0.7857906222343445,0.7715492844581604,-0.21769285202026367,0.797409176826477,0.7915579676628113,-0.2325025349855423,0.7909685969352722,0.8029496073722839,-0.2324766218662262,0.7868178486824036,0.8170562982559204,-0.2325553447008133,0.7999289035797119,0.7835701704025269,-0.2152157574892044,0.8002995252609253,0.7846878170967102,-0.21528974175453186,0.8006995320320129,0.7855789065361023,-0.21539366245269775,0.786253809928894,0.831972062587738,-0.24338766932487488,0.7916027307510376,0.8104199767112732,-0.1670808643102646,0.7706708312034607,0.7873625755310059,-0.21557645499706268,0.7744743227958679,0.7785535454750061,-0.19356143474578857,0.7124306559562683,0.8579476475715637,-0.25032755732536316,0.75548255443573,0.8176702857017517,-0.07188501954078674,0.6153286695480347,0.7939634323120117,-0.22315804660320282,0.6966046094894409,0.7621506452560425,0.02578165754675865,0.5964709520339966,0.7021100521087646,-0.1612686812877655,0.7023587822914124,0.7001673579216003,0.06990417838096619,0.5880193710327148,0.6824464797973633,-0.16460660099983215,0.7005349397659302,0.6968892216682434,0.08547922223806381,0.5967887043952942,0.6798402070999146,-0.16122320294380188,0.7069559693336487,0.6892654895782471,0.06917690485715866,0.6020940542221069,0.6873224973678589,-0.1564745306968689,0.7039766907691956,0.6946460604667664,0.06517290323972702,0.5982270240783691,0.797906219959259,-0.07027823477983475,0.6255030035972595,0.7744251489639282,0.070323646068573,0.5678216218948364,0.6243938207626343,-0.11912045627832413,0.5953205227851868,0.6543923616409302,0.14755217730998993,0.5509557127952576,0.7748481631278992,0.029085204005241394,0.5603744387626648,0.7582289576530457,0.20673298835754395,0.5563655495643616,0.8108871579170227,0.04909750819206238,0.5572241544723511,0.7769671082496643,0.21565887331962585,0.519580066204071,0.7834157943725586,0.10286311060190201,0.5418109893798828,0.7472386956214905,0.2475930005311966
0591,./images/142/frame_00591.jpg,Fall,0.7862302660942078,0.7744574546813965,-0.23282968997955322,0.7974045872688293,0.7956076860427856,-0.24641354382038116,0.791467547416687,0.8054465651512146,-0.24638798832893372,0.7898334264755249,0.8150572776794434,-0.24647100269794464,0.7998695969581604,0.7865162491798401,-0.2294635772705078,0.8002656102180481,0.7862623333930969,-0.22951631247997284,0.8006604909896851,0.7866361737251282,-0.22961249947547913,0.7863832712173462,0.8409717082977295,-0.24930274486541748,0.7916169762611389,0.8116762042045593,-0.17436723411083221,0.7705632448196411,0.7919315695762634,-0.22770610451698303,0.7744742035865784,0.7806053757667542,-0.20619888603687286,0.712510883808136,0.8691649436950684,-0.2518356144428253,0.755009651184082,0.8089869022369385,-0.07449958473443985,0.6145755648612976,0.8183176517486572,-0.225134015083313,0.6940323114395142,0.7540522217750549,0.021412018686532974,0.5916391611099243,0.7228341102600098,-0.17407944798469543,0.7008112668991089,0.6953548192977905,0.05683361366391182,0.5816552639007568,0.7030839323997498,-0.18002687394618988,0.6899587512016296,0.6881676316261292,0.0708472803235054,0.5910847187042236,0.6952219605445862,-0.1767437905073166,0.6963573694229126,0.6821482181549072,0.05240263417363167,0.5970942378044128,0.7016890645027161,-0.1693468689918518,0.6942470669746399,0.6888293027877808,0.0510190911591053,0.5979620218276978,0.7979792356491089,-0.06984400749206543,0.625517725944519,0.7719224095344543,0.06988781690597534,0.5663038492202759,0.6258031129837036,-0.12667421996593475,0.6005064845085144,0.6501888036727905,0.12981709837913513,0.5523704290390015,0.7881979942321777,0.03170880302786827,0.5606445074081421,0.7571443319320679,0.20352871716022491,0.5594061017036438,0.8249282240867615,0.05316616967320442,0.5579847097396851,0.776513934135437,0.21425549685955048,0.5197974443435669,0.7978826761245728,0.10655850172042847,0.5413330793380737,0.7458541989326477,0.24597206711769104
0592,./images/142/frame_00592.jpg,Fall,0.7861114740371704,0.7799935340881348,-0.24069039523601532,0.7971320152282715,0.8040339350700378,-0.2539343237876892,0.7918183207511902,0.811818540096283,-0.25390851497650146,0.7904955744743347,0.8224099278450012,-0.2539995610713959,0.7960599660873413,0.8056525588035583,-0.23707568645477295,0.7970858812332153,0.8026869893074036,-0.23712754249572754,0.7981113791465759,0.7999111413955688,-0.23722639679908752,0.7865220308303833,0.8493419289588928,-0.2549196183681488,0.7915684580802917,0.8154422044754028,-0.18033555150032043,0.7703506946563721,0.7987883687019348,-0.23496182262897491,0.7738453149795532,0.7833726406097412,-0.21363060176372528,0.7110125422477722,0.8773037195205688,-0.2563169300556183,0.7547167539596558,0.8015244603157043,-0.07753533869981766,0.6135556101799011,0.836084246635437,-0.23429028689861298,0.6930235624313354,0.7461636066436768,0.02332780323922634,0.588267982006073,0.7343733906745911,-0.19600605964660645,0.7001808881759644,0.690327525138855,0.06577589362859726,0.577157199382782,0.7130234837532043,-0.2031545639038086,0.688176155090332,0.6819008588790894,0.08176828920841217,0.587734043598175,0.7016584873199463,-0.1985834836959839,0.6946607232093811,0.6765040159225464,0.06688617169857025,0.594126284122467,0.7084927558898926,-0.19061554968357086,0.6923872232437134,0.6839045882225037,0.0616682767868042,0.5982965230941772,0.8038166761398315,-0.06938426941633224,0.6256164312362671,0.7641645669937134,0.06940991431474686,0.5641018152236938,0.6270814538002014,-0.13114599883556366,0.5994091033935547,0.6478915214538574,0.12067369371652603,0.5526973009109497,0.8030038475990295,0.030905231833457947,0.5636227130889893,0.7609456181526184,0.2034444808959961,0.5610081553459167,0.8385487198829651,0.051569245755672455,0.5633529424667358,0.7825100421905518,0.21469803154468536,0.5198460817337036,0.8205609917640686,0.10567337274551392,0.5421196222305298,0.757216215133667,0.2479659765958786
0593,./images/142/frame_00593.jpg,Fall,0.7854660153388977,0.7792406678199768,-0.2414875030517578,0.7954416275024414,0.8016628623008728,-0.2563193440437317,0.7918990850448608,0.8093044757843018,-0.25628387928009033,0.7860056161880493,0.8235780596733093,-0.2563759684562683,0.796209454536438,0.804996132850647,-0.23868222534656525,0.7972157001495361,0.8013255596160889,-0.2387305200099945,0.7982040047645569,0.7983877658843994,-0.23882701992988586,0.7856961488723755,0.8454793095588684,-0.26552945375442505,0.7902401685714722,0.8147484064102173,-0.18697531521320343,0.7699590921401978,0.7978400588035583,-0.2385087013244629,0.7709686756134033,0.789160430431366,-0.21606871485710144,0.7119023203849792,0.874332070350647,-0.26212045550346375,0.7545587420463562,0.8027467727661133,-0.08922107517719269,0.6163267493247986,0.8358660936355591,-0.23207883536815643,0.6930263638496399,0.7477137446403503,0.00658193975687027,0.5946134924888611,0.7336897850036621,-0.15334321558475494,0.6819421052932739,0.6944181323051453,0.047749243676662445,0.5887362957000732,0.7138028740882874,-0.15399786829948425,0.6756622195243835,0.686515212059021,0.06343138217926025,0.597764253616333,0.7062019109725952,-0.14995801448822021,0.6811431646347046,0.6816537380218506,0.04634649306535721,0.602205753326416,0.7124860286712646,-0.1474778801202774,0.6805713176727295,0.6880374550819397,0.04287341982126236,0.5984454154968262,0.8015871047973633,-0.06916011869907379,0.627200722694397,0.765040934085846,0.0692107304930687,0.564155638217926,0.6270238757133484,-0.1308048665523529,0.6002878546714783,0.6469303369522095,0.13366922736167908,0.5601007342338562,0.7715409994125366,0.034655340015888214,0.5692128539085388,0.7362788915634155,0.2101542204618454,0.5683586597442627,0.8033907413482666,0.05633039399981499,0.5679671168327332,0.7542941570281982,0.2209654301404953,0.5343660116195679,0.7718697190284729,0.10926282405853271,0.5498477220535278,0.7245351076126099,0.25474992394447327
0594,./images/142/frame_00594.jpg,Fall,0.7856453061103821,0.7822754979133606,-0.2524162232875824,0.7920621633529663,0.8154687881469727,-0.26546207070350647,0.789760947227478,0.8219711184501648,-0.26542147994041443,0.787087082862854,0.8223146200180054,-0.2655123174190521,0.7948188185691833,0.8081126809120178,-0.2502083480358124,0.7961317300796509,0.8047918677330017,-0.25027042627334595,0.7974251508712769,0.8016592264175415,-0.25035038590431213,0.7850097417831421,0.8474649786949158,-0.2656400203704834,0.7904359102249146,0.8149159550666809,-0.19744378328323364,0.7699773907661438,0.8001930117607117,-0.2457132339477539,0.7717756032943726,0.7888952493667603,-0.22656336426734924,0.7123059034347534,0.86790931224823,-0.26182204484939575,0.7546703219413757,0.8031728267669678,-0.09523610770702362,0.6177363991737366,0.8333078026771545,-0.22150108218193054,0.6921385526657104,0.7484958171844482,-0.010172679089009762,0.5991843938827515,0.7331216335296631,-0.13211661577224731,0.672478199005127,0.6969155669212341,0.0234827883541584,0.5943801403045654,0.7136856913566589,-0.13006970286369324,0.6658226251602173,0.6877871751785278,0.03738433122634888,0.6029261350631714,0.7069402933120728,-0.12518469989299774,0.6698710322380066,0.6840263605117798,0.019957613199949265,0.6066662669181824,0.7135754227638245,-0.12548837065696716,0.6701449155807495,0.6903562545776367,0.018369784578680992,0.6015175580978394,0.8011038303375244,-0.0688779279589653,0.6286436915397644,0.7651901841163635,0.0689183920621872,0.5655101537704468,0.6256749033927917,-0.1252599060535431,0.5998857617378235,0.6475984454154968,0.1450396180152893,0.5602556467056274,0.7835639119148254,0.028931763023138046,0.5701197981834412,0.7454990148544312,0.209682434797287,0.5691394209861755,0.8169615268707275,0.04923359677195549,0.5693178176879883,0.7638610601425171,0.21980583667755127,0.5328689217567444,0.7948237657546997,0.10638049989938736,0.549250066280365,0.7385282516479492,0.2563641667366028
0595,./images/142/frame_00595.jpg,Fall,0.7862590551376343,0.7864911556243896,-0.2581770718097687,0.7909486889839172,0.8223547339439392,-0.2702188193798065,0.7909312844276428,0.8195692896842957,-0.2701790928840637,0.7886698842048645,0.8260847926139832,-0.27027758955955505,0.7944507598876953,0.8116798400878906,-0.255645751953125,0.7959049344062805,0.8082584142684937,-0.2557094693183899,0.7973266839981079,0.8048840761184692,-0.2557898163795471,0.7851492166519165,0.8506325483322144,-0.26467201113700867,0.7913680672645569,0.8163378238677979,-0.20002248883247375,0.7703430652618408,0.804439902305603,-0.2491205632686615,0.772872269153595,0.789035975933075,-0.23100802302360535,0.7139889001846313,0.8670905232429504,-0.2612764835357666,0.7549187541007996,0.8034778833389282,-0.09335640072822571,0.6179270148277283,0.8291565775871277,-0.2195841372013092,0.6907569169998169,0.7510936260223389,-0.008486157283186913,0.600791335105896,0.7353730201721191,-0.1317705512046814,0.6687092781066895,0.6973687410354614,0.02624516747891903,0.5963951349258423,0.7156491875648499,-0.12980087101459503,0.662021815776825,0.6893426775932312,0.04062516614794731,0.6052928566932678,0.7101650834083557,-0.12322822958230972,0.6659554839134216,0.6855419874191284,0.02411484159529209,0.6086634397506714,0.7175312638282776,-0.12445472180843353,0.6662300229072571,0.691463828086853,0.021452682092785835,0.6027552485466003,0.796198844909668,-0.06892849504947662,0.6288307905197144,0.7665445804595947,0.06895982474088669,0.5665521621704102,0.6257993578910828,-0.11367213726043701,0.5939555168151855,0.6474165320396423,0.14318902790546417,0.5519368648529053,0.7856383323669434,0.028573116287589073,0.5596652626991272,0.7618052363395691,0.20893733203411102,0.5596925020217896,0.8203102946281433,0.04777926579117775,0.5592362284660339,0.7842838764190674,0.21912486851215363,0.5185751914978027,0.7989944219589233,0.1036495789885521,0.5356222987174988,0.7606425881385803,0.25561535358428955
0596,./images/142/frame_00596.jpg,Fall,0.7863487005233765,0.7868700623512268,-0.25922349095344543,0.7905741333961487,0.8251027464866638,-0.27182537317276,0.7898472547531128,0.8290740251541138,-0.2717928886413574,0.7881166934967041,0.835195779800415,-0.27189087867736816,0.7943263649940491,0.8140148520469666,-0.25736182928085327,0.7958410978317261,0.8105775713920593,-0.2574252486228943,0.7973219156265259,0.8071407675743103,-0.2575285732746124,0.785243034362793,0.8507551550865173,-0.2684408724308014,0.7924471497535706,0.8176616430282593,-0.20491516590118408,0.7704993486404419,0.8049890398979187,-0.25100529193878174,0.772936999797821,0.7971965074539185,-0.23294050991535187,0.7150554656982422,0.8674790859222412,-0.26523321866989136,0.7576325535774231,0.8064165711402893,-0.09590210765600204,0.6178526878356934,0.8266059756278992,-0.22865362465381622,0.6913653612136841,0.753541886806488,-0.00590844452381134,0.5997373461723328,0.7339850664138794,-0.1662520468235016,0.676927387714386,0.6983560919761658,0.029571959748864174,0.5933780670166016,0.7139143943786621,-0.16928036510944366,0.6705819964408875,0.6902669072151184,0.04616054147481918,0.6028122305870056,0.7077100276947021,-0.16221585869789124,0.6743971109390259,0.6863059401512146,0.027992691844701767,0.6072036027908325,0.7150248885154724,-0.15960928797721863,0.6737543344497681,0.6923022270202637,0.024425311014056206,0.6037706136703491,0.7956504225730896,-0.0689421221613884,0.6316150426864624,0.7687458395957947,0.06896844506263733,0.5666800737380981,0.6257907152175903,-0.11606816947460175,0.5987885594367981,0.647382378578186,0.15007497370243073,0.5596731901168823,0.7775799036026001,0.04032473266124725,0.5662208199501038,0.7560561895370483,0.21915659308433533,0.5674551725387573,0.8114178776741028,0.06172867491841316,0.5645414590835571,0.7757827639579773,0.22963175177574158,0.5328532457351685,0.7849746942520142,0.11883020401000977,0.5445995926856995,0.7489598393440247,0.2660062909126282
0597,./images/142/frame_00597.jpg,Fall,0.7867456674575806,0.7861179709434509,-0.25275635719299316,0.7923804521560669,0.8216621279716492,-0.2660176157951355,0.7912639379501343,0.8248220682144165,-0.26599177718162537,0.7902528643608093,0.8326542973518372,-0.26609113812446594,0.7943309545516968,0.8127574324607849,-0.2501063942909241,0.795810341835022,0.809628963470459,-0.25017425417900085,0.7972766160964966,0.8064826726913452,-0.2502698302268982,0.785325288772583,0.8509436845779419,-0.2662794589996338,0.7924216985702515,0.8182075619697571,-0.19675883650779724,0.7706592679023743,0.8041640520095825,-0.24631622433662415,0.7735589146614075,0.7957984209060669,-0.22632631659507751,0.7117106914520264,0.8678109645843506,-0.26359957456588745,0.755891740322113,0.8063756227493286,-0.0923985093832016,0.6122154593467712,0.8212685585021973,-0.22776159644126892,0.6904435157775879,0.7529824376106262,-0.002632282907143235,0.6099447011947632,0.7042447924613953,-0.1530936360359192,0.6909080743789673,0.6970179080963135,0.031045574694871902,0.6021458506584167,0.6899263262748718,-0.15417134761810303,0.6736055016517639,0.6874374747276306,0.0447390154004097,0.612575888633728,0.6898252964019775,-0.14469866454601288,0.6761343479156494,0.6829884648323059,0.027668660506606102,0.6156901717185974,0.6993439197540283,-0.14509078860282898,0.676216185092926,0.6894350051879883,0.02585781179368496,0.60284823179245,0.8012588620185852,-0.06895455718040466,0.6300761103630066,0.7687179446220398,0.06898214668035507,0.5678570866584778,0.6257806420326233,-0.11821174621582031,0.6000877618789673,0.6489783525466919,0.1483907401561737,0.55951988697052,0.7791824340820312,0.03769325464963913,0.567596971988678,0.7425612807273865,0.21780133247375488,0.5650335550308228,0.8135536313056946,0.059795625507831573,0.5650295615196228,0.7610286474227905,0.22833780944347382,0.5315251350402832,0.7868558168411255,0.118427574634552,0.5483864545822144,0.7276821732521057,0.2660214304924011
0598,./images/142/frame_00598.jpg,Fall,0.7882870435714722,0.7867462038993835,-0.2602376937866211,0.7947703003883362,0.8181788921356201,-0.2734183967113495,0.7933756113052368,0.8221173882484436,-0.2733871042728424,0.7924562692642212,0.8299859762191772,-0.2734896242618561,0.7977098226547241,0.811374306678772,-0.25742557644844055,0.7994042038917542,0.8081846237182617,-0.25749722123146057,0.7972556352615356,0.8075203895568848,-0.2575772702693939,0.7859135866165161,0.85126131772995,-0.2729211449623108,0.7924280166625977,0.8188629746437073,-0.20239989459514618,0.771727442741394,0.8045389652252197,-0.2536473572254181,0.7751951217651367,0.7943604588508606,-0.23359116911888123,0.7121723294258118,0.8653817176818848,-0.26639100909233093,0.755471408367157,0.806431233882904,-0.09624350816011429,0.6133831143379211,0.82030189037323,-0.21975812315940857,0.690941333770752,0.7529606223106384,-0.008360050618648529,0.6129835844039917,0.7244600057601929,-0.1188950389623642,0.6912331581115723,0.6975778937339783,0.027659516781568527,0.610288143157959,0.7074877619743347,-0.11457426846027374,0.6762953996658325,0.6882239580154419,0.042633574455976486,0.6195393204689026,0.7108005285263062,-0.10655692964792252,0.6802940368652344,0.6838836669921875,0.025890570133924484,0.6219940781593323,0.7181082963943481,-0.1108490452170372,0.6797000169754028,0.6902303695678711,0.02268936112523079,0.6032217741012573,0.7997254133224487,-0.07015272974967957,0.630195677280426,0.7679567933082581,0.07020720839500427,0.5677668452262878,0.6250777840614319,-0.11802941560745239,0.6000065207481384,0.6491712927818298,0.15959683060646057,0.5537312626838684,0.7788889408111572,0.0359426848590374,0.5678312182426453,0.7432750463485718,0.2275044173002243,0.5648426413536072,0.8142744898796082,0.057005446404218674,0.56547611951828,0.7623587846755981,0.23733022809028625,0.5296541452407837,0.7876193523406982,0.11221395432949066,0.5479081869125366,0.7313919067382812,0.27540117502212524
0599,./images/142/frame_00599.jpg,Fall,0.7931345701217651,0.7897971272468567,-0.25524428486824036,0.799793541431427,0.8166419863700867,-0.2691255509853363,0.7983971834182739,0.8212944269180298,-0.2690938115119934,0.7973707914352417,0.8284422755241394,-0.2691974639892578,0.8024653196334839,0.8093461990356445,-0.2524358630180359,0.7995318174362183,0.8117800951004028,-0.2525048851966858,0.7986363768577576,0.8097842931747437,-0.25259479880332947,0.7881592512130737,0.8527548313140869,-0.2732110917568207,0.7939573526382446,0.8218138813972473,-0.1987229883670807,0.7753135561943054,0.8067483901977539,-0.25014758110046387,0.7764600515365601,0.799080491065979,-0.22904959321022034,0.7138360738754272,0.8676629662513733,-0.2678386867046356,0.7563236951828003,0.8070111870765686,-0.09360755980014801,0.6141587495803833,0.8281908631324768,-0.22533854842185974,0.6922801733016968,0.753031849861145,-0.0026609557680785656,0.6070453524589539,0.74092698097229,-0.14714749157428741,0.6967438459396362,0.6941198706626892,0.040818970650434494,0.603500247001648,0.7238002419471741,-0.14618125557899475,0.683104395866394,0.6839741468429565,0.05945345014333725,0.6122373342514038,0.7213317155838013,-0.1379200518131256,0.688775360584259,0.6791021227836609,0.039461780339479446,0.6159178018569946,0.7275260090827942,-0.13973042368888855,0.6876450181007385,0.6859259009361267,0.03450379520654678,0.6046479344367981,0.799517035484314,-0.07142098248004913,0.6329675912857056,0.7664680480957031,0.07148454338312149,0.5668895840644836,0.624964714050293,-0.12438797950744629,0.599791407585144,0.648872435092926,0.15871423482894897,0.5565800070762634,0.7794463038444519,0.034689150750637054,0.5697171092033386,0.743866503238678,0.23169271647930145,0.5676054954528809,0.8148189187049866,0.05559314414858818,0.5687111020088196,0.7633498311042786,0.2422838658094406,0.5297293066978455,0.7896608114242554,0.11073195934295654,0.5484834313392639,0.7333009243011475,0.27759045362472534
0600,./images/142/frame_00600.jpg,Fall,0.7930244207382202,0.7890145778656006,-0.24376077950000763,0.7931147813796997,0.8201523423194885,-0.25646889209747314,0.7917829751968384,0.826094388961792,-0.25644451379776,0.7968540787696838,0.8274877667427063,-0.2565402388572693,0.8018554449081421,0.8056445717811584,-0.24059729278087616,0.7964113354682922,0.8104228377342224,-0.24067369103431702,0.7968882322311401,0.8084741234779358,-0.24076732993125916,0.7881449460983276,0.8534557819366455,-0.2559265196323395,0.7931290864944458,0.8213394284248352,-0.18540170788764954,0.7739036083221436,0.8067029118537903,-0.23720510303974152,0.776410698890686,0.7986337542533875,-0.21720901131629944,0.7139476537704468,0.8696349263191223,-0.2543417811393738,0.7541605234146118,0.8073813319206238,-0.08318588137626648,0.6140358448028564,0.8267454504966736,-0.21214036643505096,0.6901384592056274,0.7520237565040588,-0.003996654413640499,0.6069886088371277,0.738781750202179,-0.13281916081905365,0.6795862913131714,0.6927223801612854,0.011933190748095512,0.6026994585990906,0.7219318747520447,-0.13201887905597687,0.6734234094619751,0.6782682538032532,0.02317933365702629,0.6115278005599976,0.718917191028595,-0.12530986964702606,0.6786290407180786,0.6746492385864258,0.005332368426024914,0.6153600811958313,0.7252992987632751,-0.12573549151420593,0.6782041192054749,0.6824787855148315,0.005588664673268795,0.6029220819473267,0.7963491082191467,-0.07004458457231522,0.630987286567688,0.7664989829063416,0.07010655105113983,0.5666745901107788,0.6248717904090881,-0.12278250604867935,0.5997639894485474,0.6372334957122803,0.14633440971374512,0.5566172003746033,0.7761375308036804,0.03393951430916786,0.568654477596283,0.7439405918121338,0.21183547377586365,0.5673055052757263,0.8114772439002991,0.054773569107055664,0.5676891803741455,0.7641412615776062,0.2210119068622589,0.529239296913147,0.7849874496459961,0.10997384786605835,0.5454634428024292,0.7350747585296631,0.25619620084762573
