frame_id,frame_path,label,kpt_0_x,kpt_0_y,kpt_0_z,kpt_1_x,kpt_1_y,kpt_1_z,kpt_2_x,kpt_2_y,kpt_2_z,kpt_3_x,kpt_3_y,kpt_3_z,kpt_4_x,kpt_4_y,kpt_4_z,kpt_5_x,kpt_5_y,kpt_5_z,kpt_6_x,kpt_6_y,kpt_6_z,kpt_7_x,kpt_7_y,kpt_7_z,kpt_8_x,kpt_8_y,kpt_8_z,kpt_9_x,kpt_9_y,kpt_9_z,kpt_10_x,kpt_10_y,kpt_10_z,kpt_11_x,kpt_11_y,kpt_11_z,kpt_12_x,kpt_12_y,kpt_12_z,kpt_13_x,kpt_13_y,kpt_13_z,kpt_14_x,kpt_14_y,kpt_14_z,kpt_15_x,kpt_15_y,kpt_15_z,kpt_16_x,kpt_16_y,kpt_16_z,kpt_17_x,kpt_17_y,kpt_17_z,kpt_18_x,kpt_18_y,kpt_18_z,kpt_19_x,kpt_19_y,kpt_19_z,kpt_20_x,kpt_20_y,kpt_20_z,kpt_21_x,kpt_21_y,kpt_21_z,kpt_22_x,kpt_22_y,kpt_22_z,kpt_23_x,kpt_23_y,kpt_23_z,kpt_24_x,kpt_24_y,kpt_24_z,kpt_25_x,kpt_25_y,kpt_25_z,kpt_26_x,kpt_26_y,kpt_26_z,kpt_27_x,kpt_27_y,kpt_27_z,kpt_28_x,kpt_28_y,kpt_28_z,kpt_29_x,kpt_29_y,kpt_29_z,kpt_30_x,kpt_30_y,kpt_30_z,kpt_31_x,kpt_31_y,kpt_31_z,kpt_32_x,kpt_32_y,kpt_32_z
0001,./images/155/frame_00001.jpg,Normal,0.49341773986816406,0.32627683877944946,0.06173295900225639,0.4888942837715149,0.3124663829803467,0.07669543474912643,0.4881971776485443,0.31176114082336426,0.0765831246972084,0.48741674423217773,0.3107028007507324,0.07651647925376892,0.48825082182884216,0.31194594502449036,0.05033384636044502,0.48720255494117737,0.3114010691642761,0.050308723002672195,0.48607271909713745,0.3108128309249878,0.050225913524627686,0.4785938262939453,0.3119211196899414,0.12820813059806824,0.4766669273376465,0.3133687973022461,0.008617733605206013,0.4907131791114807,0.3351576030254364,0.08124662935733795,0.4899543821811676,0.33403757214546204,0.046029116958379745,0.471430242061615,0.3800484240055084,0.1830638200044632,0.4543035924434662,0.35995224118232727,-0.06889612972736359,0.4896851181983948,0.47337794303894043,0.204061821103096,0.44527626037597656,0.4635030925273895,-0.12824919819831848,0.5225736498832703,0.5341023802757263,0.1580621600151062,0.4607784152030945,0.5637893676757812,-0.1339758038520813,0.5329453945159912,0.5513837337493896,0.16307693719863892,0.45978599786758423,0.5899093151092529,-0.1524760127067566,0.5339527130126953,0.5486869215965271,0.13621020317077637,0.4638294577598572,0.5897849798202515,-0.1461811065673828,0.5293874144554138,0.5441928505897522,0.14429225027561188,0.46539726853370667,0.5837938785552979,-0.13094642758369446,0.4977026581764221,0.5318609476089478,0.0807361975312233,0.48620086908340454,0.5303525924682617,-0.08051145076751709,0.5818808078765869,0.47635939717292786,0.029240449890494347,0.5721116065979004,0.47194674611091614,-0.11032772064208984,0.6653536558151245,0.5285892486572266,0.008082049898803234,0.6661385297775269,0.5202414989471436,-0.13551431894302368,0.6738240718841553,0.5556542277336121,0.0024481897708028555,0.6751730442047119,0.5493006706237793,-0.13860869407653809,0.7039312124252319,0.4917313754558563,-0.041166212409734726,0.705810010433197,0.478939026594162,-0.18618960678577423
0002,./images/155/frame_00002.jpg,Normal,0.4932843744754791,0.34077712893486023,-0.10008785873651505,0.48960477113723755,0.32448118925094604,-0.09189869463443756,0.4892187714576721,0.3232741951942444,-0.09196363389492035,0.4887717664241791,0.3219658136367798,-0.09202422946691513,0.48841938376426697,0.325249582529068,-0.11614950001239777,0.48729291558265686,0.3247931897640228,-0.11622027307748795,0.48611608147621155,0.32432419061660767,-0.11629050970077515,0.48079782724380493,0.3205244839191437,-0.040310896933078766,0.4769729673862457,0.3241928815841675,-0.14984776079654694,0.4906173646450043,0.3489082157611847,-0.07691460102796555,0.48920655250549316,0.3495993912220001,-0.1090492457151413,0.4749472737312317,0.3687036633491516,0.03460655361413956,0.44914373755455017,0.3779366910457611,-0.17445507645606995,0.4940210282802582,0.4499574899673462,0.08253897726535797,0.4465714991092682,0.4877183139324188,-0.19762125611305237,0.5160147547721863,0.501963198184967,0.05568947643041611,0.46195563673973083,0.5721485614776611,-0.19471856951713562,0.5227372050285339,0.519662618637085,0.062458913773298264,0.4609352946281433,0.5987269878387451,-0.21443620324134827,0.5217814445495605,0.5157286524772644,0.04014244303107262,0.46636971831321716,0.5954892635345459,-0.20996013283729553,0.5190027952194214,0.509698212146759,0.04573412612080574,0.46727022528648376,0.5890094041824341,-0.19260215759277344,0.49713999032974243,0.5280115604400635,0.07309012860059738,0.4824766516685486,0.5458225011825562,-0.07285355031490326,0.5654162764549255,0.5377500057220459,0.029853656888008118,0.552959144115448,0.5791292190551758,-0.08443701267242432,0.6219119429588318,0.5943048000335693,0.048606131225824356,0.6264227032661438,0.6073679327964783,-0.06099063903093338,0.628005862236023,0.6163110733032227,0.04774574935436249,0.6342025995254517,0.6258990168571472,-0.0623055025935173,0.6501606702804565,0.568674623966217,0.008172016590833664,0.6579984426498413,0.5737483501434326,-0.1156761422753334
0003,./images/155/frame_00003.jpg,Normal,0.49242672324180603,0.3476303517818451,-0.11597871780395508,0.4896010756492615,0.33082136511802673,-0.10775848478078842,0.4892827868461609,0.3294270932674408,-0.10782869160175323,0.48897379636764526,0.3280227780342102,-0.10788176953792572,0.4881365895271301,0.3311668634414673,-0.13034677505493164,0.4869019091129303,0.33054202795028687,-0.1304224133491516,0.48563385009765625,0.3298681378364563,-0.13049517571926117,0.48193812370300293,0.32479149103164673,-0.05378885194659233,0.47698259353637695,0.3283493220806122,-0.15565143525600433,0.4902667999267578,0.3537600040435791,-0.09164588898420334,0.48814743757247925,0.3546193838119507,-0.1215134710073471,0.47766217589378357,0.36780017614364624,0.02139062061905861,0.4479200839996338,0.3849884569644928,-0.17853283882141113,0.4939582347869873,0.4530470669269562,0.05088713765144348,0.4476739466190338,0.497697651386261,-0.19929546117782593,0.5003406405448914,0.5103826522827148,0.007656879723072052,0.46281272172927856,0.5779623985290527,-0.19434960186481476,0.5044189095497131,0.5208479166030884,0.00931598525494337,0.4624837040901184,0.6028943061828613,-0.21559755504131317,0.5017713308334351,0.52049320936203,-0.010516565293073654,0.468015193939209,0.5999509692192078,-0.20996001362800598,0.5001929998397827,0.5187255144119263,-0.0016454862197861075,0.47020068764686584,0.5923491716384888,-0.19185861945152283,0.4974140226840973,0.526057779788971,0.06971244513988495,0.48232683539390564,0.550726056098938,-0.06949381530284882,0.5668829679489136,0.5356041193008423,0.028234630823135376,0.5533908009529114,0.5757593512535095,-0.09190504252910614,0.6267398595809937,0.5934661626815796,0.04444226995110512,0.626187264919281,0.6082725524902344,-0.06213736534118652,0.6330627202987671,0.615976095199585,0.04346512630581856,0.6331956386566162,0.6283100843429565,-0.06212205812335014,0.6565454602241516,0.5683969259262085,0.0031495026778429747,0.6586480140686035,0.5732471346855164,-0.1145150437951088
0004,./images/155/frame_00004.jpg,Normal,0.4942541718482971,0.35611411929130554,-0.2020416557788849,0.4929121434688568,0.3392931818962097,-0.19341744482517242,0.49277886748313904,0.3376351594924927,-0.19346432387828827,0.49252384901046753,0.3359301686286926,-0.19354814291000366,0.4905833601951599,0.33965781331062317,-0.2166377753019333,0.4890294075012207,0.33849841356277466,-0.21674194931983948,0.48756226897239685,0.3373134732246399,-0.2168286144733429,0.4841320514678955,0.330133855342865,-0.13027474284172058,0.47927194833755493,0.3336218595504761,-0.23603081703186035,0.491816908121109,0.36252686381340027,-0.17375165224075317,0.4888933300971985,0.36274346709251404,-0.20489342510700226,0.48034390807151794,0.36421361565589905,-0.04076781123876572,0.4466075003147125,0.38925063610076904,-0.2348541021347046,0.5004887580871582,0.4458962380886078,0.022047754377126694,0.4510195851325989,0.49823901057243347,-0.24936285614967346,0.5092688202857971,0.5043718814849854,0.005056113936007023,0.48071709275245667,0.5641707181930542,-0.2496333122253418,0.5127819776535034,0.5228246450424194,0.0101480009034276,0.4862673282623291,0.5857529044151306,-0.2712891697883606,0.5054656267166138,0.5205825567245483,-0.012193725444376469,0.49143892526626587,0.577275812625885,-0.2698245644569397,0.5053694248199463,0.5148447751998901,-0.004046886693686247,0.4893012046813965,0.5680094957351685,-0.24835534393787384,0.49769720435142517,0.513982355594635,0.06495983898639679,0.48165637254714966,0.5503638386726379,-0.06471458077430725,0.5679408311843872,0.5210319757461548,0.0075258226133883,0.5547919273376465,0.5672997236251831,-0.126729816198349,0.6311269998550415,0.5756160020828247,0.043795280158519745,0.6274658441543579,0.603007972240448,-0.08759963512420654,0.637958824634552,0.5997687578201294,0.034891702234745026,0.6345186829566956,0.6244897842407227,-0.08808504045009613,0.662176787853241,0.5454710125923157,-0.019726278260350227,0.6607669591903687,0.5650812387466431,-0.12160833925008774
0005,./images/155/frame_00005.jpg,Normal,0.49443697929382324,0.35955652594566345,-0.18309937417507172,0.4932754933834076,0.34347254037857056,-0.175871342420578,0.49306946992874146,0.3416193127632141,-0.1759256273508072,0.49271050095558167,0.33958834409713745,-0.17600461840629578,0.49126729369163513,0.34384584426879883,-0.20311708748340607,0.4898811876773834,0.3425239324569702,-0.20321616530418396,0.48856791853904724,0.3410947024822235,-0.2033042013645172,0.48439064621925354,0.3331720530986786,-0.1209472194314003,0.4808496832847595,0.3371739387512207,-0.24416899681091309,0.4919261336326599,0.364351361989975,-0.15734721720218658,0.4892154335975647,0.36489006876945496,-0.19354982674121857,0.4762735962867737,0.3657222390174866,-0.027909109368920326,0.45030418038368225,0.39259693026542664,-0.256692111492157,0.49891430139541626,0.44752785563468933,0.043889112770557404,0.4586525857448578,0.49989843368530273,-0.2753095030784607,0.5097948312759399,0.5030204057693481,0.030488397926092148,0.48132771253585815,0.5632525682449341,-0.2763368785381317,0.5142865180969238,0.5213040113449097,0.039206694811582565,0.4845217764377594,0.5843791961669922,-0.30091002583503723,0.5077406764030457,0.518315315246582,0.01324547827243805,0.4882698655128479,0.5776493549346924,-0.30075615644454956,0.5058742761611938,0.512136697769165,0.019929442554712296,0.48714080452919006,0.5684403777122498,-0.27585238218307495,0.49629831314086914,0.5153527855873108,0.069187693297863,0.4817863404750824,0.5530518293380737,-0.06887645274400711,0.5675977468490601,0.514671266078949,0.01280910987406969,0.5564883351325989,0.5500050187110901,-0.13458141684532166,0.6326175332069397,0.5689816474914551,0.048346005380153656,0.6298606991767883,0.5962837934494019,-0.091104656457901,0.6397589445114136,0.594096839427948,0.0465676411986351,0.6362425684928894,0.621167778968811,-0.09072710573673248,0.6646479368209839,0.5389451384544373,-0.0008387278649024665,0.6642519235610962,0.5555737018585205,-0.14268240332603455
0006,./images/155/frame_00006.jpg,Normal,0.495953232049942,0.36540764570236206,-0.15776124596595764,0.49511852860450745,0.3504304587841034,-0.15157122910022736,0.4948916435241699,0.34846916794776917,-0.15162351727485657,0.4944935441017151,0.3464035391807556,-0.15167517960071564,0.4934159219264984,0.35123196244239807,-0.1790148764848709,0.49217987060546875,0.3500417172908783,-0.1791045367717743,0.49097293615341187,0.3487890660762787,-0.1791950762271881,0.48628267645835876,0.3403210937976837,-0.09965667873620987,0.4834548830986023,0.3452300727367401,-0.2237449586391449,0.4934166371822357,0.37047696113586426,-0.1328180730342865,0.49121731519699097,0.3716481626033783,-0.16920706629753113,0.47006288170814514,0.3667290210723877,-0.002646184293553233,0.45224839448928833,0.3966743052005768,-0.24708357453346252,0.49863576889038086,0.4473612904548645,0.06901878863573074,0.46392154693603516,0.5024742484092712,-0.26656222343444824,0.5217775106430054,0.5008018016815186,0.05547954887151718,0.48323434591293335,0.5734192132949829,-0.2617756724357605,0.5299182534217834,0.5173357725143433,0.06473129242658615,0.48540934920310974,0.5954257249832153,-0.28616294264793396,0.5298132300376892,0.5134997367858887,0.03863266855478287,0.4890795648097992,0.5898867845535278,-0.28563588857650757,0.5262163877487183,0.5089302659034729,0.044421590864658356,0.48875921964645386,0.5796049237251282,-0.26118236780166626,0.49477553367614746,0.5193636417388916,0.0769665315747261,0.4816403388977051,0.559487521648407,-0.07674135267734528,0.5636548399925232,0.5080901980400085,0.024742254987359047,0.555834174156189,0.5445552468299866,-0.16091758012771606,0.6299625635147095,0.5705258846282959,0.059275053441524506,0.6272053718566895,0.5995893478393555,-0.09606297314167023,0.6361079812049866,0.5976077318191528,0.058504559099674225,0.6323069334030151,0.6266293525695801,-0.0955265462398529,0.6637234687805176,0.5398796200752258,0.015851346775889397,0.6642661690711975,0.5662254095077515,-0.1493222713470459
0007,./images/155/frame_00007.jpg,Normal,0.49584802985191345,0.36869633197784424,-0.10755772888660431,0.49557432532310486,0.35164910554885864,-0.09847889840602875,0.4957951605319977,0.3499135375022888,-0.09854348748922348,0.495922327041626,0.34810012578964233,-0.09860454499721527,0.4931360185146332,0.3517913520336151,-0.125375896692276,0.49182820320129395,0.35039618611335754,-0.12544555962085724,0.490694135427475,0.34890490770339966,-0.12553554773330688,0.48854297399520874,0.3436594307422638,-0.04674132540822029,0.48334774374961853,0.3446861803531647,-0.164716437458992,0.49349427223205566,0.3753683269023895,-0.08427078276872635,0.4907239079475403,0.37523311376571655,-0.11859973520040512,0.47371625900268555,0.3739289939403534,0.015285581350326538,0.44887933135032654,0.39862188696861267,-0.2210732400417328,0.5149303674697876,0.4380568563938141,0.07573913037776947,0.4616208076477051,0.5087637305259705,-0.18442392349243164,0.5174111127853394,0.40876007080078125,0.005920319817960262,0.4900897145271301,0.5563268661499023,-0.14557144045829773,0.5186647176742554,0.40643996000289917,0.0015987803926691413,0.4971916079521179,0.5736960768699646,-0.1545918881893158,0.5148729681968689,0.3956761360168457,-0.001439490239135921,0.49850887060165405,0.5638114213943481,-0.16051630675792694,0.5130305290222168,0.3973941504955292,0.0022813985124230385,0.4966556131839752,0.5549905896186829,-0.14465388655662537,0.4950483441352844,0.5339999794960022,0.07782499492168427,0.47933894395828247,0.5691009759902954,-0.07760319858789444,0.5652318596839905,0.5148487687110901,0.025047291070222855,0.5537151098251343,0.5631358027458191,-0.1207532063126564,0.6264545321464539,0.5816618204116821,0.04098279029130936,0.6215219497680664,0.6051265597343445,-0.06134917214512825,0.6311541199684143,0.6081300377845764,0.038613054901361465,0.6252976059913635,0.6293653249740601,-0.05809372663497925,0.659166693687439,0.5502945184707642,-0.007352015934884548,0.6602023839950562,0.5660943984985352,-0.1112750992178917
0008,./images/155/frame_00008.jpg,Normal,0.496574729681015,0.3692525327205658,-0.05591399595141411,0.4974899888038635,0.3526455760002136,-0.048972032964229584,0.49759674072265625,0.3506506681442261,-0.04902444779872894,0.49762335419654846,0.348854660987854,-0.04904315993189812,0.4949694275856018,0.35294172167778015,-0.07596984505653381,0.49353495240211487,0.35120564699172974,-0.07602628320455551,0.49221664667129517,0.34962108731269836,-0.07610219717025757,0.489743709564209,0.3440254330635071,-0.0012021813308820128,0.48437803983688354,0.34477147459983826,-0.12223732471466064,0.49362197518348694,0.37454754114151,-0.03378928452730179,0.49078527092933655,0.3745737373828888,-0.06904689967632294,0.4773213267326355,0.3725043535232544,0.0661383718252182,0.44893020391464233,0.3949492275714874,-0.17501504719257355,0.5094701647758484,0.4417869448661804,0.07989418506622314,0.4586253762245178,0.5068327188491821,-0.18144068121910095,0.5180755257606506,0.45275989174842834,-0.012641455046832561,0.48477673530578613,0.568228542804718,-0.15656384825706482,0.5217276215553284,0.4579850435256958,-0.017732810229063034,0.48949241638183594,0.5888246297836304,-0.1729254126548767,0.5154663324356079,0.4564796984195709,-0.03491950035095215,0.4925345480442047,0.5793319940567017,-0.17204290628433228,0.5136920213699341,0.4545595347881317,-0.022785378620028496,0.49153071641921997,0.5689996480941772,-0.1542702615261078,0.49556565284729004,0.536757230758667,0.08012580871582031,0.47967371344566345,0.5655291676521301,-0.07991543412208557,0.56428062915802,0.5125037431716919,0.053192388266325,0.5550338625907898,0.5510345697402954,-0.10900087654590607,0.6249814629554749,0.5801266431808472,0.06458897888660431,0.6265214681625366,0.598310112953186,-0.06974072009325027,0.6292183995246887,0.6066009998321533,0.06265967339277267,0.6307494044303894,0.6235953569412231,-0.06761588156223297,0.6592823266983032,0.5519758462905884,0.03229900076985359,0.6650413870811462,0.5609045624732971,-0.10732823610305786
0009,./images/155/frame_00009.jpg,Normal,0.4966065287590027,0.37917688488960266,-0.07377691566944122,0.49831146001815796,0.3634641766548157,-0.06952981650829315,0.49898022413253784,0.36154988408088684,-0.06958449631929398,0.499600350856781,0.3596299886703491,-0.06962122023105621,0.49482208490371704,0.36340051889419556,-0.0903693214058876,0.4932139813899994,0.36147400736808777,-0.09041638672351837,0.4918273985385895,0.3594507575035095,-0.09049014002084732,0.4930805563926697,0.35350367426872253,-0.013491528108716011,0.48412078619003296,0.35226958990097046,-0.11939465999603271,0.49439772963523865,0.38498255610466003,-0.046721410006284714,0.4906851649284363,0.384598046541214,-0.07145525515079498,0.48288020491600037,0.37585288286209106,0.0605243444442749,0.4484585225582123,0.394819974899292,-0.13506539165973663,0.5088856220245361,0.44363290071487427,0.04004339128732681,0.4580541253089905,0.5038747787475586,-0.1431526243686676,0.5162709951400757,0.4586532711982727,-0.08117036521434784,0.48246344923973083,0.5611460208892822,-0.13846544921398163,0.5212917923927307,0.4535035490989685,-0.09390543401241302,0.4895324110984802,0.5851794481277466,-0.1530267596244812,0.5165330171585083,0.44394686818122864,-0.10125090926885605,0.4928123354911804,0.5766393542289734,-0.15489478409290314,0.514328122138977,0.4433656930923462,-0.0874832272529602,0.49197855591773987,0.566985547542572,-0.13707637786865234,0.49874478578567505,0.5356033444404602,0.07250332087278366,0.47988492250442505,0.5628300905227661,-0.07228831946849823,0.5641197562217712,0.5222278237342834,0.027686631307005882,0.5540713667869568,0.5529801249504089,-0.11064338684082031,0.6234032511711121,0.5813817977905273,0.01920549012720585,0.6200677156448364,0.5960079431533813,-0.07788130640983582,0.6284348368644714,0.6055275201797485,0.015986859798431396,0.6238813996315002,0.6200450658798218,-0.07638583332300186,0.6537055969238281,0.5533927083015442,-0.02556091547012329,0.6561548709869385,0.5590607523918152,-0.12404195219278336
0010,./images/155/frame_00010.jpg,Normal,0.49751734733581543,0.38559991121292114,-0.0732443556189537,0.4994376301765442,0.37165892124176025,-0.0696992352604866,0.4998544156551361,0.36978065967559814,-0.06975151598453522,0.5001718997955322,0.36770015954971313,-0.06978751718997955,0.49647456407546997,0.37111300230026245,-0.09061689674854279,0.49495068192481995,0.36894527077674866,-0.09066376090049744,0.49348002672195435,0.36646202206611633,-0.09073762595653534,0.4925440847873688,0.3560781180858612,-0.025401461869478226,0.4850422739982605,0.355345219373703,-0.12025557458400726,0.49466556310653687,0.389348566532135,-0.047211505472660065,0.4911342263221741,0.3885158598423004,-0.07665811479091644,0.4817470908164978,0.3722405731678009,0.05178522318601608,0.4485584795475006,0.3937504291534424,-0.13584919273853302,0.5069278478622437,0.4445171058177948,0.051757294684648514,0.46004757285118103,0.5027264356613159,-0.16565591096878052,0.5239430665969849,0.46438029408454895,-0.03579506650567055,0.49891504645347595,0.5550898313522339,-0.15554820001125336,0.5308488011360168,0.4697065055370331,-0.04098738729953766,0.5076073408126831,0.5657069683074951,-0.17198215425014496,0.5243827700614929,0.481601744890213,-0.05516047403216362,0.5086475014686584,0.5561986565589905,-0.1700865626335144,0.522855818271637,0.44693949818611145,-0.044016651809215546,0.5060759782791138,0.5502168536186218,-0.15290841460227966,0.49753880500793457,0.5349241495132446,0.07309763133525848,0.47966450452804565,0.5622900724411011,-0.07288224250078201,0.5646814703941345,0.5185235142707825,0.028205284848809242,0.5548175573348999,0.550222635269165,-0.11139091104269028,0.6263290643692017,0.5832509994506836,0.024361776188015938,0.6240838766098022,0.6013965010643005,-0.08426162600517273,0.6318783164024353,0.6097211837768555,0.022523440420627594,0.6274226903915405,0.6280583143234253,-0.08369764685630798,0.6565753221511841,0.552433431148529,-0.010158040560781956,0.6647239923477173,0.5624244809150696,-0.12830032408237457
0011,./images/155/frame_00011.jpg,Normal,0.5025142431259155,0.38543280959129333,-0.08576112985610962,0.5031851530075073,0.3714119493961334,-0.08198978751897812,0.5029051303863525,0.36954259872436523,-0.08204001933336258,0.5024756193161011,0.36742258071899414,-0.08207746595144272,0.5014522671699524,0.3713723421096802,-0.10641269385814667,0.5001249313354492,0.3695748746395111,-0.10647916793823242,0.4987317621707916,0.36757171154022217,-0.1065693125128746,0.4927762448787689,0.35732439160346985,-0.03647530451416969,0.4881059527397156,0.3584216237068176,-0.14700670540332794,0.4976364076137543,0.39012208580970764,-0.06257126480340958,0.49546104669570923,0.3901079297065735,-0.09504501521587372,0.48281997442245483,0.3720763325691223,0.04146282374858856,0.44895657896995544,0.40052613615989685,-0.17072130739688873,0.5136976838111877,0.44469472765922546,0.037378568202257156,0.46260398626327515,0.5042974948883057,-0.1835319548845291,0.530085027217865,0.4694892466068268,-0.06406891345977783,0.5049824118614197,0.5557283759117126,-0.1609380543231964,0.5372780561447144,0.4796707034111023,-0.07190145552158356,0.5148990750312805,0.5709149837493896,-0.17662081122398376,0.5328378677368164,0.47843503952026367,-0.08474089950323105,0.5180908441543579,0.5625008940696716,-0.17578276991844177,0.5294670462608337,0.4643319547176361,-0.07207705825567245,0.5150514841079712,0.5549704432487488,-0.15638945996761322,0.49753308296203613,0.5343697667121887,0.07337816804647446,0.47974222898483276,0.5634250044822693,-0.07316743582487106,0.5645990371704102,0.517503023147583,0.027806077152490616,0.5557215809822083,0.5478490591049194,-0.1240883618593216,0.6273037195205688,0.5827369093894958,0.024956369772553444,0.6257892847061157,0.6018804907798767,-0.09636150300502777,0.632785975933075,0.6094306707382202,0.022921185940504074,0.6305496096611023,0.6282374262809753,-0.09551941603422165,0.6589152216911316,0.5528814792633057,-0.01079403143376112,0.6655813455581665,0.5649669170379639,-0.14520785212516785
0012,./images/155/frame_00012.jpg,Normal,0.503747284412384,0.3921370208263397,-0.19130787253379822,0.5039087533950806,0.3766716718673706,-0.18934562802314758,0.5038920044898987,0.3745398223400116,-0.1893935650587082,0.5037294626235962,0.37215784192085266,-0.1894662231206894,0.5014127492904663,0.3779449164867401,-0.21330435574054718,0.4997262954711914,0.37676751613616943,-0.2134217917919159,0.4979134500026703,0.37506935000419617,-0.21352672576904297,0.49402517080307007,0.36419397592544556,-0.1397082805633545,0.48718124628067017,0.368202805519104,-0.24767830967903137,0.50063157081604,0.398188054561615,-0.1656702160835266,0.4969756007194519,0.4000222980976105,-0.19747309386730194,0.48391586542129517,0.3688405454158783,-0.05080713704228401,0.4472426474094391,0.4179459810256958,-0.23926372826099396,0.5164188146591187,0.4396582841873169,-0.026459330692887306,0.4701344966888428,0.5132821798324585,-0.21757200360298157,0.5269303917884827,0.4689803719520569,-0.10629359632730484,0.5108707547187805,0.5493806004524231,-0.16301579773426056,0.5367605090141296,0.4766559302806854,-0.11629681289196014,0.5223870277404785,0.563807487487793,-0.1818218231201172,0.531286358833313,0.46980324387550354,-0.1262911856174469,0.523114025592804,0.5499362349510193,-0.17747385799884796,0.5279426574707031,0.46436160802841187,-0.11221766471862793,0.5190836191177368,0.5417653322219849,-0.1572093367576599,0.4975730776786804,0.5165645480155945,0.06690900772809982,0.4773022532463074,0.5593525767326355,-0.06666320562362671,0.5647740960121155,0.5048996806144714,0.008789053186774254,0.5559331178665161,0.5465412735939026,-0.12418653070926666,0.6292757987976074,0.5764809846878052,0.020127179101109505,0.6267420053482056,0.6036881804466248,-0.07579786330461502,0.6351467370986938,0.6039360761642456,0.0186605341732502,0.6312961578369141,0.6292364597320557,-0.07246458530426025,0.6607891917228699,0.5502427220344543,-0.03061859868466854,0.6666865348815918,0.5705751180648804,-0.13028886914253235
0013,./images/155/frame_00013.jpg,Normal,0.5040901899337769,0.3965813219547272,-0.2092406004667282,0.504792332649231,0.38146501779556274,-0.2078125774860382,0.5049623250961304,0.379599004983902,-0.20785275101661682,0.5050234198570251,0.3775443732738495,-0.20791196823120117,0.5017367601394653,0.3824222981929779,-0.23033931851387024,0.4997526705265045,0.38100069761276245,-0.23046067357063293,0.4976375699043274,0.37928804755210876,-0.23057329654693604,0.4954725205898285,0.3695969581604004,-0.15847644209861755,0.4866316318511963,0.37098681926727295,-0.2605416476726532,0.5011065006256104,0.4032549262046814,-0.18383972346782684,0.4969269335269928,0.40433886647224426,-0.21382293105125427,0.4856177866458893,0.3688434660434723,-0.07220962643623352,0.44681209325790405,0.4241900146007538,-0.24645213782787323,0.5162147283554077,0.4407556354999542,-0.0324290506541729,0.4698107838630676,0.5367087721824646,-0.21224407851696014,0.5292129516601562,0.4745270907878876,-0.09826569259166718,0.5065220594406128,0.5635417103767395,-0.15940168499946594,0.5374980568885803,0.49205997586250305,-0.10733826458454132,0.5158641338348389,0.5789864659309387,-0.17106910049915314,0.532734751701355,0.48589223623275757,-0.12176582962274551,0.5171566605567932,0.561005711555481,-0.17796719074249268,0.5287322402000427,0.4807254672050476,-0.1056094765663147,0.5142146944999695,0.5500714778900146,-0.15841665863990784,0.4991481304168701,0.5159717798233032,0.06022069975733757,0.4773864150047302,0.561531126499176,-0.0599900484085083,0.5648379325866699,0.5048273205757141,0.0021163683850318193,0.5548874139785767,0.5630868077278137,-0.12310652434825897,0.6289654970169067,0.5762894153594971,0.009712290950119495,0.6184878945350647,0.6157782673835754,-0.038790106773376465,0.6347429752349854,0.6035042405128479,0.007857083342969418,0.6199795007705688,0.6368936896324158,-0.031300682574510574,0.6606264710426331,0.5492022633552551,-0.044217221438884735,0.660729169845581,0.5909506678581238,-0.08061801642179489
0014,./images/155/frame_00014.jpg,Normal,0.5041742324829102,0.4091372489929199,-0.1547124683856964,0.5057348608970642,0.39342114329338074,-0.15497805178165436,0.5062395930290222,0.3912557065486908,-0.15500041842460632,0.5066074132919312,0.3889564871788025,-0.1550414115190506,0.5020586252212524,0.39524197578430176,-0.17632296681404114,0.4999511241912842,0.3942744731903076,-0.17642155289649963,0.49774035811424255,0.3930547833442688,-0.1765243113040924,0.4979652762413025,0.37878847122192383,-0.11564049869775772,0.4868013262748718,0.38246336579322815,-0.21116265654563904,0.5016253590583801,0.41424760222435,-0.13233596086502075,0.49681782722473145,0.41606077551841736,-0.1610729992389679,0.48664483428001404,0.37162190675735474,-0.034311387687921524,0.4469868242740631,0.42590925097465515,-0.21343500912189484,0.5219511985778809,0.44136449694633484,-0.010704388841986656,0.4727889597415924,0.536450207233429,-0.1607561558485031,0.5225349068641663,0.47170546650886536,-0.07779426872730255,0.5054265260696411,0.5589815974235535,-0.06958270072937012,0.5316932797431946,0.47813764214515686,-0.08333511650562286,0.5146046876907349,0.5721952319145203,-0.06888218224048615,0.5254568457603455,0.4700068533420563,-0.08906625211238861,0.5143812894821167,0.5574134588241577,-0.07494692504405975,0.5226258039474487,0.4670655131340027,-0.08097926527261734,0.5116408467292786,0.5487891435623169,-0.06714390218257904,0.5012717843055725,0.5175138115882874,0.061936091631650925,0.47835683822631836,0.5619240999221802,-0.061740774661302567,0.5620025396347046,0.5039026737213135,0.008840507827699184,0.554273247718811,0.5635675191879272,-0.10352333635091782,0.6212066411972046,0.5739296078681946,0.010862867347896099,0.6108637452125549,0.6145208477973938,-0.02594057284295559,0.6259911060333252,0.6012004017829895,0.008790625259280205,0.6103523969650269,0.6359503269195557,-0.01834951527416706,0.6544864773750305,0.5461370348930359,-0.03286164253950119,0.652210533618927,0.5875879526138306,-0.04924886301159859
0015,./images/155/frame_00015.jpg,Normal,0.5036572813987732,0.4083906412124634,-0.15671877562999725,0.5056012272834778,0.3937431275844574,-0.15909364819526672,0.5062435865402222,0.3920505940914154,-0.1591038852930069,0.5067812204360962,0.3904012143611908,-0.15914025902748108,0.5018871426582336,0.3948444426059723,-0.177869975566864,0.4998617172241211,0.3938117027282715,-0.17797306180000305,0.497734397649765,0.3926084637641907,-0.1780988872051239,0.4999655783176422,0.3823062777519226,-0.12134174257516861,0.48740023374557495,0.3817380666732788,-0.20698483288288116,0.5012553334236145,0.4129789173603058,-0.1348613202571869,0.4965871274471283,0.4132658541202545,-0.16022811830043793,0.49043846130371094,0.3823223114013672,-0.038842715322971344,0.44668227434158325,0.42450782656669617,-0.2072441130876541,0.5240395665168762,0.4470933675765991,-0.020289020612835884,0.47218942642211914,0.5367349982261658,-0.14923512935638428,0.5183414220809937,0.47183436155319214,-0.08424587547779083,0.492814302444458,0.5915279388427734,-0.07416725903749466,0.5228750109672546,0.47327131032943726,-0.08694557100534439,0.4980751574039459,0.6131035089492798,-0.07415099442005157,0.5185114145278931,0.4646846652030945,-0.09048044681549072,0.4997708797454834,0.6063129305839539,-0.08085229247808456,0.5168073177337646,0.46244630217552185,-0.08604530245065689,0.49913710355758667,0.5952349305152893,-0.07278702408075333,0.5017267465591431,0.5183838605880737,0.057996511459350586,0.4806046485900879,0.5647576451301575,-0.05785607174038887,0.5600494742393494,0.5261791944503784,0.011679868213832378,0.5545942187309265,0.6101082563400269,-0.0768265649676323,0.6197718977928162,0.5831374526023865,0.01275713462382555,0.6139236688613892,0.6239495277404785,0.0033936244435608387,0.6257050633430481,0.6047830581665039,0.012749086134135723,0.6160791516304016,0.6365675330162048,0.010469079948961735,0.6469660997390747,0.5631188154220581,-0.031605951488018036,0.6487850546836853,0.5992368459701538,-0.03145706281065941
0016,./images/155/frame_00016.jpg,Normal,0.5040034055709839,0.41855764389038086,-0.14364376664161682,0.5066415667533875,0.40276074409484863,-0.1440778374671936,0.5074356198310852,0.4006749093532562,-0.1440959870815277,0.5080939531326294,0.39846938848495483,-0.14413104951381683,0.502494215965271,0.4039134681224823,-0.16463325917720795,0.5003246665000916,0.40253883600234985,-0.16472949087619781,0.4980471730232239,0.4008790850639343,-0.16484571993350983,0.5012462735176086,0.3877275586128235,-0.10556433349847794,0.4877174496650696,0.3878045380115509,-0.19754377007484436,0.50120609998703,0.42218270897865295,-0.12125188112258911,0.49637776613235474,0.42277446389198303,-0.14935807883739471,0.4888518452644348,0.38204655051231384,-0.020658591762185097,0.44694456458091736,0.4255160093307495,-0.20423395931720734,0.526192843914032,0.4531640410423279,-0.000795610249042511,0.4749046862125397,0.5337468385696411,-0.14389492571353912,0.518692135810852,0.46961432695388794,-0.0463913269340992,0.5063316822052002,0.567634105682373,-0.06489892303943634,0.5231330394744873,0.47490620613098145,-0.04660392552614212,0.5131610631942749,0.5906174182891846,-0.06492249667644501,0.5198036432266235,0.46602341532707214,-0.04748556762933731,0.5134172439575195,0.5790522694587708,-0.07132230699062347,0.5177019238471985,0.46318483352661133,-0.045545220375061035,0.5111607313156128,0.569564700126648,-0.06278076022863388,0.5038965940475464,0.5259218811988831,0.060460321605205536,0.484581857919693,0.5703637599945068,-0.060286570340394974,0.5602766275405884,0.5247770547866821,0.014778385870158672,0.5548213720321655,0.5961554646492004,-0.09104925394058228,0.6173981428146362,0.5867701172828674,0.015224980190396309,0.6114960312843323,0.6185930967330933,-0.012483933940529823,0.6225570440292358,0.6097186207771301,0.013534444384276867,0.612395167350769,0.6344287991523743,-0.004658070392906666,0.6457194089889526,0.5643110275268555,-0.028895283117890358,0.6473966836929321,0.5903850793838501,-0.03876322880387306
0017,./images/155/frame_00017.jpg,Normal,0.5052924156188965,0.4219297170639038,-0.21261470019817352,0.508660078048706,0.4040970206260681,-0.21460466086864471,0.5102760195732117,0.40190041065216064,-0.21460750699043274,0.5117202401161194,0.3996429741382599,-0.2146851122379303,0.5027076005935669,0.4058113098144531,-0.23169024288654327,0.5001496076583862,0.4049050509929657,-0.23178796470165253,0.49777865409851074,0.40376612544059753,-0.23186853528022766,0.5073568224906921,0.39054447412490845,-0.165334090590477,0.4875854551792145,0.39269205927848816,-0.24354973435401917,0.5050795674324036,0.43056297302246094,-0.1861427128314972,0.49717816710472107,0.42954835295677185,-0.20924422144889832,0.49631136655807495,0.3945622742176056,-0.06905883550643921,0.44721856713294983,0.4320533275604248,-0.21425989270210266,0.5347947478294373,0.4785824120044708,-0.020927052944898605,0.47565943002700806,0.53990638256073,-0.14398863911628723,0.5187878608703613,0.4762307107448578,-0.046329233795404434,0.5068691968917847,0.5484257340431213,-0.05349192023277283,0.5198909044265747,0.4770417809486389,-0.046159207820892334,0.5160893201828003,0.5584285855293274,-0.04930446296930313,0.516252875328064,0.4667195677757263,-0.04603547602891922,0.5142334699630737,0.5447900891304016,-0.05630526691675186,0.5150496959686279,0.4643237292766571,-0.044933147728443146,0.5112420320510864,0.5388957262039185,-0.05134451389312744,0.5108650922775269,0.5325068235397339,0.05172361806035042,0.4900035858154297,0.579426646232605,-0.051540542393922806,0.5645085573196411,0.5283569097518921,0.015022346749901772,0.5561987161636353,0.6212437152862549,-0.09467867016792297,0.6158013939857483,0.5814481377601624,0.05101488158106804,0.6076244115829468,0.619004487991333,0.03960024565458298,0.6198107600212097,0.5970286726951599,0.055143803358078,0.608226478099823,0.6315585970878601,0.055221863090991974,0.6410138607025146,0.5615416765213013,0.022493716329336166,0.639747142791748,0.598529577255249,0.03390441834926605
0018,./images/155/frame_00018.jpg,Normal,0.508699357509613,0.42441028356552124,-0.22676682472229004,0.5119098424911499,0.4075186550617218,-0.22868649661540985,0.512985110282898,0.40535151958465576,-0.22870326042175293,0.5138376951217651,0.40304306149482727,-0.22875981032848358,0.5063870549201965,0.40952056646347046,-0.2456374168395996,0.5036113858222961,0.40865787863731384,-0.24574390053749084,0.5006740093231201,0.4075867831707001,-0.2458244264125824,0.5074356198310852,0.393707811832428,-0.18840506672859192,0.4897133409976959,0.3969966173171997,-0.26588189601898193,0.5072183012962341,0.4296657145023346,-0.20450589060783386,0.5001698732376099,0.4306636452674866,-0.2273237258195877,0.49919289350509644,0.3919830322265625,-0.10999492555856705,0.45262473821640015,0.44356685876846313,-0.2400580197572708,0.5356374979019165,0.47671428322792053,-0.07700811326503754,0.47894540429115295,0.5431616902351379,-0.2008037269115448,0.5434297323226929,0.4903547167778015,-0.11948481947183609,0.5253396034240723,0.5515055060386658,-0.13874998688697815,0.5490046143531799,0.5063814520835876,-0.12864907085895538,0.5388770699501038,0.5645684599876404,-0.1457531899213791,0.543960690498352,0.5001943707466125,-0.1389636993408203,0.5398802161216736,0.5503695607185364,-0.15152959525585175,0.5401327013969421,0.49591273069381714,-0.12393306195735931,0.5350797176361084,0.543734073638916,-0.13766895234584808,0.5129060745239258,0.5189015865325928,0.048836492002010345,0.4916648268699646,0.5779350996017456,-0.04865994304418564,0.571416974067688,0.514037013053894,0.00757416570559144,0.5665979981422424,0.5925767421722412,-0.09056176245212555,0.6348423361778259,0.5796366930007935,0.010145432315766811,0.6104248762130737,0.6231217980384827,0.015021206811070442,0.6401700377464294,0.5973314642906189,0.008730574510991573,0.6129533052444458,0.6363972425460815,0.02562789060175419,0.6665866374969482,0.5596461892127991,-0.03756933659315109,0.6448103189468384,0.6166051626205444,-0.0031019903253763914
0019,./images/155/frame_00019.jpg,Normal,0.5116351246833801,0.4268108010292053,-0.15479913353919983,0.5142611265182495,0.41152670979499817,-0.15645556151866913,0.5152595043182373,0.4093778729438782,-0.15643268823623657,0.5160741209983826,0.40715843439102173,-0.15645307302474976,0.5092791318893433,0.41400858759880066,-0.16673079133033752,0.506679892539978,0.4135272204875946,-0.16681131720542908,0.5040228962898254,0.4126532971858978,-0.1669164001941681,0.5104963183403015,0.3981808125972748,-0.12109698355197906,0.493421733379364,0.40102991461753845,-0.1716231405735016,0.5108169317245483,0.4308924376964569,-0.13552115857601166,0.5042703747749329,0.4326435923576355,-0.1495610773563385,0.5050210952758789,0.39682552218437195,-0.045777007937431335,0.46157756447792053,0.4398336708545685,-0.1620332896709442,0.5378394722938538,0.4709126651287079,0.04007852077484131,0.48191022872924805,0.5401155352592468,-0.13989409804344177,0.539025604724884,0.4862540662288666,0.05395578593015671,0.5197094082832336,0.5496053695678711,-0.09181421250104904,0.5428162813186646,0.5027421116828918,0.06139471009373665,0.530803382396698,0.5613002181053162,-0.09404905140399933,0.5386708378791809,0.49534738063812256,0.056692738085985184,0.5312129259109497,0.5469943284988403,-0.09712512046098709,0.5356787443161011,0.4916462004184723,0.053693778812885284,0.527472734451294,0.541091799736023,-0.08973106741905212,0.5207278728485107,0.5299099683761597,0.04939720407128334,0.5024760961532593,0.5770138502120972,-0.049375563859939575,0.5702778100967407,0.5133762955665588,0.00947138387709856,0.5700110197067261,0.581176221370697,-0.07494376599788666,0.6334871053695679,0.5768797397613525,0.004661099519580603,0.611204206943512,0.6208292841911316,-0.0009847183246165514,0.6385561227798462,0.5959466695785522,0.0019166661659255624,0.6104719042778015,0.6353069543838501,0.006903326604515314,0.6652073860168457,0.5583804249763489,-0.03323227912187576,0.645168125629425,0.6096547245979309,-0.013792568817734718
0020,./images/155/frame_00020.jpg,Normal,0.5138932466506958,0.4311034381389618,-0.24966642260551453,0.5164681077003479,0.41520851850509644,-0.24990618228912354,0.51766437292099,0.4129972755908966,-0.2499065399169922,0.5186732411384583,0.4106769263744354,-0.24996308982372284,0.5113176703453064,0.4174190163612366,-0.2658565938472748,0.5087988972663879,0.4166245460510254,-0.265971839427948,0.505895733833313,0.41574349999427795,-0.2660670876502991,0.5139082670211792,0.4031538665294647,-0.1995449811220169,0.49567341804504395,0.4049859344959259,-0.27239570021629333,0.5142212510108948,0.43618300557136536,-0.2239655703306198,0.5068347454071045,0.4373285174369812,-0.2454056441783905,0.5118582844734192,0.408780574798584,-0.11154025793075562,0.46332162618637085,0.4547705352306366,-0.24322152137756348,0.5474174618721008,0.47099897265434265,-0.06039838120341301,0.4923667013645172,0.5431777834892273,-0.19667334854602814,0.5451717376708984,0.48534414172172546,-0.060242898762226105,0.5410298705101013,0.5484124422073364,-0.11332543939352036,0.5472469925880432,0.49969762563705444,-0.05938815325498581,0.5557090640068054,0.5598432421684265,-0.10766296088695526,0.5430457592010498,0.4921552836894989,-0.06250959634780884,0.5557441711425781,0.545728325843811,-0.10510977357625961,0.5404941439628601,0.48833417892456055,-0.06015147641301155,0.5502857565879822,0.5399513244628906,-0.1087445467710495,0.5287357568740845,0.5388908982276917,0.04324471205472946,0.5059790015220642,0.5893656015396118,-0.04314923658967018,0.5803182125091553,0.5435370206832886,-0.00909723062068224,0.5698648691177368,0.6235288977622986,-0.08400551229715347,0.6348532438278198,0.6063123941421509,0.009812431409955025,0.6071387529373169,0.6640501022338867,0.04317241162061691,0.6392201781272888,0.6256903409957886,0.00876762717962265,0.605830192565918,0.6727229952812195,0.057113517075777054,0.6657934188842773,0.5993990898132324,-0.02963746152818203,0.6366316080093384,0.6694075465202332,0.03409023955464363
0025,./images/155/frame_00025.jpg,Normal,0.5261086821556091,0.42619121074676514,-0.0658850148320198,0.52434241771698,0.4119352102279663,-0.06518096476793289,0.5235632658004761,0.41071760654449463,-0.06522996723651886,0.5215802192687988,0.40871185064315796,-0.06527156382799149,0.5236055254936218,0.41191160678863525,-0.08715368807315826,0.5226713418960571,0.410717636346817,-0.0871950015425682,0.5212424993515015,0.40878212451934814,-0.08728866279125214,0.5101925730705261,0.4016627073287964,-0.03962014615535736,0.5120610594749451,0.4054800271987915,-0.14137667417526245,0.5216649770736694,0.4339774250984192,-0.05132307857275009,0.5205514430999756,0.4348059296607971,-0.0811251699924469,0.4928932785987854,0.43958425521850586,0.02195696532726288,0.4934625029563904,0.4566539227962494,-0.157772034406662,0.5168765187263489,0.463378369808197,0.10490741580724716,0.5242942571640015,0.5031826496124268,-0.14781388640403748,0.522660493850708,0.43251949548721313,0.12280762195587158,0.5222396850585938,0.4837173819541931,-0.051597077399492264,0.524554967880249,0.42602020502090454,0.1302286982536316,0.5239819288253784,0.4820351004600525,-0.051707230508327484,0.5231324434280396,0.4221895933151245,0.12041302025318146,0.5174565315246582,0.4793064594268799,-0.053182393312454224,0.5225191116333008,0.4248999357223511,0.11841078102588654,0.5159244537353516,0.48051875829696655,-0.049053847789764404,0.5480402112007141,0.5929293632507324,0.06570666283369064,0.551507294178009,0.6075733304023743,-0.06568758934736252,0.5908249020576477,0.552709698677063,0.12426713854074478,0.5982238054275513,0.5545896291732788,-0.016828255727887154,0.650050699710846,0.5792590975761414,0.19591878354549408,0.6455619931221008,0.603879988193512,0.07752254605293274,0.6569273471832275,0.5971585512161255,0.20123234391212463,0.6486283540725708,0.623906135559082,0.08808184415102005,0.6709418296813965,0.5458046197891235,0.18881739675998688,0.6689531207084656,0.5781904458999634,0.08415619283914566
0028,./images/155/frame_00028.jpg,Normal,0.5271917581558228,0.4310168921947479,-0.046254370361566544,0.5267705321311951,0.4152449369430542,-0.045385539531707764,0.5265315175056458,0.41402167081832886,-0.04541885107755661,0.5260721445083618,0.41262638568878174,-0.04543526843190193,0.524750828742981,0.41487807035446167,-0.06543828547000885,0.5232006311416626,0.4135698676109314,-0.06546947360038757,0.5215535759925842,0.4122947156429291,-0.06553942710161209,0.5164089798927307,0.40774840116500854,-0.02091587521135807,0.5132759809494019,0.40941205620765686,-0.11468436568975449,0.523919939994812,0.4394111931324005,-0.03276143595576286,0.5201789140701294,0.4396236836910248,-0.06017332151532173,0.49571800231933594,0.4495370090007782,0.023019898682832718,0.4977211058139801,0.44771838188171387,-0.12610146403312683,0.5129102468490601,0.4634091556072235,0.08465303480625153,0.5190210938453674,0.4654191732406616,-0.14899252355098724,0.5201905369758606,0.43089723587036133,0.09924658387899399,0.519286036491394,0.450533390045166,-0.09129083156585693,0.5217328667640686,0.4232805371284485,0.10472895205020905,0.5217038989067078,0.44901448488235474,-0.0927262231707573,0.5212889313697815,0.41976821422576904,0.09988142549991608,0.5176095962524414,0.4487374722957611,-0.0915403813123703,0.5208868384361267,0.42241036891937256,0.09638860821723938,0.5157668590545654,0.45106104016304016,-0.08864391595125198,0.5508896112442017,0.6019213199615479,0.045083772391080856,0.5524176359176636,0.6093477606773376,-0.04521298035979271,0.5779684782028198,0.585377037525177,0.07231508940458298,0.57880038022995,0.5776146650314331,-0.03747884929180145,0.6291956901550293,0.6155669689178467,0.11548910290002823,0.6260332465171814,0.6315995454788208,0.05063731223344803,0.6356918811798096,0.6237209439277649,0.11833479255437851,0.6284719109535217,0.6447572708129883,0.06042427942156792,0.6431629657745361,0.6110201478004456,0.10396474599838257,0.6479737162590027,0.6308814287185669,0.061641447246074677
0029,./images/155/frame_00029.jpg,Normal,0.5312093496322632,0.4085325002670288,-0.29574400186538696,0.5296122431755066,0.3988437354564667,-0.2985496520996094,0.5288318395614624,0.3984108865261078,-0.2985473871231079,0.5279582738876343,0.39797618985176086,-0.29862385988235474,0.5297262668609619,0.40148305892944336,-0.3151880204677582,0.5291396379470825,0.4026299715042114,-0.31523653864860535,0.5287134051322937,0.4041081368923187,-0.3152922987937927,0.5193714499473572,0.4031457304954529,-0.267178475856781,0.5215184688568115,0.40906643867492676,-0.3403587341308594,0.5280852317810059,0.4209613502025604,-0.2758719325065613,0.5276902914047241,0.42395278811454773,-0.2977443337440491,0.4957379698753357,0.4103972911834717,-0.1961316168308258,0.5126134157180786,0.4745034873485565,-0.3030146360397339,0.5094188451766968,0.42099830508232117,-0.07616787403821945,0.5357175469398499,0.5598224401473999,-0.2916715741157532,0.5231505036354065,0.41576021909713745,-0.02389608696103096,0.5705212950706482,0.5559567213058472,-0.2711896300315857,0.5238839387893677,0.4095190763473511,-0.025749649852514267,0.5777110457420349,0.5623502731323242,-0.2926265299320221,0.5239673256874084,0.4142289459705353,-0.0355052575469017,0.5746424198150635,0.5527032017707825,-0.29838910698890686,0.525440514087677,0.4187030494213104,-0.027592768892645836,0.5715852379798889,0.547461211681366,-0.2733876407146454,0.5418180823326111,0.5392749905586243,0.04308147355914116,0.545045018196106,0.5783138871192932,-0.04324599727988243,0.5918692350387573,0.569125235080719,0.18588969111442566,0.5892136693000793,0.5894491672515869,0.1400357484817505,0.6296592950820923,0.6139553785324097,0.3800875246524811,0.6266577243804932,0.6349450349807739,0.3275420069694519,0.6341487765312195,0.6246662139892578,0.3993546664714813,0.629202127456665,0.6501899361610413,0.3459058403968811,0.6502383947372437,0.6034495830535889,0.3714403212070465,0.6487196683883667,0.6237183213233948,0.31462785601615906
0030,./images/155/frame_00030.jpg,Normal,0.5297796130180359,0.42491042613983154,-0.20445697009563446,0.5294395089149475,0.41316935420036316,-0.21101054549217224,0.5290108919143677,0.4105648100376129,-0.21099884808063507,0.5287206172943115,0.4086085855960846,-0.21104636788368225,0.529262900352478,0.4138178527355194,-0.2285405844449997,0.5280038118362427,0.41319623589515686,-0.22856275737285614,0.5264538526535034,0.4121025502681732,-0.22864393889904022,0.5202275514602661,0.405745267868042,-0.18698188662528992,0.5157127380371094,0.41161808371543884,-0.26701027154922485,0.5265082120895386,0.42861315608024597,-0.18677297234535217,0.5230327844619751,0.4278967082500458,-0.2104906290769577,0.4963342249393463,0.3958446979522705,-0.11325554549694061,0.47224530577659607,0.4677717983722687,-0.2333190143108368,0.5197197794914246,0.4280889630317688,-0.03544507175683975,0.4937852919101715,0.547709584236145,-0.23966307938098907,0.5230493545532227,0.4207572042942047,-0.014456386677920818,0.5212719440460205,0.528679370880127,-0.08807746320962906,0.52431321144104,0.42791929841041565,-0.015783309936523438,0.5333490371704102,0.5364899039268494,-0.08582957834005356,0.523834228515625,0.4264400899410248,-0.019664082676172256,0.5307799577713013,0.5262336730957031,-0.09488429129123688,0.5231048464775085,0.42678824067115784,-0.0159300584346056,0.526368260383606,0.5226187705993652,-0.08753376454114914,0.5260348916053772,0.5244570374488831,0.04465503990650177,0.5128880739212036,0.5668640732765198,-0.04453045874834061,0.5920447111129761,0.561748743057251,0.1298324167728424,0.5835361480712891,0.5934142470359802,0.049527816474437714,0.6346100568771362,0.6139735579490662,0.2175840139389038,0.6299840211868286,0.6458250880241394,0.17245426774024963,0.6369966864585876,0.6276244521141052,0.22561244666576385,0.6347857713699341,0.6628879308700562,0.18381306529045105,0.6598413586616516,0.6035180687904358,0.23923568427562714,0.6551167368888855,0.6359331607818604,0.15901677310466766
0041,./images/155/frame_00041.jpg,Normal,0.545377254486084,0.46406081318855286,-0.243531733751297,0.5464451313018799,0.44726091623306274,-0.24822275340557098,0.5464277267456055,0.44570139050483704,-0.24819639325141907,0.5463894605636597,0.443878173828125,-0.24824535846710205,0.5446744561195374,0.4495983123779297,-0.2644657790660858,0.5422382354736328,0.4456585645675659,-0.2645038962364197,0.540802538394928,0.4434640109539032,-0.2645657956600189,0.5374932885169983,0.43798887729644775,-0.21224364638328552,0.5308630466461182,0.43997424840927124,-0.2884013056755066,0.542708158493042,0.46679478883743286,-0.22198906540870667,0.5387493968009949,0.467753529548645,-0.24456605315208435,0.5255560874938965,0.42867952585220337,-0.1462908238172531,0.5051867365837097,0.4816456139087677,-0.24079708755016327,0.5396965146064758,0.43203577399253845,-0.04481777921319008,0.5156843662261963,0.5336501002311707,-0.2221086472272873,0.5389201641082764,0.4255324602127075,0.004498966969549656,0.5322351455688477,0.5194963812828064,-0.16589340567588806,0.5371131896972656,0.42381930351257324,0.0060417540371418,0.5368766188621521,0.5197752118110657,-0.17051243782043457,0.5361849665641785,0.42637792229652405,0.004523708950728178,0.5353803038597107,0.5162464380264282,-0.17087550461292267,0.536597490310669,0.42926499247550964,0.004210931248962879,0.5338764190673828,0.5152977705001831,-0.16378507018089294,0.5712404847145081,0.562583863735199,0.02354254014790058,0.5604978799819946,0.5951404571533203,-0.023730747401714325,0.6063914895057678,0.6003285050392151,0.19989114999771118,0.5970681309700012,0.6225804090499878,0.164279505610466,0.6351339817047119,0.6350938677787781,0.3771927058696747,0.6276695132255554,0.6532594561576843,0.34993812441825867,0.6364626288414001,0.6433566808700562,0.394898921251297,0.629604160785675,0.6593223214149475,0.3702780306339264,0.6504520773887634,0.6457765698432922,0.36921730637550354,0.6433044075965881,0.6657455563545227,0.3480703830718994
0050,./images/155/frame_00050.jpg,Normal,0.5397799015045166,0.47281908988952637,-0.1785283237695694,0.5397767424583435,0.4648321866989136,-0.1752781718969345,0.5406073927879333,0.4642088711261749,-0.17533257603645325,0.541433572769165,0.4635898470878601,-0.17539966106414795,0.5364786982536316,0.4657371938228607,-0.18858961760997772,0.5349795818328857,0.46559202671051025,-0.18862442672252655,0.5335168242454529,0.46547868847846985,-0.18866343796253204,0.5402912497520447,0.45923101902008057,-0.12649430334568024,0.5286719799041748,0.46106410026550293,-0.18591123819351196,0.5411117076873779,0.476216197013855,-0.15583479404449463,0.5315220355987549,0.47021031379699707,-0.1731538623571396,0.5486239194869995,0.4743623435497284,-0.05615128204226494,0.5258780717849731,0.48548489809036255,-0.18580478429794312,0.5851726531982422,0.5206791758537292,-0.04415670037269592,0.5657120943069458,0.5391692519187927,-0.22023312747478485,0.6302208304405212,0.5528702139854431,-0.08444670587778091,0.6140161752700806,0.5583059787750244,-0.2448262721300125,0.6393063068389893,0.5539923310279846,-0.09224426746368408,0.6252117156982422,0.5635590553283691,-0.2695198953151703,0.6409041881561279,0.5554185509681702,-0.11127139627933502,0.6259257197380066,0.5560542941093445,-0.2669518291950226,0.6369974613189697,0.5577626824378967,-0.09356693178415298,0.6223846673965454,0.5559365749359131,-0.24495179951190948,0.5365352630615234,0.6002616882324219,0.04431577026844025,0.5224436521530151,0.6181741952896118,-0.04439518600702286,0.5764299631118774,0.5890264511108398,0.024034719914197922,0.5661783218383789,0.6068025231361389,-0.135079488158226,0.5912361145019531,0.6591629385948181,0.08415193855762482,0.5862125158309937,0.6706808805465698,-0.03745157644152641,0.5896302461624146,0.671970546245575,0.08937246352434158,0.5833327770233154,0.6822555661201477,-0.027344876900315285,0.60517418384552,0.6655070185661316,0.06042643263936043,0.6114091873168945,0.6749969720840454,-0.05391569063067436
0060,./images/155/frame_00060.jpg,Normal,0.535883367061615,0.4368785321712494,-0.1076786071062088,0.5329172015190125,0.4229971170425415,-0.11006490141153336,0.5320592522621155,0.42213743925094604,-0.11010345071554184,0.5310146808624268,0.42096883058547974,-0.1101486086845398,0.5332705974578857,0.42305728793144226,-0.12799030542373657,0.5327829122543335,0.4225296974182129,-0.12803740799427032,0.5321288108825684,0.4217797517776489,-0.12811963260173798,0.5247557759284973,0.42278140783309937,-0.09278624504804611,0.5263636708259583,0.426392525434494,-0.17459318041801453,0.5337685942649841,0.44435763359069824,-0.09518610686063766,0.5321627855300903,0.44617435336112976,-0.11911876499652863,0.5142588019371033,0.4611905515193939,-0.0379360131919384,0.5251355171203613,0.4822542071342468,-0.1786981076002121,0.5447603464126587,0.5010910630226135,0.024153517559170723,0.5626845359802246,0.5401623249053955,-0.1754102110862732,0.5799697637557983,0.5039968490600586,0.014650410041213036,0.5933126211166382,0.5427411794662476,-0.1365506798028946,0.5875179767608643,0.5043809413909912,0.013765417039394379,0.6021954417228699,0.5472025275230408,-0.15254290401935577,0.5902886390686035,0.4996662139892578,-0.005700370762497187,0.5992039442062378,0.5413010716438293,-0.1519116908311844,0.5884180665016174,0.5014116764068604,0.0060517932288348675,0.5952395796775818,0.5393762588500977,-0.13571254909038544,0.5617630481719971,0.6096821427345276,0.047402024269104004,0.569557785987854,0.6193103194236755,-0.04764333367347717,0.5851174592971802,0.6187014579772949,0.18479228019714355,0.6001818180084229,0.5948325991630554,0.07699181884527206,0.6244797706604004,0.627264678478241,0.31958475708961487,0.6313592195510864,0.6227409839630127,0.21943001449108124,0.6305234432220459,0.634697675704956,0.3327924311161041,0.635386049747467,0.6347992420196533,0.23362872004508972,0.6386407017707825,0.6088731288909912,0.32564204931259155,0.6443060040473938,0.6081506609916687,0.22191281616687775
0063,./images/155/frame_00063.jpg,Normal,0.5246725082397461,0.46085184812545776,-0.3421817719936371,0.5271084308624268,0.4473414421081543,-0.34331563115119934,0.528588593006134,0.44363343715667725,-0.34334152936935425,0.5301080942153931,0.43973761796951294,-0.34344518184661865,0.5217570066452026,0.45150312781333923,-0.35036006569862366,0.5195589065551758,0.4510577321052551,-0.3504490256309509,0.5172777771949768,0.4503996670246124,-0.350488543510437,0.5280636548995972,0.42435455322265625,-0.28862521052360535,0.5093786120414734,0.43870165944099426,-0.32017087936401367,0.5253140330314636,0.45959141850471497,-0.3148140609264374,0.5182188153266907,0.4648399353027344,-0.3241959512233734,0.5376148223876953,0.4342424273490906,-0.20397885143756866,0.48699823021888733,0.4672791063785553,-0.26883164048194885,0.5709962844848633,0.5037086009979248,-0.18726685643196106,0.5007948875427246,0.5505833029747009,-0.26766884326934814,0.5979868173599243,0.5596493482589722,-0.22641567885875702,0.5381066203117371,0.5630679726600647,-0.2768329381942749,0.6068428158760071,0.5713856220245361,-0.23718681931495667,0.5469820499420166,0.5697340369224548,-0.294174462556839,0.6056792140007019,0.5726020336151123,-0.2542482018470764,0.5486549139022827,0.5562573075294495,-0.2987484633922577,0.6004673838615417,0.5712989568710327,-0.23388142883777618,0.5458869934082031,0.5546243190765381,-0.27817168831825256,0.5256773829460144,0.5459858775138855,0.02096814103424549,0.4993673264980316,0.5771113634109497,-0.020936375483870506,0.5707113742828369,0.5592722296714783,-0.024254614487290382,0.5340734124183655,0.590968132019043,-0.09433384239673615,0.6051672101020813,0.5999577641487122,0.02726084366440773,0.5604552030563354,0.6189802885055542,0.03862454742193222,0.6067973375320435,0.6116848587989807,0.031814657151699066,0.5595179200172424,0.6250646114349365,0.052771735936403275,0.6250404119491577,0.5998668670654297,-0.007640239782631397,0.5823383331298828,0.6184757351875305,0.025115158408880234
0064,./images/155/frame_00064.jpg,Normal,0.5226811170578003,0.45726656913757324,-0.42732447385787964,0.5260124802589417,0.44693437218666077,-0.43116480112075806,0.5275652408599854,0.443633109331131,-0.4311714768409729,0.5291873812675476,0.4401218891143799,-0.43126288056373596,0.5209683179855347,0.44961264729499817,-0.439003050327301,0.5189681649208069,0.4490119516849518,-0.4391024112701416,0.5169354677200317,0.44834479689598083,-0.4391983449459076,0.5279552340507507,0.4247141480445862,-0.3750753700733185,0.5093438625335693,0.43638283014297485,-0.40977010130882263,0.5231705904006958,0.45606666803359985,-0.3974919617176056,0.5163651704788208,0.45903274416923523,-0.4079340100288391,0.5341289043426514,0.4115525186061859,-0.28020432591438293,0.4684935510158539,0.44613173604011536,-0.33215856552124023,0.5536553859710693,0.4772639274597168,-0.28337839245796204,0.4821489751338959,0.5352457761764526,-0.3311743140220642,0.5467966198921204,0.5269723534584045,-0.3594997525215149,0.5249252319335938,0.5632261633872986,-0.35147565603256226,0.5472573041915894,0.5411562323570251,-0.38520321249961853,0.5346193313598633,0.5746320486068726,-0.37650972604751587,0.5423159599304199,0.537898063659668,-0.3913362920284271,0.539069414138794,0.5605270266532898,-0.38217562437057495,0.540443480014801,0.5332777500152588,-0.3637673854827881,0.5357431173324585,0.5555366277694702,-0.35327038168907166,0.508026123046875,0.4858812689781189,0.019133271649479866,0.47082939743995667,0.5081849098205566,-0.01904579997062683,0.5557637810707092,0.5444860458374023,0.01788194663822651,0.4683859348297119,0.5822733640670776,0.03365565463900566,0.5729983448982239,0.5932668447494507,0.15395930409431458,0.4619670808315277,0.6150930523872375,0.254443883895874,0.5706232786178589,0.6012216806411743,0.16764391958713531,0.46026453375816345,0.6183156967163086,0.2770400643348694,0.5896713137626648,0.6098941564559937,0.12040974199771881,0.45917582511901855,0.6405287384986877,0.24284255504608154
0065,./images/155/frame_00065.jpg,Normal,0.5227489471435547,0.45561790466308594,-0.27484819293022156,0.5260391235351562,0.4445762634277344,-0.2793511152267456,0.5275876522064209,0.44128939509391785,-0.27932989597320557,0.5292064547538757,0.43757137656211853,-0.27936768531799316,0.52098548412323,0.4474191963672638,-0.29565033316612244,0.5189716219902039,0.4466422498226166,-0.29575225710868835,0.5169335603713989,0.4457092583179474,-0.29581061005592346,0.5277042984962463,0.42130210995674133,-0.24426214396953583,0.5095404982566833,0.4327501654624939,-0.31979483366012573,0.5232709646224976,0.4550040364265442,-0.25398415327072144,0.5164493918418884,0.45713192224502563,-0.275349885225296,0.5218037366867065,0.4047912657260895,-0.17485114932060242,0.4693801999092102,0.4443577527999878,-0.29282432794570923,0.5438236594200134,0.47935929894447327,-0.20580391585826874,0.48087286949157715,0.5362533330917358,-0.2610984444618225,0.5343297123908997,0.5060321688652039,-0.3009294867515564,0.5246270298957825,0.5473112463951111,-0.21674494445323944,0.5319973230361938,0.5078462958335876,-0.322680801153183,0.5354711413383484,0.555627167224884,-0.23035499453544617,0.5278609991073608,0.4974103569984436,-0.3219260573387146,0.5373753905296326,0.5363301038742065,-0.22795934975147247,0.5274997353553772,0.5032714009284973,-0.30302590131759644,0.5331417918205261,0.5317251086235046,-0.21360929310321808,0.5035846829414368,0.49862220883369446,0.02761041559278965,0.46863502264022827,0.5223657488822937,-0.027580320835113525,0.552981436252594,0.54560786485672,0.04120683670043945,0.4775143265724182,0.5668999552726746,-0.038321323692798615,0.5390270948410034,0.593761682510376,0.21122920513153076,0.4691624641418457,0.6144505739212036,0.15718789398670197,0.532317578792572,0.6003940105438232,0.22987529635429382,0.4638832211494446,0.6153431534767151,0.18079188466072083,0.5462457537651062,0.6269993185997009,0.21407461166381836,0.47600698471069336,0.6515052914619446,0.17707793414592743
0066,./images/155/frame_00066.jpg,Normal,0.5191687345504761,0.44891324639320374,-0.32332494854927063,0.5224637389183044,0.43884989619255066,-0.3299179673194885,0.5237315893173218,0.4357719123363495,-0.3298875689506531,0.5249879956245422,0.43186458945274353,-0.32996365427970886,0.5181428790092468,0.4418907165527344,-0.34801173210144043,0.5162357091903687,0.4413456916809082,-0.34812644124031067,0.5142487287521362,0.44063839316368103,-0.3482123017311096,0.5224543809890747,0.41637399792671204,-0.3008440136909485,0.5074408650398254,0.4291682839393616,-0.3602244257926941,0.5179999470710754,0.4477749764919281,-0.30738338828086853,0.5128756761550903,0.4502681791782379,-0.32847702503204346,0.5179027318954468,0.39393675327301025,-0.22666144371032715,0.46440258622169495,0.44644081592559814,-0.31152430176734924,0.5348697900772095,0.46243539452552795,-0.22700782120227814,0.47921448945999146,0.5373914241790771,-0.322277307510376,0.5385573506355286,0.509416937828064,-0.31132298707962036,0.5224304795265198,0.5704860687255859,-0.3538680672645569,0.5402606725692749,0.517813503742218,-0.33458617329597473,0.5320780873298645,0.5857519507408142,-0.3853054642677307,0.5388896465301514,0.5146476626396179,-0.3434675931930542,0.536901593208313,0.5682190656661987,-0.3854599595069885,0.5362340807914734,0.514426589012146,-0.31725093722343445,0.5333980321884155,0.5600637197494507,-0.35483285784721375,0.4964953362941742,0.4677940309047699,0.02494301088154316,0.4608687460422516,0.49921557307243347,-0.024890877306461334,0.5453428030014038,0.5369494557380676,-0.001969569828361273,0.4687785506248474,0.5691408514976501,-0.007364244200289249,0.5405303835868835,0.5826801061630249,0.17236095666885376,0.4644896388053894,0.6129825711250305,0.22908970713615417,0.5358222723007202,0.5836275815963745,0.19190874695777893,0.4624347686767578,0.6105212569236755,0.25316524505615234,0.5501973628997803,0.6201984882354736,0.16102853417396545,0.4703752398490906,0.6494874954223633,0.2323155701160431
0067,./images/155/frame_00067.jpg,Normal,0.5163909196853638,0.44660601019859314,-0.3288663625717163,0.5194087028503418,0.4373752474784851,-0.33292531967163086,0.5210895538330078,0.4351074993610382,-0.33291035890579224,0.5227623581886292,0.4320545494556427,-0.3329707086086273,0.5142377018928528,0.43842077255249023,-0.34190210700035095,0.5122080445289612,0.4372422397136688,-0.3420005142688751,0.5101544857025146,0.4358789622783661,-0.3420604467391968,0.5224908590316772,0.41523343324661255,-0.2932652235031128,0.5051764845848083,0.42252323031425476,-0.3258357644081116,0.5167388319969177,0.44549909234046936,-0.3066387474536896,0.5108532309532166,0.44637155532836914,-0.31791263818740845,0.5224034190177917,0.39246901869773865,-0.2246638983488083,0.46928805112838745,0.4256752133369446,-0.2642830014228821,0.5428555011749268,0.4633696377277374,-0.24887514114379883,0.48352664709091187,0.5111137628555298,-0.2679944336414337,0.5368093252182007,0.4886099100112915,-0.34767743945121765,0.52298504114151,0.5235825777053833,-0.27279654145240784,0.5357524156570435,0.4949277639389038,-0.3718113303184509,0.5328203439712524,0.5349128842353821,-0.2905838191509247,0.532505452632904,0.4896179139614105,-0.36882317066192627,0.5384947061538696,0.5255818963050842,-0.2891095280647278,0.5305932760238647,0.4881718158721924,-0.34896838665008545,0.5352240800857544,0.5249021053314209,-0.2713848054409027,0.5023466348648071,0.452035516500473,0.016346769407391548,0.4684982895851135,0.4695844352245331,-0.016252877190709114,0.5440670251846313,0.527740478515625,-0.03403843939304352,0.46043139696121216,0.5285500884056091,-0.10866303741931915,0.5579128265380859,0.5781553983688354,0.07609518617391586,0.4547474980354309,0.6018457412719727,0.01094379834830761,0.5556175112724304,0.5849211812019348,0.08637760579586029,0.4558994770050049,0.6074906587600708,0.02217680588364601,0.5728147625923157,0.6069382429122925,0.03969999775290489,0.45386600494384766,0.6440237164497375,-0.02710004709661007
0068,./images/155/frame_00068.jpg,Normal,0.5135987997055054,0.442812442779541,-0.32956844568252563,0.5167709589004517,0.4325822591781616,-0.3311842381954193,0.5184453725814819,0.4302627444267273,-0.3311862349510193,0.5201416015625,0.42741143703460693,-0.3312690556049347,0.5120274424552917,0.43364864587783813,-0.3393324911594391,0.5100864768028259,0.4324493706226349,-0.3394288420677185,0.5079291462898254,0.43103405833244324,-0.3394908010959625,0.5205415487289429,0.41165441274642944,-0.28609758615493774,0.5021752715110779,0.4150654971599579,-0.32122722268104553,0.5131018757820129,0.44289857149124146,-0.3062020242214203,0.5083562135696411,0.44301673769950867,-0.31704002618789673,0.5208901166915894,0.3998740315437317,-0.22097992897033691,0.46892276406288147,0.4274125397205353,-0.262533962726593,0.536596417427063,0.46885520219802856,-0.23852328956127167,0.48531341552734375,0.5146891474723816,-0.2644510269165039,0.5380247235298157,0.4918043315410614,-0.32261890172958374,0.5289444923400879,0.5282284021377563,-0.28464919328689575,0.5387510657310486,0.49572068452835083,-0.3468444347381592,0.5416991114616394,0.54092937707901,-0.31199824810028076,0.5368509888648987,0.5083889365196228,-0.3518558144569397,0.5460538864135742,0.5241370797157288,-0.30722546577453613,0.5342246890068054,0.5098037719726562,-0.32698148488998413,0.5412596464157104,0.5201237201690674,-0.28367045521736145,0.4988766312599182,0.45797136425971985,0.016080375760793686,0.4660373628139496,0.47606801986694336,-0.01597251184284687,0.5352683067321777,0.5286612510681152,-0.027029160410165787,0.4736812114715576,0.5473944544792175,-0.08559547364711761,0.5264577269554138,0.5780892968177795,0.12128565460443497,0.47195377945899963,0.5959290266036987,0.041769109666347504,0.5211323499679565,0.5808528065681458,0.13631775975227356,0.4701444208621979,0.595120906829834,0.06154878810048103,0.5336576700210571,0.6135944128036499,0.10035079717636108,0.47765621542930603,0.6422592997550964,0.0505928210914135
0069,./images/155/frame_00069.jpg,Normal,0.5125889182090759,0.44210395216941833,-0.33241838216781616,0.5159698724746704,0.43292373418807983,-0.333913117647171,0.5175958871841431,0.43077096343040466,-0.3339035212993622,0.5192084908485413,0.4281357228755951,-0.33397209644317627,0.5109776258468628,0.4337197542190552,-0.34132272005081177,0.5088455080986023,0.4325181841850281,-0.3414309322834015,0.5068475604057312,0.4304799437522888,-0.3414880335330963,0.5188115239143372,0.41290283203125,-0.28648632764816284,0.5006805658340454,0.4161459505558014,-0.3173057734966278,0.5118775963783264,0.4425343871116638,-0.3082471787929535,0.5066885948181152,0.44276881217956543,-0.3184564709663391,0.5198730230331421,0.40701934695243835,-0.2190295159816742,0.46115970611572266,0.4323667883872986,-0.25566568970680237,0.5322502851486206,0.4717508554458618,-0.20680586993694305,0.4744809567928314,0.5206279754638672,-0.2523348927497864,0.5355745553970337,0.5222412943840027,-0.25907617807388306,0.5194008350372314,0.5362929701805115,-0.2795819640159607,0.5375412106513977,0.5370498895645142,-0.2793813645839691,0.5304858088493347,0.5460183620452881,-0.3062276244163513,0.5354957580566406,0.5359355807304382,-0.2874651551246643,0.535659670829773,0.5317394733428955,-0.3038276135921478,0.5320298075675964,0.5299570560455322,-0.2640220522880554,0.5312408804893494,0.5273005962371826,-0.27969133853912354,0.49201709032058716,0.4679468274116516,0.012297364883124828,0.4586413502693176,0.4794423282146454,-0.012194763869047165,0.5143795609474182,0.5309611558914185,-0.012913959100842476,0.45610183477401733,0.5472303628921509,-0.011869927868247032,0.5019103288650513,0.5787989497184753,0.16478607058525085,0.4527338445186615,0.596266508102417,0.16307656466960907,0.4959116578102112,0.58523029088974,0.18170492351055145,0.4538951814174652,0.5967012643814087,0.1794300079345703,0.506822407245636,0.6268165707588196,0.13936439156532288,0.4518979489803314,0.6407884955406189,0.13258008658885956
0070,./images/155/frame_00070.jpg,Normal,0.5117321014404297,0.440312922000885,-0.2925380766391754,0.5152350664138794,0.4303479492664337,-0.2934190630912781,0.5168354511260986,0.4275687038898468,-0.2934252619743347,0.5184263586997986,0.4245437979698181,-0.29350218176841736,0.510124683380127,0.4328059256076813,-0.3038631081581116,0.5080994367599487,0.43211066722869873,-0.30396953225135803,0.5062276124954224,0.4309796094894409,-0.3040210008621216,0.5172136425971985,0.40976622700691223,-0.25526222586631775,0.500355064868927,0.4171958565711975,-0.30114632844924927,0.5111140608787537,0.4397580325603485,-0.27215102314949036,0.5057331323623657,0.44188550114631653,-0.2858603894710541,0.5130742788314819,0.4073227047920227,-0.19404461979866028,0.45748573541641235,0.4356720447540283,-0.2601904273033142,0.5274800062179565,0.47490760684013367,-0.19539424777030945,0.4740264415740967,0.5276487469673157,-0.2621040940284729,0.533758282661438,0.5390799641609192,-0.253489226102829,0.5215597748756409,0.5640812516212463,-0.2811554968357086,0.5363016128540039,0.5562883615493774,-0.273615300655365,0.5322014689445496,0.579890251159668,-0.3063018023967743,0.5338714718818665,0.5530023574829102,-0.28342822194099426,0.537391722202301,0.5604841709136963,-0.3042681813240051,0.5307568311691284,0.5481827259063721,-0.2592986524105072,0.5336527824401855,0.5530918836593628,-0.28068307042121887,0.4884777069091797,0.47422167658805847,0.012862704694271088,0.45536375045776367,0.49480578303337097,-0.01276989746838808,0.5281567573547363,0.5079558491706848,-0.041321173310279846,0.46291598677635193,0.5613852143287659,0.06701374053955078,0.5290104746818542,0.5809937119483948,0.04765234887599945,0.4545334279537201,0.5991259813308716,0.23973441123962402,0.5229976773262024,0.5871317982673645,0.05715854838490486,0.4526142179965973,0.6017243266105652,0.2568993866443634,0.5436688661575317,0.6236467957496643,0.016661953181028366,0.4562317728996277,0.6408169865608215,0.23222534358501434
0071,./images/155/frame_00071.jpg,Normal,0.5126486420631409,0.4344010651111603,-0.27030065655708313,0.5161007642745972,0.42117831110954285,-0.2707909643650055,0.5174323320388794,0.418569952249527,-0.27083033323287964,0.5186758637428284,0.41571754217147827,-0.2709079086780548,0.5110983848571777,0.42540085315704346,-0.2828385531902313,0.5090678334236145,0.4250676929950714,-0.28293174505233765,0.5072242021560669,0.41743791103363037,-0.282992422580719,0.5158481001853943,0.40334075689315796,-0.23330065608024597,0.5006929636001587,0.4135948121547699,-0.28717154264450073,0.5117930769920349,0.43476760387420654,-0.25039738416671753,0.5063298940658569,0.43760237097740173,-0.26621654629707336,0.5130192041397095,0.4059431850910187,-0.17590652406215668,0.45723098516464233,0.4373606741428375,-0.25811678171157837,0.5319634675979614,0.4762521982192993,-0.18845748901367188,0.47684478759765625,0.5323517322540283,-0.2646864950656891,0.5417935252189636,0.5409078598022461,-0.2536576986312866,0.5233818292617798,0.5696619749069214,-0.2720619738101959,0.5433151721954346,0.5570598840713501,-0.2741692066192627,0.5338247418403625,0.5860975384712219,-0.2966368794441223,0.5419429540634155,0.5536748170852661,-0.2861882746219635,0.5395056009292603,0.5671751499176025,-0.29540935158729553,0.5390427112579346,0.5500341653823853,-0.26044708490371704,0.5353263020515442,0.5598385334014893,-0.2714542746543884,0.49332350492477417,0.4766264259815216,0.01752840168774128,0.45888906717300415,0.5089123249053955,-0.0174481850117445,0.5342722535133362,0.5062949061393738,-0.0566183403134346,0.4710162580013275,0.5605413913726807,-0.021814074367284775,0.539244532585144,0.5842546820640564,0.002696761628612876,0.46153879165649414,0.6089515686035156,0.14187566936016083,0.5234824419021606,0.5995625853538513,0.00913762766867876,0.4575692117214203,0.6115233302116394,0.1609392613172531,0.5701563954353333,0.6215059161186218,-0.02417115680873394,0.4661775231361389,0.6474691033363342,0.152007058262825
0072,./images/155/frame_00072.jpg,Normal,0.5134321451187134,0.43163368105888367,-0.26153504848480225,0.5164917707443237,0.4191141724586487,-0.2629516124725342,0.5175204277038574,0.41646623611450195,-0.26299014687538147,0.5184181928634644,0.4135501980781555,-0.26306435465812683,0.5117889046669006,0.42281702160835266,-0.2747967541217804,0.5097407102584839,0.4226330518722534,-0.2748866677284241,0.5076016187667847,0.4179348945617676,-0.2749403417110443,0.51506507396698,0.4015622138977051,-0.2310314178466797,0.5012499094009399,0.41397061944007874,-0.2841566205024719,0.512317955493927,0.43243756890296936,-0.24373367428779602,0.5070432424545288,0.43594488501548767,-0.2593969702720642,0.5119870901107788,0.40238332748413086,-0.17353656888008118,0.4598202705383301,0.4381159543991089,-0.25323766469955444,0.530375599861145,0.4760262668132782,-0.17450359463691711,0.4781748652458191,0.531818151473999,-0.25952526926994324,0.5424825549125671,0.5432305932044983,-0.21980127692222595,0.5246862769126892,0.5682304501533508,-0.2658318281173706,0.5463505983352661,0.5604925155639648,-0.23611882328987122,0.5341445803642273,0.5846490859985352,-0.2894977927207947,0.5438334941864014,0.5591368079185486,-0.24978506565093994,0.5427111387252808,0.5673192143440247,-0.2893702983856201,0.5403698086738586,0.5551376938819885,-0.22638635337352753,0.5386719703674316,0.5600151419639587,-0.2657527029514313,0.49394598603248596,0.4777161180973053,0.018680360168218613,0.46098047494888306,0.5091657638549805,-0.018605854362249374,0.5362940430641174,0.5038654208183289,-0.04838511347770691,0.4734933376312256,0.5612494349479675,-0.026918169111013412,0.5778502821922302,0.5835758447647095,-0.03122706152498722,0.4652014374732971,0.6150950789451599,0.12095899879932404,0.5751658082008362,0.5999737977981567,-0.029922574758529663,0.4616714417934418,0.6206468939781189,0.13562485575675964,0.6068187952041626,0.6038469672203064,-0.0679553672671318,0.4700600206851959,0.645928144454956,0.1499263197183609
0073,./images/155/frame_00073.jpg,Normal,0.512464165687561,0.4343457818031311,-0.28744810819625854,0.5150645971298218,0.4223387837409973,-0.2895490825176239,0.5159096717834473,0.4196149706840515,-0.28957390785217285,0.5166804790496826,0.4166566729545593,-0.2896651327610016,0.5108117461204529,0.4258216321468353,-0.3003188967704773,0.5088565349578857,0.42552393674850464,-0.3004149794578552,0.5067418217658997,0.42094308137893677,-0.3004692792892456,0.5134492516517639,0.403312087059021,-0.25023195147514343,0.5000759363174438,0.41544777154922485,-0.28466323018074036,0.5105684995651245,0.43485137820243835,-0.2678171694278717,0.5058397054672241,0.4381905794143677,-0.2818366289138794,0.5102318525314331,0.4019457995891571,-0.188571035861969,0.4568445682525635,0.4420860707759857,-0.26935499906539917,0.5284345746040344,0.4761437773704529,-0.1813315898180008,0.47847795486450195,0.5358989834785461,-0.27528685331344604,0.5444437861442566,0.5481268763542175,-0.21900901198387146,0.5214443802833557,0.5771029591560364,-0.2942931056022644,0.5479947924613953,0.5622770190238953,-0.23664231598377228,0.5310040712356567,0.5924614667892456,-0.3245154619216919,0.5483381152153015,0.5636844635009766,-0.25029677152633667,0.5383217334747314,0.5758329033851624,-0.32402893900871277,0.5425056219100952,0.5612638592720032,-0.22630898654460907,0.5349905490875244,0.5689699649810791,-0.2957669794559479,0.4862217307090759,0.4735225737094879,0.018195144832134247,0.45387667417526245,0.4995518922805786,-0.018093137070536613,0.5198516249656677,0.5042555332183838,0.03867539018392563,0.46330028772354126,0.5616546869277954,0.11248906701803207,0.5145780444145203,0.583760142326355,0.16115467250347137,0.45226964354515076,0.6047976016998291,0.3084522485733032,0.5084704756736755,0.5919341444969177,0.17395679652690887,0.4500502645969391,0.6053443551063538,0.3275304436683655,0.525587797164917,0.6160158514976501,0.13685457408428192,0.4547448754310608,0.6442193388938904,0.29883038997650146
0074,./images/155/frame_00074.jpg,Normal,0.5091308355331421,0.4346361458301544,-0.29210084676742554,0.512103796005249,0.4234984219074249,-0.295238733291626,0.5132120251655579,0.42114168405532837,-0.29525837302207947,0.5143231153488159,0.4187491834163666,-0.29533708095550537,0.5076618194580078,0.426469624042511,-0.30546653270721436,0.5057398676872253,0.4261811673641205,-0.30556243658065796,0.5039101839065552,0.4241785705089569,-0.30563247203826904,0.5120781660079956,0.4053376615047455,-0.2557239830493927,0.49776482582092285,0.416056752204895,-0.29505473375320435,0.5070194005966187,0.4351309537887573,-0.27309590578079224,0.5020573735237122,0.4382896423339844,-0.28631603717803955,0.5100525617599487,0.4029143750667572,-0.1946326494216919,0.450983464717865,0.44232800602912903,-0.2670488953590393,0.5266398191452026,0.4722036123275757,-0.15583203732967377,0.45360317826271057,0.5588929653167725,-0.26172327995300293,0.544572651386261,0.5414843559265137,-0.17165836691856384,0.47492092847824097,0.6280753016471863,-0.2816862165927887,0.5492841601371765,0.5535857081413269,-0.18176700174808502,0.4759390950202942,0.648829460144043,-0.30790114402770996,0.5489693880081177,0.5632441639900208,-0.19438080489635468,0.48429179191589355,0.6376948356628418,-0.32144370675086975,0.5435920357704163,0.5585289001464844,-0.17740663886070251,0.4853033423423767,0.6278491020202637,-0.28692999482154846,0.48074230551719666,0.4823037385940552,0.01667531579732895,0.44531506299972534,0.5005624294281006,-0.016600701957941055,0.5070306658744812,0.5459344387054443,0.08986193686723709,0.45671209692955017,0.5709142684936523,0.11784669011831284,0.49279752373695374,0.5923808217048645,0.2711665630340576,0.45096302032470703,0.5962488651275635,0.3428775668144226,0.48587894439697266,0.5927684307098389,0.2890959680080414,0.4484694004058838,0.598294734954834,0.3651741147041321,0.4972144663333893,0.6283063888549805,0.25946179032325745,0.45332780480384827,0.6356558203697205,0.34105631709098816
0075,./images/155/frame_00075.jpg,Normal,0.5100805759429932,0.4360809028148651,-0.31862872838974,0.5130350589752197,0.4247831702232361,-0.3191882073879242,0.5141700506210327,0.42225900292396545,-0.319227397441864,0.5152682065963745,0.41961559653282166,-0.3193363547325134,0.5084425210952759,0.4276355803012848,-0.3325050473213196,0.5064659118652344,0.42720645666122437,-0.3326003849506378,0.504804253578186,0.4254406690597534,-0.3326546549797058,0.5128413438796997,0.40569034218788147,-0.2735442519187927,0.4978148341178894,0.4170999228954315,-0.33112043142318726,0.5084906220436096,0.4363991320133209,-0.29495805501937866,0.5032545924186707,0.43932977318763733,-0.3119908571243286,0.5108727812767029,0.403204083442688,-0.20545849204063416,0.45331326127052307,0.44212472438812256,-0.28952208161354065,0.5281671285629272,0.4727232754230499,-0.20097684860229492,0.4623951315879822,0.5557703971862793,-0.29932600259780884,0.5453308820724487,0.5433944463729858,-0.2824753522872925,0.499225914478302,0.6144530773162842,-0.3290247917175293,0.5495149493217468,0.5545427799224854,-0.30946841835975647,0.5045697093009949,0.6415852904319763,-0.3625563681125641,0.5497179627418518,0.5586100816726685,-0.3227871060371399,0.5100164413452148,0.6125363111495972,-0.3627949357032776,0.5438838601112366,0.5555822849273682,-0.29148390889167786,0.5097240805625916,0.60329669713974,-0.33054494857788086,0.4819974899291992,0.4823932647705078,0.017332464456558228,0.44820672273635864,0.5025851130485535,-0.01724536158144474,0.5119592547416687,0.5456691980361938,0.07970836758613586,0.4582903981208801,0.5677398443222046,0.14219915866851807,0.4973291754722595,0.5935239791870117,0.24982640147209167,0.45202526450157166,0.5984516739845276,0.36484888195991516,0.4900074005126953,0.5946295261383057,0.2670893669128418,0.45061883330345154,0.6003698706626892,0.3862740397453308,0.49993690848350525,0.6291303038597107,0.2232706993818283,0.45593374967575073,0.6353583335876465,0.3442717492580414
0076,./images/155/frame_00076.jpg,Normal,0.5089479684829712,0.43805572390556335,-0.38551387190818787,0.5123906135559082,0.4269772469997406,-0.3837684392929077,0.5137540698051453,0.4246875047683716,-0.3838067054748535,0.5150187015533447,0.42226165533065796,-0.38392210006713867,0.506877064704895,0.4299652576446533,-0.396452933549881,0.5046782493591309,0.4294208586215973,-0.3965539336204529,0.5026086568832397,0.4290529787540436,-0.39661598205566406,0.5131624937057495,0.40738657116889954,-0.32511213421821594,0.49641257524490356,0.41785871982574463,-0.3812226951122284,0.5080743432044983,0.4382205903530121,-0.35713979601860046,0.5021734833717346,0.4408073127269745,-0.3735922873020172,0.5118323564529419,0.40575769543647766,-0.24143433570861816,0.45363694429397583,0.4407403767108917,-0.3280688524246216,0.5274137258529663,0.4743134081363678,-0.23017451167106628,0.46329063177108765,0.5547913312911987,-0.3414177894592285,0.5520683526992798,0.5570860505104065,-0.3026183545589447,0.5026564598083496,0.5992160439491272,-0.38624247908592224,0.5597858428955078,0.569144070148468,-0.3278602361679077,0.5088549852371216,0.6155418157577515,-0.4222061038017273,0.5607271194458008,0.5721345543861389,-0.3457706570625305,0.5160553455352783,0.5985519289970398,-0.42494654655456543,0.5540282130241394,0.5691702365875244,-0.313091903924942,0.5150666236877441,0.5933220982551575,-0.3890199661254883,0.4839523434638977,0.4852248430252075,0.017765317112207413,0.4487825930118561,0.503141462802887,-0.017679402604699135,0.5186477303504944,0.5601181387901306,0.04193757846951485,0.4590652883052826,0.5752956867218018,0.08447030186653137,0.5074445605278015,0.5989153385162354,0.2345164269208908,0.44994276762008667,0.5983002185821533,0.33423954248428345,0.5018532872200012,0.5965248942375183,0.2544820308685303,0.4477010667324066,0.5951745510101318,0.3590679466724396,0.5128585696220398,0.6380465030670166,0.21090903878211975,0.4513344168663025,0.6338026523590088,0.32396405935287476
0077,./images/155/frame_00077.jpg,Normal,0.5103668570518494,0.4372556507587433,-0.3444444537162781,0.5129510164260864,0.4265230894088745,-0.34497469663619995,0.5139690637588501,0.42428234219551086,-0.34500154852867126,0.5152074098587036,0.42188727855682373,-0.3450976014137268,0.5080800652503967,0.42893868684768677,-0.35644859075546265,0.5058420896530151,0.42836248874664307,-0.35654640197753906,0.5033887624740601,0.4280829131603241,-0.35660678148269653,0.5136529207229614,0.40751969814300537,-0.29790765047073364,0.49678415060043335,0.41804492473602295,-0.35057350993156433,0.50865638256073,0.43799543380737305,-0.3203381896018982,0.5030486583709717,0.4404914379119873,-0.33534204959869385,0.5125215649604797,0.41000479459762573,-0.22428753972053528,0.45451489090919495,0.4389013648033142,-0.3023730516433716,0.5285396575927734,0.4771747291088104,-0.20177698135375977,0.4614054262638092,0.5517928004264832,-0.3098854720592499,0.5518678426742554,0.5522725582122803,-0.27106210589408875,0.5033327341079712,0.5914499759674072,-0.33839696645736694,0.5594013333320618,0.5656697750091553,-0.3019060492515564,0.5086955428123474,0.6086695790290833,-0.3704603612422943,0.5600354671478271,0.5659340023994446,-0.34305840730667114,0.516116201877594,0.5921252965927124,-0.3715951442718506,0.5540245175361633,0.5630477666854858,-0.286224901676178,0.5137090086936951,0.5857235193252563,-0.3400883376598358,0.48251160979270935,0.4851260185241699,0.01728573441505432,0.44954952597618103,0.5003356337547302,-0.017220759764313698,0.5033149123191833,0.5514384508132935,0.1537523865699768,0.45460349321365356,0.5602699518203735,0.17325173318386078,0.4955560266971588,0.5986098647117615,0.3348388671875,0.4484744071960449,0.5984441041946411,0.3975324332714081,0.48995059728622437,0.5990374088287354,0.3525966703891754,0.4444681704044342,0.5975189805030823,0.41867417097091675,0.49871912598609924,0.6346163153648376,0.3077635169029236,0.45096296072006226,0.6338133215904236,0.3720860481262207
0078,./images/155/frame_00078.jpg,Normal,0.5104623436927795,0.4377497434616089,-0.33618026971817017,0.513205349445343,0.4273167848587036,-0.33281487226486206,0.5142530202865601,0.42515575885772705,-0.3328491449356079,0.5153564214706421,0.42282459139823914,-0.3329533338546753,0.5084499716758728,0.42953920364379883,-0.3467978835105896,0.506310224533081,0.4289437234401703,-0.3468930125236511,0.5040628910064697,0.4293067455291748,-0.34697192907333374,0.5131962299346924,0.4083006978034973,-0.28624239563941956,0.4973617196083069,0.4201321601867676,-0.348003089427948,0.5087646245956421,0.4386146664619446,-0.3132188320159912,0.5034626722335815,0.4406988024711609,-0.3334294855594635,0.5123433470726013,0.4099014401435852,-0.21762296557426453,0.45433831214904785,0.4392423927783966,-0.2962152361869812,0.5259491205215454,0.47731438279151917,-0.20210735499858856,0.45572835206985474,0.5491349101066589,-0.3030114769935608,0.5438393354415894,0.5440686345100403,-0.27728280425071716,0.4819515645503998,0.603206992149353,-0.32983940839767456,0.5587891340255737,0.5625676512718201,-0.3011545240879059,0.4855813980102539,0.6201609969139099,-0.35869699716567993,0.5594482421875,0.5643502473831177,-0.31850185990333557,0.4932158589363098,0.6086112856864929,-0.3619549870491028,0.5526587963104248,0.560760498046875,-0.28681889176368713,0.49279528856277466,0.60100919008255,-0.3321572542190552,0.48095589876174927,0.48401713371276855,0.017196059226989746,0.44627779722213745,0.4993523061275482,-0.017114993184804916,0.5041993856430054,0.548852264881134,-0.017580408602952957,0.4479076862335205,0.5651132464408875,0.09728551656007767,0.4983411729335785,0.6053968071937561,0.15330572426319122,0.44841891527175903,0.6001924276351929,0.3116447627544403,0.4929733872413635,0.6091349720954895,0.17011110484600067,0.4481163024902344,0.6077366471290588,0.3316541314125061,0.5042814016342163,0.6392183303833008,0.11598901450634003,0.44923892617225647,0.6355524659156799,0.2881515324115753
0079,./images/155/frame_00079.jpg,Normal,0.5115472078323364,0.44104820489883423,-0.3416321873664856,0.5138257741928101,0.43044039607048035,-0.3422977328300476,0.5148037075996399,0.42788165807724,-0.3423144221305847,0.5158530473709106,0.42545512318611145,-0.3423900902271271,0.5093885660171509,0.4333452582359314,-0.3537452518939972,0.5073177814483643,0.43317651748657227,-0.35384780168533325,0.5050160884857178,0.43393027782440186,-0.35392826795578003,0.5133599042892456,0.41177260875701904,-0.29593056440353394,0.4975989758968353,0.4255888760089874,-0.3473300635814667,0.5099912285804749,0.4412950277328491,-0.3179023265838623,0.5048978328704834,0.44458428025245667,-0.33326274156570435,0.514994740486145,0.4141843616962433,-0.2183169573545456,0.454786479473114,0.440756231546402,-0.29322564601898193,0.5272139310836792,0.48325541615486145,-0.17541196942329407,0.4501199722290039,0.5474814772605896,-0.29816126823425293,0.5430383682250977,0.5580934286117554,-0.20915015041828156,0.460823118686676,0.607334315776825,-0.3188583254814148,0.5525615215301514,0.573119044303894,-0.22476854920387268,0.4698769152164459,0.6288893222808838,-0.3456529974937439,0.5522040724754333,0.5778385400772095,-0.2410774976015091,0.4776553511619568,0.6213237643241882,-0.3609047830104828,0.5458330512046814,0.5743679404258728,-0.21730156242847443,0.47842201590538025,0.6137411594390869,-0.32624465227127075,0.4829742908477783,0.4868638813495636,0.01723150908946991,0.44875821471214294,0.5003919005393982,-0.017156099900603294,0.5084945559501648,0.5547217726707458,0.15988117456436157,0.4524229168891907,0.5649864673614502,0.1530747264623642,0.5022450685501099,0.6034042239189148,0.3442494571208954,0.44927626848220825,0.6004834175109863,0.3566882610321045,0.4967285990715027,0.606988251209259,0.36250466108322144,0.4495585858821869,0.6084060072898865,0.3761187195777893,0.5073119401931763,0.6377352476119995,0.32510942220687866,0.45027536153793335,0.6359623670578003,0.3318067193031311
0080,./images/155/frame_00080.jpg,Normal,0.5115727186203003,0.4464099109172821,-0.32361939549446106,0.5141242742538452,0.43462449312210083,-0.3250017762184143,0.5151189565658569,0.43169575929641724,-0.32507792115211487,0.5162554979324341,0.42864328622817993,-0.3252231478691101,0.5094391703605652,0.4396684467792511,-0.3344537913799286,0.5074278116226196,0.4332280158996582,-0.3345434069633484,0.5052343606948853,0.4337761402130127,-0.33461639285087585,0.5141053795814514,0.4134756624698639,-0.2887572944164276,0.49644795060157776,0.42533576488494873,-0.3284512460231781,0.5101954936981201,0.4465445280075073,-0.30306151509284973,0.5049823522567749,0.45164984464645386,-0.3150852620601654,0.5179403424263,0.4229162335395813,-0.21916994452476501,0.45491233468055725,0.44977301359176636,-0.27350324392318726,0.531718373298645,0.5058225393295288,-0.19882337749004364,0.45282936096191406,0.5538474321365356,-0.2718636393547058,0.5498536229133606,0.5882704854011536,-0.23336294293403625,0.47599077224731445,0.6132259368896484,-0.2901104688644409,0.5582595467567444,0.6040251851081848,-0.2517719566822052,0.47990140318870544,0.6305751204490662,-0.3145805895328522,0.5556594133377075,0.6067470908164978,-0.26638364791870117,0.4883604645729065,0.6203774809837341,-0.32259437441825867,0.5492359399795532,0.6031774878501892,-0.24106507003307343,0.4883362650871277,0.6128047704696655,-0.29447466135025024,0.48869356513023376,0.4863692820072174,0.012020855210721493,0.4500695765018463,0.5010236501693726,-0.011888202279806137,0.5293250679969788,0.5449342131614685,0.04363741725683212,0.4551679491996765,0.569180428981781,0.12109635025262833,0.5424394011497498,0.602350652217865,0.1462058573961258,0.4502995014190674,0.6014753580093384,0.3309354782104492,0.5387585759162903,0.6059563755989075,0.15678119659423828,0.45263582468032837,0.6080483794212341,0.35184118151664734,0.5589264631271362,0.6357748508453369,0.11240136623382568,0.45378345251083374,0.6354384422302246,0.3187982141971588
0081,./images/155/frame_00081.jpg,Normal,0.5114430785179138,0.451593816280365,-0.3632894456386566,0.5142673254013062,0.4399174153804779,-0.36348336935043335,0.5153073668479919,0.4370962679386139,-0.36350762844085693,0.5164399147033691,0.4342341423034668,-0.3636088967323303,0.5095512866973877,0.44453784823417664,-0.37363481521606445,0.5075687170028687,0.44232702255249023,-0.3737384080886841,0.5053510069847107,0.442635715007782,-0.3738154172897339,0.5142297148704529,0.41955795884132385,-0.3153870701789856,0.4964561462402344,0.42694634199142456,-0.3604576289653778,0.510209321975708,0.4516928791999817,-0.3388449549674988,0.5050182342529297,0.45613572001457214,-0.3521979749202728,0.5187547206878662,0.43131759762763977,-0.23925992846488953,0.4551215171813965,0.45054054260253906,-0.2987472712993622,0.5308703780174255,0.512293815612793,-0.2057954967021942,0.45270222425460815,0.5520090460777283,-0.297838419675827,0.5488755106925964,0.5902630686759949,-0.23930113017559052,0.46937209367752075,0.6122723817825317,-0.328651487827301,0.5567563772201538,0.6045472621917725,-0.25791850686073303,0.474576860666275,0.6261900663375854,-0.35773247480392456,0.5551022887229919,0.6085657477378845,-0.27301424741744995,0.4818190932273865,0.6168464422225952,-0.3660261929035187,0.5484775900840759,0.6044018864631653,-0.24737827479839325,0.4821324348449707,0.6099579930305481,-0.33400288224220276,0.487382173538208,0.48821136355400085,0.012901817448437214,0.4499719738960266,0.4999309182167053,-0.012796196155250072,0.5111237168312073,0.5560615062713623,0.10374065488576889,0.4518721103668213,0.5691158175468445,0.12167171388864517,0.507618248462677,0.6075911521911621,0.3071173131465912,0.45101016759872437,0.6005898714065552,0.3448006510734558,0.5032777190208435,0.6092878580093384,0.32698655128479004,0.45221272110939026,0.6080349683761597,0.36608442664146423,0.5087647438049316,0.640625536441803,0.28078219294548035,0.4538707137107849,0.6360312700271606,0.3175181746482849
0082,./images/155/frame_00082.jpg,Normal,0.5124889612197876,0.45415303111076355,-0.3800981640815735,0.5148351192474365,0.44313570857048035,-0.38092562556266785,0.5158791542053223,0.4400009214878082,-0.3809748888015747,0.5172752141952515,0.4360258877277374,-0.38110965490341187,0.5105194449424744,0.44771525263786316,-0.38938936591148376,0.5086166262626648,0.44752591848373413,-0.3894713222980499,0.5067797899246216,0.4479649066925049,-0.38953661918640137,0.5153747797012329,0.4216129779815674,-0.3340892791748047,0.4996103346347809,0.4393872022628784,-0.37076616287231445,0.5119901895523071,0.45393073558807373,-0.3556993007659912,0.5065850615501404,0.45928505063056946,-0.3664840757846832,0.5225235223770142,0.4315393567085266,-0.2622077167034149,0.4587779641151428,0.4550548195838928,-0.3065529465675354,0.5427573323249817,0.513824999332428,-0.2550674080848694,0.4628540873527527,0.5518352389335632,-0.3131222128868103,0.5718925595283508,0.5880304574966431,-0.307939350605011,0.49631333351135254,0.6071290969848633,-0.35331249237060547,0.5816076993942261,0.5989455580711365,-0.33324867486953735,0.5041583776473999,0.6221325397491455,-0.3848226070404053,0.5807633996009827,0.6017090082168579,-0.34899941086769104,0.5126305818557739,0.6109564900398254,-0.38967278599739075,0.5740109086036682,0.6002213358879089,-0.31688788533210754,0.510845959186554,0.6041673421859741,-0.3571859896183014,0.49309009313583374,0.48817384243011475,0.011364050209522247,0.4575701653957367,0.5000057816505432,-0.01126164197921753,0.5212833881378174,0.5535829067230225,0.11725401878356934,0.459134966135025,0.5624008774757385,0.17169886827468872,0.5309169292449951,0.6027325987815857,0.28188106417655945,0.4522272050380707,0.6007330417633057,0.40392518043518066,0.5281206369400024,0.6060779094696045,0.29829925298690796,0.4527507424354553,0.6074565052986145,0.42651304602622986,0.5437105894088745,0.6344893574714661,0.2505651116371155,0.45431989431381226,0.6323150396347046,0.38102981448173523
0083,./images/155/frame_00083.jpg,Normal,0.5136976838111877,0.46146339178085327,-0.36036890745162964,0.5165141224861145,0.4515621066093445,-0.3600192666053772,0.5177628993988037,0.44870564341545105,-0.36004647612571716,0.5190800428390503,0.4454839825630188,-0.3601455092430115,0.5122718811035156,0.45512306690216064,-0.3698471188545227,0.5105153918266296,0.4552024304866791,-0.3699451982975006,0.5087894201278687,0.4552902579307556,-0.37000876665115356,0.5178454518318176,0.43095335364341736,-0.316200852394104,0.5024519562721252,0.44513681530952454,-0.3598763048648834,0.5129786729812622,0.46073904633522034,-0.3355129659175873,0.5076982975006104,0.46437135338783264,-0.348313570022583,0.5243620872497559,0.43220269680023193,-0.22749078273773193,0.4595479369163513,0.4550393521785736,-0.3005744516849518,0.5384628176689148,0.5083545446395874,-0.20734600722789764,0.46529150009155273,0.5574961304664612,-0.3050432801246643,0.551689088344574,0.5817683339118958,-0.271867573261261,0.4995112419128418,0.6087052226066589,-0.338043212890625,0.5573546886444092,0.5930198431015015,-0.28672847151756287,0.5059822797775269,0.6248219609260559,-0.36879467964172363,0.5577424764633179,0.5992051959037781,-0.3005581200122833,0.5142112970352173,0.6117275953292847,-0.37036243081092834,0.5522587299346924,0.5951528549194336,-0.2791329026222229,0.512447714805603,0.6041216850280762,-0.3401632606983185,0.4926951825618744,0.47390317916870117,0.019013263285160065,0.4541230797767639,0.479839950799942,-0.018901942297816277,0.5209109783172607,0.5557288527488708,-0.023477422073483467,0.4450431764125824,0.5518931746482849,-0.1323251724243164,0.5165635347366333,0.602021336555481,0.1640484780073166,0.4488260746002197,0.5974640250205994,0.07806597650051117,0.5125409960746765,0.6040016412734985,0.18184047937393188,0.4487929940223694,0.5984885692596436,0.0980619415640831,0.5237231254577637,0.6339293718338013,0.13751257956027985,0.44795292615890503,0.6325188279151917,0.049049053341150284
0084,./images/155/frame_00084.jpg,Normal,0.5158661603927612,0.46030285954475403,-0.35805246233940125,0.518497884273529,0.45107904076576233,-0.35666823387145996,0.5195618271827698,0.4484589099884033,-0.3567265570163727,0.5206024646759033,0.4456474184989929,-0.35684898495674133,0.514976978302002,0.45425698161125183,-0.3638787865638733,0.5134791135787964,0.4542217552661896,-0.3639736771583557,0.512006938457489,0.45420727133750916,-0.36403411626815796,0.5183592438697815,0.43164491653442383,-0.3093220889568329,0.5052649974822998,0.4454702138900757,-0.36260339617729187,0.5140493512153625,0.4592420756816864,-0.33058446645736694,0.5095330476760864,0.46253663301467896,-0.3425021171569824,0.5238479971885681,0.4302431643009186,-0.23049387335777283,0.4625454843044281,0.45562994480133057,-0.3173507750034332,0.5308647155761719,0.5049877762794495,-0.2268289029598236,0.4664858877658844,0.5589609742164612,-0.3308279514312744,0.5456758737564087,0.5660058856010437,-0.3099295496940613,0.500640869140625,0.6119878888130188,-0.362708181142807,0.5517438650131226,0.5758221745491028,-0.33467036485671997,0.505640983581543,0.6291771531105042,-0.39619189500808716,0.5517850518226624,0.5769738554954529,-0.34809961915016174,0.5141136050224304,0.6157930493354797,-0.3971427381038666,0.5464457273483276,0.574237048625946,-0.31847450137138367,0.5127374529838562,0.6077683568000793,-0.36444732546806335,0.4872305393218994,0.4747695028781891,0.02082059159874916,0.450344979763031,0.48409783840179443,-0.02074131928384304,0.5119369626045227,0.5551701188087463,0.05871814489364624,0.4487330913543701,0.5544450283050537,0.04944179579615593,0.5124924182891846,0.6017964482307434,0.24833321571350098,0.44897279143333435,0.5958837866783142,0.25297456979751587,0.509052574634552,0.6038521528244019,0.26664379239082336,0.4433533251285553,0.5993468165397644,0.27011868357658386,0.5217041969299316,0.6364791989326477,0.22731971740722656,0.4470866322517395,0.6299813389778137,0.22034330666065216
0085,./images/155/frame_00085.jpg,Normal,0.5178209543228149,0.4636770486831665,-0.35485273599624634,0.5199762582778931,0.45545852184295654,-0.3580467104911804,0.5208060145378113,0.45279812812805176,-0.3580830693244934,0.5217328667640686,0.44955775141716003,-0.35819050669670105,0.5170857906341553,0.4588148891925812,-0.3716445565223694,0.5157803893089294,0.459185928106308,-0.37174609303474426,0.5144290328025818,0.45952147245407104,-0.37184813618659973,0.519045352935791,0.4354214668273926,-0.32321640849113464,0.5078247785568237,0.45169490575790405,-0.3873904347419739,0.5154315233230591,0.46243640780448914,-0.3328055739402771,0.5118079781532288,0.46545249223709106,-0.35078972578048706,0.523436427116394,0.42472678422927856,-0.2486729919910431,0.46298593282699585,0.4582716226577759,-0.3457489609718323,0.5315302610397339,0.48893052339553833,-0.20147982239723206,0.46700233221054077,0.566280722618103,-0.3561369776725769,0.5460426211357117,0.5538782477378845,-0.22025735676288605,0.49936166405677795,0.6276684403419495,-0.3854730725288391,0.5514487028121948,0.565420389175415,-0.23654904961585999,0.5005058646202087,0.6470474004745483,-0.4228362441062927,0.5510197877883911,0.5679465532302856,-0.2531281113624573,0.5090488791465759,0.6324920058250427,-0.4258860647678375,0.5462557673454285,0.5658692121505737,-0.22799710929393768,0.5101349353790283,0.6244872212409973,-0.38875001668930054,0.48656487464904785,0.4804379343986511,0.022599615156650543,0.44930940866470337,0.4958609342575073,-0.02251780591905117,0.5057286024093628,0.5551654100418091,0.14838120341300964,0.44958657026290894,0.5626862645149231,0.14836539328098297,0.5089321732521057,0.5991804003715515,0.38367360830307007,0.44754400849342346,0.5953206419944763,0.4093039631843567,0.5058325529098511,0.600067675113678,0.407848984003067,0.44406256079673767,0.5939152836799622,0.4353293478488922,0.5171962380409241,0.6339635848999023,0.3689940571784973,0.4479140639305115,0.628666877746582,0.39765822887420654
0086,./images/155/frame_00086.jpg,Normal,0.5192539095878601,0.46865078806877136,-0.3092363476753235,0.521464467048645,0.4611782431602478,-0.31336894631385803,0.522501528263092,0.45871666073799133,-0.3133765459060669,0.5236871242523193,0.4553857445716858,-0.3134526014328003,0.5183919072151184,0.46384409070014954,-0.322891503572464,0.5170689225196838,0.46388599276542664,-0.32299429178237915,0.5157484412193298,0.46395182609558105,-0.32308363914489746,0.5221952795982361,0.4413352906703949,-0.2880100905895233,0.5096274018287659,0.4556892514228821,-0.33048662543296814,0.5174543261528015,0.467286080121994,-0.29268866777420044,0.5133176445960999,0.4697421193122864,-0.3053121566772461,0.5247840881347656,0.4249131977558136,-0.22157880663871765,0.46713051199913025,0.4567857086658478,-0.2924480140209198,0.531425416469574,0.4908091127872467,-0.19701418280601501,0.466888964176178,0.5642114281654358,-0.30697184801101685,0.5466756224632263,0.5599544644355774,-0.22710752487182617,0.48673099279403687,0.6269285678863525,-0.3245090842247009,0.5523918271064758,0.5728850960731506,-0.2424340695142746,0.48608818650245667,0.6459683179855347,-0.3515796661376953,0.5520942807197571,0.5770453214645386,-0.2568035423755646,0.49647751450538635,0.6391779184341431,-0.35624977946281433,0.5469557046890259,0.5738511681556702,-0.23450061678886414,0.5001279711723328,0.6265007257461548,-0.32776758074760437,0.4883289933204651,0.45587947964668274,0.021690351888537407,0.45016518235206604,0.4659896492958069,-0.021611036732792854,0.5079241991043091,0.5366503596305847,0.011550957337021828,0.44941750168800354,0.5519261956214905,-0.003809317946434021,0.5243076682090759,0.5940499901771545,0.14278163015842438,0.44654956459999084,0.5902891159057617,0.1752115786075592,0.5223444700241089,0.5990116000175476,0.15520595014095306,0.44390493631362915,0.5902339220046997,0.1920727640390396,0.5372253656387329,0.6254512071609497,0.115190289914608,0.44844427704811096,0.6188017129898071,0.15568801760673523
0087,./images/155/frame_00087.jpg,Normal,0.5215893983840942,0.4692179262638092,-0.2980102002620697,0.5250293016433716,0.45992568135261536,-0.30630818009376526,0.525949239730835,0.4567562937736511,-0.30628761649131775,0.5269650220870972,0.45320257544517517,-0.3063279688358307,0.5216244459152222,0.46408915519714355,-0.31877464056015015,0.5203487277030945,0.46415820717811584,-0.3188610076904297,0.5187483429908752,0.4641437828540802,-0.3190006613731384,0.5242002606391907,0.43789151310920715,-0.2910028100013733,0.515537440776825,0.4519433379173279,-0.3385542035102844,0.5193899273872375,0.4655696749687195,-0.2849251329898834,0.5154493451118469,0.469254732131958,-0.3012232184410095,0.5241298675537109,0.40632742643356323,-0.21868860721588135,0.47299203276634216,0.457272469997406,-0.30364519357681274,0.5182796716690063,0.4263688921928406,-0.10738323628902435,0.4694761335849762,0.5621203780174255,-0.31702524423599243,0.5267595052719116,0.4604167640209198,-0.04898200184106827,0.48822999000549316,0.6274316310882568,-0.334372878074646,0.5316279530525208,0.46464234590530396,-0.04622180759906769,0.49025464057922363,0.6455908417701721,-0.35347673296928406,0.5321050882339478,0.4726915955543518,-0.05624424293637276,0.49957627058029175,0.6443420648574829,-0.35956308245658875,0.5285083055496216,0.4729958772659302,-0.05132458731532097,0.5014774203300476,0.6331049203872681,-0.33637547492980957,0.4876675009727478,0.45897993445396423,0.026546189561486244,0.45358070731163025,0.4726473093032837,-0.02651776373386383,0.5018216371536255,0.5388997197151184,0.1149023175239563,0.45046859979629517,0.5468618273735046,0.08495907485485077,0.5057162642478943,0.5940070748329163,0.31572872400283813,0.4462110102176666,0.5903790593147278,0.24275019764900208,0.5020384192466736,0.5984702110290527,0.33570969104766846,0.44045472145080566,0.5922511219978333,0.23978391289710999,0.5192148089408875,0.6260550022125244,0.3029438257217407,0.44730645418167114,0.6198958158493042,0.2152143269777298
0088,./images/155/frame_00088.jpg,Normal,0.5217393636703491,0.47562599182128906,-0.29555970430374146,0.525387167930603,0.46736034750938416,-0.3000467121601105,0.532879650592804,0.46998754143714905,-0.300048291683197,0.5345757007598877,0.4688563346862793,-0.3000917136669159,0.5212082862854004,0.4697515666484833,-0.31184956431388855,0.5199311971664429,0.46936747431755066,-0.31195691227912903,0.5227990746498108,0.47009599208831787,-0.3120552897453308,0.5335206389427185,0.4525466561317444,-0.2686094343662262,0.5165897607803345,0.454270601272583,-0.3207020163536072,0.5209013223648071,0.4721326231956482,-0.27638041973114014,0.5159155130386353,0.4741540253162384,-0.2920653223991394,0.5276986956596375,0.41030821204185486,-0.1974978744983673,0.4778943955898285,0.4538014233112335,-0.2671123445034027,0.5237999558448792,0.45464253425598145,-0.19528624415397644,0.4781706929206848,0.543172299861908,-0.25638583302497864,0.5298851728439331,0.47877854108810425,-0.29635682702064514,0.4990216791629791,0.5952099561691284,-0.25857600569725037,0.5310826897621155,0.4844280183315277,-0.32106149196624756,0.5009897351264954,0.6153123378753662,-0.2774015963077545,0.5300050377845764,0.4802042543888092,-0.3224015235900879,0.507614016532898,0.6062373518943787,-0.282870352268219,0.5272699594497681,0.4784829914569855,-0.2994198501110077,0.5087060332298279,0.5962212681770325,-0.2596605718135834,0.49504613876342773,0.4592471122741699,0.024939797818660736,0.46181049942970276,0.462288498878479,-0.02494772896170616,0.5052090287208557,0.5362685918807983,-0.033755019307136536,0.44724002480506897,0.5125481486320496,-0.1330942064523697,0.5082936882972717,0.5939597487449646,0.1396481990814209,0.44695988297462463,0.5912999510765076,0.011611079797148705,0.5044817924499512,0.5989415645599365,0.15485656261444092,0.4414556622505188,0.5934872627258301,0.023907821625471115,0.5205669403076172,0.6256799101829529,0.10249625146389008,0.4450914263725281,0.6259071230888367,-0.03981483727693558
0089,./images/155/frame_00089.jpg,Normal,0.5225694179534912,0.4750092029571533,-0.29038819670677185,0.5256351232528687,0.466442734003067,-0.29639101028442383,0.5296155214309692,0.4652473032474518,-0.29638928174972534,0.5311130285263062,0.4629021883010864,-0.296444833278656,0.5222558379173279,0.4696824252605438,-0.3074544668197632,0.5209633708000183,0.46981051564216614,-0.307538241147995,0.5210689902305603,0.47053229808807373,-0.30765074491500854,0.5303217768669128,0.44806432723999023,-0.2768996059894562,0.5165584683418274,0.4601968228816986,-0.3254867494106293,0.521161675453186,0.4727286100387573,-0.27608722448349,0.5170835256576538,0.47622770071029663,-0.29047372937202454,0.518005907535553,0.4075848460197449,-0.20796053111553192,0.4799067974090576,0.4714452624320984,-0.2782832384109497,0.5174631476402283,0.4207812547683716,-0.14034214615821838,0.4813377261161804,0.5593655109405518,-0.28349149227142334,0.5301876068115234,0.44767045974731445,-0.12093478441238403,0.5045334100723267,0.6068600416183472,-0.3010374903678894,0.5349670052528381,0.44929254055023193,-0.1278802901506424,0.5079065561294556,0.6238030791282654,-0.32686907052993774,0.5348092317581177,0.45470479130744934,-0.13867326080799103,0.5132953524589539,0.6113463640213013,-0.3310849368572235,0.5314476490020752,0.4567897319793701,-0.1249171644449234,0.5133181810379028,0.6028652787208557,-0.3031105101108551,0.48877063393592834,0.44903993606567383,0.02401328831911087,0.46062755584716797,0.46516942977905273,-0.023986252024769783,0.49801692366600037,0.5307489037513733,0.06789446622133255,0.44784268736839294,0.5298510789871216,0.09810001403093338,0.5066670179367065,0.6010434627532959,0.20298127830028534,0.44675955176353455,0.5918155312538147,0.26795873045921326,0.5035501718521118,0.6101671457290649,0.2203403264284134,0.4415387213230133,0.5999190211296082,0.282770037651062,0.5132672190666199,0.6295562982559204,0.1758267730474472,0.4441620409488678,0.6264840364456177,0.2408633530139923
0090,./images/155/frame_00090.jpg,Normal,0.5222333073616028,0.4769189953804016,-0.30293744802474976,0.5256528854370117,0.4688725471496582,-0.3074025511741638,0.528268039226532,0.46684587001800537,-0.3073994517326355,0.5296419858932495,0.4645741283893585,-0.3074508607387543,0.5217671394348145,0.47210556268692017,-0.3182373642921448,0.5202671885490417,0.4723956286907196,-0.31833869218826294,0.5211434364318848,0.4773007333278656,-0.3184468150138855,0.528669536113739,0.45121878385543823,-0.27932941913604736,0.5150410532951355,0.462812215089798,-0.3270018696784973,0.52137690782547,0.4748358726501465,-0.2854432165622711,0.5166189074516296,0.4776631295681,-0.29967841506004333,0.5278052687644958,0.42227065563201904,-0.20492276549339294,0.4760444164276123,0.46819013357162476,-0.27901920676231384,0.5219329595565796,0.42437082529067993,-0.13979099690914154,0.4721333980560303,0.5600770115852356,-0.2830578088760376,0.5271710157394409,0.4865760803222656,-0.14031769335269928,0.4919014573097229,0.6102417707443237,-0.2972298264503479,0.5287014842033386,0.49343955516815186,-0.14793215692043304,0.4939587712287903,0.6278319358825684,-0.32177790999412537,0.5283709764480591,0.49537336826324463,-0.15606464445590973,0.5013175010681152,0.6161274909973145,-0.3244304955005646,0.5258246660232544,0.49419093132019043,-0.1433524191379547,0.5018565058708191,0.6069802641868591,-0.29873138666152954,0.49428343772888184,0.4556860327720642,0.024375203996896744,0.4608233571052551,0.46740543842315674,-0.024274419993162155,0.5025268793106079,0.5370421409606934,0.07433782517910004,0.44898802042007446,0.5296160578727722,-0.018745891749858856,0.5069395303726196,0.6005805730819702,0.25564831495285034,0.44716277718544006,0.591887354850769,0.13881421089172363,0.5037962794303894,0.6092841029167175,0.27323785424232483,0.44190269708633423,0.5956254601478577,0.1532488763332367,0.508384644985199,0.6306819319725037,0.23341576755046844,0.4441487193107605,0.627545177936554,0.10142787545919418
0091,./images/155/frame_00091.jpg,Normal,0.5240679979324341,0.4807584881782532,-0.3082044720649719,0.5267890095710754,0.471990168094635,-0.3195762634277344,0.5286813378334045,0.4693944752216339,-0.3195357322692871,0.5300305485725403,0.4662676453590393,-0.3195585012435913,0.523000955581665,0.4764096438884735,-0.33242422342300415,0.5214105844497681,0.4767594635486603,-0.33250635862350464,0.5209234952926636,0.47822821140289307,-0.33268654346466064,0.5279759168624878,0.45271772146224976,-0.3044557571411133,0.5160349607467651,0.4672529995441437,-0.35918349027633667,0.5227683782577515,0.4780105948448181,-0.2977650463581085,0.5186073184013367,0.4816398620605469,-0.31424909830093384,0.5263476967811584,0.4201934337615967,-0.22754010558128357,0.4751433730125427,0.4699896574020386,-0.31261178851127625,0.5227593779563904,0.4284081757068634,-0.11291000992059708,0.46609288454055786,0.5688307285308838,-0.3315402865409851,0.528005063533783,0.4607430696487427,-0.048896268010139465,0.4893668591976166,0.623394250869751,-0.36069759726524353,0.5315881967544556,0.4621274173259735,-0.04721773415803909,0.4896036982536316,0.6415863633155823,-0.38957756757736206,0.5310223698616028,0.4695446789264679,-0.05526943877339363,0.4974253177642822,0.6294853687286377,-0.3941379189491272,0.5279543995857239,0.47051870822906494,-0.05075357109308243,0.4987570345401764,0.6208140254020691,-0.36375367641448975,0.49220070242881775,0.4569244384765625,0.024396929889917374,0.45998725295066833,0.4691128134727478,-0.02431751787662506,0.49789518117904663,0.5349457859992981,0.1674409806728363,0.4502919614315033,0.5341445207595825,0.13766060769557953,0.5044173002243042,0.5900459885597229,0.3562089502811432,0.4472821354866028,0.5920758843421936,0.3302871286869049,0.5020074844360352,0.595873236656189,0.3748268485069275,0.4422055780887604,0.5934118628501892,0.348151296377182,0.5085282921791077,0.6179905533790588,0.33245107531547546,0.44449442625045776,0.6292582750320435,0.3009377419948578
0092,./images/155/frame_00092.jpg,Normal,0.5261872410774231,0.4854379892349243,-0.29410722851753235,0.5322684049606323,0.48308998346328735,-0.3030451834201813,0.5300065875053406,0.473344087600708,-0.30302757024765015,0.5312050580978394,0.4702884554862976,-0.3030717968940735,0.5244961977005005,0.480896919965744,-0.31548723578453064,0.5230106115341187,0.4810953736305237,-0.31559446454048157,0.521989107131958,0.4814661741256714,-0.31575143337249756,0.5299221277236938,0.4552803039550781,-0.29283231496810913,0.5173636078834534,0.47186750173568726,-0.3505203127861023,0.5252424478530884,0.481308251619339,-0.2815853953361511,0.5205278396606445,0.4850059151649475,-0.2978345453739166,0.5282886028289795,0.4204722046852112,-0.2182612121105194,0.47812867164611816,0.4685811400413513,-0.3059096932411194,0.5255811214447021,0.43364423513412476,-0.12381450831890106,0.4735364019870758,0.5667276382446289,-0.31764623522758484,0.5282715559005737,0.4800555408000946,-0.09052179753780365,0.49696192145347595,0.6211282014846802,-0.3407619297504425,0.5297306180000305,0.482331246137619,-0.09201155602931976,0.49926137924194336,0.6392959356307983,-0.36353009939193726,0.5295200943946838,0.49029281735420227,-0.10088685899972916,0.504115879535675,0.6254326701164246,-0.364439994096756,0.5272303223609924,0.4907344877719879,-0.09301276504993439,0.5061953663825989,0.6170839667320251,-0.3405486047267914,0.49512967467308044,0.4579010307788849,0.025288846343755722,0.4623683989048004,0.4700925648212433,-0.02514001354575157,0.5062199234962463,0.5304887294769287,0.10939011722803116,0.4504168927669525,0.5363377332687378,0.07144321501255035,0.5234349966049194,0.5819660425186157,0.3319055736064911,0.4487174451351166,0.5923112034797668,0.22989463806152344,0.5220070481300354,0.5891863703727722,0.3736427128314972,0.44539159536361694,0.5937370657920837,0.2451050728559494,0.5373607873916626,0.6079926490783691,0.27279871702194214,0.4446024000644684,0.6289252042770386,0.2019253969192505
0093,./images/155/frame_00093.jpg,Normal,0.5323244333267212,0.49051544070243835,-0.33646878600120544,0.5344209671020508,0.48253658413887024,-0.3453682065010071,0.5344310402870178,0.4776986837387085,-0.34537824988365173,0.5352112054824829,0.474176287651062,-0.3454362154006958,0.5293642282485962,0.4854946434497833,-0.35732561349868774,0.5276800394058228,0.48565787076950073,-0.35739654302597046,0.52565997838974,0.4853993356227875,-0.35745349526405334,0.5319384932518005,0.4574751853942871,-0.3212180733680725,0.5193816423416138,0.47559696435928345,-0.3730536103248596,0.5295575857162476,0.4865230619907379,-0.3182277977466583,0.5249266624450684,0.490575909614563,-0.33354413509368896,0.5382120013237,0.4228992760181427,-0.2541486620903015,0.4836067259311676,0.46783530712127686,-0.3202713131904602,0.5600112676620483,0.46394526958465576,-0.24546238780021667,0.48743659257888794,0.5515391826629639,-0.32393908500671387,0.5865746736526489,0.5152176022529602,-0.3305412232875824,0.5304312109947205,0.5931710004806519,-0.35762637853622437,0.5945817828178406,0.5164827108383179,-0.35924381017684937,0.5397669076919556,0.6081750392913818,-0.3916555643081665,0.594961404800415,0.5180871486663818,-0.3732488751411438,0.5477921962738037,0.5879979133605957,-0.3928582966327667,0.589403510093689,0.5208734273910522,-0.3392883539199829,0.544951319694519,0.5814007520675659,-0.3598265051841736,0.503187894821167,0.46039336919784546,0.022105183452367783,0.47074073553085327,0.4715443551540375,-0.021968411281704903,0.5093227624893188,0.5314487218856812,0.19937637448310852,0.4632081985473633,0.5365749597549438,0.17233484983444214,0.520474374294281,0.5814158916473389,0.4235153794288635,0.45334839820861816,0.5923489928245544,0.3860791027545929,0.5191327929496765,0.5847698450088501,0.4464406967163086,0.45026835799217224,0.5939026474952698,0.40610066056251526,0.5303543210029602,0.6132746934890747,0.3993038237094879,0.4517507553100586,0.6326764225959778,0.3525286316871643
0094,./images/155/frame_00094.jpg,Normal,0.5316005945205688,0.49946004152297974,-0.3288857042789459,0.5339481234550476,0.4921983480453491,-0.3362313508987427,0.5348795056343079,0.4886764585971832,-0.3362356424331665,0.5360434651374817,0.48497313261032104,-0.33629852533340454,0.5290728211402893,0.49574148654937744,-0.3484151363372803,0.5271826982498169,0.4953744113445282,-0.3485105633735657,0.5253357291221619,0.4948468506336212,-0.3486131429672241,0.5335944890975952,0.46725255250930786,-0.3130662441253662,0.5193256139755249,0.4836300015449524,-0.3673654794692993,0.53000807762146,0.4966214597225189,-0.31117454171180725,0.5251811742782593,0.4991804361343384,-0.32679569721221924,0.5359574556350708,0.431854248046875,-0.2438841611146927,0.4816940724849701,0.4726141095161438,-0.3235917091369629,0.548374593257904,0.48207712173461914,-0.2114320993423462,0.48410338163375854,0.5617358684539795,-0.33193689584732056,0.5593425035476685,0.5404066443443298,-0.25515490770339966,0.516759991645813,0.6015626192092896,-0.35755038261413574,0.5552324056625366,0.5514495372772217,-0.2753956615924835,0.5223793983459473,0.6099625825881958,-0.39024579524993896,0.5517293810844421,0.5504496097564697,-0.2830851972103119,0.5300765037536621,0.592370867729187,-0.3913653492927551,0.5503554344177246,0.5477464199066162,-0.26035386323928833,0.5288363099098206,0.5821231603622437,-0.3597904145717621,0.5002912878990173,0.4617222547531128,0.022220665588974953,0.46729594469070435,0.47238457202911377,-0.022085845470428467,0.5137240886688232,0.5325202941894531,0.17245158553123474,0.46129852533340454,0.536950409412384,0.1520446091890335,0.5207427144050598,0.5826807022094727,0.3711525797843933,0.4520922303199768,0.592527449131012,0.34822943806648254,0.5181719660758972,0.586310625076294,0.3914608657360077,0.44929128885269165,0.594110369682312,0.3670441508293152,0.5314679145812988,0.6157371401786804,0.3539990186691284,0.4489498734474182,0.6335585713386536,0.3212990164756775
0095,./images/155/frame_00095.jpg,Normal,0.530314564704895,0.5008556842803955,-0.3272759020328522,0.5329635143280029,0.4943874478340149,-0.33474627137184143,0.5363210439682007,0.49542438983917236,-0.3347509205341339,0.5380123853683472,0.493759423494339,-0.33479100465774536,0.5283046960830688,0.4973617494106293,-0.3470349609851837,0.5266553163528442,0.49686288833618164,-0.3470960557460785,0.5250706076622009,0.4961685538291931,-0.34717532992362976,0.5340350270271301,0.468547523021698,-0.30821526050567627,0.5191341638565063,0.4839826822280884,-0.3616413474082947,0.5290294289588928,0.49598434567451477,-0.31056544184684753,0.5239841341972351,0.4989238381385803,-0.3253715932369232,0.5373281240463257,0.4354179799556732,-0.2395707368850708,0.4823940396308899,0.4713223874568939,-0.31608790159225464,0.5464009046554565,0.4900771379470825,-0.24505408108234406,0.48594704270362854,0.5618012547492981,-0.32813361287117004,0.5473844408988953,0.5535385012626648,-0.3270778954029083,0.5144915580749512,0.6056041121482849,-0.352821409702301,0.5436333417892456,0.568276047706604,-0.35376784205436707,0.5191186666488647,0.6155523657798767,-0.38423338532447815,0.5395573973655701,0.5647253394126892,-0.3594152629375458,0.527036726474762,0.5989145040512085,-0.38513821363449097,0.5377209782600403,0.5604274272918701,-0.33254268765449524,0.5260733366012573,0.5901802778244019,-0.3545650839805603,0.5013220906257629,0.459147572517395,0.021385930478572845,0.4663013815879822,0.46665340662002563,-0.02121521532535553,0.5160311460494995,0.5331406593322754,0.06040500849485397,0.4600485861301422,0.5405610799789429,0.10669372975826263,0.5228008031845093,0.5884951949119568,0.22862784564495087,0.45171061158180237,0.5926521420478821,0.27615776658058167,0.5198127031326294,0.5935419201850891,0.24499981105327606,0.4491726756095886,0.5961688756942749,0.2917712926864624,0.5339794754981995,0.6247512102127075,0.201051265001297,0.44814538955688477,0.6362849473953247,0.2428014576435089
0096,./images/155/frame_00096.jpg,Normal,0.5306388735771179,0.49903327226638794,-0.3229745328426361,0.5330866575241089,0.49169760942459106,-0.3328871428966522,0.538350522518158,0.49612319469451904,-0.3328489065170288,0.5403465032577515,0.49503734707832336,-0.33283692598342896,0.5288561582565308,0.4957723021507263,-0.3454657196998596,0.5272358059883118,0.49553972482681274,-0.34549039602279663,0.5257658958435059,0.4957142770290375,-0.3454737365245819,0.5354549288749695,0.46703559160232544,-0.3119444251060486,0.5203058123588562,0.48622560501098633,-0.3588041067123413,0.5303954482078552,0.4940321147441864,-0.3101804256439209,0.5251409411430359,0.49854961037635803,-0.3211590647697449,0.5369595289230347,0.4328664541244507,-0.2593008875846863,0.4832003116607666,0.47280630469322205,-0.3131311535835266,0.5716277360916138,0.4963199198246002,-0.29094070196151733,0.4845312535762787,0.5616673231124878,-0.33526793122291565,0.6055585741996765,0.5480005145072937,-0.38869398832321167,0.5178114771842957,0.6007826328277588,-0.39472344517707825,0.6161633729934692,0.5551077723503113,-0.420672744512558,0.5243244767189026,0.6132224202156067,-0.42927631735801697,0.6151854991912842,0.555151104927063,-0.43245965242385864,0.5288746356964111,0.595632016658783,-0.43133100867271423,0.6080479621887207,0.5557078719139099,-0.39734187722206116,0.5322265028953552,0.58855140209198,-0.39791831374168396,0.5026860237121582,0.45930159091949463,0.01603955402970314,0.4672904908657074,0.46741464734077454,-0.015797844156622887,0.5200668573379517,0.5340223908424377,0.08844587951898575,0.4594256281852722,0.5445948839187622,0.13751700520515442,0.5360291600227356,0.5901514887809753,0.24568502604961395,0.4515494704246521,0.5954917669296265,0.33826103806495667,0.5346643328666687,0.5971221327781677,0.2604318857192993,0.45010942220687866,0.6022180914878845,0.35659828782081604,0.5501492619514465,0.6244239211082458,0.20961424708366394,0.44811034202575684,0.636872410774231,0.30966174602508545
0097,./images/155/frame_00097.jpg,Normal,0.5311571955680847,0.5068774223327637,-0.2936994433403015,0.5344328880310059,0.49907413125038147,-0.30620428919792175,0.5373488664627075,0.4984985888004303,-0.30620935559272766,0.5390483140945435,0.49686673283576965,-0.30626553297042847,0.5299379825592041,0.5022200345993042,-0.3182511031627655,0.5281623005867004,0.5019019842147827,-0.31834858655929565,0.5264447927474976,0.501725435256958,-0.31844696402549744,0.5349581837654114,0.46545901894569397,-0.30016621947288513,0.5199810862541199,0.48601996898651123,-0.35086727142333984,0.5296968817710876,0.4992704689502716,-0.28157952427864075,0.5245704650878906,0.49879053235054016,-0.2965799868106842,0.5353871583938599,0.4315582811832428,-0.24402908980846405,0.4833962917327881,0.4727970063686371,-0.29993730783462524,0.5574107766151428,0.48619601130485535,-0.18269334733486176,0.4909157156944275,0.5592108368873596,-0.27665382623672485,0.5748439431190491,0.5460900664329529,-0.20223431289196014,0.5260969400405884,0.5909337401390076,-0.28038153052330017,0.5696368217468262,0.5467141270637512,-0.21756231784820557,0.533224880695343,0.6063403487205505,-0.30446454882621765,0.5679104924201965,0.548499345779419,-0.22739896178245544,0.5390883684158325,0.5870457887649536,-0.30998101830482483,0.5670887231826782,0.5543767213821411,-0.20670442283153534,0.5378116369247437,0.5789995193481445,-0.282834529876709,0.501399040222168,0.45991599559783936,0.01662767305970192,0.4675449728965759,0.46878716349601746,-0.016370803117752075,0.5213223695755005,0.5339743494987488,0.12305986881256104,0.46058326959609985,0.5451551079750061,0.1453671008348465,0.5512022972106934,0.5815598964691162,0.2562851011753082,0.4531307816505432,0.5955570936203003,0.3342272937297821,0.5514740943908691,0.588337779045105,0.26816898584365845,0.45931893587112427,0.601298987865448,0.35218799114227295,0.5680278539657593,0.6085909008979797,0.2238629162311554,0.4532572627067566,0.6325374245643616,0.3100627660751343
0098,./images/155/frame_00098.jpg,Normal,0.5311106443405151,0.5014839768409729,-0.3197903037071228,0.5339915156364441,0.4936314523220062,-0.32697802782058716,0.5371097326278687,0.49289169907569885,-0.3269961476325989,0.5386386513710022,0.49249789118766785,-0.32710251212120056,0.5293292999267578,0.496820867061615,-0.33971232175827026,0.5278058648109436,0.49655914306640625,-0.3398164212703705,0.5262520909309387,0.4965653717517853,-0.33991172909736633,0.5341697931289673,0.46366995573043823,-0.30780208110809326,0.519777774810791,0.4843463599681854,-0.36193495988845825,0.5293731689453125,0.4958902895450592,-0.30383628606796265,0.5240858793258667,0.4973289370536804,-0.3200976252555847,0.5344727635383606,0.4341379702091217,-0.24604304134845734,0.48259544372558594,0.4722028374671936,-0.3180522620677948,0.555145800113678,0.49626651406288147,-0.22673363983631134,0.48873382806777954,0.5598163604736328,-0.3243679106235504,0.5665184259414673,0.5577367544174194,-0.281632661819458,0.5214945673942566,0.5947878956794739,-0.352214515209198,0.5653234124183655,0.5660293698310852,-0.3033965826034546,0.5280274748802185,0.6106012463569641,-0.3848669230937958,0.5638295412063599,0.5659313797950745,-0.314832478761673,0.5344687104225159,0.5934341549873352,-0.38692378997802734,0.5614792108535767,0.5650048851966858,-0.28886184096336365,0.5330374836921692,0.5855798125267029,-0.35534337162971497,0.49862441420555115,0.46030935645103455,0.01701141707599163,0.46463528275489807,0.4697350859642029,-0.01676398329436779,0.5121185183525085,0.5341724157333374,0.13561707735061646,0.4560479521751404,0.5451494455337524,0.13414277136325836,0.5317209959030151,0.5818083882331848,0.30314114689826965,0.4501417577266693,0.5973621606826782,0.319713830947876,0.5322165489196777,0.5871351361274719,0.3196968734264374,0.44943398237228394,0.6010892391204834,0.33697089552879333,0.544058084487915,0.6108598709106445,0.2774863839149475,0.44839510321617126,0.6325730085372925,0.29055163264274597
0099,./images/155/frame_00099.jpg,Normal,0.530536413192749,0.4959776699542999,-0.3056325316429138,0.5337079763412476,0.4883361756801605,-0.30901995301246643,0.5361831188201904,0.4858872592449188,-0.3090173602104187,0.5377286076545715,0.4860163927078247,-0.3090825378894806,0.5289661884307861,0.49120479822158813,-0.3202500343322754,0.5276482105255127,0.4882251024246216,-0.3203497529029846,0.5258405208587646,0.48525938391685486,-0.3204278349876404,0.5340873003005981,0.4653010368347168,-0.2783133089542389,0.5190973281860352,0.47025251388549805,-0.3282422423362732,0.5277391672134399,0.49535900354385376,-0.28722426295280457,0.5237483978271484,0.49246418476104736,-0.30214375257492065,0.5302519202232361,0.44016796350479126,-0.21096467971801758,0.4804173409938812,0.46615251898765564,-0.27242985367774963,0.5322878956794739,0.5014857649803162,-0.1780610978603363,0.48802095651626587,0.5548340082168579,-0.24758759140968323,0.5368853807449341,0.5605732202529907,-0.22439178824424744,0.5185285210609436,0.5961856842041016,-0.256703644990921,0.5381933450698853,0.5747014284133911,-0.24179911613464355,0.5235207676887512,0.612599790096283,-0.27873069047927856,0.5376347899436951,0.5721589922904968,-0.25306281447410583,0.5307251214981079,0.5961036086082458,-0.28255534172058105,0.5345298647880554,0.5668743848800659,-0.23000213503837585,0.5288917422294617,0.5885226130485535,-0.25841373205184937,0.49550890922546387,0.46035850048065186,0.01740092784166336,0.4612639844417572,0.46757349371910095,-0.017168940976262093,0.511145293712616,0.5462440252304077,0.006352586206048727,0.4515385031700134,0.5459110736846924,-0.008254657499492168,0.5197062492370605,0.5935801863670349,0.15969040989875793,0.45403867959976196,0.5980046391487122,0.16043134033679962,0.5179469585418701,0.5962576270103455,0.17446058988571167,0.4543842375278473,0.6008599400520325,0.17633524537086487,0.527511715888977,0.6282302141189575,0.1322784125804901,0.4587271809577942,0.6405700445175171,0.13361774384975433
0100,./images/155/frame_00100.jpg,Normal,0.5312687158584595,0.4888914227485657,-0.3570860028266907,0.5343722105026245,0.4776962697505951,-0.3615063726902008,0.5361638069152832,0.47442305088043213,-0.36154869198799133,0.5375800132751465,0.47146284580230713,-0.36166542768478394,0.5299550890922546,0.4825458228588104,-0.37622588872909546,0.5283539295196533,0.48181837797164917,-0.37633010745048523,0.5266493558883667,0.4808003008365631,-0.37640753388404846,0.5340903997421265,0.4531572461128235,-0.32582998275756836,0.519518256187439,0.46891751885414124,-0.38981762528419495,0.5297598242759705,0.4885016083717346,-0.33514878153800964,0.5250381231307983,0.4906247556209564,-0.35398924350738525,0.5312004685401917,0.43490269780158997,-0.2516094148159027,0.4812549650669098,0.46799832582473755,-0.3441644310951233,0.5549682974815369,0.49676212668418884,-0.2442079782485962,0.48782771825790405,0.5561460852622986,-0.3583303987979889,0.576154351234436,0.5599220395088196,-0.3088476061820984,0.5275603532791138,0.594733715057373,-0.39312368631362915,0.5821117162704468,0.5711477994918823,-0.3318953812122345,0.5329385995864868,0.6130824685096741,-0.42849916219711304,0.5810333490371704,0.5708178877830505,-0.34683072566986084,0.541077196598053,0.5948707461357117,-0.43000349402427673,0.5762630105018616,0.5696859359741211,-0.3173164129257202,0.5381486415863037,0.5877705812454224,-0.39544394612312317,0.49769073724746704,0.482870489358902,0.018999820575118065,0.4641586244106293,0.5039006471633911,-0.01882573589682579,0.526541531085968,0.5387289524078369,0.1246943324804306,0.4632071554660797,0.5609229803085327,0.15734542906284332,0.5466069579124451,0.5821549296379089,0.29749637842178345,0.4536193311214447,0.5996276140213013,0.39045172929763794,0.5441582798957825,0.5896355509757996,0.3153681457042694,0.4523027539253235,0.6019243597984314,0.4133870601654053,0.5686194896697998,0.6053217053413391,0.27350759506225586,0.4566418528556824,0.6393852233886719,0.3711060583591461
0101,./images/155/frame_00101.jpg,Normal,0.5308312177658081,0.4824354350566864,-0.38579386472702026,0.5340070128440857,0.4724670946598053,-0.3895825147628784,0.5358607769012451,0.4696795642375946,-0.3896298110485077,0.5375044941902161,0.46755069494247437,-0.38976529240608215,0.5296986103057861,0.4760541319847107,-0.4006592631340027,0.5280190706253052,0.47576531767845154,-0.4007468819618225,0.5261333584785461,0.4745332598686218,-0.4008153975009918,0.5338507294654846,0.4531632363796234,-0.3517616391181946,0.5147337913513184,0.4573350250720978,-0.3997557759284973,0.5295200943946838,0.48132312297821045,-0.36368420720100403,0.5247675180435181,0.4834497272968292,-0.3777715861797333,0.5312729477882385,0.4340630769729614,-0.2831343114376068,0.4756227135658264,0.4646557569503784,-0.34153592586517334,0.5596926212310791,0.4981711208820343,-0.29298898577690125,0.4757165312767029,0.5562929511070251,-0.3561626672744751,0.5987330675125122,0.5607409477233887,-0.37352287769317627,0.5102877020835876,0.5964609384536743,-0.40865248441696167,0.610302209854126,0.5676717758178711,-0.4021034240722656,0.5117608904838562,0.6194522380828857,-0.44438010454177856,0.6108962297439575,0.5696657299995422,-0.4177575707435608,0.5224466323852539,0.6028976440429688,-0.4486234784126282,0.6031821370124817,0.5707317590713501,-0.3831956684589386,0.5213020443916321,0.5967444777488708,-0.41252994537353516,0.4950222074985504,0.4801945090293884,0.014314177446067333,0.45966821908950806,0.4939337372779846,-0.014177513308823109,0.5152736306190491,0.5443058609962463,0.14745065569877625,0.460174560546875,0.5574672818183899,0.18305900692939758,0.5371121168136597,0.5848081707954407,0.34933552145957947,0.45353007316589355,0.5991966724395752,0.4313204288482666,0.5374408960342407,0.5915457010269165,0.3695361614227295,0.45226699113845825,0.6018170714378357,0.4549191892147064,0.5529654026031494,0.6097694635391235,0.31996673345565796,0.4560736119747162,0.6360455751419067,0.4062398076057434
0102,./images/155/frame_00102.jpg,Normal,0.5286233425140381,0.47714999318122864,-0.323346346616745,0.5314558744430542,0.4671957790851593,-0.32815054059028625,0.533197283744812,0.4645462930202484,-0.3281686305999756,0.5340591669082642,0.46145379543304443,-0.3282809853553772,0.5283495783805847,0.471726655960083,-0.34054574370384216,0.5262325406074524,0.47108861804008484,-0.3406386077404022,0.5248605608940125,0.4707231819629669,-0.3407387435436249,0.5297018885612488,0.44558414816856384,-0.30317240953445435,0.514478325843811,0.45724278688430786,-0.35719504952430725,0.5254392623901367,0.4728671908378601,-0.30686789751052856,0.5216299891471863,0.47548532485961914,-0.32300567626953125,0.5202925205230713,0.42127525806427,-0.22914335131645203,0.4714251458644867,0.4647534191608429,-0.3213154077529907,0.5290932059288025,0.4697747230529785,-0.13741907477378845,0.47405919432640076,0.5653162002563477,-0.3167758584022522,0.5478697419166565,0.5169554352760315,-0.12307444959878922,0.5081654787063599,0.5999085307121277,-0.33998140692710876,0.5545239448547363,0.5231501460075378,-0.13033583760261536,0.512337863445282,0.6192337274551392,-0.3717834949493408,0.5560871362686157,0.5278012752532959,-0.14648064970970154,0.5185611248016357,0.6041298508644104,-0.3743649423122406,0.551315188407898,0.5274709463119507,-0.12930764257907867,0.5188803672790527,0.5974485278129578,-0.3422228991985321,0.48559436202049255,0.47917699813842773,0.022078383713960648,0.45292767882347107,0.4899085462093353,-0.022000009194016457,0.5006548166275024,0.5552757978439331,0.11409568786621094,0.45542770624160767,0.5613060593605042,0.10116175562143326,0.5019626617431641,0.5932468771934509,0.31992655992507935,0.4500727653503418,0.5961878299713135,0.32903504371643066,0.4998663365840912,0.593737006187439,0.34133487939834595,0.44310611486434937,0.5972973108291626,0.35357850790023804,0.5075960159301758,0.6257824301719666,0.30687692761421204,0.4495657980442047,0.6333099603652954,0.3452214002609253
0103,./images/155/frame_00103.jpg,Normal,0.5272146463394165,0.4737810790538788,-0.3274585008621216,0.5309361815452576,0.46405819058418274,-0.3295005261898041,0.5322094559669495,0.4616072475910187,-0.32953163981437683,0.533632218837738,0.45963147282600403,-0.3296791911125183,0.5273017287254333,0.4661450982093811,-0.3433902859687805,0.5245712399482727,0.4648963510990143,-0.3434845805168152,0.523220956325531,0.4644293189048767,-0.3435750901699066,0.5315312147140503,0.4445071220397949,-0.30025166273117065,0.5135922431945801,0.4497968554496765,-0.3398091793060303,0.5249956846237183,0.47216126322746277,-0.30842822790145874,0.5189615488052368,0.4713987112045288,-0.32342737913131714,0.5230355262756348,0.4225623607635498,-0.22721794247627258,0.4714963436126709,0.44470924139022827,-0.285972535610199,0.5281771421432495,0.49835455417633057,-0.1854925900697708,0.47199949622154236,0.5562392473220825,-0.2746751010417938,0.5436948537826538,0.5766631364822388,-0.21961632370948792,0.508601188659668,0.599892258644104,-0.30025821924209595,0.5503458380699158,0.5922254920005798,-0.23749463260173798,0.5141396522521973,0.617249608039856,-0.3290400803089142,0.5499964952468872,0.5939054489135742,-0.25065189599990845,0.5230050683021545,0.6062145829200745,-0.3301977217197418,0.5444456934928894,0.5883883833885193,-0.22643940150737762,0.5210751891136169,0.5988677740097046,-0.3016611337661743,0.48710909485816956,0.47769054770469666,0.01985059678554535,0.45391783118247986,0.4808013141155243,-0.01984349638223648,0.5008211135864258,0.5554218888282776,0.11465396732091904,0.4581809937953949,0.5605286359786987,0.1098480224609375,0.5010676980018616,0.5975635051727295,0.309172123670578,0.4484446048736572,0.5936442613601685,0.3267143666744232,0.4981076717376709,0.5959716439247131,0.3288913369178772,0.44376248121261597,0.5917953848838806,0.35034874081611633,0.5076117515563965,0.6419214606285095,0.2931831479072571,0.44825878739356995,0.6365346908569336,0.31873491406440735
0104,./images/155/frame_00104.jpg,Normal,0.5270556807518005,0.4723140299320221,-0.33517247438430786,0.5297917127609253,0.46153801679611206,-0.3368770480155945,0.5309712886810303,0.4575062692165375,-0.33693817257881165,0.532147228717804,0.45432624220848083,-0.337063729763031,0.5258479118347168,0.4644000232219696,-0.34869569540023804,0.5231717824935913,0.46359989047050476,-0.34878653287887573,0.5217393636703491,0.4634261727333069,-0.3488549590110779,0.5293978452682495,0.4379367530345917,-0.30291682481765747,0.5125993490219116,0.451923668384552,-0.3481646180152893,0.5250040292739868,0.4710993468761444,-0.31368452310562134,0.5191689133644104,0.47247031331062317,-0.3276679813861847,0.5242318511009216,0.4210166037082672,-0.2314877212047577,0.46956610679626465,0.4451897442340851,-0.2972479462623596,0.5385755300521851,0.49591970443725586,-0.19457583129405975,0.47361859679222107,0.5493496656417847,-0.2949233949184418,0.5611592531204224,0.5640866756439209,-0.2362246811389923,0.5029992461204529,0.6159444451332092,-0.322890043258667,0.568523108959198,0.5760088562965393,-0.25574854016304016,0.5065469741821289,0.6288923621177673,-0.3509024679660797,0.5679106712341309,0.577299177646637,-0.2680317461490631,0.5182498693466187,0.61913001537323,-0.3528839945793152,0.5621873736381531,0.5746535658836365,-0.24351057410240173,0.5156052112579346,0.6057500839233398,-0.3249094486236572,0.4886557459831238,0.48395565152168274,0.018713222816586494,0.45507389307022095,0.4989035427570343,-0.01870536431670189,0.502872109413147,0.5526596903800964,0.16697794198989868,0.4583088457584381,0.5586322546005249,0.16679419577121735,0.509312093257904,0.5921306014060974,0.3573012053966522,0.4484616816043854,0.5926056504249573,0.3808897137641907,0.5066399574279785,0.59156334400177,0.37717223167419434,0.4419683814048767,0.5923155546188354,0.4023231863975525,0.5225840210914612,0.6318070888519287,0.34369948506355286,0.4463575482368469,0.6282479166984558,0.36463454365730286
0105,./images/155/frame_00105.jpg,Normal,0.5262882709503174,0.4583754241466522,-0.32464444637298584,0.5285850763320923,0.4458468556404114,-0.3277505934238434,0.5293926000595093,0.44225019216537476,-0.32779839634895325,0.5301046371459961,0.43901804089546204,-0.3279116749763489,0.5250676870346069,0.4514981508255005,-0.34324467182159424,0.5227588415145874,0.4515504240989685,-0.34333473443984985,0.5213003158569336,0.45193904638290405,-0.34342360496520996,0.5258076190948486,0.42660632729530334,-0.29698094725608826,0.512482762336731,0.443855881690979,-0.3602912127971649,0.5231659412384033,0.45552676916122437,-0.3054133951663971,0.5191203355789185,0.45990264415740967,-0.3251694440841675,0.511634886264801,0.40556198358535767,-0.22444817423820496,0.46929484605789185,0.45075830817222595,-0.32518166303634644,0.5280649065971375,0.4752523601055145,-0.13040778040885925,0.4775514602661133,0.5472788214683533,-0.3212948441505432,0.5525177717208862,0.5270781517028809,-0.12130385637283325,0.515658974647522,0.6061736941337585,-0.3459485173225403,0.5597522258758545,0.531586766242981,-0.13276609778404236,0.5214658975601196,0.6189043521881104,-0.3832789957523346,0.561651885509491,0.535618782043457,-0.15203358232975006,0.5284408926963806,0.6078482866287231,-0.38427790999412537,0.5569679141044617,0.5367533564567566,-0.12944713234901428,0.5263985395431519,0.5950321555137634,-0.348213255405426,0.4807986319065094,0.4853399991989136,0.02642633393406868,0.4522274434566498,0.5075127482414246,-0.026386383920907974,0.4995175898075104,0.5515533089637756,0.18667152523994446,0.46144288778305054,0.5690504312515259,0.14927342534065247,0.5004463791847229,0.5922212600708008,0.424175500869751,0.44782954454421997,0.5932726860046387,0.3808503746986389,0.4971383512020111,0.5918276906013489,0.44906020164489746,0.4404027462005615,0.593944251537323,0.40435710549354553,0.5105987787246704,0.6304988265037537,0.4191683828830719,0.447394996881485,0.6284306645393372,0.36892056465148926
0106,./images/155/frame_00106.jpg,Normal,0.5256739854812622,0.44870075583457947,-0.345597505569458,0.5273593664169312,0.43660762906074524,-0.3464013934135437,0.5276419520378113,0.43730247020721436,-0.3464641571044922,0.5288747549057007,0.43583300709724426,-0.3465774655342102,0.5226582288742065,0.4411459267139435,-0.35845673084259033,0.519259512424469,0.43983596563339233,-0.35854554176330566,0.517483115196228,0.44308650493621826,-0.358623206615448,0.5244399309158325,0.4241054952144623,-0.30095335841178894,0.5089105367660522,0.43424323201179504,-0.36009231209754944,0.5204260349273682,0.45059335231781006,-0.322726845741272,0.516549825668335,0.45098865032196045,-0.33837348222732544,0.513914942741394,0.4099551737308502,-0.22874028980731964,0.4690026342868805,0.45169004797935486,-0.31573429703712463,0.530691385269165,0.4769091308116913,-0.15990248322486877,0.4788883328437805,0.5441955924034119,-0.2949073910713196,0.5533139705657959,0.538290798664093,-0.171720489859581,0.5253299474716187,0.5947414636611938,-0.3193534314632416,0.5601556897163391,0.5425181984901428,-0.18814675509929657,0.5305548906326294,0.6104216575622559,-0.3540608882904053,0.5631283521652222,0.548069417476654,-0.20638760924339294,0.5421334505081177,0.591949999332428,-0.3557104468345642,0.5583029985427856,0.5497056245803833,-0.17979367077350616,0.5356349945068359,0.5831616520881653,-0.3214777708053589,0.48099613189697266,0.48919886350631714,0.025002334266901016,0.45145511627197266,0.5078529715538025,-0.025072922930121422,0.4972095489501953,0.5542746186256409,0.17761152982711792,0.46112552285194397,0.567338228225708,0.15949305891990662,0.49812212586402893,0.5939274430274963,0.3979610800743103,0.4480035901069641,0.5929704308509827,0.387846976518631,0.49579674005508423,0.5924088358879089,0.42101597785949707,0.4410577416419983,0.5899496078491211,0.4109453558921814,0.5035359859466553,0.6318703889846802,0.386519193649292,0.44744673371315,0.6288120746612549,0.3755219876766205
0107,./images/155/frame_00107.jpg,Normal,0.523768424987793,0.4456280469894409,-0.3299160897731781,0.5236128568649292,0.43887820839881897,-0.33313682675361633,0.5253202319145203,0.4301547706127167,-0.3332061767578125,0.5262264609336853,0.4258688986301422,-0.3333218991756439,0.5199764370918274,0.4435170590877533,-0.3485126197338104,0.5177277326583862,0.4436112344264984,-0.3485918343067169,0.5159791707992554,0.44478145241737366,-0.3486892580986023,0.5187000036239624,0.42197439074516296,-0.30040308833122253,0.5062061548233032,0.4334900379180908,-0.36468738317489624,0.5198885798454285,0.4453901946544647,-0.3108285069465637,0.5151830911636353,0.44862616062164307,-0.33118492364883423,0.5095000267028809,0.4032529294490814,-0.22922010719776154,0.4683414399623871,0.45615628361701965,-0.32591956853866577,0.5324910879135132,0.4654591381549835,-0.14860346913337708,0.48048511147499084,0.5456088781356812,-0.3216543197631836,0.5507532358169556,0.529649019241333,-0.15460552275180817,0.521700382232666,0.5961130261421204,-0.3509601652622223,0.5572811961174011,0.5354020595550537,-0.17023290693759918,0.5268096327781677,0.6108452677726746,-0.39055582880973816,0.5532662868499756,0.5394249558448792,-0.19105090200901031,0.5386146306991577,0.596750795841217,-0.3928462266921997,0.5518542528152466,0.5392497777938843,-0.1634122133255005,0.5331940650939941,0.5867255926132202,-0.35390669107437134,0.4799572825431824,0.48942071199417114,0.025181863456964493,0.4507617950439453,0.5122413635253906,-0.02514885738492012,0.49514198303222656,0.5552316308021545,0.18076978623867035,0.4587259292602539,0.5691129565238953,0.16174094378948212,0.49594682455062866,0.6013248562812805,0.4145798683166504,0.4459189772605896,0.5961417555809021,0.40904369950294495,0.4934318959712982,0.6028300523757935,0.43880486488342285,0.4361841082572937,0.5996631979942322,0.4333692491054535,0.501806914806366,0.6327102184295654,0.4014495015144348,0.44502097368240356,0.6290232539176941,0.39140844345092773
0108,./images/155/frame_00108.jpg,Normal,0.5237414240837097,0.4521225094795227,-0.32256099581718445,0.5240988731384277,0.4415576457977295,-0.3260367512702942,0.5254000425338745,0.4368298351764679,-0.32609081268310547,0.526380717754364,0.43245527148246765,-0.3261962831020355,0.5200240015983582,0.44634881615638733,-0.34058529138565063,0.51805579662323,0.44656693935394287,-0.34066781401634216,0.5162758827209473,0.44712430238723755,-0.3407675623893738,0.519011914730072,0.425123006105423,-0.2929224967956543,0.5062022805213928,0.4376947581768036,-0.35756081342697144,0.5204553604125977,0.45100730657577515,-0.3029223382472992,0.5155001878738403,0.45461031794548035,-0.32219719886779785,0.5116278529167175,0.4058084189891815,-0.22034351527690887,0.4678547978401184,0.4642128050327301,-0.321216881275177,0.5323561429977417,0.46200111508369446,-0.13502536714076996,0.4804268479347229,0.5466504096984863,-0.3182030916213989,0.5449554324150085,0.5055514574050903,-0.12994202971458435,0.5209050178527832,0.5968073010444641,-0.34659484028816223,0.5423783659934998,0.5031861662864685,-0.14368493854999542,0.525236189365387,0.6121826171875,-0.38337239623069763,0.5433487296104431,0.5078332424163818,-0.1603763997554779,0.5365380644798279,0.6034273505210876,-0.385323703289032,0.545333206653595,0.5142527222633362,-0.13677121698856354,0.530256450176239,0.5932421088218689,-0.34927526116371155,0.4796906113624573,0.4967552125453949,0.02654838003218174,0.45061349868774414,0.522429883480072,-0.02647649310529232,0.49744248390197754,0.5574026703834534,0.18035702407360077,0.45945486426353455,0.5821901559829712,0.14146621525287628,0.4994812607765198,0.6000556349754333,0.42376241087913513,0.43909773230552673,0.5955973863601685,0.3830290138721466,0.4968870282173157,0.600847601890564,0.4499901831150055,0.43366390466690063,0.5921950936317444,0.40780916810035706,0.507689893245697,0.6263402104377747,0.42754697799682617,0.4403945505619049,0.6285825371742249,0.37891703844070435
0109,./images/155/frame_00109.jpg,Normal,0.5238813757896423,0.44957491755485535,-0.3402498960494995,0.5245329141616821,0.43566516041755676,-0.34248456358909607,0.525976300239563,0.4319152534008026,-0.3425580561161041,0.527073860168457,0.4285407066345215,-0.34266453981399536,0.5205520391464233,0.4421679973602295,-0.35779857635498047,0.5185638070106506,0.442902535200119,-0.35787609219551086,0.5168103575706482,0.4435780346393585,-0.35795286297798157,0.5207695364952087,0.4171391725540161,-0.3036819398403168,0.5063769817352295,0.43651172518730164,-0.3717462718486786,0.5223664045333862,0.4491810202598572,-0.3188905119895935,0.5162575244903564,0.45331665873527527,-0.338821679353714,0.5133847594261169,0.40410223603248596,-0.23194845020771027,0.46793994307518005,0.46409839391708374,-0.330034077167511,0.5390576124191284,0.4667072296142578,-0.16186249256134033,0.478915274143219,0.546471118927002,-0.32727089524269104,0.5457997918128967,0.5107914209365845,-0.20094910264015198,0.5140342116355896,0.5973960161209106,-0.35905221104621887,0.5652037858963013,0.5193548202514648,-0.2245221883058548,0.5207114815711975,0.6118384003639221,-0.3980660140514374,0.5640835165977478,0.5245824456214905,-0.24590227007865906,0.5265970826148987,0.5999756455421448,-0.40336543321609497,0.5459367036819458,0.5263465642929077,-0.21129095554351807,0.52634197473526,0.5924733281135559,-0.36330848932266235,0.481205552816391,0.49769631028175354,0.025704482570290565,0.4513185918331146,0.5216277837753296,-0.02563619241118431,0.5041028261184692,0.5553901195526123,0.2049015760421753,0.4606362283229828,0.5758799314498901,0.16509059071540833,0.5034331679344177,0.5906859040260315,0.43623605370521545,0.44009748101234436,0.5949066281318665,0.405230849981308,0.49978533387184143,0.5916414260864258,0.46065568923950195,0.4359767436981201,0.5896652340888977,0.42950382828712463,0.5138410925865173,0.618736982345581,0.4307843744754791,0.4413074851036072,0.6278021335601807,0.3939182162284851
0112,./images/155/frame_00112.jpg,Normal,0.520919680595398,0.4284922182559967,0.004970922134816647,0.519289493560791,0.4175453186035156,-0.008760077878832817,0.5193910002708435,0.41677170991897583,-0.008808447048068047,0.521160364151001,0.4232438802719116,-0.008850660175085068,0.5214363932609558,0.42129915952682495,0.0016993347089737654,0.5218037962913513,0.41994649171829224,0.0016505267703905702,0.5221900939941406,0.4185675382614136,0.0015209969133138657,0.5196933150291443,0.4166770875453949,-0.0414387546479702,0.518532395362854,0.41526225209236145,0.006523970514535904,0.5269438624382019,0.43662208318710327,-0.0032636418472975492,0.525851309299469,0.43656668066978455,0.010493144392967224,0.5576331615447998,0.4391495883464813,-0.07034550607204437,0.5568096041679382,0.4282933473587036,0.03369954973459244,0.5749468207359314,0.4781820476055145,-0.08995231986045837,0.5528981685638428,0.46198907494544983,-0.011284437030553818,0.5740201473236084,0.5005717873573303,-0.09704151004552841,0.5310447216033936,0.4584835171699524,-0.09700733423233032,0.5767706632614136,0.5047037601470947,-0.10793526470661163,0.5274333953857422,0.45633774995803833,-0.10201013088226318,0.5733896493911743,0.5014094710350037,-0.10654978454113007,0.522828996181488,0.45835065841674805,-0.11226318031549454,0.5731135010719299,0.49837300181388855,-0.09572530537843704,0.524090051651001,0.4607526957988739,-0.10393936932086945,0.660865843296051,0.5407729148864746,-0.022060558199882507,0.6596102118492126,0.5376330614089966,0.021716270595788956,0.7169665098190308,0.5119049549102783,0.0005569980130530894,0.700925886631012,0.48858287930488586,0.061132241040468216,0.6870114207267761,0.537797749042511,0.10863681137561798,0.6896333694458008,0.5327110290527344,0.15203621983528137,0.6795678734779358,0.5399119257926941,0.1220615953207016,0.685044527053833,0.5386906862258911,0.16536957025527954,0.6811489462852478,0.5502927899360657,0.16359113156795502,0.6913861632347107,0.5538992285728455,0.22386936843395233
0118,./images/155/frame_00118.jpg,Normal,0.5304444432258606,0.4368821382522583,-0.3282056748867035,0.5298377275466919,0.42436933517456055,-0.3347989320755005,0.5302571654319763,0.42181289196014404,-0.3347712457180023,0.5302838683128357,0.4193243384361267,-0.33482688665390015,0.5283812284469604,0.4273379147052765,-0.35009974241256714,0.5274147987365723,0.4269856810569763,-0.35015928745269775,0.5260957479476929,0.4269653856754303,-0.3502250015735626,0.522839367389679,0.41363537311553955,-0.3021566569805145,0.5177375674247742,0.42413330078125,-0.3715684711933136,0.5285699367523193,0.44158023595809937,-0.30728551745414734,0.5257465243339539,0.44515079259872437,-0.32789742946624756,0.5124738216400146,0.40442073345184326,-0.2159637212753296,0.49213486909866333,0.47498244047164917,-0.3227519094944,0.5382846593856812,0.4466295540332794,-0.10139031708240509,0.5200905203819275,0.5482152104377747,-0.2946455180644989,0.5553439259529114,0.4720141589641571,-0.05194718763232231,0.5541126728057861,0.5610917806625366,-0.26499536633491516,0.5596038103103638,0.47867581248283386,-0.049667488783597946,0.5631614327430725,0.5694114565849304,-0.28200390934944153,0.5612431168556213,0.47776293754577637,-0.063604436814785,0.5625663995742798,0.5604920983314514,-0.2870224714279175,0.559037983417511,0.47759243845939636,-0.05615631490945816,0.5595611333847046,0.5547558069229126,-0.2660147547721863,0.5433107614517212,0.5282536745071411,0.02867201343178749,0.5308399796485901,0.5744131207466125,-0.02872398868203163,0.598048746585846,0.5625972747802734,0.17348234355449677,0.573425829410553,0.6088011264801025,0.1353025883436203,0.6349130272865295,0.5920367240905762,0.3454926908016205,0.6022382974624634,0.6486602425575256,0.3281508982181549,0.6364108324050903,0.6011426448822021,0.361299991607666,0.6037970781326294,0.6571325659751892,0.3469323217868805,0.6569755673408508,0.5931736826896667,0.3200407922267914,0.6201928853988647,0.6565826535224915,0.3098292946815491
0119,./images/155/frame_00119.jpg,Normal,0.5307716131210327,0.4193933606147766,-0.23008446395397186,0.5292679071426392,0.4132026731967926,-0.2361880987882614,0.5287870764732361,0.4116242229938507,-0.23615436255931854,0.5280521512031555,0.4098806083202362,-0.23616568744182587,0.5285683870315552,0.4178982675075531,-0.24919243156909943,0.5279648303985596,0.41909486055374146,-0.24925582110881805,0.5273594260215759,0.4201238751411438,-0.24933688342571259,0.5202269554138184,0.41080838441848755,-0.22380197048187256,0.5208693742752075,0.42350298166275024,-0.2828400135040283,0.5286036729812622,0.42205682396888733,-0.2187512218952179,0.5277021527290344,0.4289717376232147,-0.23634424805641174,0.5090607404708862,0.40802836418151855,-0.16631090641021729,0.5141567587852478,0.4756537675857544,-0.25494444370269775,0.5035959482192993,0.39384573698043823,-0.07498641312122345,0.5284757018089294,0.5450599789619446,-0.2529839277267456,0.5035898089408875,0.3615817129611969,-0.023701593279838562,0.5520579814910889,0.5602784156799316,-0.24375072121620178,0.500813364982605,0.3507387042045593,-0.02193399891257286,0.5582998991012573,0.5684261918067932,-0.2579728662967682,0.4929182529449463,0.35332179069519043,-0.03161114454269409,0.5561609268188477,0.5605815649032593,-0.26418185234069824,0.5042967200279236,0.3592432737350464,-0.027070680633187294,0.5544086694717407,0.5547774434089661,-0.2453354150056839,0.5421915054321289,0.5244253277778625,0.033354081213474274,0.5388826131820679,0.5548081398010254,-0.033426858484745026,0.5930353403091431,0.5605544447898865,0.10907558351755142,0.58710116147995,0.5761557817459106,0.04707798361778259,0.6317523717880249,0.598524272441864,0.2274538278579712,0.6230129599571228,0.6206393837928772,0.16716240346431732,0.6345430016517639,0.6108335256576538,0.23784887790679932,0.6259464025497437,0.6314140558242798,0.1787128746509552,0.6514038443565369,0.5945550203323364,0.20682325959205627,0.6419533491134644,0.6196223497390747,0.15085150301456451
0120,./images/155/frame_00120.jpg,Normal,0.5321162939071655,0.42133790254592896,-0.21857237815856934,0.5297657251358032,0.41367682814598083,-0.22441451251506805,0.5290933847427368,0.4117280840873718,-0.22437986731529236,0.5282227396965027,0.40970101952552795,-0.22440333664417267,0.5293526649475098,0.41894420981407166,-0.23805972933769226,0.5285176038742065,0.42004746198654175,-0.23812925815582275,0.5278968811035156,0.42082545161247253,-0.23819968104362488,0.5204180479049683,0.4093497097492218,-0.2071269303560257,0.5214536786079407,0.4237411618232727,-0.26855847239494324,0.5299802422523499,0.4232897460460663,-0.20495644211769104,0.5292736291885376,0.42986539006233215,-0.22336137294769287,0.5093873739242554,0.40273985266685486,-0.14485812187194824,0.5067740082740784,0.4722535312175751,-0.2355443686246872,0.5143464803695679,0.4075801968574524,-0.05217525362968445,0.5188937187194824,0.5386834144592285,-0.2262466698884964,0.518018901348114,0.4091186225414276,0.008003142662346363,0.5403460264205933,0.5489310622215271,-0.19705763459205627,0.5181020498275757,0.40949904918670654,0.016720019280910492,0.5469263792037964,0.5555809736251831,-0.20376591384410858,0.5169479250907898,0.4109511971473694,0.01006401889026165,0.5452272295951843,0.548349142074585,-0.2075032740831375,0.5183813571929932,0.4129162132740021,0.0072660548612475395,0.543225884437561,0.5431630611419678,-0.19663192331790924,0.5415880680084229,0.51034015417099,0.03375573083758354,0.5377610921859741,0.5482931137084961,-0.033789582550525665,0.5972664952278137,0.5461333394050598,0.040296126157045364,0.5893637537956238,0.5723991990089417,0.004010496661067009,0.6432178616523743,0.5980568528175354,0.09985432028770447,0.6386131644248962,0.6096115112304688,0.06379186362028122,0.6473442316055298,0.610718309879303,0.10358065366744995,0.6444224119186401,0.6229322552680969,0.06853795051574707,0.6636698842048645,0.5874878168106079,0.06491421163082123,0.6585749387741089,0.5949994325637817,0.034808896481990814
0121,./images/155/frame_00121.jpg,Normal,0.531715989112854,0.44024306535720825,-0.30771249532699585,0.5298277139663696,0.4292045533657074,-0.31630080938339233,0.52967369556427,0.42626312375068665,-0.31625938415527344,0.5293399691581726,0.42407166957855225,-0.31628745794296265,0.5291275978088379,0.4316250681877136,-0.32716748118400574,0.5278042554855347,0.43242427706718445,-0.32732534408569336,0.5268654227256775,0.43214377760887146,-0.32744118571281433,0.5225898027420044,0.41480788588523865,-0.2953839898109436,0.5195627212524414,0.42774417996406555,-0.34497517347335815,0.5297853350639343,0.4413641691207886,-0.2924808859825134,0.5264149904251099,0.4471571743488312,-0.3074670433998108,0.5127020478248596,0.40274497866630554,-0.22632858157157898,0.4822024405002594,0.4724011719226837,-0.27336132526397705,0.5190375447273254,0.45127367973327637,-0.13806092739105225,0.4981960356235504,0.5397300124168396,-0.24847730994224548,0.5213648080825806,0.5062867403030396,-0.09686583280563354,0.5284247398376465,0.5535867214202881,-0.22087886929512024,0.53345787525177,0.523016095161438,-0.0980280339717865,0.5360485315322876,0.5642076134681702,-0.212112158536911,0.5310692191123962,0.5228904485702515,-0.10674096643924713,0.5370165109634399,0.554805338382721,-0.23777341842651367,0.5256630182266235,0.5170326828956604,-0.09875430911779404,0.5340460538864136,0.5480784773826599,-0.22733131051063538,0.5235010385513306,0.4898253083229065,0.015339012257754803,0.49639278650283813,0.534186065196991,-0.015352392569184303,0.5964224338531494,0.5280294418334961,0.041674043983221054,0.49802860617637634,0.5812097191810608,0.03727514669299126,0.6505550742149353,0.5671060085296631,0.1280001550912857,0.4792144298553467,0.622595489025116,0.1848207265138626,0.6524369120597839,0.5799469947814941,0.1343371421098709,0.4788699746131897,0.6291818022727966,0.2042127400636673,0.6800351738929749,0.5728996396064758,0.07618766278028488,0.4715461730957031,0.6591349840164185,0.09296382963657379
0122,./images/155/frame_00122.jpg,Normal,0.5337754487991333,0.43968823552131653,-0.25108224153518677,0.5316545367240906,0.4279632568359375,-0.25359928607940674,0.5313277244567871,0.42451369762420654,-0.253570556640625,0.5310150980949402,0.42132216691970825,-0.25360003113746643,0.5301592946052551,0.43097585439682007,-0.2644084393978119,0.528753399848938,0.4316675066947937,-0.26447924971580505,0.5274666547775269,0.43160730600357056,-0.2645423710346222,0.522810161113739,0.4140016436576843,-0.22546395659446716,0.5195382833480835,0.43084144592285156,-0.27376073598861694,0.5319046974182129,0.43889889121055603,-0.23481795191764832,0.5284591913223267,0.4466864764690399,-0.24918504059314728,0.511557936668396,0.4031974673271179,-0.15789130330085754,0.4882870614528656,0.48194262385368347,-0.23445935547351837,0.5159458518028259,0.42337942123413086,-0.07163288444280624,0.5028871297836304,0.543488621711731,-0.2176346331834793,0.5209330916404724,0.425165057182312,-0.021568352356553078,0.5351384878158569,0.5422719717025757,-0.18666653335094452,0.5240383148193359,0.4250085651874542,-0.016748029738664627,0.542534351348877,0.5458417534828186,-0.1933450996875763,0.5238620638847351,0.4288017153739929,-0.021188756451010704,0.542002260684967,0.5340191721916199,-0.19749130308628082,0.5223473906517029,0.4314948618412018,-0.02202136628329754,0.5393569469451904,0.530331552028656,-0.1863229125738144,0.5291475653648376,0.49981871247291565,0.016634024679660797,0.4984624981880188,0.5436343550682068,-0.016617851331830025,0.5924814939498901,0.5365174412727356,0.0331682451069355,0.5582016706466675,0.585736870765686,0.017126264050602913,0.6438808441162109,0.5730867385864258,0.0932890847325325,0.6006684899330139,0.6274870038032532,0.09441827237606049,0.649612545967102,0.5879590511322021,0.09723064303398132,0.6032892465591431,0.6347533464431763,0.10142280906438828,0.6660571694374084,0.5754072666168213,0.05616539716720581,0.6236666440963745,0.6404495239257812,0.06438936293125153
0123,./images/155/frame_00123.jpg,Normal,0.5320500731468201,0.4257664680480957,-0.2389031946659088,0.5315985083580017,0.4185858964920044,-0.24350330233573914,0.5314215421676636,0.4167306125164032,-0.24347195029258728,0.5313390493392944,0.4149564206600189,-0.24350254237651825,0.530075192451477,0.42209041118621826,-0.25421103835105896,0.5285707712173462,0.4231092631816864,-0.2542762756347656,0.5272030234336853,0.42390012741088867,-0.2543468773365021,0.5236328840255737,0.4092825949192047,-0.22249503433704376,0.5173165798187256,0.42434772849082947,-0.27141666412353516,0.5271998047828674,0.4275771379470825,-0.22491350769996643,0.5242562890052795,0.43080949783325195,-0.2395772486925125,0.5104438066482544,0.40705016255378723,-0.16114076972007751,0.4884437620639801,0.4672374427318573,-0.21929362416267395,0.5198084115982056,0.4353792369365692,-0.0776248499751091,0.5006529688835144,0.5277817249298096,-0.1788078099489212,0.5245670676231384,0.44888442754745483,-0.028014177456498146,0.5266890525817871,0.5293160080909729,-0.13791699707508087,0.5336191058158875,0.45288726687431335,-0.020574083551764488,0.5346771478652954,0.5350439548492432,-0.1396927833557129,0.5342601537704468,0.45597851276397705,-0.03282197192311287,0.5350894331932068,0.5257318615913391,-0.1500358134508133,0.5259183049201965,0.4567699134349823,-0.03184672072529793,0.5325409770011902,0.520860493183136,-0.13921469449996948,0.5293833613395691,0.502554178237915,0.011885054409503937,0.5111879110336304,0.5395885705947876,-0.011804107576608658,0.590191125869751,0.5394034385681152,-0.003230200381949544,0.568306565284729,0.5756381750106812,0.004390542395412922,0.6429547667503357,0.5775070786476135,0.04657292366027832,0.6229913830757141,0.6124441623687744,0.08425068855285645,0.647345244884491,0.5895074009895325,0.04827515035867691,0.6296973824501038,0.6176906228065491,0.09082594513893127,0.6604061126708984,0.5849793553352356,-0.012020391412079334,0.6413365602493286,0.6221027970314026,0.04484763741493225
0124,./images/155/frame_00124.jpg,Normal,0.5339826941490173,0.441267192363739,-0.22046402096748352,0.5337583422660828,0.42881783843040466,-0.22372034192085266,0.5338214635848999,0.4265809655189514,-0.22369086742401123,0.5340149998664856,0.4241490364074707,-0.22371181845664978,0.5315561294555664,0.43264952301979065,-0.23294556140899658,0.5300837755203247,0.43294423818588257,-0.23301580548286438,0.5285270810127258,0.43312546610832214,-0.2330925166606903,0.5271965861320496,0.4196418225765228,-0.200910285115242,0.518879234790802,0.4333007037639618,-0.243398517370224,0.5321038961410522,0.443020761013031,-0.20681481063365936,0.5278840065002441,0.44745856523513794,-0.2196071445941925,0.5151379704475403,0.40974724292755127,-0.15181151032447815,0.48923516273498535,0.4807690382003784,-0.19693712890148163,0.5131070017814636,0.4099375009536743,-0.08155890554189682,0.5034836530685425,0.5425077080726624,-0.2037026435136795,0.5043649673461914,0.38096898794174194,-0.033764056861400604,0.5293165445327759,0.5362805128097534,-0.19229397177696228,0.5036535859107971,0.37412330508232117,-0.030645843595266342,0.5370293855667114,0.5425116419792175,-0.2019769847393036,0.5027744174003601,0.37702813744544983,-0.03614432364702225,0.5380991101264954,0.531769871711731,-0.2097756415605545,0.5017221570014954,0.380807489156723,-0.034631844609975815,0.5352932214736938,0.5265159606933594,-0.1937400996685028,0.5267296433448792,0.4952758848667145,0.014568949118256569,0.5021127462387085,0.5355088710784912,-0.014540220610797405,0.588247537612915,0.5317617058753967,-0.004120686091482639,0.5166686773300171,0.5770817399024963,-0.014340721070766449,0.6421837210655212,0.5736256837844849,0.041732724756002426,0.4986361563205719,0.63634192943573,0.09043873846530914,0.6460890769958496,0.5861043930053711,0.043788764625787735,0.49590882658958435,0.6409444212913513,0.10102938115596771,0.6613313555717468,0.5841748714447021,-0.010272319428622723,0.4979281425476074,0.669729471206665,0.07003344595432281
0125,./images/155/frame_00125.jpg,Normal,0.5364123582839966,0.4318891167640686,-0.19897495210170746,0.5348564386367798,0.42616593837738037,-0.20397257804870605,0.5346036553382874,0.42518797516822815,-0.20395627617835999,0.5344319939613342,0.4240042269229889,-0.20399689674377441,0.5334118008613586,0.42840254306793213,-0.2170637547969818,0.5318468809127808,0.4289499819278717,-0.21714647114276886,0.5304792523384094,0.4290567636489868,-0.21721000969409943,0.5268418788909912,0.4196180999279022,-0.1889927089214325,0.5207993984222412,0.42961829900741577,-0.24888566136360168,0.5318528413772583,0.43612900376319885,-0.18776124715805054,0.527864396572113,0.43619194626808167,-0.20561020076274872,0.514764666557312,0.41781413555145264,-0.14217399060726166,0.4870777130126953,0.47284600138664246,-0.19950032234191895,0.5198306441307068,0.4594825208187103,-0.05895521119236946,0.4949515759944916,0.5368033647537231,-0.13751527667045593,0.5087717175483704,0.4793538451194763,-0.015152446925640106,0.5138436555862427,0.5274991393089294,-0.06368602812290192,0.5095945596694946,0.48982882499694824,-0.014635664410889149,0.5208655595779419,0.5309543013572693,-0.05892672389745712,0.5165481567382812,0.48413941264152527,-0.018923182040452957,0.5193209648132324,0.520991325378418,-0.06778305768966675,0.5170729756355286,0.48014962673187256,-0.0152271194383502,0.5168753862380981,0.5170614719390869,-0.06349653005599976,0.5275847315788269,0.49773579835891724,0.014668402262032032,0.5085920095443726,0.5402493476867676,-0.01454924512654543,0.588310718536377,0.5346634984016418,0.015140146017074585,0.5380346179008484,0.5812031030654907,0.01957527920603752,0.6383737921714783,0.5739351511001587,0.06909934431314468,0.5447869300842285,0.6361892223358154,0.11704685539007187,0.6417146921157837,0.5875951051712036,0.07235009968280792,0.5490646362304688,0.6404991149902344,0.12662968039512634,0.6594845056533813,0.5882502794265747,0.01981290802359581,0.5745977759361267,0.6610716581344604,0.0878569632768631
0126,./images/155/frame_00126.jpg,Normal,0.5358487367630005,0.43487226963043213,-0.2668451964855194,0.5377539396286011,0.4258766174316406,-0.27382081747055054,0.538534939289093,0.4247879087924957,-0.273781955242157,0.5394326448440552,0.4238402545452118,-0.273823082447052,0.53313148021698,0.42848509550094604,-0.2849794626235962,0.5317121148109436,0.42888882756233215,-0.28509050607681274,0.5301840901374817,0.42905256152153015,-0.28512904047966003,0.5276572704315186,0.4218568503856659,-0.2541506886482239,0.521052360534668,0.4282591640949249,-0.3060247004032135,0.531298816204071,0.4361324608325958,-0.2531728744506836,0.5261110067367554,0.4354531466960907,-0.26837533712387085,0.5202747583389282,0.4183812737464905,-0.1998424232006073,0.47678327560424805,0.46941077709198,-0.23020008206367493,0.5384283065795898,0.46904292702674866,-0.1369827687740326,0.4837924838066101,0.5332446694374084,-0.17074044048786163,0.552475094795227,0.5167930722236633,-0.14122650027275085,0.5043877363204956,0.5320432782173157,-0.11199458688497543,0.5609971284866333,0.5297460556030273,-0.1528828740119934,0.5100204348564148,0.5371778011322021,-0.11345009505748749,0.5574805736541748,0.5300188660621643,-0.1623823493719101,0.5106755495071411,0.5279406905174255,-0.12338721752166748,0.5522125959396362,0.5250324606895447,-0.1450881063938141,0.5088266730308533,0.5235726237297058,-0.11294728517532349,0.5197873711585999,0.4891338646411896,0.008288863115012646,0.49020805954933167,0.5251522660255432,-0.008165298029780388,0.5841584205627441,0.5307279229164124,0.03073391690850258,0.4811286926269531,0.5824404954910278,0.12328068912029266,0.634857177734375,0.5683292150497437,0.12543892860412598,0.46883425116539,0.6204366683959961,0.3024889826774597,0.635758638381958,0.5771468877792358,0.13168290257453918,0.47002434730529785,0.621289849281311,0.3209596574306488,0.6595286726951599,0.5882128477096558,0.0823325365781784,0.4560173451900482,0.6411604285240173,0.30787667632102966
0127,./images/155/frame_00127.jpg,Normal,0.540057361125946,0.4380880892276764,-0.24689939618110657,0.5394250154495239,0.42826634645462036,-0.25288477540016174,0.5394344329833984,0.4258843660354614,-0.252875417470932,0.5392965078353882,0.423481822013855,-0.25289982557296753,0.5375865697860718,0.43303391337394714,-0.26607149839401245,0.5367663502693176,0.43378275632858276,-0.2662026286125183,0.5359166860580444,0.4343954622745514,-0.26630306243896484,0.5292489528656006,0.4198988080024719,-0.2378143072128296,0.5266280174255371,0.4333285093307495,-0.29795557260513306,0.5379030108451843,0.43866410851478577,-0.23435863852500916,0.5358401536941528,0.4422038495540619,-0.252285361289978,0.5188895463943481,0.4118494987487793,-0.18369664251804352,0.47826600074768066,0.47017568349838257,-0.25259700417518616,0.5347290635108948,0.4699089825153351,-0.1321655809879303,0.5057663917541504,0.5401372909545898,-0.2572636902332306,0.557871401309967,0.5301281809806824,-0.1391899436712265,0.5488452315330505,0.5495156049728394,-0.2631470561027527,0.567283034324646,0.543824315071106,-0.1480257362127304,0.5572773814201355,0.5598952770233154,-0.28752416372299194,0.5660122632980347,0.5457812547683716,-0.16130584478378296,0.5615028738975525,0.5435680150985718,-0.287496417760849,0.5606033205986023,0.542661726474762,-0.14470693469047546,0.5572831630706787,0.5393953323364258,-0.2636295557022095,0.5064513087272644,0.4770357012748718,0.015248310752213001,0.47862428426742554,0.5209764838218689,-0.015029123052954674,0.5769639015197754,0.5122587084770203,0.011075224727392197,0.48557305335998535,0.5747173428535461,0.026104245334863663,0.6311973333358765,0.5649482011795044,0.044387999922037125,0.4632888734340668,0.6128578782081604,0.18364575505256653,0.6319361925125122,0.5784392356872559,0.047188907861709595,0.458728164434433,0.6136353611946106,0.20176026225090027,0.6600170731544495,0.5758127570152283,0.005249787587672472,0.4566628038883209,0.6354300379753113,0.235732764005661
0128,./images/155/frame_00128.jpg,Normal,0.5392856597900391,0.4598364531993866,-0.26719868183135986,0.5383950471878052,0.44662928581237793,-0.27181196212768555,0.5384685397148132,0.443765252828598,-0.27177995443344116,0.5385512113571167,0.44015100598335266,-0.2717624008655548,0.536475658416748,0.44932544231414795,-0.28218623995780945,0.5355573892593384,0.4486255943775177,-0.282317578792572,0.5345546007156372,0.44789132475852966,-0.28245025873184204,0.5297666788101196,0.4265332818031311,-0.24839873611927032,0.5255086421966553,0.44195103645324707,-0.2981465756893158,0.5371860861778259,0.45847654342651367,-0.25178396701812744,0.5356557965278625,0.4610873758792877,-0.266175776720047,0.5184500217437744,0.41215968132019043,-0.18364456295967102,0.4815356731414795,0.4742938280105591,-0.2482558935880661,0.522655189037323,0.4698919951915741,-0.11663329601287842,0.4965800642967224,0.5514741539955139,-0.2428002655506134,0.5344701409339905,0.5238000154495239,-0.1077708750963211,0.5235214829444885,0.5902952551841736,-0.2538461685180664,0.5402436256408691,0.5381523370742798,-0.11519001424312592,0.5269311666488647,0.6059199571609497,-0.27616041898727417,0.538702130317688,0.5371399521827698,-0.1274503469467163,0.53242427110672,0.5956676602363586,-0.2796935439109802,0.5343191027641296,0.5326963663101196,-0.11257225275039673,0.5310474634170532,0.5879510045051575,-0.2557748258113861,0.49873557686805725,0.4510062038898468,0.016003165394067764,0.4697287082672119,0.49073296785354614,-0.015836624428629875,0.549979031085968,0.5037966966629028,-0.02005721628665924,0.46596798300743103,0.5647293329238892,-0.037077341228723526,0.5930736064910889,0.5573300123214722,0.050789106637239456,0.45036593079566956,0.6102892160415649,0.10536948591470718,0.5943505764007568,0.5698276162147522,0.05676354095339775,0.4497734010219574,0.6061827540397644,0.11999757587909698,0.6155002117156982,0.5715492963790894,0.00417375098913908,0.44558048248291016,0.6338770389556885,0.09577109664678574
0129,./images/155/frame_00129.jpg,Normal,0.5394421219825745,0.453569620847702,-0.3831512928009033,0.5387541651725769,0.44157299399375916,-0.38560399413108826,0.5445476770401001,0.4408963918685913,-0.3855907618999481,0.5457741022109985,0.43838930130004883,-0.38563811779022217,0.5369223356246948,0.4453599154949188,-0.39556846022605896,0.5356473326683044,0.44550833106040955,-0.3956994414329529,0.5346347689628601,0.44524767994880676,-0.3958052694797516,0.5319754481315613,0.42559877038002014,-0.3411940932273865,0.5249289274215698,0.43930885195732117,-0.3858918249607086,0.5367243885993958,0.45358937978744507,-0.3587707281112671,0.5338740944862366,0.45655348896980286,-0.3722006678581238,0.52708500623703,0.4093796908855438,-0.25982820987701416,0.48240548372268677,0.4700063467025757,-0.3075506091117859,0.5477757453918457,0.4665259122848511,-0.23507443070411682,0.49745726585388184,0.5499906539916992,-0.32101374864578247,0.5755577087402344,0.5307499170303345,-0.27298805117607117,0.5318613648414612,0.5765818953514099,-0.35217827558517456,0.5861003994941711,0.5439286231994629,-0.2930598855018616,0.5384531617164612,0.5887694954872131,-0.38095077872276306,0.5826144218444824,0.5479274392127991,-0.3066602945327759,0.5459870100021362,0.5760653018951416,-0.3876838982105255,0.5767377018928528,0.5449470281600952,-0.2798691391944885,0.5425942540168762,0.570236325263977,-0.35564810037612915,0.5014768242835999,0.4462563693523407,0.007911243475973606,0.4690299928188324,0.4840683043003082,-0.00779540091753006,0.5642274022102356,0.5063238143920898,-0.04263802990317345,0.4641324579715729,0.5686612725257874,0.08554863184690475,0.6265236139297485,0.5617367029190063,-0.010789008811116219,0.44958552718162537,0.596896767616272,0.2841642498970032,0.6314985752105713,0.5748758912086487,-0.009513162076473236,0.4503612518310547,0.6097917556762695,0.30354195833206177,0.6605609655380249,0.5709956884384155,-0.08639656007289886,0.44568246603012085,0.632489800453186,0.27120333909988403
0130,./images/155/frame_00130.jpg,Normal,0.5372435450553894,0.4645560085773468,-0.31551000475883484,0.5384126305580139,0.4513635039329529,-0.3196943402290344,0.544276773929596,0.448740690946579,-0.3196716606616974,0.5441983938217163,0.4454897940158844,-0.31970590353012085,0.5353409051895142,0.45466554164886475,-0.3315541446208954,0.5333498120307922,0.45433509349823,-0.33166033029556274,0.531960129737854,0.45349350571632385,-0.33175843954086304,0.5388675928115845,0.4308661222457886,-0.3062129616737366,0.5222724080085754,0.4415127635002136,-0.32555681467056274,0.5357289910316467,0.4649978280067444,-0.2971575856208801,0.5302746295928955,0.467844694852829,-0.3147696852684021,0.5292216539382935,0.4153711497783661,-0.21712417900562286,0.480278342962265,0.46995416283607483,-0.23563754558563232,0.5489367842674255,0.4759213328361511,-0.1608426868915558,0.4866569936275482,0.5494147539138794,-0.22071652114391327,0.5771983861923218,0.5385910272598267,-0.18052832782268524,0.5102358460426331,0.5723353028297424,-0.2491646111011505,0.5887593626976013,0.5509172081947327,-0.193912073969841,0.5148101449012756,0.5833852291107178,-0.2681729197502136,0.5852953195571899,0.5557918548583984,-0.20741626620292664,0.5188089609146118,0.5716056227684021,-0.28830665349960327,0.5783577561378479,0.552198052406311,-0.18676841259002686,0.5166620016098022,0.5663734078407288,-0.2568385899066925,0.5033293962478638,0.4507240355014801,0.008598982356488705,0.4703063368797302,0.48589426279067993,-0.008485721424221992,0.5669847130775452,0.5081682801246643,-0.054613612592220306,0.4667028784751892,0.568966269493103,0.03467252850532532,0.6261634230613708,0.5644749999046326,-0.056497156620025635,0.4455607831478119,0.602970540523529,0.213250070810318,0.6298087239265442,0.5754028558731079,-0.05860826373100281,0.4436127543449402,0.6070970296859741,0.234268456697464,0.6590785980224609,0.573100209236145,-0.12524722516536713,0.44392114877700806,0.6289206147193909,0.26616525650024414
0131,./images/155/frame_00131.jpg,Normal,0.5371354818344116,0.4754566550254822,-0.35535523295402527,0.5382526516914368,0.46276718378067017,-0.35964033007621765,0.5423966646194458,0.4596790671348572,-0.359630286693573,0.5428630113601685,0.4554124176502228,-0.35972654819488525,0.5346990823745728,0.4654541015625,-0.3692128360271454,0.5317827463150024,0.4648303985595703,-0.36932656168937683,0.5297223925590515,0.463481605052948,-0.3693862557411194,0.5397589802742004,0.43725860118865967,-0.3166353106498718,0.5201706290245056,0.44684723019599915,-0.3581041097640991,0.5356194972991943,0.4747283160686493,-0.3305724263191223,0.5292544364929199,0.4770764112472534,-0.3435977101325989,0.5394045114517212,0.42220956087112427,-0.24015681445598602,0.4776368737220764,0.4694376289844513,-0.25745850801467896,0.5682400465011597,0.4812619388103485,-0.2009529173374176,0.48313990235328674,0.539513885974884,-0.23036308586597443,0.6041134595870972,0.5459768772125244,-0.23075921833515167,0.5107048153877258,0.5545877814292908,-0.27572008967399597,0.6172326803207397,0.5555289387702942,-0.24815139174461365,0.5166817903518677,0.5608007311820984,-0.2941153049468994,0.6134781837463379,0.5594618916511536,-0.26181909441947937,0.5184394717216492,0.5461388230323792,-0.3034646213054657,0.605312168598175,0.5577102899551392,-0.2372494488954544,0.5169110894203186,0.5442545413970947,-0.2794140577316284,0.5072852373123169,0.45701026916503906,0.006240280345082283,0.4718778729438782,0.4896312654018402,-0.006139903794974089,0.5659892559051514,0.5116601586341858,0.0572187714278698,0.4698447585105896,0.5708156228065491,0.08866319060325623,0.605113685131073,0.5583839416503906,0.1475503295660019,0.44700974225997925,0.6024777293205261,0.2814825475215912,0.6047486066818237,0.5655924677848816,0.15711218118667603,0.4450564980506897,0.6011238098144531,0.30262425541877747,0.6292623281478882,0.5735416412353516,0.11747238785028458,0.44353795051574707,0.6272702217102051,0.29943349957466125
0132,./images/155/frame_00132.jpg,Normal,0.5378251671791077,0.4761023223400116,-0.3272284269332886,0.5390557050704956,0.46391868591308594,-0.32896819710731506,0.5418953895568848,0.4604476988315582,-0.32898178696632385,0.5424841642379761,0.45689481496810913,-0.32902607321739197,0.5356642007827759,0.4666845202445984,-0.33492743968963623,0.5335713624954224,0.46581241488456726,-0.33506864309310913,0.5313732624053955,0.46487295627593994,-0.33518993854522705,0.538861870765686,0.44010084867477417,-0.28235384821891785,0.5220286250114441,0.4490620493888855,-0.32129156589508057,0.5362988114356995,0.4744989573955536,-0.30037468671798706,0.5303741693496704,0.47511160373687744,-0.3100050687789917,0.5363833904266357,0.4212735891342163,-0.21261265873908997,0.47927409410476685,0.4693715274333954,-0.24080029129981995,0.5572174191474915,0.47913306951522827,-0.16983377933502197,0.4866507649421692,0.5430582165718079,-0.22278399765491486,0.5817462205886841,0.5386539697647095,-0.19436994194984436,0.5154181718826294,0.556484043598175,-0.23613157868385315,0.5916301012039185,0.552209198474884,-0.2080850899219513,0.5219725370407104,0.5646181106567383,-0.24947698414325714,0.588466227054596,0.55458003282547,-0.21880745887756348,0.5244019031524658,0.5492392778396606,-0.2588788866996765,0.5821417570114136,0.5504400134086609,-0.1994599550962448,0.5221256017684937,0.5464717745780945,-0.23874950408935547,0.5073917508125305,0.45847266912460327,0.008227955549955368,0.4771362245082855,0.49779853224754333,-0.00814055372029543,0.568587601184845,0.5262249708175659,-0.011877590790390968,0.4817477762699127,0.5710504651069641,0.004645686596632004,0.6126680374145508,0.5781868696212769,0.016408691182732582,0.4592837393283844,0.6118426322937012,0.14436334371566772,0.6131659746170044,0.592058539390564,0.017337778583168983,0.4566783010959625,0.6150068044662476,0.15874359011650085,0.6387251019477844,0.587786078453064,-0.042473964393138885,0.4481472373008728,0.6288993954658508,0.13413570821285248
0133,./images/155/frame_00133.jpg,Normal,0.538027286529541,0.4852352440357208,-0.34768611192703247,0.5400282144546509,0.4732486307621002,-0.3539206087589264,0.5421431660652161,0.46974462270736694,-0.35393211245536804,0.5433173179626465,0.46554243564605713,-0.354038268327713,0.5354706645011902,0.47627508640289307,-0.36218494176864624,0.5334392786026001,0.4752269685268402,-0.36228519678115845,0.5309255123138428,0.47327014803886414,-0.3623303174972534,0.5403710007667542,0.44482630491256714,-0.3140546679496765,0.5217267870903015,0.454117089509964,-0.3511025607585907,0.5370477437973022,0.4849974811077118,-0.3236139416694641,0.5303947925567627,0.4848976135253906,-0.3345434367656708,0.540847659111023,0.4270039498806,-0.24408340454101562,0.47598832845687866,0.4694870412349701,-0.24987724423408508,0.5700322389602661,0.48721185326576233,-0.22052328288555145,0.482591450214386,0.5407246351242065,-0.22772526741027832,0.6040617227554321,0.5525540113449097,-0.2544723153114319,0.5118112564086914,0.5558491349220276,-0.2646051347255707,0.6171480417251587,0.563491702079773,-0.27397316694259644,0.5183060169219971,0.5638183951377869,-0.2808060050010681,0.6126671433448792,0.5661481022834778,-0.28574928641319275,0.5202032327651978,0.5487272143363953,-0.2903420031070709,0.6048671007156372,0.5634550452232361,-0.26032310724258423,0.5184500813484192,0.5457471013069153,-0.2679794430732727,0.5091640949249268,0.4621262550354004,-0.0004056419711560011,0.4736832082271576,0.4927273094654083,0.0005397305358201265,0.5698538422584534,0.5282527208328247,0.009170817211270332,0.4644102156162262,0.5719656348228455,0.12596145272254944,0.6186684966087341,0.5773519277572632,0.06085626035928726,0.4450833201408386,0.6054843664169312,0.3416011929512024,0.6199768781661987,0.5866791009902954,0.0668162852525711,0.443764865398407,0.6036720871925354,0.3648185431957245,0.647231936454773,0.593025267124176,0.002676221774891019,0.44369783997535706,0.6275838017463684,0.35578981041908264
0134,./images/155/frame_00134.jpg,Normal,0.5395785570144653,0.47822028398513794,-0.26604846119880676,0.541732132434845,0.46777674555778503,-0.2687118947505951,0.5434576869010925,0.46453067660331726,-0.26871219277381897,0.5444039106369019,0.46095746755599976,-0.26878243684768677,0.5374692678451538,0.4693473279476166,-0.28030088543891907,0.5356505513191223,0.468548446893692,-0.28041309118270874,0.5335296988487244,0.46704089641571045,-0.28049200773239136,0.5399375557899475,0.443055123090744,-0.235605388879776,0.5236596465110779,0.44776612520217896,-0.2896650433540344,0.5381044149398804,0.4779813587665558,-0.24716489017009735,0.5322573184967041,0.4794529676437378,-0.2633088231086731,0.5366618633270264,0.42614051699638367,-0.18281963467597961,0.47693124413490295,0.463936984539032,-0.23333732783794403,0.5637885332107544,0.4839543104171753,-0.180144265294075,0.4891220033168793,0.5363869071006775,-0.24344336986541748,0.5976402163505554,0.5392332077026367,-0.22667744755744934,0.5313339829444885,0.5326273441314697,-0.27980679273605347,0.609139084815979,0.5498627424240112,-0.25280460715293884,0.541800320148468,0.5373620986938477,-0.29578423500061035,0.6078901290893555,0.5525297522544861,-0.24706029891967773,0.5435189008712769,0.5194465517997742,-0.295566201210022,0.6009095907211304,0.5499346852302551,-0.2360108196735382,0.5391913652420044,0.5179030895233154,-0.2794906795024872,0.5145393013954163,0.4836217164993286,0.008631909266114235,0.48007068037986755,0.5126423835754395,-0.008557505905628204,0.5715580582618713,0.5394238233566284,-0.01138350646942854,0.5137940645217896,0.5834306478500366,-0.045956313610076904,0.6197089552879333,0.5844801664352417,0.025283077731728554,0.5136115550994873,0.6511606574058533,0.05755237489938736,0.620675802230835,0.5953741073608398,0.027610618621110916,0.5115135908126831,0.6566246747970581,0.06817250698804855,0.646538257598877,0.5958033800125122,-0.026658829301595688,0.5187669992446899,0.6859593987464905,0.030296629294753075
0135,./images/155/frame_00135.jpg,Normal,0.5410658121109009,0.48630964756011963,-0.31306272745132446,0.5435190200805664,0.4741176664829254,-0.3219747841358185,0.5449227094650269,0.47067564725875854,-0.3219720125198364,0.5461866855621338,0.4667871296405792,-0.32206982374191284,0.5384471416473389,0.47667285799980164,-0.3310322165489197,0.5363036394119263,0.47493717074394226,-0.33113354444503784,0.5338932275772095,0.47345322370529175,-0.33115118741989136,0.5431736707687378,0.4457570016384125,-0.2870965600013733,0.5242313146591187,0.4537399709224701,-0.32824164628982544,0.5402209162712097,0.4831749498844147,-0.2903265058994293,0.5338812470436096,0.48502522706985474,-0.3025394678115845,0.5483506321907043,0.42879965901374817,-0.21969130635261536,0.4799303114414215,0.4649241268634796,-0.24103716015815735,0.5737408399581909,0.4845818877220154,-0.19830700755119324,0.483724445104599,0.5260645747184753,-0.21370632946491241,0.6006304025650024,0.5530804395675659,-0.22466233372688293,0.5206170082092285,0.5227468013763428,-0.2098810374736786,0.6128458976745605,0.5676863193511963,-0.24179279804229736,0.5307114720344543,0.5283671617507935,-0.2168819010257721,0.607230007648468,0.571126401424408,-0.2508980631828308,0.5322924852371216,0.5135940313339233,-0.22183974087238312,0.5999804139137268,0.5663641095161438,-0.22928956151008606,0.5282044410705566,0.5114269256591797,-0.20938511192798615,0.5230392217636108,0.47208544611930847,0.006801816634833813,0.48326951265335083,0.5015215277671814,-0.006629624869674444,0.5914765000343323,0.5366082787513733,-0.01489296741783619,0.49662870168685913,0.5867425203323364,0.017319975420832634,0.6540464162826538,0.5853720903396606,0.006743491627275944,0.47635364532470703,0.6415228247642517,0.2049270123243332,0.6574185490608215,0.5973653793334961,0.007702133152633905,0.4737894535064697,0.6473472714424133,0.22473743557929993,0.6815258264541626,0.603983998298645,-0.05218621343374252,0.46617063879966736,0.6724979281425476,0.21580390632152557
0136,./images/155/frame_00136.jpg,Normal,0.5429474115371704,0.48752811551094055,-0.3544466197490692,0.5450843572616577,0.47685855627059937,-0.3633626401424408,0.5468432903289795,0.4730181097984314,-0.3633694052696228,0.548051118850708,0.46912887692451477,-0.3634456396102905,0.5404164791107178,0.480153352022171,-0.37018388509750366,0.5385412573814392,0.4791981875896454,-0.3702850341796875,0.536200225353241,0.4784916341304779,-0.3703463673591614,0.5454918742179871,0.4463105797767639,-0.33131831884384155,0.5277084112167358,0.46302464604377747,-0.3606829047203064,0.542695164680481,0.483323872089386,-0.3325323164463043,0.5365740060806274,0.4853326082229614,-0.3414013087749481,0.5540162324905396,0.4275493323802948,-0.2584979832172394,0.48649534583091736,0.4769728481769562,-0.2753111720085144,0.5822765231132507,0.4827491343021393,-0.23842254281044006,0.4983532428741455,0.5441104173660278,-0.26424640417099,0.6103935837745667,0.5533751845359802,-0.2719307541847229,0.5463172197341919,0.5571142435073853,-0.28766560554504395,0.6221708059310913,0.5664041042327881,-0.292442262172699,0.5565077066421509,0.5673827528953552,-0.31092697381973267,0.6170192360877991,0.5702629685401917,-0.30431097745895386,0.5614931583404541,0.5478589534759521,-0.31547313928604126,0.6101771593093872,0.5669921636581421,-0.2776350677013397,0.5573137998580933,0.543866753578186,-0.28945139050483704,0.5227505564689636,0.4600779712200165,0.0024016734678298235,0.4831579625606537,0.4893516004085541,-0.0022870537359267473,0.5894924402236938,0.5343852043151855,-0.011174003593623638,0.4747539460659027,0.5856322050094604,0.10583803802728653,0.6549165844917297,0.5835047960281372,0.025923434644937515,0.46089449524879456,0.6160800457000732,0.3010163903236389,0.6586806178092957,0.5951845645904541,0.028840413317084312,0.4603095054626465,0.6153260469436646,0.3214931786060333,0.6843966245651245,0.599894106388092,-0.034006282687187195,0.4524227976799011,0.6434558629989624,0.3066484332084656
0137,./images/155/frame_00137.jpg,Normal,0.5430828332901001,0.49399495124816895,-0.38452163338661194,0.5451134443283081,0.484688937664032,-0.3916003108024597,0.5468441247940063,0.48129555583000183,-0.39153775572776794,0.5482311248779297,0.4774611294269562,-0.39157813787460327,0.5403667688369751,0.4874558746814728,-0.3969370722770691,0.5383228063583374,0.4865562319755554,-0.39705950021743774,0.5359593629837036,0.48462212085723877,-0.3971439599990845,0.5475062131881714,0.45353561639785767,-0.3485824465751648,0.5273032188415527,0.46824243664741516,-0.37340715527534485,0.5433007478713989,0.4903244078159332,-0.35892316699028015,0.5372268557548523,0.49173977971076965,-0.36634156107902527,0.5552379488945007,0.42782288789749146,-0.25235551595687866,0.4866548180580139,0.47563573718070984,-0.2778332829475403,0.5742025375366211,0.4834180176258087,-0.20353102684020996,0.496854692697525,0.5388379096984863,-0.2656550407409668,0.6033922433853149,0.5472207069396973,-0.224453404545784,0.5263482332229614,0.5583741664886475,-0.30725282430648804,0.6156689524650574,0.559345006942749,-0.2393539845943451,0.5304079651832581,0.568677544593811,-0.33054760098457336,0.6120381951332092,0.5613541007041931,-0.25071460008621216,0.5350252389907837,0.5528399348258972,-0.33379751443862915,0.6053849458694458,0.5582691431045532,-0.2296048402786255,0.5347336530685425,0.5488656759262085,-0.30976811051368713,0.5217007398605347,0.432592511177063,0.003546931315213442,0.4776832163333893,0.4514363706111908,-0.0034405384212732315,0.5474777817726135,0.5044447779655457,0.04088447988033295,0.4654690623283386,0.5496037602424622,0.02409726195037365,0.5437309741973877,0.5663872361183167,0.21623606979846954,0.4452733099460602,0.5982016921043396,0.20930293202400208,0.5393397808074951,0.5713048577308655,0.23371346294879913,0.449047327041626,0.6029702425003052,0.2279754877090454,0.5508052706718445,0.5988960862159729,0.1956239491701126,0.4446573257446289,0.6369617581367493,0.193082794547081
0138,./images/155/frame_00138.jpg,Normal,0.5460009574890137,0.48934173583984375,-0.32927918434143066,0.5480883717536926,0.47929733991622925,-0.33576488494873047,0.5492798089981079,0.47625502943992615,-0.33567339181900024,0.5512294173240662,0.4726324677467346,-0.33564209938049316,0.5436782836914062,0.4818873107433319,-0.34275323152542114,0.5414524674415588,0.48104164004325867,-0.34290313720703125,0.539330244064331,0.4797062277793884,-0.3429906666278839,0.5497637987136841,0.4525313079357147,-0.30042365193367004,0.5313338041305542,0.46647927165031433,-0.3320186734199524,0.5454449653625488,0.4857136309146881,-0.30750709772109985,0.5397135019302368,0.4877471625804901,-0.31709831953048706,0.5514283180236816,0.4255903959274292,-0.21983523666858673,0.4931409955024719,0.47585394978523254,-0.25088435411453247,0.5633883476257324,0.47529399394989014,-0.15249112248420715,0.49743494391441345,0.5362545847892761,-0.2578243315219879,0.5586374402046204,0.5241175889968872,-0.13754859566688538,0.5277521014213562,0.5371175408363342,-0.2884804904460907,0.5615886449813843,0.5409333109855652,-0.14377309381961823,0.5336950421333313,0.546319842338562,-0.3058655261993408,0.5575349926948547,0.5368361473083496,-0.14806216955184937,0.5377699732780457,0.530053973197937,-0.30727118253707886,0.5544314384460449,0.5301668643951416,-0.1379161924123764,0.5358130931854248,0.524997889995575,-0.2885351777076721,0.5238135457038879,0.44415515661239624,0.004306626506149769,0.4839209020137787,0.469465047121048,-0.004202406387776136,0.5732967257499695,0.5068777203559875,-0.03350018709897995,0.47230973839759827,0.5573686957359314,0.00756744435057044,0.6340577602386475,0.5742412805557251,-0.011660601012408733,0.4507511258125305,0.6015260219573975,0.1396711766719818,0.6386078000068665,0.5842977166175842,-0.01168180163949728,0.45364028215408325,0.6076458692550659,0.15228211879730225,0.6554555892944336,0.599668562412262,-0.08014155924320221,0.4507525861263275,0.6370073556900024,0.11642539501190186
0139,./images/155/frame_00139.jpg,Normal,0.5456827878952026,0.49259132146835327,-0.2606305480003357,0.5476106405258179,0.4825122356414795,-0.27057281136512756,0.5491732358932495,0.47952330112457275,-0.27051061391830444,0.5508578419685364,0.47615212202072144,-0.2705102860927582,0.5432094931602478,0.48452839255332947,-0.27860113978385925,0.5412384271621704,0.48337316513061523,-0.27870455384254456,0.5390920639038086,0.4820312559604645,-0.2787565588951111,0.550017237663269,0.45659738779067993,-0.25072184205055237,0.532023549079895,0.4689669609069824,-0.2863936424255371,0.5449947118759155,0.4903297424316406,-0.2442673146724701,0.5394598245620728,0.49108535051345825,-0.25501567125320435,0.5558656454086304,0.4256264269351959,-0.18912173807621002,0.4927036166191101,0.4756467938423157,-0.20544397830963135,0.5641860365867615,0.46958011388778687,-0.12524142861366272,0.49565473198890686,0.5250069499015808,-0.16823771595954895,0.5644769668579102,0.5203749537467957,-0.12557440996170044,0.5272671580314636,0.5371809005737305,-0.15261515974998474,0.5696786046028137,0.5347915291786194,-0.13850584626197815,0.5330746173858643,0.5476077198982239,-0.16118572652339935,0.5638688802719116,0.5316062569618225,-0.14347204566001892,0.5375586748123169,0.5334655046463013,-0.16315120458602905,0.5598406791687012,0.5255669355392456,-0.1276860535144806,0.5354812741279602,0.5280932188034058,-0.15153011679649353,0.5263786315917969,0.44850480556488037,0.0015156689332798123,0.48680800199508667,0.4702327251434326,-0.0014270707033574581,0.5743352174758911,0.5097996592521667,-0.020490571856498718,0.4649181365966797,0.5367728471755981,0.055096618831157684,0.6350961327552795,0.5710587501525879,0.009708157740533352,0.4506194591522217,0.6019659638404846,0.16197925806045532,0.6398388147354126,0.5811429023742676,0.010988504625856876,0.45310893654823303,0.6081774234771729,0.1711546629667282,0.6560541987419128,0.5965152978897095,-0.051226355135440826,0.4453671872615814,0.6369521021842957,0.13375519216060638
0140,./images/155/frame_00140.jpg,Normal,0.5464882254600525,0.4953799843788147,-0.23437507450580597,0.5493379831314087,0.48572301864624023,-0.24491730332374573,0.550735592842102,0.4830489158630371,-0.24486057460308075,0.5523062944412231,0.4798847734928131,-0.24487388134002686,0.5445013642311096,0.4878588318824768,-0.25242969393730164,0.5427473783493042,0.4867886006832123,-0.2525244951248169,0.5408790707588196,0.485498309135437,-0.25259310007095337,0.551885187625885,0.46090027689933777,-0.2334892302751541,0.5338264107704163,0.47336891293525696,-0.2661474347114563,0.5455920696258545,0.4934186637401581,-0.22137436270713806,0.5403963327407837,0.4944882392883301,-0.23126792907714844,0.5538225173950195,0.4242755174636841,-0.17156276106834412,0.49560385942459106,0.4758268892765045,-0.19952653348445892,0.5579515099525452,0.4640249013900757,-0.07976160943508148,0.4968990683555603,0.5267342329025269,-0.16985684633255005,0.5524312257766724,0.506951093673706,-0.049361102283000946,0.5288068652153015,0.5465651154518127,-0.1539146602153778,0.5545921921730042,0.5205206274986267,-0.05298928543925285,0.5352175235748291,0.5604081749916077,-0.164081409573555,0.5515925884246826,0.5151310563087463,-0.05806378647685051,0.5394793748855591,0.5470679402351379,-0.1645989865064621,0.5486549139022827,0.5096116065979004,-0.05044666677713394,0.5374215841293335,0.5390217900276184,-0.15296567976474762,0.5253022909164429,0.45131972432136536,0.00249791843816638,0.4867454171180725,0.47391051054000854,-0.0024048008490353823,0.5743531584739685,0.5112444162368774,-0.011177350766956806,0.46068453788757324,0.5438131093978882,0.09895949810743332,0.6320222616195679,0.5709702968597412,0.029965747147798538,0.4494776725769043,0.6006944179534912,0.2110493928194046,0.6365348100662231,0.5810845494270325,0.03237472474575043,0.45184454321861267,0.6088162064552307,0.21934309601783752,0.6533690690994263,0.5953010320663452,-0.02502273954451084,0.44523245096206665,0.6370101571083069,0.18869516253471375
0141,./images/155/frame_00141.jpg,Normal,0.5472618937492371,0.4982718229293823,-0.24934403598308563,0.550933837890625,0.48903152346611023,-0.2608068585395813,0.5524944067001343,0.48649606108665466,-0.26078885793685913,0.5548083186149597,0.4831194579601288,-0.2608339190483093,0.5456188321113586,0.4911068081855774,-0.269336462020874,0.5435516834259033,0.4900202751159668,-0.2694395184516907,0.541496753692627,0.48858779668807983,-0.2695024609565735,0.5536674857139587,0.46457621455192566,-0.2457904815673828,0.5337806940078735,0.47522401809692383,-0.2832816541194916,0.5461064577102661,0.4977884590625763,-0.23368997871875763,0.5405002236366272,0.49867331981658936,-0.24516478180885315,0.5533321499824524,0.42806196212768555,-0.18797656893730164,0.4937373995780945,0.4784117341041565,-0.20775189995765686,0.5616703033447266,0.4749135673046112,-0.1834699809551239,0.50074303150177,0.5367603898048401,-0.20902740955352783,0.5590935945510864,0.5126181244850159,-0.26374703645706177,0.5343791842460632,0.5460667014122009,-0.29106956720352173,0.5616792440414429,0.5256825089454651,-0.287325918674469,0.5421499013900757,0.558420717716217,-0.3130016028881073,0.5567329525947571,0.5215466618537903,-0.28601959347724915,0.5444272756576538,0.5405258536338806,-0.31259885430336,0.5534793138504028,0.5166877508163452,-0.2647223472595215,0.5417410135269165,0.5333317518234253,-0.2916857898235321,0.5245132446289062,0.4574504494667053,0.0030391442123800516,0.48363548517227173,0.47649455070495605,-0.002945097628980875,0.5807920694351196,0.5173875093460083,0.009210051037371159,0.460004985332489,0.5495659708976746,0.12614589929580688,0.6378081440925598,0.5710096955299377,0.06156536191701889,0.4491465091705322,0.5980518460273743,0.2674139738082886,0.6397503018379211,0.5812352895736694,0.06633611768484116,0.45035091042518616,0.6060152649879456,0.28085243701934814,0.6654905080795288,0.5956401228904724,0.012392382137477398,0.44636768102645874,0.6367849707603455,0.25488972663879395
0142,./images/155/frame_00142.jpg,Normal,0.5478950142860413,0.49933311343193054,-0.2517701983451843,0.5521338582038879,0.49087169766426086,-0.2635854184627533,0.5538333058357239,0.48853734135627747,-0.2635326385498047,0.5557736158370972,0.4853070080280304,-0.26355260610580444,0.546389639377594,0.49253374338150024,-0.2725861072540283,0.5443604588508606,0.4912020266056061,-0.2727137506008148,0.5422422289848328,0.4894109070301056,-0.27279025316238403,0.5547462105751038,0.46706363558769226,-0.2518994212150574,0.5349450707435608,0.4753785729408264,-0.2919038236141205,0.5468968152999878,0.4978821277618408,-0.23817798495292664,0.5407267212867737,0.4985625743865967,-0.2503008246421814,0.5521524548530579,0.4277113080024719,-0.18739354610443115,0.49439525604248047,0.47926661372184753,-0.21712569892406464,0.5565857887268066,0.4737800061702728,-0.12471912056207657,0.4997977316379547,0.5360847115516663,-0.18633483350276947,0.548941433429718,0.5072234869003296,-0.13344892859458923,0.5314643979072571,0.5421574711799622,-0.17655852437019348,0.5496585369110107,0.5197242498397827,-0.14429974555969238,0.5376766920089722,0.5525748133659363,-0.18607871234416962,0.545667290687561,0.512593686580658,-0.14504727721214294,0.5386039018630981,0.5368643999099731,-0.18652081489562988,0.5431097745895386,0.5070394277572632,-0.13388894498348236,0.536888599395752,0.5300925970077515,-0.17573222517967224,0.5222768187522888,0.4576834440231323,0.006933686789125204,0.48292118310928345,0.47787585854530334,-0.006730773486196995,0.5674197673797607,0.5265365839004517,0.06197376921772957,0.4613373279571533,0.5507112145423889,0.1359827220439911,0.6024553179740906,0.5841007828712463,0.14853963255882263,0.44950857758522034,0.598870575428009,0.2827041447162628,0.6011455059051514,0.5928252339363098,0.1559905707836151,0.4505750238895416,0.6063410639762878,0.29663053154945374,0.624275803565979,0.618463397026062,0.10565223544836044,0.44722944498062134,0.6380183100700378,0.2666741609573364
0143,./images/155/frame_00143.jpg,Normal,0.5493593811988831,0.499813050031662,-0.23237136006355286,0.5544228553771973,0.4906384348869324,-0.2466762512922287,0.5568450689315796,0.48775914311408997,-0.24661648273468018,0.5585269331932068,0.48467186093330383,-0.24665462970733643,0.5487952828407288,0.49263429641723633,-0.25688132643699646,0.5470854043960571,0.49139103293418884,-0.2569851279258728,0.5448864698410034,0.48988229036331177,-0.25704559683799744,0.5630108118057251,0.4652671813964844,-0.24488835036754608,0.5382748246192932,0.47549229860305786,-0.2911350131034851,0.548751711845398,0.4968147277832031,-0.22205427289009094,0.5424370169639587,0.49793460965156555,-0.23605497181415558,0.5527034997940063,0.4273880422115326,-0.18601976335048676,0.49613890051841736,0.4789888560771942,-0.2178684026002884,0.5550144910812378,0.4719141125679016,-0.1004476547241211,0.4992051124572754,0.5268776416778564,-0.1767386645078659,0.5499982833862305,0.5084334015846252,-0.08139696717262268,0.5307875871658325,0.5322651267051697,-0.15814858675003052,0.5511295199394226,0.5211238265037537,-0.08579417318105698,0.5370282530784607,0.5416276454925537,-0.16463980078697205,0.548241376876831,0.5141850113868713,-0.08807138353586197,0.537206768989563,0.5263311862945557,-0.16348373889923096,0.5454620122909546,0.5086969137191772,-0.08137235045433044,0.5355597138404846,0.5203197598457336,-0.15663781762123108,0.5210170745849609,0.45781680941581726,0.012418067082762718,0.482149213552475,0.4787125587463379,-0.012182967737317085,0.5604132413864136,0.5278335809707642,0.0982973575592041,0.4639025628566742,0.552168071269989,0.13380157947540283,0.5821191072463989,0.5921140313148499,0.21621711552143097,0.4499792456626892,0.5986409783363342,0.3011855483055115,0.5790159106254578,0.6000797748565674,0.22748565673828125,0.45111116766929626,0.6064214706420898,0.3179216980934143,0.6009505987167358,0.6313819885253906,0.18766015768051147,0.44805264472961426,0.6387450098991394,0.29518064856529236
0144,./images/155/frame_00144.jpg,Normal,0.5534934401512146,0.4985283613204956,-0.2217727154493332,0.5580133199691772,0.4898993968963623,-0.23258154094219208,0.5597048401832581,0.4871792793273926,-0.23251652717590332,0.56119704246521,0.4841400682926178,-0.23253417015075684,0.5523368716239929,0.49232110381126404,-0.24296298623085022,0.5502369999885559,0.49146270751953125,-0.24307820200920105,0.5483704805374146,0.4903480112552643,-0.24312743544578552,0.5670140981674194,0.4686970114707947,-0.2238510102033615,0.5412828922271729,0.478382408618927,-0.27082982659339905,0.5523408651351929,0.49524036049842834,-0.20962870121002197,0.5459185838699341,0.4966282844543457,-0.22366519272327423,0.556242048740387,0.4309244751930237,-0.15986162424087524,0.4976300597190857,0.4785279631614685,-0.20334944128990173,0.5575270056724548,0.4721289277076721,-0.06739501655101776,0.49887895584106445,0.5229634642601013,-0.14212611317634583,0.5552996397018433,0.509800136089325,-0.02936362847685814,0.5303914546966553,0.5260763168334961,-0.0811016708612442,0.5582298040390015,0.5245193243026733,-0.030828004702925682,0.5367475748062134,0.5363242626190186,-0.08175378292798996,0.5541965365409851,0.5166738629341125,-0.03674871101975441,0.537321925163269,0.5218167304992676,-0.08129584044218063,0.5509504675865173,0.5128086805343628,-0.0302346833050251,0.5355333685874939,0.515579104423523,-0.07795318961143494,0.5228589177131653,0.4506668150424957,0.012008903548121452,0.4824466109275818,0.4725711941719055,-0.011798614636063576,0.5755060315132141,0.5201383233070374,-0.01598958484828472,0.4590871334075928,0.5522720217704773,0.03868023306131363,0.6336053609848022,0.5817746520042419,0.0011088150786235929,0.44893670082092285,0.5992729663848877,0.18468913435935974,0.6358547806739807,0.5993576645851135,0.000987317180261016,0.45074790716171265,0.6065702438354492,0.1987532675266266,0.6613751649856567,0.6001144647598267,-0.059341587126255035,0.44582194089889526,0.6389637589454651,0.17387881875038147
0145,./images/155/frame_00145.jpg,Normal,0.556291937828064,0.49855923652648926,-0.24437876045703888,0.5607874393463135,0.48945701122283936,-0.254739373922348,0.562320351600647,0.4866134524345398,-0.25469130277633667,0.5644287467002869,0.48322737216949463,-0.25471431016921997,0.5548956990242004,0.49275776743888855,-0.2646811902523041,0.5524476170539856,0.4924197196960449,-0.2647940218448639,0.5504850745201111,0.49172982573509216,-0.2648499608039856,0.5696412324905396,0.4675053060054779,-0.2403373420238495,0.5423718690872192,0.4798230826854706,-0.28460854291915894,0.5563942193984985,0.49437955021858215,-0.22976699471473694,0.549265444278717,0.49681755900382996,-0.24310636520385742,0.5621320605278015,0.4331354796886444,-0.17663869261741638,0.4980843663215637,0.47827431559562683,-0.21110494434833527,0.5701979398727417,0.47876667976379395,-0.12996244430541992,0.4985775947570801,0.5249617099761963,-0.17153781652450562,0.5718673467636108,0.530620813369751,-0.15994861721992493,0.5300613045692444,0.5370737910270691,-0.14591379463672638,0.5762493014335632,0.5485146641731262,-0.1739906668663025,0.5365245342254639,0.5511308908462524,-0.15204575657844543,0.5695858001708984,0.5421374440193176,-0.17877456545829773,0.5384922027587891,0.5361207723617554,-0.15398524701595306,0.5657348036766052,0.5350128412246704,-0.16244623064994812,0.5361472964286804,0.5283946394920349,-0.14465859532356262,0.5285025238990784,0.45100894570350647,0.011893014423549175,0.4872763156890869,0.47444742918014526,-0.011673027649521828,0.5877877473831177,0.5203232169151306,-0.0069522550329566,0.4612601697444916,0.5530858635902405,0.0837845653295517,0.6456694602966309,0.5790191888809204,0.027124527841806412,0.4494178891181946,0.5992230772972107,0.21393704414367676,0.6471978425979614,0.5970233082771301,0.029131397604942322,0.4505234658718109,0.6071304082870483,0.22236327826976776,0.674871563911438,0.5984652042388916,-0.026362359523773193,0.4470072388648987,0.6383193731307983,0.19033047556877136
0146,./images/155/frame_00146.jpg,Normal,0.5581415891647339,0.5028761029243469,-0.251230388879776,0.5694165825843811,0.4991312623023987,-0.2622033655643463,0.5716878175735474,0.49717986583709717,-0.26216715574264526,0.5740723013877869,0.4952678680419922,-0.2621942162513733,0.5559488534927368,0.49690476059913635,-0.2717519998550415,0.5527517795562744,0.49706530570983887,-0.2718545198440552,0.5509811639785767,0.49675247073173523,-0.27191808819770813,0.572039008140564,0.4765503406524658,-0.24526996910572052,0.5431722402572632,0.4856063723564148,-0.28795650601387024,0.5588345527648926,0.4984703063964844,-0.2370477169752121,0.5511224865913391,0.5008975267410278,-0.2498035877943039,0.5715159773826599,0.4418480396270752,-0.19880330562591553,0.49715256690979004,0.4788975715637207,-0.21388289332389832,0.5873100161552429,0.49263709783554077,-0.14784178137779236,0.49396976828575134,0.5416426062583923,-0.1792948842048645,0.5939938426017761,0.5693921446800232,-0.16380366683006287,0.5192099809646606,0.5838991403579712,-0.1636740267276764,0.6009271144866943,0.5861102342605591,-0.1807936429977417,0.522113025188446,0.5995601415634155,-0.1751621663570404,0.5934368968009949,0.5859361290931702,-0.18680348992347717,0.5275591611862183,0.5875797271728516,-0.1785217821598053,0.5883011817932129,0.5792227983474731,-0.16752217710018158,0.5272123217582703,0.579801619052887,-0.1645350456237793,0.5345556139945984,0.4530524015426636,0.008123612031340599,0.4899352192878723,0.47431105375289917,-0.007975079119205475,0.5933119058609009,0.5226501226425171,0.06248097866773605,0.46127986907958984,0.5479153394699097,0.15242668986320496,0.6474801301956177,0.5730017423629761,0.15345171093940735,0.44923871755599976,0.5989475846290588,0.31134507060050964,0.6483954191207886,0.5810664892196655,0.1613931804895401,0.4506159722805023,0.6069685816764832,0.32624033093452454,0.6742905378341675,0.6010590195655823,0.11177092790603638,0.44483739137649536,0.6383110284805298,0.2977980077266693
0147,./images/155/frame_00147.jpg,Normal,0.5626097917556763,0.5066194534301758,-0.3022489547729492,0.5730394721031189,0.5002515316009521,-0.31519612669944763,0.5752780437469482,0.4980987012386322,-0.3152013421058655,0.5775624513626099,0.49602338671684265,-0.3152865767478943,0.5643717050552368,0.503078281879425,-0.3266527056694031,0.5610791444778442,0.5037078261375427,-0.3267255127429962,0.5580865144729614,0.5043092370033264,-0.3267451524734497,0.5737320184707642,0.47795921564102173,-0.3013904094696045,0.5452972650527954,0.4926150143146515,-0.35185736417770386,0.5693343877792358,0.505588173866272,-0.2866992950439453,0.553938090801239,0.5052219033241272,-0.30162036418914795,0.576118528842926,0.4493080675601959,-0.23828348517417908,0.5000485181808472,0.4821828305721283,-0.2648680508136749,0.6104487180709839,0.49776461720466614,-0.19374629855155945,0.4939752221107483,0.532106339931488,-0.1785472333431244,0.653283953666687,0.5614730715751648,-0.23280835151672363,0.5242667198181152,0.5514171123504639,-0.11982544511556625,0.6690965890884399,0.570601761341095,-0.25430187582969666,0.5308402180671692,0.5607097148895264,-0.12379275262355804,0.6644564867019653,0.5707643032073975,-0.2677808105945587,0.5356519222259521,0.5449027419090271,-0.13123926520347595,0.6554195284843445,0.5688425898551941,-0.24051837623119354,0.5341676473617554,0.5414915084838867,-0.11998176574707031,0.5364726781845093,0.4563586711883545,0.007398202084004879,0.4916047155857086,0.4749957323074341,-0.007202075328677893,0.5894948244094849,0.5239672660827637,0.12647299468517303,0.46200257539749146,0.546265184879303,0.18047961592674255,0.6392068862915039,0.568238377571106,0.26693427562713623,0.44945454597473145,0.5990491509437561,0.36598068475723267,0.6403816938400269,0.571455180644989,0.280804306268692,0.4510362148284912,0.6069552302360535,0.3845951557159424,0.6643192768096924,0.6010769605636597,0.23237244784832,0.44490742683410645,0.6427422165870667,0.35472023487091064
0148,./images/155/frame_00148.jpg,Normal,0.5603644847869873,0.515399158000946,-0.310227632522583,0.5680789351463318,0.5106365084648132,-0.32494693994522095,0.570513904094696,0.5088356733322144,-0.3249278962612152,0.5730329155921936,0.5071837902069092,-0.3250148594379425,0.5597831606864929,0.5131410956382751,-0.3338007628917694,0.5568476915359497,0.5129055976867676,-0.33388271927833557,0.5543684959411621,0.5127362012863159,-0.3339037299156189,0.5717917680740356,0.48697179555892944,-0.3107983469963074,0.5443357229232788,0.4954444468021393,-0.35034430027008057,0.5650714039802551,0.5109155178070068,-0.2937679886817932,0.5517958998680115,0.5113204717636108,-0.3055371940135956,0.5798956155776978,0.45807358622550964,-0.24258866906166077,0.4989641308784485,0.47824347019195557,-0.25741642713546753,0.6042819619178772,0.5054585933685303,-0.19210030138492584,0.4865872859954834,0.5043917894363403,-0.16300125420093536,0.6238623857498169,0.5711546540260315,-0.2064119130373001,0.5233927965164185,0.5264633893966675,-0.08977911621332169,0.633886992931366,0.5832870602607727,-0.22372564673423767,0.530924379825592,0.5373457670211792,-0.08894917368888855,0.6281822919845581,0.5800271034240723,-0.23221543431282043,0.5354517698287964,0.5253168940544128,-0.09437642246484756,0.6218052506446838,0.5754419565200806,-0.21090665459632874,0.5335735082626343,0.5208808779716492,-0.0885586366057396,0.5437411069869995,0.4638887941837311,0.005292571149766445,0.4970494210720062,0.4755178689956665,-0.005087472032755613,0.5955209732055664,0.5341343283653259,0.10239466279745102,0.4628320336341858,0.5446632504463196,0.15846404433250427,0.6421595811843872,0.5821375250816345,0.22123675048351288,0.4487561285495758,0.5998947620391846,0.31746721267700195,0.6434863805770874,0.5840726494789124,0.23256449401378632,0.4489906430244446,0.6077761054039001,0.3332291543483734,0.6642664670944214,0.6231520771980286,0.18270768225193024,0.4438370168209076,0.6443125009536743,0.3023384213447571
0149,./images/155/frame_00149.jpg,Normal,0.5583552122116089,0.5195449590682983,-0.3328205347061157,0.5686923265457153,0.5152073502540588,-0.3467484414577484,0.5711690187454224,0.5137320160865784,-0.34668588638305664,0.5737038850784302,0.5123670101165771,-0.34673061966896057,0.5606082677841187,0.516974687576294,-0.3572998642921448,0.557582437992096,0.5164122581481934,-0.3574451804161072,0.5547444820404053,0.5159181952476501,-0.3575313091278076,0.5725588202476501,0.49368664622306824,-0.32737308740615845,0.5439705848693848,0.49977871775627136,-0.3764120638370514,0.5616176724433899,0.5151485800743103,-0.31456273794174194,0.5504623651504517,0.5152599215507507,-0.3291909098625183,0.5781333446502686,0.46173718571662903,-0.2508290112018585,0.49929317831993103,0.4784434139728546,-0.28678032755851746,0.596765398979187,0.5009974837303162,-0.19756576418876648,0.48566141724586487,0.49913647770881653,-0.23596124351024628,0.6073588728904724,0.5617929100990295,-0.21843615174293518,0.515534520149231,0.5074717402458191,-0.20609986782073975,0.6202285885810852,0.5767530202865601,-0.23280760645866394,0.5214178562164307,0.516836941242218,-0.2124459445476532,0.6178262233734131,0.5720391273498535,-0.23473742604255676,0.5265969038009644,0.5035479664802551,-0.2118915319442749,0.609703540802002,0.566290557384491,-0.2198750078678131,0.5250945091247559,0.4995230734348297,-0.20380623638629913,0.5421827435493469,0.4701087474822998,0.0077313752844929695,0.4961891174316406,0.4766259789466858,-0.0075876167975366116,0.5794879794120789,0.5353427529335022,0.16128535568714142,0.4629534184932709,0.5450082421302795,0.16577988862991333,0.6019689440727234,0.5877066254615784,0.33644717931747437,0.4489379823207855,0.59999680519104,0.3467479348182678,0.6012665629386902,0.5901064276695251,0.35386499762535095,0.44922366738319397,0.6077648997306824,0.36483532190322876,0.6145466566085815,0.6327120065689087,0.31109392642974854,0.443732351064682,0.6445040702819824,0.326640248298645
0150,./images/155/frame_00150.jpg,Normal,0.5572002530097961,0.5252479314804077,-0.30787259340286255,0.5668647289276123,0.5227041244506836,-0.3232474625110626,0.5693143606185913,0.5217267274856567,-0.323184072971344,0.5718215703964233,0.5208490490913391,-0.3232133984565735,0.5589041709899902,0.5228055119514465,-0.3319334387779236,0.5559924840927124,0.5216018557548523,-0.33206111192703247,0.553261399269104,0.5204629302024841,-0.33215707540512085,0.5718809366226196,0.5022517442703247,-0.31353598833084106,0.5438069105148315,0.4987960457801819,-0.3532179594039917,0.5595331788063049,0.5210306644439697,-0.2926878035068512,0.5499464869499207,0.5173841714859009,-0.3049340844154358,0.5796235799789429,0.4673835039138794,-0.2458609789609909,0.5012696385383606,0.47529810667037964,-0.2627059817314148,0.5921066999435425,0.5030104517936707,-0.19656237959861755,0.48314791917800903,0.4795355200767517,-0.15947078168392181,0.5845081806182861,0.5588788390159607,-0.2227339744567871,0.5058325529098511,0.49045422673225403,-0.06994085758924484,0.5858682990074158,0.5747273564338684,-0.23890459537506104,0.5101974606513977,0.4996659457683563,-0.06486444175243378,0.5788277387619019,0.5676211714744568,-0.23792751133441925,0.5145695209503174,0.49001264572143555,-0.06938402354717255,0.5755874514579773,0.5613231658935547,-0.22304615378379822,0.5140134692192078,0.4858170747756958,-0.06793712824583054,0.5491307377815247,0.4719768166542053,0.0057600392028689384,0.5035814046859741,0.47614821791648865,-0.005610332824289799,0.5703604221343994,0.5408540368080139,0.14959010481834412,0.46591633558273315,0.5427483916282654,0.14595279097557068,0.5773084759712219,0.6075478196144104,0.3211326003074646,0.4499453604221344,0.6072592735290527,0.31351524591445923,0.5750618577003479,0.6113691926002502,0.33811628818511963,0.44942426681518555,0.6071621775627136,0.33016836643218994,0.5837622880935669,0.6595157384872437,0.2997962534427643,0.44443297386169434,0.6442164778709412,0.2957794666290283
0151,./images/155/frame_00151.jpg,Normal,0.5586990118026733,0.5261288285255432,-0.27380800247192383,0.5700732469558716,0.5199081897735596,-0.28893083333969116,0.5722126960754395,0.5188354849815369,-0.28883928060531616,0.5744002461433411,0.5178487300872803,-0.28885528445243835,0.5580902099609375,0.5243484377861023,-0.3014453947544098,0.5552514791488647,0.5238609910011292,-0.30158063769340515,0.5583122372627258,0.5192793607711792,-0.3016698956489563,0.5738083720207214,0.5016283988952637,-0.28764769434928894,0.5451061129570007,0.5039353966712952,-0.3425601124763489,0.5589205026626587,0.5216932892799377,-0.2624925971031189,0.5513067841529846,0.5194829702377319,-0.28004470467567444,0.5757562518119812,0.4622128903865814,-0.21168804168701172,0.5045367479324341,0.47679221630096436,-0.2557982802391052,0.5914934873580933,0.45794257521629333,-0.06547727435827255,0.48415607213974,0.4608209729194641,-0.1210470050573349,0.5687547922134399,0.4839242696762085,0.034961652010679245,0.48795050382614136,0.43483680486679077,0.034652791917324066,0.5683234930038452,0.49641698598861694,0.04582802578806877,0.48665255308151245,0.4342213571071625,0.051788341253995895,0.5612468123435974,0.49039381742477417,0.04501819610595703,0.48990121483802795,0.42807286977767944,0.04641779139637947,0.5599415302276611,0.484423965215683,0.037888333201408386,0.4914317727088928,0.4267483055591583,0.037981800734996796,0.5475459694862366,0.4708162546157837,0.011258931830525398,0.5026494264602661,0.47627487778663635,-0.011122085154056549,0.5831723213195801,0.5386332869529724,0.06961465626955032,0.46371540427207947,0.5333632230758667,0.08009110391139984,0.6309391260147095,0.6007602214813232,0.15508168935775757,0.45387953519821167,0.607232391834259,0.2503869831562042,0.6331819891929626,0.6100459694862366,0.16223111748695374,0.4581357538700104,0.6082852482795715,0.2679256200790405,0.647978663444519,0.6452280282974243,0.10903819650411606,0.4447457194328308,0.6440995931625366,0.23618574440479279
0152,./images/155/frame_00152.jpg,Normal,0.5600031614303589,0.5324602723121643,-0.27559182047843933,0.5731678009033203,0.5266439914703369,-0.2947985529899597,0.5755377411842346,0.5260835886001587,-0.29472243785858154,0.5779291391372681,0.5256295204162598,-0.29471468925476074,0.5647397637367249,0.526720404624939,-0.3065095543861389,0.5618491768836975,0.5254175066947937,-0.30665090680122375,0.556355893611908,0.5237756967544556,-0.30673471093177795,0.5775001049041748,0.507919192314148,-0.2874893546104431,0.5460033416748047,0.5052850842475891,-0.338491827249527,0.5608729124069214,0.5257464647293091,-0.2641547620296478,0.5538880825042725,0.5242598056793213,-0.28028789162635803,0.5788534283638,0.47079598903656006,-0.22652964293956757,0.505538821220398,0.47331228852272034,-0.2524488866329193,0.5938740968704224,0.5059810876846313,-0.24049067497253418,0.484006404876709,0.4786378741264343,-0.22290852665901184,0.5725417733192444,0.5568011999130249,-0.3377843201160431,0.49316295981407166,0.4759935736656189,-0.25350481271743774,0.5711566805839539,0.5790205597877502,-0.36747583746910095,0.4930156171321869,0.48234087228775024,-0.2667095959186554,0.5616043210029602,0.5656972527503967,-0.3653745651245117,0.4980742037296295,0.47183194756507874,-0.27079081535339355,0.5607346892356873,0.5559430718421936,-0.3387943208217621,0.49886003136634827,0.4684205651283264,-0.2545369267463684,0.5512462854385376,0.47478407621383667,0.01094804983586073,0.5059827566146851,0.4788295030593872,-0.010819826275110245,0.6022792458534241,0.5450690984725952,0.07295384258031845,0.4636618494987488,0.535849928855896,0.10091418027877808,0.6481611728668213,0.6036818027496338,0.17067782580852509,0.4538264870643616,0.6048024296760559,0.2659689784049988,0.6487493515014648,0.6132584810256958,0.17941191792488098,0.4573744833469391,0.6098043322563171,0.282632976770401,0.6691967248916626,0.6417458653450012,0.13010849058628082,0.44499269127845764,0.6440233588218689,0.25073760747909546
0153,./images/155/frame_00153.jpg,Normal,0.5648285150527954,0.5311010479927063,-0.33521804213523865,0.5773571133613586,0.5218361616134644,-0.3481646180152893,0.5793823599815369,0.5207886695861816,-0.34813427925109863,0.5814498066902161,0.5197860598564148,-0.34822672605514526,0.5629741549491882,0.5258908271789551,-0.3608205020427704,0.5610771775245667,0.5255259871482849,-0.3609331250190735,0.5577896237373352,0.5249496102333069,-0.3609853982925415,0.578935980796814,0.5025233626365662,-0.32871049642562866,0.5498961210250854,0.5119024515151978,-0.386670857667923,0.5711563229560852,0.5232260227203369,-0.3176925778388977,0.55821692943573,0.5261453986167908,-0.3349152207374573,0.5801430344581604,0.4703579246997833,-0.26071321964263916,0.5088788866996765,0.4747696816921234,-0.2932780385017395,0.6128040552139282,0.5011702179908752,-0.214922234416008,0.484675794839859,0.4729330837726593,-0.22253191471099854,0.6495775580406189,0.5364903807640076,-0.25474774837493896,0.499788373708725,0.4635726511478424,-0.185121089220047,0.6631463170051575,0.5403715372085571,-0.27470138669013977,0.5015208721160889,0.4666903614997864,-0.19048938155174255,0.66007000207901,0.5376020669937134,-0.2883513867855072,0.5066164135932922,0.45744284987449646,-0.19797760248184204,0.6522337794303894,0.5371274352073669,-0.26225945353507996,0.50649493932724,0.45578888058662415,-0.18636661767959595,0.5474885702133179,0.47558119893074036,0.011282423511147499,0.5031060576438904,0.4802088439464569,-0.011114307679235935,0.5774995684623718,0.5477240681648254,0.14686354994773865,0.47020047903060913,0.5402039885520935,0.14193212985992432,0.5849682688713074,0.6162383556365967,0.3200478255748749,0.4537898004055023,0.6041687726974487,0.32455164194107056,0.5810896158218384,0.622414231300354,0.3364335596561432,0.456496000289917,0.6091123819351196,0.3415209949016571,0.5959251523017883,0.659687340259552,0.2883763611316681,0.44505754113197327,0.6438139081001282,0.29943519830703735
0154,./images/155/frame_00154.jpg,Normal,0.5646339654922485,0.5356295704841614,-0.3258576989173889,0.5782294273376465,0.5252338647842407,-0.33771568536758423,0.5806852579116821,0.5240172743797302,-0.33768999576568604,0.5831732749938965,0.5228885412216187,-0.33777669072151184,0.5618233680725098,0.5307702422142029,-0.34966373443603516,0.5597440004348755,0.5300753116607666,-0.34974291920661926,0.5567298531532288,0.5290356278419495,-0.3497432470321655,0.5816265344619751,0.5048403143882751,-0.31762224435806274,0.5488072037696838,0.5168802738189697,-0.3712531328201294,0.5678075551986694,0.5308132767677307,-0.30786624550819397,0.5586726665496826,0.5324182510375977,-0.3237602710723877,0.5871235728263855,0.4780338406562805,-0.25627174973487854,0.5093952417373657,0.47717994451522827,-0.2784273028373718,0.6193538904190063,0.5227220058441162,-0.2141132354736328,0.486527681350708,0.47822317481040955,-0.19660168886184692,0.6450589895248413,0.5872534513473511,-0.24416141211986542,0.5197027921676636,0.5076558589935303,-0.11986938863992691,0.6560903787612915,0.59810471534729,-0.2656219005584717,0.5267874002456665,0.5196176767349243,-0.12238619476556778,0.6507689952850342,0.5949537754058838,-0.27639561891555786,0.5328391790390015,0.5094547867774963,-0.12801212072372437,0.6442559957504272,0.5917301177978516,-0.25025027990341187,0.5305188298225403,0.5051780939102173,-0.11936972290277481,0.5478585362434387,0.47583508491516113,0.009942460805177689,0.5031272172927856,0.4800737202167511,-0.00971782486885786,0.5827202796936035,0.5486053824424744,0.14958658814430237,0.4722643792629242,0.539892315864563,0.1624445915222168,0.6113556027412415,0.6089410781860352,0.3126547336578369,0.45376864075660706,0.5964474678039551,0.34165239334106445,0.6130695939064026,0.6166509985923767,0.32879284024238586,0.4564334452152252,0.607075572013855,0.35871821641921997,0.6154196262359619,0.6497461199760437,0.2809261679649353,0.4450986981391907,0.6397750973701477,0.3198471665382385
0155,./images/155/frame_00155.jpg,Normal,0.573790431022644,0.5426197648048401,-0.3446445167064667,0.5798171758651733,0.5326439142227173,-0.35431504249572754,0.5822710394859314,0.531585156917572,-0.3542805314064026,0.5847548842430115,0.5306187272071838,-0.3543385863304138,0.5701742768287659,0.5341377854347229,-0.3648640513420105,0.5672981142997742,0.5330864787101746,-0.36499014496803284,0.564322292804718,0.5320491194725037,-0.36502137780189514,0.5837253928184509,0.5118417143821716,-0.3254486620426178,0.5537532567977905,0.5153724551200867,-0.37422627210617065,0.567432165145874,0.5321565270423889,-0.3239383399486542,0.560404360294342,0.5324199795722961,-0.3384966254234314,0.5874750018119812,0.48019939661026,-0.261117160320282,0.5132797360420227,0.48091796040534973,-0.283097505569458,0.6163128614425659,0.5240044593811035,-0.22346432507038116,0.49351245164871216,0.4843336343765259,-0.2598898410797119,0.6333379149436951,0.5881020426750183,-0.2607821226119995,0.5388299822807312,0.5196957588195801,-0.27453938126564026,0.6416491270065308,0.6005028486251831,-0.2832896113395691,0.5476301908493042,0.5324373245239258,-0.29135453701019287,0.6362987160682678,0.59550940990448,-0.293679803609848,0.556660532951355,0.5178607106208801,-0.2900104820728302,0.6311438679695129,0.5918750762939453,-0.2661598324775696,0.5531121492385864,0.513653039932251,-0.27356553077697754,0.5522601008415222,0.4843007028102875,0.007785473018884659,0.5078309774398804,0.489070862531662,-0.007644048426300287,0.603270947933197,0.5501157641410828,0.1236099824309349,0.4787243902683258,0.5355969071388245,0.1440035104751587,0.64404296875,0.6064793467521667,0.2708250880241394,0.45383110642433167,0.5940039753913879,0.3283660113811493,0.6447772979736328,0.6132007837295532,0.28550487756729126,0.4640541970729828,0.6059876084327698,0.34428611397743225,0.6568098664283752,0.6407003998756409,0.2417915165424347,0.4451844096183777,0.6378895044326782,0.3165490925312042
0156,./images/155/frame_00156.jpg,Normal,0.5705708265304565,0.5411681532859802,-0.34413331747055054,0.577343225479126,0.5330676436424255,-0.3585439622402191,0.5797392129898071,0.5326715111732483,-0.35849201679229736,0.5821651816368103,0.5324012041091919,-0.3585182726383209,0.5680790543556213,0.5321620106697083,-0.36990949511528015,0.5652748346328735,0.5306081771850586,-0.3700425326824188,0.562430739402771,0.5291144847869873,-0.37012335658073425,0.5816730260848999,0.5136198997497559,-0.33785584568977356,0.5524521470069885,0.5136833190917969,-0.39058929681777954,0.5675496459007263,0.5340157151222229,-0.32508420944213867,0.5602238774299622,0.5315430760383606,-0.34082740545272827,0.585898756980896,0.47983720898628235,-0.2711607813835144,0.5110363960266113,0.4672999382019043,-0.2918015718460083,0.6090181469917297,0.5249582529067993,-0.27591341733932495,0.49180030822753906,0.4781055450439453,-0.24022164940834045,0.5817857980728149,0.5823044180870056,-0.3666839003562927,0.5160830616950989,0.5147255063056946,-0.21762284636497498,0.5781546831130981,0.6001880764961243,-0.3981168866157532,0.5168839693069458,0.5318090915679932,-0.2261415719985962,0.5682672262191772,0.5906527042388916,-0.39254313707351685,0.5245862603187561,0.5138930678367615,-0.23267655074596405,0.567433774471283,0.5835229158401489,-0.3667467534542084,0.5247848629951477,0.5098670125007629,-0.21830518543720245,0.5539756417274475,0.481694757938385,0.00787661224603653,0.5086452960968018,0.4857838451862335,-0.007737820036709309,0.6081374883651733,0.550763726234436,0.13709713518619537,0.4794321656227112,0.5334348678588867,0.1590370088815689,0.6498191356658936,0.6046715378761292,0.29248368740081787,0.4555005133152008,0.5909375548362732,0.33317118883132935,0.6501883268356323,0.6115736961364746,0.30776461958885193,0.46584969758987427,0.6027339100837708,0.35003945231437683,0.6678091883659363,0.6446772217750549,0.2603946328163147,0.44610053300857544,0.6320123672485352,0.312388151884079
0157,./images/155/frame_00157.jpg,Normal,0.5685824751853943,0.5406258702278137,-0.33892011642456055,0.5790461897850037,0.5338238477706909,-0.3538765013217926,0.5814014673233032,0.5330034494400024,-0.3538192808628082,0.5837827920913696,0.532292366027832,-0.3538309931755066,0.567290723323822,0.533335268497467,-0.36539897322654724,0.5680429339408875,0.5315783023834229,-0.3655504882335663,0.5652192831039429,0.5300478935241699,-0.36564570665359497,0.5833508968353271,0.5120849013328552,-0.33510494232177734,0.552404522895813,0.515588104724884,-0.38861221075057983,0.5665093660354614,0.5342310667037964,-0.32063737511634827,0.5591691732406616,0.5334046483039856,-0.33665531873703003,0.5877514481544495,0.4771444499492645,-0.26921236515045166,0.5111855268478394,0.46836498379707336,-0.29537728428840637,0.6076518893241882,0.5203585624694824,-0.26715874671936035,0.49153608083724976,0.4822998046875,-0.2716878652572632,0.5837262272834778,0.574130654335022,-0.3482624888420105,0.5119807124137878,0.517870306968689,-0.28154972195625305,0.5809742212295532,0.5900593996047974,-0.3745306134223938,0.512262225151062,0.5313509702682495,-0.2943284511566162,0.5735829472541809,0.5823315978050232,-0.36957377195358276,0.5200310349464417,0.5185384154319763,-0.2979728579521179,0.5723294615745544,0.5763072371482849,-0.3482160270214081,0.5204628705978394,0.5134879350662231,-0.28230127692222595,0.5540899634361267,0.49141302704811096,0.008011406287550926,0.5079995393753052,0.49072274565696716,-0.007893836125731468,0.6012445688247681,0.5597957372665405,0.15312141180038452,0.47751522064208984,0.5346819162368774,0.16806727647781372,0.6436920166015625,0.6053275465965271,0.32162973284721375,0.45572608709335327,0.5887666940689087,0.3547387719154358,0.6450483202934265,0.6108237504959106,0.3381797969341278,0.4639521539211273,0.6004720330238342,0.3728911876678467,0.6602342128753662,0.6457528471946716,0.29084688425064087,0.445538192987442,0.630334198474884,0.334050714969635
0158,./images/155/frame_00158.jpg,Normal,0.5690152645111084,0.5423819422721863,-0.3262442350387573,0.582215428352356,0.53371262550354,-0.34451574087142944,0.5844019651412964,0.5329025983810425,-0.3444212079048157,0.5866041779518127,0.5321831107139587,-0.34434711933135986,0.5668938159942627,0.5371456742286682,-0.3558935225009918,0.5661351084709167,0.5355998277664185,-0.3560965061187744,0.5635132789611816,0.5343471765518188,-0.3562781810760498,0.5864964127540588,0.5117102861404419,-0.33081722259521484,0.5541397333145142,0.5160626173019409,-0.3856205642223358,0.5691196322441101,0.5363042950630188,-0.3085123598575592,0.5599645972251892,0.5356753468513489,-0.3252418637275696,0.5880048871040344,0.4753556251525879,-0.25975486636161804,0.5175008177757263,0.46903958916664124,-0.28660354018211365,0.6055551767349243,0.52692711353302,-0.281782865524292,0.4962664246559143,0.4936756491661072,-0.29427772760391235,0.5752698183059692,0.5799909234046936,-0.39939919114112854,0.5145909786224365,0.5185540318489075,-0.3626738488674164,0.570791482925415,0.5979565382003784,-0.431907594203949,0.5139487981796265,0.5307081341743469,-0.3832917809486389,0.5632860660552979,0.5882042646408081,-0.4261780381202698,0.5223830938339233,0.5179334878921509,-0.3856050372123718,0.5627046227455139,0.5808452367782593,-0.3995406925678253,0.5228553414344788,0.5132600665092468,-0.364245742559433,0.5545902848243713,0.49227797985076904,0.009669480845332146,0.5106891393661499,0.49351781606674194,-0.009572962298989296,0.6048428416252136,0.5635091662406921,0.14239910244941711,0.4785333275794983,0.5350252985954285,0.12375149875879288,0.6460742354393005,0.6077864170074463,0.30566683411598206,0.4569033682346344,0.5898890495300293,0.30168646574020386,0.6463603377342224,0.6147263646125793,0.32189303636550903,0.46501827239990234,0.6022529602050781,0.31928694248199463,0.6668251752853394,0.6444419622421265,0.2812516689300537,0.44560274481773376,0.6290315985679626,0.28535544872283936
0159,./images/155/frame_00159.jpg,Normal,0.5693432688713074,0.5418143272399902,-0.3269340693950653,0.5804490447044373,0.5394946336746216,-0.3422052264213562,0.5826758742332458,0.5388422012329102,-0.3421470522880554,0.5849167108535767,0.5382608771324158,-0.34214556217193604,0.5703887343406677,0.5395159125328064,-0.3531787395477295,0.5683640241622925,0.5377583503723145,-0.353333979845047,0.5659443736076355,0.5361735224723816,-0.35346928238868713,0.5851577520370483,0.5179916620254517,-0.326014906167984,0.557458221912384,0.5158800482749939,-0.3774030804634094,0.5701353549957275,0.5399468541145325,-0.3094978928565979,0.5619587898254395,0.5382750630378723,-0.3250248432159424,0.5865996479988098,0.48163703083992004,-0.26251739263534546,0.515837550163269,0.47383546829223633,-0.28626909852027893,0.5933458209037781,0.5376026034355164,-0.26638901233673096,0.49648207426071167,0.5120489597320557,-0.2555384635925293,0.5580850839614868,0.5837613344192505,-0.34823235869407654,0.5179464221000671,0.5499781370162964,-0.26514214277267456,0.5513986349105835,0.6003955602645874,-0.3791450262069702,0.5195886492729187,0.5637347102165222,-0.27125000953674316,0.5444934964179993,0.5880213975906372,-0.3732931911945343,0.526921808719635,0.5546038746833801,-0.2748308777809143,0.5452765226364136,0.5806547999382019,-0.347990483045578,0.5269452333450317,0.5487526059150696,-0.2645924985408783,0.5537266135215759,0.4894375801086426,0.011630641296505928,0.5102661848068237,0.4930020272731781,-0.011470800265669823,0.6019557118415833,0.5601621270179749,0.17041413486003876,0.4845753312110901,0.5355345606803894,0.13794772326946259,0.6274805665016174,0.6042807698249817,0.35048601031303406,0.4593328535556793,0.5857512950897217,0.31816500425338745,0.627639889717102,0.6074180006980896,0.3687526285648346,0.4682031571865082,0.5979585647583008,0.33605629205703735,0.6393322348594666,0.6438926458358765,0.32879215478897095,0.4456285536289215,0.6251261234283447,0.29698002338409424
0160,./images/155/frame_00160.jpg,Normal,0.5752612948417664,0.5322619676589966,-0.352936714887619,0.5805193185806274,0.5358940362930298,-0.36625346541404724,0.5819491147994995,0.534930944442749,-0.3662373423576355,0.5839294195175171,0.5340248346328735,-0.3662412762641907,0.5768245458602905,0.537841796875,-0.3750259578227997,0.5758593082427979,0.5371456146240234,-0.37517157196998596,0.5749737024307251,0.5342432856559753,-0.37534162402153015,0.5842320322990417,0.5150886178016663,-0.34831082820892334,0.5686904788017273,0.5164158940315247,-0.3899841606616974,0.5716540813446045,0.5252364873886108,-0.33590883016586304,0.5695222616195679,0.5258602499961853,-0.34849172830581665,0.5701760053634644,0.47656282782554626,-0.2891950011253357,0.5312944650650024,0.48741981387138367,-0.3093990981578827,0.5480169057846069,0.526911199092865,-0.30190953612327576,0.5247707962989807,0.5196062922477722,-0.33454105257987976,0.5346258282661438,0.5672018527984619,-0.39277204871177673,0.5400530695915222,0.5449376702308655,-0.4135052263736725,0.5321112871170044,0.5832933783531189,-0.4315846562385559,0.5407367944717407,0.5576531291007996,-0.4451264441013336,0.5298513174057007,0.5748634338378906,-0.43154335021972656,0.547167956829071,0.5483697652816772,-0.45130452513694763,0.5300530791282654,0.5675254464149475,-0.3954371213912964,0.5464955568313599,0.5424992442131042,-0.41807207465171814,0.5465151071548462,0.48927345871925354,0.014495541341602802,0.5174164772033691,0.4940314292907715,-0.014291475526988506,0.5718001127243042,0.5593014359474182,0.21064861118793488,0.5079468488693237,0.5398178696632385,0.14625431597232819,0.5905643701553345,0.6038792729377747,0.44412797689437866,0.487682580947876,0.5872241258621216,0.33710306882858276,0.5915244817733765,0.6073383688926697,0.46806105971336365,0.4862622618675232,0.5949146747589111,0.35594290494918823,0.5997456312179565,0.6363648176193237,0.43478265404701233,0.4898640215396881,0.6264663934707642,0.3169834017753601
0161,./images/155/frame_00161.jpg,Normal,0.5730254650115967,0.5369976758956909,-0.3137504756450653,0.5802095532417297,0.5358630418777466,-0.3307928442955017,0.5817716121673584,0.5349329113960266,-0.33078375458717346,0.583824634552002,0.5340604186058044,-0.3308113217353821,0.5734596252441406,0.5371479392051697,-0.33817198872566223,0.5725577473640442,0.5362840294837952,-0.33830350637435913,0.5724040269851685,0.5337250828742981,-0.3384409546852112,0.5833716988563538,0.5152192711830139,-0.3290082812309265,0.5633198618888855,0.5163756608963013,-0.35953566431999207,0.5704740285873413,0.5286886692047119,-0.30085355043411255,0.5664281845092773,0.5283902883529663,-0.3112618327140808,0.574414074420929,0.4751676023006439,-0.2738593518733978,0.5280007123947144,0.4861375689506531,-0.28098997473716736,0.569416344165802,0.5270010232925415,-0.31109803915023804,0.5222123861312866,0.5200077295303345,-0.2877858281135559,0.5407236814498901,0.5674027800559998,-0.4369167387485504,0.5307909846305847,0.5552558898925781,-0.35391491651535034,0.5346468687057495,0.5833806395530701,-0.4791477620601654,0.5277888774871826,0.5688490271568298,-0.38011983036994934,0.527401328086853,0.5731492042541504,-0.4721659719944,0.5371763706207275,0.558871865272522,-0.3864399790763855,0.5280866622924805,0.5663108229637146,-0.4374317228794098,0.5404772162437439,0.5533167719841003,-0.3579173684120178,0.5481535196304321,0.4863087236881256,0.013793456368148327,0.5168225169181824,0.4898732006549835,-0.013598235324025154,0.5873633623123169,0.5585814714431763,0.1791960895061493,0.4961225986480713,0.5411104559898376,0.15501312911510468,0.6241391897201538,0.5929632186889648,0.36353176832199097,0.4817129671573639,0.5872517824172974,0.3352656662464142,0.6257728934288025,0.5953649878501892,0.3818461298942566,0.48292112350463867,0.5901834964752197,0.3528869152069092,0.6384616494178772,0.6285293102264404,0.34081193804740906,0.47127771377563477,0.6260004043579102,0.31428220868110657
0162,./images/155/frame_00162.jpg,Normal,0.5720877051353455,0.5369519591331482,-0.3347487449645996,0.5799739360809326,0.5357980728149414,-0.3484058976173401,0.5819371938705444,0.5352716445922852,-0.34839168190956116,0.5841668844223022,0.5348501205444336,-0.348428338766098,0.5718435049057007,0.5358701348304749,-0.3535099923610687,0.5721619129180908,0.5349271893501282,-0.3536601960659027,0.5702003240585327,0.532787561416626,-0.3538079857826233,0.585658848285675,0.5177459716796875,-0.330516517162323,0.5618788599967957,0.5160093903541565,-0.35906845331192017,0.5706955790519714,0.5314527153968811,-0.3173303008079529,0.5653954744338989,0.5291846394538879,-0.32493671774864197,0.5846890807151794,0.4802454710006714,-0.27885469794273376,0.5227590203285217,0.4843396544456482,-0.2765684723854065,0.5766509771347046,0.5427376627922058,-0.32442229986190796,0.5174912214279175,0.528953492641449,-0.3255409300327301,0.5430996417999268,0.584537148475647,-0.452903687953949,0.5203317999839783,0.5762531161308289,-0.46034711599349976,0.5361009836196899,0.5992681980133057,-0.4965534210205078,0.5177839994430542,0.5904751420021057,-0.4992992877960205,0.528945803642273,0.5855773091316223,-0.49191218614578247,0.5267487168312073,0.5823436975479126,-0.5024812817573547,0.5300420522689819,0.5792078375816345,-0.4542972445487976,0.5308672189712524,0.5770119428634644,-0.4653826355934143,0.5560003519058228,0.4984319508075714,0.012282929383218288,0.5163493156433105,0.4997809827327728,-0.012189016677439213,0.5926623940467834,0.5691982507705688,0.18108347058296204,0.5043541789054871,0.5520684719085693,0.16703596711158752,0.624404788017273,0.5986118316650391,0.3769223392009735,0.4879857003688812,0.5979524254798889,0.35789746046066284,0.6257202625274658,0.5968019366264343,0.3969489634037018,0.4893174171447754,0.5977398157119751,0.3766108751296997,0.6383084058761597,0.6390299797058105,0.3620014190673828,0.47741174697875977,0.6428025364875793,0.3414877653121948
0163,./images/155/frame_00163.jpg,Normal,0.5674041509628296,0.537161648273468,-0.2782406806945801,0.5754203796386719,0.5371995568275452,-0.29282352328300476,0.5776857733726501,0.53700190782547,-0.292805016040802,0.5800617337226868,0.536904513835907,-0.29284974932670593,0.5698109865188599,0.5359123945236206,-0.29920288920402527,0.569148600101471,0.5345137119293213,-0.2993294894695282,0.5673514008522034,0.5324750542640686,-0.2994575500488281,0.5843995809555054,0.5184796452522278,-0.2827681601047516,0.5614287257194519,0.5152806043624878,-0.3140650689601898,0.5665763020515442,0.5313832759857178,-0.2639161944389343,0.5616670250892639,0.5289554595947266,-0.2735756039619446,0.5840245485305786,0.4795926511287689,-0.24570441246032715,0.5224831700325012,0.46732935309410095,-0.24814143776893616,0.5738695859909058,0.5392571687698364,-0.29583606123924255,0.49785202741622925,0.5132467746734619,-0.31301844120025635,0.5482230186462402,0.580584704875946,-0.40972989797592163,0.5024911165237427,0.5671256184577942,-0.4508441388607025,0.5437467098236084,0.595683753490448,-0.44681936502456665,0.49889230728149414,0.5770564675331116,-0.48649510741233826,0.5362497568130493,0.5833286046981812,-0.4448980391025543,0.5086366534233093,0.5633723735809326,-0.4905528426170349,0.5363167524337769,0.5769978165626526,-0.41135668754577637,0.5115127563476562,0.5576187968254089,-0.45569872856140137,0.5550084114074707,0.49493417143821716,0.014774839393794537,0.5143673419952393,0.4964371621608734,-0.01458919607102871,0.5888909697532654,0.568591833114624,0.11149225383996964,0.5012174248695374,0.5376783609390259,-0.06466378271579742,0.589286744594574,0.6070533990859985,0.27865278720855713,0.48902955651283264,0.5988831520080566,0.03313774615526199,0.585166335105896,0.6088217496871948,0.29467055201530457,0.488191694021225,0.6056969165802002,0.04311008006334305,0.5959848165512085,0.6419629454612732,0.25220388174057007,0.48641473054885864,0.6344925165176392,-0.013575723394751549
0164,./images/155/frame_00164.jpg,Normal,0.5648641586303711,0.5351262092590332,-0.34831950068473816,0.571049690246582,0.5339770913124084,-0.36528873443603516,0.5731090307235718,0.534092903137207,-0.3652481436729431,0.5752054452896118,0.5343558192253113,-0.3652961552143097,0.5666180849075317,0.5318243503570557,-0.3724607825279236,0.5654053092002869,0.5302396416664124,-0.3725963234901428,0.5638254880905151,0.5284321308135986,-0.3727447986602783,0.5790526866912842,0.517303466796875,-0.3489859104156494,0.5595800280570984,0.5106878876686096,-0.3839309513568878,0.5638457536697388,0.5282854437828064,-0.3306058943271637,0.5592196583747864,0.5254819393157959,-0.3412867784500122,0.581576943397522,0.47873687744140625,-0.2784274220466614,0.5204375982284546,0.4657493233680725,-0.2887669503688812,0.5727003216743469,0.5360267162322998,-0.29241806268692017,0.49760347604751587,0.49923914670944214,-0.30981650948524475,0.5504804253578186,0.5795173048973083,-0.3994430601596832,0.5058664083480835,0.5466859936714172,-0.40651363134384155,0.5473447442054749,0.5955504775047302,-0.43603166937828064,0.5045592784881592,0.5591439008712769,-0.4503635764122009,0.5414941906929016,0.5821450352668762,-0.433368444442749,0.5132714509963989,0.5536262392997742,-0.4173816740512848,0.540580153465271,0.575322151184082,-0.4009113907814026,0.5146501660346985,0.5485673546791077,-0.40274614095687866,0.5548045635223389,0.48413747549057007,0.014297544956207275,0.5133296251296997,0.47880080342292786,-0.014102034270763397,0.5726045370101929,0.558625340461731,0.21571330726146698,0.49712905287742615,0.5357873439788818,0.11580570787191391,0.5646964311599731,0.591367781162262,0.44079238176345825,0.48831892013549805,0.5910715460777283,0.29819753766059875,0.5622143745422363,0.5895110964775085,0.4636242985725403,0.47943443059921265,0.5943366289138794,0.31608274579048157,0.5627880096435547,0.6309263706207275,0.4220596253871918,0.4630664885044098,0.6251346468925476,0.2559317946434021
0165,./images/155/frame_00165.jpg,Normal,0.5678032040596008,0.5384636521339417,-0.2501071095466614,0.5725188851356506,0.5339454412460327,-0.26666003465652466,0.5743106603622437,0.5336044430732727,-0.26661235094070435,0.5761249661445618,0.5335978865623474,-0.26660826802253723,0.569136381149292,0.5336655378341675,-0.2781608998775482,0.5674957036972046,0.532638669013977,-0.2782793343067169,0.5657618045806885,0.5316086411476135,-0.2784338891506195,0.5793402194976807,0.5171719193458557,-0.2681695222854614,0.5600159168243408,0.5132413506507874,-0.3208889365196228,0.565963089466095,0.5285401344299316,-0.2396027147769928,0.5616444945335388,0.5289900898933411,-0.2554658353328705,0.5804785490036011,0.47061559557914734,-0.21163293719291687,0.5192248225212097,0.46652141213417053,-0.2514367401599884,0.5704553127288818,0.5266990661621094,-0.19425377249717712,0.4996206760406494,0.5051488876342773,-0.24813134968280792,0.5454047322273254,0.566495954990387,-0.26338380575180054,0.5181060433387756,0.5443246364593506,-0.28280678391456604,0.5397519469261169,0.5826151371002197,-0.2882058322429657,0.5201316475868225,0.5566099882125854,-0.30248457193374634,0.5357062816619873,0.5716822147369385,-0.2858208417892456,0.5270022749900818,0.5498207807540894,-0.29970744252204895,0.5360414385795593,0.563766598701477,-0.2641351521015167,0.527175784111023,0.5455296635627747,-0.2821877598762512,0.5540192723274231,0.4825480580329895,0.01487945206463337,0.5130656361579895,0.47964176535606384,-0.01471332460641861,0.575458824634552,0.5528209805488586,0.20012620091438293,0.49559837579727173,0.5372167825698853,0.11637888103723526,0.5873520970344543,0.5916413068771362,0.3969908356666565,0.4676609933376312,0.590941846370697,0.27868083119392395,0.5849064588546753,0.5922554135322571,0.4072282314300537,0.4729319214820862,0.5947102904319763,0.293293297290802,0.5879734754562378,0.6298642158508301,0.37175947427749634,0.4508785605430603,0.6238481998443604,0.2487497329711914
0166,./images/155/frame_00166.jpg,Normal,0.5678013563156128,0.5444743037223816,-0.30804458260536194,0.5760913491249084,0.5411458015441895,-0.3245462477207184,0.5785568952560425,0.5411967039108276,-0.32450562715530396,0.581046462059021,0.5414096117019653,-0.32452070713043213,0.5707493424415588,0.5392246842384338,-0.32721415162086487,0.5686076879501343,0.537630558013916,-0.32733502984046936,0.5665000677108765,0.5361211895942688,-0.3274443745613098,0.5854614973068237,0.5259681344032288,-0.3068436086177826,0.5608742237091064,0.518310010433197,-0.33848369121551514,0.5665371417999268,0.5368055701255798,-0.29041653871536255,0.5618869662284851,0.5363179445266724,-0.29394736886024475,0.5906842947006226,0.4912489056587219,-0.24043206870555878,0.5243209004402161,0.4717855155467987,-0.25815603137016296,0.5844603776931763,0.549176812171936,-0.30204853415489197,0.5048855543136597,0.5038166642189026,-0.3186904489994049,0.5541537404060364,0.5832144618034363,-0.4301624894142151,0.5194398760795593,0.5359643697738647,-0.4659248888492584,0.5463994741439819,0.5981594920158386,-0.46709904074668884,0.519912838935852,0.547366738319397,-0.49991750717163086,0.5415573120117188,0.5866124033927917,-0.462880939245224,0.527295708656311,0.5427313446998596,-0.4987834095954895,0.541886568069458,0.580105185508728,-0.43095946311950684,0.5283712148666382,0.5401126146316528,-0.4685226380825043,0.5663051009178162,0.49329766631126404,0.010714299976825714,0.5248490571975708,0.48552024364471436,-0.010635586455464363,0.5964583158493042,0.5701258778572083,0.18367785215377808,0.49957165122032166,0.5394344925880432,0.10895024240016937,0.6250253915786743,0.6104944944381714,0.3662285804748535,0.47314611077308655,0.6002218723297119,0.25135570764541626,0.6243546605110168,0.6146970391273499,0.38269639015197754,0.4748353064060211,0.6055335402488708,0.2653008997440338,0.6385918259620667,0.6465874314308167,0.34397703409194946,0.4515109658241272,0.6241598129272461,0.22371244430541992
0167,./images/155/frame_00167.jpg,Normal,0.5655134320259094,0.54512619972229,-0.3083454966545105,0.5728475451469421,0.5508313775062561,-0.327933132648468,0.5753010511398315,0.5511029362678528,-0.3278702199459076,0.5777705907821655,0.5514505505561829,-0.32786399126052856,0.5677644610404968,0.5482781529426575,-0.3341088891029358,0.5655004978179932,0.5462560057640076,-0.3342188000679016,0.5633561015129089,0.544359564781189,-0.33432620763778687,0.5816162824630737,0.5333264470100403,-0.32348892092704773,0.5579110383987427,0.5237149000167847,-0.3663262128829956,0.5650774836540222,0.5382360219955444,-0.29286137223243713,0.5603204369544983,0.5374764204025269,-0.30123239755630493,0.583855152130127,0.4877098500728607,-0.2548273205757141,0.5215954184532166,0.4678538143634796,-0.26677200198173523,0.5777673721313477,0.5439333319664001,-0.2742080092430115,0.4968091547489166,0.4655369520187378,-0.20735807716846466,0.5480380058288574,0.5817452073097229,-0.36055988073349,0.5117841958999634,0.4788306653499603,-0.17960113286972046,0.5429757237434387,0.5957362651824951,-0.39341723918914795,0.5125468373298645,0.48733991384506226,-0.18523268401622772,0.5358237624168396,0.5862993597984314,-0.38646799325942993,0.5181409120559692,0.48101142048835754,-0.19372616708278656,0.5353376269340515,0.5784988403320312,-0.35914742946624756,0.5184739232063293,0.47964558005332947,-0.18049201369285583,0.5621113777160645,0.4595057964324951,0.010641908273100853,0.5209031701087952,0.45375674962997437,-0.010510698892176151,0.5878604054450989,0.5502358078956604,0.16197749972343445,0.4871019721031189,0.5213903188705444,0.0032527975272387266,0.5968592762947083,0.5953934788703918,0.35770419239997864,0.4637250006198883,0.5961673259735107,0.13596124947071075,0.5953801870346069,0.5995129346847534,0.3762224614620209,0.4719173014163971,0.605242133140564,0.14942818880081177,0.6009036302566528,0.6334751844406128,0.3386749029159546,0.4517260193824768,0.624692440032959,0.10633298009634018
0168,./images/155/frame_00168.jpg,Normal,0.5686721205711365,0.5458650588989258,-0.2116292417049408,0.5785936713218689,0.5473935604095459,-0.2263365089893341,0.5807211399078369,0.5475267171859741,-0.2262687385082245,0.5828516483306885,0.5477593541145325,-0.22624072432518005,0.5679291486740112,0.5456796884536743,-0.23891988396644592,0.5656942129135132,0.5438892841339111,-0.23899956047534943,0.5633535385131836,0.5420267581939697,-0.23909202218055725,0.5812679529190063,0.5294749140739441,-0.22539079189300537,0.5577954649925232,0.5231231451034546,-0.28408917784690857,0.5676757097244263,0.5396641492843628,-0.20100700855255127,0.5623225569725037,0.5389353632926941,-0.21831312775611877,0.5836410522460938,0.4783962368965149,-0.17328862845897675,0.5205046534538269,0.4644576609134674,-0.21693071722984314,0.5875985622406006,0.5318207740783691,-0.16286952793598175,0.4967533051967621,0.4741358458995819,-0.18135184049606323,0.5660474300384521,0.5760489106178284,-0.24258847534656525,0.5122324824333191,0.49566036462783813,-0.16684585809707642,0.5623878240585327,0.5926374197006226,-0.2691127061843872,0.5128328204154968,0.5042890310287476,-0.17516444623470306,0.5533313751220703,0.5821044445037842,-0.26586204767227173,0.5185791850090027,0.49680179357528687,-0.17905491590499878,0.5525881052017212,0.5727853775024414,-0.2435031682252884,0.5186845064163208,0.4945486783981323,-0.16678670048713684,0.5543645620346069,0.4596654176712036,0.014360712841153145,0.5134992599487305,0.4518401622772217,-0.014186901971697807,0.5887401103973389,0.5415306687355042,0.13068920373916626,0.47439637780189514,0.510869026184082,0.012943319976329803,0.6146889925003052,0.5927796959877014,0.2783326506614685,0.4584735333919525,0.5892069339752197,0.1337573528289795,0.613566517829895,0.5995470881462097,0.2916773855686188,0.46190881729125977,0.6049076318740845,0.14532685279846191,0.6287336945533752,0.6253151893615723,0.2493666708469391,0.4448170065879822,0.6269373297691345,0.10523761808872223
0169,./images/155/frame_00169.jpg,Normal,0.5692732930183411,0.5441266298294067,-0.24845187366008759,0.5783041715621948,0.5411289930343628,-0.2659130394458771,0.5803290605545044,0.541109025478363,-0.2658328413963318,0.5825358629226685,0.5412114262580872,-0.2658224403858185,0.5711727142333984,0.5394290089607239,-0.2781118154525757,0.5692497491836548,0.5377715826034546,-0.278233140707016,0.567359983921051,0.5362329483032227,-0.2783292829990387,0.5810313820838928,0.5232467651367188,-0.26683059334754944,0.5582801103591919,0.5203021764755249,-0.3205902576446533,0.5676110982894897,0.5341050028800964,-0.23818159103393555,0.5622156858444214,0.5327606201171875,-0.25529828667640686,0.5815353393554688,0.4739547371864319,-0.21504679322242737,0.5181142091751099,0.4607560336589813,-0.2416701316833496,0.5906262993812561,0.5193666815757751,-0.21620646119117737,0.49085482954978943,0.4579007923603058,-0.20796187222003937,0.5771422982215881,0.5672758221626282,-0.30430981516838074,0.49615034461021423,0.45750871300697327,-0.19498874247074127,0.5772001147270203,0.5842373371124268,-0.33398449420928955,0.4937187731266022,0.46215853095054626,-0.2033679038286209,0.5672177076339722,0.5754773616790771,-0.33226478099823,0.5001202821731567,0.4567669630050659,-0.21199209988117218,0.564991295337677,0.566591203212738,-0.30574506521224976,0.5016995668411255,0.4559418559074402,-0.19718344509601593,0.552706241607666,0.46185794472694397,0.013985137455165386,0.5094445943832397,0.4533385932445526,-0.01384644489735365,0.5900445580482483,0.5458248853683472,0.11637543141841888,0.4695955216884613,0.5167101621627808,0.05339565873146057,0.6213890910148621,0.6089061498641968,0.2584836184978485,0.4597436487674713,0.5932006239891052,0.19892045855522156,0.6205049753189087,0.618261992931366,0.27177804708480835,0.4637214243412018,0.6046513915061951,0.21221056580543518,0.6358845829963684,0.64302659034729,0.2289617955684662,0.4453139901161194,0.6248661279678345,0.15178437530994415
0170,./images/155/frame_00170.jpg,Normal,0.5689701437950134,0.5426092147827148,-0.29707983136177063,0.578001856803894,0.537083089351654,-0.3141441345214844,0.579806923866272,0.5370252728462219,-0.31406325101852417,0.5817393064498901,0.5370895862579346,-0.3140887916088104,0.570921778678894,0.5353236794471741,-0.3283875584602356,0.5689703226089478,0.533692479133606,-0.3285210132598877,0.5670251846313477,0.5322310924530029,-0.32859674096107483,0.5799481272697449,0.5200093984603882,-0.30641406774520874,0.5582515001296997,0.5168479681015015,-0.3708449602127075,0.5675941109657288,0.5299909114837646,-0.2827078402042389,0.562147855758667,0.5292373299598694,-0.3026075065135956,0.5785470008850098,0.4720459282398224,-0.2478167563676834,0.513616681098938,0.46156761050224304,-0.27842578291893005,0.5901709198951721,0.5139527916908264,-0.2552822530269623,0.4884170591831207,0.4608249366283417,-0.21727433800697327,0.5773240923881531,0.5581288933753967,-0.3555300831794739,0.49499672651290894,0.46585404872894287,-0.17581787705421448,0.5775951147079468,0.5730744004249573,-0.3868941068649292,0.49329885840415955,0.4710848033428192,-0.179637610912323,0.5683555603027344,0.5644865036010742,-0.3856528401374817,0.49908605217933655,0.4669114053249359,-0.18835261464118958,0.5662084221839905,0.5574479699134827,-0.357573002576828,0.5005738735198975,0.4650254547595978,-0.17699751257896423,0.5498577356338501,0.47456932067871094,0.013734644278883934,0.5062997341156006,0.4779919981956482,-0.0136415408924222,0.5918763875961304,0.5480656623840332,0.14681652188301086,0.4731527268886566,0.5251545310020447,0.12294191122055054,0.6262385249137878,0.6067010164260864,0.3037335276603699,0.4570523798465729,0.5922262668609619,0.2929515242576599,0.6258488297462463,0.6148201823234558,0.3202795386314392,0.4640772342681885,0.604823112487793,0.3103669583797455,0.6421228647232056,0.6422460079193115,0.29007095098495483,0.4452526569366455,0.6246306300163269,0.2734726369380951
0171,./images/155/frame_00171.jpg,Normal,0.5700639486312866,0.5426444411277771,-0.295717716217041,0.579767107963562,0.5391865372657776,-0.3123863637447357,0.5818724036216736,0.538983941078186,-0.31231367588043213,0.5840353965759277,0.5388734340667725,-0.3123328983783722,0.5706908702850342,0.5384041666984558,-0.3254182040691376,0.5687921047210693,0.537644624710083,-0.3255497217178345,0.5669437646865845,0.5369071364402771,-0.32563355565071106,0.5836978554725647,0.5216844081878662,-0.3063332140445709,0.5582970380783081,0.5234553217887878,-0.36868733167648315,0.5688109993934631,0.5327077507972717,-0.2814217507839203,0.5631737112998962,0.534064769744873,-0.2997226119041443,0.583281397819519,0.4722805321216583,-0.2474304884672165,0.5146178007125854,0.4685504138469696,-0.27910131216049194,0.6001573801040649,0.5108793377876282,-0.22064384818077087,0.4931674599647522,0.46280616521835327,-0.18591031432151794,0.5877765417098999,0.5594244003295898,-0.2861712574958801,0.49923616647720337,0.4806041419506073,-0.10186092555522919,0.5890330076217651,0.5780807137489319,-0.3102283179759979,0.49734315276145935,0.4860096275806427,-0.10075955092906952,0.5788935422897339,0.5714997053146362,-0.3119541108608246,0.5027132630348206,0.4805774390697479,-0.11042317003011703,0.576418399810791,0.5630442500114441,-0.2887478470802307,0.5044386982917786,0.47861212491989136,-0.10252009332180023,0.5515912771224976,0.4661839008331299,0.015056701377034187,0.5068482160568237,0.46913275122642517,-0.014981679618358612,0.5900585055351257,0.5452370643615723,0.1365426927804947,0.4722088873386383,0.5244567394256592,0.09487070143222809,0.6230000257492065,0.6054936051368713,0.2908121943473816,0.45531129837036133,0.591785192489624,0.27264755964279175,0.6216592788696289,0.6137033104896545,0.3062628507614136,0.4575828015804291,0.6043587327003479,0.2928265333175659,0.6402339935302734,0.6412403583526611,0.2692299485206604,0.4457283616065979,0.6255953311920166,0.27095502614974976
0172,./images/155/frame_00172.jpg,Normal,0.5705832242965698,0.5441075563430786,-0.3220050632953644,0.5761955976486206,0.5403807163238525,-0.33688849210739136,0.5826000571250916,0.5380346775054932,-0.33678966760635376,0.5847213268280029,0.5374612808227539,-0.33680588006973267,0.5702747106552124,0.5408589839935303,-0.35308438539505005,0.5687246918678284,0.5402951836585999,-0.3532462418079376,0.5667320489883423,0.5396096706390381,-0.35332080721855164,0.5838513970375061,0.517630934715271,-0.32387208938598633,0.5582772493362427,0.5233596563339233,-0.3989781141281128,0.5687493085861206,0.5354691743850708,-0.3057238459587097,0.563006579875946,0.537178635597229,-0.327994167804718,0.5830777883529663,0.46903136372566223,-0.24663999676704407,0.5138022303581238,0.4687196612358093,-0.31250160932540894,0.5983706712722778,0.500870406627655,-0.1620621234178543,0.49298524856567383,0.4696821868419647,-0.19929708540439606,0.590857207775116,0.5606482028961182,-0.15298908948898315,0.4980124533176422,0.4720774292945862,-0.07016218453645706,0.5932809114456177,0.5787605047225952,-0.15967746078968048,0.49644073843955994,0.4742738604545593,-0.06263391673564911,0.5865107178688049,0.5739964246749878,-0.164097398519516,0.5005924701690674,0.467742383480072,-0.06889364123344421,0.5833725929260254,0.5655182600021362,-0.15500202775001526,0.5018151998519897,0.46656087040901184,-0.06861147284507751,0.5492922067642212,0.46697357296943665,0.018689177930355072,0.503514289855957,0.47188055515289307,-0.018632754683494568,0.5762573480606079,0.5460420846939087,0.17274725437164307,0.4679741859436035,0.5251920223236084,0.1344471424818039,0.610385000705719,0.6052820086479187,0.35413438081741333,0.4524814188480377,0.5920050740242004,0.32833999395370483,0.6101152300834656,0.6123583316802979,0.37206166982650757,0.4538789391517639,0.6026393175125122,0.34761741757392883,0.6280890703201294,0.640758216381073,0.33646804094314575,0.44289764761924744,0.6262684464454651,0.31125253438949585
0173,./images/155/frame_00173.jpg,Normal,0.5700905919075012,0.5438076257705688,-0.34039121866226196,0.5761803388595581,0.5297372341156006,-0.3536926805973053,0.5814365744590759,0.5277529954910278,-0.35363689064979553,0.583674430847168,0.5261605381965637,-0.35365015268325806,0.5695856809616089,0.5389765501022339,-0.3691115975379944,0.5671225786209106,0.5379552841186523,-0.36926478147506714,0.5656921863555908,0.5373862385749817,-0.36940351128578186,0.582543134689331,0.5052570104598999,-0.33307120203971863,0.5575985312461853,0.5116231441497803,-0.4037970006465912,0.5682715177536011,0.5344889163970947,-0.3213939070701599,0.5628228783607483,0.5365761518478394,-0.3424297571182251,0.5782887935638428,0.46016281843185425,-0.2569934129714966,0.5131253004074097,0.47056952118873596,-0.3185911774635315,0.577461838722229,0.4982612729072571,-0.2420382797718048,0.4963904321193695,0.49315154552459717,-0.2230418473482132,0.5572084784507751,0.545578122138977,-0.337397038936615,0.5132567882537842,0.4932652413845062,-0.1402880996465683,0.5549125671386719,0.5605035424232483,-0.3687794804573059,0.5156093835830688,0.4956827759742737,-0.14373832941055298,0.5490086674690247,0.5522264838218689,-0.3641616106033325,0.5192354917526245,0.4826887249946594,-0.14805085957050323,0.5479744076728821,0.5450554490089417,-0.3390830159187317,0.5186014771461487,0.4792693555355072,-0.1389736533164978,0.5438913106918335,0.46832695603370667,0.022485755383968353,0.5010949373245239,0.4733344316482544,-0.022346289828419685,0.5693232417106628,0.5414394736289978,0.2137039601802826,0.4711599349975586,0.5327027440071106,0.16262108087539673,0.596157431602478,0.5861412286758423,0.4259323179721832,0.45050254464149475,0.5932556986808777,0.3599547743797302,0.5962977409362793,0.591176450252533,0.44766443967819214,0.4513724744319916,0.6025274395942688,0.3800412118434906,0.6088166236877441,0.6210788488388062,0.41296833753585815,0.44257688522338867,0.6284143924713135,0.33544257283210754
0174,./images/155/frame_00174.jpg,Normal,0.569968044757843,0.5437092781066895,-0.3470260202884674,0.576541543006897,0.5299322605133057,-0.36193591356277466,0.5812801718711853,0.5281375646591187,-0.36188024282455444,0.5831440091133118,0.5263372659683228,-0.36186736822128296,0.5714806914329529,0.5387811660766602,-0.37287551164627075,0.5695096254348755,0.5379231572151184,-0.3730179965496063,0.5679846405982971,0.5371911525726318,-0.373150110244751,0.5812323093414307,0.5076812505722046,-0.3449721038341522,0.5600051283836365,0.5142778158187866,-0.3966440260410309,0.5668253302574158,0.5329113602638245,-0.3296397626399994,0.5627526044845581,0.5351883172988892,-0.3449847102165222,0.57601398229599,0.4620078504085541,-0.285552442073822,0.5142081379890442,0.4797062873840332,-0.3038081228733063,0.5618280172348022,0.5016825199127197,-0.3010569214820862,0.5024693608283997,0.5049164891242981,-0.2812792658805847,0.5410584211349487,0.5439767837524414,-0.4167172312736511,0.5135105848312378,0.5125373005867004,-0.3158348798751831,0.5379346609115601,0.5591476559638977,-0.45589232444763184,0.5140960216522217,0.5201290845870972,-0.33548659086227417,0.5335700511932373,0.5492535829544067,-0.4534377455711365,0.5182856917381287,0.5079167485237122,-0.3430028557777405,0.5330098271369934,0.5420077443122864,-0.41891270875930786,0.518531858921051,0.5032327175140381,-0.31929969787597656,0.5439608693122864,0.4630104899406433,0.019063172861933708,0.5023892521858215,0.4686737358570099,-0.0188769418746233,0.5646820664405823,0.5418696403503418,0.18980568647384644,0.47151583433151245,0.5326367616653442,0.1594782918691635,0.5864725112915039,0.5870653390884399,0.3827367126941681,0.451799213886261,0.5932462215423584,0.3439469337463379,0.5862271189689636,0.5930002331733704,0.40198326110839844,0.4542483687400818,0.5950697660446167,0.3618232309818268,0.5973347425460815,0.6341747045516968,0.3629125952720642,0.44344741106033325,0.6262964606285095,0.3184248208999634
0175,./images/155/frame_00175.jpg,Normal,0.5698403120040894,0.548641562461853,-0.43639618158340454,0.5745130777359009,0.5411099195480347,-0.44322267174720764,0.5828508138656616,0.5421150326728821,-0.44315919280052185,0.58512943983078,0.5416378974914551,-0.4432453215122223,0.5702812075614929,0.542342483997345,-0.45744189620018005,0.5687258243560791,0.5413672924041748,-0.4576100707054138,0.5667771697044373,0.5399448275566101,-0.4576936364173889,0.5843069553375244,0.519993007183075,-0.3908880054950714,0.5584324598312378,0.5182694792747498,-0.4574248790740967,0.5668662786483765,0.5422852039337158,-0.40637221932411194,0.5627065300941467,0.542512834072113,-0.4260288178920746,0.5841246843338013,0.4799974262714386,-0.28607624769210815,0.5132222771644592,0.47921764850616455,-0.34507322311401367,0.6017069816589355,0.5105844140052795,-0.1913013458251953,0.49549955129623413,0.4795485734939575,-0.26813408732414246,0.6092000007629395,0.5663583278656006,-0.194644033908844,0.5071591734886169,0.4811445474624634,-0.24670156836509705,0.6150727272033691,0.5811949372291565,-0.20884132385253906,0.5072737336158752,0.4831257164478302,-0.2594359517097473,0.6111599206924438,0.5751533508300781,-0.21968810260295868,0.5123695135116577,0.4743795096874237,-0.26495081186294556,0.6057983636856079,0.5692689418792725,-0.19961576163768768,0.5128230452537537,0.4736238121986389,-0.24835577607154846,0.5444618463516235,0.4758340120315552,0.020662518218159676,0.501757025718689,0.46907734870910645,-0.020490199327468872,0.5554401278495789,0.5463594794273376,0.2259722650051117,0.4720401167869568,0.5351124405860901,0.1863783448934555,0.5417497754096985,0.6103268265724182,0.4851524233818054,0.4495096206665039,0.5949175357818604,0.42611098289489746,0.535259485244751,0.6131730675697327,0.5111433267593384,0.447411447763443,0.6002159118652344,0.4493618607521057,0.5438789129257202,0.662443995475769,0.46919021010398865,0.4410736560821533,0.6325482726097107,0.39626505970954895
0176,./images/155/frame_00176.jpg,Normal,0.5679852962493896,0.5513818264007568,-0.3539641797542572,0.5714033246040344,0.5439716577529907,-0.36585766077041626,0.5745793581008911,0.5432653427124023,-0.36571070551872253,0.584943413734436,0.5421423316001892,-0.3656485378742218,0.5671694278717041,0.5444487929344177,-0.3767682611942291,0.5657916069030762,0.5432173013687134,-0.3769241273403168,0.5641894936561584,0.5416083335876465,-0.3769419193267822,0.5840166807174683,0.5207822918891907,-0.3393632769584656,0.5565215349197388,0.5249419212341309,-0.3931770920753479,0.5654968023300171,0.5448034405708313,-0.3332828879356384,0.5610196590423584,0.5447394251823425,-0.3487456142902374,0.5837410092353821,0.4791821837425232,-0.24993786215782166,0.5132876634597778,0.47788649797439575,-0.2974172830581665,0.5890101194381714,0.511988639831543,-0.16275081038475037,0.4950985908508301,0.47941797971725464,-0.2514731287956238,0.5742290019989014,0.5701711177825928,-0.15757815539836884,0.5062560439109802,0.47145774960517883,-0.22044909000396729,0.5733241438865662,0.5894179344177246,-0.16734686493873596,0.5064502358436584,0.4732595682144165,-0.22559750080108643,0.569119930267334,0.580525279045105,-0.17265301942825317,0.5109056830406189,0.46292394399642944,-0.2247806340456009,0.5681017637252808,0.57185298204422,-0.1593443751335144,0.5111069083213806,0.46218159794807434,-0.21936555206775665,0.5449969172477722,0.46962112188339233,0.020139114931225777,0.50234055519104,0.4637763500213623,-0.01994633488357067,0.5672661066055298,0.5528706312179565,0.1245187297463417,0.4644598364830017,0.5188226699829102,0.08077310025691986,0.5947296023368835,0.6245307326316833,0.2676098048686981,0.4498406946659088,0.5967117547988892,0.24133022129535675,0.5919262170791626,0.6354621648788452,0.28067827224731445,0.4496622681617737,0.6034879684448242,0.2567543387413025,0.6137950420379639,0.6664028763771057,0.2358449399471283,0.44118183851242065,0.63400799036026,0.21837715804576874
0177,./images/155/frame_00177.jpg,Normal,0.5677102208137512,0.5510188937187195,-0.34829792380332947,0.5708761215209961,0.543240487575531,-0.3615317940711975,0.5774115324020386,0.5405534505844116,-0.3614310324192047,0.5845977663993835,0.5392908453941345,-0.36140063405036926,0.5668436288833618,0.5439490675926208,-0.3736334443092346,0.5656574368476868,0.5428733229637146,-0.3737808167934418,0.5639830827713013,0.5414254665374756,-0.3738635778427124,0.583820641040802,0.5185835957527161,-0.339250385761261,0.556671142578125,0.5255493521690369,-0.3969053626060486,0.5654785633087158,0.5434268712997437,-0.3291856348514557,0.5610050559043884,0.5435373783111572,-0.34616848826408386,0.5831823348999023,0.47648710012435913,-0.27130767703056335,0.5150221586227417,0.4795360267162323,-0.3027813136577606,0.5763087868690491,0.508461058139801,-0.2544233798980713,0.4987757205963135,0.49510687589645386,-0.28151923418045044,0.5582367777824402,0.5607131719589233,-0.3386259973049164,0.5120097994804382,0.501547634601593,-0.29153475165367126,0.5563629269599915,0.5786500573158264,-0.37103503942489624,0.5126233100891113,0.5084658265113831,-0.30908554792404175,0.550723671913147,0.5687987208366394,-0.3721386790275574,0.5175188779830933,0.49681442975997925,-0.31317368149757385,0.5499690175056458,0.5603888034820557,-0.3416356146335602,0.5177031755447388,0.4935373067855835,-0.29336491227149963,0.5454594492912292,0.4646884500980377,0.019671674817800522,0.5027520656585693,0.46379944682121277,-0.019504684954881668,0.568631649017334,0.5473833084106445,0.17555782198905945,0.4668980538845062,0.5170819163322449,0.1317363977432251,0.5940268039703369,0.6172776222229004,0.35733485221862793,0.4488012194633484,0.5980075597763062,0.3062230944633484,0.5917893648147583,0.6297307014465332,0.3749903440475464,0.4489883482456207,0.6043872237205505,0.3229115605354309,0.6113216876983643,0.6605516672134399,0.329647958278656,0.4410116672515869,0.6336904764175415,0.274667888879776
0178,./images/155/frame_00178.jpg,Normal,0.5674036145210266,0.5493466258049011,-0.3308728337287903,0.5704267024993896,0.5429564118385315,-0.34416356682777405,0.5775694847106934,0.5396260619163513,-0.34410661458969116,0.5838724374771118,0.5385106205940247,-0.34410426020622253,0.5665351748466492,0.5438650846481323,-0.35555604100227356,0.5654695630073547,0.5426908731460571,-0.3556818962097168,0.5636852979660034,0.5412704944610596,-0.3558041751384735,0.5832811594009399,0.518438458442688,-0.32832345366477966,0.5567094087600708,0.5249937176704407,-0.3807530701160431,0.5644862055778503,0.5430487990379333,-0.3143567442893982,0.5609360933303833,0.5428118705749512,-0.33007094264030457,0.579997718334198,0.47502556443214417,-0.2676345407962799,0.5151466727256775,0.48047447204589844,-0.2914678454399109,0.5712400674819946,0.5143051743507385,-0.26271191239356995,0.4995761513710022,0.5252875685691833,-0.2655714750289917,0.5550812482833862,0.5681278109550476,-0.3633590638637543,0.5206793546676636,0.5511943697929382,-0.28071850538253784,0.5537269115447998,0.5862153768539429,-0.40006256103515625,0.5234876871109009,0.5638715028762817,-0.3006772994995117,0.5479652285575867,0.5765719413757324,-0.40155449509620667,0.5294727683067322,0.5514184832572937,-0.30774760246276855,0.5465229749679565,0.5684049725532532,-0.36706966161727905,0.5290742516517639,0.5458253026008606,-0.2834000587463379,0.543622612953186,0.4611549377441406,0.019439632073044777,0.5017911195755005,0.4624466896057129,-0.019256675615906715,0.5764734745025635,0.5438401699066162,0.17062196135520935,0.4678989052772522,0.5162026882171631,0.13682451844215393,0.6093781590461731,0.602286696434021,0.3459929823875427,0.44970759749412537,0.593774139881134,0.3057861626148224,0.6080631613731384,0.6109417676925659,0.3636253774166107,0.4496981203556061,0.5967230200767517,0.32161813974380493,0.6287401914596558,0.6432019472122192,0.32434263825416565,0.4415484070777893,0.6311832070350647,0.2753409743309021
0179,./images/155/frame_00179.jpg,Normal,0.566400408744812,0.5487818121910095,-0.3237442374229431,0.5696922540664673,0.5439862012863159,-0.3384442925453186,0.5729961395263672,0.5397093296051025,-0.3383748233318329,0.5826634764671326,0.5370398759841919,-0.33837613463401794,0.5649539232254028,0.5443943738937378,-0.351838082075119,0.5630410313606262,0.5430731177330017,-0.35198381543159485,0.561614990234375,0.5416889786720276,-0.3520914912223816,0.576806366443634,0.5183696150779724,-0.32368898391723633,0.5555115938186646,0.5245989561080933,-0.38187074661254883,0.5635696649551392,0.5423246026039124,-0.30709025263786316,0.5599004030227661,0.5422935485839844,-0.3257099986076355,0.5748268961906433,0.473856657743454,-0.2647170126438141,0.5139957666397095,0.47932353615760803,-0.2970450818538666,0.5727400183677673,0.5143210887908936,-0.27027198672294617,0.49605226516723633,0.5220943689346313,-0.27991995215415955,0.5587506294250488,0.5655854344367981,-0.3832285702228546,0.5128504037857056,0.5183131694793701,-0.29171299934387207,0.5569369792938232,0.5817186832427979,-0.41839560866355896,0.514722466468811,0.5222135186195374,-0.3083747625350952,0.5502545833587646,0.5709004998207092,-0.41584348678588867,0.5203779935836792,0.5086947083473206,-0.31211134791374207,0.5490105152130127,0.5637223124504089,-0.3855050206184387,0.5201659202575684,0.5063537359237671,-0.2930108308792114,0.541951060295105,0.46808725595474243,0.019395736977458,0.5003276467323303,0.4716736674308777,-0.019238006323575974,0.5727957487106323,0.544061005115509,0.18964800238609314,0.4664849638938904,0.517707109451294,0.1423855572938919,0.603561282157898,0.5996739864349365,0.3808189332485199,0.44922056794166565,0.5940849184989929,0.32813766598701477,0.6023393869400024,0.6073968410491943,0.40000754594802856,0.44954442977905273,0.5970115065574646,0.34640008211135864,0.6255759596824646,0.6385412216186523,0.36250054836273193,0.4418715834617615,0.6311586499214172,0.30244094133377075
0180,./images/155/frame_00180.jpg,Normal,0.5718532800674438,0.5289835929870605,-0.35147061944007874,0.5754594802856445,0.5241522192955017,-0.3685733675956726,0.5750958323478699,0.5210937857627869,-0.36847513914108276,0.5821689367294312,0.5183166265487671,-0.36841729283332825,0.5726677179336548,0.5300077199935913,-0.3764893114566803,0.5714913010597229,0.5309025049209595,-0.37665191292762756,0.5705190896987915,0.5318586826324463,-0.37687236070632935,0.5768424272537231,0.5018340945243835,-0.3693429231643677,0.5631862878799438,0.5198548436164856,-0.4057633876800537,0.5667819380760193,0.5190371870994568,-0.34217917919158936,0.5647230744361877,0.5230506062507629,-0.3532406687736511,0.5638912916183472,0.44968703389167786,-0.29589149355888367,0.5155956745147705,0.49770432710647583,-0.32558348774909973,0.5241934061050415,0.4217028319835663,-0.15695717930793762,0.5061226487159729,0.5250580906867981,-0.2682538628578186,0.5094388723373413,0.4296223819255829,-0.05762772634625435,0.5204845666885376,0.5331005454063416,-0.2200840711593628,0.5047812461853027,0.433361679315567,-0.059201814234256744,0.5217961668968201,0.5441712141036987,-0.22907331585884094,0.5080468654632568,0.4350284934043884,-0.0584101602435112,0.5260981321334839,0.5318334102630615,-0.23689353466033936,0.5082970261573792,0.4308902621269226,-0.054810989648103714,0.5266531705856323,0.5235684514045715,-0.22183211147785187,0.534960150718689,0.46563488245010376,0.019461093470454216,0.4986620843410492,0.4717753231525421,-0.01927025243639946,0.527143120765686,0.5431750416755676,0.20655710995197296,0.46667614579200745,0.5157182216644287,0.17743365466594696,0.5156437754631042,0.6005954146385193,0.43786686658859253,0.44853559136390686,0.5929892063140869,0.39564698934555054,0.5122029185295105,0.6072584986686707,0.461481511592865,0.44426852464675903,0.5878961682319641,0.4171285629272461,0.5174773335456848,0.6468392014503479,0.42456620931625366,0.4417995810508728,0.6392569541931152,0.3753482699394226
0181,./images/155/frame_00181.jpg,Normal,0.5705143809318542,0.5412949919700623,-0.3013187646865845,0.573072075843811,0.5380955934524536,-0.31367406249046326,0.5739251971244812,0.536619246006012,-0.3136111795902252,0.5775920152664185,0.5339826941490173,-0.3136141896247864,0.5679103136062622,0.5385127663612366,-0.3251490592956543,0.5660189986228943,0.5375387072563171,-0.3252520263195038,0.564407229423523,0.5365883111953735,-0.32535305619239807,0.5759061574935913,0.5147637724876404,-0.29364490509033203,0.5578951239585876,0.5212527513504028,-0.346619188785553,0.5667611956596375,0.5364977121353149,-0.2836412489414215,0.5621877908706665,0.5358335971832275,-0.2995055317878723,0.5757388472557068,0.4766671359539032,-0.23051726818084717,0.5153800249099731,0.48436757922172546,-0.264043390750885,0.5808812379837036,0.5332639813423157,-0.23551461100578308,0.4978213310241699,0.5176917314529419,-0.266260027885437,0.5494269132614136,0.5646016597747803,-0.34867972135543823,0.5214444994926453,0.5488336086273193,-0.28193971514701843,0.5396526455879211,0.5780173540115356,-0.3819694221019745,0.5252650380134583,0.5654574632644653,-0.2994305491447449,0.5300471782684326,0.5646702647209167,-0.3746764063835144,0.532787561416626,0.5553843975067139,-0.3012773394584656,0.5323984622955322,0.5587562322616577,-0.348283588886261,0.5319259762763977,0.5488088130950928,-0.28205177187919617,0.5366129875183105,0.4781897962093353,0.0189826600253582,0.49927854537963867,0.4767809212207794,-0.018812919035553932,0.5861738324165344,0.554707944393158,0.13231824338436127,0.46526604890823364,0.5147812962532043,0.09755989164113998,0.6314157247543335,0.6059815883636475,0.2743697464466095,0.4475378394126892,0.5932221412658691,0.24809536337852478,0.6316567659378052,0.6147488951683044,0.28852421045303345,0.44563284516334534,0.5924609303474426,0.2626703083515167,0.6536682844161987,0.6459160447120667,0.24868746101856232,0.43918871879577637,0.63848876953125,0.22398562729358673
0182,./images/155/frame_00182.jpg,Normal,0.5705975294113159,0.5410959720611572,-0.24981828033924103,0.5732259154319763,0.5380739569664001,-0.26206231117248535,0.5742990374565125,0.5365416407585144,-0.2620046138763428,0.5808974504470825,0.533966600894928,-0.2619870603084564,0.5682730078697205,0.5381640195846558,-0.27533143758773804,0.5665820837020874,0.5371100306510925,-0.2754499614238739,0.5652655363082886,0.5361083149909973,-0.27556508779525757,0.5793739557266235,0.5153809785842896,-0.25271132588386536,0.5581344366073608,0.5211700201034546,-0.31476831436157227,0.5670009255409241,0.5364494919776917,-0.23706229031085968,0.5628370046615601,0.5358344316482544,-0.25560227036476135,0.5757390260696411,0.47600865364074707,-0.2066841870546341,0.5186301469802856,0.47444120049476624,-0.24626095592975616,0.5806088447570801,0.5233924984931946,-0.23519456386566162,0.4972890317440033,0.49929049611091614,-0.264390766620636,0.5612648725509644,0.5596271753311157,-0.3449294865131378,0.5102156400680542,0.5257673859596252,-0.30645841360092163,0.557561457157135,0.5736703872680664,-0.3752715289592743,0.5084357261657715,0.5402621626853943,-0.3243632912635803,0.5469440221786499,0.5627022981643677,-0.3731021583080292,0.5176987051963806,0.5389204621315002,-0.3263184130191803,0.5469945669174194,0.5568486452102661,-0.34676647186279297,0.5187158584594727,0.5376214981079102,-0.30742835998535156,0.5385295152664185,0.4802287220954895,0.018566982820630074,0.502434492111206,0.47827550768852234,-0.018372908234596252,0.591301679611206,0.5539417266845703,0.09201504290103912,0.4655325412750244,0.5073673725128174,-0.015781715512275696,0.629524827003479,0.6049306988716125,0.20337530970573425,0.4480055272579193,0.5938178896903992,0.11368533223867416,0.6291583776473999,0.6145830154418945,0.21398544311523438,0.4472436308860779,0.5958607792854309,0.1259847730398178,0.6520923376083374,0.630018413066864,0.18009011447429657,0.43957799673080444,0.6355236768722534,0.08743540942668915
0183,./images/155/frame_00183.jpg,Normal,0.5681371688842773,0.5381461381912231,-0.2740599513053894,0.5733748078346252,0.5378446578979492,-0.28989377617836,0.5746650695800781,0.5364864468574524,-0.2898032069206238,0.579039454460144,0.5344398021697998,-0.2897774577140808,0.5668558478355408,0.5353894829750061,-0.3019673824310303,0.565649151802063,0.5345422029495239,-0.3021104633808136,0.5646918416023254,0.5337830781936646,-0.3022642433643341,0.5785380601882935,0.5163315534591675,-0.2868708372116089,0.5586734414100647,0.5173116326332092,-0.3440776765346527,0.5656057596206665,0.5347379446029663,-0.26326295733451843,0.5614995360374451,0.5336150527000427,-0.2802501618862152,0.5751479864120483,0.4753003418445587,-0.22637400031089783,0.5182811617851257,0.4660591185092926,-0.2681083381175995,0.579058051109314,0.5203313827514648,-0.2028886079788208,0.494728147983551,0.47050318121910095,-0.23363129794597626,0.5604554414749146,0.5504990816116333,-0.2650667428970337,0.49973732233047485,0.489197313785553,-0.2006460428237915,0.5573898553848267,0.5657331943511963,-0.2865881025791168,0.49663805961608887,0.4994012117385864,-0.20743343234062195,0.5470505356788635,0.5540677309036255,-0.2852575480937958,0.5037178993225098,0.4978555142879486,-0.21428915858268738,0.547049880027771,0.5471678376197815,-0.26624947786331177,0.5055552124977112,0.4953128397464752,-0.20159780979156494,0.5431278944015503,0.4751991331577301,0.018757972866296768,0.5060298442840576,0.4665117859840393,-0.01856088452041149,0.569658100605011,0.5510778427124023,0.12208111584186554,0.4717443883419037,0.5091501474380493,0.03003249503672123,0.5650533437728882,0.6042467951774597,0.29250162839889526,0.4558402895927429,0.5929718613624573,0.19420546293258667,0.5604164600372314,0.611247181892395,0.30720335245132446,0.4555642008781433,0.5957291722297668,0.21029016375541687,0.5692604780197144,0.6348065137863159,0.27084076404571533,0.4421297013759613,0.6352984309196472,0.16596345603466034
0184,./images/155/frame_00184.jpg,Normal,0.5706441402435303,0.5204387903213501,-0.33784011006355286,0.5751599669456482,0.5205827951431274,-0.3543719947338104,0.5749498605728149,0.5186833143234253,-0.354299932718277,0.5783698558807373,0.5166136622428894,-0.3542520999908447,0.5731295943260193,0.5245505571365356,-0.36198991537094116,0.5727519392967224,0.5252001285552979,-0.3621254861354828,0.5724702477455139,0.5259370803833008,-0.3623352646827698,0.57492995262146,0.5016118884086609,-0.35566872358322144,0.5663864016532898,0.5140947699546814,-0.3922848105430603,0.5656191110610962,0.5104907155036926,-0.32929494976997375,0.5640805959701538,0.5130582451820374,-0.3402320444583893,0.5539557933807373,0.4474361538887024,-0.28077036142349243,0.5211817026138306,0.4863213896751404,-0.3103732764720917,0.5125567317008972,0.40501222014427185,-0.16427168250083923,0.5062437653541565,0.4950098693370819,-0.22684641182422638,0.4972723424434662,0.40709301829338074,-0.0765802413225174,0.5082492232322693,0.5008549690246582,-0.14498785138130188,0.4918192923069,0.4087136685848236,-0.08277683705091476,0.5068439841270447,0.5093099474906921,-0.14848732948303223,0.49571681022644043,0.41179677844047546,-0.08114338666200638,0.5064955353736877,0.5056009888648987,-0.15853847563266754,0.4968480169773102,0.4093904197216034,-0.07425408065319061,0.5082564353942871,0.4985003173351288,-0.14651328325271606,0.530752956867218,0.471485435962677,0.01931060291826725,0.5037679076194763,0.4719912111759186,-0.019074641168117523,0.5389463305473328,0.5464446544647217,0.18772469460964203,0.47330570220947266,0.5286619663238525,0.15462389588356018,0.5374612212181091,0.602191150188446,0.43252402544021606,0.45387735962867737,0.5930650234222412,0.37559252977371216,0.5354552268981934,0.6060110926628113,0.45837098360061646,0.4534006714820862,0.5909876227378845,0.3987220525741577,0.5416339635848999,0.6358175873756409,0.4307120740413666,0.4439105987548828,0.6346903443336487,0.36243343353271484
0185,./images/155/frame_00185.jpg,Normal,0.5666879415512085,0.5196154117584229,-0.26018738746643066,0.5706502795219421,0.5180047154426575,-0.27529826760292053,0.5708006024360657,0.5168402194976807,-0.27523189783096313,0.5721253752708435,0.5156558156013489,-0.2752123475074768,0.5686544179916382,0.5198153853416443,-0.28738319873809814,0.5677275657653809,0.5192976593971252,-0.28751081228256226,0.5668524503707886,0.5188658237457275,-0.2876586318016052,0.5691406726837158,0.4990810751914978,-0.27629417181015015,0.5591095089912415,0.5033956170082092,-0.33332425355911255,0.5598479509353638,0.5144408941268921,-0.2515566945075989,0.5565481781959534,0.5139075517654419,-0.2686755359172821,0.5576744079589844,0.4527532756328583,-0.234911248087883,0.5136231780052185,0.462449312210083,-0.27249234914779663,0.5398000478744507,0.46781492233276367,-0.24165821075439453,0.49012070894241333,0.46562105417251587,-0.2576219439506531,0.5225052833557129,0.49725449085235596,-0.3495807349681854,0.4912469983100891,0.46569836139678955,-0.284637987613678,0.5185315012931824,0.5137754082679749,-0.38497886061668396,0.4876696467399597,0.47208234667778015,-0.30087757110595703,0.514800488948822,0.5028195381164551,-0.3826010227203369,0.49267420172691345,0.4682037830352783,-0.311245858669281,0.5145518779754639,0.4949803650379181,-0.35182955861091614,0.4945431351661682,0.465900719165802,-0.288674533367157,0.5302876234054565,0.47859987616539,0.01933169923722744,0.49785175919532776,0.4751805067062378,-0.019093984737992287,0.5487445592880249,0.5486447811126709,0.16002081334590912,0.4711669087409973,0.529681921005249,0.06245942786335945,0.5474737286567688,0.5994946360588074,0.38394516706466675,0.45355767011642456,0.5902490615844727,0.2457573413848877,0.5437790751457214,0.6015393733978271,0.4062548577785492,0.4532756805419922,0.5900402069091797,0.26499873399734497,0.5518436431884766,0.6360210180282593,0.3753509819507599,0.4434839189052582,0.634563148021698,0.2300998419523239
0186,./images/155/frame_00186.jpg,Normal,0.5648609399795532,0.5219433903694153,-0.27923783659935,0.5684394240379333,0.5189902782440186,-0.2914973795413971,0.5686161518096924,0.5176312923431396,-0.2913680076599121,0.5731576085090637,0.5178297758102417,-0.2911882996559143,0.5668419003486633,0.5213147401809692,-0.308185875415802,0.5646312236785889,0.5216317772865295,-0.30831900238990784,0.5637825131416321,0.5213186740875244,-0.30845907330513,0.5704511404037476,0.5004302263259888,-0.2901563346385956,0.5591611862182617,0.504926323890686,-0.34918802976608276,0.5607713460922241,0.5174762010574341,-0.2582377791404724,0.5568456053733826,0.5169418454170227,-0.2848244607448578,0.5613751411437988,0.45694783329963684,-0.2713644206523895,0.513190746307373,0.4599493741989136,-0.27277708053588867,0.5404537916183472,0.4973313510417938,-0.3168972432613373,0.4880344867706299,0.4674024283885956,-0.2927340865135193,0.530331552028656,0.529761016368866,-0.44513577222824097,0.4919496178627014,0.4800620675086975,-0.34775084257125854,0.5269142389297485,0.5459716320037842,-0.4873635768890381,0.4887215495109558,0.48884323239326477,-0.3688374161720276,0.5225149393081665,0.533490002155304,-0.48310351371765137,0.495248019695282,0.4839112162590027,-0.3798880875110626,0.5222266912460327,0.525930643081665,-0.4472472667694092,0.49707967042922974,0.48050808906555176,-0.35313862562179565,0.532352089881897,0.4787294566631317,0.01807297207415104,0.4982762932777405,0.47359493374824524,-0.01778709888458252,0.5446616411209106,0.5569782257080078,0.13462573289871216,0.46798092126846313,0.5355277061462402,0.07168836146593094,0.5209599733352661,0.6058871150016785,0.3768863379955292,0.4500218331813812,0.5890011787414551,0.3120175898075104,0.514342725276947,0.6039203405380249,0.3923952281475067,0.45240750908851624,0.5903832912445068,0.33420053124427795,0.5181654095649719,0.6555307507514954,0.3602012097835541,0.44214925169944763,0.6345142126083374,0.2972932755947113
0187,./images/155/frame_00187.jpg,Normal,0.564662516117096,0.5285951495170593,-0.2906724810600281,0.5683082342147827,0.5256645083427429,-0.30411383509635925,0.5690001845359802,0.5252442955970764,-0.30400076508522034,0.571493923664093,0.525682806968689,-0.3038457930088043,0.5644517540931702,0.5236506462097168,-0.3191469609737396,0.5628634691238403,0.5233601331710815,-0.31927889585494995,0.5604569911956787,0.5229876041412354,-0.3194347321987152,0.5735247731208801,0.5168635249137878,-0.3009146749973297,0.5565818548202515,0.5062698721885681,-0.3528504967689514,0.5612970590591431,0.5238937735557556,-0.2748933434486389,0.5564464330673218,0.5197721123695374,-0.2962172031402588,0.5698032379150391,0.47438448667526245,-0.2760881781578064,0.5135748982429504,0.4583270251750946,-0.2782075107097626,0.5739040374755859,0.521345853805542,-0.3647018074989319,0.4872267246246338,0.44621509313583374,-0.33439770340919495,0.5517209768295288,0.5586663484573364,-0.5249289870262146,0.48771214485168457,0.4482579529285431,-0.4345249533653259,0.5481712222099304,0.5759548544883728,-0.5693842172622681,0.4826083779335022,0.4529910981655121,-0.46094733476638794,0.5367938280105591,0.5615689158439636,-0.5629175305366516,0.49129948019981384,0.4503134489059448,-0.4674505293369293,0.5364677309989929,0.5551246404647827,-0.5264164209365845,0.49371618032455444,0.4507174491882324,-0.4393228590488434,0.5417117476463318,0.4805504381656647,0.017646424472332,0.5015754103660583,0.47376883029937744,-0.01739485189318657,0.5700386762619019,0.5566393733024597,0.004193759988993406,0.46851277351379395,0.5289289355278015,-0.07605092972517014,0.5436360836029053,0.6056740283966064,0.18717513978481293,0.45018696784973145,0.5895587801933289,0.0973331481218338,0.5408626198768616,0.6042725443840027,0.20506644248962402,0.45109447836875916,0.5942571759223938,0.11470259726047516,0.549681544303894,0.6533715128898621,0.16563917696475983,0.44167178869247437,0.6347092986106873,0.06914351880550385
0189,./images/155/frame_00189.jpg,Normal,0.5681216716766357,0.5195993185043335,-0.056384552270174026,0.5636287927627563,0.5123114585876465,-0.0814884826540947,0.5606357455253601,0.5131035447120667,-0.08145339787006378,0.5577394962310791,0.5139549374580383,-0.08148027956485748,0.5729144215583801,0.512603759765625,-0.07643493264913559,0.5757130980491638,0.5134851932525635,-0.07650832086801529,0.5783705711364746,0.5142803192138672,-0.07655752450227737,0.556591808795929,0.5231374502182007,-0.14041267335414886,0.5809820890426636,0.5226792693138123,-0.1186402291059494,0.5637602210044861,0.5314531922340393,-0.07053867727518082,0.5727174878120422,0.53119957447052,-0.064277783036232,0.5319982171058655,0.5873000621795654,-0.12111011892557144,0.6140612959861755,0.5911858677864075,-0.1089494451880455,0.5099278688430786,0.6485419273376465,-0.018068557605147362,0.6347642540931702,0.6473731994628906,0.011114254593849182,0.5209839344024658,0.588556170463562,0.09745179861783981,0.6286634206771851,0.607636034488678,0.14098143577575684,0.5181224942207336,0.5788216590881348,0.098748117685318,0.6315304636955261,0.6031802296638489,0.14464126527309418,0.5277734398841858,0.5713827610015869,0.08623190224170685,0.627115786075592,0.596319317817688,0.12954361736774445,0.5307852625846863,0.5758786201477051,0.09570547193288803,0.6231578588485718,0.5978736877441406,0.13788287341594696,0.5475811958312988,0.7412974238395691,0.0012405036250129342,0.595328152179718,0.7427704930305481,-0.0012638132320716977,0.5394130349159241,0.627136766910553,0.14201144874095917,0.6106895208358765,0.602849543094635,0.13523267209529877,0.5388713479042053,0.6585797071456909,0.3174218237400055,0.6125639081001282,0.6385058760643005,0.31211647391319275,0.540428876876831,0.6746919751167297,0.33704420924186707,0.6122434139251709,0.6543879508972168,0.33216825127601624,0.5341688394546509,0.6229233145713806,0.3496519923210144,0.6119348406791687,0.6085608601570129,0.3531947135925293
0190,./images/155/frame_00190.jpg,Normal,0.5694540739059448,0.5200371146202087,-0.08084037899971008,0.5638698935508728,0.5121654272079468,-0.10011745989322662,0.5614795684814453,0.5126729607582092,-0.10011997073888779,0.5584660768508911,0.5128108263015747,-0.1001560240983963,0.574105441570282,0.5134193301200867,-0.09891311824321747,0.5766231417655945,0.5140465497970581,-0.09897074103355408,0.5769129991531372,0.5142980217933655,-0.09904511272907257,0.557924747467041,0.5210773348808289,-0.14041022956371307,0.5767315626144409,0.5226595401763916,-0.13469694554805756,0.5638221502304077,0.530418336391449,-0.08804743736982346,0.5717703104019165,0.531003475189209,-0.08747794479131699,0.5399121046066284,0.5854965448379517,-0.14218953251838684,0.5994474291801453,0.5898773074150085,-0.12196137756109238,0.5197862982749939,0.6286354660987854,-0.1628776341676712,0.6204100847244263,0.6258853077888489,-0.1622796207666397,0.5246127843856812,0.5844427347183228,-0.20302562415599823,0.6158028244972229,0.605607807636261,-0.2362477034330368,0.521149754524231,0.5743482708930969,-0.2253885269165039,0.6158298254013062,0.6031526923179626,-0.2618654668331146,0.5298089385032654,0.5685775876045227,-0.22991815209388733,0.6120982766151428,0.5965036749839783,-0.2656797468662262,0.5324536561965942,0.5741137266159058,-0.20635280013084412,0.6108485460281372,0.5978764891624451,-0.24065044522285461,0.5535398721694946,0.7413966655731201,-0.0016965236281976104,0.5856235027313232,0.7414693236351013,0.0015844451263546944,0.5578524470329285,0.6291724443435669,0.12114065885543823,0.6058264970779419,0.607690155506134,0.1205880418419838,0.5736168622970581,0.6778274178504944,0.2572813034057617,0.611411988735199,0.6551467180252075,0.2548506259918213,0.5784709453582764,0.694517195224762,0.2713278532028198,0.6109449863433838,0.6693841218948364,0.2687223553657532,0.572928249835968,0.6530999541282654,0.27040594816207886,0.6143912076950073,0.6386545300483704,0.273347407579422
0191,./images/155/frame_00191.jpg,Normal,0.5694250464439392,0.5202516913414001,-0.07677537202835083,0.5638707876205444,0.5127488374710083,-0.09966064989566803,0.5614739656448364,0.5129556059837341,-0.09973044693470001,0.5586123466491699,0.5129304528236389,-0.09971283376216888,0.5741161108016968,0.513872504234314,-0.09539581090211868,0.5767108798027039,0.5143030881881714,-0.09544534981250763,0.5780051946640015,0.5144951939582825,-0.09546728432178497,0.5578925609588623,0.5208994746208191,-0.13669662177562714,0.5762224197387695,0.5235632061958313,-0.1320405751466751,0.5636763572692871,0.5305074453353882,-0.0861281007528305,0.5712076425552368,0.5314984917640686,-0.08456123620271683,0.5395507216453552,0.58689284324646,-0.12644048035144806,0.6023341417312622,0.5929557085037231,-0.11959819495677948,0.507635235786438,0.6323862671852112,-0.10242543369531631,0.6212456226348877,0.6456498503684998,-0.06528738886117935,0.5157746076583862,0.5823124051094055,-0.013119739480316639,0.6224058866500854,0.6181408166885376,0.008075209334492683,0.5105206370353699,0.571081280708313,-0.01758178323507309,0.6256365776062012,0.6168288588523865,0.004783192183822393,0.5213379263877869,0.5656798481941223,-0.02838480845093727,0.6196449995040894,0.608642041683197,-0.006538682617247105,0.5249209403991699,0.5714693069458008,-0.015302440151572227,0.6169621348381042,0.6086296439170837,0.005307852756232023,0.553440511226654,0.7416313886642456,0.00926462933421135,0.5874079465866089,0.7446933388710022,-0.009344094432890415,0.552556574344635,0.6226881146430969,0.14805254340171814,0.6053880453109741,0.6019313335418701,0.11347033083438873,0.5625230669975281,0.6739245057106018,0.30530688166618347,0.61416095495224,0.6556492447853088,0.2784731984138489,0.5654933452606201,0.6913607716560364,0.3215114176273346,0.6133981943130493,0.6742289662361145,0.2964930832386017,0.5653454661369324,0.6461675763130188,0.3128935694694519,0.6266704797744751,0.6339836716651917,0.30899402499198914
0192,./images/155/frame_00192.jpg,Normal,0.5702935457229614,0.5200807452201843,-0.04815884679555893,0.5641822218894958,0.5118241906166077,-0.07097602635622025,0.5622110366821289,0.5123788118362427,-0.07100916653871536,0.5594412088394165,0.5121314525604248,-0.07103665173053741,0.574927031993866,0.51369309425354,-0.06708081066608429,0.5776408910751343,0.5139997601509094,-0.06713898479938507,0.5773206949234009,0.5141854286193848,-0.06721197068691254,0.5589910745620728,0.5202100872993469,-0.12171068042516708,0.5766060948371887,0.5233449339866638,-0.10726051032543182,0.5640691518783569,0.5303570032119751,-0.06096736341714859,0.5711776614189148,0.531490683555603,-0.056742943823337555,0.5391541123390198,0.5843054056167603,-0.11760593950748444,0.6050163507461548,0.5914765000343323,-0.10614607483148575,0.5077571272850037,0.6224706768989563,-0.09338479489088058,0.6327967047691345,0.6401440501213074,-0.04553534835577011,0.51588374376297,0.575631320476532,0.017087634652853012,0.6401299238204956,0.6168491244316101,0.007828937843441963,0.5112308263778687,0.5656000375747681,0.01369406282901764,0.645184338092804,0.6145399808883667,-0.0007136048516258597,0.521934449672699,0.5616152882575989,0.0020925903227180243,0.6403083801269531,0.606842041015625,-0.011356710456311703,0.5257874131202698,0.5669682621955872,0.014912143349647522,0.6367855072021484,0.607384979724884,0.003771727904677391,0.5565349459648132,0.7415619492530823,0.007729973644018173,0.5883954763412476,0.7446593642234802,-0.007773788180202246,0.5642135143280029,0.6228395700454712,0.14440980553627014,0.6055088043212891,0.6024858355522156,0.11840818077325821,0.5868822336196899,0.675417423248291,0.29657962918281555,0.614971399307251,0.6601695418357849,0.284981906414032,0.5917044281959534,0.6927515268325806,0.3132067322731018,0.6138668656349182,0.678379237651825,0.30286654829978943,0.5940748453140259,0.6544539332389832,0.31870633363723755,0.6274973154067993,0.6429624557495117,0.31643980741500854
0193,./images/155/frame_00193.jpg,Normal,0.5667957663536072,0.5291682481765747,-0.21466414630413055,0.5661232471466064,0.5198991298675537,-0.21652591228485107,0.5666486024856567,0.5193160772323608,-0.21655936539173126,0.5739644765853882,0.5274677872657776,-0.21666714549064636,0.5720454454421997,0.5246708989143372,-0.21854016184806824,0.5710501074790955,0.5235355496406555,-0.21862880885601044,0.5693873763084412,0.5224263668060303,-0.21871750056743622,0.5763028264045715,0.5262149572372437,-0.17791953682899475,0.5622433423995972,0.5225280523300171,-0.1888684183359146,0.5643358826637268,0.5320116877555847,-0.1955651193857193,0.5624960660934448,0.5329602360725403,-0.19876739382743835,0.590991735458374,0.561225414276123,-0.15384875237941742,0.5386818647384644,0.5457216501235962,-0.14589765667915344,0.6123632788658142,0.6135542392730713,-0.23978662490844727,0.5076090097427368,0.5850566029548645,-0.22628054022789001,0.6068053245544434,0.6040253639221191,-0.36448556184768677,0.5151893496513367,0.5870674848556519,-0.34291723370552063,0.6073499917984009,0.607189416885376,-0.3988969624042511,0.5144640803337097,0.5890037417411804,-0.3718561828136444,0.6026057600975037,0.5973367691040039,-0.39901095628738403,0.5208967924118042,0.5823010802268982,-0.37613916397094727,0.6010461449623108,0.5986334681510925,-0.3684413731098175,0.5216111540794373,0.584294319152832,-0.3487773835659027,0.5713130235671997,0.7133223414421082,0.00212480453774333,0.5504908561706543,0.711215615272522,-0.002330454532057047,0.5767180919647217,0.6165135502815247,0.09032922983169556,0.5513891577720642,0.6042568683624268,0.09480838477611542,0.5867170691490173,0.6834173798561096,0.21073146164417267,0.5415095090866089,0.6820365190505981,0.22415514290332794,0.5868306756019592,0.700857937335968,0.22265441715717316,0.5403023362159729,0.6975457668304443,0.23742851614952087,0.5921474695205688,0.6830699443817139,0.20189189910888672,0.5408569574356079,0.6885899901390076,0.22029158473014832
0194,./images/155/frame_00194.jpg,Normal,0.5639739632606506,0.5267141461372375,-0.051050376147031784,0.5628546476364136,0.5175520777702332,-0.07854735106229782,0.5619669556617737,0.5179110169410706,-0.07852205634117126,0.5631886720657349,0.5232941508293152,-0.07853252440690994,0.5695479512214661,0.5189647078514099,-0.07210788130760193,0.5708738565444946,0.5189458131790161,-0.07217969000339508,0.571784257888794,0.5203694105148315,-0.0722658559679985,0.5648068785667419,0.5256196856498718,-0.14536996185779572,0.5640513300895691,0.5223218202590942,-0.11869192123413086,0.5609902739524841,0.5319578647613525,-0.06874173879623413,0.564210832118988,0.5328695774078369,-0.060688912868499756,0.5487633943557739,0.5766549706459045,-0.1381506472826004,0.5998790264129639,0.567431628704071,-0.11790772527456284,0.5149720907211304,0.6196979284286499,-0.10720691829919815,0.6323594450950623,0.5898091793060303,-0.053487539291381836,0.5223451256752014,0.5751613974571228,-0.04026500880718231,0.6399550437927246,0.5921385288238525,0.014631328172981739,0.5194031596183777,0.5658371448516846,-0.0517367422580719,0.64512699842453,0.5955003499984741,0.008258744142949581,0.5284045934677124,0.5601778030395508,-0.057536207139492035,0.6411182284355164,0.5899693965911865,-0.006202981807291508,0.5313478112220764,0.5658608078956604,-0.041720908135175705,0.636838972568512,0.5906165838241577,0.009893426671624184,0.5523325800895691,0.7206351161003113,0.006898519583046436,0.5791110396385193,0.7197883725166321,-0.00698533421382308,0.5251402854919434,0.6049439907073975,0.1110406368970871,0.6107466220855713,0.5896686911582947,0.07430131733417511,0.5014267563819885,0.6553581953048706,0.2554559111595154,0.6295888423919678,0.6496855020523071,0.2215225249528885,0.499415785074234,0.6686010956764221,0.27127212285995483,0.6304384469985962,0.6682300567626953,0.23798814415931702,0.4925633370876312,0.6435491442680359,0.27323630452156067,0.6420847177505493,0.6277005672454834,0.25626543164253235
0196,./images/155/frame_00196.jpg,Normal,0.5685385465621948,0.5237702131271362,-0.04376852512359619,0.5647190809249878,0.5145872831344604,-0.07026855647563934,0.5618420243263245,0.515338122844696,-0.07023192942142487,0.5592917203903198,0.5162959098815918,-0.07024609297513962,0.5733237862586975,0.5152027010917664,-0.06387810409069061,0.5760694146156311,0.5162414312362671,-0.06394195556640625,0.5787357687950134,0.5172218680381775,-0.06399921327829361,0.5585678815841675,0.52588951587677,-0.13510772585868835,0.5817257761955261,0.5259996652603149,-0.1072373166680336,0.564238965511322,0.5346333384513855,-0.06003749370574951,0.5725206136703491,0.534879744052887,-0.05191976949572563,0.5355320572853088,0.5924340486526489,-0.12563182413578033,0.6131411194801331,0.5937187075614929,-0.09014039486646652,0.5108475685119629,0.6384080052375793,-0.03753690421581268,0.6403902769088745,0.6527016162872314,0.026716554537415504,0.5228865742683411,0.5868645906448364,0.0559481605887413,0.6340474486351013,0.6186369061470032,0.14564944803714752,0.5208629965782166,0.5779816508293152,0.05213826149702072,0.6364022493362427,0.6160260438919067,0.1486896425485611,0.5291880369186401,0.5729522109031677,0.04189112037420273,0.631819486618042,0.6092275381088257,0.13257217407226562,0.5320677161216736,0.5777198076248169,0.054551105946302414,0.6282550692558289,0.6098500490188599,0.14197687804698944,0.545987606048584,0.7474876642227173,-0.005372489802539349,0.5959147214889526,0.7439941167831421,0.005256666336208582,0.5179838538169861,0.6302770376205444,0.13736289739608765,0.6205782294273376,0.6038327813148499,0.15075761079788208,0.5014679431915283,0.6632652282714844,0.30920082330703735,0.6253844499588013,0.6321218013763428,0.3292035162448883,0.5015157461166382,0.6782037019729614,0.32911598682403564,0.6248290538787842,0.648648738861084,0.3491290807723999,0.49042463302612305,0.6316196322441101,0.34448015689849854,0.6272197365760803,0.5950464010238647,0.37315303087234497
0197,./images/155/frame_00197.jpg,Normal,0.5689172148704529,0.5244755148887634,-0.04096285253763199,0.5647913813591003,0.5155141353607178,-0.06707362830638885,0.5618886351585388,0.5159980058670044,-0.06703352928161621,0.5592867732048035,0.5165959000587463,-0.06703868508338928,0.5736615657806396,0.5163679122924805,-0.062195222824811935,0.5765122175216675,0.5174277424812317,-0.062271229922771454,0.5790860652923584,0.5184537768363953,-0.06236041337251663,0.558497965335846,0.525820255279541,-0.13088156282901764,0.5820939540863037,0.5272032022476196,-0.10838216543197632,0.5642529129981995,0.5351054668426514,-0.057013608515262604,0.5727850794792175,0.5355072617530823,-0.0508909597992897,0.5340895652770996,0.5915185213088989,-0.12463317811489105,0.6125332117080688,0.5945462584495544,-0.10170193761587143,0.5077396035194397,0.6342529654502869,-0.03915449231863022,0.6403676271438599,0.6434548497200012,-0.00565257016569376,0.5228589177131653,0.5850562453269958,0.05594545602798462,0.6326375603675842,0.6131862998008728,0.08937455713748932,0.5208689570426941,0.5762215256690979,0.052782416343688965,0.6338690519332886,0.6110848188400269,0.0886412113904953,0.529326319694519,0.5723040103912354,0.04228391498327255,0.629098117351532,0.6058605313301086,0.07401750981807709,0.5321596264839172,0.5772802829742432,0.05449570342898369,0.6261643171310425,0.6066160202026367,0.08536942303180695,0.5455115437507629,0.7383966445922852,0.0004270446952432394,0.5959042310714722,0.7397231459617615,-0.000565889582503587,0.5222867727279663,0.6100134253501892,0.1279602348804474,0.6193642020225525,0.5926128029823303,0.11078884452581406,0.5032385587692261,0.6532373428344727,0.26831692457199097,0.628479540348053,0.6369271874427795,0.2603491544723511,0.502164900302887,0.6691016554832458,0.2845747470855713,0.6287562251091003,0.6546205282211304,0.2772640585899353,0.4942711293697357,0.62545245885849,0.2920873165130615,0.635633647441864,0.6091195344924927,0.29483306407928467
0198,./images/155/frame_00198.jpg,Normal,0.569362998008728,0.5243294835090637,-0.04779632389545441,0.5651312470436096,0.5155634880065918,-0.07396195828914642,0.5622125267982483,0.5160256028175354,-0.07392643392086029,0.5595308542251587,0.516598641872406,-0.07393540441989899,0.5743469595909119,0.516589343547821,-0.07019113004207611,0.577116847038269,0.5177115201950073,-0.07027526199817657,0.5795787572860718,0.5188066959381104,-0.07037801295518875,0.5585539937019348,0.5258160829544067,-0.1359865516424179,0.5824811458587646,0.5280107259750366,-0.12050485610961914,0.5642654895782471,0.5350895524024963,-0.06323742866516113,0.5733202695846558,0.5355851650238037,-0.058755408972501755,0.5340214371681213,0.5923178791999817,-0.12970253825187683,0.6118172407150269,0.5969159603118896,-0.11505769193172455,0.5077664256095886,0.6355835795402527,-0.05554632097482681,0.6395574808120728,0.6445912718772888,-0.023110389709472656,0.5267027616500854,0.5820587873458862,0.027490491047501564,0.6286176443099976,0.6102644801139832,0.061986327171325684,0.5259881615638733,0.5694704055786133,0.022452320903539658,0.6289242506027222,0.6066264510154724,0.058563701808452606,0.5358179807662964,0.5670245289802551,0.011639676988124847,0.6227652430534363,0.6013144254684448,0.043359220027923584,0.5378795862197876,0.5734192132949829,0.02499183639883995,0.6201832294464111,0.6026509404182434,0.05724117159843445,0.5455148220062256,0.7357594966888428,0.0038397125899791718,0.595633864402771,0.7398914098739624,-0.003907143138349056,0.5233604311943054,0.609420895576477,0.12596283853054047,0.6169298887252808,0.5940423607826233,0.09863696247339249,0.5072296857833862,0.6510465145111084,0.26735422015190125,0.6316192746162415,0.6399281620979309,0.24324610829353333,0.5064350962638855,0.6660004258155823,0.2836762070655823,0.6328729391098022,0.655938446521759,0.25942835211753845,0.499734491109848,0.6245026588439941,0.2866991460323334,0.6413503885269165,0.6137664318084717,0.26975810527801514
0199,./images/155/frame_00199.jpg,Normal,0.5697728991508484,0.5247429609298706,-0.05002962797880173,0.5655834078788757,0.5163062810897827,-0.0757908746600151,0.5625367164611816,0.5166656374931335,-0.0757526233792305,0.5598519444465637,0.51708984375,-0.07576020061969757,0.5749030709266663,0.5174016356468201,-0.07294554263353348,0.5776587128639221,0.5185537338256836,-0.07301981002092361,0.580315351486206,0.5197439193725586,-0.07311168313026428,0.558724582195282,0.5259748101234436,-0.13806483149528503,0.5831834077835083,0.529136598110199,-0.12671487033367157,0.5647923946380615,0.5359461307525635,-0.06538205593824387,0.5739573240280151,0.5364931225776672,-0.061854660511016846,0.5318899750709534,0.591492772102356,-0.12962952256202698,0.6123179197311401,0.5985719561576843,-0.11474607139825821,0.5078576803207397,0.6322879791259766,-0.06060032173991203,0.640663743019104,0.640131950378418,-0.031027084216475487,0.5314525961875916,0.5807843804359436,0.02079944498836994,0.6293371915817261,0.6057679653167725,0.06043441221117973,0.5327798128128052,0.5666934847831726,0.015933983027935028,0.6293636560440063,0.6005675196647644,0.061262864619493484,0.5418806076049805,0.5652305483818054,0.00988431554287672,0.623923659324646,0.5961282849311829,0.049562741070985794,0.5434750318527222,0.5724184513092041,0.01983371376991272,0.6210805177688599,0.5982186794281006,0.05771910026669502,0.5455175638198853,0.7338632941246033,0.0028826247435063124,0.5977303981781006,0.7418360114097595,-0.002975813578814268,0.5057699680328369,0.6150506138801575,0.10197065770626068,0.6221553087234497,0.5879160761833191,0.08932340890169144,0.44756054878234863,0.6242439150810242,0.2171788513660431,0.6310319304466248,0.6290620565414429,0.22530527412891388,0.44278278946876526,0.6372800469398499,0.23085634410381317,0.6315988898277283,0.6456744074821472,0.24009433388710022,0.4413677155971527,0.6079334020614624,0.22842121124267578,0.6384272575378418,0.6007192134857178,0.25322797894477844
0200,./images/155/frame_00200.jpg,Normal,0.5697596669197083,0.5250149369239807,-0.06212250143289566,0.5655778050422668,0.5168460607528687,-0.08570249378681183,0.5625908374786377,0.5175721645355225,-0.08567725121974945,0.5599442720413208,0.5179349184036255,-0.08570198714733124,0.5748792886734009,0.5177956819534302,-0.08213763684034348,0.5776498317718506,0.5188511610031128,-0.08220244199037552,0.5802882313728333,0.5199422240257263,-0.08225448429584503,0.5588157773017883,0.5261498093605042,-0.14162160456180573,0.5829988718032837,0.5292850136756897,-0.12577210366725922,0.564789354801178,0.5359718799591064,-0.07555884122848511,0.5739486813545227,0.5365966558456421,-0.07078565657138824,0.531974196434021,0.5955854058265686,-0.14213912189006805,0.614795982837677,0.5958980321884155,-0.1113332062959671,0.5055768489837646,0.637401819229126,-0.06341459602117538,0.6397528648376465,0.6329720616340637,-0.017656497657299042,0.5326505899429321,0.5832242369651794,0.032006971538066864,0.6297535300254822,0.6051929593086243,0.06458967924118042,0.5355113744735718,0.5668564438819885,0.027049008756875992,0.6299219131469727,0.6013944149017334,0.06634630262851715,0.5461680293083191,0.5662367343902588,0.01942385360598564,0.6243131756782532,0.5972649455070496,0.0537603385746479,0.5466629266738892,0.5736075639724731,0.030679747462272644,0.6213542819023132,0.5990374088287354,0.06163208559155464,0.5497652292251587,0.7350034713745117,-0.022359320893883705,0.5958110690116882,0.7405542135238647,0.022326648235321045,0.5088503956794739,0.6166251301765442,0.05222119018435478,0.5802979469299316,0.5900974273681641,0.10958516597747803,0.4554058611392975,0.6338507533073425,0.18110868334770203,0.5322802066802979,0.6361876726150513,0.24453189969062805,0.44798725843429565,0.647696852684021,0.19596029818058014,0.5261008739471436,0.6558916568756104,0.258073627948761,0.43872779607772827,0.600484311580658,0.19082486629486084,0.5187935829162598,0.6081374287605286,0.2598363757133484
0201,./images/155/frame_00201.jpg,Normal,0.5699995160102844,0.5249326229095459,-0.031537801027297974,0.5661783814430237,0.5167956948280334,-0.05680523067712784,0.5632954239845276,0.5174803733825684,-0.056765854358673096,0.5607806444168091,0.5178643465042114,-0.05677111819386482,0.5749770402908325,0.5177876949310303,-0.05304837226867676,0.5776827931404114,0.5188296437263489,-0.0531044527888298,0.5803428888320923,0.5199183821678162,-0.05316542461514473,0.5595929622650146,0.5262004137039185,-0.12387975305318832,0.5832285284996033,0.5292616486549377,-0.10800939798355103,0.5650097131729126,0.5359747409820557,-0.04939110577106476,0.5740433931350708,0.5367372035980225,-0.04456733912229538,0.5362006425857544,0.5945463180541992,-0.12446212768554688,0.6139206290245056,0.5960560441017151,-0.1007796972990036,0.5102736949920654,0.63960862159729,-0.05896962806582451,0.6395636796951294,0.640666127204895,-0.017050255089998245,0.5346804857254028,0.5894590616226196,0.03234013915061951,0.6325417757034302,0.6135789752006531,0.06195829436182976,0.5366165041923523,0.5739119052886963,0.027349675074219704,0.6341891884803772,0.6093671917915344,0.061825208365917206,0.5460253357887268,0.5725365281105042,0.019778573885560036,0.6284841299057007,0.6042158603668213,0.04969483241438866,0.5471686720848083,0.5797839164733887,0.030920032411813736,0.6251725554466248,0.6060051321983337,0.05883412808179855,0.5496181845664978,0.7357178330421448,-0.017093192785978317,0.5947709083557129,0.7405787110328674,0.017069343477487564,0.5067743062973022,0.6252866387367249,0.07454685866832733,0.584007978439331,0.5913509130477905,0.09759605675935745,0.45711103081703186,0.6375658512115479,0.17563186585903168,0.5640228986740112,0.6322232484817505,0.21905557811260223,0.44070500135421753,0.6392179131507874,0.18723627924919128,0.5670760869979858,0.6504058837890625,0.2320188283920288,0.4359959661960602,0.6019145250320435,0.17994597554206848,0.5445061922073364,0.6021474003791809,0.2433333396911621
0202,./images/155/frame_00202.jpg,Normal,0.5700297951698303,0.5249266624450684,-0.016495293006300926,0.5664159059524536,0.516790509223938,-0.042513158172369,0.5636160969734192,0.5175006985664368,-0.04248400777578354,0.5612221360206604,0.5179059505462646,-0.042500004172325134,0.5749613046646118,0.517875611782074,-0.036922749131917953,0.5776622891426086,0.5189890265464783,-0.03696056827902794,0.5803338289260864,0.5201234817504883,-0.03699181228876114,0.5601507425308228,0.5265293717384338,-0.1143546923995018,0.5828297734260559,0.529502809047699,-0.08951324224472046,0.5651796460151672,0.5361543297767639,-0.03595875948667526,0.5739761590957642,0.5372670292854309,-0.028727343305945396,0.5383961200714111,0.5934062004089355,-0.12498005479574203,0.6120282411575317,0.5969182848930359,-0.07705866545438766,0.509870171546936,0.6419763565063477,-0.05685719847679138,0.6378830671310425,0.6413296461105347,-0.011363916099071503,0.5333724617958069,0.5952200293540955,0.035199642181396484,0.6324270367622375,0.6233060359954834,0.048576004803180695,0.534983217716217,0.5821351408958435,0.029539447277784348,0.6341681480407715,0.6217541098594666,0.04845230653882027,0.5445083975791931,0.5796083211898804,0.022294295951724052,0.628523051738739,0.6174042820930481,0.03711501508951187,0.5457524657249451,0.5854471325874329,0.03370707109570503,0.6251950263977051,0.617759644985199,0.045174501836299896,0.5493040680885315,0.7378228306770325,-0.022899271920323372,0.5947855710983276,0.7463929057121277,0.022867824882268906,0.5094794034957886,0.6360791325569153,0.08529987186193466,0.592372715473175,0.6071740984916687,0.14512790739536285,0.4586593210697174,0.6388915777206421,0.2191280871629715,0.5711267590522766,0.6322533488273621,0.28680840134620667,0.44220811128616333,0.6353676319122314,0.2343633472919464,0.5672187209129333,0.6494519710540771,0.3016749620437622,0.4371730387210846,0.5993801355361938,0.2312583029270172,0.5656980276107788,0.6015928387641907,0.30042481422424316
0203,./images/155/frame_00203.jpg,Normal,0.5705012679100037,0.5271991491317749,-0.026629040017724037,0.5684241652488708,0.5186874866485596,-0.0509052649140358,0.5661595463752747,0.5188251733779907,-0.050877295434474945,0.5651323795318604,0.5190484523773193,-0.050896525382995605,0.5758965015411377,0.5202791690826416,-0.04556369036436081,0.5784551501274109,0.5207465887069702,-0.045603495091199875,0.5810075998306274,0.5213034152984619,-0.04563744738698006,0.5651147365570068,0.5273272395133972,-0.10682658106088638,0.5868328809738159,0.5330689549446106,-0.08350728452205658,0.5661582946777344,0.5362488031387329,-0.04371173307299614,0.5724719762802124,0.5373632311820984,-0.03700895980000496,0.5470975041389465,0.5931052565574646,-0.14810553193092346,0.6055282354354858,0.5920930504798889,-0.05696289613842964,0.5314536690711975,0.6335986852645874,-0.23719628155231476,0.6094247102737427,0.6219027042388916,-0.12356279045343399,0.5392574071884155,0.5941098928451538,-0.31325212121009827,0.6140906810760498,0.6186689734458923,-0.23951618373394012,0.5391397476196289,0.5820862054824829,-0.3450368046760559,0.6172217130661011,0.6200708746910095,-0.2603260576725006,0.5457414388656616,0.5788673758506775,-0.33778470754623413,0.6161630153656006,0.6153538823127747,-0.2653554081916809,0.5469735860824585,0.5851113796234131,-0.3138558864593506,0.613064169883728,0.6159206628799438,-0.244757741689682,0.5595637559890747,0.7407880425453186,-0.04402119293808937,0.5883320569992065,0.7431285381317139,0.04397490620613098,0.5304571986198425,0.6105789542198181,-0.025624576956033707,0.5573616623878479,0.6112855672836304,0.07583872228860855,0.4651830196380615,0.6398609280586243,0.025293758139014244,0.49821409583091736,0.6424931287765503,0.0965702012181282,0.45473676919937134,0.6475691199302673,0.02919231913983822,0.48863109946250916,0.660064160823822,0.09692684561014175,0.43739041686058044,0.5972786545753479,0.008537454530596733,0.4866863787174225,0.6124319434165955,0.0806925892829895
0204,./images/155/frame_00204.jpg,Normal,0.5693341493606567,0.5275710821151733,-0.004829170182347298,0.5680156946182251,0.5193140506744385,-0.029758280143141747,0.5659734010696411,0.5197252631187439,-0.02975066937506199,0.5649527311325073,0.5197334885597229,-0.029790569096803665,0.5739430785179138,0.520753026008606,-0.025152329355478287,0.5763195753097534,0.5213992595672607,-0.025172781199216843,0.5809470415115356,0.52140873670578,-0.02519908919930458,0.5643690824508667,0.52779221534729,-0.09474488347768784,0.5811058282852173,0.5328124165534973,-0.07454271614551544,0.5661423206329346,0.5368589758872986,-0.02256874181330204,0.5720825791358948,0.5381224155426025,-0.016985923051834106,0.5445727109909058,0.5931675434112549,-0.14644524455070496,0.6065375208854675,0.5922819972038269,-0.05737952142953873,0.5209705829620361,0.6338030695915222,-0.17385704815387726,0.6189706325531006,0.6266371607780457,-0.10762576758861542,0.5293161273002625,0.5991469621658325,-0.20260949432849884,0.6187633275985718,0.62949538230896,-0.20672865211963654,0.5300709009170532,0.588773787021637,-0.22884316742420197,0.6205717325210571,0.6335898637771606,-0.22709593176841736,0.5371461510658264,0.5850052833557129,-0.2264445573091507,0.619024395942688,0.6309407949447632,-0.2324082851409912,0.5376367568969727,0.5911589860916138,-0.20354382693767548,0.6162494421005249,0.63074791431427,-0.21130511164665222,0.5567388534545898,0.7434242963790894,-0.0393899604678154,0.5894193053245544,0.7435528039932251,0.03931235149502754,0.5265849828720093,0.6196485161781311,0.04282262921333313,0.5720198154449463,0.6194438338279724,0.14310944080352783,0.4608336091041565,0.6407051682472229,0.1462562382221222,0.5346892476081848,0.6453331112861633,0.12928922474384308,0.4520729184150696,0.6496639251708984,0.15687592327594757,0.5281316041946411,0.6606784462928772,0.16656582057476044,0.4339083135128021,0.5981161594390869,0.14674635231494904,0.526107907295227,0.6158818006515503,0.21365848183631897
0206,./images/155/frame_00206.jpg,Normal,0.5593791604042053,0.5234954953193665,-0.04126216843724251,0.5590165853500366,0.5164741277694702,-0.06790129095315933,0.557318389415741,0.5172137022018433,-0.06787274032831192,0.5560716390609741,0.518195390701294,-0.06788861006498337,0.5648514628410339,0.5167614221572876,-0.05996484309434891,0.5670894384384155,0.5176774859428406,-0.060010917484760284,0.569627583026886,0.5180798768997192,-0.060069672763347626,0.5594190359115601,0.5276722311973572,-0.13642799854278564,0.5746521353721619,0.5255786180496216,-0.10135743767023087,0.5576708912849426,0.5345842838287354,-0.05959821864962578,0.5646457076072693,0.5356994867324829,-0.04939232021570206,0.5404192805290222,0.5887048840522766,-0.14357078075408936,0.6164579391479492,0.5882233381271362,-0.08460919559001923,0.5110561847686768,0.6388095617294312,-0.07022913545370102,0.6348949670791626,0.6373978853225708,-0.003262100275605917,0.5250968933105469,0.5910360813140869,0.018982792273163795,0.6289807558059692,0.6236248016357422,0.06671872735023499,0.5244359970092773,0.5819345712661743,0.011008073575794697,0.6304365992546082,0.6249995231628418,0.06491420418024063,0.533608615398407,0.5777844786643982,0.0017099110409617424,0.6264849305152893,0.6222366690635681,0.049859363585710526,0.5357547402381897,0.5822944045066833,0.01687518134713173,0.6237185597419739,0.6208868026733398,0.06205344200134277,0.5501830577850342,0.7527616620063782,-0.01840556599199772,0.5945388078689575,0.745597779750824,0.01834244094789028,0.5201347470283508,0.6191092729568481,0.10283030569553375,0.6089264154434204,0.5824772119522095,0.13555893301963806,0.48285308480262756,0.6420425176620483,0.2477293461561203,0.604647696018219,0.6226664781570435,0.28287479281425476,0.47947731614112854,0.658271312713623,0.263933390378952,0.603039562702179,0.6396447420120239,0.2990199029445648,0.4688621461391449,0.6024261713027954,0.26176443696022034,0.6036075353622437,0.5939942598342896,0.3088744282722473
0208,./images/155/frame_00208.jpg,Normal,0.5692303776741028,0.5454112887382507,-0.09443911910057068,0.566740870475769,0.520648717880249,-0.10805816948413849,0.5670103430747986,0.5204269289970398,-0.10800909996032715,0.5673378109931946,0.5204340815544128,-0.10798350721597672,0.5720275044441223,0.5339925289154053,-0.10118093341588974,0.572233259677887,0.5327310562133789,-0.1012330874800682,0.5724483132362366,0.5314539074897766,-0.10128340870141983,0.5709240436553955,0.5224892497062683,-0.13021455705165863,0.5678744912147522,0.5201618671417236,-0.0995509997010231,0.5647886395454407,0.5360823273658752,-0.09706990420818329,0.5697786211967468,0.5492749214172363,-0.0883583277463913,0.5803622603416443,0.5535227060317993,-0.13404251635074615,0.5693145394325256,0.5420824885368347,-0.05564463883638382,0.5661453604698181,0.5881149172782898,-0.1397850066423416,0.524277925491333,0.577522873878479,-0.058821965008974075,0.5605357885360718,0.596534788608551,-0.14039191603660583,0.5235189199447632,0.5802280306816101,-0.10299842059612274,0.5613259077072144,0.5985931158065796,-0.15861675143241882,0.523644208908081,0.5807110071182251,-0.11279505491256714,0.5592342615127563,0.593190610408783,-0.16169701516628265,0.527588427066803,0.575027346611023,-0.12413688749074936,0.5594813823699951,0.5935677886009216,-0.14209583401679993,0.5266406536102295,0.5774410367012024,-0.10845980793237686,0.5804694890975952,0.718025803565979,-0.025831785053014755,0.5796810984611511,0.7106313109397888,0.025765854865312576,0.5618274211883545,0.6013749837875366,0.010578345507383347,0.580677330493927,0.5836137533187866,0.0858665406703949,0.5195519328117371,0.6341306567192078,0.08174943923950195,0.564980685710907,0.6318049430847168,0.14758449792861938,0.5119274258613586,0.6523368954658508,0.08773458003997803,0.5625109672546387,0.6489110589027405,0.15477631986141205,0.5094339847564697,0.5982173681259155,0.07319191843271255,0.5595059990882874,0.614757776260376,0.1626347303390503
0218,./images/155/frame_00218.jpg,Normal,0.5441304445266724,0.500626802444458,-0.2463429719209671,0.5451096892356873,0.49483299255371094,-0.2496277540922165,0.5448076725006104,0.49288681149482727,-0.2496841847896576,0.5445253252983093,0.49112433195114136,-0.24976524710655212,0.5454117655754089,0.4965640604496002,-0.26241010427474976,0.5453315377235413,0.49590349197387695,-0.2624635100364685,0.5452408790588379,0.495383083820343,-0.26251211762428284,0.5400906801223755,0.47752001881599426,-0.2253168523311615,0.540440559387207,0.48669183254241943,-0.2838667035102844,0.5388152003288269,0.49648985266685486,-0.2317257821559906,0.5389844179153442,0.4983632266521454,-0.24913105368614197,0.5241925120353699,0.4416967034339905,-0.15346185863018036,0.5035490989685059,0.49482262134552,-0.2513903081417084,0.5346566438674927,0.49460381269454956,-0.06917595118284225,0.5052559971809387,0.5754413604736328,-0.19572819769382477,0.5457392930984497,0.5422163009643555,-0.06617952138185501,0.5252037048339844,0.6045892834663391,-0.151713028550148,0.5485393404960632,0.5491209626197815,-0.07478687167167664,0.5283960103988647,0.616455078125,-0.16891196370124817,0.5489216446876526,0.5393465757369995,-0.09267383068799973,0.5305505394935608,0.6065104603767395,-0.18190531432628632,0.5452900528907776,0.5522876977920532,-0.07288933545351028,0.530173659324646,0.6006748080253601,-0.15609323978424072,0.4834538400173187,0.5094201564788818,0.04112784564495087,0.4669925272464752,0.5333528518676758,-0.04108007997274399,0.5100113153457642,0.5615290403366089,0.1693081110715866,0.49523720145225525,0.5936373472213745,0.024588653817772865,0.5160968899726868,0.6166579723358154,0.34921929240226746,0.46836233139038086,0.6201040744781494,0.22440974414348602,0.5135157704353333,0.6238040924072266,0.3675846457481384,0.46351227164268494,0.6171701550483704,0.24432823061943054,0.5280992984771729,0.641063928604126,0.34812015295028687,0.4699546694755554,0.6553704738616943,0.22341278195381165
0221,./images/155/frame_00221.jpg,Normal,0.5472844243049622,0.4973951578140259,-0.3159695863723755,0.5499484539031982,0.486908495426178,-0.3228767216205597,0.5507326722145081,0.4831560254096985,-0.3230038583278656,0.5514794588088989,0.4794151782989502,-0.3231959939002991,0.545493483543396,0.494503915309906,-0.3367762565612793,0.5433976650238037,0.49577149748802185,-0.33678603172302246,0.5416067838668823,0.49687016010284424,-0.33680108189582825,0.5443646311759949,0.46387040615081787,-0.3092956244945526,0.5355148315429688,0.4914788603782654,-0.3719063103199005,0.5441797375679016,0.49327170848846436,-0.3035452365875244,0.5398374795913696,0.49943649768829346,-0.32211968302726746,0.5327479243278503,0.4226875603199005,-0.2562479078769684,0.49683934450149536,0.5108851790428162,-0.34231752157211304,0.5888084769248962,0.47635185718536377,-0.24178358912467957,0.5166763663291931,0.5867327451705933,-0.33646777272224426,0.6365524530410767,0.5408189296722412,-0.3114378750324249,0.5541375279426575,0.6182290315628052,-0.35125529766082764,0.6545270085334778,0.5427258014678955,-0.3419182002544403,0.5575470924377441,0.6277540922164917,-0.3882966935634613,0.6497527956962585,0.5538389682769775,-0.36587637662887573,0.5623525381088257,0.6143285036087036,-0.39866921305656433,0.6407212018966675,0.5577240586280823,-0.3250259757041931,0.5612776875495911,0.6111471652984619,-0.3584943115711212,0.47973212599754333,0.4937078356742859,0.03915518522262573,0.45614948868751526,0.5201893448829651,-0.03907264024019241,0.5227975249290466,0.5652076601982117,0.09019112586975098,0.482415109872818,0.6205475330352783,0.038737814873456955,0.5367063879966736,0.6246071457862854,0.2717467248439789,0.4734390676021576,0.6470599174499512,0.27890291810035706,0.52687007188797,0.6407750844955444,0.2904106676578522,0.47148990631103516,0.6446714997291565,0.30187469720840454,0.5489716529846191,0.6630877256393433,0.2565855085849762,0.4789988398551941,0.6704116463661194,0.2704106271266937
0223,./images/155/frame_00223.jpg,Normal,0.5393739342689514,0.4762580096721649,-0.2621496617794037,0.542844295501709,0.4664290249347687,-0.2716327905654907,0.5433856844902039,0.46262478828430176,-0.27173638343811035,0.5437067151069641,0.45879533886909485,-0.2719222903251648,0.5395351648330688,0.4741212725639343,-0.28364500403404236,0.5378329753875732,0.4757363498210907,-0.283649742603302,0.5362482070922852,0.47743719816207886,-0.28372472524642944,0.5369670987129211,0.4472638964653015,-0.27031025290489197,0.5298528075218201,0.4755520820617676,-0.3243560194969177,0.5353580117225647,0.47169989347457886,-0.2538796365261078,0.531991183757782,0.4789835512638092,-0.2701362073421478,0.5208101868629456,0.41316255927085876,-0.22109058499336243,0.49964743852615356,0.506592869758606,-0.31088313460350037,0.5674099326133728,0.41997063159942627,-0.20506902039051056,0.5214948058128357,0.5686694979667664,-0.33910679817199707,0.6100781559944153,0.4481595456600189,-0.26281723380088806,0.5607339143753052,0.626926839351654,-0.3788702189922333,0.6223076581954956,0.44268906116485596,-0.28825047612190247,0.5648243427276611,0.6422421336174011,-0.42246007919311523,0.6186581254005432,0.45174330472946167,-0.3068959712982178,0.5697950720787048,0.6328611373901367,-0.4242953360080719,0.6119316220283508,0.459802508354187,-0.2731914222240448,0.5677168369293213,0.62485271692276,-0.38372087478637695,0.46764954924583435,0.48140960931777954,0.04807339981198311,0.44607192277908325,0.5160514116287231,-0.0482044517993927,0.5099616646766663,0.5605389475822449,0.15306176245212555,0.4726693034172058,0.6026586890220642,0.08454028517007828,0.5096388459205627,0.6243300437927246,0.362432599067688,0.46534299850463867,0.6531891226768494,0.31499525904655457,0.5062132477760315,0.6337779760360718,0.3844512403011322,0.4625912308692932,0.6557820439338684,0.3368440866470337,0.5258165597915649,0.64290452003479,0.35977891087532043,0.47443127632141113,0.6926867961883545,0.29947930574417114
0225,./images/155/frame_00225.jpg,Normal,0.5360106229782104,0.47208166122436523,-0.29284951090812683,0.5364465117454529,0.46458205580711365,-0.3022013306617737,0.5361448526382446,0.46330565214157104,-0.30224812030792236,0.5350647568702698,0.4606966972351074,-0.30235064029693604,0.536774218082428,0.46940162777900696,-0.31353166699409485,0.5363253951072693,0.4696342349052429,-0.313551664352417,0.5358024835586548,0.4699843227863312,-0.3136296570301056,0.5253081321716309,0.4497683644294739,-0.2892018258571625,0.5298221111297607,0.46544981002807617,-0.34032729268074036,0.5297978520393372,0.46786701679229736,-0.2800523340702057,0.5304207801818848,0.473015159368515,-0.2955023944377899,0.49881163239479065,0.41739481687545776,-0.22288434207439423,0.4982300400733948,0.4887915849685669,-0.28601160645484924,0.5130935907363892,0.4681299328804016,-0.12918886542320251,0.5153198838233948,0.5574530959129333,-0.23926877975463867,0.5337069034576416,0.5071073770523071,-0.13050901889801025,0.5521295070648193,0.5978711843490601,-0.2242097556591034,0.5373556613922119,0.507050633430481,-0.14480212330818176,0.5542436242103577,0.6122927069664001,-0.2507230341434479,0.5389412045478821,0.5133674740791321,-0.16436047852039337,0.5549784302711487,0.6016106605529785,-0.26163676381111145,0.537202000617981,0.5162025690078735,-0.1381106823682785,0.5527549982070923,0.5950823426246643,-0.22915999591350555,0.47107285261154175,0.5044736862182617,0.022005217149853706,0.4632999897003174,0.5367764830589294,-0.021918365731835365,0.4922989010810852,0.5550680756568909,0.20061881840229034,0.4694535732269287,0.5899501442909241,0.19558581709861755,0.5049088597297668,0.6087933778762817,0.4268636107444763,0.4626339375972748,0.6475622057914734,0.45840373635292053,0.5050172209739685,0.6149575710296631,0.4512247145175934,0.4610768258571625,0.6525058150291443,0.48446154594421387,0.506730318069458,0.6420567631721497,0.41234952211380005,0.46596360206604004,0.668419361114502,0.4408411383628845
0226,./images/155/frame_00226.jpg,Normal,0.5322138071060181,0.47009581327438354,-0.27716800570487976,0.534415602684021,0.46164363622665405,-0.28306710720062256,0.5345943570137024,0.45843684673309326,-0.28316250443458557,0.5347687005996704,0.45379236340522766,-0.2833060622215271,0.5326672196388245,0.4668799638748169,-0.3014555871486664,0.5314913988113403,0.46764305233955383,-0.301501601934433,0.5302473306655884,0.46851179003715515,-0.30157798528671265,0.5251161456108093,0.44383975863456726,-0.26494690775871277,0.5233639478683472,0.4643726646900177,-0.3434402346611023,0.5264123678207397,0.4669119417667389,-0.2623187303543091,0.5249853730201721,0.4717182219028473,-0.2868689000606537,0.4994252324104309,0.4143683910369873,-0.1965990960597992,0.4923224449157715,0.48857757449150085,-0.3176407516002655,0.5280267000198364,0.47348302602767944,-0.12337876856327057,0.5239623785018921,0.5575726628303528,-0.299456924200058,0.5541824698448181,0.5381619930267334,-0.1572578400373459,0.5692287683486938,0.5877178907394409,-0.3023197054862976,0.5625234246253967,0.5414212942123413,-0.17492884397506714,0.5793516635894775,0.597093939781189,-0.3410082459449768,0.563323974609375,0.5490027666091919,-0.20069268345832825,0.5793949365615845,0.5867014527320862,-0.3443741202354431,0.5589448809623718,0.5528557896614075,-0.1691945493221283,0.5757039189338684,0.5816091895103455,-0.30558979511260986,0.46850600838661194,0.5040415525436401,0.03959396481513977,0.44878363609313965,0.5348564386367798,-0.03963340073823929,0.4923103451728821,0.5550156831741333,0.20335379242897034,0.4657464027404785,0.6030717492103577,0.17186219990253448,0.4932273328304291,0.6210888028144836,0.4366532862186432,0.45711588859558105,0.6502047777175903,0.4274170994758606,0.4939921796321869,0.6239136457443237,0.461782306432724,0.4556431770324707,0.6539360284805298,0.4512948989868164,0.507215142250061,0.6442758440971375,0.4295591413974762,0.4642903208732605,0.6702142357826233,0.4009391665458679
0227,./images/155/frame_00227.jpg,Normal,0.5326098203659058,0.4614143371582031,-0.21191589534282684,0.534525454044342,0.44942203164100647,-0.22184500098228455,0.5346571207046509,0.4449678957462311,-0.22195465862751007,0.5347700119018555,0.4405471384525299,-0.2220931500196457,0.5331392288208008,0.4577691853046417,-0.23444688320159912,0.5321057438850403,0.45980533957481384,-0.2344905436038971,0.5310156345367432,0.46171653270721436,-0.23455271124839783,0.5251172184944153,0.4336390495300293,-0.2231624871492386,0.5241162776947021,0.46005329489707947,-0.2787635922431946,0.5266908407211304,0.45782873034477234,-0.2047814130783081,0.5256540179252625,0.4649365246295929,-0.22151616215705872,0.49934902787208557,0.41330739855766296,-0.16332384943962097,0.4930044114589691,0.4974568784236908,-0.2647595703601837,0.5304064750671387,0.4515644907951355,-0.0764240249991417,0.5226423144340515,0.5730009078979492,-0.2270984649658203,0.5621290802955627,0.5175633430480957,-0.0891302153468132,0.5651404857635498,0.5835695266723633,-0.20235832035541534,0.5708197951316833,0.5205908417701721,-0.0996057465672493,0.5758474469184875,0.5991421341896057,-0.2337658703327179,0.5704582929611206,0.5356610417366028,-0.12453867495059967,0.5777667760848999,0.5895504355430603,-0.2364712506532669,0.5659126043319702,0.5436065793037415,-0.0992894321680069,0.5732975602149963,0.5841289758682251,-0.20478153228759766,0.4576358199119568,0.5043878555297852,0.037319399416446686,0.44426530599594116,0.5347467064857483,-0.03733592480421066,0.49462708830833435,0.5506814122200012,0.20181484520435333,0.46398860216140747,0.6046591401100159,0.16134175658226013,0.5028139352798462,0.6168633103370667,0.42697739601135254,0.4557536244392395,0.6524084210395813,0.39749935269355774,0.49974173307418823,0.6227063536643982,0.45186933875083923,0.4530283808708191,0.6575764417648315,0.41996654868125916,0.5271834135055542,0.6292110085487366,0.42890995740890503,0.4644278883934021,0.6695144176483154,0.38117486238479614
0229,./images/155/frame_00229.jpg,Normal,0.5278869271278381,0.44941723346710205,-0.2958260476589203,0.5308506488800049,0.4386341869831085,-0.29955920577049255,0.5309308767318726,0.43501168489456177,-0.2995854616165161,0.5310459136962891,0.4316270053386688,-0.29969996213912964,0.5284193158149719,0.4459972679615021,-0.3159484267234802,0.5270129442214966,0.44767749309539795,-0.31599006056785583,0.5256274342536926,0.4495983421802521,-0.31603991985321045,0.5240448117256165,0.4247199296951294,-0.26999661326408386,0.5179563760757446,0.45261767506599426,-0.346047580242157,0.5220223069190979,0.44877976179122925,-0.27813857793807983,0.5197411775588989,0.45557546615600586,-0.3007841408252716,0.5071406364440918,0.41284310817718506,-0.17964576184749603,0.4903485178947449,0.4947037696838379,-0.3259175419807434,0.5490764379501343,0.463640034198761,-0.09123297780752182,0.5251285433769226,0.5509256720542908,-0.3429618179798126,0.5768316388130188,0.5062522888183594,-0.12040705978870392,0.5770231485366821,0.5821957588195801,-0.357694536447525,0.5852720737457275,0.5056469440460205,-0.13034416735172272,0.5873916745185852,0.5921036601066589,-0.4006487727165222,0.5831506252288818,0.5129076242446899,-0.16024048626422882,0.5904045701026917,0.5746965408325195,-0.40071067214012146,0.5786114931106567,0.516596257686615,-0.1331474930047989,0.586614727973938,0.5695820450782776,-0.3607926070690155,0.4494003355503082,0.47638222575187683,0.05695193260908127,0.4263373017311096,0.5074238181114197,-0.056937314569950104,0.48515886068344116,0.5524896383285522,0.20731082558631897,0.4563466012477875,0.6063183546066284,0.08385692536830902,0.48782777786254883,0.6330151557922363,0.41153472661972046,0.4529799818992615,0.6624093651771545,0.28681254386901855,0.4878919720649719,0.6447915434837341,0.4322609007358551,0.45170098543167114,0.6728010773658752,0.3057069480419159,0.506596028804779,0.6602083444595337,0.4045180380344391,0.4660208821296692,0.6886574029922485,0.26062896847724915
0230,./images/155/frame_00230.jpg,Normal,0.5278877019882202,0.4514266550540924,-0.2880702614784241,0.5308517813682556,0.44070613384246826,-0.2896259129047394,0.531006932258606,0.4380445182323456,-0.28965678811073303,0.531229555606842,0.4356629252433777,-0.2897598445415497,0.5281661748886108,0.4464401304721832,-0.30973324179649353,0.5265659093856812,0.44783303141593933,-0.3097737431526184,0.5248578786849976,0.44963422417640686,-0.3098209500312805,0.5241565108299255,0.42991259694099426,-0.2516302466392517,0.5171915888786316,0.45243075489997864,-0.3440846800804138,0.5226413607597351,0.45161938667297363,-0.2670375406742096,0.519748866558075,0.4561479687690735,-0.2943975329399109,0.5097464323043823,0.41483545303344727,-0.15222638845443726,0.48873868584632874,0.4943159222602844,-0.32474157214164734,0.5424760580062866,0.4676057696342468,-0.06033631041646004,0.5245345234870911,0.5520907640457153,-0.3266911208629608,0.5630017518997192,0.5122895240783691,-0.1004699096083641,0.5681998133659363,0.5818778276443481,-0.3066895604133606,0.5694132447242737,0.5140014886856079,-0.10942807048559189,0.5772221684455872,0.5920754075050354,-0.34234002232551575,0.5680585503578186,0.5200682878494263,-0.14037920534610748,0.5792344808578491,0.5749251246452332,-0.34190815687179565,0.5642643570899963,0.5226472020149231,-0.11427241563796997,0.5755767226219177,0.5697314143180847,-0.30782848596572876,0.4509720206260681,0.4799429476261139,0.06012173742055893,0.42580538988113403,0.5082947611808777,-0.060133885592222214,0.4815700948238373,0.5725678205490112,0.2067100554704666,0.457113653421402,0.6046270728111267,0.06952802836894989,0.4810435175895691,0.6418452858924866,0.40619128942489624,0.4532204270362854,0.6623657941818237,0.26606976985931396,0.4776236414909363,0.6517855525016785,0.4262363910675049,0.4523216784000397,0.6725790500640869,0.2841646075248718,0.4997173249721527,0.658374547958374,0.4009760320186615,0.4668862223625183,0.6860781908035278,0.2443883866071701
0231,./images/155/frame_00231.jpg,Normal,0.5282888412475586,0.44828978180885315,-0.3152620494365692,0.5308464169502258,0.4370195269584656,-0.3136584460735321,0.5310062766075134,0.4349249005317688,-0.31369978189468384,0.5312288999557495,0.43303099274635315,-0.31381756067276,0.5281262397766113,0.4416479468345642,-0.3359284996986389,0.5264982581138611,0.4428215026855469,-0.3359677195549011,0.5247674584388733,0.44441986083984375,-0.3360001742839813,0.5240899324417114,0.42977502942085266,-0.2596588134765625,0.5169956684112549,0.44746050238609314,-0.3661291003227234,0.5233498811721802,0.45087847113609314,-0.2898983359336853,0.5201079845428467,0.45394062995910645,-0.32005298137664795,0.5116890668869019,0.41714203357696533,-0.1620015650987625,0.4880281388759613,0.4914408326148987,-0.34971901774406433,0.5432887673377991,0.4730660617351532,-0.09165708720684052,0.5245407819747925,0.5517435669898987,-0.3769293427467346,0.5666174292564392,0.5198817253112793,-0.15203627943992615,0.5685442686080933,0.5806825160980225,-0.3841324746608734,0.5738655924797058,0.5231818556785583,-0.16729065775871277,0.5778242945671082,0.5917395949363708,-0.42774495482444763,0.5720897912979126,0.5282256007194519,-0.19841888546943665,0.5797013640403748,0.5747921466827393,-0.4272898733615875,0.567999005317688,0.5301917195320129,-0.16708320379257202,0.5765768885612488,0.5695167779922485,-0.38674426078796387,0.4517064690589905,0.48202937841415405,0.064551442861557,0.42537355422973633,0.5098415613174438,-0.06454887986183167,0.4814196228981018,0.5801502466201782,0.19590719044208527,0.4580415189266205,0.6003283858299255,0.04220780357718468,0.4779938757419586,0.6378228068351746,0.38672128319740295,0.4533247947692871,0.6633217930793762,0.23848488926887512,0.47434383630752563,0.6504470705986023,0.40548577904701233,0.45233479142189026,0.6731389164924622,0.25611811876296997,0.49865826964378357,0.659281313419342,0.37662598490715027,0.4684716761112213,0.6861037611961365,0.212855726480484
0232,./images/155/frame_00232.jpg,Normal,0.5282207727432251,0.4440619945526123,-0.31845057010650635,0.529843807220459,0.43275320529937744,-0.31547290086746216,0.5300109386444092,0.43089818954467773,-0.3155098557472229,0.5302280187606812,0.4293960630893707,-0.3156391680240631,0.5270135998725891,0.43649810552597046,-0.33844467997550964,0.5253145694732666,0.43740415573120117,-0.3384926915168762,0.5235737562179565,0.43867895007133484,-0.3385239243507385,0.5232388377189636,0.42729026079177856,-0.2608691155910492,0.5155912041664124,0.4403643012046814,-0.36724695563316345,0.5234439373016357,0.4489152133464813,-0.2919290363788605,0.5201140642166138,0.4510486125946045,-0.32304269075393677,0.5112977623939514,0.418412983417511,-0.1580788642168045,0.4872678816318512,0.4835330545902252,-0.3522813022136688,0.5364290475845337,0.4754088819026947,-0.07753890007734299,0.5225400328636169,0.5473929047584534,-0.3856301009654999,0.5593380331993103,0.5193665623664856,-0.1329408586025238,0.5676771998405457,0.575088620185852,-0.3980424702167511,0.5662397146224976,0.5225206613540649,-0.1442461907863617,0.5777245759963989,0.5869981646537781,-0.44229286909103394,0.5652952194213867,0.5271172523498535,-0.1803661286830902,0.580107569694519,0.5702721476554871,-0.4398899972438812,0.5614949464797974,0.5291158556938171,-0.15096540749073029,0.5762649178504944,0.5650252103805542,-0.3999496102333069,0.4500814974308014,0.48182469606399536,0.06738189607858658,0.4241783618927002,0.5095746517181396,-0.06736991554498672,0.47640475630760193,0.5801226496696472,0.19607068598270416,0.45830148458480835,0.5952539443969727,0.04579970985651016,0.4744016230106354,0.6348437666893005,0.3895975947380066,0.45338016748428345,0.6638715863227844,0.22680699825286865,0.47054943442344666,0.6487683057785034,0.4084659218788147,0.4520968496799469,0.6739252209663391,0.24244627356529236,0.4948025345802307,0.6589125990867615,0.3772663474082947,0.4705665111541748,0.6857924461364746,0.1909659057855606
0233,./images/155/frame_00233.jpg,Normal,0.5252717733383179,0.444002628326416,-0.27328506112098694,0.5264114737510681,0.43262484669685364,-0.2695275843143463,0.5267317295074463,0.4307125210762024,-0.26952987909317017,0.5270654559135437,0.4291198253631592,-0.26961490511894226,0.5234095454216003,0.4363182783126831,-0.2934649884700775,0.5217261910438538,0.4370533525943756,-0.29351741075515747,0.51997971534729,0.4381600320339203,-0.2935413122177124,0.5206019282341003,0.4262799024581909,-0.2186311036348343,0.5119487643241882,0.43842577934265137,-0.327898234128952,0.5218602418899536,0.4484352171421051,-0.24824205040931702,0.5180810689926147,0.4502227306365967,-0.2804163098335266,0.5083085298538208,0.42226117849349976,-0.12029381096363068,0.48519033193588257,0.48111698031425476,-0.3301064372062683,0.5331354141235352,0.47433269023895264,-0.03915604576468468,0.5175191760063171,0.5371966361999512,-0.37205037474632263,0.5536080598831177,0.5182740092277527,-0.07700027525424957,0.5537174940109253,0.5635404586791992,-0.36112916469573975,0.5600285530090332,0.5220688581466675,-0.08209063857793808,0.5650385618209839,0.575439453125,-0.39714351296424866,0.5584056973457336,0.526085615158081,-0.11298873275518417,0.5673764944076538,0.5672155022621155,-0.39288032054901123,0.5548316240310669,0.5279800891876221,-0.09131290018558502,0.5642868280410767,0.5615258812904358,-0.36056119203567505,0.44341129064559937,0.48174047470092773,0.06821659207344055,0.4223499894142151,0.510003924369812,-0.06823423504829407,0.4706606864929199,0.5796490907669067,0.17690107226371765,0.458745539188385,0.5925353169441223,0.028839966282248497,0.47285977005958557,0.6351670026779175,0.33748215436935425,0.45390182733535767,0.6637280583381653,0.188786119222641,0.4691868722438812,0.6485454440116882,0.3526989817619324,0.45210176706314087,0.6739283800125122,0.20281556248664856,0.4916810393333435,0.6587855219841003,0.32583725452423096,0.47350630164146423,0.678165853023529,0.1631394326686859
0234,./images/155/frame_00234.jpg,Normal,0.5236574411392212,0.4405438005924225,-0.28427061438560486,0.5241815447807312,0.4288600981235504,-0.2811822295188904,0.5244596600532532,0.4274600148200989,-0.2811990976333618,0.5247343182563782,0.42625918984413147,-0.2812972664833069,0.5214077234268188,0.43147388100624084,-0.30382755398750305,0.5199064016342163,0.43195033073425293,-0.30387789011001587,0.5183943510055542,0.4327971041202545,-0.3039056956768036,0.5179067850112915,0.4236668050289154,-0.2280340939760208,0.5104342699050903,0.4328741431236267,-0.33454352617263794,0.5204210877418518,0.4459575116634369,-0.2601141929626465,0.5170532464981079,0.4466780722141266,-0.29028862714767456,0.505454957485199,0.42355307936668396,-0.13212628662586212,0.4831758439540863,0.47647106647491455,-0.33538445830345154,0.534888505935669,0.47617167234420776,-0.05863182619214058,0.5166124105453491,0.5340321063995361,-0.386176198720932,0.558282732963562,0.5176367163658142,-0.11243939399719238,0.5598365664482117,0.564250648021698,-0.3970789313316345,0.5655215978622437,0.5209718346595764,-0.12248311191797256,0.5708685517311096,0.5738986730575562,-0.44084009528160095,0.5640037655830383,0.5252341628074646,-0.1527126133441925,0.5721391439437866,0.5658935308456421,-0.43512511253356934,0.5601085424423218,0.5273619890213013,-0.12777523696422577,0.5697706341743469,0.5608044266700745,-0.3976439833641052,0.4427056908607483,0.4822876751422882,0.07000099867582321,0.4210928976535797,0.5111525058746338,-0.07002630829811096,0.4718899726867676,0.5801081657409668,0.1843452751636505,0.45800384879112244,0.5937650203704834,0.01442054845392704,0.4737239480018616,0.6354968547821045,0.35542261600494385,0.4526394307613373,0.6680342555046082,0.16916251182556152,0.4691559672355652,0.6662085652351379,0.3718023896217346,0.4502957761287689,0.6770452857017517,0.18240167200565338,0.49081045389175415,0.659123420715332,0.3452565670013428,0.4731099009513855,0.6814225316047668,0.1386784464120865
0235,./images/155/frame_00235.jpg,Normal,0.5213495492935181,0.4305294454097748,-0.23363275825977325,0.52130526304245,0.41815218329429626,-0.22734279930591583,0.5215966701507568,0.41677120327949524,-0.22734883427619934,0.521877646446228,0.4154307544231415,-0.22741679847240448,0.5187975764274597,0.4209545850753784,-0.2505677342414856,0.5174710154533386,0.42161351442337036,-0.2506188750267029,0.51618891954422,0.42242923378944397,-0.25064617395401,0.5155794024467468,0.41466856002807617,-0.17433811724185944,0.5087308883666992,0.42307519912719727,-0.28049254417419434,0.5187493562698364,0.4366818368434906,-0.20937374234199524,0.5156577229499817,0.4379226267337799,-0.24042055010795593,0.5017141103744507,0.4231809973716736,-0.08052933216094971,0.481832891702652,0.47120314836502075,-0.29413503408432007,0.5293169617652893,0.47600504755973816,-0.01217857375741005,0.5111764669418335,0.5296270251274109,-0.3308108448982239,0.5516650676727295,0.5122225880622864,-0.055744774639606476,0.5532079935073853,0.5567535161972046,-0.3146721422672272,0.5574163198471069,0.5154142379760742,-0.05998001620173454,0.5627850890159607,0.5651453137397766,-0.34943199157714844,0.5567618608474731,0.5167067050933838,-0.08830432593822479,0.5651751756668091,0.5583881139755249,-0.3444536626338959,0.55399090051651,0.5184564590454102,-0.06917811930179596,0.5622531175613403,0.5480680465698242,-0.31400948762893677,0.44107046723365784,0.4822058081626892,0.06965961307287216,0.4191366732120514,0.511115550994873,-0.06966059654951096,0.47035759687423706,0.578594446182251,0.15710876882076263,0.4562508165836334,0.5942049622535706,0.010682065971195698,0.4748854637145996,0.6377106308937073,0.2956852912902832,0.45198559761047363,0.6682413816452026,0.1506124883890152,0.47089019417762756,0.6634257435798645,0.3087029755115509,0.4499559998512268,0.6771543025970459,0.16250881552696228,0.4917808175086975,0.6598297953605652,0.28209543228149414,0.47399410605430603,0.6817952394485474,0.1227337121963501
0236,./images/155/frame_00236.jpg,Normal,0.5160614848136902,0.4247877895832062,-0.18676874041557312,0.5164114832878113,0.4116516411304474,-0.18018369376659393,0.5166975855827332,0.4102128744125366,-0.18018266558647156,0.5169922113418579,0.40868550539016724,-0.18023458123207092,0.5144394636154175,0.4146382510662079,-0.20215363800525665,0.5134414434432983,0.4154422879219055,-0.20220458507537842,0.5124471783638,0.4162924885749817,-0.20222659409046173,0.5112510919570923,0.4081675708293915,-0.1305120289325714,0.5056543350219727,0.4173426032066345,-0.23030582070350647,0.5135074257850647,0.43098047375679016,-0.16422848403453827,0.5111695528030396,0.4324180483818054,-0.19348110258579254,0.4965294301509857,0.42323821783065796,-0.037400029599666595,0.4788541793823242,0.4650922417640686,-0.24700117111206055,0.5215549468994141,0.4697754383087158,0.04277554526925087,0.5051864981651306,0.5203005075454712,-0.257554292678833,0.5393980741500854,0.4977205991744995,0.018038954585790634,0.542434811592102,0.5481057167053223,-0.20575575530529022,0.5437031984329224,0.5016511082649231,0.021412955597043037,0.5513535141944885,0.556753396987915,-0.2290763407945633,0.542482852935791,0.5010419487953186,-0.004842955153435469,0.5528503656387329,0.5513652563095093,-0.22429096698760986,0.540736973285675,0.5018176436424255,0.006539719644933939,0.5494481325149536,0.5440386533737183,-0.20319397747516632,0.4348481297492981,0.48220741748809814,0.06878750026226044,0.4158455431461334,0.5102009773254395,-0.06880548596382141,0.4669151306152344,0.5772743821144104,0.12737594544887543,0.45152783393859863,0.5947456955909729,-0.016468670219182968,0.4742395877838135,0.6403574347496033,0.23718209564685822,0.4532756805419922,0.6679986119270325,0.08812131732702255,0.4708055555820465,0.6600546836853027,0.24726131558418274,0.45110130310058594,0.6773592829704285,0.09646610170602798,0.49118971824645996,0.6593902707099915,0.21945640444755554,0.47684749960899353,0.680841326713562,0.05498812347650528
0237,./images/155/frame_00237.jpg,Normal,0.5151110887527466,0.42551955580711365,-0.18699005246162415,0.5158440470695496,0.41251394152641296,-0.1805347502231598,0.5160526633262634,0.41105973720550537,-0.18055517971515656,0.5162584185600281,0.40951263904571533,-0.18061783909797668,0.5137588381767273,0.4150039255619049,-0.20359008014202118,0.5126101970672607,0.4154975414276123,-0.2036287486553192,0.5115052461624146,0.4160720109939575,-0.20365214347839355,0.5100538730621338,0.4077378511428833,-0.13312439620494843,0.5039459466934204,0.415934294462204,-0.2382839024066925,0.5120210647583008,0.4313834607601166,-0.16506315767765045,0.5093237161636353,0.43276265263557434,-0.1958390474319458,0.4936429560184479,0.4219592213630676,-0.052406150847673416,0.47706642746925354,0.4639725089073181,-0.25648027658462524,0.521445631980896,0.46498650312423706,0.005267747677862644,0.5027579665184021,0.516678512096405,-0.291451096534729,0.5433038473129272,0.48797905445098877,-0.04379098862409592,0.5408140420913696,0.5391467213630676,-0.2818027436733246,0.5486665964126587,0.4890179932117462,-0.04843393713235855,0.5494917631149292,0.5484501123428345,-0.31546804308891296,0.5488691926002502,0.48930829763412476,-0.07495865970849991,0.552266538143158,0.5421934127807617,-0.3094514012336731,0.5465461015701294,0.4915250241756439,-0.056432224810123444,0.5489357709884644,0.5363190174102783,-0.2808062732219696,0.4339688718318939,0.4821462333202362,0.068337582051754,0.4139079451560974,0.5101576447486877,-0.06834564357995987,0.46208032965660095,0.5760241746902466,0.1560928076505661,0.4477914273738861,0.5935477018356323,0.009449850767850876,0.4730805456638336,0.6401001811027527,0.2951424717903137,0.4521830677986145,0.6679701209068298,0.1346615105867386,0.47090965509414673,0.6597050428390503,0.30786994099617004,0.4507838189601898,0.677335262298584,0.14492905139923096,0.49036508798599243,0.6562259793281555,0.28292781114578247,0.4767181873321533,0.6794919371604919,0.10341743379831314
0238,./images/155/frame_00238.jpg,Normal,0.5128779411315918,0.4217628538608551,-0.1897663176059723,0.5132002234458923,0.4077915549278259,-0.18179360032081604,0.5132868885993958,0.40630099177360535,-0.18181023001670837,0.513386607170105,0.404813677072525,-0.18187330663204193,0.5112386345863342,0.4104926586151123,-0.20550751686096191,0.5100229978561401,0.411061555147171,-0.20556099712848663,0.508907675743103,0.41167593002319336,-0.2055836170911789,0.5069156885147095,0.4031049907207489,-0.12699101865291595,0.5010390281677246,0.40997064113616943,-0.23459136486053467,0.5098214745521545,0.4275563955307007,-0.16517630219459534,0.5071336030960083,0.4292745292186737,-0.1966707408428192,0.49000588059425354,0.41689714789390564,-0.03577428311109543,0.47615423798561096,0.4586179554462433,-0.24984577298164368,0.50705885887146,0.4571591317653656,0.0469290092587471,0.49733537435531616,0.5098581314086914,-0.265005886554718,0.5246108770370483,0.48398497700691223,0.022169381380081177,0.5340619087219238,0.534733772277832,-0.22187447547912598,0.5283036231994629,0.48712247610092163,0.023358341306447983,0.5412648916244507,0.5438441038131714,-0.2473694086074829,0.5274497270584106,0.4865052103996277,-0.001612307270988822,0.5423405170440674,0.5366020798683167,-0.24333231151103973,0.5258572697639465,0.48779982328414917,0.010943768545985222,0.5395975708961487,0.5310521721839905,-0.21983671188354492,0.4307950437068939,0.48093554377555847,0.0680929645895958,0.41189298033714294,0.5096228122711182,-0.06811518967151642,0.45905137062072754,0.5726444125175476,0.15285032987594604,0.44615593552589417,0.5919357538223267,0.013756604865193367,0.47295475006103516,0.6397915482521057,0.28030627965927124,0.4519878327846527,0.6678112745285034,0.12660321593284607,0.46998611092567444,0.6590340733528137,0.2923756241798401,0.45005807280540466,0.6785857081413269,0.13571786880493164,0.4906896650791168,0.6546372175216675,0.26691383123397827,0.47665518522262573,0.6757262945175171,0.09195999056100845
0239,./images/155/frame_00239.jpg,Normal,0.510160505771637,0.41812437772750854,-0.16110871732234955,0.5098952054977417,0.40480339527130127,-0.15532511472702026,0.5099431276321411,0.4030449390411377,-0.15536028146743774,0.5100306272506714,0.40127572417259216,-0.15543577075004578,0.5078965425491333,0.4082619547843933,-0.17873479425907135,0.5066927671432495,0.40895333886146545,-0.17878034710884094,0.5055729746818542,0.409639447927475,-0.17880693078041077,0.5033252239227295,0.3986574709415436,-0.11109717935323715,0.4976022243499756,0.40712770819664,-0.21716204285621643,0.5067753195762634,0.4237743318080902,-0.14007127285003662,0.5042283535003662,0.425731360912323,-0.17109748721122742,0.48530155420303345,0.41218316555023193,-0.0307802464812994,0.4742916524410248,0.45371344685554504,-0.2363961637020111,0.5101678967475891,0.45247510075569153,0.03839566931128502,0.4939124584197998,0.5048643946647644,-0.2486400306224823,0.5299252867698669,0.4823075234889984,0.0027362429536879063,0.525881826877594,0.5276591181755066,-0.2061850130558014,0.5352408289909363,0.4855192005634308,0.000506861659232527,0.5298416614532471,0.5401442050933838,-0.23183932900428772,0.5341320037841797,0.48551228642463684,-0.02249651961028576,0.531064510345459,0.5274723172187805,-0.22785422205924988,0.5314839482307434,0.4869057238101959,-0.008316080085933208,0.5306757688522339,0.5247700810432434,-0.20456039905548096,0.42907875776290894,0.48031824827194214,0.0678371787071228,0.40977293252944946,0.5069193243980408,-0.06784741580486298,0.45788389444351196,0.5613228678703308,0.17023593187332153,0.441241979598999,0.5885469317436218,0.03514724597334862,0.4734254479408264,0.636732816696167,0.3047769069671631,0.44980162382125854,0.6615193486213684,0.15246132016181946,0.47042378783226013,0.6512078642845154,0.3193630278110504,0.44583114981651306,0.676939070224762,0.1650765836238861,0.49075669050216675,0.6511036157608032,0.27610906958580017,0.47551339864730835,0.6697981357574463,0.11623011529445648
0240,./images/155/frame_00240.jpg,Normal,0.5074892640113831,0.4152887165546417,-0.1599942296743393,0.50727778673172,0.40301263332366943,-0.15771274268627167,0.5072365403175354,0.40114113688468933,-0.1577598750591278,0.5072290897369385,0.39916718006134033,-0.15784086287021637,0.5056811571121216,0.40676671266555786,-0.17809274792671204,0.5046285390853882,0.4076383709907532,-0.17812670767307281,0.5033984184265137,0.40875476598739624,-0.17815694212913513,0.5000676512718201,0.39702025055885315,-0.124367855489254,0.49588149785995483,0.4080923795700073,-0.21665704250335693,0.5039350390434265,0.4200473725795746,-0.14240506291389465,0.5012291669845581,0.4231528341770172,-0.16940361261367798,0.4792649745941162,0.4082016944885254,-0.047373175621032715,0.47287994623184204,0.4568955600261688,-0.2301698625087738,0.5103574991226196,0.44134408235549927,0.03880811110138893,0.49826183915138245,0.5076476335525513,-0.23736879229545593,0.534309446811676,0.4629342257976532,0.022929597645998,0.5273229479789734,0.5232046246528625,-0.2057134211063385,0.5400013327598572,0.4630817472934723,0.021793879568576813,0.5315461158752441,0.5381783843040466,-0.232923224568367,0.5391181111335754,0.4633496105670929,-6.655420293100178e-05,0.5346007347106934,0.5243083238601685,-0.22993513941764832,0.5364072322845459,0.4660560190677643,0.013185156509280205,0.5319772362709045,0.518667995929718,-0.20493566989898682,0.4259369969367981,0.48056313395500183,0.0641762763261795,0.40925782918930054,0.5089275240898132,-0.06425667554140091,0.4577150344848633,0.5574004054069519,0.19169864058494568,0.43819594383239746,0.5894963145256042,0.0663238987326622,0.4734697937965393,0.6335891485214233,0.3475949764251709,0.44164514541625977,0.6595211625099182,0.2213597595691681,0.4693666100502014,0.6462644934654236,0.3637283444404602,0.43989473581314087,0.674834132194519,0.23597939312458038,0.48988398909568787,0.6497398614883423,0.35016196966171265,0.46013087034225464,0.6702293753623962,0.20676115155220032
0241,./images/155/frame_00241.jpg,Normal,0.5029363036155701,0.4091114103794098,-0.0962190255522728,0.5034526586532593,0.3984895944595337,-0.09708990901708603,0.5034245252609253,0.39676395058631897,-0.09713578224182129,0.5034705400466919,0.3950023353099823,-0.09721066057682037,0.5022293329238892,0.40226316452026367,-0.1135772094130516,0.5013383030891418,0.40315836668014526,-0.1136154904961586,0.5002207159996033,0.40446048974990845,-0.11365877091884613,0.49710479378700256,0.39296042919158936,-0.07962088286876678,0.493765652179718,0.40600472688674927,-0.15296734869480133,0.4990178644657135,0.4135591387748718,-0.08484053611755371,0.4966559410095215,0.41699135303497314,-0.1063816100358963,0.47793421149253845,0.3975479006767273,-0.009359481744468212,0.47104859352111816,0.4497394561767578,-0.1669968217611313,0.4940709173679352,0.4342547059059143,0.10336816310882568,0.4866097867488861,0.5103833675384521,-0.1160569041967392,0.5117179751396179,0.46967047452926636,0.13474446535110474,0.5103973746299744,0.5144538879394531,-0.0010524704121053219,0.5165651440620422,0.4735945463180542,0.14463011920452118,0.5154320597648621,0.5135339498519897,-0.00684806564822793,0.5146763920783997,0.47478264570236206,0.12300600111484528,0.5159429311752319,0.5054775476455688,-0.006985243409872055,0.5121214985847473,0.4759988486766815,0.1265113353729248,0.5153717398643494,0.5033100843429565,0.001516149379312992,0.42052921652793884,0.4805716574192047,0.0551510825753212,0.408198744058609,0.5079624056816101,-0.055232346057891846,0.45763978362083435,0.552215039730072,0.19124451279640198,0.43512701988220215,0.588936984539032,0.07054350525140762,0.4729273319244385,0.6289913058280945,0.3324779272079468,0.43829840421676636,0.6590065956115723,0.20949380099773407,0.4689774513244629,0.6400179266929626,0.3492075204849243,0.43662190437316895,0.6730155348777771,0.22295288741588593,0.48915499448776245,0.6484554409980774,0.335995078086853,0.45599061250686646,0.6708993911743164,0.19634553790092468
0242,./images/155/frame_00242.jpg,Normal,0.4996678829193115,0.4064144194126129,-0.12198355048894882,0.5005529522895813,0.39498451352119446,-0.1222931295633316,0.5006116628646851,0.39266854524612427,-0.12234403938055038,0.5008330345153809,0.3904482424259186,-0.12242387235164642,0.49887076020240784,0.3993317186832428,-0.13941486179828644,0.49793872237205505,0.4003520607948303,-0.13945013284683228,0.4970456659793854,0.40149086713790894,-0.13948944211006165,0.4925117492675781,0.38765475153923035,-0.10004337131977081,0.4905003607273102,0.4040127992630005,-0.17656847834587097,0.4965386986732483,0.41053879261016846,-0.1084313839673996,0.4941749572753906,0.4136189818382263,-0.1309274584054947,0.47419920563697815,0.4005694091320038,-0.02786366268992424,0.4682553708553314,0.453085333108902,-0.184231698513031,0.4922828674316406,0.43317270278930664,0.07294534891843796,0.48949486017227173,0.502791166305542,-0.13504061102867126,0.5145224332809448,0.4646044373512268,0.07934778183698654,0.5144384503364563,0.5099533200263977,-0.032058101147413254,0.5201289057731628,0.4674689769744873,0.08506668359041214,0.520630955696106,0.5150229334831238,-0.04117504879832268,0.519941508769989,0.46914270520210266,0.0623653344810009,0.522636353969574,0.5075746774673462,-0.0386352613568306,0.5170331001281738,0.4707290232181549,0.0702122375369072,0.5199319124221802,0.5035525560379028,-0.02867378666996956,0.4206012189388275,0.48006951808929443,0.05359380692243576,0.4074176251888275,0.5077899694442749,-0.053687531501054764,0.45517784357070923,0.5552141666412354,0.18599548935890198,0.4335656762123108,0.5895798802375793,0.07511966675519943,0.47150641679763794,0.6278599500656128,0.3393464684486389,0.4341113567352295,0.6598507761955261,0.21902962028980255,0.4668966233730316,0.6383230686187744,0.3563525676727295,0.4292086660861969,0.6738436222076416,0.2332116812467575,0.4887956976890564,0.6476504802703857,0.3488239049911499,0.451418936252594,0.6720567345619202,0.20691625773906708
0243,./images/155/frame_00243.jpg,Normal,0.49796169996261597,0.4050635099411011,-0.14693793654441833,0.49871310591697693,0.394613653421402,-0.14566674828529358,0.49897804856300354,0.39269450306892395,-0.14571180939674377,0.49928587675094604,0.39072075486183167,-0.14576923847198486,0.4967939853668213,0.3978903591632843,-0.16371557116508484,0.49570196866989136,0.39866018295288086,-0.16375333070755005,0.49451780319213867,0.39969757199287415,-0.16380007565021515,0.4902971684932709,0.3868850767612457,-0.11706904321908951,0.4874119758605957,0.40048980712890625,-0.1983536332845688,0.49498072266578674,0.4095790982246399,-0.13115791976451874,0.4918901324272156,0.41219401359558105,-0.15503427386283875,0.4770672917366028,0.39492908120155334,-0.044372010976076126,0.46459364891052246,0.4478960633277893,-0.20252808928489685,0.5008481740951538,0.4140487313270569,0.01804431900382042,0.4837803840637207,0.4923098385334015,-0.1709074229001999,0.5325024724006653,0.42394259572029114,-0.011337106116116047,0.5085684061050415,0.5037537217140198,-0.08596643805503845,0.5418110489845276,0.4217503070831299,-0.015460662543773651,0.5154911875724792,0.5104920864105225,-0.09799259155988693,0.5414613485336304,0.42190197110176086,-0.033041685819625854,0.5171141028404236,0.5039035081863403,-0.0966607928276062,0.5376020669937134,0.42551389336586,-0.020155156031250954,0.5143585205078125,0.5001764297485352,-0.08359412848949432,0.42359352111816406,0.4819090664386749,0.05370103195309639,0.4064846634864807,0.5071017742156982,-0.053814470767974854,0.45384031534194946,0.5562996864318848,0.17442923784255981,0.4365294575691223,0.5875417590141296,0.06102889031171799,0.4711814820766449,0.628369927406311,0.31313222646713257,0.4295716881752014,0.6601032018661499,0.21014532446861267,0.4665490984916687,0.6378732323646545,0.32744020223617554,0.42519283294677734,0.6735613346099854,0.22188763320446014,0.48917627334594727,0.6476669907569885,0.3143814504146576,0.4473606050014496,0.6740813255310059,0.18853089213371277
0244,./images/155/frame_00244.jpg,Normal,0.49599260091781616,0.402273952960968,-0.1585170328617096,0.49671822786331177,0.3924902677536011,-0.1572246104478836,0.4967287480831146,0.39078956842422485,-0.15727102756500244,0.496786504983902,0.38886651396751404,-0.15733061730861664,0.49524202942848206,0.3953548073768616,-0.17597544193267822,0.49415668845176697,0.3960684835910797,-0.17600634694099426,0.4931274354457855,0.39679449796676636,-0.17604905366897583,0.48941999673843384,0.3851698637008667,-0.12662822008132935,0.48585987091064453,0.39640477299690247,-0.21184799075126648,0.49241819977760315,0.4071629047393799,-0.1419987678527832,0.4898527264595032,0.4093864858150482,-0.16686169803142548,0.4728918671607971,0.39828383922576904,-0.061948586255311966,0.46230965852737427,0.43990203738212585,-0.21797677874565125,0.5030408501625061,0.40952253341674805,-0.022101644426584244,0.48366913199424744,0.48898375034332275,-0.20455217361450195,0.542312502861023,0.4137101173400879,-0.07135455310344696,0.5067031979560852,0.5000460743904114,-0.1411723494529724,0.5517894625663757,0.41009771823883057,-0.08108724653720856,0.5144838094711304,0.5086042881011963,-0.15849056839942932,0.5512312650680542,0.41012072563171387,-0.09910334646701813,0.5153939127922058,0.5007449984550476,-0.1573454588651657,0.547511637210846,0.41435229778289795,-0.08127154409885406,0.5124897956848145,0.49634093046188354,-0.13982363045215607,0.42472729086875916,0.4845832884311676,0.05476000905036926,0.4056612551212311,0.5071206092834473,-0.05486290529370308,0.45421871542930603,0.5599552392959595,0.16657312214374542,0.4381032884120941,0.5910523533821106,0.049138784408569336,0.4717564582824707,0.6288573145866394,0.300223171710968,0.4316791892051697,0.6619971990585327,0.1830957680940628,0.46713823080062866,0.6381903886795044,0.31336385011672974,0.42661356925964355,0.6743025779724121,0.19508765637874603,0.48981261253356934,0.6465225219726562,0.29474490880966187,0.4475990831851959,0.6788556575775146,0.16267989575862885
0246,./images/155/frame_00246.jpg,Warning,0.4844430983066559,0.39909350872039795,-0.07524844259023666,0.48470360040664673,0.38034170866012573,-0.06901029497385025,0.4861561357975006,0.3775424659252167,-0.06905479729175568,0.4876213073730469,0.374816358089447,-0.06910598278045654,0.47997093200683594,0.38754957914352417,-0.0720369890332222,0.47792261838912964,0.3900018334388733,-0.07203268259763718,0.47590503096580505,0.39241719245910645,-0.0720776841044426,0.4877069592475891,0.3728553056716919,-0.014370101504027843,0.47125929594039917,0.3977546691894531,-0.028769319877028465,0.4866165518760681,0.40252748131752014,-0.052363090217113495,0.4837469458580017,0.40733158588409424,-0.05688689276576042,0.5076757073402405,0.38539421558380127,0.005338503047823906,0.47365403175354004,0.4446175992488861,-0.003913726191967726,0.5484880208969116,0.4085004925727844,-0.0756174847483635,0.4943799078464508,0.49042850732803345,-0.05976290628314018,0.5300138592720032,0.4117954969406128,-0.18115432560443878,0.5028285384178162,0.43966323137283325,-0.11479868739843369,0.528075098991394,0.4134833812713623,-0.19780614972114563,0.5076279640197754,0.4299190044403076,-0.12542982399463654,0.5222654938697815,0.4119197726249695,-0.18709741532802582,0.5034159421920776,0.4237487316131592,-0.12352120876312256,0.5228040814399719,0.41493257880210876,-0.17857465147972107,0.5033342242240906,0.4284924864768982,-0.11483921110630035,0.5687359571456909,0.5098031759262085,0.004098385106772184,0.5543580651283264,0.550296425819397,-0.004130335990339518,0.5822848081588745,0.45762503147125244,-0.09358537197113037,0.5645928382873535,0.5033432245254517,-0.14564047753810883,0.6400215029716492,0.5192046165466309,-0.09653888642787933,0.6327043771743774,0.5443146824836731,-0.10298274457454681,0.6450570821762085,0.5303106904029846,-0.09789234399795532,0.6410478353500366,0.5524351596832275,-0.09777586907148361,0.6674123406410217,0.5297614932060242,-0.14062336087226868,0.655349850654602,0.5519245862960815,-0.12980379164218903
0247,./images/155/frame_00247.jpg,Warning,0.4841499328613281,0.3978646993637085,-0.22264020144939423,0.4831593930721283,0.38087767362594604,-0.22007834911346436,0.48468273878097534,0.3779214322566986,-0.2200874537229538,0.4862267076969147,0.37505462765693665,-0.2201724350452423,0.47784489393234253,0.3883461356163025,-0.22460123896598816,0.475414901971817,0.3908376097679138,-0.22460734844207764,0.4729945659637451,0.39330151677131653,-0.22463996708393097,0.483910471200943,0.37245702743530273,-0.1518961787223816,0.46467143297195435,0.39791110157966614,-0.1750669777393341,0.48461097478866577,0.4025404751300812,-0.1910059005022049,0.480984628200531,0.40715330839157104,-0.19812634587287903,0.5005826354026794,0.3754945397377014,-0.1076107993721962,0.45314183831214905,0.4457038342952728,-0.10406402498483658,0.5444745421409607,0.4000537097454071,-0.16326788067817688,0.45844030380249023,0.5119920969009399,-0.17552421987056732,0.5238456130027771,0.40529200434684753,-0.266274094581604,0.4634252190589905,0.49036264419555664,-0.29627546668052673,0.520213782787323,0.40617993474006653,-0.28929683566093445,0.4643694758415222,0.4880415201187134,-0.31701311469078064,0.5137002468109131,0.4040113091468811,-0.2794073224067688,0.46415796875953674,0.4788118898868561,-0.3160955309867859,0.5142521262168884,0.4078332185745239,-0.26365333795547485,0.46610283851623535,0.4792781472206116,-0.29833537340164185,0.5607973337173462,0.49801406264305115,-0.0038320147432386875,0.5378333330154419,0.545947253704071,0.0038440513890236616,0.610110342502594,0.5040441155433655,-0.04706908017396927,0.5570976734161377,0.5651884078979492,-0.0259384848177433,0.6546794176101685,0.5571788549423218,0.0781933069229126,0.6042348742485046,0.5914720892906189,0.13567398488521576,0.6574991941452026,0.566462516784668,0.08935791254043579,0.6115034222602844,0.5901812314987183,0.15269912779331207,0.6802341341972351,0.5785690546035767,0.03562235087156296,0.6191672086715698,0.6242230534553528,0.11497410386800766
0248,./images/155/frame_00248.jpg,Warning,0.4841372072696686,0.3856528401374817,-0.21610966324806213,0.48204612731933594,0.37392163276672363,-0.21078653633594513,0.48348718881607056,0.3704940676689148,-0.21081368625164032,0.48495379090309143,0.3671320974826813,-0.2108946293592453,0.4771028161048889,0.3831861615180969,-0.21485397219657898,0.4748632311820984,0.3864860534667969,-0.21485857665538788,0.4726298451423645,0.3897266685962677,-0.21490764617919922,0.483755499124527,0.36536991596221924,-0.1441067010164261,0.46566930413246155,0.39649197459220886,-0.16401182115077972,0.484651654958725,0.39072227478027344,-0.18689559400081635,0.48115554451942444,0.3971141278743744,-0.19294312596321106,0.5057691931724548,0.3693603575229645,-0.09690488874912262,0.4542238712310791,0.44705653190612793,-0.10521433502435684,0.5461193323135376,0.3869679272174835,-0.16481977701187134,0.46830815076828003,0.5180704593658447,-0.13359875977039337,0.5241253972053528,0.39365676045417786,-0.27890926599502563,0.46380963921546936,0.5314575433731079,-0.20570842921733856,0.5199667811393738,0.3951157331466675,-0.3002525568008423,0.46153658628463745,0.539406418800354,-0.21963897347450256,0.5133385062217712,0.3932875394821167,-0.29049956798553467,0.46074002981185913,0.530706524848938,-0.22495166957378387,0.5143083333969116,0.3965950310230255,-0.2774340510368347,0.4632301330566406,0.5276814103126526,-0.2095886915922165,0.5661343336105347,0.48940399289131165,-0.0008583891903981566,0.5439211130142212,0.5419115424156189,0.0008756014285609126,0.61945641040802,0.4898620545864105,-0.05033840984106064,0.5967326164245605,0.5411384105682373,-0.08509771525859833,0.6754995584487915,0.5414621829986572,-0.015177113004028797,0.663871169090271,0.5823228359222412,-0.0011810539290308952,0.6826044321060181,0.5513432621955872,-0.013859902508556843,0.6732572317123413,0.5836660861968994,0.007170879282057285,0.6970909833908081,0.5342682600021362,-0.06687235087156296,0.6839579343795776,0.5968745946884155,-0.03532164543867111
0250,./images/155/frame_00250.jpg,Warning,0.4948182702064514,0.37703853845596313,0.05213801935315132,0.48653119802474976,0.3728417158126831,0.06132461503148079,0.4856700897216797,0.3730029761791229,0.061216145753860474,0.48489683866500854,0.37278997898101807,0.06115344166755676,0.48347383737564087,0.3743252754211426,0.04185809940099716,0.4822581708431244,0.3745417296886444,0.04182394966483116,0.4838322699069977,0.3727555572986603,0.041730403900146484,0.484444797039032,0.3641260266304016,0.10446171462535858,0.4729371964931488,0.3792884051799774,0.016806483268737793,0.49390608072280884,0.38452738523483276,0.06996699422597885,0.4892476499080658,0.38976356387138367,0.044395819306373596,0.48154059052467346,0.41265788674354553,0.14755606651306152,0.46109190583229065,0.424857497215271,-0.03864683583378792,0.5153548121452332,0.4661998748779297,0.1642497479915619,0.4922521114349365,0.47782593965530396,-0.05125746130943298,0.5283082723617554,0.4723738431930542,0.12238898128271103,0.5071679353713989,0.4631514549255371,0.0014131785137578845,0.5344257950782776,0.48424583673477173,0.11581659317016602,0.5140308737754822,0.4675019681453705,0.00013154030602890998,0.5304019451141357,0.4736669659614563,0.11061464250087738,0.5100408792495728,0.45949631929397583,-0.0038736709393560886,0.5275259613990784,0.46929848194122314,0.11758265644311905,0.5067623257637024,0.4593384265899658,0.0020302250050008297,0.5254766941070557,0.5620370507240295,0.07258637249469757,0.5144453644752502,0.5710206031799316,-0.07259582728147507,0.5767087340354919,0.4643465280532837,0.008314152248203754,0.5797622203826904,0.4434271454811096,-0.1467406451702118,0.6575344204902649,0.516835629940033,-0.03289018198847771,0.6622529625892639,0.5153257250785828,-0.16446296870708466,0.6652474403381348,0.5409518480300903,-0.040847185999155045,0.667454183101654,0.5485285520553589,-0.16444534063339233,0.6851406097412109,0.4949188530445099,-0.09343749284744263,0.7011582851409912,0.47725293040275574,-0.19900041818618774
0253,./images/155/frame_00253.jpg,Warning,0.46970969438552856,0.3830868899822235,-0.35311242938041687,0.4695167541503906,0.367927223443985,-0.3604421317577362,0.4707397520542145,0.36536598205566406,-0.36036694049835205,0.4720172882080078,0.36282235383987427,-0.36037176847457886,0.4646507799625397,0.3737248182296753,-0.36894649267196655,0.46230560541152954,0.375143826007843,-0.3690280318260193,0.45994725823402405,0.3765600323677063,-0.36917880177497864,0.46754559874534607,0.35620877146720886,-0.31780174374580383,0.450035035610199,0.3761805295944214,-0.35964125394821167,0.4693624973297119,0.3855492174625397,-0.32874926924705505,0.4632022976875305,0.3912973701953888,-0.34102195501327515,0.47130608558654785,0.3680998384952545,-0.23327267169952393,0.4240818917751312,0.43310436606407166,-0.28159767389297485,0.48860985040664673,0.40593427419662476,-0.11099927127361298,0.41190963983535767,0.5167191624641418,-0.23674824833869934,0.4781414866447449,0.42021358013153076,-0.05094916373491287,0.4223470091819763,0.5203889012336731,-0.2060718536376953,0.4742228388786316,0.4227946400642395,-0.0490851104259491,0.425044447183609,0.5233532786369324,-0.21200713515281677,0.47470784187316895,0.4213305711746216,-0.050022877752780914,0.4249010980129242,0.5146517753601074,-0.22131390869617462,0.47447919845581055,0.4220321774482727,-0.049598753452301025,0.42544227838516235,0.511959969997406,-0.20826455950737,0.49277740716934204,0.5122612714767456,0.006547251250594854,0.464118093252182,0.5467188954353333,-0.006670025642961264,0.4966091215610504,0.5660019516944885,0.2145386040210724,0.4593593180179596,0.5927128195762634,0.20892934501171112,0.4972758889198303,0.622954249382019,0.42610055208206177,0.45482388138771057,0.6375780701637268,0.4369439482688904,0.4952417016029358,0.6256115436553955,0.44690027832984924,0.4543841481208801,0.6405171751976013,0.4615589678287506,0.501152753829956,0.6609854102134705,0.41362839937210083,0.44585293531417847,0.6642253398895264,0.43733829259872437
0254,./images/155/frame_00254.jpg,Warning,0.4665946364402771,0.38308799266815186,-0.28866082429885864,0.46849337220191956,0.36810219287872314,-0.29847732186317444,0.46817708015441895,0.36610913276672363,-0.2983699440956116,0.46771669387817383,0.36443549394607544,-0.29833632707595825,0.4661526679992676,0.3725659251213074,-0.30811959505081177,0.4632580876350403,0.37354159355163574,-0.30819451808929443,0.4630073010921478,0.37575563788414,-0.3082394301891327,0.4606627821922302,0.3610313832759857,-0.2824120819568634,0.45515769720077515,0.37466421723365784,-0.32754531502723694,0.4619193971157074,0.38560256361961365,-0.2751859426498413,0.4603356719017029,0.3909936249256134,-0.2884220480918884,0.4249643385410309,0.3888852000236511,-0.22160251438617706,0.43128928542137146,0.43637198209762573,-0.27619668841362,0.39970746636390686,0.43484166264533997,-0.10253115743398666,0.4118069112300873,0.5098351240158081,-0.22433145344257355,0.40859466791152954,0.44346898794174194,-0.03778838738799095,0.4066849648952484,0.5131822824478149,-0.1810910850763321,0.4083874225616455,0.44604361057281494,-0.04258347302675247,0.40616339445114136,0.5155741572380066,-0.18899866938591003,0.41089993715286255,0.44842973351478577,-0.04999855160713196,0.4046756625175476,0.5106282234191895,-0.20477285981178284,0.4111468195915222,0.44920238852500916,-0.040171172469854355,0.4050511419773102,0.5080884695053101,-0.1860562264919281,0.4487289488315582,0.5179194808006287,0.019617268815636635,0.44915956258773804,0.546471357345581,-0.019681263715028763,0.4545392096042633,0.575407862663269,0.22004477679729462,0.4496585726737976,0.592680037021637,0.1873277723789215,0.45989203453063965,0.6267319917678833,0.4262964725494385,0.4528626799583435,0.6385704874992371,0.39938628673553467,0.4585830569267273,0.6384146809577942,0.44708481431007385,0.45225754380226135,0.6475144624710083,0.42189821600914,0.46921858191490173,0.6349438428878784,0.42140984535217285,0.45911794900894165,0.6481353640556335,0.39932161569595337
0255,./images/155/frame_00255.jpg,Warning,0.4711272120475769,0.3863478899002075,-0.312167227268219,0.47226080298423767,0.37515541911125183,-0.3176191449165344,0.4716978967189789,0.3737916350364685,-0.31751999258995056,0.4708469808101654,0.3725603222846985,-0.31749966740608215,0.4706208109855652,0.3758947551250458,-0.33102306723594666,0.4688810706138611,0.3751969635486603,-0.3311079740524292,0.4678914546966553,0.3759411573410034,-0.3311695456504822,0.46102890372276306,0.36856138706207275,-0.28214097023010254,0.4572838246822357,0.37118110060691833,-0.33343908190727234,0.46330899000167847,0.38854336738586426,-0.29178163409233093,0.46382465958595276,0.39112746715545654,-0.3095591366291046,0.4426576495170593,0.3870176672935486,-0.21222591400146484,0.4218226969242096,0.4153496325016022,-0.28882497549057007,0.4402579367160797,0.4062264859676361,-0.07651102542877197,0.3893565237522125,0.48964571952819824,-0.26489338278770447,0.46696019172668457,0.4063800275325775,-0.004832408390939236,0.37513798475265503,0.5119837522506714,-0.24786913394927979,0.4726148247718811,0.40105074644088745,0.0008686191285960376,0.3687932789325714,0.5162115097045898,-0.25886446237564087,0.4720076024532318,0.4073849618434906,-0.010515326634049416,0.3702969551086426,0.5107543468475342,-0.2761339545249939,0.4695068299770355,0.41179168224334717,-0.007735664956271648,0.37341517210006714,0.5081472396850586,-0.2543136179447174,0.45090675354003906,0.5082448124885559,0.02147691138088703,0.4401625990867615,0.5293752551078796,-0.02161991037428379,0.4497566223144531,0.5759433507919312,0.2258146107196808,0.4435799717903137,0.5814424157142639,0.18418212234973907,0.4518783986568451,0.6288905143737793,0.4306482672691345,0.4481111168861389,0.6390022039413452,0.39813974499702454,0.44903939962387085,0.6398208737373352,0.4509420394897461,0.4487316608428955,0.6470708250999451,0.4198983311653137,0.4548801779747009,0.6414990425109863,0.4235738217830658,0.45592156052589417,0.6511001586914062,0.38982972502708435
0256,./images/155/frame_00256.jpg,Warning,0.4695974886417389,0.3795093595981598,-0.27627941966056824,0.47036582231521606,0.3726668059825897,-0.2821643352508545,0.4694793224334717,0.37233203649520874,-0.28209853172302246,0.46861034631729126,0.37225982546806335,-0.2820776104927063,0.47053804993629456,0.37295612692832947,-0.29596996307373047,0.4680989682674408,0.37265127897262573,-0.29605811834335327,0.46681317687034607,0.3730390667915344,-0.2961336672306061,0.4597044587135315,0.3671097159385681,-0.2594021260738373,0.4564531743526459,0.3704640567302704,-0.3225938677787781,0.46028584241867065,0.388295441865921,-0.26184970140457153,0.46082472801208496,0.38905423879623413,-0.280616819858551,0.43842506408691406,0.38330191373825073,-0.2021244764328003,0.4196774363517761,0.41566404700279236,-0.2839266359806061,0.4334648549556732,0.40730994939804077,-0.07311519235372543,0.38728463649749756,0.4879301190376282,-0.2655757963657379,0.4446350932121277,0.4267670810222626,-0.005382689647376537,0.37331828474998474,0.5130163431167603,-0.265349417924881,0.44624143838882446,0.42780059576034546,-0.004647776950150728,0.36571940779685974,0.5205069184303284,-0.2805425524711609,0.4447100758552551,0.4320927858352661,-0.015250061638653278,0.36788657307624817,0.5157031416893005,-0.2978990972042084,0.44388946890830994,0.43323034048080444,-0.008294119499623775,0.37144842743873596,0.512883186340332,-0.27247780561447144,0.44645485281944275,0.50850510597229,0.024060364812612534,0.43701520562171936,0.5295836925506592,-0.024220632389187813,0.44970983266830444,0.5758340358734131,0.2272782325744629,0.43961796164512634,0.5820415616035461,0.1809861958026886,0.4478636384010315,0.6290907263755798,0.4302462041378021,0.44439536333084106,0.6389646530151367,0.39211955666542053,0.4455099105834961,0.6393274664878845,0.45075297355651855,0.4440608024597168,0.6465570330619812,0.41328945755958557,0.4589105546474457,0.6411733627319336,0.4233103394508362,0.4527973234653473,0.6513479351997375,0.37980183959007263
0257,./images/155/frame_00257.jpg,Warning,0.46635574102401733,0.37202808260917664,-0.2525941729545593,0.46538251638412476,0.3644857704639435,-0.2510010004043579,0.4646644592285156,0.3642734885215759,-0.25094306468963623,0.46405696868896484,0.36424535512924194,-0.2509257197380066,0.46507200598716736,0.36467504501342773,-0.26868411898612976,0.46338266134262085,0.3644103705883026,-0.26873135566711426,0.4619777202606201,0.3643142282962799,-0.26877450942993164,0.4550926089286804,0.3588150143623352,-0.2052396535873413,0.45028170943260193,0.36217638850212097,-0.2884204387664795,0.4579874873161316,0.3836071491241455,-0.2309306561946869,0.457939475774765,0.38386663794517517,-0.25494498014450073,0.441129207611084,0.3830420672893524,-0.14981862902641296,0.4121786653995514,0.40823572874069214,-0.25809019804000854,0.44546636939048767,0.4038827121257782,-0.04651542007923126,0.38325971364974976,0.4844632148742676,-0.26397910714149475,0.45130428671836853,0.40585315227508545,-0.011655749753117561,0.37220942974090576,0.5164875984191895,-0.2814613878726959,0.4586098790168762,0.40044423937797546,-0.013432882726192474,0.368826687335968,0.5349509119987488,-0.30018630623817444,0.45617303252220154,0.40078994631767273,-0.024392466992139816,0.3717350959777832,0.5290679931640625,-0.31303074955940247,0.4554012715816498,0.4049597978591919,-0.01662493869662285,0.37458133697509766,0.5239080190658569,-0.2876299023628235,0.4473000466823578,0.5085482001304626,0.039120011031627655,0.43214282393455505,0.5303130149841309,-0.03925298899412155,0.4521718919277191,0.5754587650299072,0.2319810688495636,0.43204814195632935,0.582804262638092,0.14967066049575806,0.44817113876342773,0.6283392310142517,0.4231453537940979,0.43691009283065796,0.642621636390686,0.3468417823314667,0.44448843598365784,0.6383268237113953,0.441628634929657,0.433864027261734,0.6537496447563171,0.36580005288124084,0.4656173288822174,0.6414697170257568,0.41822686791419983,0.45206278562545776,0.6559283137321472,0.3271191716194153
0258,./images/155/frame_00258.jpg,Warning,0.4604053497314453,0.3676231801509857,-0.28065821528434753,0.45909881591796875,0.3579261898994446,-0.2769549489021301,0.4591391682624817,0.3573620319366455,-0.2768750786781311,0.45926815271377563,0.3568742871284485,-0.2768738567829132,0.45690298080444336,0.3587033450603485,-0.2933543026447296,0.45503121614456177,0.3586147725582123,-0.2934102714061737,0.4531603753566742,0.3585665822029114,-0.2934613823890686,0.4526523947715759,0.3537050783634186,-0.22034390270709991,0.4443490505218506,0.3527446389198303,-0.2985225319862366,0.4548952579498291,0.37689176201820374,-0.25612854957580566,0.4527549147605896,0.37605664134025574,-0.278256893157959,0.4438132643699646,0.3756202757358551,-0.15082193911075592,0.4042988717556,0.4100489020347595,-0.26451539993286133,0.45575278997421265,0.3737729489803314,-0.022352391853928566,0.384449303150177,0.48380279541015625,-0.27653831243515015,0.47096872329711914,0.36455869674682617,0.04339167848229408,0.37660911679267883,0.5260093212127686,-0.28499168157577515,0.4748744070529938,0.358590304851532,0.050425607711076736,0.3751315176486969,0.5450918674468994,-0.2990938425064087,0.47342339158058167,0.35846227407455444,0.03705938905477524,0.3777311146259308,0.54047691822052,-0.31069624423980713,0.47252336144447327,0.3638281524181366,0.038333483040332794,0.37964844703674316,0.5328226089477539,-0.28945279121398926,0.4462166726589203,0.5069391131401062,0.03546177223324776,0.4221567213535309,0.5280839204788208,-0.03560280799865723,0.4507996439933777,0.5643838047981262,0.19195517897605896,0.42333412170410156,0.583399772644043,0.11842761933803558,0.45475998520851135,0.6253496408462524,0.3574880361557007,0.42565232515335083,0.6533448100090027,0.2902117073535919,0.45038342475891113,0.6375730037689209,0.3734562397003174,0.4234440326690674,0.6606325507164001,0.3064170777797699,0.4698188304901123,0.6416783928871155,0.34336555004119873,0.43491655588150024,0.6709591150283813,0.26145118474960327
0259,./images/155/frame_00259.jpg,Warning,0.4571852684020996,0.3607455790042877,-0.2717836797237396,0.4569917619228363,0.3485930263996124,-0.2677842974662781,0.45754456520080566,0.34862396121025085,-0.26773735880851746,0.4580773711204529,0.34872308373451233,-0.2677267789840698,0.45297902822494507,0.3478906750679016,-0.2815757393836975,0.4506857991218567,0.3473976254463196,-0.2816237807273865,0.4481855034828186,0.34698575735092163,-0.28164786100387573,0.4510073661804199,0.3493521511554718,-0.2106831967830658,0.43911370635032654,0.34713080525398254,-0.2757888436317444,0.4542713165283203,0.3702382445335388,-0.24690291285514832,0.4494200646877289,0.36926931142807007,-0.26571768522262573,0.443938672542572,0.37558406591415405,-0.15853098034858704,0.4077197015285492,0.40553537011146545,-0.22971995174884796,0.47585710883140564,0.3807752728462219,-0.18990792334079742,0.3876466453075409,0.4826483130455017,-0.18055690824985504,0.4803016781806946,0.34414148330688477,-0.31070676445961,0.38306567072868347,0.536945104598999,-0.10525567829608917,0.47902989387512207,0.3283025026321411,-0.33728450536727905,0.38183510303497314,0.5545580983161926,-0.10535433143377304,0.47342628240585327,0.329706609249115,-0.3389892280101776,0.38332825899124146,0.5532022714614868,-0.11416318267583847,0.47244030237197876,0.3381887674331665,-0.3165997862815857,0.3855225443840027,0.5460122227668762,-0.10613074153661728,0.44223278760910034,0.5070813894271851,0.03409706428647041,0.4162697196006775,0.5283951759338379,-0.03443372994661331,0.4516007900238037,0.5622437596321106,0.2006268948316574,0.4271325170993805,0.5961235165596008,0.12114117294549942,0.45777958631515503,0.6195122599601746,0.3801010251045227,0.4227806031703949,0.6555208563804626,0.2852700650691986,0.454399436712265,0.6287618279457092,0.3986912965774536,0.42083126306533813,0.6634966731071472,0.30025309324264526,0.4709508419036865,0.6409132480621338,0.3668977618217468,0.42900604009628296,0.6796514987945557,0.24725809693336487
0260,./images/155/frame_00260.jpg,Warning,0.4513775706291199,0.3500552773475647,-0.2619326412677765,0.4515756070613861,0.3376222550868988,-0.2596653401851654,0.4527606964111328,0.3383917510509491,-0.25965118408203125,0.45344939827919006,0.3376694619655609,-0.2596594989299774,0.4473382830619812,0.3362181484699249,-0.2685125172138214,0.4451165199279785,0.3361756205558777,-0.2685311436653137,0.44305285811424255,0.33637499809265137,-0.2685500681400299,0.4475584030151367,0.34085047245025635,-0.20702683925628662,0.43522971868515015,0.34110772609710693,-0.24895139038562775,0.450411856174469,0.36190515756607056,-0.2384614646434784,0.44468003511428833,0.3609582185745239,-0.250614732503891,0.4448578357696533,0.37544581294059753,-0.15954144299030304,0.40953531861305237,0.39279472827911377,-0.19505678117275238,0.47630825638771057,0.3866139352321625,-0.2155773639678955,0.3891552984714508,0.47523388266563416,-0.1317785084247589,0.4811580777168274,0.34744781255722046,-0.3527527451515198,0.386720210313797,0.5383683443069458,-0.06497050821781158,0.4804723858833313,0.33185893297195435,-0.38280731439590454,0.3867574632167816,0.5562868118286133,-0.0643724650144577,0.47541794180870056,0.32816728949546814,-0.38576918840408325,0.3914555609226227,0.5546625256538391,-0.07653124630451202,0.4723232388496399,0.33621692657470703,-0.35945838689804077,0.3907581567764282,0.5480466485023499,-0.06761585175991058,0.44132480025291443,0.5071477890014648,0.022375190630555153,0.41380882263183594,0.5236057043075562,-0.022483814507722855,0.4506765305995941,0.5624730587005615,0.17905159294605255,0.42088085412979126,0.5910269021987915,0.10760744661092758,0.4597109854221344,0.6190987229347229,0.3446224629878998,0.41862016916275024,0.6542845368385315,0.25667813420295715,0.45693808794021606,0.6281283497810364,0.3616330325603485,0.4155278205871582,0.6636011600494385,0.2698926329612732,0.4712740480899811,0.6402324438095093,0.32174229621887207,0.42343124747276306,0.6830877661705017,0.21379701793193817
0261,./images/155/frame_00261.jpg,Warning,0.44902029633522034,0.3432174324989319,-0.25924068689346313,0.4488183557987213,0.3310691714286804,-0.25591155886650085,0.44975143671035767,0.33147749304771423,-0.25590434670448303,0.45059671998023987,0.33163654804229736,-0.25592702627182007,0.4444870054721832,0.3309956192970276,-0.26638245582580566,0.4422251582145691,0.33156460523605347,-0.26640546321868896,0.43989259004592896,0.3323293924331665,-0.2664313018321991,0.44522014260292053,0.33704477548599243,-0.1999458372592926,0.4324049949645996,0.3388691246509552,-0.24903090298175812,0.4489760398864746,0.35666659474372864,-0.2345248907804489,0.4433104991912842,0.357681006193161,-0.24865412712097168,0.4460063874721527,0.3753378093242645,-0.14474478363990784,0.4094732403755188,0.39229556918144226,-0.20187561213970184,0.4774048924446106,0.3891836702823639,-0.186072438955307,0.39201316237449646,0.4800906181335449,-0.151596337556839,0.48079243302345276,0.34661877155303955,-0.31252458691596985,0.39353153109550476,0.5414651036262512,-0.09568241983652115,0.47921818494796753,0.33099088072776794,-0.34085986018180847,0.39785560965538025,0.5613551139831543,-0.09902369976043701,0.47413936257362366,0.33010420203208923,-0.34104007482528687,0.4015425145626068,0.5549046993255615,-0.10973038524389267,0.47142690420150757,0.333999902009964,-0.31754863262176514,0.4003702998161316,0.5491408705711365,-0.09790414571762085,0.4376901090145111,0.506769597530365,0.022237181663513184,0.4110359251499176,0.5218861699104309,-0.022329065948724747,0.44952088594436646,0.561040461063385,0.18879994750022888,0.41911959648132324,0.5884929895401001,0.10799288749694824,0.4607755243778229,0.6137002110481262,0.36075809597969055,0.4203495383262634,0.6535674333572388,0.25943994522094727,0.4581591486930847,0.622829794883728,0.3786727786064148,0.41629093885421753,0.6612839698791504,0.2729542851448059,0.47513437271118164,0.6368829607963562,0.3432510793209076,0.42989158630371094,0.6873522996902466,0.2166365385055542
0262,./images/155/frame_00262.jpg,Warning,0.4509195387363434,0.34631359577178955,-0.35459405183792114,0.44947129487991333,0.3348328769207001,-0.34755414724349976,0.4499152600765228,0.3344219923019409,-0.34754520654678345,0.45040178298950195,0.33391273021698,-0.3476240932941437,0.44593334197998047,0.33630263805389404,-0.36190086603164673,0.4437410831451416,0.3369751274585724,-0.36194244027137756,0.4414741098880768,0.3376965820789337,-0.3619944155216217,0.4429033398628235,0.33746758103370667,-0.27411094307899475,0.43201136589050293,0.3423953354358673,-0.33923059701919556,0.4499531388282776,0.3576394021511078,-0.3229331374168396,0.4454124867916107,0.36027178168296814,-0.34190768003463745,0.440504789352417,0.36901596188545227,-0.16948595643043518,0.40951091051101685,0.39294296503067017,-0.2947712540626526,0.4602086544036865,0.3958199918270111,-0.06790092587471008,0.3996204137802124,0.4993760287761688,-0.27134522795677185,0.47674068808555603,0.392927885055542,-0.043037768453359604,0.402815580368042,0.5489501953125,-0.2632560133934021,0.477111279964447,0.3902445137500763,-0.045845359563827515,0.40492820739746094,0.5664300918579102,-0.28329628705978394,0.47316163778305054,0.3896520435810089,-0.06458599120378494,0.40915483236312866,0.5587872266769409,-0.2983941435813904,0.47092002630233765,0.39408785104751587,-0.0501839742064476,0.40937405824661255,0.5540346503257751,-0.26887378096580505,0.42822855710983276,0.5008596181869507,0.0359034463763237,0.40579327940940857,0.5200895667076111,-0.03595511615276337,0.44472724199295044,0.551286518573761,0.18088211119174957,0.42258018255233765,0.588487446308136,0.09028803557157516,0.45928773283958435,0.6122971177101135,0.3512178063392639,0.4216788411140442,0.6538460850715637,0.24831068515777588,0.45730462670326233,0.6212686896324158,0.3681851923465729,0.4171808660030365,0.6639441251754761,0.2631423771381378,0.4759376049041748,0.6295593976974487,0.33659201860427856,0.4324805736541748,0.6846426725387573,0.21149662137031555
0263,./images/155/frame_00263.jpg,Warning,0.45126038789749146,0.3438763916492462,-0.2681695818901062,0.4485333561897278,0.333302766084671,-0.261257141828537,0.4483482241630554,0.33256030082702637,-0.2612968683242798,0.44829002022743225,0.33193260431289673,-0.26136890053749084,0.44695743918418884,0.33507174253463745,-0.280273973941803,0.44549131393432617,0.3357539176940918,-0.2803092896938324,0.44392961263656616,0.33648744225502014,-0.2803501784801483,0.4395027756690979,0.33665239810943604,-0.20364463329315186,0.4345336854457855,0.34141871333122253,-0.28882747888565063,0.4492264688014984,0.3543616533279419,-0.24198035895824432,0.44659915566444397,0.35655543208122253,-0.2672038674354553,0.42951804399490356,0.3686240017414093,-0.11686141788959503,0.40972456336021423,0.3976704478263855,-0.2728531062602997,0.44280630350112915,0.4342780113220215,-0.023655559867620468,0.41468849778175354,0.5005295872688293,-0.2543107569217682,0.45628780126571655,0.4734119474887848,-0.028680166229605675,0.4309827387332916,0.5375902652740479,-0.2441350668668747,0.46224457025527954,0.47765371203422546,-0.03356622904539108,0.4334637522697449,0.5468477606773376,-0.2686423361301422,0.4605526924133301,0.4776771664619446,-0.0542144849896431,0.43380022048950195,0.5351554155349731,-0.27678364515304565,0.46282345056533813,0.48361942172050476,-0.03747744485735893,0.4327717423439026,0.5314638614654541,-0.24764053523540497,0.41748252511024475,0.4991716146469116,0.048002518713474274,0.4064822793006897,0.5217525959014893,-0.047998543828725815,0.44410642981529236,0.5433067083358765,0.18051405251026154,0.42462268471717834,0.5884530544281006,0.07929255813360214,0.4594188332557678,0.6075435280799866,0.34298011660575867,0.422246515750885,0.6532202959060669,0.24186113476753235,0.456520140171051,0.6196371912956238,0.35914263129234314,0.4165869653224945,0.6662520170211792,0.2567475736141205,0.4804569184780121,0.6186550259590149,0.33599644899368286,0.43292155861854553,0.6727103590965271,0.21081313490867615
0264,./images/155/frame_00264.jpg,Warning,0.44853466749191284,0.34166041016578674,-0.3143450617790222,0.4457387924194336,0.33336955308914185,-0.30564990639686584,0.44587308168411255,0.3329105079174042,-0.3057054281234741,0.4461587965488434,0.33245691657066345,-0.30582714080810547,0.4434700012207031,0.33505678176879883,-0.3230060636997223,0.44206300377845764,0.3358364403247833,-0.32305824756622314,0.44064512848854065,0.3365415036678314,-0.3231213390827179,0.4387720227241516,0.337039977312088,-0.2339385747909546,0.43197932839393616,0.3412027060985565,-0.3155740797519684,0.447257936000824,0.35105183720588684,-0.2849228084087372,0.44441303610801697,0.3536570966243744,-0.3077104091644287,0.4341762065887451,0.3734034299850464,-0.145084410905838,0.4092402458190918,0.39922505617141724,-0.2944752275943756,0.44579291343688965,0.4348773658275604,-0.049189697951078415,0.4170380234718323,0.49895066022872925,-0.28949856758117676,0.45477795600891113,0.48298919200897217,-0.03581949695944786,0.43459367752075195,0.5438045263290405,-0.2943304181098938,0.45813003182411194,0.4877186715602875,-0.03946081921458244,0.4371223449707031,0.5603392720222473,-0.3209928572177887,0.4563508927822113,0.48699650168418884,-0.06042913347482681,0.4455185830593109,0.5441230535507202,-0.33066850900650024,0.45516252517700195,0.48737889528274536,-0.043679509311914444,0.44443783164024353,0.53725665807724,-0.29816192388534546,0.41955751180648804,0.4955686032772064,0.04405426234006882,0.3951342701911926,0.5147972702980042,-0.04402337595820427,0.4474090039730072,0.5469287037849426,0.06497231125831604,0.4259585440158844,0.5959803462028503,0.004199674818664789,0.4599381387233734,0.6082984805107117,0.23551206290721893,0.4225410521030426,0.6562106013298035,0.19323886930942535,0.4582974314689636,0.6205469369888306,0.2519470453262329,0.41743946075439453,0.6670364141464233,0.2106715440750122,0.4835408627986908,0.6241569519042969,0.22025160491466522,0.43357816338539124,0.674612283706665,0.15992970764636993
0265,./images/155/frame_00265.jpg,Warning,0.44528812170028687,0.3366486728191376,-0.2983333468437195,0.442582368850708,0.3284381031990051,-0.28704702854156494,0.442925363779068,0.3276292383670807,-0.2870883345603943,0.4435291290283203,0.3267962634563446,-0.2872040867805481,0.440230131149292,0.33155548572540283,-0.3041675090789795,0.4388769268989563,0.3329657316207886,-0.3042146861553192,0.43745383620262146,0.3341614902019501,-0.30427059531211853,0.43596068024635315,0.33433806896209717,-0.2208658903837204,0.4299764633178711,0.3406526744365692,-0.29628774523735046,0.4452340602874756,0.3455834686756134,-0.2697293162345886,0.44163304567337036,0.34997817873954773,-0.29314082860946655,0.43069085478782654,0.3733736276626587,-0.128155916929245,0.409771591424942,0.40063154697418213,-0.2827860414981842,0.44170910120010376,0.4380050301551819,-0.042423784732818604,0.42093706130981445,0.4928725063800812,-0.28746962547302246,0.45477184653282166,0.48968014121055603,-0.032985568046569824,0.4479197561740875,0.542651891708374,-0.28498345613479614,0.45966821908950806,0.49750325083732605,-0.03492210805416107,0.4530056118965149,0.5610077977180481,-0.3101012110710144,0.45913952589035034,0.49649110436439514,-0.05546337366104126,0.458240270614624,0.5517969131469727,-0.3154338300228119,0.4577423632144928,0.4946697950363159,-0.041045673191547394,0.45640140771865845,0.5442348718643188,-0.28722622990608215,0.41505342721939087,0.493530809879303,0.04423440247774124,0.3923065960407257,0.5121692419052124,-0.044195033609867096,0.4492172300815582,0.5316842794418335,0.008311956189572811,0.4267813563346863,0.592683732509613,-0.019098874181509018,0.45872583985328674,0.601331889629364,0.1608363538980484,0.4220757484436035,0.6552481055259705,0.14311499893665314,0.45626434683799744,0.6163961291313171,0.17555740475654602,0.4148727059364319,0.6666134595870972,0.1577473282814026,0.4830957353115082,0.6233802437782288,0.14885272085666656,0.43383342027664185,0.6745489239692688,0.1138448566198349
0266,./images/155/frame_00266.jpg,Warning,0.44431185722351074,0.33991506695747375,-0.17857183516025543,0.4410865306854248,0.330743670463562,-0.17181244492530823,0.4410823881626129,0.32978788018226624,-0.1718643307685852,0.4413829743862152,0.328780859708786,-0.1719537079334259,0.4396485388278961,0.3340226411819458,-0.1874014437198639,0.43858298659324646,0.33535560965538025,-0.18742193281650543,0.4375666677951813,0.33650219440460205,-0.18746919929981232,0.43418198823928833,0.3357984125614166,-0.12579156458377838,0.42993196845054626,0.34191346168518066,-0.19559811055660248,0.44359031319618225,0.34897732734680176,-0.1581622064113617,0.4406963288784027,0.35295629501342773,-0.17865785956382751,0.4247300624847412,0.37346747517585754,-0.05455783009529114,0.41006502509117126,0.401544451713562,-0.20254237949848175,0.4365362226963043,0.44118034839630127,0.01131480559706688,0.4196096360683441,0.4870453178882599,-0.2107965499162674,0.4549235701560974,0.4831123650074005,0.004575655329972506,0.45306849479675293,0.538228452205658,-0.20527029037475586,0.4587969183921814,0.49141842126846313,0.00015804462600499392,0.4586561322212219,0.5533958077430725,-0.23082968592643738,0.4578069746494293,0.48802003264427185,-0.017772790044546127,0.46185168623924255,0.5430090427398682,-0.23106423020362854,0.45585155487060547,0.4867361783981323,-0.0029745083302259445,0.459034264087677,0.5334411859512329,-0.2059135138988495,0.4057489335536957,0.495053768157959,0.04541876167058945,0.39148765802383423,0.5142116546630859,-0.0453198105096817,0.45015135407447815,0.5167484283447266,0.05723158270120621,0.4272491931915283,0.5891081690788269,-0.0009506171336397529,0.45576563477516174,0.5913518071174622,0.189265638589859,0.4206933081150055,0.652057409286499,0.13529068231582642,0.4505976140499115,0.6064737439155579,0.20247653126716614,0.41399097442626953,0.6699109673500061,0.1480962336063385,0.4752729833126068,0.607636570930481,0.19118914008140564,0.434248149394989,0.6714323163032532,0.1193905621767044
0267,./images/155/frame_00267.jpg,Warning,0.44087380170822144,0.3406992256641388,-0.2023964673280716,0.4371659755706787,0.3321191668510437,-0.19576260447502136,0.43694353103637695,0.3311510682106018,-0.1958056539297104,0.4367220997810364,0.3300875723361969,-0.19588565826416016,0.4361545443534851,0.3352765142917633,-0.21526165306568146,0.4352562427520752,0.3365382254123688,-0.21530668437480927,0.4344395697116852,0.337645947933197,-0.21537728607654572,0.42984241247177124,0.3363705575466156,-0.1469191610813141,0.42797669768333435,0.34280335903167725,-0.23452062904834747,0.4397422671318054,0.3497874438762665,-0.18050049245357513,0.43761390447616577,0.3537813723087311,-0.20627370476722717,0.42336010932922363,0.3757641315460205,-0.07323610782623291,0.4099354147911072,0.4018057882785797,-0.2348112165927887,0.43801456689834595,0.4484642744064331,-0.02183208242058754,0.42033132910728455,0.47872886061668396,-0.24952545762062073,0.45693379640579224,0.49078285694122314,-0.029558923095464706,0.4578247666358948,0.5214257836341858,-0.24013927578926086,0.4618511199951172,0.5070860385894775,-0.015641015022993088,0.46318936347961426,0.5371862053871155,-0.2688365578651428,0.46368223428726196,0.5063434839248657,-0.07621534168720245,0.46796703338623047,0.5234015583992004,-0.26815173029899597,0.46008390188217163,0.5055902004241943,-0.02804613672196865,0.4645287096500397,0.5186002254486084,-0.24014146625995636,0.4051961302757263,0.4954790771007538,0.05327390506863594,0.38902077078819275,0.5130993723869324,-0.05324805900454521,0.4485476016998291,0.5159487128257751,0.1029263287782669,0.426413357257843,0.5844411849975586,0.01372817438095808,0.4531455636024475,0.5843684077262878,0.2625735402107239,0.41681498289108276,0.6519457101821899,0.17805983126163483,0.44812050461769104,0.5978914499282837,0.2784702479839325,0.40861645340919495,0.6690237522125244,0.19327935576438904,0.47526517510414124,0.5979501605033875,0.25068631768226624,0.4330212473869324,0.6720914840698242,0.1528923660516739
0268,./images/155/frame_00268.jpg,Warning,0.43648624420166016,0.3419681489467621,-0.24079398810863495,0.43384772539138794,0.3331485986709595,-0.23417551815509796,0.4340357184410095,0.3322736322879791,-0.23420874774456024,0.43433037400245667,0.33128949999809265,-0.2342844307422638,0.43199363350868225,0.335738867521286,-0.2514247000217438,0.43077969551086426,0.3365931510925293,-0.25147268176078796,0.4294143319129944,0.33862245082855225,-0.25153595209121704,0.4286218285560608,0.33675697445869446,-0.1738581508398056,0.4227575361728668,0.34615829586982727,-0.2544548511505127,0.43625444173812866,0.3511209189891815,-0.2161780148744583,0.4329497218132019,0.35470643639564514,-0.23879095911979675,0.4265279173851013,0.3781856894493103,-0.08831168711185455,0.40784916281700134,0.403837114572525,-0.24178245663642883,0.4419410824775696,0.44307294487953186,-0.039448514580726624,0.4193051755428314,0.477380633354187,-0.26515230536460876,0.4614807963371277,0.4883890748023987,-0.09982631355524063,0.4563522934913635,0.5077394843101501,-0.26536089181900024,0.4707101881504059,0.501926064491272,-0.11265800893306732,0.4661387801170349,0.520398736000061,-0.29433009028434753,0.47180336713790894,0.5011087656021118,-0.13878479599952698,0.468646764755249,0.5090988874435425,-0.2960955798625946,0.4675779342651367,0.499991238117218,-0.11139802634716034,0.4653996527194977,0.5049389600753784,-0.2663283050060272,0.40784549713134766,0.4955706298351288,0.05207495763897896,0.38678160309791565,0.5138609409332275,-0.05203238129615784,0.4491775929927826,0.520476222038269,0.07527570426464081,0.4263540208339691,0.584255039691925,-0.013498352840542793,0.45315462350845337,0.5773234367370605,0.2505715489387512,0.41875743865966797,0.6518359780311584,0.15205135941505432,0.448303759098053,0.588605523109436,0.2672164738178253,0.41147270798683167,0.6676342487335205,0.16675056517124176,0.4754292368888855,0.591547429561615,0.24203673005104065,0.4330231249332428,0.6723346710205078,0.11879237741231918
0269,./images/155/frame_00269.jpg,Warning,0.4336422383785248,0.3474290668964386,-0.21873338520526886,0.4316827654838562,0.33657827973365784,-0.2101592719554901,0.43188872933387756,0.3356929421424866,-0.2102186679840088,0.43218573927879333,0.33482277393341064,-0.21030430495738983,0.4297826886177063,0.33988046646118164,-0.2290150225162506,0.4284786581993103,0.3412202298641205,-0.2290695160627365,0.4271109700202942,0.3432559669017792,-0.22913281619548798,0.42680174112319946,0.3410232365131378,-0.15205182135105133,0.4201737344264984,0.3511401414871216,-0.2359733134508133,0.4334506094455719,0.35604041814804077,-0.19402770698070526,0.43028348684310913,0.3593958914279938,-0.2184506207704544,0.42678895592689514,0.3852379322052002,-0.06895138323307037,0.4058319926261902,0.40777143836021423,-0.23770728707313538,0.443236768245697,0.44405221939086914,-0.0331425741314888,0.42224135994911194,0.47939810156822205,-0.26079756021499634,0.4681810438632965,0.4855250120162964,-0.10641719400882721,0.46140432357788086,0.5051463842391968,-0.25362062454223633,0.47552090883255005,0.49726754426956177,-0.12061862647533417,0.47045761346817017,0.5136176347732544,-0.2815372943878174,0.47745880484580994,0.49182888865470886,-0.14369775354862213,0.4707690179347992,0.504854142665863,-0.28339526057243347,0.4732334017753601,0.4904142916202545,-0.11861015856266022,0.4680633544921875,0.5023772120475769,-0.25480324029922485,0.4026559293270111,0.4957936108112335,0.052778471261262894,0.3831287920475006,0.514671802520752,-0.05272272229194641,0.43731704354286194,0.5209075212478638,0.05427313596010208,0.42625945806503296,0.5846704244613647,-0.04671058803796768,0.4282054901123047,0.6034655570983887,0.19883376359939575,0.4195171892642975,0.6518341302871704,0.10428853332996368,0.42154669761657715,0.6146603226661682,0.21253511309623718,0.41230106353759766,0.6670866012573242,0.11789947748184204,0.4458770751953125,0.6215766072273254,0.19251595437526703,0.4333021640777588,0.6699764728546143,0.08460362255573273
0270,./images/155/frame_00270.jpg,Warning,0.43181413412094116,0.3494727313518524,-0.16725444793701172,0.42975011467933655,0.33884432911872864,-0.15955832600593567,0.4297565519809723,0.33805450797080994,-0.1596199870109558,0.4298449158668518,0.3373337388038635,-0.15968981385231018,0.4284392297267914,0.3418518602848053,-0.1810583919286728,0.4273894727230072,0.34330081939697266,-0.18111374974250793,0.42634764313697815,0.34509098529815674,-0.1811644583940506,0.42428264021873474,0.34403863549232483,-0.10849164426326752,0.4204022288322449,0.3529399335384369,-0.2040420025587082,0.43118494749069214,0.35793688893318176,-0.14494499564170837,0.42883285880088806,0.3610130250453949,-0.17278984189033508,0.41974076628685,0.3842448890209198,-0.028273751959204674,0.40544477105140686,0.4114774465560913,-0.2154478132724762,0.44014090299606323,0.44035348296165466,0.01793641969561577,0.4235782027244568,0.4790717363357544,-0.2034313976764679,0.4617903232574463,0.47547221183776855,-0.05265025421977043,0.4589095711708069,0.48764699697494507,-0.15404804050922394,0.46764951944351196,0.4840569496154785,-0.06554483622312546,0.46869054436683655,0.4981464743614197,-0.17626498639583588,0.46688857674598694,0.4827658236026764,-0.08747696131467819,0.46495717763900757,0.4825392961502075,-0.17811450362205505,0.4660305380821228,0.48215606808662415,-0.06453261524438858,0.46359777450561523,0.48247477412223816,-0.15379536151885986,0.39594364166259766,0.4974827170372009,0.0574490949511528,0.3804773688316345,0.519300103187561,-0.05731353163719177,0.4324170649051666,0.5406064391136169,0.1102912649512291,0.426292359828949,0.5822752714157104,-0.002023193286731839,0.4219629764556885,0.6232929825782776,0.2441774159669876,0.41881823539733887,0.6520689725875854,0.14402440190315247,0.4153248369693756,0.6356009244918823,0.25957170128822327,0.4081805348396301,0.6708734035491943,0.15744760632514954,0.43483948707580566,0.6384317874908447,0.23274631798267365,0.4323699474334717,0.669006884098053,0.12816938757896423
0271,./images/155/frame_00271.jpg,Warning,0.4291437566280365,0.3570755124092102,-0.20466530323028564,0.4283987581729889,0.34482571482658386,-0.19475793838500977,0.42892390489578247,0.34441423416137695,-0.194831982254982,0.4295198917388916,0.3440398871898651,-0.19491170346736908,0.4250860810279846,0.3467353284358978,-0.2111523598432541,0.42331892251968384,0.3478429913520813,-0.211180180311203,0.4215465188026428,0.3492327630519867,-0.21123020350933075,0.42545104026794434,0.3514678180217743,-0.12766723334789276,0.4158676266670227,0.3564867675304413,-0.19736690819263458,0.4296671450138092,0.36670616269111633,-0.1767132431268692,0.42549437284469604,0.36816900968551636,-0.19736352562904358,0.42323774099349976,0.3942352831363678,-0.051616471260786057,0.4010266363620758,0.41118699312210083,-0.20125357806682587,0.4408911168575287,0.4439367651939392,-0.08056272566318512,0.41714388132095337,0.47348451614379883,-0.22325117886066437,0.46352213621139526,0.47277188301086426,-0.22921347618103027,0.4527064859867096,0.4837017059326172,-0.24546734988689423,0.4693047106266022,0.48239293694496155,-0.2581539750099182,0.46300435066223145,0.49466049671173096,-0.27654170989990234,0.46776866912841797,0.4713202118873596,-0.27047473192214966,0.4622921943664551,0.47883227467536926,-0.2744860053062439,0.46596112847328186,0.4701647162437439,-0.23951151967048645,0.4598659873008728,0.4776703715324402,-0.2451188564300537,0.39645352959632874,0.5054038763046265,0.05722729116678238,0.3770858347415924,0.5193257331848145,-0.057086240500211716,0.428969144821167,0.5562580823898315,0.06268804520368576,0.4237920343875885,0.5781856179237366,0.0028268557507544756,0.42358118295669556,0.6423415541648865,0.18224838376045227,0.41584211587905884,0.6591137051582336,0.1331489384174347,0.41798633337020874,0.6553323268890381,0.19370947778224945,0.40820813179016113,0.6774044036865234,0.14459241926670074,0.4425039291381836,0.6556868553161621,0.1614406853914261,0.43250513076782227,0.6696955561637878,0.10189386457204819
0272,./images/155/frame_00272.jpg,Warning,0.42991408705711365,0.3615803122520447,-0.2236138880252838,0.42858847975730896,0.34995877742767334,-0.21468904614448547,0.4288519322872162,0.3491806983947754,-0.21480882167816162,0.4291568398475647,0.3484950065612793,-0.21493113040924072,0.4259524345397949,0.3527885973453522,-0.23985712230205536,0.4243685305118561,0.3540498912334442,-0.23988834023475647,0.42279091477394104,0.3555041551589966,-0.2399243861436844,0.4234224259853363,0.35459989309310913,-0.1490948349237442,0.41629472374916077,0.36295169591903687,-0.2556350827217102,0.42948493361473083,0.3706780672073364,-0.193721204996109,0.4260086417198181,0.3731224536895752,-0.22673971951007843,0.4231148362159729,0.39046722650527954,-0.07110815495252609,0.4004212021827698,0.41894692182540894,-0.2523837089538574,0.44114384055137634,0.4412787854671478,-0.06339941918849945,0.4171888828277588,0.47526657581329346,-0.27358442544937134,0.4680498540401459,0.4635319113731384,-0.1472826898097992,0.45899027585983276,0.48391303420066833,-0.29041534662246704,0.4762038290500641,0.46993082761764526,-0.16622711718082428,0.4689534604549408,0.49172312021255493,-0.32545480132102966,0.4720223844051361,0.4646186828613281,-0.18686842918395996,0.47011613845825195,0.47489193081855774,-0.3257623314857483,0.47092556953430176,0.46468254923820496,-0.15896326303482056,0.4662531912326813,0.4727173149585724,-0.2917506992816925,0.3927396237850189,0.5048230886459351,0.053222037851810455,0.3767976760864258,0.523822546005249,-0.053130824118852615,0.41994166374206543,0.5565990209579468,0.1263512372970581,0.4222401976585388,0.5783118009567261,0.04795677959918976,0.4149114191532135,0.6306985020637512,0.29780900478363037,0.41698235273361206,0.6584185361862183,0.19246806204319,0.4100840091705322,0.6463450193405151,0.31525200605392456,0.4093456268310547,0.6749534010887146,0.2055288553237915,0.4323904514312744,0.649567723274231,0.2924112379550934,0.4324881136417389,0.6684862971305847,0.1627635657787323
0273,./images/155/frame_00273.jpg,Warning,0.42632442712783813,0.3667809069156647,-0.2567968964576721,0.42610034346580505,0.3535769581794739,-0.24699446558952332,0.4268874526023865,0.3524913489818573,-0.24706801772117615,0.42769789695739746,0.35161319375038147,-0.24716296792030334,0.422352135181427,0.3573620617389679,-0.26528653502464294,0.4203602373600006,0.3590494692325592,-0.26533305644989014,0.4184650778770447,0.36063143610954285,-0.26537197828292847,0.42355480790138245,0.35721156001091003,-0.17488428950309753,0.41263899207115173,0.36755645275115967,-0.2574531137943268,0.4268013834953308,0.3752031922340393,-0.22623388469219208,0.42282596230506897,0.37763455510139465,-0.24980783462524414,0.4244782030582428,0.39293453097343445,-0.08826389908790588,0.39770275354385376,0.4181991517543793,-0.24921640753746033,0.44194239377975464,0.44009217619895935,-0.0926622822880745,0.4084433615207672,0.47183525562286377,-0.2767685055732727,0.4693160951137543,0.45932650566101074,-0.20518986880779266,0.4480738639831543,0.4830728769302368,-0.3068976104259491,0.47563666105270386,0.46158355474472046,-0.22871656715869904,0.4650316834449768,0.49032190442085266,-0.3399990200996399,0.4733656942844391,0.46158331632614136,-0.2482696771621704,0.4615284502506256,0.4774627387523651,-0.34072551131248474,0.47059908509254456,0.46125078201293945,-0.21740731596946716,0.4557975232601166,0.47594141960144043,-0.3081914186477661,0.3934292793273926,0.5062296390533447,0.05211568623781204,0.3757324516773224,0.523695707321167,-0.05197524279356003,0.4210047125816345,0.5622537136077881,0.07158978283405304,0.4179226756095886,0.5791661739349365,0.0028238871600478888,0.41499823331832886,0.6315390467643738,0.22492487728595734,0.4160354733467102,0.6579499840736389,0.1384410709142685,0.40958428382873535,0.6439893245697021,0.23969027400016785,0.4060366153717041,0.6736282110214233,0.1505206972360611,0.4342328608036041,0.6452565789222717,0.21084532141685486,0.4322594106197357,0.6676279306411743,0.10613951832056046
0274,./images/155/frame_00274.jpg,Warning,0.4240940511226654,0.3682588040828705,-0.19772055745124817,0.4242250323295593,0.35624176263809204,-0.18781587481498718,0.4249437749385834,0.35558411478996277,-0.18787989020347595,0.4256919026374817,0.3551297187805176,-0.18795809149742126,0.42072534561157227,0.3588961362838745,-0.20506028831005096,0.4188854694366455,0.3601619601249695,-0.20510149002075195,0.41712307929992676,0.3613796532154083,-0.20515112578868866,0.4213784635066986,0.36057424545288086,-0.1256083995103836,0.41129380464553833,0.36745351552963257,-0.20065543055534363,0.4244452118873596,0.37717679142951965,-0.1714811474084854,0.42079901695251465,0.3786013722419739,-0.1933181881904602,0.4247298240661621,0.39833250641822815,-0.05022012069821358,0.3960948884487152,0.41727957129478455,-0.20822766423225403,0.44199228286743164,0.4391999840736389,-0.06371984630823135,0.40381234884262085,0.4723813235759735,-0.24284622073173523,0.4727955758571625,0.4595909118652344,-0.16349735856056213,0.43714070320129395,0.48447686433792114,-0.2814916670322418,0.4821320176124573,0.4625329375267029,-0.18359729647636414,0.4509064257144928,0.49160686135292053,-0.3271615505218506,0.48091673851013184,0.4618934094905853,-0.20209117233753204,0.44933509826660156,0.47883227467536926,-0.30019813776016235,0.4749704897403717,0.46224716305732727,-0.175338476896286,0.4447053074836731,0.477676123380661,-0.2749461531639099,0.3911222815513611,0.5111314654350281,0.05094829201698303,0.3727279305458069,0.5235280990600586,-0.0508568212389946,0.4199426770210266,0.5672356486320496,0.047392234206199646,0.4162159562110901,0.5801880955696106,-0.018322575837373734,0.40806642174720764,0.6300047636032104,0.1915833055973053,0.41662606596946716,0.6598029732704163,0.10538294166326523,0.40236276388168335,0.6405847072601318,0.20507411658763885,0.4075198769569397,0.6761991381645203,0.11581733077764511,0.4234568178653717,0.6432004570960999,0.1763935387134552,0.4327366352081299,0.6703352928161621,0.06983579695224762
0275,./images/155/frame_00275.jpg,Warning,0.4222254753112793,0.3744528889656067,-0.2270219624042511,0.42243045568466187,0.36249440908432007,-0.21640078723430634,0.42322081327438354,0.36174827814102173,-0.21646785736083984,0.4240339696407318,0.3611716330051422,-0.2165895700454712,0.41875553131103516,0.3651876151561737,-0.2308562695980072,0.41693711280822754,0.36618301272392273,-0.2309216558933258,0.41516798734664917,0.36715203523635864,-0.2309829294681549,0.4198337197303772,0.3655722737312317,-0.134865865111351,0.40949350595474243,0.3717970550060272,-0.22328391671180725,0.42275285720825195,0.3826359510421753,-0.1969083994626999,0.4191266596317291,0.384064257144928,-0.2145712673664093,0.4227930009365082,0.4016493856906891,-0.06797893345355988,0.39432039856910706,0.4187178611755371,-0.22231468558311462,0.4426547586917877,0.43934300541877747,-0.024918999522924423,0.39771974086761475,0.47259408235549927,-0.25176191329956055,0.4721883237361908,0.4596329629421234,-0.07788434624671936,0.4249873757362366,0.4868568778038025,-0.2839460074901581,0.48307734727859497,0.4673996865749359,-0.08876688778400421,0.4322877526283264,0.49149686098098755,-0.3139340281486511,0.48225241899490356,0.46795856952667236,-0.10987784713506699,0.4343518316745758,0.48259782791137695,-0.31325072050094604,0.47685256600379944,0.4674837291240692,-0.08904044330120087,0.43170028924942017,0.4790222942829132,-0.2846364676952362,0.38807791471481323,0.5133012533187866,0.04802585393190384,0.370800644159317,0.5258647203445435,-0.04791297763586044,0.4178544580936432,0.5739338994026184,0.06126413494348526,0.40492066740989685,0.5909820795059204,-0.0009235154720954597,0.4103887677192688,0.632332980632782,0.20526430010795593,0.4149923324584961,0.6595196723937988,0.13877269625663757,0.40510472655296326,0.6427945494651794,0.21883006393909454,0.40866607427597046,0.6709499955177307,0.15122099220752716,0.42645955085754395,0.6476835012435913,0.18892768025398254,0.43226128816604614,0.6689925789833069,0.10860051959753036
0276,./images/155/frame_00276.jpg,Warning,0.42316490411758423,0.37520983815193176,-0.08777707815170288,0.4226803183555603,0.3645194172859192,-0.08080507069826126,0.4229471683502197,0.3635936677455902,-0.08087147772312164,0.423149049282074,0.3628859519958496,-0.08095214515924454,0.42054885625839233,0.3668389618396759,-0.1002429872751236,0.4192427694797516,0.36757731437683105,-0.10028847306966782,0.4179215431213379,0.3683416545391083,-0.10035450756549835,0.41757383942604065,0.3662189841270447,-0.040578313171863556,0.4122433066368103,0.3722608685493469,-0.12667325139045715,0.4224536418914795,0.3830544352531433,-0.06959506869316101,0.4202519953250885,0.38463735580444336,-0.09454979002475739,0.4106958508491516,0.40142810344696045,0.028658483177423477,0.3944556713104248,0.4239739775657654,-0.14815975725650787,0.4204820692539215,0.4587914049625397,0.11602240800857544,0.40089425444602966,0.49030816555023193,-0.13438726961612701,0.4281144142150879,0.4820655286312103,0.12230326235294342,0.42147383093833923,0.4887070059776306,-0.07960864156484604,0.43923264741897583,0.4958980083465576,0.1252531111240387,0.4298495650291443,0.49574825167655945,-0.09418155252933502,0.4406130909919739,0.49246618151664734,0.10763148963451385,0.42934948205947876,0.48422855138778687,-0.09625129401683807,0.4388957619667053,0.4907769560813904,0.11458072811365128,0.4259043335914612,0.4814768135547638,-0.07920830696821213,0.37734049558639526,0.5196020603179932,0.05131356045603752,0.372913658618927,0.5313646793365479,-0.05120084807276726,0.405782550573349,0.5772321224212646,0.14073601365089417,0.4100218415260315,0.5929864048957825,0.04354595020413399,0.4038950502872467,0.6366991400718689,0.27338168025016785,0.4188331663608551,0.6608430743217468,0.17030426859855652,0.3994288742542267,0.6477678418159485,0.28663572669029236,0.413189172744751,0.6723454594612122,0.18265680968761444,0.4195759892463684,0.6494194269180298,0.2742251455783844,0.4341031610965729,0.6688447594642639,0.1608683168888092
0277,./images/155/frame_00277.jpg,Warning,0.42379030585289,0.37755346298217773,-0.16892683506011963,0.4237041473388672,0.36671340465545654,-0.15971937775611877,0.4241623282432556,0.3661615550518036,-0.1597922444343567,0.424590528011322,0.36567986011505127,-0.15988674759864807,0.42093735933303833,0.36780494451522827,-0.17588044703006744,0.4193921983242035,0.36816132068634033,-0.17591892182826996,0.4177657961845398,0.36871638894081116,-0.17597068846225739,0.4193136692047119,0.3683779537677765,-0.10048650205135345,0.41114410758018494,0.3722214996814728,-0.17008265852928162,0.4231036603450775,0.38615113496780396,-0.14401334524154663,0.41993942856788635,0.3870297372341156,-0.16475747525691986,0.4134902060031891,0.4097599983215332,-0.025587115436792374,0.3925173878669739,0.42148470878601074,-0.17493674159049988,0.43366703391075134,0.45311301946640015,0.01424168050289154,0.39006197452545166,0.47875407338142395,-0.19749048352241516,0.4703182578086853,0.4761368930339813,0.030393486842513084,0.41551393270492554,0.49052271246910095,-0.2619308829307556,0.48298534750938416,0.48942896723747253,0.1001831516623497,0.4210251271724701,0.4975774884223938,-0.2912939190864563,0.4828721582889557,0.4840288758277893,0.0909261554479599,0.4239501357078552,0.4871658384799957,-0.2927406430244446,0.476859986782074,0.4831061065196991,0.04564223811030388,0.42211681604385376,0.4861370027065277,-0.2640940845012665,0.3843899071216583,0.5236278772354126,0.04748006910085678,0.36831754446029663,0.5311421155929565,-0.0474003329873085,0.4084194302558899,0.5895222425460815,0.0669814944267273,0.40907740592956543,0.590721607208252,-0.0020948455203324556,0.4103310704231262,0.6518527269363403,0.19042371213436127,0.4173054099082947,0.6629478931427002,0.1200939267873764,0.405935674905777,0.6642757654190063,0.20120295882225037,0.4130946099758148,0.6774236559867859,0.1301799714565277,0.4273107945919037,0.6636409163475037,0.16630594432353973,0.4344436526298523,0.668828547000885,0.08346778899431229
0278,./images/155/frame_00278.jpg,Warning,0.4240378737449646,0.38236555457115173,-0.18228767812252045,0.42404070496559143,0.37082090973854065,-0.17343822121620178,0.4244967997074127,0.37023356556892395,-0.17351844906806946,0.4249402582645416,0.36964771151542664,-0.17362169921398163,0.42127054929733276,0.37177175283432007,-0.19108472764492035,0.41972237825393677,0.37196704745292664,-0.19111432135105133,0.4181056618690491,0.3723921477794647,-0.19115200638771057,0.41956835985183716,0.3716457486152649,-0.1164809912443161,0.4111618399620056,0.3752917945384979,-0.19383062422275543,0.4230045676231384,0.3905782401561737,-0.15799063444137573,0.4198789596557617,0.39115944504737854,-0.18078354001045227,0.41548222303390503,0.41184788942337036,-0.042597632855176926,0.39217132329940796,0.4213140308856964,-0.19558832049369812,0.4372255802154541,0.45094984769821167,-0.00397079112008214,0.39603254199028015,0.4834505617618561,-0.21343068778514862,0.4762812554836273,0.4748567044734955,-0.04249783977866173,0.4143614172935486,0.5006924271583557,-0.23487214744091034,0.48735538125038147,0.4838314950466156,-0.027262508869171143,0.4260784685611725,0.5083199739456177,-0.26091116666793823,0.4885419011116028,0.4805329144001007,-0.03365161642432213,0.42218708992004395,0.4952653646469116,-0.26405924558639526,0.4819951057434082,0.47985807061195374,-0.04230404645204544,0.4197121560573578,0.4927474558353424,-0.23754826188087463,0.3827689290046692,0.5223414301872253,0.04603270813822746,0.36497169733047485,0.5316025018692017,-0.0459798164665699,0.4089062809944153,0.5850576162338257,0.0874701663851738,0.40816545486450195,0.5913737416267395,0.024421431124210358,0.41173091530799866,0.6512444615364075,0.21973693370819092,0.41282540559768677,0.6642687320709229,0.16266238689422607,0.40776070952415466,0.6625063419342041,0.23124945163726807,0.4097691476345062,0.6786791682243347,0.17457328736782074,0.4279100000858307,0.6656039357185364,0.17626582086086273,0.4310882091522217,0.6700029373168945,0.13136382400989532
0279,./images/155/frame_00279.jpg,Warning,0.4227609634399414,0.387149840593338,-0.2021685540676117,0.4231954514980316,0.37509775161743164,-0.1909560263156891,0.4237489700317383,0.37454140186309814,-0.19103002548217773,0.42428651452064514,0.3740333020687103,-0.19113734364509583,0.42011839151382446,0.3761900067329407,-0.20774805545806885,0.41840189695358276,0.3764408826828003,-0.2077920138835907,0.4165351986885071,0.3769008219242096,-0.20783624053001404,0.4190763831138611,0.37635886669158936,-0.1188383549451828,0.4091476798057556,0.3797798156738281,-0.19913099706172943,0.4216836094856262,0.3948677182197571,-0.17486289143562317,0.4185604453086853,0.3954644799232483,-0.1966974437236786,0.4173196852207184,0.4179326295852661,-0.04768739268183708,0.39032143354415894,0.4210467040538788,-0.20030608773231506,0.4382472038269043,0.4534133970737457,-0.008027583360671997,0.38590866327285767,0.48036983609199524,-0.23035483062267303,0.47275763750076294,0.47649863362312317,-0.05528587847948074,0.40879926085472107,0.5104806423187256,-0.25782856345176697,0.4831920266151428,0.4833134114742279,-0.06313858181238174,0.41510218381881714,0.5245876312255859,-0.2853427529335022,0.4834650158882141,0.48220962285995483,-0.08172574639320374,0.4173963665962219,0.5122473239898682,-0.2883616089820862,0.47814154624938965,0.4810446798801422,-0.06483600288629532,0.41432881355285645,0.5088685154914856,-0.25981205701828003,0.381474107503891,0.5240573287010193,0.045849502086639404,0.36266952753067017,0.5313147902488708,-0.04579105228185654,0.40282121300697327,0.5899726152420044,0.05903016775846481,0.40317225456237793,0.5910442471504211,-0.009628402069211006,0.41042107343673706,0.6536015868186951,0.18956179916858673,0.4110305905342102,0.6637706160545349,0.11448404937982559,0.40626806020736694,0.6664383411407471,0.200735405087471,0.40973591804504395,0.6753985285758972,0.1243009939789772,0.4273204803466797,0.6644704341888428,0.16043877601623535,0.4301472306251526,0.6688687801361084,0.07084324955940247
0280,./images/155/frame_00280.jpg,Warning,0.42273077368736267,0.38948801159858704,-0.15399542450904846,0.42306265234947205,0.37819570302963257,-0.1446899026632309,0.4235832095146179,0.37769216299057007,-0.14476260542869568,0.4241003096103668,0.377198189496994,-0.14485207200050354,0.42017823457717896,0.37901633977890015,-0.16201546788215637,0.41858458518981934,0.3791901767253876,-0.16204461455345154,0.41687875986099243,0.37949591875076294,-0.16209053993225098,0.41910457611083984,0.37930095195770264,-0.0885300487279892,0.4096035063266754,0.3818608522415161,-0.16568796336650848,0.4214560389518738,0.3972395658493042,-0.13062907755374908,0.41837209463119507,0.3977878987789154,-0.1530359387397766,0.41821199655532837,0.4233529269695282,-0.019855840131640434,0.3896726667881012,0.4207281768321991,-0.17490187287330627,0.4385398030281067,0.4627460539340973,0.019293269142508507,0.38289469480514526,0.4780918061733246,-0.20736214518547058,0.47139081358909607,0.4887501895427704,-0.030224254354834557,0.4061492085456848,0.5174726843833923,-0.24320845305919647,0.4810732305049896,0.4951912462711334,-0.03995807468891144,0.4102911353111267,0.531171977519989,-0.2684406042098999,0.4811352789402008,0.4947076439857483,-0.06031808257102966,0.4152452051639557,0.5209264159202576,-0.27431169152259827,0.4762756824493408,0.4931949973106384,-0.041156306862831116,0.4134445786476135,0.5180591940879822,-0.24656221270561218,0.38085058331489563,0.5262579321861267,0.04579547420144081,0.3610914945602417,0.5311417579650879,-0.04573322832584381,0.4052765369415283,0.5914841890335083,0.04630530998110771,0.40414533019065857,0.5902436375617981,-0.01861874759197235,0.4104074537754059,0.6592066287994385,0.1494021862745285,0.4084201455116272,0.6668207049369812,0.09106279909610748,0.40562835335731506,0.6711452603340149,0.15788355469703674,0.405486524105072,0.6821506023406982,0.09957527369260788,0.4280892014503479,0.6692563891410828,0.12302788347005844,0.4265560507774353,0.6695250868797302,0.05536901205778122
0281,./images/155/frame_00281.jpg,Warning,0.4224298596382141,0.39548495411872864,-0.22288241982460022,0.4224354326725006,0.38394594192504883,-0.2136552333831787,0.422811359167099,0.38311538100242615,-0.21374376118183136,0.4231843054294586,0.3823131024837494,-0.2138570249080658,0.41988301277160645,0.38543781638145447,-0.23284372687339783,0.41840773820877075,0.38568034768104553,-0.23287460207939148,0.4168063700199127,0.3860742747783661,-0.23289747536182404,0.4173355996608734,0.3836747109889984,-0.15265266597270966,0.4091050624847412,0.3880917429924011,-0.2384461909532547,0.4210185110569,0.402474045753479,-0.19713212549686432,0.41822609305381775,0.4038406014442444,-0.22212767601013184,0.4163411259651184,0.4235529899597168,-0.07387974113225937,0.3884960412979126,0.42805612087249756,-0.23349077999591827,0.4364793300628662,0.4659629464149475,-0.04249195009469986,0.38866421580314636,0.49025383591651917,-0.24767589569091797,0.4711845815181732,0.49568861722946167,-0.11236961930990219,0.4094092845916748,0.5203338861465454,-0.2514151930809021,0.4800846576690674,0.4994511604309082,-0.12689779698848724,0.41948971152305603,0.5351036190986633,-0.2784540057182312,0.48003506660461426,0.4997861683368683,-0.1513526290655136,0.42207708954811096,0.5255149602890015,-0.2829439043998718,0.47538918256759644,0.4996339678764343,-0.12541398406028748,0.41948461532592773,0.5213120579719543,-0.25405874848365784,0.3801863193511963,0.5246978998184204,0.04704354330897331,0.35984745621681213,0.5325160622596741,-0.04692978411912918,0.4082724153995514,0.5920608043670654,0.025279447436332703,0.40577569603919983,0.5957871079444885,-0.07359687238931656,0.41174548864364624,0.6669319868087769,0.1289031058549881,0.4083992540836334,0.6744150519371033,0.051548071205616,0.4067372679710388,0.6802775859832764,0.13734325766563416,0.40492457151412964,0.6888227462768555,0.062369465827941895,0.42729854583740234,0.6769893169403076,0.0986260250210762,0.4253413677215576,0.6794697642326355,0.0174430999904871
0282,./images/155/frame_00282.jpg,Warning,0.4218279719352722,0.3999326825141907,-0.18554796278476715,0.42166146636009216,0.3884980380535126,-0.1754760891199112,0.42185044288635254,0.38762983679771423,-0.17555607855319977,0.4220105707645416,0.3867979347705841,-0.17564544081687927,0.4194742739200592,0.3899945616722107,-0.19436661899089813,0.41810980439186096,0.3901287913322449,-0.19439442455768585,0.4165988862514496,0.39033395051956177,-0.1944262832403183,0.4159514904022217,0.38760706782341003,-0.11421088129281998,0.40863245725631714,0.39149346947669983,-0.1983185112476349,0.4199431538581848,0.405961275100708,-0.16038110852241516,0.41754499077796936,0.40708622336387634,-0.1847955882549286,0.41629356145858765,0.42864325642585754,-0.03643002361059189,0.38670849800109863,0.42968130111694336,-0.20203205943107605,0.43410688638687134,0.471314013004303,-0.004550994373857975,0.3841613531112671,0.49381545186042786,-0.21540454030036926,0.46643638610839844,0.5007963180541992,-0.07343174517154694,0.4062812924385071,0.5257693529129028,-0.21640250086784363,0.4774235188961029,0.5045850276947021,-0.08519027382135391,0.41346877813339233,0.5404641032218933,-0.2392999678850174,0.47834834456443787,0.5045897364616394,-0.10990183055400848,0.41816115379333496,0.5312669277191162,-0.24544556438922882,0.47317934036254883,0.5051842927932739,-0.08645744621753693,0.41657131910324097,0.5264208912849426,-0.21892544627189636,0.3784983158111572,0.5253061652183533,0.04818105325102806,0.3575582504272461,0.5331639647483826,-0.048080239444971085,0.4087337553501129,0.5902987718582153,0.02230248413980007,0.40228596329689026,0.6003415584564209,-0.08637408912181854,0.4132980704307556,0.6709840297698975,0.06000102311372757,0.40041860938072205,0.663769543170929,0.03682972490787506,0.4076431393623352,0.6851330399513245,0.06183566898107529,0.3944317400455475,0.670819878578186,0.04886366054415703,0.434093713760376,0.6850554347038269,0.02949047088623047,0.42061084508895874,0.6779000759124756,0.031716711819171906
0283,./images/155/frame_00283.jpg,Warning,0.41998958587646484,0.40031862258911133,-0.15542340278625488,0.4192795753479004,0.38949766755104065,-0.14754444360733032,0.4193619191646576,0.38879093527793884,-0.1476254016160965,0.4194308817386627,0.38808098435401917,-0.14771759510040283,0.4176083505153656,0.39128586649894714,-0.16926130652427673,0.4165143370628357,0.3916773200035095,-0.16929158568382263,0.41533151268959045,0.3920891284942627,-0.16932743787765503,0.4136448800563812,0.389394074678421,-0.09639786183834076,0.40809768438339233,0.3936389982700348,-0.19313658773899078,0.4182734489440918,0.4067264199256897,-0.1332482397556305,0.4162243902683258,0.40769141912460327,-0.16137297451496124,0.4086320996284485,0.4291965365409851,-0.023246046155691147,0.386620432138443,0.43838462233543396,-0.20346057415008545,0.42566394805908203,0.47654321789741516,0.011965123936533928,0.4011472165584564,0.5136213302612305,-0.21399752795696259,0.45393213629722595,0.5173384547233582,-0.05659069865942001,0.43357357382774353,0.5337729454040527,-0.19000551104545593,0.46261224150657654,0.5233056545257568,-0.0683472529053688,0.4407610297203064,0.5430571436882019,-0.21354565024375916,0.46404093503952026,0.5235046148300171,-0.09046623855829239,0.44215863943099976,0.5311580300331116,-0.21547429263591766,0.45954808592796326,0.5232789516448975,-0.06884371489286423,0.4392041265964508,0.52779620885849,-0.19097547233104706,0.37360697984695435,0.5280165672302246,0.05661262944340706,0.3570484519004822,0.5403467416763306,-0.05657372996211052,0.4091012477874756,0.5835434198379517,0.10180249065160751,0.4040789008140564,0.5984254479408264,-0.05068470910191536,0.40254583954811096,0.6355777978897095,0.22246888279914856,0.3960525393486023,0.6442040205001831,0.1139276847243309,0.39676332473754883,0.6417971849441528,0.23450961709022522,0.38993731141090393,0.6481565237045288,0.13364499807357788,0.41845232248306274,0.6544505953788757,0.2266511470079422,0.41105231642723083,0.6636829376220703,0.13372543454170227
0284,./images/155/frame_00284.jpg,Warning,0.4198952615261078,0.40742000937461853,-0.21269401907920837,0.41922035813331604,0.39762356877326965,-0.20331045985221863,0.419330358505249,0.3969753682613373,-0.20336906611919403,0.41940468549728394,0.39624255895614624,-0.20346298813819885,0.4171626567840576,0.39870911836624146,-0.22475016117095947,0.4160149097442627,0.3987594246864319,-0.22478528320789337,0.4147800803184509,0.3988441824913025,-0.2248028963804245,0.4123629033565521,0.39430850744247437,-0.14527197182178497,0.40660175681114197,0.3982464671134949,-0.24143369495868683,0.41828155517578125,0.41302743554115295,-0.1885644793510437,0.41562801599502563,0.4147798418998718,-0.21652314066886902,0.4074748456478119,0.4276570677757263,-0.07413427531719208,0.3856026232242584,0.44861629605293274,-0.24536558985710144,0.4259258806705475,0.47767114639282227,-0.03505896404385567,0.4041885435581207,0.5182488560676575,-0.27369800209999084,0.4516073167324066,0.5201334953308105,-0.08796916157007217,0.4439857602119446,0.5273165702819824,-0.2801593244075775,0.46005964279174805,0.5265318155288696,-0.0987895056605339,0.4533555507659912,0.5391455888748169,-0.309434175491333,0.46090537309646606,0.5257301926612854,-0.1212095394730568,0.454183965921402,0.5248446464538574,-0.30881381034851074,0.45674365758895874,0.525391161441803,-0.0993533506989479,0.45044222474098206,0.5253708958625793,-0.28117531538009644,0.374237060546875,0.5268362164497375,0.05451878905296326,0.3575662076473236,0.5431638360023499,-0.05449128895998001,0.4151378273963928,0.5718746185302734,0.05116356536746025,0.40494832396507263,0.5973802208900452,-0.09703381359577179,0.4037556052207947,0.6256198287010193,0.1835876852273941,0.3843485414981842,0.6306753754615784,0.0862826481461525,0.3973756432533264,0.6299183368682861,0.19941723346710205,0.3769358992576599,0.6287000179290771,0.10727126896381378,0.41710320115089417,0.6523923873901367,0.18705882132053375,0.3931472897529602,0.6586722731590271,0.11142748594284058
0285,./images/155/frame_00285.jpg,Warning,0.4171021580696106,0.4111233651638031,-0.1893598586320877,0.41636157035827637,0.4015604555606842,-0.1805833876132965,0.41657963395118713,0.40105196833610535,-0.18062329292297363,0.41666921973228455,0.4004252851009369,-0.18070216476917267,0.41414874792099,0.4016490578651428,-0.20144300162792206,0.41288048028945923,0.40138325095176697,-0.20148544013500214,0.4112444519996643,0.4018538296222687,-0.20150139927864075,0.4099845290184021,0.3979041576385498,-0.1217532604932785,0.40285444259643555,0.40134650468826294,-0.21709199249744415,0.4162420332431793,0.4163777232170105,-0.16467836499214172,0.4132038950920105,0.417486310005188,-0.19178636372089386,0.4044726490974426,0.42941784858703613,-0.04486946761608124,0.3867124319076538,0.45063909888267517,-0.23704704642295837,0.41451963782310486,0.4877581000328064,-0.009681547060608864,0.41043370962142944,0.5230581164360046,-0.25043225288391113,0.4303048551082611,0.5197410583496094,-0.06875915825366974,0.4494917392730713,0.5287660956382751,-0.22484199702739716,0.4352293014526367,0.5260809659957886,-0.07760757952928543,0.4586220383644104,0.5358582735061646,-0.24860265851020813,0.43590670824050903,0.52169269323349,-0.09642119705677032,0.4594920575618744,0.5220380425453186,-0.2465851753950119,0.433561235666275,0.5213988423347473,-0.07826654613018036,0.45547395944595337,0.5210718512535095,-0.22408656775951385,0.37384217977523804,0.531570553779602,0.055280208587646484,0.3589448630809784,0.5470471382141113,-0.05529557541012764,0.41625529527664185,0.5797189474105835,0.042585697025060654,0.40515846014022827,0.596720278263092,-0.10402590036392212,0.3886945843696594,0.6219288110733032,0.14695395529270172,0.3642060160636902,0.6075766682624817,0.051490165293216705,0.38117507100105286,0.6217207908630371,0.15872713923454285,0.35561975836753845,0.5994046330451965,0.06986026465892792,0.39359861612319946,0.6485031247138977,0.1636621057987213,0.3625541925430298,0.6365579962730408,0.08671282231807709
0286,./images/155/frame_00286.jpg,Warning,0.416402667760849,0.41540881991386414,-0.16082748770713806,0.41556280851364136,0.40772950649261475,-0.1508171707391739,0.41564980149269104,0.4071739614009857,-0.15086205303668976,0.41559797525405884,0.40652498602867126,-0.15093466639518738,0.41351231932640076,0.4077238440513611,-0.17316484451293945,0.41230159997940063,0.40738072991371155,-0.17319801449775696,0.41081660985946655,0.4068746864795685,-0.1732131689786911,0.4083188474178314,0.40345993638038635,-0.09447512775659561,0.40349262952804565,0.40627321600914,-0.19486677646636963,0.41450753808021545,0.4212121367454529,-0.1376419961452484,0.4117591977119446,0.4226435720920563,-0.1665264070034027,0.4041440486907959,0.4386764168739319,-0.02952601946890354,0.38485318422317505,0.4501051604747772,-0.2184533327817917,0.4174085557460785,0.49324485659599304,-0.006505612283945084,0.4073372483253479,0.517991840839386,-0.24265873432159424,0.4383564889431,0.5221359729766846,-0.07301709055900574,0.4443449079990387,0.5271288752555847,-0.22637102007865906,0.44517430663108826,0.5281645655632019,-0.08371362090110779,0.454787015914917,0.5353841781616211,-0.2487175166606903,0.44558215141296387,0.5233510732650757,-0.09670193493366241,0.4567895531654358,0.5217220783233643,-0.2528364360332489,0.4423239231109619,0.5229769945144653,-0.08195683360099792,0.45272693037986755,0.5199505090713501,-0.22752106189727783,0.37208443880081177,0.5386114120483398,0.056766707450151443,0.355082631111145,0.5490664839744568,-0.05680064484477043,0.4163540303707123,0.5877504348754883,0.04954176023602486,0.40473875403404236,0.590201735496521,-0.10784702003002167,0.381244957447052,0.6240355372428894,0.15252140164375305,0.37251585721969604,0.6214402318000793,0.033927906304597855,0.3727129101753235,0.6230359673500061,0.16351355612277985,0.3631119430065155,0.6194232702255249,0.050373055040836334,0.3850754201412201,0.6498117446899414,0.16351480782032013,0.379398375749588,0.6470118761062622,0.05760640650987625
0287,./images/155/frame_00287.jpg,Warning,0.41132044792175293,0.41548559069633484,-0.017747577279806137,0.41003769636154175,0.4068259298801422,-0.008065400645136833,0.409985214471817,0.4062851369380951,-0.008124539628624916,0.4098235070705414,0.4056258201599121,-0.008181086741387844,0.408693790435791,0.4071158170700073,-0.02795279584825039,0.40783944725990295,0.4070679247379303,-0.027953963726758957,0.40651386976242065,0.40643879771232605,-0.027980318292975426,0.40271687507629395,0.40269017219543457,0.0353548564016819,0.40045514702796936,0.40692460536956787,-0.05378295108675957,0.40980982780456543,0.42133641242980957,-0.0003728566225618124,0.4078921675682068,0.4225257933139801,-0.02619382180273533,0.39914843440055847,0.4419676959514618,0.08348945528268814,0.38546431064605713,0.4466003477573395,-0.0959458202123642,0.4152497351169586,0.4873240888118744,0.11418916285037994,0.4070388376712799,0.5133074522018433,-0.1171867623925209,0.43642204999923706,0.5146573781967163,0.07634216547012329,0.43975505232810974,0.5168644189834595,-0.09396851807832718,0.4425128400325775,0.5139039158821106,0.07498352229595184,0.4502381384372711,0.5170018672943115,-0.10868771374225616,0.4426574110984802,0.508557915687561,0.061559177935123444,0.4562452435493469,0.5067046284675598,-0.10558207333087921,0.44014066457748413,0.5089674592018127,0.06900741904973984,0.45120134949684143,0.5068885087966919,-0.09209711104631424,0.36865589022636414,0.5440317392349243,0.05570114403963089,0.3565439283847809,0.5471692681312561,-0.055716048926115036,0.4111708998680115,0.5892313122749329,0.05212262272834778,0.3981850743293762,0.581391453742981,-0.11595314741134644,0.3875593841075897,0.6271489262580872,0.09619002789258957,0.37139782309532166,0.6192594766616821,-0.005668724421411753,0.380154013633728,0.6301659941673279,0.09988059103488922,0.36353394389152527,0.6161913871765137,0.008159694261848927,0.3961973190307617,0.6527972221374512,0.09907765686511993,0.37598490715026855,0.6501284241676331,0.021479103714227676
0288,./images/155/frame_00288.jpg,Warning,0.4094330370426178,0.41950523853302,-0.13229210674762726,0.4094673991203308,0.4133319854736328,-0.11729872226715088,0.40978607535362244,0.41323769092559814,-0.11722173541784286,0.40998467803001404,0.4129486382007599,-0.11717984825372696,0.4066866934299469,0.41143810749053955,-0.12446695566177368,0.405583918094635,0.4112071692943573,-0.12445459514856339,0.40440329909324646,0.4108300805091858,-0.12444370985031128,0.40542539954185486,0.41223523020744324,0.02682206593453884,0.3977199196815491,0.4112781584262848,-0.1453814059495926,0.40890011191368103,0.42727553844451904,-0.10182541608810425,0.405508428812027,0.42818909883499146,-0.10906295478343964,0.40277138352394104,0.4453035593032837,0.01510627381503582,0.3803104758262634,0.45201581716537476,-0.16523407399654388,0.41915565729141235,0.4837125539779663,0.008031711913645267,0.402102530002594,0.5118153095245361,-0.1676449477672577,0.43558675050735474,0.47834908962249756,-0.024515140801668167,0.43147531151771545,0.5137050151824951,-0.17918607592582703,0.44071346521377563,0.47664669156074524,-0.01398980338126421,0.43829911947250366,0.5150296092033386,-0.19881489872932434,0.43883976340293884,0.47155052423477173,-0.0284617580473423,0.43895870447158813,0.5048872232437134,-0.19685348868370056,0.4363793730735779,0.47279250621795654,-0.004592586774379015,0.43600884079933167,0.5045496225357056,-0.17869265377521515,0.37074217200279236,0.5442284941673279,0.04921651631593704,0.3561398684978485,0.5489800572395325,-0.04928566515445709,0.415779173374176,0.5796989798545837,0.005970159079879522,0.3906266689300537,0.5864423513412476,-0.14732983708381653,0.38956621289253235,0.6180426478385925,0.0802633985877037,0.3642292022705078,0.6025919318199158,0.0038233946543186903,0.3822830319404602,0.619489312171936,0.08863452076911926,0.35840609669685364,0.5932338237762451,0.021887892857193947,0.3948986530303955,0.6454826593399048,0.08768970519304276,0.36302828788757324,0.63194739818573,0.03419799357652664
0289,./images/155/frame_00289.jpg,Warning,0.40868473052978516,0.4280547797679901,-0.1402280181646347,0.4082939624786377,0.4190616309642792,-0.1298261433839798,0.40859168767929077,0.418731689453125,-0.12985746562480927,0.4087582230567932,0.4182019531726837,-0.1299419105052948,0.4054878354072571,0.4187609851360321,-0.14688023924827576,0.4043189585208893,0.41870927810668945,-0.14690837264060974,0.40310460329055786,0.41864538192749023,-0.1469697654247284,0.40473800897598267,0.41894662380218506,-0.051804810762405396,0.3953274190425873,0.4185850918292999,-0.16231019794940948,0.4079258441925049,0.4340466260910034,-0.11620233207941055,0.4044622778892517,0.43464407324790955,-0.1373269259929657,0.40289273858070374,0.4503965973854065,0.003363194642588496,0.3777006268501282,0.45836520195007324,-0.17752939462661743,0.42072176933288574,0.48533210158348083,-0.00684701930731535,0.40139204263687134,0.5147324800491333,-0.1935499608516693,0.4372090697288513,0.483074814081192,-0.06818526983261108,0.4295242428779602,0.5089969038963318,-0.1937398612499237,0.4424315392971039,0.4841497540473938,-0.07624035328626633,0.43580302596092224,0.5094673037528992,-0.21535992622375488,0.43973931670188904,0.4788578152656555,-0.08468003571033478,0.4351067543029785,0.49926888942718506,-0.2141818106174469,0.43710511922836304,0.4795229732990265,-0.0709596574306488,0.43242740631103516,0.49959251284599304,-0.1938735842704773,0.37199661135673523,0.5508840084075928,0.04863349348306656,0.3541877269744873,0.5587139129638672,-0.04868493229150772,0.41873565316200256,0.5832390189170837,0.017454998567700386,0.390296071767807,0.5886155366897583,-0.1368585079908371,0.3918391764163971,0.625543475151062,0.09375032782554626,0.371946781873703,0.6149333119392395,0.022349411621689796,0.3840028941631317,0.624569833278656,0.10232027620077133,0.36612871289253235,0.6108089089393616,0.04139789193868637,0.3994656205177307,0.658581554889679,0.10097339004278183,0.3763832151889801,0.6348115801811218,0.05201670527458191
0290,./images/155/frame_00290.jpg,Warning,0.40738558769226074,0.4366197884082794,-0.061350055038928986,0.4075354039669037,0.42733335494995117,-0.05327145382761955,0.4077484607696533,0.426707923412323,-0.05331087112426758,0.4078272879123688,0.42602381110191345,-0.053344786167144775,0.40539735555648804,0.428088515996933,-0.07450897991657257,0.4043361246585846,0.4281280040740967,-0.07452614605426788,0.4033181667327881,0.42819344997406006,-0.07454266399145126,0.39883700013160706,0.4279880225658417,-0.00934202503412962,0.3953069746494293,0.42818111181259155,-0.10558517277240753,0.40546494722366333,0.44300201535224915,-0.043191924691200256,0.4032260477542877,0.44377195835113525,-0.07068074494600296,0.3876195549964905,0.45528385043144226,0.054601557552814484,0.3799651861190796,0.4719524085521698,-0.14498642086982727,0.4082791209220886,0.48833346366882324,0.10267714411020279,0.40783172845840454,0.5326350331306458,-0.16353610157966614,0.43166786432266235,0.48620274662971497,0.07448709011077881,0.43625980615615845,0.5283478498458862,-0.13047704100608826,0.43740835785865784,0.4888891875743866,0.07338102161884308,0.4427386224269867,0.5275610685348511,-0.1488678753376007,0.43690094351768494,0.48491498827934265,0.05777357146143913,0.4412330985069275,0.5171791911125183,-0.14794796705245972,0.434711217880249,0.48543980717658997,0.06617234647274017,0.4384278357028961,0.5183150768280029,-0.12978550791740417,0.3581644296646118,0.565554141998291,0.06058613210916519,0.3518807888031006,0.5775435566902161,-0.06057343631982803,0.41175755858421326,0.5669850707054138,0.10394282639026642,0.402609258890152,0.5660585761070251,-0.09363525360822678,0.39226582646369934,0.626649796962738,0.15889519453048706,0.38885560631752014,0.6301313638687134,0.03593379631638527,0.3842312693595886,0.6259500980377197,0.1643107533454895,0.3799971342086792,0.6386916637420654,0.051603883504867554,0.4027469754219055,0.6498481035232544,0.16842089593410492,0.40390950441360474,0.6448005437850952,0.06129329279065132
0291,./images/155/frame_00291.jpg,Warning,0.40360361337661743,0.44489890336990356,-4.0038816223386675e-05,0.40442609786987305,0.43526455760002136,0.007423579692840576,0.4067312777042389,0.4320169687271118,0.007390845566987991,0.4070942997932434,0.43151310086250305,0.00734375137835741,0.40409913659095764,0.4333290457725525,-0.008419104851782322,0.4027527868747711,0.4331456422805786,-0.008413253352046013,0.4014391005039215,0.43299025297164917,-0.008420441299676895,0.40073809027671814,0.43026021122932434,0.04795939475297928,0.394184410572052,0.4327808916568756,-0.02267567813396454,0.40194106101989746,0.45065176486968994,0.017045630142092705,0.399436891078949,0.44994357228279114,-0.0035755042918026447,0.3906378149986267,0.45108383893966675,0.1080598458647728,0.3810439705848694,0.46978068351745605,-0.06639289110898972,0.41175904870033264,0.4533388018608093,0.18810823559761047,0.4102235436439514,0.5284311771392822,-0.08183369785547256,0.42725881934165955,0.4531123638153076,0.22560563683509827,0.4365002512931824,0.5258039832115173,-0.04031730443239212,0.43018388748168945,0.45173224806785583,0.23675930500030518,0.4441056251525879,0.5288995504379272,-0.04753442853689194,0.4291822910308838,0.44902297854423523,0.22790959477424622,0.4433714747428894,0.5219770073890686,-0.04767230153083801,0.42816925048828125,0.4511294960975647,0.22269530594348907,0.4401349425315857,0.5203984975814819,-0.03857704624533653,0.36189132928848267,0.5603981614112854,0.05806213617324829,0.35325098037719727,0.5664280652999878,-0.05805693194270134,0.4116883873939514,0.5741113424301147,0.07234841585159302,0.4050218164920807,0.5647777318954468,-0.11661641299724579,0.39978545904159546,0.6493249535560608,0.06358171999454498,0.38984373211860657,0.6425642371177673,-0.0858277827501297,0.3925149440765381,0.6573115587234497,0.06331612169742584,0.38082772493362427,0.6528561115264893,-0.08090875297784805,0.4105694890022278,0.6717403531074524,0.05508207529783249,0.4060041010379791,0.6723624467849731,-0.08272837102413177
0292,./images/155/frame_00292.jpg,Warning,0.4030545651912689,0.455025851726532,-0.0424494631588459,0.4034656882286072,0.44560685753822327,-0.035022418946027756,0.40403446555137634,0.4442368745803833,-0.03506316989660263,0.40535908937454224,0.4389968514442444,-0.03510309010744095,0.402150958776474,0.44648614525794983,-0.05376001074910164,0.4006177484989166,0.4453248381614685,-0.0537571981549263,0.39968758821487427,0.4447976052761078,-0.053747497498989105,0.398129940032959,0.4362686574459076,0.006733796559274197,0.393473744392395,0.4386712908744812,-0.07750741392374039,0.4005638659000397,0.4582591950893402,-0.024794843047857285,0.39889660477638245,0.4586760103702545,-0.049239788204431534,0.3877912163734436,0.4584753215312958,0.07017246633768082,0.38064122200012207,0.4752730429172516,-0.1157982125878334,0.41092079877853394,0.4750455319881439,0.13018447160720825,0.41165775060653687,0.531634509563446,-0.13439583778381348,0.4294966161251068,0.46315035223960876,0.12393026053905487,0.4383987784385681,0.5242154002189636,-0.09506925940513611,0.43375927209854126,0.4669938385486603,0.12554439902305603,0.4472912847995758,0.5312544107437134,-0.1094617247581482,0.43251118063926697,0.4653773903846741,0.11254187673330307,0.44516387581825256,0.5209026336669922,-0.10869618505239487,0.4308493733406067,0.465901643037796,0.11754103004932404,0.4418240189552307,0.5190852284431458,-0.09389719367027283,0.3594767451286316,0.5693198442459106,0.059174228459596634,0.3519527316093445,0.5773405432701111,-0.05917681008577347,0.40923038125038147,0.5685112476348877,0.06569765508174896,0.40494638681411743,0.5650215744972229,-0.10810999572277069,0.4026298522949219,0.6498805284500122,0.09448346495628357,0.39500418305397034,0.6516844034194946,-0.034822966903448105,0.39591124653816223,0.6616028547286987,0.0977390930056572,0.3873952031135559,0.663165807723999,-0.025669017806649208,0.41965827345848083,0.6704287528991699,0.0899268090724945,0.41249680519104004,0.6779558658599854,-0.026546012610197067
0293,./images/155/frame_00293.jpg,Warning,0.40134888887405396,0.4605265259742737,0.03653346747159958,0.40273571014404297,0.4483036994934082,0.04402092099189758,0.4025890827178955,0.44746458530426025,0.04397454112768173,0.40257954597473145,0.44616788625717163,0.043939393013715744,0.39960813522338867,0.45127296447753906,0.02539207600057125,0.39865267276763916,0.4507250189781189,0.02539968490600586,0.39977556467056274,0.44821697473526,0.025381360203027725,0.3952052593231201,0.4426397681236267,0.07754991948604584,0.3923146724700928,0.4452812075614929,-0.006296169012784958,0.3982771039009094,0.46353065967559814,0.050716519355773926,0.3970532715320587,0.46362072229385376,0.026290196925401688,0.38289549946784973,0.46842819452285767,0.12636055052280426,0.3789806663990021,0.4753345847129822,-0.0570923276245594,0.4051189422607422,0.5011441111564636,0.16964800655841827,0.4098571836948395,0.5285946726799011,-0.08297982066869736,0.43020495772361755,0.5079209208488464,0.15501996874809265,0.43760162591934204,0.5251823663711548,-0.05094105750322342,0.4352700114250183,0.5083427429199219,0.16027799248695374,0.4461745619773865,0.5304569005966187,-0.06234259530901909,0.4351690411567688,0.5063328742980957,0.14684967696666718,0.44396263360977173,0.5212247967720032,-0.057328782975673676,0.4335748553276062,0.5091279149055481,0.14854134619235992,0.4416446089744568,0.5216863751411438,-0.04788395017385483,0.3557623624801636,0.5728522539138794,0.05820406600832939,0.35112467408180237,0.5747753977775574,-0.05820087715983391,0.40529051423072815,0.563335657119751,0.08322954177856445,0.40430575609207153,0.551140308380127,-0.09984994679689407,0.4019089341163635,0.6479299664497375,0.09822054207324982,0.3956969082355499,0.6470993161201477,-0.07316450774669647,0.3949909806251526,0.6560255289077759,0.09854535758495331,0.38794559240341187,0.6592522263526917,-0.07025918364524841,0.4176162779331207,0.6624828577041626,0.09049676358699799,0.41352105140686035,0.6774661540985107,-0.07833268493413925
0294,./images/155/frame_00294.jpg,Warning,0.39844635128974915,0.4569184184074402,0.04437335953116417,0.3994128108024597,0.44925934076309204,0.052043743431568146,0.3994252383708954,0.44870784878730774,0.0520007498562336,0.3990629315376282,0.4474705457687378,0.05196762830018997,0.39762407541275024,0.45004361867904663,0.034415122121572495,0.3963896930217743,0.449373334646225,0.03442017361521721,0.39836257696151733,0.44608595967292786,0.03441024571657181,0.3932713270187378,0.4426887035369873,0.08522119373083115,0.39058059453964233,0.44490671157836914,0.005801474675536156,0.3962017297744751,0.4613180458545685,0.05820057541131973,0.3947615325450897,0.46191707253456116,0.03506829962134361,0.38263797760009766,0.46852773427963257,0.12774641811847687,0.3788074254989624,0.4740051329135895,-0.04218379035592079,0.4065757691860199,0.494919091463089,0.16354140639305115,0.40991973876953125,0.5214275121688843,-0.06601697951555252,0.428763210773468,0.5071290731430054,0.14566446840763092,0.43699607253074646,0.5232430100440979,-0.030364567413926125,0.43374523520469666,0.5032053589820862,0.14890803396701813,0.44433751702308655,0.5250495672225952,-0.03978530317544937,0.43307217955589294,0.5007128119468689,0.13772708177566528,0.44389668107032776,0.5202978849411011,-0.03526434674859047,0.4313284456729889,0.5027421116828918,0.14012707769870758,0.44150310754776,0.5203809142112732,-0.027217796072363853,0.355660617351532,0.5712683796882629,0.05510237067937851,0.3511473834514618,0.5721186995506287,-0.055107392370700836,0.4016781747341156,0.5624414682388306,0.08126582205295563,0.4025975167751312,0.5499272346496582,-0.10058106482028961,0.3991754353046417,0.6349722743034363,0.08854933828115463,0.39520883560180664,0.6409133672714233,-0.09242323786020279,0.39302167296409607,0.6469590067863464,0.08756299316883087,0.38788777589797974,0.654620885848999,-0.09104499220848083,0.41689902544021606,0.6479230523109436,0.08108533918857574,0.41165727376937866,0.6649772524833679,-0.09856241196393967
0295,./images/155/frame_00295.jpg,Warning,0.3956679403781891,0.4507104754447937,0.06663332879543304,0.395778089761734,0.4441000521183014,0.07414083927869797,0.39596617221832275,0.44367799162864685,0.074093297123909,0.3963385820388794,0.4418186545372009,0.07404400408267975,0.39441701769828796,0.44451913237571716,0.06166534498333931,0.39365583658218384,0.44430941343307495,0.06167105957865715,0.39321309328079224,0.4430863559246063,0.061648331582546234,0.3932209014892578,0.4410398304462433,0.10264541208744049,0.3892192244529724,0.4410226047039032,0.04683598130941391,0.39397192001342773,0.4557616412639618,0.07800039649009705,0.39230915904045105,0.45640864968299866,0.0616854652762413,0.3814004063606262,0.4660448431968689,0.13125541806221008,0.37935736775398254,0.4712740182876587,0.003403946291655302,0.39793863892555237,0.49300211668014526,0.16350656747817993,0.40374189615249634,0.5070183873176575,-0.015246090479195118,0.4191606640815735,0.5032941699028015,0.16123804450035095,0.4303341507911682,0.5228224992752075,0.018996279686689377,0.4237270951271057,0.501136839389801,0.16544386744499207,0.43747082352638245,0.5252966284751892,0.017084268853068352,0.4247604012489319,0.4986943006515503,0.15884636342525482,0.4370512366294861,0.5205503702163696,0.021903887391090393,0.42312517762184143,0.5003430843353271,0.15800976753234863,0.4340949058532715,0.5201022028923035,0.022405128926038742,0.357348769903183,0.5580693483352661,0.04257645085453987,0.3552446961402893,0.5507715940475464,-0.042672768235206604,0.3958587348461151,0.5649828314781189,0.030997995287179947,0.40313443541526794,0.5546072721481323,-0.07529576122760773,0.3901982307434082,0.6231464147567749,-0.016762683168053627,0.38803622126579285,0.6322311162948608,-0.10098294913768768,0.3843195140361786,0.6307865381240845,-0.02331102080643177,0.3789375126361847,0.6391940712928772,-0.1025955080986023,0.4028241038322449,0.6446046829223633,-0.02990458533167839,0.3980623483657837,0.6631605625152588,-0.10523127019405365
0296,./images/155/frame_00296.jpg,Warning,0.39418044686317444,0.46083691716194153,0.07111463695764542,0.39556676149368286,0.4505860507488251,0.0805637389421463,0.39576202630996704,0.4506741464138031,0.0805215835571289,0.3959953188896179,0.4506058990955353,0.08048118650913239,0.39412400126457214,0.44996610283851624,0.06754259765148163,0.39306512475013733,0.4493974447250366,0.06754975020885468,0.39206987619400024,0.448697566986084,0.06752247363328934,0.3915592432022095,0.45108139514923096,0.11698545515537262,0.3862338662147522,0.4488917887210846,0.05943714827299118,0.3922017216682434,0.46602216362953186,0.08528490364551544,0.39216387271881104,0.4631783068180084,0.06844555586576462,0.38328152894973755,0.4822481870651245,0.14497804641723633,0.37583547830581665,0.47245821356773376,0.010103851556777954,0.40132761001586914,0.5157133936882019,0.15816590189933777,0.39994630217552185,0.5089569687843323,-0.03213353827595711,0.42261773347854614,0.5221722722053528,0.13559295237064362,0.4295428395271301,0.5153440237045288,-0.014822157099843025,0.42778950929641724,0.5198589563369751,0.13751950860023499,0.4374779760837555,0.5137209892272949,-0.020776737481355667,0.428333044052124,0.5176428556442261,0.1306714415550232,0.43641433119773865,0.510186493396759,-0.014619278721511364,0.4263532757759094,0.5195590257644653,0.13173748552799225,0.43327856063842773,0.5126727223396301,-0.011429833248257637,0.35690808296203613,0.5667062997817993,0.04320888966321945,0.3526436388492584,0.5547701120376587,-0.043338824063539505,0.3987220525741577,0.5651894211769104,0.04094768315553665,0.3968679904937744,0.5593401789665222,-0.07898788154125214,0.3900202214717865,0.6155279874801636,-0.0014559411210939288,0.3858289122581482,0.6200326085090637,-0.08053763955831528,0.38390618562698364,0.6218245029449463,-0.007224493660032749,0.3773803114891052,0.6253659129142761,-0.07919686287641525,0.4022144377231598,0.6324226260185242,-0.012002035975456238,0.39889174699783325,0.6398875117301941,-0.07691542059183121
0297,./images/155/frame_00297.jpg,Warning,0.39452093839645386,0.4586789011955261,0.11813084781169891,0.393979549407959,0.4526418447494507,0.12640173733234406,0.3936355412006378,0.45281609892845154,0.12639220058918,0.3933021128177643,0.4530157744884491,0.126369908452034,0.3940029442310333,0.4512174427509308,0.11505492031574249,0.3934917747974396,0.45031052827835083,0.1150718554854393,0.3930005431175232,0.449388325214386,0.11503186076879501,0.38869422674179077,0.45248982310295105,0.15068575739860535,0.3878729045391083,0.44842207431793213,0.09984926134347916,0.3919350802898407,0.4635674059391022,0.12674210965633392,0.3920227885246277,0.461581289768219,0.11196273565292358,0.3797869384288788,0.4825168251991272,0.15878649055957794,0.37825077772140503,0.46158844232559204,0.04289623349905014,0.3972732126712799,0.5151808857917786,0.16864976286888123,0.400930792093277,0.4735947549343109,-0.014229950495064259,0.4154491424560547,0.5222527384757996,0.15206995606422424,0.42930859327316284,0.4905566871166229,-0.0069401441141963005,0.4190049171447754,0.5227798223495483,0.1508878618478775,0.43604642152786255,0.49394524097442627,-0.010817445814609528,0.4201838970184326,0.518952488899231,0.14909540116786957,0.4357577860355377,0.496073454618454,-0.004368344321846962,0.41913050413131714,0.5195258259773254,0.15003429353237152,0.4330548644065857,0.49680837988853455,-0.003775286255404353,0.3571445941925049,0.5645805597305298,0.04065561667084694,0.3561299443244934,0.5472943782806396,-0.04096895828843117,0.3949064612388611,0.5894956588745117,0.06002882122993469,0.397096186876297,0.560053288936615,-0.04821600764989853,0.391480416059494,0.6111828088760376,0.007600278593599796,0.39181238412857056,0.6082605123519897,-0.06827740371227264,0.38437044620513916,0.6113497018814087,0.0013439764734357595,0.38576632738113403,0.6117847561836243,-0.0679299384355545,0.4031113088130951,0.6263988614082336,0.0034840391017496586,0.40454477071762085,0.6306876540184021,-0.06179693341255188
0298,./images/155/frame_00298.jpg,Warning,0.3904986083507538,0.4725835919380188,0.051482051610946655,0.3898240625858307,0.466100811958313,0.060379765927791595,0.38978856801986694,0.4664667248725891,0.06034381315112114,0.3897257149219513,0.4667733907699585,0.06030789017677307,0.3898085951805115,0.4638058543205261,0.04499855265021324,0.3888110816478729,0.46320396661758423,0.045000992715358734,0.38779494166374207,0.462654709815979,0.04497411474585533,0.3845392167568207,0.46419557929039,0.09640245139598846,0.38089719414711,0.4626937508583069,0.02799680270254612,0.38826805353164673,0.4780542552471161,0.0657956525683403,0.3863676190376282,0.4761325716972351,0.045836083590984344,0.3762592375278473,0.49952560663223267,0.13355180621147156,0.3694967031478882,0.48747754096984863,-0.019685078412294388,0.39878928661346436,0.5326924920082092,0.1552046239376068,0.3967141807079315,0.5221061110496521,-0.05039669945836067,0.41846519708633423,0.5344401001930237,0.13533106446266174,0.4230910837650299,0.5121570825576782,-0.022192396223545074,0.4227026402950287,0.530321478843689,0.13906805217266083,0.42979055643081665,0.505250871181488,-0.029293958097696304,0.4231938421726227,0.527866542339325,0.13135340809822083,0.43040427565574646,0.5061153173446655,-0.023299816995859146,0.4217599332332611,0.5300231575965881,0.13106130063533783,0.42626896500587463,0.5106804966926575,-0.018843967467546463,0.34960347414016724,0.5876343846321106,0.04420559108257294,0.34567198157310486,0.5799318552017212,-0.044442068785429,0.3965950608253479,0.5817616581916809,0.059720586985349655,0.39639535546302795,0.5579677820205688,-0.06623544543981552,0.39905908703804016,0.6203445792198181,0.040085066109895706,0.39849165081977844,0.6224326491355896,-0.061028510332107544,0.39410635828971863,0.6317099928855896,0.037763528525829315,0.3926570415496826,0.6373952031135559,-0.05901683121919632,0.41608285903930664,0.6339514255523682,0.030377933755517006,0.4173952639102936,0.6387729048728943,-0.06499449908733368
0299,./images/155/frame_00299.jpg,Warning,0.3895430862903595,0.47873377799987793,0.043238259851932526,0.39021098613739014,0.47019508481025696,0.051949482411146164,0.39024800062179565,0.47033166885375977,0.051911611109972,0.39027681946754456,0.47048690915107727,0.05187038332223892,0.3892673850059509,0.46909692883491516,0.03770072013139725,0.38824453949928284,0.4683414399623871,0.03771280124783516,0.38723239302635193,0.4676181674003601,0.03768404573202133,0.38544848561286926,0.4699803292751312,0.0883064866065979,0.3810611069202423,0.466993123292923,0.025162052363157272,0.38760894536972046,0.48397767543792725,0.05791424959897995,0.386074960231781,0.4833022654056549,0.03938789665699005,0.37917235493659973,0.503532886505127,0.12246961891651154,0.3694791793823242,0.4866980314254761,-0.02258424274623394,0.4005112051963806,0.5301669239997864,0.14408141374588013,0.3971238136291504,0.5184201002120972,-0.05619515851140022,0.4296514391899109,0.5284503698348999,0.12614592909812927,0.4310484528541565,0.5123395919799805,-0.030100157484412193,0.4367380738258362,0.5238730907440186,0.1299484670162201,0.4410199522972107,0.5088417530059814,-0.03743918612599373,0.43755993247032166,0.5218122601509094,0.1217590942978859,0.44019293785095215,0.5071258544921875,-0.02938309870660305,0.434867799282074,0.5242948532104492,0.12175118923187256,0.43646588921546936,0.510687530040741,-0.02601274475455284,0.35254666209220886,0.5903444886207581,0.044599294662475586,0.34666040539741516,0.5832659602165222,-0.04475422203540802,0.3980083763599396,0.5829207301139832,0.05968959257006645,0.39292651414871216,0.5660261511802673,-0.0781036913394928,0.4031355381011963,0.6412612199783325,0.0436466708779335,0.39943262934684753,0.6237572431564331,-0.06224488094449043,0.39758017659187317,0.6528582572937012,0.04165395349264145,0.3940276503562927,0.6369042992591858,-0.058373600244522095,0.4213744103908539,0.6551504731178284,0.03449825942516327,0.41826575994491577,0.6387609243392944,-0.05921076983213425
0300,./images/155/frame_00300.jpg,Warning,0.3875977396965027,0.483639657497406,-0.030104707926511765,0.3868493139743805,0.4739348888397217,-0.02318384125828743,0.38805460929870605,0.47151944041252136,-0.023204293102025986,0.38770052790641785,0.47149166464805603,-0.02322913333773613,0.38550060987472534,0.47261929512023926,-0.041438937187194824,0.3845950961112976,0.47193363308906555,-0.04143502563238144,0.38327670097351074,0.47056305408477783,-0.04144106060266495,0.38039806485176086,0.4715958535671234,0.014624702744185925,0.377939373254776,0.47080197930336,-0.06768940389156342,0.38496726751327515,0.48906344175338745,-0.014294920489192009,0.3830457031726837,0.48888325691223145,-0.03820667043328285,0.37122637033462524,0.5040467977523804,0.06863001734018326,0.3659082055091858,0.5044472217559814,-0.10633472353219986,0.394620418548584,0.5211411118507385,0.11535332351922989,0.39850735664367676,0.535614550113678,-0.13369201123714447,0.41336220502853394,0.5147161483764648,0.10429463535547256,0.4310673177242279,0.5206568241119385,-0.10672293603420258,0.41587772965431213,0.509063184261322,0.1072053462266922,0.44152551889419556,0.5245222449302673,-0.12264212220907211,0.41552120447158813,0.5055456161499023,0.09565164893865585,0.4408620297908783,0.5188488960266113,-0.11814112961292267,0.4152137339115143,0.5086330771446228,0.0983704999089241,0.4363919198513031,0.5174508094787598,-0.10469232499599457,0.3460031747817993,0.6073758602142334,0.05208983272314072,0.33988845348358154,0.6124858260154724,-0.05215176194906235,0.3971489667892456,0.5706297159194946,0.0908719152212143,0.3890456557273865,0.5689201951026917,-0.08078156411647797,0.41683855652809143,0.619153618812561,0.13596461713314056,0.40673941373825073,0.6241097450256348,-0.017573988065123558,0.4159383177757263,0.6345669031143188,0.14069055020809174,0.4056316018104553,0.6399949193000793,-0.01010250486433506,0.43690815567970276,0.6118309497833252,0.13062652945518494,0.42473524808883667,0.6267046332359314,-0.02351192943751812
0301,./images/155/frame_00301.jpg,Warning,0.3823426365852356,0.4919111132621765,-0.05588272958993912,0.38170233368873596,0.4820414185523987,-0.04906165599822998,0.38161879777908325,0.481484979391098,-0.049076057970523834,0.38126206398010254,0.4812498688697815,-0.04909766465425491,0.3806913495063782,0.4816846251487732,-0.06798368692398071,0.3798169791698456,0.4813058078289032,-0.06798301637172699,0.3789214491844177,0.48093381524086,-0.06799417734146118,0.3722430169582367,0.4772118330001831,-0.010074933990836143,0.3726304769515991,0.47935786843299866,-0.09589311480522156,0.3796783983707428,0.4970526099205017,-0.039297036826610565,0.37830066680908203,0.49659445881843567,-0.0642736405134201,0.3608991503715515,0.5024340152740479,0.05060862377285957,0.3632884621620178,0.5180326104164124,-0.1320604532957077,0.3841590881347656,0.5026922821998596,0.12089846283197403,0.39893072843551636,0.5451685786247253,-0.16801974177360535,0.3983888030052185,0.47735774517059326,0.13422495126724243,0.42811498045921326,0.5267235040664673,-0.15139850974082947,0.39958643913269043,0.4713096618652344,0.14105281233787537,0.4401687979698181,0.5329436659812927,-0.1697804033756256,0.39822256565093994,0.46959739923477173,0.13034853339195251,0.43918800354003906,0.5264924764633179,-0.16574892401695251,0.3986881375312805,0.4729826748371124,0.12960824370384216,0.4326024055480957,0.522636890411377,-0.14956408739089966,0.33992043137550354,0.6181943416595459,0.05586196109652519,0.33677977323532104,0.628197193145752,-0.05592929199337959,0.38792651891708374,0.5754415988922119,0.12190966308116913,0.3840532898902893,0.5810257196426392,-0.08300385624170303,0.40941566228866577,0.6372232437133789,0.19592398405075073,0.403953492641449,0.6441845297813416,0.005870351567864418,0.4073483347892761,0.6531047224998474,0.20324015617370605,0.4053860306739807,0.6602099537849426,0.015650620684027672,0.4273952543735504,0.6157210469245911,0.19779324531555176,0.42405956983566284,0.6373925805091858,0.006329612340778112
0302,./images/155/frame_00302.jpg,Warning,0.37820562720298767,0.4952070116996765,-0.05467618256807327,0.3773668706417084,0.48549842834472656,-0.050744205713272095,0.37684476375579834,0.4849202334880829,-0.050770603120326996,0.3762449622154236,0.4843955934047699,-0.05078472942113876,0.377109169960022,0.4862120747566223,-0.06744082272052765,0.37646445631980896,0.4862741231918335,-0.06744808703660965,0.375821053981781,0.48635774850845337,-0.06744224578142166,0.3685704469680786,0.4834466278553009,-0.01857108250260353,0.3700754642486572,0.4868786334991455,-0.0956173837184906,0.3751104474067688,0.5006330609321594,-0.04018406197428703,0.3746052384376526,0.5018401741981506,-0.06254158169031143,0.3544299304485321,0.5114806890487671,0.03940323740243912,0.3603765666484833,0.5289202928543091,-0.12530037760734558,0.375362366437912,0.48982518911361694,0.10447528213262558,0.39848336577415466,0.567481279373169,-0.1623222678899765,0.3891181945800781,0.4585588276386261,0.12571509182453156,0.41505661606788635,0.554944634437561,-0.14806483685970306,0.39069053530693054,0.44978973269462585,0.1299462616443634,0.4204006791114807,0.5567399859428406,-0.16530732810497284,0.38899725675582886,0.44964301586151123,0.1198822408914566,0.41840916872024536,0.5497598648071289,-0.16386911273002625,0.38940393924713135,0.4549649655818939,0.12099172174930573,0.41611146926879883,0.550297737121582,-0.14752081036567688,0.33726221323013306,0.6283102035522461,0.0574423149228096,0.3378511369228363,0.6433724164962769,-0.05752291530370712,0.38624241948127747,0.5489538311958313,0.09563450515270233,0.3848654627799988,0.5922307372093201,-0.11865068972110748,0.43023681640625,0.5764774680137634,0.1450311839580536,0.41536396741867065,0.641160249710083,-0.06845104694366455,0.4356119632720947,0.5935096144676208,0.14918257296085358,0.41665107011795044,0.657360315322876,-0.0645545944571495,0.449282705783844,0.5456376671791077,0.13295719027519226,0.4360487461090088,0.6261485815048218,-0.09540636837482452
0303,./images/155/frame_00303.jpg,Warning,0.3749864995479584,0.5057794451713562,-0.08074220269918442,0.37411803007125854,0.4960571229457855,-0.07665915787220001,0.37358373403549194,0.49534037709236145,-0.07668853551149368,0.37301939725875854,0.4947304129600525,-0.07670440524816513,0.37374624609947205,0.4969557523727417,-0.09510137140750885,0.3730486333370209,0.49694696068763733,-0.09512164443731308,0.3723998963832855,0.49704182147979736,-0.09512830525636673,0.3657427430152893,0.4921189546585083,-0.04177572578191757,0.36667269468307495,0.49636968970298767,-0.12615489959716797,0.3712904155254364,0.5096225142478943,-0.06498914957046509,0.37069806456565857,0.5107057094573975,-0.0893741101026535,0.3545497953891754,0.5183175206184387,0.015851113945245743,0.3562554121017456,0.5373233556747437,-0.15289214253425598,0.3824416399002075,0.49675559997558594,0.059051401913166046,0.39854392409324646,0.5603676438331604,-0.17730571329593658,0.39764195680618286,0.4773605465888977,0.033369146287441254,0.4175059199333191,0.5430930256843567,-0.13416898250579834,0.40057307481765747,0.4718010723590851,0.03038688376545906,0.42298516631126404,0.5439155101776123,-0.15034839510917664,0.39782363176345825,0.47064512968063354,0.01845012791454792,0.420585572719574,0.5379849672317505,-0.14958031475543976,0.3974376618862152,0.4741683900356293,0.026566803455352783,0.4185050129890442,0.5386155247688293,-0.1333165019750595,0.34018513560295105,0.6368828415870667,0.056004129350185394,0.3385767936706543,0.6512072682380676,-0.056088078767061234,0.38567742705345154,0.55677330493927,0.05765707045793533,0.3816826641559601,0.5976049900054932,-0.13557355105876923,0.4332708418369293,0.5708981156349182,0.09098535776138306,0.4224300980567932,0.6269171833992004,-0.08656156808137894,0.4397560954093933,0.5856775641441345,0.09363336116075516,0.42728549242019653,0.6401076316833496,-0.08305199444293976,0.44343551993370056,0.5222233533859253,0.06758703291416168,0.4384928345680237,0.5968033075332642,-0.11306445300579071
0304,./images/155/frame_00304.jpg,Warning,0.3701508641242981,0.5117394924163818,-0.047980692237615585,0.36957618594169617,0.5028670430183411,-0.046206772327423096,0.3690165877342224,0.5022376179695129,-0.0462459996342659,0.3684408664703369,0.5016854405403137,-0.04626179486513138,0.3694969117641449,0.5047548413276672,-0.06272368133068085,0.3690010905265808,0.5049178004264832,-0.06272227317094803,0.36854249238967896,0.505205512046814,-0.0627087652683258,0.3611938953399658,0.5005819797515869,-0.024286044761538506,0.36155956983566284,0.5077300667762756,-0.09939844906330109,0.3664858043193817,0.515711784362793,-0.03629330173134804,0.36631107330322266,0.5167068243026733,-0.0581551268696785,0.3490784466266632,0.5226160883903503,0.02734132669866085,0.35333412885665894,0.5410749912261963,-0.1300504207611084,0.37992292642593384,0.5095040798187256,0.04592742398381233,0.3954373300075531,0.5616620182991028,-0.1416291743516922,0.4037797451019287,0.5112015008926392,-0.0076017254032194614,0.4153551161289215,0.5467967391014099,-0.06733058393001556,0.4053313732147217,0.5085326433181763,-0.015018576756119728,0.42144885659217834,0.5461519360542297,-0.07891252636909485,0.4045633375644684,0.5129194855690002,-0.028418416157364845,0.4185600280761719,0.5423538684844971,-0.07852877676486969,0.4048016667366028,0.5166891813278198,-0.015885017812252045,0.4160391688346863,0.5442290306091309,-0.0660238265991211,0.3362334072589874,0.6401572823524475,0.05617786571383476,0.3386172950267792,0.655823290348053,-0.056251149624586105,0.38230398297309875,0.558939516544342,0.11153407394886017,0.38395607471466064,0.5963762998580933,-0.105079784989357,0.4288116991519928,0.5843378305435181,0.18177630007266998,0.41980308294296265,0.6342179179191589,-0.029108140617609024,0.43406039476394653,0.5987702012062073,0.1877516806125641,0.4227500557899475,0.648924708366394,-0.023645559325814247,0.4398426413536072,0.5415171980857849,0.1737516075372696,0.43677276372909546,0.6131042242050171,-0.05690666288137436
0305,./images/155/frame_00305.jpg,Warning,0.36525723338127136,0.5097676515579224,-0.052067745476961136,0.3636493980884552,0.49972105026245117,-0.05212605744600296,0.3627520799636841,0.4988638162612915,-0.05217336490750313,0.36198297142982483,0.4981670081615448,-0.05221019312739372,0.36429888010025024,0.5020475387573242,-0.0685918778181076,0.36400315165519714,0.5026123523712158,-0.06859223544597626,0.3637678027153015,0.503211259841919,-0.06858497112989426,0.35579514503479004,0.49951785802841187,-0.037286438047885895,0.3591005504131317,0.5060640573501587,-0.11221595853567123,0.3622654676437378,0.5157808661460876,-0.04314187914133072,0.3628827929496765,0.5175686478614807,-0.06490597128868103,0.3460652232170105,0.5254638195037842,0.008350027725100517,0.35269615054130554,0.5487256646156311,-0.1408976912498474,0.38059595227241516,0.5191987752914429,0.019721800461411476,0.3954164385795593,0.5660585761070251,-0.135919451713562,0.4121089577674866,0.5293846726417542,-0.04715555161237717,0.4180586338043213,0.5513195991516113,-0.06713514775037766,0.4232393205165863,0.5264151096343994,-0.05573408678174019,0.4244539141654968,0.5499287843704224,-0.08031933009624481,0.4226396977901459,0.5330210328102112,-0.07285451143980026,0.4228721261024475,0.5451919436454773,-0.07817739248275757,0.4192936420440674,0.5382093787193298,-0.056968290358781815,0.4200199246406555,0.5476695895195007,-0.0653834119439125,0.33558908104896545,0.6405757069587708,0.05565416067838669,0.3395386338233948,0.6608093976974487,-0.05574154108762741,0.37872955203056335,0.5713046789169312,0.1252560317516327,0.38572558760643005,0.5980405807495117,-0.09525542706251144,0.4230519235134125,0.6136693358421326,0.20773641765117645,0.41421881318092346,0.6409876346588135,-0.0023892205208539963,0.42445677518844604,0.6307322382926941,0.21561773121356964,0.4181371331214905,0.655176043510437,0.005725269205868244,0.43725815415382385,0.5762182474136353,0.2046479880809784,0.433443158864975,0.6190974116325378,-0.017619717866182327
0306,./images/155/frame_00306.jpg,Warning,0.3603288531303406,0.514369010925293,-0.05037979036569595,0.35871514678001404,0.5027288794517517,-0.05031277611851692,0.35770338773727417,0.501861572265625,-0.05035749822854996,0.3567994236946106,0.5012425184249878,-0.05040312930941582,0.3596265912055969,0.504938006401062,-0.06764235347509384,0.3594253659248352,0.5055802464485168,-0.06764454394578934,0.3592832684516907,0.5064934492111206,-0.0676441639661789,0.3511010408401489,0.5040122866630554,-0.03567464277148247,0.3555477261543274,0.5095478892326355,-0.114435113966465,0.3568805158138275,0.520103394985199,-0.041440147906541824,0.35789209604263306,0.5223088264465332,-0.06430211663246155,0.3391301929950714,0.5316387414932251,0.01201337855309248,0.35101407766342163,0.5583900213241577,-0.1453123837709427,0.37461161613464355,0.5326653122901917,0.04314010590314865,0.39129504561424255,0.576953113079071,-0.15132522583007812,0.4106363356113434,0.5374183058738708,0.0006816344684921205,0.41830021142959595,0.555055558681488,-0.09859213978052139,0.4194726347923279,0.534970760345459,-0.0035191220231354237,0.42568129301071167,0.5518782138824463,-0.1156323105096817,0.42140159010887146,0.5383412837982178,-0.021046752110123634,0.4226754605770111,0.5462539196014404,-0.11229787021875381,0.41802066564559937,0.5395167469978333,-0.00848337821662426,0.4192635416984558,0.5468825101852417,-0.0970533937215805,0.33438533544540405,0.6466980576515198,0.055510152131319046,0.3398098349571228,0.6637572646141052,-0.055607158690690994,0.37703508138656616,0.586591362953186,0.12265540659427643,0.38531118631362915,0.6036510467529297,-0.08502069860696793,0.416765034198761,0.6362630128860474,0.20895521342754364,0.4118981957435608,0.652616024017334,0.025904586538672447,0.4218948483467102,0.6521478295326233,0.2174447774887085,0.41543737053871155,0.6647999286651611,0.036834716796875,0.4355885088443756,0.6156713366508484,0.20860116183757782,0.43121132254600525,0.6371427178382874,0.024875152856111526
0307,./images/155/frame_00307.jpg,Warning,0.3613455891609192,0.5231680870056152,-0.18844085931777954,0.360428124666214,0.5121759176254272,-0.18415769934654236,0.3596561551094055,0.5099750757217407,-0.1842065304517746,0.35899433493614197,0.5085439085960388,-0.18428882956504822,0.3595898151397705,0.5144764184951782,-0.2032553255558014,0.3587401807308197,0.5146360993385315,-0.2032746970653534,0.3579117953777313,0.5148823857307434,-0.20327472686767578,0.35179367661476135,0.5088497996330261,-0.14062979817390442,0.3522167503833771,0.5155749320983887,-0.22759313881397247,0.35854363441467285,0.5272699594497681,-0.16791139543056488,0.3576660752296448,0.5295474529266357,-0.19325293600559235,0.3424604833126068,0.5314573645591736,-0.07378329336643219,0.3414310812950134,0.5637217164039612,-0.22773802280426025,0.3783038258552551,0.5428236126899719,-0.04014088585972786,0.38005977869033813,0.5889378190040588,-0.2594859302043915,0.40961918234825134,0.5392208099365234,-0.09210342168807983,0.41802507638931274,0.5683774948120117,-0.26520973443984985,0.41814500093460083,0.5356712341308594,-0.1022074967622757,0.4244546890258789,0.5590043663978577,-0.29590195417404175,0.4212285876274109,0.5359662175178528,-0.1244967132806778,0.4220355451107025,0.5509933233261108,-0.29358989000320435,0.4172275960445404,0.5398051142692566,-0.10335608571767807,0.4193453788757324,0.5513249039649963,-0.2659505009651184,0.3352978825569153,0.6366344094276428,0.051901720464229584,0.3379979431629181,0.6604540348052979,-0.05193237587809563,0.3805299401283264,0.5969136357307434,0.0742710679769516,0.38189607858657837,0.6199024319648743,-0.10364536195993423,0.4149564206600189,0.6447552442550659,0.16990096867084503,0.4107561707496643,0.6580805778503418,0.023447949439287186,0.4192158579826355,0.6579659581184387,0.17802543938159943,0.41345930099487305,0.6669074892997742,0.036288030445575714,0.4315820336341858,0.6305169463157654,0.15967680513858795,0.42974621057510376,0.6438602805137634,0.013899117708206177
0308,./images/155/frame_00308.jpg,Warning,0.35821717977523804,0.5162522792816162,-0.20037870109081268,0.35657212138175964,0.5054221749305725,-0.19612708687782288,0.3562449812889099,0.5036702752113342,-0.19617728888988495,0.35586389899253845,0.5025821328163147,-0.19626012444496155,0.35581865906715393,0.5084946751594543,-0.21349839866161346,0.35512062907218933,0.5094231963157654,-0.21352732181549072,0.3544376492500305,0.5103275775909424,-0.21351948380470276,0.35010385513305664,0.505946159362793,-0.15355263650417328,0.3500328063964844,0.514513373374939,-0.23252570629119873,0.3564186692237854,0.5223540663719177,-0.1806599199771881,0.35508856177330017,0.5260895490646362,-0.20367379486560822,0.34340012073516846,0.5277248024940491,-0.0860736072063446,0.3413081765174866,0.5708202123641968,-0.22655129432678223,0.3759647309780121,0.5433946251869202,-0.058213524520397186,0.3786051869392395,0.6000980734825134,-0.2283344268798828,0.4073156714439392,0.539192795753479,-0.11971980333328247,0.41665902733802795,0.5809215307235718,-0.20917364954948425,0.41476911306381226,0.5354760885238647,-0.13282985985279083,0.42196422815322876,0.5705515742301941,-0.23544275760650635,0.41979652643203735,0.5378198623657227,-0.15572699904441833,0.41988325119018555,0.5612002015113831,-0.23694320023059845,0.4143660068511963,0.5394904017448425,-0.1315627098083496,0.4164155125617981,0.5599512457847595,-0.21080176532268524,0.3370434641838074,0.6313637495040894,0.050241462886333466,0.3371095061302185,0.6584734916687012,-0.05025599151849747,0.38071852922439575,0.5829302668571472,0.07777287811040878,0.38084548711776733,0.610304057598114,-0.09225650876760483,0.4043692648410797,0.6361356973648071,0.18829262256622314,0.40832287073135376,0.6547521352767944,0.05643578618764877,0.4054532051086426,0.6495391726493835,0.19866281747817993,0.4107065796852112,0.664444625377655,0.07061561197042465,0.41930824518203735,0.6276940107345581,0.1751026064157486,0.4242885708808899,0.644072413444519,0.04463682323694229
0309,./images/155/frame_00309.jpg,Fall,0.3551948666572571,0.5142679214477539,-0.14637745916843414,0.3535507321357727,0.5037590265274048,-0.14399908483028412,0.3530917763710022,0.5024273991584778,-0.14405933022499084,0.35258030891418457,0.5013166666030884,-0.14413048326969147,0.35352563858032227,0.5080219507217407,-0.15978826582431793,0.35311537981033325,0.5093198418617249,-0.15982350707054138,0.3526941239833832,0.5105553269386292,-0.15983369946479797,0.34640052914619446,0.504707396030426,-0.1134602278470993,0.34877893328666687,0.5164063572883606,-0.18497110903263092,0.35307106375694275,0.5208069086074829,-0.13156573474407196,0.35254719853401184,0.5249902009963989,-0.15245941281318665,0.33461013436317444,0.5306450128555298,-0.051895737648010254,0.34293845295906067,0.5734221935272217,-0.1869833618402481,0.36673033237457275,0.5479311347007751,-0.010449519380927086,0.3783721327781677,0.6036580204963684,-0.1672762632369995,0.3982517421245575,0.5444937348365784,-0.05615175515413284,0.41342097520828247,0.5824164748191833,-0.10344897210597992,0.4058592915534973,0.5419958233833313,-0.0644657239317894,0.42106643319129944,0.5781363248825073,-0.12047793716192245,0.4075790345668793,0.54146409034729,-0.08649924397468567,0.4182160496711731,0.5619969964027405,-0.12477650493383408,0.4026277959346771,0.545447051525116,-0.06682053208351135,0.41424840688705444,0.5641980767250061,-0.10472053289413452,0.33633387088775635,0.630537211894989,0.05005472153425217,0.33750274777412415,0.6583711504936218,-0.05007757991552353,0.38012608885765076,0.5749998092651367,0.07852555811405182,0.38173967599868774,0.610167384147644,-0.09057599306106567,0.40665292739868164,0.6320869326591492,0.18213549256324768,0.40836840867996216,0.6519309878349304,0.04891064018011093,0.4075551927089691,0.6451879143714905,0.19137033820152283,0.4104689955711365,0.6618950963020325,0.06255993247032166,0.42188936471939087,0.6214924454689026,0.17186497151851654,0.4243202209472656,0.6425088047981262,0.04390967637300491
0310,./images/155/frame_00310.jpg,Fall,0.35336875915527344,0.512300968170166,-0.17439690232276917,0.3509088456630707,0.5017744898796082,-0.17023439705371857,0.3505288064479828,0.5006029605865479,-0.1702907681465149,0.35009461641311646,0.4995308816432953,-0.17035308480262756,0.3504551351070404,0.505477249622345,-0.1866523176431656,0.34979772567749023,0.5066611170768738,-0.18669980764389038,0.34910595417022705,0.5078338384628296,-0.18670812249183655,0.3438148498535156,0.5034824013710022,-0.12935303151607513,0.3439803719520569,0.5138691663742065,-0.2039099633693695,0.35185590386390686,0.5195521712303162,-0.1557508409023285,0.3509428799152374,0.5235236287117004,-0.17747312784194946,0.33496469259262085,0.5266772508621216,-0.06314696371555328,0.3397745192050934,0.572317898273468,-0.1974106729030609,0.363913893699646,0.5468813180923462,-0.03524782881140709,0.3769815266132355,0.6022952795028687,-0.16744640469551086,0.38661307096481323,0.5528697967529297,-0.1026284247636795,0.4065931737422943,0.5734538435935974,-0.09809620678424835,0.39459460973739624,0.5600680708885193,-0.11498154699802399,0.4150458872318268,0.5693956613540649,-0.11289415508508682,0.39400893449783325,0.5550463795661926,-0.13513949513435364,0.41128286719322205,0.5572541356086731,-0.11685583740472794,0.3901287913322449,0.5549267530441284,-0.11295118182897568,0.4077969193458557,0.5592617392539978,-0.09855706244707108,0.33702436089515686,0.6221692562103271,0.049278922379016876,0.3371656537055969,0.658776044845581,-0.04928084462881088,0.3789977431297302,0.5664750337600708,0.07810899615287781,0.3812340497970581,0.6097210049629211,-0.1017921194434166,0.40728655457496643,0.6246806383132935,0.1769336760044098,0.40828508138656616,0.6517286896705627,0.045612458139657974,0.40998172760009766,0.6396034955978394,0.18645833432674408,0.41042008996009827,0.6609240770339966,0.06076697260141373,0.42609071731567383,0.613836407661438,0.16766051948070526,0.4243626594543457,0.6416965126991272,0.04513002559542656
0311,./images/155/frame_00311.jpg,Fall,0.34928423166275024,0.5085682272911072,-0.1784525364637375,0.34651416540145874,0.5006269812583923,-0.17157039046287537,0.3461831510066986,0.5001094341278076,-0.17161865532398224,0.34580203890800476,0.49927452206611633,-0.1716848611831665,0.34600311517715454,0.5049111843109131,-0.1898205727338791,0.3453366160392761,0.5060465335845947,-0.1898641437292099,0.34462422132492065,0.5064128041267395,-0.18988202512264252,0.33995816111564636,0.5009961724281311,-0.12284348160028458,0.339397668838501,0.5098481774330139,-0.20552870631217957,0.3482509255409241,0.5186160802841187,-0.15718694031238556,0.34708258509635925,0.5209091305732727,-0.18124733865261078,0.3342692255973816,0.525187611579895,-0.052545078098773956,0.33577269315719604,0.5678387880325317,-0.20132574439048767,0.3606380820274353,0.5538549423217773,-0.010025233030319214,0.3715271055698395,0.6043097376823425,-0.1820136308670044,0.3865663409233093,0.5519042611122131,-0.059822726994752884,0.4033513069152832,0.584889829158783,-0.1316385567188263,0.39519748091697693,0.5569381713867188,-0.06867633759975433,0.4120195806026459,0.5844836235046387,-0.14996494352817535,0.39620092511177063,0.5564988851547241,-0.0901554748415947,0.40955600142478943,0.5721414685249329,-0.15455812215805054,0.39365625381469727,0.5601082444190979,-0.07052288949489594,0.4061222970485687,0.5727183222770691,-0.13304844498634338,0.33698219060897827,0.6238898634910583,0.04953259602189064,0.3355810046195984,0.6573130488395691,-0.04954772815108299,0.37561261653900146,0.5661863684654236,0.07732721418142319,0.3759201169013977,0.599777340888977,-0.10233868658542633,0.4012916088104248,0.6245397925376892,0.1797342449426651,0.4009336829185486,0.6464704871177673,0.04800904914736748,0.40258583426475525,0.6391602158546448,0.1897982656955719,0.4030221104621887,0.657776951789856,0.06354302912950516,0.4185996651649475,0.6144022345542908,0.17309801280498505,0.4204618036746979,0.6413528919219971,0.04981252923607826
0312,./images/155/frame_00312.jpg,Fall,0.3468548655509949,0.507111132144928,-0.17138174176216125,0.3438403606414795,0.4995594918727875,-0.16359779238700867,0.34352198243141174,0.4994230568408966,-0.16364124417304993,0.3431382477283478,0.49880892038345337,-0.16370825469493866,0.3431679606437683,0.5042765140533447,-0.1821114867925644,0.34238430857658386,0.5052960515022278,-0.18215471506118774,0.34148499369621277,0.5045688152313232,-0.182188481092453,0.3366599678993225,0.49986809492111206,-0.11369544267654419,0.33548033237457275,0.5091065168380737,-0.19684593379497528,0.34601274132728577,0.5168281197547913,-0.1500774323940277,0.34463584423065186,0.5191434025764465,-0.1742945909500122,0.33063748478889465,0.5247682929039001,-0.04006430506706238,0.3331688940525055,0.5712138414382935,-0.19937476515769958,0.3559579849243164,0.5592712759971619,0.021291552111506462,0.36842793226242065,0.6197436451911926,-0.18881921470165253,0.37714165449142456,0.5622451305389404,0.005607594735920429,0.40433087944984436,0.6175193190574646,-0.15599867701530457,0.38112664222717285,0.5657278895378113,0.0037769165355712175,0.4134224057197571,0.6226852536201477,-0.17622926831245422,0.3808782994747162,0.5607869625091553,-0.018012018874287605,0.41243451833724976,0.6098244786262512,-0.17956025898456573,0.38040462136268616,0.5662468671798706,-0.0038481862284243107,0.4090060293674469,0.6080371141433716,-0.15718670189380646,0.3370298147201538,0.6209307312965393,0.05009004473686218,0.33490806818008423,0.6576076745986938,-0.05010414123535156,0.37423402070999146,0.5465613007545471,0.050922684371471405,0.37586960196495056,0.5997835993766785,-0.11221922934055328,0.39953547716140747,0.6131390929222107,0.14307530224323273,0.4017506539821625,0.6485164761543274,0.031727828085422516,0.40024763345718384,0.6296296119689941,0.1523425430059433,0.4020501673221588,0.66131991147995,0.04539965093135834,0.4183192253112793,0.6080933809280396,0.13889272511005402,0.4212440550327301,0.6488087177276611,0.03256889805197716
0313,./images/155/frame_00313.jpg,Fall,0.3419554829597473,0.5029288530349731,-0.16173715889453888,0.3385736346244812,0.4958260953426361,-0.15546342730522156,0.3382072150707245,0.49574097990989685,-0.15550433099269867,0.33779630064964294,0.4952792227268219,-0.15556588768959045,0.33824336528778076,0.5002858638763428,-0.17256326973438263,0.3376717269420624,0.502034068107605,-0.17262519896030426,0.3370541036128998,0.5025085210800171,-0.17265917360782623,0.3322066366672516,0.49915432929992676,-0.11050458252429962,0.33233341574668884,0.5078746676445007,-0.18749280273914337,0.34164661169052124,0.5140203833580017,-0.14237913489341736,0.34066420793533325,0.5179105401039124,-0.16473570466041565,0.3253825306892395,0.5251320600509644,-0.03435426577925682,0.3343985676765442,0.5700032114982605,-0.19149696826934814,0.3496129810810089,0.5614273548126221,0.03930649533867836,0.3684101104736328,0.6171866059303284,-0.16004900634288788,0.3769836127758026,0.5676266551017761,0.03842368349432945,0.39949432015419006,0.609157919883728,-0.09144522994756699,0.3822881579399109,0.5675393342971802,0.03883105888962746,0.4076196253299713,0.6128033399581909,-0.10459774732589722,0.3833776116371155,0.5667483806610107,0.01687205396592617,0.40674203634262085,0.6016615629196167,-0.11055499315261841,0.3818405568599701,0.5699831247329712,0.029180357232689857,0.4036446213722229,0.6004458665847778,-0.09249185025691986,0.335236132144928,0.6252176761627197,0.050785552710294724,0.33533602952957153,0.6580291390419006,-0.05072643607854843,0.3694345951080322,0.5520526170730591,0.05698308348655701,0.37631726264953613,0.5924018621444702,-0.105644091963768,0.400255024433136,0.6135003566741943,0.145215705037117,0.4015161991119385,0.6483860015869141,0.030354872345924377,0.40216684341430664,0.6298136115074158,0.15374790132045746,0.40268784761428833,0.6643927097320557,0.04333999380469322,0.41864675283432007,0.6069108843803406,0.13818982243537903,0.42134419083595276,0.6475932002067566,0.026442289352416992
0314,./images/155/frame_00314.jpg,Fall,0.3379027247428894,0.5022367835044861,-0.17159627377986908,0.3345854878425598,0.4954739809036255,-0.16521219909191132,0.3342587947845459,0.4951002299785614,-0.16526219248771667,0.3338921070098877,0.49451056122779846,-0.16532579064369202,0.3340867757797241,0.5001059770584106,-0.18207377195358276,0.3334405720233917,0.5014079809188843,-0.1821337640285492,0.33279329538345337,0.5018049478530884,-0.18216176331043243,0.32811227440834045,0.4986778795719147,-0.11847491562366486,0.32803258299827576,0.5079533457756042,-0.19444528222084045,0.33829423785209656,0.5137673616409302,-0.15140284597873688,0.33713752031326294,0.5173125267028809,-0.17353802919387817,0.3230191469192505,0.5250161290168762,-0.04277529567480087,0.3299843370914459,0.5699780583381653,-0.19293947517871857,0.3501228094100952,0.555573582649231,0.03113355115056038,0.36700960993766785,0.609575629234314,-0.16154247522354126,0.3772802948951721,0.5655995607376099,0.005594442132860422,0.3976074159145355,0.5965051054954529,-0.09614182263612747,0.3830920159816742,0.5642765164375305,0.001053595682606101,0.4061029851436615,0.5975395441055298,-0.11010891199111938,0.3839797079563141,0.5636119246482849,-0.01569419354200363,0.40391263365745544,0.5884876251220703,-0.11492476612329483,0.38214272260665894,0.5666701793670654,-0.0030883762519806623,0.40057411789894104,0.5877195000648499,-0.0968249961733818,0.33308491110801697,0.6219794154167175,0.050312768667936325,0.3349487781524658,0.6573287844657898,-0.050225406885147095,0.3675721287727356,0.5557190179824829,0.06151125580072403,0.3757787346839905,0.5934118032455444,-0.09988400340080261,0.4020075798034668,0.6179502010345459,0.14961668848991394,0.40167465806007385,0.6481584906578064,0.03057173453271389,0.4032396376132965,0.6350123286247253,0.15802177786827087,0.4035962224006653,0.6632698178291321,0.04347064346075058,0.4197297692298889,0.6108694076538086,0.14003753662109375,0.4255061149597168,0.6465078592300415,0.02538182958960533
0315,./images/155/frame_00315.jpg,Fall,0.3333113491535187,0.5011692643165588,-0.2105022370815277,0.329780250787735,0.4948089122772217,-0.20365779101848602,0.3293735086917877,0.4945942461490631,-0.20369377732276917,0.3287937343120575,0.49414435029029846,-0.20376725494861603,0.32978305220603943,0.4996162950992584,-0.2200430929660797,0.3292964696884155,0.5013394355773926,-0.22010096907615662,0.3288816511631012,0.5014140009880066,-0.22015734016895294,0.32323870062828064,0.49913880228996277,-0.1530808061361313,0.3247906565666199,0.5078660249710083,-0.22655732929706573,0.33342498540878296,0.512758195400238,-0.18907274305820465,0.33287671208381653,0.5170032382011414,-0.21055808663368225,0.316950261592865,0.5294428467750549,-0.06426546722650528,0.3303966522216797,0.5741020441055298,-0.22361131012439728,0.3436266779899597,0.5620464086532593,0.038758743554353714,0.36633172631263733,0.6203451156616211,-0.20473015308380127,0.3686937689781189,0.5679908394813538,0.07655919343233109,0.4009009301662445,0.6159114241600037,-0.16887040436267853,0.3727334141731262,0.567720353603363,0.08442223072052002,0.4095616936683655,0.6212778091430664,-0.18899498879909515,0.37488552927970886,0.5673456192016602,0.06047787517309189,0.40756553411483765,0.6098448634147644,-0.19457252323627472,0.3739165663719177,0.5695882439613342,0.06842156499624252,0.40425387024879456,0.6074638962745667,-0.17078173160552979,0.3306106925010681,0.619569718837738,0.05033827945590019,0.33424222469329834,0.6562512516975403,-0.050267212092876434,0.3639310598373413,0.549102783203125,0.03164488822221756,0.376233845949173,0.5918045043945312,-0.11852135509252548,0.3985517621040344,0.6059035062789917,0.13478147983551025,0.3981136679649353,0.6503267884254456,0.029652897268533707,0.4016752243041992,0.6208575963973999,0.14467337727546692,0.39828193187713623,0.6629526615142822,0.04435383528470993,0.41155895590782166,0.5924798846244812,0.12399922311306,0.4172603487968445,0.6545572876930237,0.024985048919916153
0316,./images/155/frame_00316.jpg,Fall,0.3321625590324402,0.5011998414993286,-0.23244595527648926,0.3282622992992401,0.4947058856487274,-0.22619183361530304,0.32776594161987305,0.4943855404853821,-0.22623100876808167,0.3272189497947693,0.4938757121562958,-0.22631263732910156,0.3286600708961487,0.4991939067840576,-0.24229399859905243,0.3284410536289215,0.5009174942970276,-0.24235673248767853,0.3282383978366852,0.5018059015274048,-0.2424013316631317,0.32153084874153137,0.4998646676540375,-0.17642974853515625,0.32511967420578003,0.5110051035881042,-0.2486826628446579,0.332161009311676,0.5123497843742371,-0.21097388863563538,0.33211931586265564,0.5168110132217407,-0.23211750388145447,0.3139168322086334,0.5299848318099976,-0.08744081854820251,0.33225011825561523,0.5808930397033691,-0.2377273142337799,0.3416793942451477,0.557828962802887,0.011698989197611809,0.36823564767837524,0.6141782402992249,-0.2195221483707428,0.36937564611434937,0.5627816319465637,0.04234711080789566,0.3990022838115692,0.6244539618492126,-0.19625045359134674,0.373335063457489,0.5619834065437317,0.046365778893232346,0.4074173867702484,0.6340059041976929,-0.21965333819389343,0.37581443786621094,0.562518298625946,0.021868567913770676,0.4093165993690491,0.6161050796508789,-0.22634673118591309,0.37517961859703064,0.5653923749923706,0.033654503524303436,0.40599408745765686,0.6135700941085815,-0.1992381364107132,0.32923784852027893,0.6178479194641113,0.05045229196548462,0.33454594016075134,0.6565698385238647,-0.05037377402186394,0.3582567870616913,0.5434349775314331,0.03368749842047691,0.3768000602722168,0.5924546122550964,-0.11151893436908722,0.39945295453071594,0.5695005059242249,0.13294720649719238,0.40023237466812134,0.6427233219146729,0.028485238552093506,0.40520888566970825,0.5900353193283081,0.1423390507698059,0.402381032705307,0.6517708897590637,0.04223638027906418,0.41442203521728516,0.5562790632247925,0.1206694096326828,0.41875773668289185,0.641916811466217,0.01715070754289627
0317,./images/155/frame_00317.jpg,Fall,0.3278336822986603,0.5013891458511353,-0.21522895991802216,0.3238028287887573,0.49479636549949646,-0.2092440128326416,0.32335054874420166,0.4943239986896515,-0.20928366482257843,0.32277926802635193,0.4937237501144409,-0.20935960114002228,0.3241700530052185,0.49958229064941406,-0.2250431478023529,0.32398808002471924,0.5016960501670837,-0.22511017322540283,0.3238295316696167,0.5034292340278625,-0.22514578700065613,0.31736698746681213,0.5007495284080505,-0.16086417436599731,0.3215741515159607,0.5140132308006287,-0.23197190463542938,0.3283845782279968,0.5121855735778809,-0.1944737285375595,0.3282706141471863,0.516611635684967,-0.2152889519929886,0.3111127018928528,0.5302071571350098,-0.07454411685466766,0.33090656995773315,0.5810778141021729,-0.22425028681755066,0.3388773798942566,0.5491467714309692,0.022319795563817024,0.3663107454776764,0.6144006252288818,-0.19866764545440674,0.36589568853378296,0.5495839715003967,0.060405779629945755,0.40023207664489746,0.6223344206809998,-0.16036073863506317,0.3688841760158539,0.5480929613113403,0.06463757157325745,0.40915265679359436,0.6235830187797546,-0.17958861589431763,0.3702588379383087,0.5612958073616028,0.041276462376117706,0.40741610527038574,0.5831764936447144,-0.18271073698997498,0.36906078457832336,0.5495010018348694,0.052291326224803925,0.403036504983902,0.5866198539733887,-0.1611081063747406,0.32860106229782104,0.6171448230743408,0.05077988654375076,0.33479660749435425,0.6575413942337036,-0.05067181587219238,0.3598918318748474,0.5422468185424805,0.04328518360853195,0.377139151096344,0.5923594236373901,-0.1096467524766922,0.3989775478839874,0.573591411113739,0.14026419818401337,0.4005247950553894,0.6442214250564575,0.028581906110048294,0.40571680665016174,0.597991943359375,0.14941415190696716,0.4029087424278259,0.653350830078125,0.042069945484399796,0.41505852341651917,0.5642275214195251,0.12967965006828308,0.41957300901412964,0.6419315338134766,0.017341990023851395
0318,./images/155/frame_00318.jpg,Fall,0.32199811935424805,0.5011634230613708,-0.19537509977817535,0.31789150834083557,0.49499350786209106,-0.189703106880188,0.31725794076919556,0.49444377422332764,-0.18974801898002625,0.31657832860946655,0.49386394023895264,-0.18982261419296265,0.3184334635734558,0.4994281232357025,-0.20486342906951904,0.31831008195877075,0.5014311075210571,-0.20492634177207947,0.3182070851325989,0.5031800866127014,-0.2049587517976761,0.3120776116847992,0.5021332502365112,-0.1438981592655182,0.3160399794578552,0.5132109522819519,-0.2138570249080658,0.32271191477775574,0.5113375782966614,-0.175808385014534,0.322959303855896,0.5165549516677856,-0.19563636183738708,0.3087298274040222,0.5324065089225769,-0.06129501387476921,0.3284769654273987,0.5824254155158997,-0.2164653092622757,0.33814969658851624,0.5511704087257385,0.03988802433013916,0.3617873787879944,0.6198481321334839,-0.15129409730434418,0.36590826511383057,0.5452885627746582,0.07420201599597931,0.3908376395702362,0.6090431809425354,-0.07443579286336899,0.3708352744579315,0.5491443872451782,0.07929173111915588,0.3988420367240906,0.6106517314910889,-0.08554204553365707,0.3720678985118866,0.5589735507965088,0.05562453344464302,0.39734145998954773,0.587727427482605,-0.09459822624921799,0.3709287643432617,0.5526992082595825,0.06581038236618042,0.39394626021385193,0.5878491997718811,-0.07643414288759232,0.32896941900253296,0.6174815893173218,0.05002885311841965,0.33497533202171326,0.6574677228927612,-0.04989255219697952,0.35880398750305176,0.5443185567855835,0.02321413904428482,0.37324094772338867,0.5901358723640442,-0.11551997810602188,0.4006173014640808,0.564012885093689,0.10570452362298965,0.4043598175048828,0.644673764705658,0.0060102748684585094,0.41088858246803284,0.5870302319526672,0.11342518031597137,0.40605592727661133,0.653976321220398,0.0180232971906662,0.4162040650844574,0.550512969493866,0.09128518402576447,0.4200769066810608,0.6419597864151001,-0.006693626753985882
0319,./images/155/frame_00319.jpg,Fall,0.31846195459365845,0.5022294521331787,-0.24615749716758728,0.3140467703342438,0.49634993076324463,-0.2405131310224533,0.3134082555770874,0.4958053529262543,-0.24056825041770935,0.3127252161502838,0.4952295422554016,-0.2406615912914276,0.3147739768028259,0.5004920959472656,-0.257203072309494,0.3147381842136383,0.5024698972702026,-0.2572667896747589,0.31483423709869385,0.5044758915901184,-0.25730100274086,0.308516263961792,0.5046170353889465,-0.18998534977436066,0.31304284930229187,0.5149437785148621,-0.2650502324104309,0.319275826215744,0.5116474032402039,-0.2244027853012085,0.3198830783367157,0.5169073343276978,-0.2463403195142746,0.3071227967739105,0.5370234847068787,-0.09709559381008148,0.32503968477249146,0.5808137655258179,-0.24693822860717773,0.3370620906352997,0.5506681799888611,0.007533349096775055,0.362392395734787,0.6145655512809753,-0.20674636960029602,0.3639628291130066,0.5359565615653992,0.043709710240364075,0.3950222134590149,0.5933393836021423,-0.14700523018836975,0.36744460463523865,0.5337492227554321,0.04532932862639427,0.4033697545528412,0.5927470326423645,-0.16531524062156677,0.36934515833854675,0.545281708240509,0.022728493437170982,0.40156835317611694,0.5783460140228271,-0.1747855693101883,0.36855369806289673,0.5457803606987,0.03487715870141983,0.39808207750320435,0.5776757001876831,-0.1499858796596527,0.329240620136261,0.6175245642662048,0.04980050399899483,0.3352525234222412,0.658470094203949,-0.049662984907627106,0.3545401096343994,0.5400356650352478,0.03321228176355362,0.3746151626110077,0.5913811326026917,-0.1114395409822464,0.400653600692749,0.5509438514709473,0.11553088575601578,0.4044991135597229,0.6505019664764404,0.012006876990199089,0.4147880971431732,0.5651658773422241,0.1224733367562294,0.4128733277320862,0.6570993661880493,0.02313876524567604,0.4168165326118469,0.5364513993263245,0.09062959253787994,0.4270349442958832,0.646712064743042,-0.014621132984757423
0320,./images/155/frame_00320.jpg,Fall,0.31424447894096375,0.5047059655189514,-0.21997690200805664,0.30979007482528687,0.49874889850616455,-0.21444597840309143,0.3090578019618988,0.4980967938899994,-0.21449485421180725,0.308334082365036,0.49751532077789307,-0.21458569169044495,0.31083571910858154,0.5026203393936157,-0.23076990246772766,0.3109927773475647,0.5046440362930298,-0.23084068298339844,0.3111979067325592,0.5066523551940918,-0.23087415099143982,0.30458149313926697,0.5075930953025818,-0.16625119745731354,0.3098134696483612,0.5172717571258545,-0.23957118391990662,0.315092533826828,0.5131399631500244,-0.1991712599992752,0.31596678495407104,0.5182730555534363,-0.2206304371356964,0.30355536937713623,0.5404945611953735,-0.07556337118148804,0.3238320052623749,0.5807453393936157,-0.22968828678131104,0.33000507950782776,0.5504997968673706,0.04214263707399368,0.3581134080886841,0.6049322485923767,-0.19065740704536438,0.35554981231689453,0.5370509028434753,0.09664013981819153,0.38308918476104736,0.5794497728347778,-0.09925580769777298,0.35877734422683716,0.5341930389404297,0.10413780063390732,0.39568960666656494,0.5759809017181396,-0.11077066510915756,0.3587074875831604,0.5377655625343323,0.080181784927845,0.393489271402359,0.5648038387298584,-0.11935511976480484,0.3589652180671692,0.5388613939285278,0.08853787928819656,0.3863380551338196,0.5678984522819519,-0.10081601142883301,0.328735888004303,0.6193201541900635,0.05106189101934433,0.33557814359664917,0.65919429063797,-0.05091418698430061,0.3532641530036926,0.5430546402931213,0.04000777006149292,0.37637895345687866,0.5914227366447449,-0.0938941091299057,0.39882728457450867,0.5504772663116455,0.12608681619167328,0.4043310582637787,0.6517325043678284,0.01365640014410019,0.41254401206970215,0.5652579665184021,0.1336870640516281,0.4089653491973877,0.6612968444824219,0.026195788756012917,0.4149852693080902,0.5318050980567932,0.10832955688238144,0.4236072897911072,0.648871123790741,-0.005181768909096718
0321,./images/155/frame_00321.jpg,Fall,0.3104408383369446,0.5060648322105408,-0.23345819115638733,0.30538785457611084,0.5006998181343079,-0.22765040397644043,0.30486372113227844,0.500213086605072,-0.22770993411540985,0.3043169379234314,0.4997164011001587,-0.22779686748981476,0.30584844946861267,0.5042707920074463,-0.24393877387046814,0.30575090646743774,0.5063031315803528,-0.24400916695594788,0.3056900203227997,0.5083482265472412,-0.24404080212116241,0.3012307286262512,0.510237455368042,-0.17806115746498108,0.3040401041507721,0.5196641087532043,-0.25162938237190247,0.3120432496070862,0.5138982534408569,-0.21207885444164276,0.31241437792778015,0.5189298987388611,-0.2335878312587738,0.30223992466926575,0.538027822971344,-0.09532191604375839,0.31828752160072327,0.58144211769104,-0.2328437864780426,0.333649218082428,0.5449416041374207,-0.029468044638633728,0.3576517105102539,0.6072888970375061,-0.18856307864189148,0.3620857298374176,0.5333269834518433,-0.05463062971830368,0.38360515236854553,0.580390989780426,-0.10679338872432709,0.3668183386325836,0.5269978642463684,-0.06075851246714592,0.39194533228874207,0.5788031816482544,-0.11939235776662827,0.36754754185676575,0.5294619202613831,-0.08618418872356415,0.38950300216674805,0.5685109496116638,-0.12642686069011688,0.36670613288879395,0.5338165163993835,-0.06592459976673126,0.38582733273506165,0.5695616602897644,-0.10789509862661362,0.32862746715545654,0.6202511191368103,0.04588593915104866,0.33562594652175903,0.6587924957275391,-0.045737337321043015,0.35492396354675293,0.5446027517318726,0.02864161506295204,0.36883097887039185,0.587952196598053,-0.10002113878726959,0.39951491355895996,0.5499144196510315,0.10890184342861176,0.40563732385635376,0.6492699384689331,0.01163488905876875,0.4147041440010071,0.5671625733375549,0.11548221111297607,0.40970104932785034,0.6602250337600708,0.022241052240133286,0.41464823484420776,0.5280263423919678,0.08375158905982971,0.4205692708492279,0.6483367681503296,-0.014767986722290516
0322,./images/155/frame_00322.jpg,Fall,0.3069264888763428,0.5068901181221008,-0.2418186217546463,0.3012075126171112,0.502650797367096,-0.235770583152771,0.30059903860092163,0.502191424369812,-0.23583340644836426,0.29999393224716187,0.50164395570755,-0.2359350174665451,0.30209261178970337,0.5063502192497253,-0.2516360282897949,0.3021344840526581,0.5085128545761108,-0.2517054080963135,0.30225688219070435,0.5107901096343994,-0.25174278020858765,0.2976246476173401,0.5123765468597412,-0.18448713421821594,0.3012808561325073,0.5234490036964417,-0.2556596100330353,0.3087098002433777,0.5140460729598999,-0.21976692974567413,0.3095475137233734,0.5192239880561829,-0.2405986487865448,0.2994392514228821,0.5367316007614136,-0.09451527893543243,0.319163978099823,0.5878171920776367,-0.23775310814380646,0.3333011865615845,0.5455961227416992,-0.004249869845807552,0.3601389527320862,0.6104298830032349,-0.19574986398220062,0.35862410068511963,0.5352004170417786,-0.02329256758093834,0.38774532079696655,0.5793793797492981,-0.12801270186901093,0.3641256093978882,0.531109631061554,-0.038640834391117096,0.3962133526802063,0.5773993134498596,-0.14318785071372986,0.3647826015949249,0.5339004993438721,-0.048191867768764496,0.3935261368751526,0.5670498609542847,-0.1525646299123764,0.36403515934944153,0.5367778539657593,-0.0347825326025486,0.3899076581001282,0.5672088861465454,-0.13038626313209534,0.3285309076309204,0.6222695708274841,0.046674516052007675,0.33612409234046936,0.658852219581604,-0.04654190316796303,0.3524714410305023,0.5451104044914246,0.027487460523843765,0.3695889115333557,0.5890671014785767,-0.10331730544567108,0.3983252942562103,0.5443324446678162,0.11861393600702286,0.40590986609458923,0.6466860175132751,0.015899693593382835,0.41374868154525757,0.5564095973968506,0.1264137327671051,0.40975069999694824,0.6571133136749268,0.026760447770357132,0.4128238260746002,0.5228801965713501,0.09741974622011185,0.41893959045410156,0.6481463313102722,-0.008252540603280067
0323,./images/155/frame_00323.jpg,Fall,0.3050336539745331,0.5088720321655273,-0.2529605031013489,0.29900258779525757,0.5049094557762146,-0.2464989423751831,0.29837360978126526,0.504307210445404,-0.24656084179878235,0.2977907061576843,0.5037029385566711,-0.24666468799114227,0.3002391457557678,0.5090854167938232,-0.26278162002563477,0.30046698451042175,0.5113875269889832,-0.26284945011138916,0.3007495403289795,0.5138209462165833,-0.2628858685493469,0.2959924340248108,0.5145981311798096,-0.19352668523788452,0.30030161142349243,0.5276999473571777,-0.2667309641838074,0.30672162771224976,0.5150890946388245,-0.23011882603168488,0.30802032351493835,0.5207266211509705,-0.251522421836853,0.29975396394729614,0.5434190630912781,-0.10457984358072281,0.3188212513923645,0.592037558555603,-0.24794752895832062,0.33295708894729614,0.544289767742157,-0.024194341152906418,0.3604011535644531,0.6099743247032166,-0.21475407481193542,0.36236000061035156,0.5315639972686768,-0.03172609955072403,0.3887285590171814,0.565584659576416,-0.16636553406715393,0.36752042174339294,0.5234073400497437,-0.036307740956544876,0.39847978949546814,0.5520544052124023,-0.18777085840702057,0.36817654967308044,0.5250342488288879,-0.0620325431227684,0.3960908353328705,0.5459893345832825,-0.19421623647212982,0.3671018183231354,0.5304027795791626,-0.04272935539484024,0.3922768235206604,0.5495894551277161,-0.16864119470119476,0.328005313873291,0.6282109022140503,0.047010354697704315,0.33762288093566895,0.6593905687332153,-0.0468858927488327,0.3502289652824402,0.5457192063331604,0.03586593642830849,0.36884528398513794,0.585705041885376,-0.09745681285858154,0.39847153425216675,0.5541227459907532,0.16466625034809113,0.4022548198699951,0.6467353105545044,0.06136314943432808,0.4092746376991272,0.5645266175270081,0.1762961447238922,0.41031017899513245,0.6444965600967407,0.07634492218494415,0.4132165312767029,0.5295703411102295,0.14781320095062256,0.4180782735347748,0.6433666348457336,0.04070485755801201
0324,./images/155/frame_00324.jpg,Fall,0.3017193675041199,0.5121798515319824,-0.24414393305778503,0.2951619625091553,0.5076773166656494,-0.24026522040367126,0.29452186822891235,0.5068696737289429,-0.2401861697435379,0.2938677966594696,0.5061490535736084,-0.24029231071472168,0.29636701941490173,0.51203453540802,-0.2537539601325989,0.2965516149997711,0.5141964554786682,-0.25379663705825806,0.2966783940792084,0.5164676904678345,-0.2538870871067047,0.29230114817619324,0.5167365074157715,-0.18454939126968384,0.29602721333503723,0.5300082564353943,-0.2577807307243347,0.30393531918525696,0.5172203779220581,-0.2242889106273651,0.304903507232666,0.5225607752799988,-0.24200353026390076,0.2978132367134094,0.5412864089012146,-0.09002046287059784,0.3139275014400482,0.5927872061729431,-0.23405230045318604,0.33449655771255493,0.543855607509613,-0.03262115269899368,0.3599526584148407,0.6047937870025635,-0.19018281996250153,0.3612923324108124,0.5326230525970459,-0.0842522382736206,0.3783741891384125,0.5524826049804688,-0.12000799179077148,0.36642301082611084,0.5265094041824341,-0.09503663331270218,0.3850964903831482,0.5442566275596619,-0.13573206961154938,0.36604779958724976,0.5285739302635193,-0.11876864731311798,0.3787722587585449,0.5363630056381226,-0.14313219487667084,0.36499544978141785,0.533103346824646,-0.09540261328220367,0.3759624660015106,0.5387187004089355,-0.1216660737991333,0.32829421758651733,0.6277605891227722,0.04709649458527565,0.3376087546348572,0.6594096422195435,-0.046944208443164825,0.35166144371032715,0.5446497797966003,0.037920281291007996,0.37064337730407715,0.5864368677139282,-0.12515944242477417,0.39768776297569275,0.5547746419906616,0.1494860202074051,0.3991435170173645,0.649030327796936,0.005070817656815052,0.4050518870353699,0.5656922459602356,0.15894970297813416,0.40843719244003296,0.6536829471588135,0.017147565260529518,0.4077712595462799,0.5298963189125061,0.132802814245224,0.4172329306602478,0.6486235857009888,-0.01762579195201397
0325,./images/155/frame_00325.jpg,Fall,0.30014321208000183,0.5151993036270142,-0.232273668050766,0.29365915060043335,0.5105389952659607,-0.22571727633476257,0.2930489778518677,0.5095282793045044,-0.22575542330741882,0.29249122738838196,0.5085621476173401,-0.22585323452949524,0.29477304220199585,0.5155933499336243,-0.24346032738685608,0.2948727309703827,0.5179445743560791,-0.24350976943969727,0.29488247632980347,0.5203297734260559,-0.2435545027256012,0.2910744845867157,0.5188747644424438,-0.1731458455324173,0.29437607526779175,0.5350400805473328,-0.25531619787216187,0.3025065064430237,0.5202025175094604,-0.21027067303657532,0.3032059669494629,0.5260202884674072,-0.2335299551486969,0.3004626929759979,0.5446061491966248,-0.0959450751543045,0.3111942410469055,0.5964230298995972,-0.24358293414115906,0.3342643082141876,0.5432085990905762,-0.06933619827032089,0.3550051152706146,0.6047075390815735,-0.24022138118743896,0.3625555634498596,0.5213873982429504,-0.14359530806541443,0.3824685513973236,0.562450647354126,-0.22250893712043762,0.3670453727245331,0.511332094669342,-0.15862417221069336,0.3929215967655182,0.5553582906723022,-0.24874432384967804,0.36707475781440735,0.5103782415390015,-0.1829657405614853,0.3857964873313904,0.5462299585342407,-0.2507404088973999,0.36789199709892273,0.5233099460601807,-0.1560804545879364,0.3831857144832611,0.548769474029541,-0.223928302526474,0.33074215054512024,0.6271679401397705,0.04779742658138275,0.337575763463974,0.6615413427352905,-0.047678522765636444,0.3532351851463318,0.5451750159263611,0.03524722531437874,0.3738694190979004,0.5866377949714661,-0.1275775283575058,0.3956927955150604,0.5732026696205139,0.15417198836803436,0.39954453706741333,0.6517658233642578,0.01247611828148365,0.40034517645835876,0.5835865139961243,0.16494552791118622,0.40445613861083984,0.6616189479827881,0.0251007117331028,0.4097053110599518,0.5563151836395264,0.1388198435306549,0.41765862703323364,0.6521098017692566,-0.007279969751834869
0326,./images/155/frame_00326.jpg,Fall,0.29839205741882324,0.520261824131012,-0.25045326352119446,0.2914887070655823,0.5153083801269531,-0.2432335615158081,0.29094067215919495,0.5141804218292236,-0.24330464005470276,0.2904517650604248,0.5130921006202698,-0.24342072010040283,0.29241159558296204,0.5205286145210266,-0.26185184717178345,0.2924083173274994,0.5228003859519958,-0.2618975043296814,0.29220813512802124,0.525099515914917,-0.26192960143089294,0.28887367248535156,0.5229190587997437,-0.18816319108009338,0.2911622226238251,0.5382066369056702,-0.27164512872695923,0.3012542426586151,0.5253965854644775,-0.22661277651786804,0.301410973072052,0.5310162305831909,-0.2508257031440735,0.3007553815841675,0.5446913838386536,-0.11616519838571548,0.3096248507499695,0.6000534892082214,-0.2560262382030487,0.33530569076538086,0.538999080657959,-0.08767400681972504,0.3525967299938202,0.6047691702842712,-0.2557239830493927,0.3659084439277649,0.5105255842208862,-0.1557466685771942,0.3832012414932251,0.5634273886680603,-0.25231677293777466,0.37352901697158813,0.500849723815918,-0.17169977724552155,0.39326339960098267,0.5526760816574097,-0.2814093232154846,0.37404149770736694,0.49966612458229065,-0.19647999107837677,0.38943323493003845,0.5454360246658325,-0.2838144898414612,0.37331485748291016,0.5061853528022766,-0.16810807585716248,0.3858579993247986,0.5481573343276978,-0.2544247806072235,0.33133500814437866,0.6257942914962769,0.047802601009607315,0.3371230661869049,0.662147581577301,-0.04769239202141762,0.3538208603858948,0.5454839468002319,0.010133599862456322,0.3758767247200012,0.5882447361946106,-0.14769606292247772,0.3920862078666687,0.5876436233520508,0.15379014611244202,0.3996431231498718,0.6516973972320557,0.01224479265511036,0.3942961096763611,0.5988349914550781,0.16708992421627045,0.4016665518283844,0.6620833873748779,0.027233894914388657,0.4092337191104889,0.5815103054046631,0.13984926044940948,0.4177211821079254,0.6532739996910095,-0.0043978639878332615
0327,./images/155/frame_00327.jpg,Fall,0.2986122965812683,0.52452552318573,-0.2751074731349945,0.2919516861438751,0.5202111005783081,-0.2668554484844208,0.29130762815475464,0.5189632773399353,-0.26692989468574524,0.29066091775894165,0.5176292657852173,-0.2670533061027527,0.2926754951477051,0.5255175828933716,-0.2858474850654602,0.29242461919784546,0.52779620885849,-0.2858847677707672,0.2923106551170349,0.5304168462753296,-0.2859090268611908,0.28810301423072815,0.5260657072067261,-0.20651385188102722,0.290231853723526,0.5443782210350037,-0.29131847620010376,0.30133265256881714,0.5292750597000122,-0.24914264678955078,0.3014851212501526,0.5352741479873657,-0.27377253770828247,0.30064213275909424,0.543854296207428,-0.1334267109632492,0.30789461731910706,0.6054704189300537,-0.26962971687316895,0.3348086476325989,0.5364239811897278,-0.10875993967056274,0.352550208568573,0.6071576476097107,-0.281305730342865,0.3675503432750702,0.5029537081718445,-0.1826476752758026,0.38271042704582214,0.565165638923645,-0.2988038659095764,0.3751692473888397,0.49318236112594604,-0.20064106583595276,0.39177218079566956,0.5542453527450562,-0.33270615339279175,0.37627023458480835,0.4931062161922455,-0.2263747751712799,0.38968604803085327,0.5465446710586548,-0.3341129422187805,0.3741520047187805,0.4980146288871765,-0.19555975496768951,0.38591113686561584,0.5494192838668823,-0.30134710669517517,0.33229750394821167,0.6248427033424377,0.047288812696933746,0.33721423149108887,0.6626797318458557,-0.047189000993967056,0.35446327924728394,0.5442081689834595,0.01781272143125534,0.37804096937179565,0.5904625654220581,-0.13852781057357788,0.38919830322265625,0.5895751118659973,0.17343033850193024,0.399336040019989,0.6536821722984314,0.02973240241408348,0.3910214602947235,0.6008744835853577,0.18835370242595673,0.40036100149154663,0.6645358204841614,0.04757269471883774,0.406057208776474,0.5842957496643066,0.16236773133277893,0.41802889108657837,0.6529858708381653,0.01845957711338997
0328,./images/155/frame_00328.jpg,Fall,0.2940747141838074,0.5248311161994934,-0.2843794524669647,0.28749901056289673,0.5208633542060852,-0.2745938301086426,0.28671491146087646,0.5195215344429016,-0.27466142177581787,0.2861892282962799,0.5184355974197388,-0.2747776508331299,0.287901908159256,0.5257042646408081,-0.2949705123901367,0.28774604201316833,0.5281317234039307,-0.2950187623500824,0.2875369191169739,0.5305178761482239,-0.29506590962409973,0.28391286730766296,0.5278447270393372,-0.2100256383419037,0.28597888350486755,0.5448054075241089,-0.30142220854759216,0.29764217138290405,0.530768871307373,-0.2575916051864624,0.29742878675460815,0.5361760258674622,-0.28414779901504517,0.2994607388973236,0.5450136661529541,-0.13087616860866547,0.3024199604988098,0.6059924960136414,-0.28206866979599,0.3344230055809021,0.5406882762908936,-0.08392278850078583,0.3484623432159424,0.6121689081192017,-0.2905089557170868,0.368341326713562,0.5066440105438232,-0.13337258994579315,0.38042551279067993,0.5758566856384277,-0.29934704303741455,0.3752651512622833,0.5020578503608704,-0.14411722123622894,0.3933117687702179,0.5749295353889465,-0.33022579550743103,0.3764524459838867,0.504761815071106,-0.17064394056797028,0.38800668716430664,0.5572679042816162,-0.3323066234588623,0.37466293573379517,0.5078195929527283,-0.14564839005470276,0.3841427266597748,0.5619855523109436,-0.3012469708919525,0.3333829343318939,0.6225390434265137,0.04674317315220833,0.3367299735546112,0.6630286574363708,-0.046652454882860184,0.34883275628089905,0.5275061130523682,-0.0021211602725088596,0.37637239694595337,0.6033879518508911,-0.16431818902492523,0.38484063744544983,0.5424866676330566,0.12478329241275787,0.3992231488227844,0.6556137800216675,-0.008826097473502159,0.3890894949436188,0.5528843998908997,0.13615170121192932,0.40084370970726013,0.6651567220687866,0.006481192074716091,0.396483838558197,0.5274345874786377,0.10410355031490326,0.4163828492164612,0.6554731130599976,-0.03192494809627533
0329,./images/155/frame_00329.jpg,Fall,0.2930276393890381,0.5287627577781677,-0.3113911747932434,0.28607720136642456,0.5245586633682251,-0.30164432525634766,0.28533831238746643,0.5228930115699768,-0.30171555280685425,0.2846633493900299,0.5212370157241821,-0.30184370279312134,0.28714519739151,0.5310753583908081,-0.3192705810070038,0.2869729995727539,0.5338408350944519,-0.31931760907173157,0.2865431308746338,0.5366293787956238,-0.3193528354167938,0.2827055752277374,0.5291987657546997,-0.23290283977985382,0.2847751975059509,0.5523003935813904,-0.3121996223926544,0.2965677082538605,0.5333080887794495,-0.2827766239643097,0.29688018560409546,0.5403754711151123,-0.30577847361564636,0.29863443970680237,0.5442376732826233,-0.15196987986564636,0.30313676595687866,0.6091955900192261,-0.28826260566711426,0.3335621953010559,0.5373851656913757,-0.11510629951953888,0.3452758491039276,0.6144019365310669,-0.30647939443588257,0.3670654892921448,0.5092856287956238,-0.1695290207862854,0.379802405834198,0.5779171586036682,-0.3332456648349762,0.3736543357372284,0.4997102618217468,-0.18277740478515625,0.38924652338027954,0.5743236541748047,-0.3668522238731384,0.3763130009174347,0.4986726939678192,-0.20839378237724304,0.3876698315143585,0.5598503351211548,-0.36832115054130554,0.3735198378562927,0.5047163367271423,-0.18142594397068024,0.38396039605140686,0.5635916590690613,-0.3355470299720764,0.3334709107875824,0.62037193775177,0.045277323573827744,0.33638623356819153,0.6630016565322876,-0.04520025849342346,0.34763041138648987,0.5232653021812439,-0.020366089418530464,0.3764529824256897,0.6069648861885071,-0.1905980259180069,0.3803446590900421,0.5434372425079346,0.12142576277256012,0.39978471398353577,0.6559059023857117,-0.03932974487543106,0.3813703656196594,0.5572596192359924,0.13432061672210693,0.40358224511146545,0.6653822064399719,-0.024424109607934952,0.39223089814186096,0.5304595232009888,0.10328976809978485,0.41646695137023926,0.655354917049408,-0.06636069715023041
0330,./images/155/frame_00330.jpg,Fall,0.29123786091804504,0.5301762819290161,-0.2941924035549164,0.2834095358848572,0.52705317735672,-0.28669407963752747,0.28235772252082825,0.5254354476928711,-0.28675803542137146,0.28137069940567017,0.523717999458313,-0.2868782877922058,0.2854458689689636,0.5336178541183472,-0.3031827211380005,0.28545793890953064,0.5362830758094788,-0.30322757363319397,0.2858254909515381,0.5393854975700378,-0.30327287316322327,0.28014177083969116,0.5333077907562256,-0.2273443192243576,0.2836452126502991,0.5548714399337769,-0.30111393332481384,0.2939718961715698,0.5345011353492737,-0.26877617835998535,0.29509037733078003,0.541513979434967,-0.2903500199317932,0.2935004234313965,0.5451140999794006,-0.1472858190536499,0.30511167645454407,0.6124776005744934,-0.2722446024417877,0.3292253911495209,0.5404156446456909,-0.08384199440479279,0.34878814220428467,0.6286781430244446,-0.2675880789756775,0.3648415207862854,0.5133010149002075,-0.13801386952400208,0.38079530000686646,0.583427906036377,-0.26541703939437866,0.37058156728744507,0.5054184198379517,-0.16927726566791534,0.3899346590042114,0.5784081220626831,-0.29303261637687683,0.37390393018722534,0.5050367712974548,-0.175102099776268,0.3883856236934662,0.5651848316192627,-0.29825007915496826,0.37213391065597534,0.5107294917106628,-0.15272191166877747,0.38475534319877625,0.5664756298065186,-0.2683422267436981,0.3296003043651581,0.618313729763031,0.042341601103544235,0.3355712890625,0.6629355549812317,-0.042248889803886414,0.3418688178062439,0.5258163213729858,0.0025297128595411777,0.3778873383998871,0.6039150953292847,-0.10191909968852997,0.3802902102470398,0.5314986705780029,0.12962017953395844,0.4012659192085266,0.6556464433670044,0.05363843962550163,0.38486894965171814,0.5423586368560791,0.14134225249290466,0.4042019844055176,0.6667572259902954,0.0689227283000946,0.38942620158195496,0.5060033798217773,0.11282789707183838,0.4168907701969147,0.6548494696617126,0.034799523651599884
0331,./images/155/frame_00331.jpg,Fall,0.2894875407218933,0.5328157544136047,-0.35481035709381104,0.28242743015289307,0.5305054783821106,-0.34657618403434753,0.2813345193862915,0.5288921594619751,-0.34664037823677063,0.2804255187511444,0.5274001359939575,-0.34678956866264343,0.2834241986274719,0.5364300608634949,-0.3631758391857147,0.283484548330307,0.5394502282142639,-0.3632156550884247,0.28344637155532837,0.5424309372901917,-0.3632546365261078,0.27899259328842163,0.5346472263336182,-0.2751740515232086,0.2812247574329376,0.559804379940033,-0.3488052785396576,0.29288095235824585,0.5370010137557983,-0.3233935236930847,0.2936668395996094,0.5434544682502747,-0.3449992537498474,0.2919069528579712,0.5447140336036682,-0.18228720128536224,0.3034818768501282,0.6161995530128479,-0.3054247796535492,0.32909950613975525,0.5321111679077148,-0.11205413192510605,0.34913355112075806,0.6243249773979187,-0.30684176087379456,0.3634621798992157,0.49699339270591736,-0.13428355753421783,0.38157886266708374,0.587489664554596,-0.335889995098114,0.36998870968818665,0.48812225461006165,-0.14775146543979645,0.39115121960639954,0.5813672542572021,-0.3713962733745575,0.37243369221687317,0.48784467577934265,-0.1721704602241516,0.38904350996017456,0.5659584999084473,-0.3775915503501892,0.37013891339302063,0.49272093176841736,-0.14541032910346985,0.3852718472480774,0.5697640180587769,-0.34024578332901,0.329595148563385,0.6176133751869202,0.04286576434969902,0.33554619550704956,0.6639798283576965,-0.042783647775650024,0.3440620005130768,0.5453794002532959,0.1025930866599083,0.385806143283844,0.6070431470870972,-0.05906185507774353,0.37933504581451416,0.5628108382225037,0.30134761333465576,0.40196728706359863,0.6555527448654175,0.13033923506736755,0.3793065547943115,0.5745893120765686,0.32103803753852844,0.4040866494178772,0.6679739952087402,0.14976973831653595,0.3907506763935089,0.5376410484313965,0.30376118421554565,0.4186304211616516,0.6545708179473877,0.11477716267108917
0332,./images/155/frame_00332.jpg,Fall,0.2874896228313446,0.5331577062606812,-0.32560843229293823,0.28079041838645935,0.5313521027565002,-0.3186013996601105,0.27964311838150024,0.5302978157997131,-0.31865769624710083,0.27848020195961,0.5290871262550354,-0.3188011646270752,0.2820729613304138,0.5366055965423584,-0.3349738121032715,0.28208398818969727,0.5393220782279968,-0.3350165784358978,0.28200462460517883,0.5420066118240356,-0.3350490927696228,0.27616608142852783,0.538806676864624,-0.2575715482234955,0.27971404790878296,0.5586483478546143,-0.33001071214675903,0.29056432843208313,0.5374341011047363,-0.2982945740222931,0.29150307178497314,0.5432066321372986,-0.31953123211860657,0.2894706726074219,0.5475630164146423,-0.17929556965827942,0.3045959174633026,0.6216479539871216,-0.2897859811782837,0.32738688588142395,0.5301419496536255,-0.11317616701126099,0.3518255352973938,0.6362197995185852,-0.28877317905426025,0.3617843985557556,0.4918487071990967,-0.13309729099273682,0.39333194494247437,0.6073627471923828,-0.3118429481983185,0.3688663840293884,0.4806927442550659,-0.14667320251464844,0.40296855568885803,0.6060144305229187,-0.3455120325088501,0.3712107539176941,0.4807485342025757,-0.17087844014167786,0.39946672320365906,0.5918633937835693,-0.3527010381221771,0.3690628707408905,0.48653972148895264,-0.14377565681934357,0.39577633142471313,0.59083491563797,-0.3168829381465912,0.3297472596168518,0.6182725429534912,0.035064954310655594,0.34021392464637756,0.6697621941566467,-0.035029590129852295,0.3460990786552429,0.5513902902603149,0.09341125935316086,0.3844637870788574,0.6083175539970398,0.05634014680981636,0.3815150856971741,0.5669602751731873,0.2694254219532013,0.40316781401634216,0.6553577184677124,0.25991934537887573,0.3838355243206024,0.5772439241409302,0.2876346707344055,0.4049765169620514,0.6677529215812683,0.28022387623786926,0.39426761865615845,0.5391314029693604,0.27112066745758057,0.42057156562805176,0.6483369469642639,0.25332334637641907
0333,./images/155/frame_00333.jpg,Fall,0.2878851890563965,0.5365405082702637,-0.3426641523838043,0.2812485992908478,0.5356306433677673,-0.3332352638244629,0.28018346428871155,0.5346577763557434,-0.3333134055137634,0.2789313793182373,0.5333366990089417,-0.33346840739250183,0.2826012969017029,0.5408706068992615,-0.350303053855896,0.2825355529785156,0.5436522960662842,-0.35034170746803284,0.2825008034706116,0.546658992767334,-0.3503722548484802,0.2764355540275574,0.5424641370773315,-0.26237836480140686,0.280653178691864,0.5626634359359741,-0.3378690481185913,0.2908654808998108,0.5398165583610535,-0.3120863437652588,0.29183444380760193,0.5460337996482849,-0.3341691195964813,0.2898613512516022,0.5477537512779236,-0.17630185186862946,0.30480003356933594,0.6230584979057312,-0.29639488458633423,0.32617607712745667,0.5294508337974548,-0.11512007564306259,0.3503009080886841,0.630463719367981,-0.2996864914894104,0.35905733704566956,0.49145761132240295,-0.14705941081047058,0.38371872901916504,0.5933548212051392,-0.3284919559955597,0.36689096689224243,0.47990185022354126,-0.16082718968391418,0.39357641339302063,0.5893911719322205,-0.36324331164360046,0.36906498670578003,0.47974926233291626,-0.18660923838615417,0.3903406858444214,0.5854455232620239,-0.36889728903770447,0.36611664295196533,0.48602595925331116,-0.15813292562961578,0.38650572299957275,0.5859400033950806,-0.3326236605644226,0.32981663942337036,0.618503749370575,0.03522998467087746,0.3397381901741028,0.6686548590660095,-0.035146065056324005,0.3494199216365814,0.55072420835495,0.06937531381845474,0.38556569814682007,0.6065759658813477,-0.07498809695243835,0.38121792674064636,0.5780293941497803,0.2351645976305008,0.4034779667854309,0.6552101373672485,0.1259835660457611,0.3830884099006653,0.589765191078186,0.25314968824386597,0.4049616754055023,0.6675110459327698,0.13792628049850464,0.3935982286930084,0.5609606504440308,0.23421716690063477,0.42242059111595154,0.6496069431304932,0.10535027086734772
0334,./images/155/frame_00334.jpg,Fall,0.28812211751937866,0.5401831865310669,-0.34896621108055115,0.28192418813705444,0.5396391749382019,-0.33913302421569824,0.28091615438461304,0.5390178561210632,-0.3391944169998169,0.27979788184165955,0.5382497310638428,-0.33934158086776733,0.2830233871936798,0.5441016554832458,-0.3570536971092224,0.28279832005500793,0.546662449836731,-0.35709425806999207,0.2826147675514221,0.549514651298523,-0.3571271300315857,0.27653008699417114,0.5477855205535889,-0.2667097747325897,0.28023508191108704,0.5652387142181396,-0.34662315249443054,0.2908676266670227,0.5440115332603455,-0.3180713653564453,0.2916969656944275,0.5496270656585693,-0.34145477414131165,0.28930389881134033,0.5499489903450012,-0.17764291167259216,0.30248957872390747,0.6229903101921082,-0.308712899684906,0.3238525986671448,0.5298582911491394,-0.11143282800912857,0.3472912907600403,0.6321888566017151,-0.3195469081401825,0.35473737120628357,0.49189749360084534,-0.1377425491809845,0.3811282813549042,0.5912086963653564,-0.348650723695755,0.3620486557483673,0.47962427139282227,-0.14888913929462433,0.3896142542362213,0.5864802598953247,-0.3837546408176422,0.3643353283405304,0.47894176840782166,-0.17536191642284393,0.3867073655128479,0.5789614915847778,-0.38742026686668396,0.3614524006843567,0.4862959086894989,-0.14890353381633759,0.3832501471042633,0.5799245834350586,-0.3517874479293823,0.32850363850593567,0.6182940006256104,0.04110091179609299,0.3386506140232086,0.6681749224662781,-0.04095996543765068,0.3515934646129608,0.5485035181045532,0.05356193333864212,0.3881779909133911,0.6073595881462097,-0.11695029586553574,0.3748880624771118,0.577871561050415,0.23747654259204865,0.40361708402633667,0.6551339030265808,0.07986406981945038,0.37501034140586853,0.589207649230957,0.2567657232284546,0.40492385625839233,0.6674296259880066,0.10018151998519897,0.3885895311832428,0.5673076510429382,0.24276778101921082,0.42405471205711365,0.6517573595046997,0.07125738263130188
0335,./images/155/frame_00335.jpg,Fall,0.28562256693840027,0.5417085886001587,-0.32952457666397095,0.2790437638759613,0.5416126847267151,-0.32025447487831116,0.2780846059322357,0.5411023497581482,-0.32030871510505676,0.2768203616142273,0.5403172969818115,-0.32044219970703125,0.2800596356391907,0.5457636117935181,-0.3370094895362854,0.27981171011924744,0.5482592582702637,-0.3370475769042969,0.2794089615345001,0.5511149764060974,-0.337083637714386,0.27433210611343384,0.5498765707015991,-0.2507942318916321,0.2773539125919342,0.5674124956130981,-0.32636526226997375,0.28850728273391724,0.5455367565155029,-0.2998778820037842,0.289424329996109,0.5510817766189575,-0.3216703534126282,0.28889045119285583,0.5508636236190796,-0.16431863605976105,0.3004051446914673,0.6239894032478333,-0.2939334213733673,0.3228909969329834,0.529868483543396,-0.10154251754283905,0.346048504114151,0.6332924962043762,-0.3029855489730835,0.3525269329547882,0.4928962290287018,-0.11608687788248062,0.3838493227958679,0.6094294786453247,-0.3305191397666931,0.35993489623069763,0.47909513115882874,-0.12437649071216583,0.3942781388759613,0.6084074378013611,-0.3630208671092987,0.3614482283592224,0.4797181785106659,-0.15018750727176666,0.39110609889030457,0.5942785739898682,-0.36915019154548645,0.3591849207878113,0.4868481457233429,-0.12617118656635284,0.3839421570301056,0.5960590839385986,-0.33437126874923706,0.3287773132324219,0.6182725429534912,0.04130493476986885,0.33857372403144836,0.6685287356376648,-0.041151270270347595,0.3515336513519287,0.5413312315940857,0.018751876428723335,0.38964608311653137,0.607155978679657,-0.12877801060676575,0.3730349540710449,0.5774932503700256,0.1869029849767685,0.40506282448768616,0.6550440192222595,0.059178274124860764,0.3739660382270813,0.5881586074829102,0.2041526734828949,0.40746188163757324,0.6672323346138,0.07977079600095749,0.38773873448371887,0.5642021894454956,0.1979954093694687,0.43154412508010864,0.6504700779914856,0.06193603202700615
0336,./images/155/frame_00336.jpg,Fall,0.2847793400287628,0.5435975193977356,-0.3287368416786194,0.2779708802700043,0.5439469218254089,-0.32087022066116333,0.27694374322891235,0.5434936285018921,-0.3209051489830017,0.2755259871482849,0.5427424311637878,-0.3210344612598419,0.27917277812957764,0.5480741858482361,-0.3363191485404968,0.2789948880672455,0.550579309463501,-0.3363589346408844,0.2785845100879669,0.55354243516922,-0.3364008069038391,0.2728389799594879,0.5518453121185303,-0.2569960057735443,0.2766776382923126,0.5703633427619934,-0.3253070116043091,0.2878487706184387,0.5472214818000793,-0.3009488880634308,0.2890208065509796,0.5527716875076294,-0.32090651988983154,0.28703269362449646,0.5557118654251099,-0.1763918101787567,0.30173131823539734,0.6272247433662415,-0.2894715666770935,0.3217805027961731,0.5301153659820557,-0.10717936605215073,0.3460458815097809,0.6390489935874939,-0.29489612579345703,0.3529110252857208,0.49055230617523193,-0.12184623628854752,0.3872046172618866,0.6234049201011658,-0.32144996523857117,0.3606582283973694,0.47582414746284485,-0.13234536349773407,0.40015506744384766,0.6222591996192932,-0.35291507840156555,0.36277061700820923,0.4756167531013489,-0.15735262632369995,0.3976362645626068,0.6057776808738708,-0.36098212003707886,0.35998982191085815,0.48423486948013306,-0.13167031109333038,0.38594701886177063,0.6089072823524475,-0.32613393664360046,0.32890576124191284,0.6184173822402954,0.03485911339521408,0.34017977118492126,0.6686980128288269,-0.03482837229967117,0.341341108083725,0.5353995561599731,0.029417848214507103,0.3882667124271393,0.6173760890960693,-0.014701122418045998,0.36355650424957275,0.5581371784210205,0.18887493014335632,0.3982376456260681,0.6552519798278809,0.20394404232501984,0.365966796875,0.5690999031066895,0.20839817821979523,0.3961058259010315,0.6662085056304932,0.2273738831281662,0.37615177035331726,0.5328112244606018,0.20509560406208038,0.4146227240562439,0.6505138874053955,0.22113950550556183
0337,./images/155/frame_00337.jpg,Fall,0.28087660670280457,0.5477820038795471,-0.2785603702068329,0.2746688723564148,0.5487193465232849,-0.27184605598449707,0.273811936378479,0.5483875274658203,-0.27187585830688477,0.2725708484649658,0.5477346777915955,-0.2719932496547699,0.2756773829460144,0.552323043346405,-0.2880653738975525,0.2756160795688629,0.5550068020820618,-0.2880927324295044,0.27545103430747986,0.5578057765960693,-0.2881242036819458,0.27005845308303833,0.5572263598442078,-0.2159486711025238,0.2732514441013336,0.5743414163589478,-0.2877006232738495,0.2840133011341095,0.5511841773986816,-0.2540524899959564,0.28534969687461853,0.5564213991165161,-0.27496278285980225,0.286721795797348,0.5577741265296936,-0.1433161199092865,0.2984018921852112,0.6264936327934265,-0.26040220260620117,0.32060059905052185,0.532543420791626,-0.08071862161159515,0.340512216091156,0.64312344789505,-0.26867491006851196,0.3493145704269409,0.4932228922843933,-0.09077264368534088,0.3799188435077667,0.6154404878616333,-0.2899765372276306,0.35732361674308777,0.47871437668800354,-0.09642491489648819,0.39063796401023865,0.6150639057159424,-0.3154011368751526,0.3593258857727051,0.4775834083557129,-0.11967603117227554,0.3870350122451782,0.6019556522369385,-0.3218657672405243,0.35631293058395386,0.48659074306488037,-0.10012371838092804,0.3823920488357544,0.6035695672035217,-0.2933651804924011,0.3290104866027832,0.6184783577919006,0.034368276596069336,0.3400261700153351,0.6687849760055542,-0.034341223537921906,0.336608350276947,0.5287540555000305,-0.006449410226196051,0.3867713212966919,0.6120308637619019,-0.05921638756990433,0.3649522364139557,0.5274084210395813,0.08481992781162262,0.39842432737350464,0.6552428603172302,0.10161654651165009,0.369130939245224,0.5369383692741394,0.09414152801036835,0.39823123812675476,0.666108250617981,0.11775952577590942,0.37078067660331726,0.4815387725830078,0.08015251904726028,0.41434893012046814,0.6507166028022766,0.16773849725723267
0338,./images/155/frame_00338.jpg,Fall,0.28235751390457153,0.5500674843788147,-0.2872837781906128,0.27585071325302124,0.5505352020263672,-0.279243141412735,0.2749001383781433,0.5501090288162231,-0.2792930603027344,0.2738243639469147,0.5494964718818665,-0.27942413091659546,0.27691712975502014,0.5544716715812683,-0.29447275400161743,0.27675312757492065,0.5571503043174744,-0.29451078176498413,0.27640485763549805,0.5602883100509644,-0.29454004764556885,0.2712913453578949,0.5592018961906433,-0.2179315835237503,0.2739308774471283,0.5777157545089722,-0.2847115099430084,0.2855038046836853,0.5533360242843628,-0.2610000967979431,0.286529541015625,0.5586866736412048,-0.2805609405040741,0.28720515966415405,0.5571960210800171,-0.1453813910484314,0.2990216314792633,0.630210280418396,-0.25300437211990356,0.3212968707084656,0.5326445698738098,-0.0901089608669281,0.3388986587524414,0.6458868980407715,-0.2579902112483978,0.34989967942237854,0.4926087558269501,-0.11820924282073975,0.37206417322158813,0.6134956479072571,-0.2816696763038635,0.3580377697944641,0.47612911462783813,-0.12710246443748474,0.38237595558166504,0.6128772497177124,-0.30775806307792664,0.3600233197212219,0.4753727316856384,-0.14772295951843262,0.3773426413536072,0.6008707880973816,-0.3144519031047821,0.3570454716682434,0.48460087180137634,-0.1270117461681366,0.3734865188598633,0.6003854274749756,-0.2855154871940613,0.32972973585128784,0.6185564398765564,0.035270653665065765,0.33985885977745056,0.6687479019165039,-0.03523395583033562,0.33803853392601013,0.5308884382247925,-0.013054130598902702,0.38654613494873047,0.6056600213050842,-0.1251426488161087,0.36769843101501465,0.5422605872154236,0.1191086620092392,0.40087008476257324,0.6506457328796387,0.06043665483593941,0.3701985478401184,0.5517389178276062,0.13285140693187714,0.3993142247200012,0.6608724594116211,0.08081834018230438,0.37837713956832886,0.513813853263855,0.12479539215564728,0.4154779314994812,0.6492109298706055,0.08449426293373108
0339,./images/155/frame_00339.jpg,Fall,0.2820943593978882,0.553451418876648,-0.29668447375297546,0.27572545409202576,0.55331951379776,-0.28723612427711487,0.2747519612312317,0.552674412727356,-0.28727295994758606,0.2736954391002655,0.5519657731056213,-0.28739553689956665,0.2768653929233551,0.5578641891479492,-0.30287811160087585,0.276689738035202,0.560698390007019,-0.3029102683067322,0.276357501745224,0.5639826059341431,-0.30292338132858276,0.2711154818534851,0.5613023638725281,-0.22583241760730743,0.27383604645729065,0.5814666748046875,-0.2953410744667053,0.28516000509262085,0.556157112121582,-0.2714061141014099,0.28592467308044434,0.5618232488632202,-0.29175934195518494,0.2858034372329712,0.5604026317596436,-0.15600164234638214,0.29903167486190796,0.6320006251335144,-0.2599870562553406,0.3193020522594452,0.5340911149978638,-0.10249736160039902,0.3354186415672302,0.652442991733551,-0.27539581060409546,0.34750884771347046,0.4933972954750061,-0.11931798607110977,0.37159445881843567,0.6250824332237244,-0.29665642976760864,0.35481512546539307,0.4769980013370514,-0.1275748908519745,0.38226521015167236,0.6250174045562744,-0.32058364152908325,0.3573988974094391,0.47659409046173096,-0.14836320281028748,0.3797948956489563,0.6126148700714111,-0.3303494453430176,0.35459810495376587,0.4859125316143036,-0.12836989760398865,0.3755286931991577,0.611800491809845,-0.30112022161483765,0.3292108178138733,0.6185762882232666,0.03528517484664917,0.33901354670524597,0.6684540510177612,-0.035245515406131744,0.3366836905479431,0.5323547720909119,-0.011877350509166718,0.3837645649909973,0.605560302734375,-0.1165461391210556,0.3657817244529724,0.5175974369049072,0.0860963761806488,0.40101319551467896,0.6508014798164368,0.06640090048313141,0.3708953261375427,0.5249518752098083,0.09515036642551422,0.40077584981918335,0.6622271537780762,0.08241396397352219,0.36985450983047485,0.4696729779243469,0.0740683302283287,0.41557103395462036,0.6492659449577332,0.060356657952070236
0340,./images/155/frame_00340.jpg,Fall,0.2817752957344055,0.5568212866783142,-0.3296847939491272,0.2758750319480896,0.5565387010574341,-0.3195725083351135,0.2749350666999817,0.5558728575706482,-0.3196381628513336,0.27389591932296753,0.5551357865333557,-0.31978270411491394,0.2769196629524231,0.5611608028411865,-0.3351554274559021,0.2767013907432556,0.5639435052871704,-0.3352002799510956,0.2764410674571991,0.5671575665473938,-0.33523237705230713,0.27115556597709656,0.5636072754859924,-0.24850693345069885,0.27375200390815735,0.5839172005653381,-0.3172300159931183,0.2847546339035034,0.5595441460609436,-0.29991433024406433,0.2854691743850708,0.5655794143676758,-0.31992679834365845,0.28581756353378296,0.5589353442192078,-0.1729368269443512,0.29544776678085327,0.6324146389961243,-0.27640479803085327,0.31992512941360474,0.5301651954650879,-0.1355830430984497,0.3309476971626282,0.6615932583808899,-0.2940266728401184,0.3491915464401245,0.48902010917663574,-0.18011246621608734,0.36527082324028015,0.630159318447113,-0.32838669419288635,0.3562200963497162,0.4711136817932129,-0.19492341578006744,0.37942832708358765,0.6280583143234253,-0.35792455077171326,0.35878127813339233,0.4717099368572235,-0.2178587168455124,0.376264363527298,0.6178081631660461,-0.36680522561073303,0.3563106060028076,0.4800194501876831,-0.1903083324432373,0.3723893463611603,0.6152526140213013,-0.33335980772972107,0.32925325632095337,0.6165317296981812,0.03601043298840523,0.3373163342475891,0.6667564511299133,-0.035966478288173676,0.3432667851448059,0.5366032719612122,-0.02231847122311592,0.3857352137565613,0.6054863333702087,-0.1420120894908905,0.3678414225578308,0.5828489661216736,0.1293431669473648,0.4003468155860901,0.6469919681549072,0.06686457991600037,0.3715473413467407,0.5960272550582886,0.14261338114738464,0.4008079171180725,0.6601779460906982,0.08823816478252411,0.38165897130966187,0.5684565901756287,0.1250108778476715,0.4227839410305023,0.641451358795166,0.07153953611850739
0341,./images/155/frame_00341.jpg,Fall,0.28209036588668823,0.5610526204109192,-0.3212882876396179,0.2765282094478607,0.5605215430259705,-0.3112836182117462,0.27564671635627747,0.5599373579025269,-0.3113411068916321,0.2745972275733948,0.5592291951179504,-0.31148195266723633,0.27733662724494934,0.5649517774581909,-0.3269464075565338,0.2770971655845642,0.5677821636199951,-0.32699525356292725,0.27671706676483154,0.5711519718170166,-0.32703083753585815,0.2710760533809662,0.5683795213699341,-0.24376490712165833,0.27324339747428894,0.5896223783493042,-0.3120325207710266,0.28506770730018616,0.563994824886322,-0.29211801290512085,0.28565147519111633,0.569948136806488,-0.31222614645957947,0.28585687279701233,0.5601375699043274,-0.1668752282857895,0.29691818356513977,0.6484865546226501,-0.26539677381515503,0.3199957609176636,0.5286163687705994,-0.1207289844751358,0.32801657915115356,0.6727705597877502,-0.2771218419075012,0.34955301880836487,0.4869126081466675,-0.15532651543617249,0.3615551292896271,0.6377267241477966,-0.30467209219932556,0.35657840967178345,0.469841331243515,-0.16784173250198364,0.3772106468677521,0.6340847611427307,-0.326498806476593,0.3590697944164276,0.4704133868217468,-0.19039352238178253,0.3726690709590912,0.6238092184066772,-0.336117684841156,0.35694360733032227,0.47759416699409485,-0.16488312184810638,0.36779269576072693,0.6234184503555298,-0.3092482089996338,0.33065953850746155,0.6165794134140015,0.03294108435511589,0.3373207151889801,0.6673180460929871,-0.032882384955883026,0.36127933859825134,0.5461293458938599,-0.0429229810833931,0.38434162735939026,0.6100021600723267,-0.11694465577602386,0.3804834187030792,0.6168104410171509,0.11704906076192856,0.3953164219856262,0.6423035264015198,0.10053881257772446,0.37876754999160767,0.632919430732727,0.13374097645282745,0.39465442299842834,0.6545667052268982,0.12482963502407074,0.39774206280708313,0.6295555233955383,0.11944383382797241,0.4201330244541168,0.6383538842201233,0.12464193254709244
0342,./images/155/frame_00342.jpg,Fall,0.281187504529953,0.56717449426651,-0.304643839597702,0.2762514352798462,0.5661219358444214,-0.29651713371276855,0.27541252970695496,0.5651062726974487,-0.2965942323207855,0.2743433713912964,0.5638884902000427,-0.29674044251441956,0.276954710483551,0.5712652802467346,-0.30960536003112793,0.2766571640968323,0.574130654335022,-0.30966147780418396,0.27626141905784607,0.5773712992668152,-0.3097032904624939,0.2703940272331238,0.569605827331543,-0.23060305416584015,0.272760808467865,0.5932446122169495,-0.2885455787181854,0.2838292717933655,0.5689122080802917,-0.2762642204761505,0.2842966318130493,0.5756644010543823,-0.29291918873786926,0.28548362851142883,0.5598486661911011,-0.16041913628578186,0.29393380880355835,0.6508868336677551,-0.24781756103038788,0.3204655349254608,0.5255858302116394,-0.12594644725322723,0.32569295167922974,0.6696314215660095,-0.2557027339935303,0.34945955872535706,0.48530927300453186,-0.1741982400417328,0.35913121700286865,0.6412516832351685,-0.2856486141681671,0.35631176829338074,0.4692178964614868,-0.18871493637561798,0.37533846497535706,0.6430351734161377,-0.3084629774093628,0.35863932967185974,0.47004762291908264,-0.20931556820869446,0.3716699779033661,0.6332183480262756,-0.3184193968772888,0.35679611563682556,0.47680366039276123,-0.18362076580524445,0.3679477572441101,0.6314645409584045,-0.2905166745185852,0.3309380114078522,0.6155720949172974,0.03240863233804703,0.3360442817211151,0.6667462587356567,-0.03235131874680519,0.3622324466705322,0.5479092001914978,-0.048449404537677765,0.38128361105918884,0.609451174736023,-0.13112080097198486,0.37962573766708374,0.6062268018722534,0.10868817567825317,0.39499130845069885,0.6410807967185974,0.0740756243467331,0.3748900294303894,0.6204081773757935,0.1248643770813942,0.3932933509349823,0.6536661386489868,0.09625427424907684,0.39509183168411255,0.6041268110275269,0.10806398093700409,0.41341036558151245,0.639155387878418,0.08646298944950104
0343,./images/155/frame_00343.jpg,Fall,0.27954956889152527,0.5666552186012268,-0.287609726190567,0.27367448806762695,0.5660422444343567,-0.2790068984031677,0.2726622521877289,0.5652552843093872,-0.27908745408058167,0.2715342342853546,0.5643584132194519,-0.2792244553565979,0.2747376561164856,0.5707769393920898,-0.2933512032032013,0.2744917571544647,0.5735660791397095,-0.2934076488018036,0.27415892481803894,0.5766971707344055,-0.2934505343437195,0.26802751421928406,0.5689623355865479,-0.21584053337574005,0.271306574344635,0.592914342880249,-0.278850793838501,0.2823321223258972,0.5690444707870483,-0.26091468334198,0.2830081582069397,0.5754682421684265,-0.27909785509109497,0.2844248414039612,0.5615307092666626,-0.15224063396453857,0.29214924573898315,0.6459715366363525,-0.24230143427848816,0.3197408616542816,0.5256490111351013,-0.12331634759902954,0.32707059383392334,0.6681442856788635,-0.2406863272190094,0.3495391607284546,0.48535266518592834,-0.17238590121269226,0.35768142342567444,0.6453517079353333,-0.2568029463291168,0.35629916191101074,0.47013145685195923,-0.18546345829963684,0.370052695274353,0.6490395665168762,-0.2778615355491638,0.35850971937179565,0.4707562327384949,-0.2054755687713623,0.3654547333717346,0.641642153263092,-0.288152277469635,0.3566964268684387,0.47726038098335266,-0.18155226111412048,0.36256831884384155,0.6397234797477722,-0.2617408335208893,0.3306240439414978,0.6149511337280273,0.032628465443849564,0.33612293004989624,0.6661392450332642,-0.03258197009563446,0.3586440682411194,0.54233318567276,-0.028915997594594955,0.38145288825035095,0.6034157276153564,-0.1405414640903473,0.37031248211860657,0.5960738062858582,0.11761802434921265,0.39580804109573364,0.6407458186149597,0.058080416172742844,0.3681066632270813,0.6099474430084229,0.13284507393836975,0.3932444453239441,0.652802586555481,0.07929153740406036,0.3882582485675812,0.5866954922676086,0.12083957344293594,0.4115534722805023,0.6382957100868225,0.07065589725971222
0344,./images/155/frame_00344.jpg,Fall,0.27755236625671387,0.56843501329422,-0.2961924970149994,0.2713193893432617,0.5686630010604858,-0.29099684953689575,0.27013295888900757,0.5678007006645203,-0.29110220074653625,0.26864513754844666,0.5665973424911499,-0.2912629246711731,0.2732319235801697,0.5744062662124634,-0.3022285997867584,0.27322283387184143,0.5779135227203369,-0.30227258801460266,0.27316516637802124,0.581498384475708,-0.30230098962783813,0.26633220911026,0.5724385380744934,-0.2336852103471756,0.27098000049591064,0.5980718731880188,-0.28329333662986755,0.28050726652145386,0.5706266760826111,-0.27201440930366516,0.2820015847682953,0.5783563256263733,-0.2852485775947571,0.2805400490760803,0.5657452344894409,-0.17219947278499603,0.29357823729515076,0.6456959247589111,-0.2528177797794342,0.31796881556510925,0.5260974168777466,-0.14344516396522522,0.3336089253425598,0.6623871326446533,-0.2547247111797333,0.3498055040836334,0.48631539940834045,-0.1832263022661209,0.3616308569908142,0.6189521551132202,-0.27530592679977417,0.3564935326576233,0.4713711142539978,-0.19541046023368835,0.37169888615608215,0.6050760746002197,-0.2998349368572235,0.35857826471328735,0.47168076038360596,-0.21632607281208038,0.3685128688812256,0.6064843535423279,-0.30756962299346924,0.35693830251693726,0.4781830310821533,-0.19189806282520294,0.3651840388774872,0.6061599254608154,-0.2795754373073578,0.3272608518600464,0.6145583987236023,0.03263659030199051,0.33527445793151855,0.6659196019172668,-0.03257405385375023,0.35675710439682007,0.5422441363334656,-0.03036397323012352,0.3781406283378601,0.5994404554367065,-0.12866586446762085,0.37028563022613525,0.5921666622161865,0.12467358261346817,0.3929078280925751,0.6395358443260193,0.0668342113494873,0.3686320185661316,0.6047287583351135,0.1400451362133026,0.39026615023612976,0.6502507328987122,0.08788672089576721,0.38836798071861267,0.5832765698432922,0.12342405319213867,0.41087836027145386,0.6392180919647217,0.07575555890798569
0345,./images/155/frame_00345.jpg,Fall,0.2765268087387085,0.5733217000961304,-0.2979760766029358,0.27017197012901306,0.572983980178833,-0.29546791315078735,0.26884496212005615,0.5717286467552185,-0.2955716848373413,0.2675189971923828,0.570445716381073,-0.29572686553001404,0.2719379663467407,0.5791754722595215,-0.30472785234451294,0.2721448540687561,0.5827262997627258,-0.30479031801223755,0.2721959352493286,0.5864041447639465,-0.3048134446144104,0.2655794322490692,0.5760738253593445,-0.24173903465270996,0.2700899839401245,0.6034631729125977,-0.28587716817855835,0.2793998718261719,0.5742013454437256,-0.27382442355155945,0.280880868434906,0.5824525356292725,-0.28939762711524963,0.28092867136001587,0.5648684501647949,-0.1762077361345291,0.2940995395183563,0.6545562744140625,-0.2563888430595398,0.3175086975097656,0.5262563228607178,-0.14873498678207397,0.3339097797870636,0.6369746327400208,-0.25901031494140625,0.3489043116569519,0.48655208945274353,-0.19185438752174377,0.3636590540409088,0.6003825068473816,-0.2795262932777405,0.3558180034160614,0.47150763869285583,-0.20500171184539795,0.3739481568336487,0.5922832489013672,-0.301498144865036,0.3581564128398895,0.4719464182853699,-0.2257794886827469,0.3683117926120758,0.5850169062614441,-0.31212443113327026,0.3564865291118622,0.47888290882110596,-0.2006036341190338,0.3648979067802429,0.5853216648101807,-0.2813807725906372,0.3274945318698883,0.6145640015602112,0.030928680673241615,0.3347531259059906,0.6659157872200012,-0.030831102281808853,0.3584936857223511,0.5413299202919006,-0.0385625883936882,0.3789103627204895,0.6001288294792175,-0.11388097703456879,0.36851251125335693,0.6041404008865356,0.12173698097467422,0.3928542137145996,0.6402074098587036,0.06869520246982574,0.36445853114128113,0.6168572902679443,0.13903677463531494,0.3895408809185028,0.6515880823135376,0.089931420981884,0.3879912495613098,0.6074497699737549,0.1269146203994751,0.411435604095459,0.6398699879646301,0.08432549238204956
0346,./images/155/frame_00346.jpg,Fall,0.27508774399757385,0.5765963792800903,-0.2971974313259125,0.26863425970077515,0.5766804814338684,-0.29357391595840454,0.26728948950767517,0.5755704045295715,-0.29366016387939453,0.2661045789718628,0.5743393898010254,-0.2938084304332733,0.2702494263648987,0.5823901295661926,-0.303928941488266,0.2705005705356598,0.5857521295547485,-0.3039877116680145,0.27049973607063293,0.5893988013267517,-0.3040182888507843,0.2647770941257477,0.5780763626098633,-0.23942916095256805,0.26822200417518616,0.6056618094444275,-0.28592029213905334,0.27823716402053833,0.5772415399551392,-0.27275097370147705,0.2795149087905884,0.5853347778320312,-0.2869473993778229,0.280728280544281,0.5667028427124023,-0.1761404573917389,0.29281190037727356,0.6609383225440979,-0.2445070445537567,0.31751757860183716,0.5273891687393188,-0.14597046375274658,0.3345668315887451,0.6642813682556152,-0.2436215877532959,0.3484153151512146,0.4896979331970215,-0.1892806738615036,0.3647593557834625,0.6420964002609253,-0.2773926854133606,0.35563185811042786,0.4740454852581024,-0.2048923522233963,0.37479427456855774,0.6421079635620117,-0.3002378046512604,0.35800331830978394,0.4745153784751892,-0.2245960235595703,0.3699755072593689,0.6343801021575928,-0.31247609853744507,0.3561854958534241,0.4811142683029175,-0.19806818664073944,0.36653074622154236,0.6314858198165894,-0.2827034294605255,0.32736736536026,0.6149412393569946,0.026382412761449814,0.3348897099494934,0.6668340563774109,-0.026329761371016502,0.3572295010089874,0.5427125096321106,0.009319872595369816,0.3791915774345398,0.6104594469070435,-0.0333334282040596,0.3590801954269409,0.601540744304657,0.17641213536262512,0.39214271306991577,0.6410852670669556,0.15204600989818573,0.3547120988368988,0.6136015057563782,0.19422748684883118,0.3886353373527527,0.6526260375976562,0.1715538501739502,0.37705469131469727,0.600419819355011,0.18569518625736237,0.4118044972419739,0.6399927139282227,0.15896505117416382
0347,./images/155/frame_00347.jpg,Fall,0.2734740376472473,0.5807669758796692,-0.31692221760749817,0.26695746183395386,0.5807007551193237,-0.3140605092048645,0.2656092941761017,0.5795252919197083,-0.3141324520111084,0.2641889750957489,0.5782793760299683,-0.3142862915992737,0.26909399032592773,0.5869057178497314,-0.32443857192993164,0.26931366324424744,0.5902922749519348,-0.3244960606098175,0.26958227157592773,0.5941207408905029,-0.32452768087387085,0.26385512948036194,0.5864856839179993,-0.2638779878616333,0.2683747410774231,0.6108473539352417,-0.3089676797389984,0.2761457562446594,0.5812610387802124,-0.29347479343414307,0.27777284383773804,0.5897563099861145,-0.3066220283508301,0.2756757140159607,0.5765851140022278,-0.20040178298950195,0.29718872904777527,0.6627187728881836,-0.2572926878929138,0.3128468692302704,0.5326308012008667,-0.16208508610725403,0.3384358286857605,0.6569806933403015,-0.2515299320220947,0.3458109498023987,0.4963303506374359,-0.185037299990654,0.37570151686668396,0.6351296305656433,-0.27409735321998596,0.3538353443145752,0.4791859984397888,-0.1984230875968933,0.3835124671459198,0.6336661577224731,-0.29732125997543335,0.356931209564209,0.4799571931362152,-0.2183903008699417,0.37922462821006775,0.6253602504730225,-0.30837830901145935,0.3546369671821594,0.48759591579437256,-0.1930997520685196,0.3761047124862671,0.623597264289856,-0.2797132134437561,0.32383254170417786,0.6217318177223206,0.02133149281144142,0.33397796750068665,0.6701842546463013,-0.02133544534444809,0.34997326135635376,0.566250741481781,0.028292885050177574,0.36663907766342163,0.6171261072158813,0.06035821512341499,0.37403351068496704,0.6107116341590881,0.2055446207523346,0.3721628785133362,0.6399174928665161,0.3034677803516388,0.37358540296554565,0.622577428817749,0.2249385416507721,0.36904603242874146,0.6475241184234619,0.32944992184638977,0.39857617020606995,0.603796660900116,0.20945708453655243,0.38921427726745605,0.631183385848999,0.32862645387649536
0348,./images/155/frame_00348.jpg,Fall,0.2720593512058258,0.5846897959709167,-0.3357931971549988,0.26559072732925415,0.5850650072097778,-0.33135950565338135,0.26434874534606934,0.5839987397193909,-0.33142805099487305,0.2628999352455139,0.5829063653945923,-0.33157771825790405,0.2676123082637787,0.5913200974464417,-0.3428131937980652,0.26799169182777405,0.5950784087181091,-0.3428732752799988,0.2682059109210968,0.5991805791854858,-0.34291011095046997,0.2622491419315338,0.5905964970588684,-0.2728847861289978,0.266842782497406,0.6152661442756653,-0.32297053933143616,0.2750334143638611,0.5853837132453918,-0.3092551827430725,0.2768981158733368,0.5941599607467651,-0.32382962107658386,0.2745198905467987,0.5787297487258911,-0.20434634387493134,0.2946493625640869,0.6636722683906555,-0.2726668417453766,0.31141483783721924,0.5348221063613892,-0.17236709594726562,0.3371494710445404,0.6572306752204895,-0.2735239267349243,0.34479138255119324,0.5025085210800171,-0.21317222714424133,0.3674549460411072,0.6323290467262268,-0.3081541657447815,0.3533822298049927,0.4866127073764801,-0.22988958656787872,0.3741266131401062,0.6306555867195129,-0.33462685346603394,0.35670211911201477,0.48749029636383057,-0.2510802745819092,0.3695540130138397,0.622670590877533,-0.34631451964378357,0.3540186583995819,0.49517062306404114,-0.22244016826152802,0.3669244647026062,0.6212976574897766,-0.31435155868530273,0.32287415862083435,0.6226727962493896,0.022754613310098648,0.33170172572135925,0.6709951758384705,-0.022748779505491257,0.3472381830215454,0.563005805015564,0.02002093195915222,0.36793404817581177,0.6175599694252014,0.016195278614759445,0.37293171882629395,0.6158307194709778,0.18714910745620728,0.3745846450328827,0.6413530707359314,0.2319120168685913,0.3722316324710846,0.6290149688720703,0.20505781471729279,0.37123391032218933,0.6485406756401062,0.25493234395980835,0.39497408270835876,0.6097708940505981,0.18719884753227234,0.3922894299030304,0.6335377097129822,0.24629247188568115
0349,./images/155/frame_00349.jpg,Fall,0.27078312635421753,0.5909029841423035,-0.32968586683273315,0.26461052894592285,0.5913828015327454,-0.31828805804252625,0.26340219378471375,0.5903799533843994,-0.3183550536632538,0.2620850205421448,0.5893527269363403,-0.3184966444969177,0.26660728454589844,0.5976108312606812,-0.3363671898841858,0.26685401797294617,0.6012256145477295,-0.3363969922065735,0.26701176166534424,0.6052369475364685,-0.3364211916923523,0.2613036036491394,0.5949937701225281,-0.2607857286930084,0.26598262786865234,0.6207422614097595,-0.3110501170158386,0.2738994061946869,0.592292070388794,-0.29873210191726685,0.2756408452987671,0.6011548638343811,-0.31561702489852905,0.2704305648803711,0.5865532755851746,-0.19336369633674622,0.294015496969223,0.6693103909492493,-0.2506452798843384,0.3096802830696106,0.5385488867759705,-0.15673163533210754,0.3370601236820221,0.659835159778595,-0.23400422930717468,0.3439162075519562,0.5079208612442017,-0.19254574179649353,0.3643355965614319,0.6362263560295105,-0.25231438875198364,0.35226595401763916,0.49180784821510315,-0.20829884707927704,0.3708341717720032,0.6358076930046082,-0.2719862461090088,0.3557758629322052,0.4925171434879303,-0.23285634815692902,0.3667325973510742,0.6299448013305664,-0.2851278781890869,0.3530382812023163,0.5008043646812439,-0.20289191603660583,0.3641197085380554,0.62804114818573,-0.2584180533885956,0.32073676586151123,0.6266186237335205,0.02002207562327385,0.3296084702014923,0.6732861995697021,-0.020015597343444824,0.34761935472488403,0.5698727369308472,0.01002929825335741,0.358085036277771,0.6157069802284241,0.00972032081335783,0.37803325057029724,0.6218237280845642,0.15933570265769958,0.3666374683380127,0.6414302587509155,0.21256597340106964,0.37746983766555786,0.6350992321968079,0.17505857348442078,0.364071786403656,0.6487634181976318,0.23428702354431152,0.4003760814666748,0.6280620098114014,0.15148672461509705,0.38415825366973877,0.6344972252845764,0.22803489863872528
0350,./images/155/frame_00350.jpg,Fall,0.2703551650047302,0.5944443345069885,-0.346516489982605,0.2643500864505768,0.5946870446205139,-0.3416176736354828,0.2633773684501648,0.5937684774398804,-0.3416832983493805,0.2623324692249298,0.5928456783294678,-0.34182819724082947,0.26587730646133423,0.6005659103393555,-0.35197120904922485,0.2659960091114044,0.6041757464408875,-0.3520120680332184,0.26606494188308716,0.6082913875579834,-0.3520316481590271,0.26063501834869385,0.6002014875411987,-0.279658704996109,0.2650523781776428,0.6252313852310181,-0.32254740595817566,0.2733689844608307,0.5957374572753906,-0.31835976243019104,0.2750186324119568,0.6045411825180054,-0.33111149072647095,0.27312666177749634,0.5875685214996338,-0.20554566383361816,0.2919095754623413,0.6723670363426208,-0.26176559925079346,0.3098178505897522,0.5439488291740417,-0.17581923305988312,0.33280709385871887,0.6650952100753784,-0.2427230179309845,0.3432261049747467,0.5157669186592102,-0.22246792912483215,0.35861319303512573,0.6398204565048218,-0.2651476562023163,0.35157647728919983,0.49970704317092896,-0.2395206242799759,0.3660183548927307,0.6378955245018005,-0.2872482240200043,0.35514938831329346,0.501342236995697,-0.26110512018203735,0.36203688383102417,0.632344126701355,-0.30078816413879395,0.3525543808937073,0.510583758354187,-0.2319316864013672,0.35910338163375854,0.6310768127441406,-0.2715444564819336,0.3212057948112488,0.6257449388504028,0.02248624712228775,0.3303009271621704,0.6748768091201782,-0.02247299626469612,0.3350897431373596,0.564623236656189,0.02338109351694584,0.3783044219017029,0.6183807849884033,-0.04009125381708145,0.3487389087677002,0.5677316188812256,0.2043035477399826,0.38276106119155884,0.6484634280204773,0.1779654324054718,0.34958821535110474,0.5758578181266785,0.22255480289459229,0.3806977868080139,0.6528429388999939,0.19957993924617767,0.36380210518836975,0.5448724031448364,0.20468024909496307,0.40284839272499084,0.6476215124130249,0.20212087035179138
0351,./images/155/frame_00351.jpg,Fall,0.26977068185806274,0.5992138981819153,-0.3321414589881897,0.2640964388847351,0.5995356440544128,-0.32844918966293335,0.2632034718990326,0.5986562371253967,-0.3285044729709625,0.2622406780719757,0.5977321267127991,-0.32863491773605347,0.265485554933548,0.6052642464637756,-0.33875566720962524,0.2655789256095886,0.6087908744812012,-0.3388059735298157,0.2657140791416168,0.6126943826675415,-0.3388330638408661,0.2602267861366272,0.605261504650116,-0.2717193365097046,0.2646313011646271,0.6287734508514404,-0.3158838152885437,0.272774875164032,0.6005176305770874,-0.305693119764328,0.2743472456932068,0.6091836094856262,-0.31921690702438354,0.27365511655807495,0.5910925269126892,-0.20038428902626038,0.2874406576156616,0.6765657663345337,-0.2536357045173645,0.30896231532096863,0.5508823990821838,-0.1646222174167633,0.329953670501709,0.6754077672958374,-0.21114203333854675,0.3405689001083374,0.5250272154808044,-0.20480838418006897,0.34818223118782043,0.6631937623023987,-0.2044408619403839,0.34943804144859314,0.5096404552459717,-0.2205812633037567,0.36136361956596375,0.6555696129798889,-0.22026126086711884,0.35289397835731506,0.5114098191261292,-0.24008426070213318,0.3579416871070862,0.6505929231643677,-0.2360447347164154,0.35066014528274536,0.5213814377784729,-0.21348492801189423,0.35525816679000854,0.6491464376449585,-0.2108592540025711,0.3209998905658722,0.6260756850242615,0.019789664074778557,0.33158236742019653,0.6742231845855713,-0.01973697729408741,0.32666054368019104,0.5616840124130249,0.09280083328485489,0.3773557245731354,0.6335315108299255,0.06459296494722366,0.3442223370075226,0.5463683009147644,0.2447289228439331,0.38793709874153137,0.6525818109512329,0.2780653238296509,0.34817200899124146,0.5529766082763672,0.2601372301578522,0.3891320824623108,0.6573644280433655,0.2997698485851288,0.3600834310054779,0.5095837712287903,0.2379869520664215,0.40358179807662964,0.6520785093307495,0.27430304884910583
0352,./images/155/frame_00352.jpg,Fall,0.27050256729125977,0.6053615808486938,-0.36088651418685913,0.2647269368171692,0.6053060293197632,-0.35577380657196045,0.26381781697273254,0.6043415665626526,-0.35584408044815063,0.2627706825733185,0.6032767295837402,-0.35598084330558777,0.26604750752449036,0.6109865307807922,-0.3657255470752716,0.26609575748443604,0.61443030834198,-0.36576876044273376,0.2661684453487396,0.6183028221130371,-0.3658025860786438,0.2603514790534973,0.6101928949356079,-0.2886209189891815,0.264658659696579,0.6354482173919678,-0.33172744512557983,0.2735197842121124,0.6068683862686157,-0.3307846486568451,0.2749853730201721,0.6154699325561523,-0.34348076581954956,0.2731280028820038,0.5952709913253784,-0.2047770768404007,0.28809916973114014,0.678618848323822,-0.27185800671577454,0.3080911934375763,0.5575022101402283,-0.1681874841451645,0.33412623405456543,0.6706560254096985,-0.2577795088291168,0.3412325084209442,0.5304107666015625,-0.20607177913188934,0.3591271638870239,0.6601781249046326,-0.2970638573169708,0.3502728343009949,0.5160391926765442,-0.2225136011838913,0.3683297336101532,0.6525879502296448,-0.3243050277233124,0.35354098677635193,0.520497739315033,-0.24466267228126526,0.36477917432785034,0.6480283737182617,-0.34133508801460266,0.3513735830783844,0.5295565724372864,-0.2156359702348709,0.36123859882354736,0.6474673748016357,-0.3054525554180145,0.31921491026878357,0.6270249485969543,0.022956619039177895,0.33158421516418457,0.6769206523895264,-0.02287967875599861,0.32766830921173096,0.5592215061187744,0.023704934865236282,0.38084539771080017,0.6311245560646057,-0.08422806113958359,0.34300073981285095,0.5521559715270996,0.22071297466754913,0.3914535343647003,0.6516930460929871,0.1248149648308754,0.34596216678619385,0.5593544244766235,0.23388886451721191,0.3912317752838135,0.6588865518569946,0.14646370708942413,0.35734090209007263,0.5221067070960999,0.19852691888809204,0.40849238634109497,0.6517481803894043,0.1162581592798233
0353,./images/155/frame_00353.jpg,Fall,0.2701214551925659,0.6103186011314392,-0.351640522480011,0.2641444206237793,0.6097989082336426,-0.34259629249572754,0.26329106092453003,0.6086496710777283,-0.34268444776535034,0.26235485076904297,0.6075366735458374,-0.34285110235214233,0.26543837785720825,0.6159796714782715,-0.35867464542388916,0.26545989513397217,0.6196323037147522,-0.3587094843387604,0.26549938321113586,0.6233655214309692,-0.3587260842323303,0.25943678617477417,0.6152148246765137,-0.27978548407554626,0.26378875970840454,0.6393915414810181,-0.3182274401187897,0.2733098268508911,0.6114004850387573,-0.3267025947570801,0.27477291226387024,0.6209299564361572,-0.33515721559524536,0.2717682123184204,0.6027721166610718,-0.19583868980407715,0.28943321108818054,0.6840882897377014,-0.2519613802433014,0.3064751923084259,0.5658140182495117,-0.1550542116165161,0.3341580033302307,0.6698875427246094,-0.2283148467540741,0.33861687779426575,0.5390327572822571,-0.18493583798408508,0.36017054319381714,0.6506643891334534,-0.24912671744823456,0.347649484872818,0.5252689123153687,-0.1988813281059265,0.36906617879867554,0.6475713849067688,-0.2694033086299896,0.3523387014865875,0.5286765098571777,-0.2205156832933426,0.3655039668083191,0.6414273977279663,-0.28753527998924255,0.349364310503006,0.531622052192688,-0.1939627081155777,0.3619704842567444,0.6401259303092957,-0.2569994032382965,0.3173938989639282,0.6302362084388733,0.01844584010541439,0.33164507150650024,0.6809284687042236,-0.01837247982621193,0.31144869327545166,0.5594931840896606,-0.06274744868278503,0.37972578406333923,0.6283721327781677,-0.06527391076087952,0.343933641910553,0.5544278621673584,0.07622262835502625,0.3909224569797516,0.6510699987411499,0.151470348238945,0.349433958530426,0.5618156790733337,0.0897083431482315,0.38996395468711853,0.6578823328018188,0.1733059287071228,0.3580656945705414,0.5258579254150391,0.055582690984010696,0.40451234579086304,0.6503216028213501,0.151818186044693
0388,./images/155/frame_00388.jpg,Fall,0.3704046607017517,0.6131043434143066,-0.04567090421915054,0.3717532157897949,0.6040877103805542,-0.05119013041257858,0.37039029598236084,0.6013693809509277,-0.05119497701525688,0.3693021833896637,0.5994018316268921,-0.051227979362010956,0.3741351068019867,0.6099225282669067,-0.062137454748153687,0.37474220991134644,0.6116186380386353,-0.06213683634996414,0.3753131330013275,0.6132330894470215,-0.06214391067624092,0.3663685917854309,0.5978445410728455,-0.053634293377399445,0.37269899249076843,0.6141703724861145,-0.1035064235329628,0.3646312355995178,0.6151078343391418,-0.04166401922702789,0.36723825335502625,0.621841311454773,-0.056158196181058884,0.3329034447669983,0.5871925354003906,-0.012638215906918049,0.35996824502944946,0.6531445384025574,-0.12111368030309677,0.3276596963405609,0.6249051690101624,0.08082265406847,0.37653446197509766,0.6819681525230408,-0.1326480656862259,0.3483421206474304,0.6637140512466431,0.14492665231227875,0.3983007073402405,0.6732367873191833,-0.12703610956668854,0.3510878086090088,0.6655198335647583,0.15579502284526825,0.40622395277023315,0.6836562156677246,-0.14273539185523987,0.3540481925010681,0.6705688238143921,0.14170724153518677,0.40607133507728577,0.6772958040237427,-0.13799680769443512,0.35325971245765686,0.6742167472839355,0.14186923205852509,0.4017373025417328,0.6760576963424683,-0.12536126375198364,0.2747202217578888,0.6949270963668823,0.0314362458884716,0.29212266206741333,0.7390420436859131,-0.03179149329662323,0.26326167583465576,0.7291985154151917,0.2237926721572876,0.2868778109550476,0.7662128806114197,0.15033414959907532,0.24446722865104675,0.7819815874099731,0.28686994314193726,0.25316980481147766,0.7979841232299805,0.22943630814552307,0.23776957392692566,0.7921037673950195,0.2950226068496704,0.24418982863426208,0.8029915690422058,0.239374041557312,0.2526405453681946,0.7957648634910583,0.3056964874267578,0.2559390068054199,0.8089771866798401,0.2511673867702484
0389,./images/155/frame_00389.jpg,Fall,0.3682742416858673,0.6169024705886841,0.015312353149056435,0.37040454149246216,0.6073180437088013,0.004664313979446888,0.3694794774055481,0.6050472855567932,0.00464872270822525,0.36789658665657043,0.6051062941551208,0.004621734376996756,0.37261098623275757,0.6133682727813721,-0.0036027971655130386,0.3731961250305176,0.6148852109909058,-0.0035864587407559156,0.3737213909626007,0.6164427399635315,-0.0036191437393426895,0.36491745710372925,0.5994311571121216,-0.01804269663989544,0.37137535214424133,0.6171272993087769,-0.05566270276904106,0.36276793479919434,0.6193132996559143,0.01247047446668148,0.36475303769111633,0.6248615980148315,0.0013673106441274285,0.3288455605506897,0.5877918004989624,0.004449400119483471,0.36012113094329834,0.6485973596572876,-0.07492076605558395,0.3261624872684479,0.6182542443275452,0.10590513795614243,0.37900692224502563,0.6821675300598145,-0.032078661024570465,0.3380664885044098,0.648158073425293,0.18697066605091095,0.39203599095344543,0.668111264705658,0.0453977957367897,0.3378463387489319,0.6502354741096497,0.20023015141487122,0.39606088399887085,0.667900025844574,0.046283699572086334,0.33953437209129333,0.6537032723426819,0.19217011332511902,0.3926655352115631,0.663325309753418,0.0449809767305851,0.3397153317928314,0.6561386585235596,0.18685844540596008,0.38942307233810425,0.6629360914230347,0.047606442123651505,0.27429166436195374,0.6919141411781311,0.025340011343359947,0.29261815547943115,0.7289829850196838,-0.025682616978883743,0.2626177966594696,0.7397774457931519,0.17415335774421692,0.2890455424785614,0.7657231092453003,0.13611936569213867,0.24406631290912628,0.7985743284225464,0.2294398844242096,0.25734657049179077,0.806367039680481,0.2127031534910202,0.23715373873710632,0.8101393580436707,0.23774893581867218,0.2481849193572998,0.8120809197425842,0.2235557585954666,0.2526400685310364,0.8143948912620544,0.25313228368759155,0.2613871991634369,0.8259592056274414,0.24341550469398499
0390,./images/155/frame_00390.jpg,Fall,0.3681279122829437,0.6180359721183777,-0.11247271299362183,0.37035349011421204,0.6073399782180786,-0.12452350556850433,0.36957672238349915,0.6082150936126709,-0.1245315819978714,0.36803746223449707,0.6063281297683716,-0.12456746399402618,0.3719026446342468,0.613964319229126,-0.1301911175251007,0.3725418746471405,0.6158942580223083,-0.13020126521587372,0.37290769815444946,0.6173331141471863,-0.13020530343055725,0.36209022998809814,0.6001545190811157,-0.13575637340545654,0.37025851011276245,0.6181128025054932,-0.16157248616218567,0.3628794550895691,0.619276762008667,-0.11001069843769073,0.36429962515830994,0.626132071018219,-0.11750887334346771,0.32951152324676514,0.5863142013549805,-0.0952494665980339,0.35397759079933167,0.6660544276237488,-0.14504489302635193,0.32907697558403015,0.6097345948219299,0.0003829873166978359,0.35544437170028687,0.7069069147109985,-0.08805229514837265,0.34824907779693604,0.6424058079719543,0.0555490180850029,0.37092795968055725,0.6887422204017639,-0.03601311892271042,0.3508961796760559,0.6431472301483154,0.05814666301012039,0.37447184324264526,0.6891502141952515,-0.04209596663713455,0.3511432707309723,0.6495012640953064,0.048340581357479095,0.3734923005104065,0.6765715479850769,-0.04769030958414078,0.3497869670391083,0.6531835794448853,0.05356544256210327,0.37039199471473694,0.6737123131752014,-0.03703349083662033,0.27846065163612366,0.6853060126304626,0.021938271820545197,0.29261964559555054,0.729071319103241,-0.022120937705039978,0.26376768946647644,0.737988293170929,0.1654433161020279,0.28591784834861755,0.7666887640953064,0.1314469277858734,0.24577531218528748,0.7925320863723755,0.25898510217666626,0.2571079730987549,0.806671679019928,0.24797499179840088,0.238931342959404,0.8006787896156311,0.2807163596153259,0.247714564204216,0.8121079206466675,0.2625025808811188,0.25704067945480347,0.8097021579742432,0.2809649109840393,0.26134008169174194,0.8234409093856812,0.27133241295814514
0391,./images/155/frame_00391.jpg,Fall,0.36776602268218994,0.616597056388855,-0.006982035003602505,0.37032550573349,0.6070322394371033,-0.01882869563996792,0.36958616971969604,0.6076295971870422,-0.018834831193089485,0.3680644631385803,0.6057555675506592,-0.01886262558400631,0.37194329500198364,0.6129027605056763,-0.023487502709031105,0.3725718557834625,0.6144481301307678,-0.023469146341085434,0.37299394607543945,0.6157504916191101,-0.02348710037767887,0.36279231309890747,0.6001043319702148,-0.046720653772354126,0.3703853189945221,0.6172969341278076,-0.06695839762687683,0.36274254322052,0.6190714836120605,-0.01179552637040615,0.3641597628593445,0.6253901720046997,-0.01807335391640663,0.33056432008743286,0.5860486030578613,-0.031233813613653183,0.3621782958507538,0.6586768627166748,-0.07814475148916245,0.3319161534309387,0.6107931137084961,0.043097276240587234,0.382144570350647,0.6771511435508728,-0.05630205199122429,0.3465515077114105,0.641353189945221,0.1053146943449974,0.39033547043800354,0.6695769429206848,-0.01831275224685669,0.34691742062568665,0.6439241766929626,0.11303883790969849,0.3901614546775818,0.6689699292182922,-0.022599738091230392,0.34837591648101807,0.6476128697395325,0.10255280882120132,0.3855796456336975,0.6652652025222778,-0.023245399817824364,0.34794121980667114,0.6499773859977722,0.10359982401132584,0.38473793864250183,0.6639347672462463,-0.01718304306268692,0.28160861134529114,0.6821049451828003,0.019475221633911133,0.2990349531173706,0.7192029356956482,-0.019824106246232986,0.27265244722366333,0.7372047305107117,0.1627659648656845,0.2930251657962799,0.7586832642555237,0.12379338592290878,0.24776813387870789,0.7906203269958496,0.1925583779811859,0.2602086067199707,0.8006055355072021,0.1643834412097931,0.24071750044822693,0.7962466478347778,0.1976524293422699,0.2511744797229767,0.8054946064949036,0.17084215581417084,0.25588586926460266,0.8076878786087036,0.2042991816997528,0.260743111371994,0.8147761821746826,0.18379290401935577
0441,./images/155/frame_00441.jpg,Fall,0.35169270634651184,0.5811091661453247,0.20013637840747833,0.3536720275878906,0.5761169791221619,0.19367249310016632,0.3528156876564026,0.5752615928649902,0.19366861879825592,0.3519442081451416,0.5744197964668274,0.1936805695295334,0.3562740087509155,0.5786868929862976,0.19375310838222504,0.3572500944137573,0.5797514915466309,0.19373291730880737,0.35822373628616333,0.5809093117713928,0.19365456700325012,0.3493784964084625,0.5762066841125488,0.16249392926692963,0.3584012985229492,0.5885235667228699,0.16236193478107452,0.34797200560569763,0.5843926668167114,0.19008773565292358,0.3505796492099762,0.5866678953170776,0.1899816393852234,0.3318035900592804,0.5763712525367737,0.11754725128412247,0.35965365171432495,0.6262781023979187,0.11920919269323349,0.31677383184432983,0.6036345958709717,0.046101171523332596,0.361747682094574,0.6485793590545654,0.049663152545690536,0.31809520721435547,0.6194836497306824,-0.00010159596422454342,0.350987046957016,0.6493220925331116,-6.326052243821323e-05,0.3161221146583557,0.6212969422340393,-0.008284574374556541,0.3491328954696655,0.6513290405273438,-0.003166165901347995,0.31941622495651245,0.6246658563613892,-0.0008226960198953748,0.34670472145080566,0.6481627821922302,0.0024071396328508854,0.32026955485343933,0.6264380216598511,0.0018784541171044111,0.3460977077484131,0.6466814279556274,0.0014503373531624675,0.2826785147190094,0.6521614193916321,0.0017887484282255173,0.30067428946495056,0.687322199344635,-0.0021185323130339384,0.2554730176925659,0.6755797863006592,0.06478605419397354,0.2721422612667084,0.7202068567276001,-0.0020684031769633293,0.22533008456230164,0.7205966711044312,-0.06578879058361053,0.2328195571899414,0.7428641319274902,-0.1506694108247757,0.2213456630706787,0.7283942103385925,-0.08204381912946701,0.22642096877098083,0.7461608648300171,-0.16732214391231537,0.21218208968639374,0.7331289649009705,-0.10032705962657928,0.21886953711509705,0.7509771585464478,-0.1931620091199875
0442,./images/155/frame_00442.jpg,Fall,0.35529062151908875,0.5790154337882996,0.2175232619047165,0.3553929626941681,0.5728428959846497,0.21296902000904083,0.35415220260620117,0.5706517696380615,0.2129857838153839,0.3533076345920563,0.5692410469055176,0.2130073606967926,0.35854679346084595,0.5780753493309021,0.2085782289505005,0.35926932096481323,0.5794892311096191,0.2085578888654709,0.35990387201309204,0.5807870030403137,0.20849886536598206,0.3484728932380676,0.5728486180305481,0.17915350198745728,0.3593243956565857,0.5880839824676514,0.1621740460395813,0.3497236371040344,0.5836516618728638,0.20585064589977264,0.35486748814582825,0.5859032869338989,0.20023378729820251,0.3292465806007385,0.5763848423957825,0.14549535512924194,0.3595685064792633,0.6263055801391602,0.09775090962648392,0.30666956305503845,0.606917679309845,0.11116150766611099,0.37456804513931274,0.6461631059646606,0.0331793837249279,0.30377820134162903,0.6315269470214844,0.08873936533927917,0.3792484700679779,0.6401872038841248,0.003985183779150248,0.30221664905548096,0.6347103714942932,0.08940926194190979,0.38196027278900146,0.6402572989463806,9.891555237118155e-05,0.304856538772583,0.6395736932754517,0.08988718688488007,0.3796522617340088,0.6361068487167358,0.008797203190624714,0.30588498711586,0.6406044363975525,0.08865884691476822,0.37742191553115845,0.6353292465209961,0.00719524547457695,0.2810886800289154,0.6521602869033813,0.01136656291782856,0.3007396161556244,0.6886725425720215,-0.011753728613257408,0.25015684962272644,0.6875420808792114,0.05413110926747322,0.26959460973739624,0.7232137322425842,-0.0075179398991167545,0.2248210608959198,0.7222954034805298,-0.15739187598228455,0.2337743043899536,0.7434737086296082,-0.24497322738170624,0.2213554084300995,0.7283968329429626,-0.18266728520393372,0.23054984211921692,0.7461387515068054,-0.27105239033699036,0.21163463592529297,0.7339111566543579,-0.2134389579296112,0.21625475585460663,0.7518758773803711,-0.30443841218948364
0443,./images/155/frame_00443.jpg,Fall,0.35604435205459595,0.5744636058807373,0.16082289814949036,0.3559379279613495,0.5689820051193237,0.15327709913253784,0.3548041880130768,0.5673477053642273,0.1532587856054306,0.35389190912246704,0.5658219456672668,0.15328499674797058,0.35912975668907166,0.5749292373657227,0.1523304283618927,0.3602197468280792,0.5778617858886719,0.1522982120513916,0.3608793616294861,0.5795465111732483,0.15225307643413544,0.349714457988739,0.5677211284637451,0.11646713316440582,0.3597492277622223,0.5876835584640503,0.112554632127285,0.3514012396335602,0.5785815119743347,0.14879047870635986,0.35617730021476746,0.5838422775268555,0.1477287858724594,0.3282553553581238,0.5759379267692566,0.08486611396074295,0.3566465675830841,0.6307035088539124,0.0733925849199295,0.30759936571121216,0.6004535555839539,0.03992443531751633,0.37054672837257385,0.6497806310653687,0.01943078450858593,0.3081057071685791,0.6292904615402222,0.011423902586102486,0.37169453501701355,0.6363141536712646,-0.014486931264400482,0.30598899722099304,0.6320902705192566,0.0152201596647501,0.3692326247692108,0.6342400312423706,-0.015236370265483856,0.3090965449810028,0.6370149254798889,0.010612722486257553,0.3686005771160126,0.6288389563560486,-0.008733825758099556,0.3102506995201111,0.6380112171173096,0.01087478082627058,0.36887064576148987,0.6290143728256226,-0.01231885515153408,0.2785603106021881,0.6514046788215637,0.009889264591038227,0.2981036603450775,0.6914337277412415,-0.010139349848031998,0.24735161662101746,0.6863712072372437,0.06223543733358383,0.26825645565986633,0.7224703431129456,0.009273972362279892,0.22627535462379456,0.7212142944335938,-0.16457943618297577,0.2366763800382614,0.7431385517120361,-0.2545645833015442,0.2245619297027588,0.7237250208854675,-0.19136832654476166,0.23472706973552704,0.7446032762527466,-0.28374743461608887,0.21306733787059784,0.7381511926651001,-0.22163227200508118,0.2163785696029663,0.7541550397872925,-0.31823474168777466
0444,./images/155/frame_00444.jpg,Fall,0.3574769198894501,0.5742835402488708,0.2559400200843811,0.35653409361839294,0.5691771507263184,0.2508166432380676,0.35547804832458496,0.5678048729896545,0.2508602738380432,0.35438984632492065,0.5660327076911926,0.25090256333351135,0.36009764671325684,0.5744146108627319,0.2451835572719574,0.3609592616558075,0.5767972469329834,0.24517016112804413,0.36209243535995483,0.5792673826217651,0.24507930874824524,0.3489055335521698,0.567644476890564,0.21251972019672394,0.36066561937332153,0.5862395167350769,0.18761101365089417,0.3520103991031647,0.5790550112724304,0.24270829558372498,0.3564079999923706,0.5841118097305298,0.23561573028564453,0.3276175558567047,0.5756924748420715,0.17992721498012543,0.3597680926322937,0.6264364719390869,0.11308979988098145,0.3135538101196289,0.6042037010192871,0.160142719745636,0.3870227336883545,0.6459164023399353,0.07941366732120514,0.3163226246833801,0.6367328763008118,0.1438392698764801,0.3961898684501648,0.6369551420211792,0.10292147099971771,0.3155088722705841,0.6403868794441223,0.14141955971717834,0.39990687370300293,0.6360446214675903,0.10099108517169952,0.31843793392181396,0.6445344090461731,0.14360764622688293,0.39506667852401733,0.6313433647155762,0.10662665218114853,0.319414347410202,0.6458448767662048,0.14336135983467102,0.39258721470832825,0.6312776207923889,0.10554101318120956,0.2787659764289856,0.6492621898651123,0.015980390831828117,0.3022620975971222,0.6888526678085327,-0.016279038041830063,0.24588248133659363,0.693362832069397,0.0341743640601635,0.26851993799209595,0.7291367650032043,-0.01920069009065628,0.22317655384540558,0.7230185866355896,-0.16388627886772156,0.2335325926542282,0.7464264631271362,-0.223756343126297,0.221029132604599,0.7250635623931885,-0.18809276819229126,0.23197583854198456,0.7462571859359741,-0.24689491093158722,0.21111805737018585,0.7384567260742188,-0.2176016867160797,0.2106471061706543,0.7583668231964111,-0.28081610798835754
0445,./images/155/frame_00445.jpg,Fall,0.358100950717926,0.5737597942352295,0.22604987025260925,0.35682374238967896,0.5687391757965088,0.22048333287239075,0.3557657301425934,0.5674103498458862,0.2204856127500534,0.354495644569397,0.5651488304138184,0.22052261233329773,0.3602159917354584,0.5744379162788391,0.22815021872520447,0.3609650731086731,0.5766496658325195,0.22806128859519958,0.36186590790748596,0.5788217186927795,0.22789819538593292,0.3500385880470276,0.5663312077522278,0.18630939722061157,0.3608342111110687,0.5854411125183105,0.1538415253162384,0.3527226448059082,0.5789129734039307,0.21414092183113098,0.3565458655357361,0.5842052698135376,0.2223537266254425,0.33066844940185547,0.573925256729126,0.15158483386039734,0.3624277710914612,0.6225801110267639,0.0853375643491745,0.3262735903263092,0.6036306619644165,0.12694089114665985,0.38723379373550415,0.6406576633453369,0.05958317592740059,0.3385990858078003,0.6367924809455872,0.09452371299266815,0.4004921317100525,0.637616753578186,0.05618749186396599,0.34048277139663696,0.6411340236663818,0.0891241803765297,0.40493208169937134,0.6375586986541748,0.0514226071536541,0.3434419333934784,0.6446784734725952,0.08873225748538971,0.4011158049106598,0.6336584091186523,0.057071663439273834,0.3428700566291809,0.645677924156189,0.09291272610425949,0.39835625886917114,0.633342981338501,0.058705635368824005,0.28203868865966797,0.6474233269691467,0.01616620644927025,0.3047230839729309,0.6869034767150879,-0.01645118184387684,0.24723446369171143,0.6889544725418091,0.04377545043826103,0.26936209201812744,0.7309273481369019,-0.013605654239654541,0.2204364538192749,0.7241686582565308,-0.09348921477794647,0.23012025654315948,0.747313916683197,-0.13599041104316711,0.21812096238136292,0.7289647459983826,-0.10808704048395157,0.2272331714630127,0.7464730739593506,-0.1495906114578247,0.20768125355243683,0.7398055791854858,-0.12845037877559662,0.20856723189353943,0.759321928024292,-0.17592386901378632
0536,./images/155/frame_00536.jpg,Fall,0.25748544931411743,0.7264463901519775,-0.35383525490760803,0.25553014874458313,0.7294115424156189,-0.3656841218471527,0.2552051842212677,0.7294658422470093,-0.3656633198261261,0.25350141525268555,0.7246307134628296,-0.3657209575176239,0.2561950981616974,0.7324527502059937,-0.3644373416900635,0.25603944063186646,0.7343183159828186,-0.3645364046096802,0.25587549805641174,0.7361570596694946,-0.36464616656303406,0.24794557690620422,0.7255351543426514,-0.3444244861602783,0.25274431705474854,0.7444849014282227,-0.3399994671344757,0.25732195377349854,0.7276402711868286,-0.3373029828071594,0.2592315673828125,0.7292250990867615,-0.33618998527526855,0.24412254989147186,0.6921275854110718,-0.2749507427215576,0.27508416771888733,0.7718133926391602,-0.2619096636772156,0.2874703109264374,0.6431723833084106,-0.23053689301013947,0.32025036215782166,0.7126350402832031,-0.21210315823554993,0.3303441107273102,0.6159966588020325,-0.2621248960494995,0.3526020050048828,0.6654024124145508,-0.24304094910621643,0.3394974172115326,0.6054995059967041,-0.28351280093193054,0.36103421449661255,0.6572287082672119,-0.2617243528366089,0.3399938941001892,0.6070749759674072,-0.3003067672252655,0.3615920841693878,0.6550852656364441,-0.28246018290519714,0.3353128731250763,0.6149213910102844,-0.2695869505405426,0.3568764925003052,0.6553647518157959,-0.25178709626197815,0.3091287612915039,0.6375570893287659,0.001119630178436637,0.3195267915725708,0.6650432348251343,-0.001177071244455874,0.3519577085971832,0.6140589118003845,0.13948626816272736,0.35675641894340515,0.6376940608024597,0.1338217705488205,0.36327487230300903,0.6373478770256042,0.36605149507522583,0.36943694949150085,0.6484057307243347,0.3687891662120819,0.3624340891838074,0.6385578513145447,0.38868188858032227,0.36820265650749207,0.6472119688987732,0.3926214575767517,0.3754163086414337,0.6514450311660767,0.3562568426132202,0.3794120252132416,0.6539679169654846,0.3614410161972046
0537,./images/155/frame_00537.jpg,Fall,0.2673228979110718,0.7304884195327759,-0.3383946716785431,0.26382362842559814,0.7325335144996643,-0.35251370072364807,0.2629322409629822,0.7319487929344177,-0.3524927496910095,0.26199379563331604,0.7302942276000977,-0.35253870487213135,0.2651068866252899,0.7364673018455505,-0.3458234369754791,0.26476237177848816,0.7377534508705139,-0.3459097146987915,0.2644115090370178,0.7390235662460327,-0.34600359201431274,0.25306713581085205,0.7296440005302429,-0.34404367208480835,0.2579105496406555,0.7459431886672974,-0.3160911798477173,0.2611704468727112,0.7314697504043579,-0.3277837336063385,0.2628835141658783,0.7316789627075195,-0.319428414106369,0.24640946090221405,0.7009330987930298,-0.28331783413887024,0.2711198925971985,0.7568998336791992,-0.24000799655914307,0.28556352853775024,0.6427605748176575,-0.24964284896850586,0.3200715184211731,0.7123645544052124,-0.19098398089408875,0.32805925607681274,0.6150110960006714,-0.28086069226264954,0.35299748182296753,0.6689468026161194,-0.22624698281288147,0.3344711363315582,0.6054539084434509,-0.30333685874938965,0.3611803352832794,0.664509654045105,-0.24525706470012665,0.33690351247787476,0.6045237183570862,-0.3183128535747528,0.3617928922176361,0.6643063426017761,-0.2656739354133606,0.3336736559867859,0.6119824647903442,-0.2876633405685425,0.35717758536338806,0.6630851030349731,-0.23598964512348175,0.3094436228275299,0.6481369137763977,-0.006141550373286009,0.31823965907096863,0.6678262948989868,0.006062848027795553,0.3433266580104828,0.6248630285263062,0.17806674540042877,0.3512001037597656,0.6586218476295471,0.18626542389392853,0.3515107035636902,0.6350216865539551,0.38328614830970764,0.3684985935688019,0.6482757329940796,0.3982904851436615,0.350986510515213,0.6341139674186707,0.4035893380641937,0.3678222894668579,0.6456253528594971,0.41889554262161255,0.360199511051178,0.6434345245361328,0.3651086390018463,0.37842291593551636,0.6475090384483337,0.3758617341518402
0538,./images/155/frame_00538.jpg,Fall,0.2716199457645416,0.7302805781364441,-0.3402019143104553,0.2673625349998474,0.7324329614639282,-0.35441136360168457,0.26605868339538574,0.7318474650382996,-0.35437214374542236,0.26485416293144226,0.73008793592453,-0.3543415069580078,0.26951393485069275,0.736698567867279,-0.351680189371109,0.2694489359855652,0.7381162047386169,-0.3517783582210541,0.26937776803970337,0.7395095825195312,-0.35188382863998413,0.2550956606864929,0.7295361161231995,-0.347319096326828,0.2625485360622406,0.7465643882751465,-0.32179227471351624,0.2640383243560791,0.7314274907112122,-0.330396443605423,0.2657095789909363,0.7321528792381287,-0.32460492849349976,0.24668867886066437,0.6999553442001343,-0.28235992789268494,0.27159127593040466,0.7527391910552979,-0.24361220002174377,0.2855961322784424,0.6404450535774231,-0.2359025478363037,0.3200165331363678,0.7119490504264832,-0.17885327339172363,0.3266356289386749,0.6143535375595093,-0.24915973842144012,0.3516846299171448,0.6776273250579834,-0.18895043432712555,0.33380839228630066,0.6054538488388062,-0.26315054297447205,0.3592280149459839,0.6736893653869629,-0.20197267830371857,0.33606964349746704,0.6045224666595459,-0.2792224586009979,0.3599631190299988,0.6765747666358948,-0.219076007604599,0.3331959545612335,0.6117362380027771,-0.2549448609352112,0.35557204484939575,0.6755967736244202,-0.19658401608467102,0.30958613753318787,0.6472461223602295,-0.003149600699543953,0.31872278451919556,0.6689761877059937,0.0030690347775816917,0.345136433839798,0.6235262751579285,0.1875513345003128,0.3520689606666565,0.6584857702255249,0.1745670884847641,0.3507595360279083,0.6360872983932495,0.40830373764038086,0.37151315808296204,0.6542290449142456,0.38668572902679443,0.3496360182762146,0.635533332824707,0.43090683221817017,0.3709662854671478,0.6524581909179688,0.410132497549057,0.3592507243156433,0.6444171667098999,0.4015820622444153,0.3829719126224518,0.6507746577262878,0.3671143054962158
0539,./images/155/frame_00539.jpg,Fall,0.26930636167526245,0.7353101372718811,-0.3233153820037842,0.26748210191726685,0.7364267706871033,-0.3382258117198944,0.2665375769138336,0.73600834608078,-0.3382071852684021,0.2656625807285309,0.7357867956161499,-0.3382212817668915,0.268790066242218,0.7396200299263,-0.33316895365715027,0.2684643864631653,0.740462064743042,-0.3332463800907135,0.2681296169757843,0.7412972450256348,-0.33334416151046753,0.2569360136985779,0.7356147766113281,-0.336426317691803,0.2616221010684967,0.7471346259117126,-0.3122536838054657,0.26461881399154663,0.737072765827179,-0.3142247200012207,0.26568764448165894,0.7363089919090271,-0.3076495826244354,0.2518877685070038,0.7141174077987671,-0.2764423191547394,0.2668774425983429,0.7363496422767639,-0.2431306540966034,0.29494374990463257,0.6552460193634033,-0.22298653423786163,0.3146135210990906,0.6880916357040405,-0.18856213986873627,0.3268886208534241,0.6175477504730225,-0.2322145402431488,0.34700557589530945,0.657810628414154,-0.21145212650299072,0.3340742290019989,0.6096289157867432,-0.24813120067119598,0.35378044843673706,0.6522364020347595,-0.22844433784484863,0.336385577917099,0.6046813726425171,-0.2647075355052948,0.3546782433986664,0.6575284004211426,-0.2465249001979828,0.33357223868370056,0.6118404269218445,-0.23866374790668488,0.350857675075531,0.6580902338027954,-0.21973295509815216,0.3117242455482483,0.6542444825172424,-0.0013788200449198484,0.3185334801673889,0.6673109531402588,0.0013149888254702091,0.34371140599250793,0.6241298913955688,0.17122386395931244,0.35164913535118103,0.6545963883399963,0.16266319155693054,0.3449762463569641,0.6406798958778381,0.40879884362220764,0.3715563118457794,0.6538320183753967,0.3826902508735657,0.34381362795829773,0.641028642654419,0.4335781931877136,0.3712906241416931,0.6524896621704102,0.4057600498199463,0.34921568632125854,0.6526672840118408,0.41539302468299866,0.3826161026954651,0.6508452296257019,0.37112903594970703
0540,./images/155/frame_00540.jpg,Fall,0.2706684470176697,0.7344391942024231,-0.33210521936416626,0.27070194482803345,0.7350592017173767,-0.3446820378303528,0.26928961277008057,0.7339215874671936,-0.34466424584388733,0.26799020171165466,0.7347835302352905,-0.3447021543979645,0.27321454882621765,0.739213228225708,-0.33990809321403503,0.27321505546569824,0.7400949001312256,-0.33998098969459534,0.2732105553150177,0.7411523461341858,-0.34006577730178833,0.2576490640640259,0.7352631688117981,-0.33132264018058777,0.26618924736976624,0.748848021030426,-0.3079230487346649,0.266867071390152,0.7364003658294678,-0.31914839148521423,0.2680588364601135,0.7362186908721924,-0.3129485249519348,0.25078481435775757,0.7110286355018616,-0.2650811970233917,0.2680054306983948,0.7447563409805298,-0.23243577778339386,0.29042908549308777,0.6525096893310547,-0.2247360497713089,0.31538087129592896,0.6977521181106567,-0.18592455983161926,0.32692375779151917,0.6181724071502686,-0.2429569512605667,0.3498119115829468,0.6584694385528564,-0.2105504274368286,0.33445894718170166,0.609358549118042,-0.2620745301246643,0.358293741941452,0.6534548997879028,-0.22433443367481232,0.3365880846977234,0.6061769723892212,-0.2785833477973938,0.35913485288619995,0.6565383076667786,-0.24236485362052917,0.3337593674659729,0.612574577331543,-0.25002285838127136,0.35442206263542175,0.6572748422622681,-0.21811413764953613,0.3115827143192291,0.6520594358444214,-0.0012683940585702658,0.3182150721549988,0.67417311668396,0.0012134569697082043,0.3484303653240204,0.6130926012992859,0.08721080422401428,0.3511488735675812,0.6526403427124023,0.0861426293849945,0.3465288281440735,0.6349390149116516,0.31575286388397217,0.3707314133644104,0.6516146063804626,0.2693275213241577,0.34751996397972107,0.6380509734153748,0.33898016810417175,0.371212899684906,0.6513594388961792,0.28791117668151855,0.3547833263874054,0.6419774889945984,0.3244618773460388,0.3797159492969513,0.6453551650047302,0.26312822103500366
0541,./images/155/frame_00541.jpg,Fall,0.2693537473678589,0.7372143864631653,-0.26327773928642273,0.2687470018863678,0.7413014769554138,-0.2825499176979065,0.2679176926612854,0.7430852055549622,-0.28252309560775757,0.2679354250431061,0.7456146478652954,-0.2825290858745575,0.27235719561576843,0.7424284219741821,-0.27818742394447327,0.2709265351295471,0.7417035698890686,-0.2782736122608185,0.2685350775718689,0.7414206862449646,-0.27835381031036377,0.26280897855758667,0.7451840043067932,-0.3005639910697937,0.26172634959220886,0.7446284890174866,-0.2816862165927887,0.26666685938835144,0.7398185729980469,-0.2612297832965851,0.2672000825405121,0.7369673848152161,-0.2558988928794861,0.2664436399936676,0.7389152646064758,-0.2500690817832947,0.25741633772850037,0.7101556658744812,-0.22733719646930695,0.30329790711402893,0.6907423734664917,-0.1809345781803131,0.30405572056770325,0.6696959733963013,-0.16438709199428558,0.3260234594345093,0.6486977338790894,-0.15759041905403137,0.3337983191013336,0.6559099555015564,-0.1643206775188446,0.33223456144332886,0.6441242098808289,-0.16950517892837524,0.3388628661632538,0.6511871814727783,-0.17696627974510193,0.3325745165348053,0.6386246085166931,-0.18188999593257904,0.3411976099014282,0.6562411785125732,-0.19434884190559387,0.3299451172351837,0.6401062607765198,-0.16212262213230133,0.33882537484169006,0.657277524471283,-0.17189055681228638,0.3186216950416565,0.6674267649650574,-0.0022708119358867407,0.31639382243156433,0.6545957922935486,0.0021915587130934,0.34630849957466125,0.6375555396080017,0.19931937754154205,0.3444855809211731,0.6470242142677307,0.17071446776390076,0.349493145942688,0.64030921459198,0.4207751750946045,0.36282971501350403,0.6366875767707825,0.37834492325782776,0.3486543297767639,0.6387887001037598,0.4443584084510803,0.36568641662597656,0.6319749355316162,0.3997718393802643,0.34727466106414795,0.654211699962616,0.42448583245277405,0.35902681946754456,0.6389733552932739,0.37143954634666443
0542,./images/155/frame_00542.jpg,Fall,0.27300581336021423,0.7390431761741638,-0.3938579559326172,0.27047911286354065,0.7423797845840454,-0.4030682146549225,0.2695019245147705,0.7428994178771973,-0.4030678868293762,0.26819002628326416,0.7450856566429138,-0.4031287133693695,0.2724907100200653,0.7446614503860474,-0.39465707540512085,0.27186664938926697,0.7452641129493713,-0.3947283625602722,0.2710561156272888,0.7464578151702881,-0.3948098421096802,0.26120179891586304,0.7406949996948242,-0.3686741292476654,0.26461389660835266,0.7527133226394653,-0.3295609951019287,0.2691977620124817,0.7387434840202332,-0.3734554648399353,0.27089494466781616,0.7386865615844727,-0.3626035451889038,0.2553286850452423,0.6963121294975281,-0.29398030042648315,0.27176401019096375,0.7627261877059937,-0.2281772345304489,0.2854453921318054,0.6514087319374084,-0.2669805884361267,0.3169790208339691,0.7183120846748352,-0.17245785892009735,0.3225710690021515,0.642699122428894,-0.3046454191207886,0.3426368236541748,0.6771104335784912,-0.21127307415008545,0.3325483202934265,0.6380975246429443,-0.32996270060539246,0.35461926460266113,0.6714154481887817,-0.22979867458343506,0.3333032727241516,0.6285873651504517,-0.34129422903060913,0.34931468963623047,0.6701401472091675,-0.2497398406267166,0.33033838868141174,0.6328784227371216,-0.3096534311771393,0.34332162141799927,0.6681629419326782,-0.22061726450920105,0.3105167746543884,0.6524882912635803,-0.007391216699033976,0.31902000308036804,0.6809011697769165,0.007399283349514008,0.3452174961566925,0.6101943254470825,0.1497534215450287,0.34782880544662476,0.6617224216461182,0.17042016983032227,0.34954336285591125,0.6321529150009155,0.395301878452301,0.36668968200683594,0.6406617760658264,0.39313074946403503,0.3474363386631012,0.6354967951774597,0.4212005138397217,0.36761605739593506,0.6354745030403137,0.4153265058994293,0.3522557020187378,0.6370778679847717,0.3716072142124176,0.3780028223991394,0.6391167640686035,0.3712135851383209
0543,./images/155/frame_00543.jpg,Fall,0.27422815561294556,0.7472248673439026,-0.4085046648979187,0.27140048146247864,0.7506560683250427,-0.41824713349342346,0.2702700197696686,0.7515228390693665,-0.4182561933994293,0.2692241072654724,0.7525433301925659,-0.4183226525783539,0.2728014290332794,0.7528799176216125,-0.4073876440525055,0.27282482385635376,0.7550933957099915,-0.40745311975479126,0.2722082734107971,0.756939709186554,-0.40750569105148315,0.2597089409828186,0.7402274012565613,-0.3877609968185425,0.2656709551811218,0.7578931450843811,-0.33863043785095215,0.27078700065612793,0.7420570254325867,-0.38990020751953125,0.2722086012363434,0.7426531314849854,-0.37588560581207275,0.24800249934196472,0.6958147287368774,-0.3250618577003479,0.27211278676986694,0.7662222385406494,-0.23527412116527557,0.2804275453090668,0.6419832706451416,-0.30879002809524536,0.3165037930011749,0.719470739364624,-0.1780838519334793,0.31850627064704895,0.6368063688278198,-0.3431376814842224,0.33452677726745605,0.6838511824607849,-0.21208639442920685,0.3299362361431122,0.6298314332962036,-0.3739825487136841,0.3389442265033722,0.678557276725769,-0.23028329014778137,0.33383849263191223,0.632327675819397,-0.3822506368160248,0.3374180793762207,0.6835399866104126,-0.24992120265960693,0.33065757155418396,0.6355084776878357,-0.34758272767066956,0.33450114727020264,0.6838043928146362,-0.2212696075439453,0.3100791573524475,0.6511739492416382,-0.015609757974743843,0.3192693591117859,0.6827464699745178,0.01559381652623415,0.3410912752151489,0.6116690635681152,0.20855510234832764,0.3482230305671692,0.6653649806976318,0.232821986079216,0.35048407316207886,0.6215451955795288,0.44398579001426697,0.36691632866859436,0.6385737657546997,0.4785032272338867,0.34896785020828247,0.6199802756309509,0.4672935903072357,0.3676830232143402,0.6319840550422668,0.5027363300323486,0.3573855757713318,0.623779833316803,0.41868409514427185,0.381839781999588,0.6312374472618103,0.4538889527320862
0544,./images/155/frame_00544.jpg,Fall,0.2764863669872284,0.7457393407821655,-0.41131705045700073,0.2728075087070465,0.7483918070793152,-0.4220563769340515,0.27143698930740356,0.7479676008224487,-0.4220535159111023,0.26978161931037903,0.747306227684021,-0.4221014976501465,0.274655818939209,0.7528529763221741,-0.4129160940647125,0.2745852768421173,0.7552174925804138,-0.41299182176589966,0.27462297677993774,0.7584136128425598,-0.4130943715572357,0.2600618898868561,0.739784836769104,-0.38967934250831604,0.267887681722641,0.7624714970588684,-0.3485817015171051,0.2727917730808258,0.7408848404884338,-0.3912392258644104,0.2753809988498688,0.7433822751045227,-0.37964704632759094,0.2472265064716339,0.686342716217041,-0.31686946749687195,0.2739725410938263,0.7813311219215393,-0.24943523108959198,0.280966579914093,0.6379603743553162,-0.2865965664386749,0.31891846656799316,0.7390307784080505,-0.18164926767349243,0.3193073868751526,0.6372111439704895,-0.3179943263530731,0.3359547257423401,0.6993083357810974,-0.20222064852714539,0.3330778479576111,0.6330708265304565,-0.34334391355514526,0.34007152915000916,0.6911650896072388,-0.2171626091003418,0.3343687057495117,0.6414899826049805,-0.35188087821006775,0.34205085039138794,0.6933302283287048,-0.23513750731945038,0.33096814155578613,0.6460646986961365,-0.3215427100658417,0.33926716446876526,0.6940122246742249,-0.21008293330669403,0.30950188636779785,0.6487938165664673,-0.011880965903401375,0.31963372230529785,0.6902948021888733,0.01187223382294178,0.3397315740585327,0.6028273701667786,0.19322630763053894,0.3483501076698303,0.666768491268158,0.20420929789543152,0.3453844487667084,0.6192875504493713,0.44076600670814514,0.36661216616630554,0.6397407054901123,0.4379938244819641,0.34304696321487427,0.6207222938537598,0.466135174036026,0.36713308095932007,0.6344701647758484,0.46161752939224243,0.3579411804676056,0.6199235916137695,0.4284566044807434,0.38153785467147827,0.6299280524253845,0.4157532751560211
0545,./images/155/frame_00545.jpg,Fall,0.27814576029777527,0.7482606768608093,-0.3950139284133911,0.2739775776863098,0.7493605613708496,-0.4065331816673279,0.2726306617259979,0.7481132745742798,-0.40654271841049194,0.2711939215660095,0.7468043565750122,-0.40661102533340454,0.2758296728134155,0.7555020451545715,-0.3966045677661896,0.2759147882461548,0.7586553692817688,-0.39667218923568726,0.27582213282585144,0.7613087296485901,-0.39676380157470703,0.25949960947036743,0.7394256591796875,-0.3821040987968445,0.26920998096466064,0.7652607560157776,-0.3396247625350952,0.27429479360580444,0.7405961155891418,-0.37791091203689575,0.2770022749900818,0.7452191114425659,-0.36527031660079956,0.2475420981645584,0.6838493943214417,-0.3190234303474426,0.2737840414047241,0.7805205583572388,-0.23998859524726868,0.2837602198123932,0.639815092086792,-0.2921457886695862,0.31821566820144653,0.7438868880271912,-0.15800468623638153,0.33287057280540466,0.6481921672821045,-0.3159518241882324,0.33506423234939575,0.7128129601478577,-0.15749435126781464,0.34428781270980835,0.6453864574432373,-0.34205493330955505,0.33963948488235474,0.7069355249404907,-0.16647037863731384,0.3435177505016327,0.6553725004196167,-0.3488888144493103,0.33886319398880005,0.711334764957428,-0.1829988658428192,0.3383781313896179,0.6599469184875488,-0.3190731406211853,0.33557793498039246,0.7112478613853455,-0.16422249376773834,0.3091999888420105,0.6431366205215454,-0.017124172300100327,0.3196023106575012,0.6914322376251221,0.017159614711999893,0.34022057056427,0.6057304739952087,0.18177354335784912,0.3487173318862915,0.6673333644866943,0.21336571872234344,0.34983688592910767,0.618584930896759,0.41759800910949707,0.3665861487388611,0.6406359076499939,0.44801798462867737,0.347041517496109,0.6184691190719604,0.44246235489845276,0.3662492632865906,0.6358410716056824,0.4721035957336426,0.3693302869796753,0.6221692562103271,0.41252636909484863,0.38450366258621216,0.6334813237190247,0.43172603845596313
0546,./images/155/frame_00546.jpg,Fall,0.2775259017944336,0.7501377463340759,-0.3818686604499817,0.2737466096878052,0.7521008253097534,-0.3936196267604828,0.27233371138572693,0.7498958110809326,-0.3936171233654022,0.2710144519805908,0.7489959001541138,-0.3936706781387329,0.27519533038139343,0.7576261162757874,-0.3885570466518402,0.27524930238723755,0.7613029479980469,-0.38863861560821533,0.275067538022995,0.7638632655143738,-0.3887839913368225,0.25935566425323486,0.7396501302719116,-0.3722483217716217,0.2686057686805725,0.7684420943260193,-0.3262622356414795,0.2740037739276886,0.7423797845840454,-0.36555737257003784,0.2766312062740326,0.7478669285774231,-0.35864686965942383,0.24762094020843506,0.6853823065757751,-0.3107824921607971,0.2723913788795471,0.7766810059547424,-0.22652490437030792,0.28344297409057617,0.6369489431381226,-0.29071861505508423,0.3085874021053314,0.7401244044303894,-0.10945186764001846,0.32807812094688416,0.6446300745010376,-0.3165103495121002,0.30600035190582275,0.7302424907684326,-0.05903284624218941,0.34366825222969055,0.6402671933174133,-0.3419416546821594,0.30382487177848816,0.7275705337524414,-0.05896099656820297,0.34170809388160706,0.6502462029457092,-0.3453724980354309,0.30335748195648193,0.7374966740608215,-0.07207836210727692,0.3360080122947693,0.6542080044746399,-0.3183470070362091,0.30295222997665405,0.7374014258384705,-0.06308214366436005,0.30926215648651123,0.6413146257400513,-0.019481394439935684,0.31999671459198,0.6883376836776733,0.019542448222637177,0.33917051553726196,0.6057993769645691,0.2001100480556488,0.3485337495803833,0.6654573082923889,0.2275305539369583,0.346731960773468,0.6210020780563354,0.4237954616546631,0.3641371428966522,0.6461457014083862,0.45899492502212524,0.3441930115222931,0.6212016344070435,0.447181761264801,0.3628135621547699,0.6408542394638062,0.48315444588661194,0.3651276230812073,0.6257853507995605,0.4120575785636902,0.3835771381855011,0.6408259272575378,0.4438537061214447
0547,./images/155/frame_00547.jpg,Fall,0.2779128849506378,0.7483372092247009,-0.40055036544799805,0.27409765124320984,0.7504957318305969,-0.4111556112766266,0.27275189757347107,0.7484144568443298,-0.41116517782211304,0.27125388383865356,0.7475080490112305,-0.4112371504306793,0.2758326232433319,0.755406379699707,-0.4019785523414612,0.27579161524772644,0.7585011720657349,-0.4020461440086365,0.27584362030029297,0.7610564231872559,-0.40213337540626526,0.25976723432540894,0.7375226616859436,-0.3812573254108429,0.26977625489234924,0.7658081650733948,-0.3373054265975952,0.2739998698234558,0.7401641011238098,-0.3816077709197998,0.2768253684043884,0.7470990419387817,-0.36989685893058777,0.24792107939720154,0.6834495663642883,-0.31344231963157654,0.2741585969924927,0.7761237025260925,-0.2312885969877243,0.2837987542152405,0.6363401412963867,-0.2970106899738312,0.31022709608078003,0.7344577312469482,-0.1358574628829956,0.32490068674087524,0.6478436589241028,-0.3305114507675171,0.31912314891815186,0.7131847739219666,-0.11182866990566254,0.3427097797393799,0.6390408873558044,-0.3576836884021759,0.3209227919578552,0.7081795334815979,-0.11817711591720581,0.33959633111953735,0.6483743786811829,-0.3622364401817322,0.32019174098968506,0.7145509719848633,-0.13320845365524292,0.33389046788215637,0.652258574962616,-0.3330475687980652,0.3179674446582794,0.7150788307189941,-0.11747274547815323,0.3111811578273773,0.6416575908660889,-0.016795163974165916,0.32033413648605347,0.6887853145599365,0.016853002831339836,0.33718186616897583,0.6022385358810425,0.20813874900341034,0.3487424850463867,0.6685851812362671,0.22748835384845734,0.3461812138557434,0.6196712255477905,0.44223347306251526,0.3642809987068176,0.6472639441490173,0.4617306590080261,0.34432747960090637,0.6216550469398499,0.46646398305892944,0.3630834221839905,0.6417607069015503,0.4857858717441559,0.3640066981315613,0.6215084791183472,0.4268367886543274,0.3832903504371643,0.6408659815788269,0.43992266058921814
0548,./images/155/frame_00548.jpg,Fall,0.2774292826652527,0.7469626665115356,-0.41549792885780334,0.27369099855422974,0.7499988079071045,-0.4230298399925232,0.2722521424293518,0.7475840449333191,-0.4230288863182068,0.2707574963569641,0.7468723058700562,-0.4230969548225403,0.2757956385612488,0.7547577023506165,-0.415803998708725,0.2758391201496124,0.7576684951782227,-0.41587838530540466,0.27604806423187256,0.7596277594566345,-0.4159732758998871,0.26118162274360657,0.7373826503753662,-0.38090214133262634,0.27101677656173706,0.7643693089485168,-0.3473484516143799,0.27366530895233154,0.7385243773460388,-0.3921259045600891,0.27687495946884155,0.7467898726463318,-0.38286179304122925,0.24797877669334412,0.6833168268203735,-0.3084852397441864,0.27674707770347595,0.7755410671234131,-0.24839253723621368,0.28404366970062256,0.6365370154380798,-0.2893136143684387,0.3150452971458435,0.7352780103683472,-0.1824098527431488,0.3237423598766327,0.6488989591598511,-0.3229287564754486,0.3250795006752014,0.7066026926040649,-0.18632256984710693,0.34239962697029114,0.6453165411949158,-0.34772297739982605,0.32867980003356934,0.7019708752632141,-0.19824525713920593,0.3381800055503845,0.6544257402420044,-0.3524772822856903,0.3279632031917572,0.7072061896324158,-0.2105262279510498,0.3327041268348694,0.6575894951820374,-0.32528966665267944,0.32519078254699707,0.7067870497703552,-0.1914949268102646,0.3121959865093231,0.6419257521629333,-0.013666319660842419,0.3222219944000244,0.6892777681350708,0.013769296929240227,0.3419249653816223,0.5976986885070801,0.17151698470115662,0.3508363366127014,0.6672639846801758,0.21128344535827637,0.34560370445251465,0.6208685040473938,0.41620612144470215,0.36596447229385376,0.6482812762260437,0.4150095582008362,0.3423081040382385,0.6220888495445251,0.4428113102912903,0.3648630380630493,0.6448765397071838,0.43725457787513733,0.36228394508361816,0.6232529878616333,0.4126344621181488,0.3839327394962311,0.638970136642456,0.39348724484443665
0549,./images/155/frame_00549.jpg,Fall,0.27748769521713257,0.7451461553573608,-0.41459107398986816,0.2736738622188568,0.7479071617126465,-0.422564834356308,0.2720947265625,0.7451367974281311,-0.4225546717643738,0.27053144574165344,0.7440447211265564,-0.422611802816391,0.27618342638015747,0.7545967698097229,-0.4155210554599762,0.27633923292160034,0.7572089433670044,-0.415604829788208,0.2766421437263489,0.7586904764175415,-0.41570234298706055,0.26199662685394287,0.7373118996620178,-0.38030892610549927,0.27171590924263,0.7639905214309692,-0.3488087058067322,0.27381810545921326,0.7368033528327942,-0.39114826917648315,0.2773900628089905,0.7465060949325562,-0.3822787404060364,0.24821916222572327,0.6837435364723206,-0.30673444271087646,0.27686113119125366,0.777013897895813,-0.2500745356082916,0.28413689136505127,0.6372143030166626,-0.2830468714237213,0.315274715423584,0.7407256960868835,-0.17660042643547058,0.32380378246307373,0.6526994705200195,-0.31267234683036804,0.32660776376724243,0.7098714113235474,-0.1675676554441452,0.3383394181728363,0.6503380537033081,-0.3380507826805115,0.3302520215511322,0.7024283409118652,-0.17596229910850525,0.3380131721496582,0.6578741669654846,-0.351030170917511,0.32865089178085327,0.7067021727561951,-0.1879502236843109,0.3324783742427826,0.6612495183944702,-0.31686097383499146,0.3258710503578186,0.7077696323394775,-0.17161241173744202,0.31309378147125244,0.6421170830726624,-0.01332002691924572,0.3229750394821167,0.6913919448852539,0.013473579660058022,0.34340760111808777,0.5986313819885254,0.16617213189601898,0.3531075119972229,0.6716875433921814,0.20049934089183807,0.3463214337825775,0.6215932965278625,0.40860694646835327,0.36930471658706665,0.6510339975357056,0.41081857681274414,0.3435684144496918,0.6232984662055969,0.4348311424255371,0.3689627945423126,0.6478366255760193,0.4335672855377197,0.36268100142478943,0.6229102611541748,0.40359535813331604,0.38603347539901733,0.6390555500984192,0.38975393772125244
0550,./images/155/frame_00550.jpg,Fall,0.2773611843585968,0.7436246871948242,-0.4086689054965973,0.2735613286495209,0.7461913228034973,-0.4179311692714691,0.2719179689884186,0.7435076236724854,-0.41792258620262146,0.27032503485679626,0.7423313856124878,-0.4179725646972656,0.2763383984565735,0.7537864446640015,-0.4100480079650879,0.2765737473964691,0.756661057472229,-0.41012707352638245,0.27694201469421387,0.7584316730499268,-0.4102305471897125,0.2619262635707855,0.7372777462005615,-0.3805547058582306,0.2719230353832245,0.7635062336921692,-0.3459586799144745,0.2735741138458252,0.735713541507721,-0.3870542645454407,0.27728864550590515,0.7457141280174255,-0.37708422541618347,0.24819648265838623,0.6846179962158203,-0.30679893493652344,0.27695149183273315,0.7789433002471924,-0.24911370873451233,0.28404977917671204,0.6375675201416016,-0.2830379605293274,0.3163813650608063,0.7451501488685608,-0.17466771602630615,0.32385575771331787,0.6543474197387695,-0.31471580266952515,0.33542323112487793,0.7084853053092957,-0.16899065673351288,0.33812567591667175,0.6513715386390686,-0.33938390016555786,0.3417409658432007,0.700230598449707,-0.17666003108024597,0.33759430050849915,0.6601500511169434,-0.3457576036453247,0.3398404121398926,0.7036879062652588,-0.18841344118118286,0.33205175399780273,0.6634752750396729,-0.3171779215335846,0.33585381507873535,0.7047244906425476,-0.17338347434997559,0.31353193521499634,0.6419292688369751,-0.012159268371760845,0.32338085770606995,0.6906787753105164,0.012323109433054924,0.3450518548488617,0.5973241329193115,0.16140016913414001,0.3532260060310364,0.6703374981880188,0.19457294046878815,0.34724023938179016,0.621645450592041,0.41028261184692383,0.3702961504459381,0.6505670547485352,0.4125543236732483,0.3437434136867523,0.6238045692443848,0.43677830696105957,0.3700844645500183,0.6475211381912231,0.43497008085250854,0.3648780286312103,0.6217267513275146,0.40396571159362793,0.38690316677093506,0.635802686214447,0.39348548650741577
0551,./images/155/frame_00551.jpg,Fall,0.26755180954933167,0.7605666518211365,-0.2869883179664612,0.2642713189125061,0.7678031325340271,-0.298456609249115,0.26358869671821594,0.7670522332191467,-0.29845231771469116,0.26293185353279114,0.766520619392395,-0.29850050806999207,0.2647077441215515,0.7694965600967407,-0.29113414883613586,0.2643682658672333,0.7697603702545166,-0.29119575023651123,0.2640143036842346,0.7697025537490845,-0.2912504971027374,0.25855952501296997,0.761181652545929,-0.29740458726882935,0.2600596249103546,0.7671675682067871,-0.2647830843925476,0.2667621970176697,0.7497795224189758,-0.2805776298046112,0.2675611972808838,0.752710223197937,-0.2710500657558441,0.2585703730583191,0.7197727560997009,-0.2539493441581726,0.26689809560775757,0.7329623699188232,-0.20241403579711914,0.2922934889793396,0.6685963273048401,-0.18496209383010864,0.3085673451423645,0.6962101459503174,-0.11090979725122452,0.32593634724617004,0.6576240658760071,-0.13863326609134674,0.32983261346817017,0.688612163066864,-0.05818682909011841,0.3373034596443176,0.6556900143623352,-0.14612172544002533,0.33399689197540283,0.685389518737793,-0.05700359866023064,0.3374011516571045,0.6590248942375183,-0.15228019654750824,0.33542969822883606,0.6947548985481262,-0.07012959569692612,0.33219704031944275,0.6606543660163879,-0.1396137773990631,0.33282434940338135,0.695210337638855,-0.06246814876794815,0.31898659467697144,0.6559188365936279,-0.010533801279962063,0.3233470618724823,0.6654017567634583,0.010505334474146366,0.3545655608177185,0.6237174868583679,0.16543272137641907,0.3531210422515869,0.637807309627533,0.18123558163642883,0.38349971175193787,0.6465274095535278,0.37279871106147766,0.3701228201389313,0.6301144361495972,0.3943273723125458,0.3831877112388611,0.6388352513313293,0.3946184515953064,0.37038835883140564,0.62488853931427,0.4169620871543884,0.3871897757053375,0.652730405330658,0.3753032982349396,0.3780994415283203,0.6299906969070435,0.3949050307273865
0552,./images/155/frame_00552.jpg,Fall,0.27234527468681335,0.7567335367202759,-0.332570344209671,0.26851242780685425,0.7636919617652893,-0.32066625356674194,0.26579928398132324,0.7599467039108276,-0.3205943703651428,0.26406294107437134,0.759174108505249,-0.3208886981010437,0.26906973123550415,0.766880214214325,-0.32056689262390137,0.26850593090057373,0.7677134275436401,-0.32083660364151,0.2667996883392334,0.7712845802307129,-0.32096362113952637,0.2578764855861664,0.7542882561683655,-0.30863749980926514,0.2641139626502991,0.7693301439285278,-0.3016478717327118,0.2696799039840698,0.7478691339492798,-0.32854244112968445,0.2711780369281769,0.7514066100120544,-0.28616201877593994,0.25686076283454895,0.6990806460380554,-0.28115084767341614,0.2730529010295868,0.7587862014770508,-0.22036981582641602,0.29352056980133057,0.6638426780700684,-0.24755962193012238,0.31372061371803284,0.7025400996208191,-0.1376287043094635,0.33465397357940674,0.6547412872314453,-0.19615456461906433,0.3437179923057556,0.6848948001861572,-0.11256331205368042,0.345197856426239,0.6516028642654419,-0.24282605946063995,0.3531498908996582,0.6767032742500305,-0.11420301347970963,0.3454512655735016,0.6561366319656372,-0.2507249414920807,0.35253846645355225,0.6800951361656189,-0.12886372208595276,0.3406042456626892,0.6590201258659363,-0.20729157328605652,0.3479272723197937,0.6815779209136963,-0.11744965612888336,0.31633609533309937,0.6441704034805298,-0.010102024301886559,0.3251895308494568,0.6750285029411316,0.010057037696242332,0.35625723004341125,0.5945021510124207,0.08118018507957458,0.36451512575149536,0.633851170539856,0.10379244387149811,0.3695344924926758,0.6436154246330261,0.31528356671333313,0.3736906051635742,0.6424967646598816,0.3340643644332886,0.3690992295742035,0.6369481086730957,0.3398393988609314,0.3708217144012451,0.6471846699714661,0.3587351441383362,0.38271403312683105,0.6469017267227173,0.3197333514690399,0.39074957370758057,0.6354545950889587,0.33906057476997375
0553,./images/155/frame_00553.jpg,Fall,0.27522462606430054,0.7514523863792419,-0.39860498905181885,0.2704846262931824,0.7594774961471558,-0.4016806185245514,0.2682879567146301,0.7593597173690796,-0.40168333053588867,0.2648463249206543,0.7476429343223572,-0.40177470445632935,0.272396981716156,0.7648922204971313,-0.3945011794567108,0.272513747215271,0.7666636109352112,-0.3945830464363098,0.2719104290008545,0.7702062129974365,-0.39469510316848755,0.25973156094551086,0.752437949180603,-0.35361483693122864,0.2700531482696533,0.7689186930656433,-0.3236238658428192,0.27145594358444214,0.7420570254325867,-0.37671953439712524,0.2748090922832489,0.7470910549163818,-0.3627927601337433,0.25559502840042114,0.6879870295524597,-0.2903258800506592,0.2782646119594574,0.7633558511734009,-0.23793348670005798,0.29249826073646545,0.6482417583465576,-0.28355297446250916,0.3224092125892639,0.7036542892456055,-0.2015366107225418,0.3356669247150421,0.6498937606811523,-0.3238566517829895,0.3490729331970215,0.6792178153991699,-0.23685669898986816,0.34626737236976624,0.6467594504356384,-0.353019654750824,0.35616979002952576,0.6742223501205444,-0.254414826631546,0.3458517789840698,0.6544339656829834,-0.3597307801246643,0.355244904756546,0.670732855796814,-0.27001944184303284,0.3412596583366394,0.6586991548538208,-0.327999085187912,0.3508489429950714,0.6723847985267639,-0.24436518549919128,0.3158988356590271,0.6438409686088562,-0.008244024589657784,0.32573896646499634,0.682240903377533,0.008214358240365982,0.3537965714931488,0.5938860177993774,0.12590143084526062,0.36098936200141907,0.6366971135139465,0.15012551844120026,0.36716586351394653,0.6327375173568726,0.3634454607963562,0.37577924132347107,0.6448068618774414,0.3721085488796234,0.36781078577041626,0.6342149972915649,0.3876371681690216,0.3748219609260559,0.6484120488166809,0.3951292037963867,0.37843385338783264,0.6311106085777283,0.35815930366516113,0.3930039703845978,0.6346889734268188,0.35706067085266113
0554,./images/155/frame_00554.jpg,Fall,0.2767535448074341,0.7508424520492554,-0.40100234746932983,0.2721547782421112,0.7590970993041992,-0.4084082543849945,0.270052433013916,0.7582889199256897,-0.4084177017211914,0.2674904763698578,0.7440450191497803,-0.4084949493408203,0.2749001383781433,0.7625607252120972,-0.3988993167877197,0.27485302090644836,0.7644370794296265,-0.3989684581756592,0.27468591928482056,0.7676399350166321,-0.3990703523159027,0.2613341808319092,0.7505653500556946,-0.37150341272354126,0.271045446395874,0.7682697772979736,-0.32877856492996216,0.2725406587123871,0.7406275272369385,-0.38125520944595337,0.2766663730144501,0.7470272779464722,-0.36829107999801636,0.25525516271591187,0.6849669814109802,-0.304255872964859,0.2785443067550659,0.7658097743988037,-0.23777511715888977,0.29085689783096313,0.6411690711975098,-0.29586920142173767,0.32107311487197876,0.7181483507156372,-0.17508253455162048,0.3293624818325043,0.6517657041549683,-0.3334645628929138,0.3463391661643982,0.6828175187110901,-0.17653422057628632,0.3456980586051941,0.6479968428611755,-0.3603561520576477,0.35410061478614807,0.6752871870994568,-0.18724453449249268,0.3442361354827881,0.6571444869041443,-0.3632029891014099,0.3550092875957489,0.6721810698509216,-0.20129945874214172,0.33912861347198486,0.6601813435554504,-0.3352189362049103,0.3501110374927521,0.675431489944458,-0.18248973786830902,0.31571945548057556,0.643718957901001,-0.008383802138268948,0.3253767788410187,0.6860361099243164,0.00838872417807579,0.3523556590080261,0.5959048271179199,0.14872287213802338,0.3608478903770447,0.6486773490905762,0.17326071858406067,0.36515969038009644,0.6290065050125122,0.3925113081932068,0.3772679269313812,0.6463335156440735,0.3960493206977844,0.36496490240097046,0.6326711773872375,0.4170958995819092,0.37734535336494446,0.6482352614402771,0.4183661937713623,0.37743693590164185,0.6277593374252319,0.3739188611507416,0.394920289516449,0.6348735094070435,0.3702652156352997
0555,./images/155/frame_00555.jpg,Fall,0.27655157446861267,0.750435471534729,-0.4031108319759369,0.2720974385738373,0.7575380802154541,-0.4090639054775238,0.27004608511924744,0.7558302879333496,-0.40905529260635376,0.26687756180763245,0.7431486248970032,-0.40912961959838867,0.27472957968711853,0.7614302635192871,-0.4011843800544739,0.27466684579849243,0.7632240056991577,-0.4012608528137207,0.2745152711868286,0.7663552761077881,-0.4013573229312897,0.25776785612106323,0.7448633909225464,-0.3712305724620819,0.27106887102127075,0.767970085144043,-0.3341315686702728,0.27250975370407104,0.740443766117096,-0.3829575181007385,0.2764364182949066,0.7462401390075684,-0.3723592460155487,0.25443965196609497,0.6854609847068787,-0.30198895931243896,0.28035980463027954,0.7651411890983582,-0.2507320046424866,0.29064980149269104,0.6414186358451843,-0.28295907378196716,0.3209174573421478,0.7180411219596863,-0.18185575306415558,0.3285547196865082,0.6514995694160461,-0.3093314468860626,0.34360644221305847,0.6786593794822693,-0.16960762441158295,0.34444597363471985,0.643555223941803,-0.3322930932044983,0.3501645624637604,0.669308066368103,-0.17852327227592468,0.3433076739311218,0.6512677073478699,-0.33790886402130127,0.3501344323158264,0.6704520583152771,-0.19379806518554688,0.33837443590164185,0.6553200483322144,-0.3121093809604645,0.3459686040878296,0.6731814742088318,-0.17509211599826813,0.31490468978881836,0.6437510251998901,0.0007412094273604453,0.326421320438385,0.6868090033531189,-0.0007466312381438911,0.3555262088775635,0.5837605595588684,0.08297870308160782,0.36671149730682373,0.6286775469779968,0.07856754958629608,0.3658139407634735,0.6290045976638794,0.3321515917778015,0.3899204134941101,0.6519026160240173,0.31345707178115845,0.36293357610702515,0.6352795362472534,0.3583526611328125,0.38620612025260925,0.6577042937278748,0.3385418653488159,0.3838408887386322,0.6278964281082153,0.3368074297904968,0.4040886461734772,0.6356282234191895,0.31364768743515015
0556,./images/155/frame_00556.jpg,Fall,0.27720946073532104,0.7434812784194946,-0.39716365933418274,0.2730279564857483,0.7500274777412415,-0.40394696593284607,0.2711223065853119,0.7501226663589478,-0.403944730758667,0.2687656581401825,0.7430779337882996,-0.4040144979953766,0.2756232023239136,0.7543274760246277,-0.3961993455886841,0.27567505836486816,0.756429135799408,-0.39627668261528015,0.27581727504730225,0.760127604007721,-0.3963771164417267,0.2605270743370056,0.7447234392166138,-0.3689173460006714,0.2724381983280182,0.7635327577590942,-0.33199745416641235,0.27335143089294434,0.7368043065071106,-0.37675994634628296,0.2771722674369812,0.741743803024292,-0.36642417311668396,0.2534962594509125,0.6838263869285583,-0.2943929433822632,0.27994436025619507,0.765581488609314,-0.2471620738506317,0.2903757095336914,0.6413890719413757,-0.2615399658679962,0.32123857736587524,0.7226062417030334,-0.16010010242462158,0.3291521668434143,0.6495603919029236,-0.2822527289390564,0.3423837721347809,0.6794560551643372,-0.13317447900772095,0.33928877115249634,0.6437039971351624,-0.301601380109787,0.3484998345375061,0.6726176738739014,-0.13712424039840698,0.3431547284126282,0.6501842737197876,-0.3104120194911957,0.3480824828147888,0.674193799495697,-0.15177355706691742,0.33830708265304565,0.6548098921775818,-0.28570324182510376,0.3441692888736725,0.6760671138763428,-0.13788677752017975,0.3143864572048187,0.6425389647483826,-0.001541020581498742,0.326075941324234,0.6860300898551941,0.0015550876269116998,0.3548024594783783,0.5845856070518494,0.09981804341077805,0.365975558757782,0.6327657699584961,0.11178666353225708,0.3640475869178772,0.6257933378219604,0.35357576608657837,0.38594454526901245,0.6513801217079163,0.3479827046394348,0.3612307906150818,0.6334403157234192,0.38008901476860046,0.3822251558303833,0.6552886366844177,0.3732047975063324,0.38206276297569275,0.6237921118736267,0.3558606505393982,0.4004286229610443,0.6352322697639465,0.3442862331867218
0557,./images/155/frame_00557.jpg,Fall,0.27845412492752075,0.737783670425415,-0.38164031505584717,0.2740854024887085,0.7406867146492004,-0.3892287611961365,0.2721126973628998,0.739048957824707,-0.3892492651939392,0.2699336111545563,0.7360084652900696,-0.3893287777900696,0.27734214067459106,0.7485529780387878,-0.3811240792274475,0.27772122621536255,0.7520283460617065,-0.38118723034858704,0.278001606464386,0.7561095952987671,-0.38128262758255005,0.26255732774734497,0.7361478209495544,-0.35166820883750916,0.27400511503219604,0.7627586126327515,-0.3144669234752655,0.2741348147392273,0.7311440110206604,-0.3601882755756378,0.2785668969154358,0.7383237481117249,-0.3496057093143463,0.25314512848854065,0.6818578839302063,-0.28281131386756897,0.2794623076915741,0.7688923478126526,-0.22619156539440155,0.28970617055892944,0.6403125524520874,-0.2555066645145416,0.3210480809211731,0.7365058064460754,-0.15620170533657074,0.32466137409210205,0.6487705111503601,-0.28040021657943726,0.3383999764919281,0.6937075257301331,-0.1387917846441269,0.3353617787361145,0.6436615586280823,-0.3031722903251648,0.3436315655708313,0.684249758720398,-0.1537376046180725,0.3340904414653778,0.6498830318450928,-0.31002601981163025,0.3413466811180115,0.6862330436706543,-0.16768954694271088,0.33052223920822144,0.6544447541236877,-0.28343281149864197,0.3379833996295929,0.6881375908851624,-0.14444619417190552,0.31465891003608704,0.6421136260032654,-0.008349975571036339,0.32582443952560425,0.6871480941772461,0.008408378809690475,0.35427215695381165,0.5905857086181641,0.14492683112621307,0.3629859983921051,0.6565686464309692,0.1785038858652115,0.365717351436615,0.6198679804801941,0.37223130464553833,0.3850596249103546,0.6488775610923767,0.39858168363571167,0.363987535238266,0.623927652835846,0.39482802152633667,0.38036277890205383,0.6473058462142944,0.4213779866695404,0.3850563168525696,0.620576024055481,0.36103948950767517,0.39783698320388794,0.6350510716438293,0.37658360600471497
0558,./images/155/frame_00558.jpg,Fall,0.27866315841674805,0.7376492619514465,-0.35165318846702576,0.27456629276275635,0.7413330674171448,-0.3601773679256439,0.27258825302124023,0.739506185054779,-0.3601985573768616,0.27058202028274536,0.7369818091392517,-0.36027365922927856,0.27774471044540405,0.7486625909805298,-0.3501286208629608,0.27806317806243896,0.7517831325531006,-0.35018157958984375,0.27831703424453735,0.7554060220718384,-0.350271999835968,0.2631186842918396,0.7365081906318665,-0.33218473196029663,0.2739596962928772,0.7620691657066345,-0.28605133295059204,0.2742435336112976,0.7307160496711731,-0.3345712125301361,0.27868813276290894,0.7375802993774414,-0.3212786614894867,0.2527318596839905,0.6827102899551392,-0.2733318507671356,0.2792491316795349,0.7698328495025635,-0.2059229165315628,0.28691351413726807,0.6402941942214966,-0.2571142017841339,0.32094383239746094,0.7381128668785095,-0.14644499123096466,0.32254913449287415,0.6484845280647278,-0.2827742099761963,0.3388442397117615,0.6942045092582703,-0.14539304375648499,0.3337978720664978,0.6435003280639648,-0.3050505220890045,0.3446832001209259,0.6842697262763977,-0.15582019090652466,0.3323381543159485,0.6494982242584229,-0.31165996193885803,0.3423303961753845,0.6861993670463562,-0.17018668353557587,0.3289888799190521,0.6541858911514282,-0.2859082818031311,0.3388032913208008,0.6881089210510254,-0.150831401348114,0.31483137607574463,0.6410253047943115,-0.011785905808210373,0.326419472694397,0.687024712562561,0.01184074580669403,0.35402897000312805,0.5913032293319702,0.11334951221942902,0.36293259263038635,0.6566691994667053,0.1706906259059906,0.3647589683532715,0.6196423172950745,0.35714924335479736,0.3809656500816345,0.6468935012817383,0.3969402015209198,0.3625147342681885,0.6235821843147278,0.3820752203464508,0.37891969084739685,0.6445674300193787,0.4191707968711853,0.3836301267147064,0.6201455593109131,0.3507128357887268,0.39697811007499695,0.6344814896583557,0.3760475516319275
0559,./images/155/frame_00559.jpg,Fall,0.27872559428215027,0.737805962562561,-0.3611987233161926,0.2747139036655426,0.7418160438537598,-0.3676072955131531,0.27283257246017456,0.740238606929779,-0.3676243722438812,0.27091073989868164,0.7374381422996521,-0.36769184470176697,0.2777310013771057,0.748187243938446,-0.35969316959381104,0.2780473828315735,0.7511394023895264,-0.35975393652915955,0.2782626152038574,0.7543089389801025,-0.35984787344932556,0.26089292764663696,0.7349951863288879,-0.3307388722896576,0.27397868037223816,0.7614567875862122,-0.2947155237197876,0.27443939447402954,0.7313380837440491,-0.34125152230262756,0.2787489593029022,0.7374951839447021,-0.3307231664657593,0.2523174583911896,0.6832517981529236,-0.26790380477905273,0.28035521507263184,0.7697808742523193,-0.21567031741142273,0.28641849756240845,0.6393147110939026,-0.24945099651813507,0.3181706368923187,0.7346524000167847,-0.17118795216083527,0.32242658734321594,0.6474250555038452,-0.2821803689002991,0.3406717777252197,0.6894232630729675,-0.19797813892364502,0.3331064283847809,0.6405776739120483,-0.3061072528362274,0.34652504324913025,0.6783003211021423,-0.2140321433544159,0.3330753743648529,0.6470209956169128,-0.31290897727012634,0.3438664376735687,0.6803424954414368,-0.22868704795837402,0.32953977584838867,0.6518507599830627,-0.285623162984848,0.34027498960494995,0.682637631893158,-0.20464543998241425,0.3148066997528076,0.6406413912773132,-0.010580582544207573,0.3271792232990265,0.6862577795982361,0.0106128491461277,0.3550512194633484,0.5917786359786987,0.11306093633174896,0.3625375032424927,0.6560848355293274,0.15111301839351654,0.36539748311042786,0.6196473836898804,0.35802629590034485,0.38046616315841675,0.6449236273765564,0.37181586027145386,0.3625134229660034,0.6239258050918579,0.38314753770828247,0.3792995512485504,0.6427687406539917,0.3946891129016876,0.38452357053756714,0.620039701461792,0.35238441824913025,0.3967864215373993,0.6330326199531555,0.35596218705177307
0560,./images/155/frame_00560.jpg,Fall,0.279121458530426,0.7382830381393433,-0.3640817701816559,0.2752264440059662,0.7423298954963684,-0.3709678053855896,0.27343788743019104,0.7407011389732361,-0.3709885776042938,0.2716020345687866,0.7382594347000122,-0.37106114625930786,0.278013676404953,0.7485811114311218,-0.36222031712532043,0.2783055007457733,0.7514983415603638,-0.36227503418922424,0.27855294942855835,0.7546214461326599,-0.36236298084259033,0.26052606105804443,0.7346162796020508,-0.33617526292800903,0.27423885464668274,0.7614645957946777,-0.2957068383693695,0.2752061188220978,0.7317659258842468,-0.3445899486541748,0.2792690694332123,0.7377156615257263,-0.33298471570014954,0.2522851526737213,0.6835150122642517,-0.274405300617218,0.2804272770881653,0.770750105381012,-0.21314874291419983,0.2866005003452301,0.6389402151107788,-0.25362029671669006,0.3149922788143158,0.7342151403427124,-0.16705134510993958,0.32280632853507996,0.6477713584899902,-0.2881932258605957,0.34150952100753784,0.6884110569953918,-0.18441717326641083,0.33844611048698425,0.6406004428863525,-0.31491100788116455,0.3475117087364197,0.677075982093811,-0.19905570149421692,0.3379060626029968,0.6485983729362488,-0.32113391160964966,0.34473463892936707,0.6791919469833374,-0.21369484066963196,0.33008235692977905,0.65276038646698,-0.2913725674152374,0.34097355604171753,0.6815146803855896,-0.19090071320533752,0.3145601451396942,0.6405401229858398,-0.01133492961525917,0.3271406888961792,0.6863150000572205,0.011373523622751236,0.3553920388221741,0.5934257507324219,0.11588231474161148,0.3620830774307251,0.6560207009315491,0.1552748680114746,0.3652535080909729,0.6199899911880493,0.3616442382335663,0.37879449129104614,0.6447681188583374,0.3846782147884369,0.36211127042770386,0.6236464977264404,0.3857170641422272,0.37787580490112305,0.641939103603363,0.40864983201026917,0.3853969871997833,0.6207607984542847,0.3563312292098999,0.3960515260696411,0.6338814496994019,0.37122079730033875
0561,./images/155/frame_00561.jpg,Fall,0.2794966995716095,0.738553524017334,-0.33984214067459106,0.27582040429115295,0.7424870729446411,-0.3473683297634125,0.2741136848926544,0.7408304214477539,-0.3473913371562958,0.2723644971847534,0.7392414808273315,-0.34747493267059326,0.2783605456352234,0.7487660646438599,-0.33755993843078613,0.27856171131134033,0.7517358660697937,-0.33760562539100647,0.2787283957004547,0.7548337578773499,-0.3376764953136444,0.26313865184783936,0.737679123878479,-0.3200671374797821,0.2739620506763458,0.7608989477157593,-0.27445146441459656,0.27564460039138794,0.7320691347122192,-0.3232739269733429,0.2794170081615448,0.7378202080726624,-0.3101688027381897,0.25242602825164795,0.6834226250648499,-0.267695814371109,0.27955561876296997,0.7706312537193298,-0.19645874202251434,0.28824034333229065,0.6390829086303711,-0.2543160617351532,0.31516051292419434,0.7353991270065308,-0.13820263743400574,0.3253561854362488,0.6510874629020691,-0.2881898581981659,0.3407428562641144,0.6894288063049316,-0.15139229595661163,0.34119075536727905,0.6447938084602356,-0.3142102062702179,0.34725627303123474,0.6772323250770569,-0.1631910502910614,0.3403095602989197,0.6551834940910339,-0.3210461437702179,0.34470081329345703,0.6794512867927551,-0.17813467979431152,0.33400487899780273,0.6589617133140564,-0.29135680198669434,0.340891569852829,0.6816362142562866,-0.1574448049068451,0.31547287106513977,0.6385006308555603,-0.01321206521242857,0.3269408345222473,0.6862318515777588,0.013258454389870167,0.3606906533241272,0.5935379862785339,0.07096175849437714,0.36659571528434753,0.6510146260261536,0.11999323219060898,0.37096530199050903,0.6200858950614929,0.3261270225048065,0.37870240211486816,0.6447948217391968,0.361043244600296,0.3667162358760834,0.6239919662475586,0.3525291979312897,0.3777082860469818,0.6421269774436951,0.3867254853248596,0.3934085965156555,0.6268435120582581,0.32641908526420593,0.395511269569397,0.6375705003738403,0.36179301142692566
0562,./images/155/frame_00562.jpg,Fall,0.27943316102027893,0.7380682229995728,-0.33857446908950806,0.27572035789489746,0.7426630854606628,-0.3454110026359558,0.2739912271499634,0.7411852478981018,-0.34543269872665405,0.27216866612434387,0.7394599318504333,-0.34551122784614563,0.2782473862171173,0.7480860352516174,-0.3365960419178009,0.2784680724143982,0.7505537867546082,-0.3366459906101227,0.2786121964454651,0.7532888650894165,-0.3367258906364441,0.26327288150787354,0.739575982093811,-0.3155527114868164,0.2736484408378601,0.7592622637748718,-0.27463075518608093,0.27550023794174194,0.732055127620697,-0.3212288022041321,0.27933254837989807,0.7370238304138184,-0.30948013067245483,0.25241702795028687,0.683586597442627,-0.2610901892185211,0.27950263023376465,0.7706122398376465,-0.19856151938438416,0.28768017888069153,0.6387426853179932,-0.2437058389186859,0.31538212299346924,0.7345666885375977,-0.14276276528835297,0.32502225041389465,0.6509484052658081,-0.2710719704627991,0.3396854102611542,0.6895672082901001,-0.1551665961742401,0.3383098244667053,0.6447619795799255,-0.2945067584514618,0.34690648317337036,0.6774079203605652,-0.16678974032402039,0.340036004781723,0.6543744206428528,-0.3027530312538147,0.3444066643714905,0.6797686219215393,-0.18162217736244202,0.33286145329475403,0.6582382917404175,-0.2744885981082916,0.3405166566371918,0.6819118857383728,-0.16135653853416443,0.31552135944366455,0.6347583532333374,-0.012651106342673302,0.3271709084510803,0.6851987838745117,0.012695001438260078,0.36124637722969055,0.5943214297294617,0.08299215137958527,0.36773234605789185,0.6466885209083557,0.11622331291437149,0.37377670407295227,0.6213643550872803,0.33409473299980164,0.3786655366420746,0.645753026008606,0.3602767586708069,0.36988964676856995,0.6247467398643494,0.3601566553115845,0.3775847554206848,0.6443617939949036,0.3860969841480255,0.39580193161964417,0.6288553476333618,0.33183425664901733,0.39516952633857727,0.6395575404167175,0.3600632846355438
0563,./images/155/frame_00563.jpg,Fall,0.2793346643447876,0.738203763961792,-0.3401551842689514,0.2756580710411072,0.7438762187957764,-0.3488980233669281,0.27396517992019653,0.7426426410675049,-0.34891724586486816,0.2720477879047394,0.7419395446777344,-0.34900206327438354,0.27782532572746277,0.7485610842704773,-0.3384435772895813,0.27778369188308716,0.7506782412528992,-0.33848634362220764,0.2776956260204315,0.753459095954895,-0.3385591506958008,0.26189711689949036,0.7365052700042725,-0.3244665265083313,0.2720876932144165,0.7593468427658081,-0.27698710560798645,0.27541133761405945,0.7321612238883972,-0.324790358543396,0.27926623821258545,0.7371656894683838,-0.3109026253223419,0.25305840373039246,0.6822643280029297,-0.26770955324172974,0.27682748436927795,0.7664864659309387,-0.19621922075748444,0.29335394501686096,0.6377281546592712,-0.25554049015045166,0.3155338764190674,0.7341455817222595,-0.13656456768512726,0.33122554421424866,0.6532673835754395,-0.2812764346599579,0.3389940857887268,0.6904765367507935,-0.14798839390277863,0.34265342354774475,0.650342583656311,-0.3053756058216095,0.3460550606250763,0.6786431074142456,-0.15647843480110168,0.3418115973472595,0.6596155166625977,-0.307533323764801,0.3439755439758301,0.6817847490310669,-0.17197605967521667,0.3363555073738098,0.6628164052963257,-0.2822180688381195,0.340156614780426,0.6840434074401855,-0.1543108969926834,0.31755033135414124,0.6315650343894958,-0.014710506424307823,0.32858219742774963,0.6826843023300171,0.014734546653926373,0.36333608627319336,0.5944591760635376,0.08551178127527237,0.36698195338249207,0.6404902935028076,0.12790188193321228,0.3772358000278473,0.6241990923881531,0.32711517810821533,0.37856003642082214,0.6467435359954834,0.36539044976234436,0.3734338581562042,0.6277434229850769,0.351926326751709,0.3766999840736389,0.6466816663742065,0.3904787003993988,0.3998734951019287,0.6330149173736572,0.3240068852901459,0.39529407024383545,0.6445816159248352,0.36606907844543457
0564,./images/155/frame_00564.jpg,Fall,0.2794269621372223,0.7402542233467102,-0.3654049038887024,0.27571117877960205,0.746373176574707,-0.37310123443603516,0.27407100796699524,0.7453517317771912,-0.373113751411438,0.2721713185310364,0.745438277721405,-0.37320438027381897,0.27784237265586853,0.750133752822876,-0.3633900284767151,0.27782192826271057,0.7519285678863525,-0.36345043778419495,0.27776116132736206,0.7542682886123657,-0.36352935433387756,0.2611404061317444,0.7357874512672424,-0.3439999222755432,0.2721083462238312,0.7599292397499084,-0.29907986521720886,0.2757939398288727,0.7342589497566223,-0.3480273187160492,0.2793002426624298,0.7386692762374878,-0.33509236574172974,0.2533152103424072,0.6825479865074158,-0.283517450094223,0.2771983742713928,0.7665975689888,-0.2128467559814453,0.29244473576545715,0.63786381483078,-0.26832324266433716,0.31621620059013367,0.7344544529914856,-0.141810804605484,0.3303402066230774,0.653416097164154,-0.2953321039676666,0.3389921188354492,0.6916850209236145,-0.12912650406360626,0.34302541613578796,0.6494633555412292,-0.31868767738342285,0.3459867537021637,0.6798500418663025,-0.13417205214500427,0.3424614667892456,0.6587713956832886,-0.3236868977546692,0.34396499395370483,0.6826090216636658,-0.14922191202640533,0.33742573857307434,0.6621426343917847,-0.2972535490989685,0.34016019105911255,0.685052752494812,-0.1342451274394989,0.3172648549079895,0.6327081918716431,-0.014102110639214516,0.3288455903530121,0.6832520961761475,0.014173244126141071,0.3632890582084656,0.5933716297149658,0.0764441043138504,0.368480384349823,0.6387333869934082,0.11272821575403214,0.3777087330818176,0.6260541081428528,0.3310665488243103,0.3808898329734802,0.6480458974838257,0.3591664135456085,0.3739812970161438,0.630920946598053,0.3572341799736023,0.37895506620407104,0.6493737101554871,0.3853417634963989,0.4005144536495209,0.6327820420265198,0.3303326368331909,0.39876502752304077,0.6446475982666016,0.36121290922164917
0565,./images/155/frame_00565.jpg,Fall,0.27994304895401,0.743607223033905,-0.36244386434555054,0.27613183856010437,0.748921811580658,-0.37146705389022827,0.27465295791625977,0.748327910900116,-0.37146636843681335,0.2729474604129791,0.7476935386657715,-0.3715605139732361,0.27798378467559814,0.753178596496582,-0.36137163639068604,0.2779306173324585,0.7557260394096375,-0.3614325523376465,0.2778107821941376,0.7582616806030273,-0.3615078330039978,0.2611469626426697,0.7358476519584656,-0.343750923871994,0.2721033990383148,0.7629798054695129,-0.2992404103279114,0.27653735876083374,0.7375747561454773,-0.34781134128570557,0.2795351445674896,0.7420796155929565,-0.33411628007888794,0.2547420859336853,0.6827170252799988,-0.28338173031806946,0.2773512899875641,0.7685536742210388,-0.2168211191892624,0.2923389673233032,0.6382948160171509,-0.2640227675437927,0.31639209389686584,0.7343248128890991,-0.14128080010414124,0.3300463557243347,0.6547486186027527,-0.27811262011528015,0.33824843168258667,0.6926679611206055,-0.12092527002096176,0.34270811080932617,0.6489781141281128,-0.29787570238113403,0.3447382152080536,0.6811715960502625,-0.12423595041036606,0.34222912788391113,0.658102810382843,-0.3028450012207031,0.3432193398475647,0.6842023134231567,-0.13856500387191772,0.33729976415634155,0.6615485548973083,-0.2796483039855957,0.33953380584716797,0.6867237687110901,-0.12551233172416687,0.31740236282348633,0.6328747272491455,-0.01159188337624073,0.32905131578445435,0.6855915784835815,0.011642888188362122,0.36453595757484436,0.5934793949127197,0.08612511307001114,0.37062978744506836,0.6397550106048584,0.11462030559778214,0.3783751428127289,0.6322424411773682,0.3289237916469574,0.38254794478416443,0.651146411895752,0.35419267416000366,0.3746899366378784,0.6373875737190247,0.35424116253852844,0.3787095248699188,0.6565234065055847,0.37998002767562866,0.3999950587749481,0.6385294795036316,0.3319935202598572,0.3981226980686188,0.651675283908844,0.360763818025589
0566,./images/155/frame_00566.jpg,Fall,0.28078722953796387,0.7440627813339233,-0.35969358682632446,0.27668052911758423,0.7490938901901245,-0.37037354707717896,0.2752315402030945,0.7483053207397461,-0.3703649640083313,0.27343690395355225,0.7473000288009644,-0.3704473376274109,0.2784835398197174,0.7540410161018372,-0.3600409924983978,0.2783704698085785,0.7564972043037415,-0.3601093292236328,0.2782004773616791,0.7590101361274719,-0.36018556356430054,0.2615864872932434,0.7340279221534729,-0.34475183486938477,0.27210643887519836,0.7613334059715271,-0.30027467012405396,0.2772336006164551,0.7376226782798767,-0.346034437417984,0.28008025884628296,0.7426617741584778,-0.3322991728782654,0.2566724419593811,0.6819348931312561,-0.2827722430229187,0.2761426270008087,0.766683042049408,-0.2170315682888031,0.2948583960533142,0.638710081577301,-0.24619658291339874,0.3144438564777374,0.7360615134239197,-0.11790233850479126,0.33210232853889465,0.6542877554893494,-0.25155049562454224,0.3317551016807556,0.7087923288345337,-0.07410744577646255,0.34347426891326904,0.6487551927566528,-0.2686226963996887,0.33695346117019653,0.7010262608528137,-0.07202203571796417,0.34292322397232056,0.657862663269043,-0.2751002907752991,0.33616989850997925,0.7057899236679077,-0.08716372400522232,0.3380555510520935,0.6616809964179993,-0.25322291254997253,0.3331281542778015,0.7069399356842041,-0.0780615285038948,0.318562388420105,0.6326871514320374,-0.011333649978041649,0.3297252655029297,0.685516893863678,0.011405892670154572,0.3638876676559448,0.5923960208892822,0.08795509487390518,0.37123435735702515,0.6403371095657349,0.12221553176641464,0.3763572573661804,0.6315743923187256,0.3460119962692261,0.3802962601184845,0.6532474756240845,0.3697262406349182,0.3727603852748871,0.636140763759613,0.3730825185775757,0.376159131526947,0.6563385128974915,0.3976009488105774,0.39769235253334045,0.6372203826904297,0.3573096990585327,0.39693528413772583,0.6513597965240479,0.3837054371833801
0567,./images/155/frame_00567.jpg,Fall,0.2806704640388489,0.7447831034660339,-0.36596983671188354,0.2765490412712097,0.7497199177742004,-0.37651416659355164,0.2750879228115082,0.7487319707870483,-0.3765298128128052,0.27333858609199524,0.7417981624603271,-0.37660855054855347,0.27843424677848816,0.7555009722709656,-0.3673064708709717,0.27837178111076355,0.757876992225647,-0.3673701584339142,0.27834606170654297,0.7610001564025879,-0.36745303869247437,0.26145079731941223,0.7338961958885193,-0.3522264063358307,0.27249136567115784,0.7612370252609253,-0.3120500445365906,0.2770662009716034,0.7380234003067017,-0.3507310748100281,0.279967337846756,0.7432799339294434,-0.3389217257499695,0.2567460238933563,0.6819804906845093,-0.2914201021194458,0.27640995383262634,0.7660627365112305,-0.22500047087669373,0.29427433013916016,0.6403486728668213,-0.2551227807998657,0.31465959548950195,0.7358999252319336,-0.128107488155365,0.3314201831817627,0.6455044746398926,-0.26294180750846863,0.3265671730041504,0.7141347527503967,-0.08111070096492767,0.33826780319213867,0.6401509046554565,-0.2823614776134491,0.32937100529670715,0.7089948654174805,-0.08103515207767487,0.33817940950393677,0.648384690284729,-0.2873767912387848,0.32829827070236206,0.7142249941825867,-0.09373454749584198,0.3343857526779175,0.6536659002304077,-0.26479893922805786,0.3258785307407379,0.7149337530136108,-0.08487652242183685,0.3176741898059845,0.6353793740272522,-0.012319594621658325,0.3295525908470154,0.6876654028892517,0.012399322353303432,0.35339266061782837,0.6004379391670227,0.17535370588302612,0.3620874583721161,0.6604087948799133,0.19959694147109985,0.36637264490127563,0.6262363791465759,0.40334606170654297,0.379793256521225,0.6531736850738525,0.4197968542575836,0.36450308561325073,0.627778947353363,0.4269137382507324,0.3764638304710388,0.6505123972892761,0.4430101811885834,0.38557276129722595,0.6305528283119202,0.39234691858291626,0.3967069685459137,0.6495087742805481,0.4025847315788269
0568,./images/155/frame_00568.jpg,Fall,0.27614739537239075,0.7486075758934021,-0.34841716289520264,0.27338656783103943,0.7554309368133545,-0.3566724956035614,0.270020067691803,0.751306414604187,-0.3566839098930359,0.26812976598739624,0.7477315068244934,-0.3567518889904022,0.27506786584854126,0.7596186995506287,-0.3488364815711975,0.2750578820705414,0.7610688209533691,-0.3489028215408325,0.27543002367019653,0.7642755508422852,-0.3489711880683899,0.25902682542800903,0.7427006363868713,-0.33374112844467163,0.2708037793636322,0.7630777359008789,-0.29980671405792236,0.27281779050827026,0.7423051595687866,-0.33410000801086426,0.2761068642139435,0.7452003359794617,-0.3240397572517395,0.2568368911743164,0.6885303258895874,-0.26804715394973755,0.2768875062465668,0.7541688084602356,-0.22372320294380188,0.29358476400375366,0.6460645198822021,-0.21265101432800293,0.31372636556625366,0.7216622829437256,-0.10349033772945404,0.3272523581981659,0.637987494468689,-0.205590158700943,0.3230598270893097,0.7101078629493713,-0.023037124425172806,0.33308714628219604,0.6315736770629883,-0.21701045334339142,0.32456281781196594,0.7054413557052612,-0.01747201383113861,0.33423250913619995,0.6360873579978943,-0.2266521006822586,0.3249044120311737,0.71225905418396,-0.029271554201841354,0.33141154050827026,0.641267716884613,-0.2087201327085495,0.32315006852149963,0.7124990820884705,-0.02555638551712036,0.3182595670223236,0.6414127945899963,-0.004299535416066647,0.3296659290790558,0.6842879056930542,0.004322616849094629,0.35439640283584595,0.6042412519454956,0.17153266072273254,0.3623966574668884,0.6453254222869873,0.16485968232154846,0.36913326382637024,0.6342810988426208,0.38116002082824707,0.3798430562019348,0.653333306312561,0.3778829276561737,0.36882853507995605,0.6361602544784546,0.40360885858535767,0.3769415020942688,0.652187705039978,0.3985911011695862,0.38687044382095337,0.6387032270431519,0.3750038743019104,0.3972642421722412,0.6499696969985962,0.36672443151474
0569,./images/155/frame_00569.jpg,Fall,0.2779542803764343,0.7455014586448669,-0.3607544004917145,0.2748042941093445,0.7511162757873535,-0.3700008988380432,0.27212005853652954,0.748292088508606,-0.3700278401374817,0.2702314257621765,0.746510922908783,-0.3701150417327881,0.27718648314476013,0.7562332153320312,-0.3612574636936188,0.27736490964889526,0.758394718170166,-0.36131051182746887,0.2776429057121277,0.7615395188331604,-0.3613898456096649,0.2594347298145294,0.738581657409668,-0.3433724045753479,0.2726077735424042,0.7630277276039124,-0.304453581571579,0.27418190240859985,0.7397890090942383,-0.3440936207771301,0.2781357169151306,0.74383145570755,-0.33286288380622864,0.2565404772758484,0.6866040229797363,-0.2787187695503235,0.27813974022865295,0.7600244879722595,-0.22207899391651154,0.2934781014919281,0.6449765563011169,-0.22583501040935516,0.31493616104125977,0.7253361344337463,-0.11918877065181732,0.3279419541358948,0.6349064707756042,-0.23099343478679657,0.3280654549598694,0.7077800631523132,-0.08113700896501541,0.3339306712150574,0.6281027793884277,-0.24354632198810577,0.33128178119659424,0.7017905116081238,-0.08322252333164215,0.3343484401702881,0.6346716284751892,-0.24620291590690613,0.3313596546649933,0.7071853876113892,-0.0964115560054779,0.3321235775947571,0.6402558088302612,-0.23152706027030945,0.3287155330181122,0.7080258131027222,-0.08517582714557648,0.3181664049625397,0.6424536108970642,-0.004824001807719469,0.3295894265174866,0.6852254271507263,0.004902031272649765,0.3550209701061249,0.6031543016433716,0.14709608256816864,0.3627327084541321,0.6454159021377563,0.16373498737812042,0.3692951798439026,0.6341214179992676,0.3863479495048523,0.37857264280319214,0.6536725163459778,0.3995296061038971,0.368416428565979,0.6354804039001465,0.41141563653945923,0.3759579062461853,0.6530797481536865,0.4245941638946533,0.3888830244541168,0.6375054717063904,0.3820255696773529,0.3967522084712982,0.6491878032684326,0.39468374848365784
0570,./images/155/frame_00570.jpg,Fall,0.2804819345474243,0.7404066920280457,-0.3556411862373352,0.27696213126182556,0.7434940934181213,-0.364895761013031,0.27483126521110535,0.7414689660072327,-0.36492061614990234,0.2728739380836487,0.7403598427772522,-0.36500293016433716,0.2797626852989197,0.7495566606521606,-0.3563191890716553,0.28011178970336914,0.7523167729377747,-0.3563680350780487,0.28042370080947876,0.7556478977203369,-0.3564491868019104,0.26458653807640076,0.7370908260345459,-0.3386613130569458,0.2752861976623535,0.7615780234336853,-0.3000040650367737,0.2765240967273712,0.7359296083450317,-0.3388993740081787,0.2808944582939148,0.7407090067863464,-0.32773974537849426,0.2563680112361908,0.6846729516983032,-0.27860045433044434,0.2790151834487915,0.7626791000366211,-0.22126278281211853,0.2946394979953766,0.6412719488143921,-0.2578261196613312,0.31574803590774536,0.7296973466873169,-0.14635531604290009,0.3290277123451233,0.6454334855079651,-0.2825496792793274,0.3289140462875366,0.7065861225128174,-0.13539066910743713,0.3402460813522339,0.6390019655227661,-0.30666032433509827,0.33195894956588745,0.6999711394309998,-0.14398200809955597,0.33964279294013977,0.6472636461257935,-0.3092304468154907,0.33204129338264465,0.7048178911209106,-0.15813565254211426,0.33610016107559204,0.6504561305046082,-0.2841995358467102,0.32901644706726074,0.7057782411575317,-0.14093466103076935,0.31814688444137573,0.6424413323402405,-0.005000807344913483,0.32960042357444763,0.6866825819015503,0.005076151806861162,0.355216383934021,0.6030344367027283,0.14738979935646057,0.3627961575984955,0.6516738533973694,0.16674800217151642,0.3703541159629822,0.6339443325996399,0.39222151041030884,0.38025063276290894,0.6530026197433472,0.4105072617530823,0.36910638213157654,0.6350910663604736,0.41767963767051697,0.3792373239994049,0.6516208052635193,0.43609315156936646,0.39132049679756165,0.6350141763687134,0.38535380363464355,0.39728742837905884,0.6436667442321777,0.40098756551742554
0571,./images/155/frame_00571.jpg,Fall,0.2816321551799774,0.739921510219574,-0.3470405340194702,0.2779804766178131,0.74296635389328,-0.35548627376556396,0.2760081887245178,0.7410441637039185,-0.35551023483276367,0.27406057715415955,0.7397607564926147,-0.35558757185935974,0.28085482120513916,0.7494730353355408,-0.3475971519947052,0.28120148181915283,0.7523248195648193,-0.34764939546585083,0.28150978684425354,0.7556599378585815,-0.34773486852645874,0.26645976305007935,0.7371414303779602,-0.32784444093704224,0.2766796946525574,0.7614726424217224,-0.2921043932437897,0.27777549624443054,0.7350652813911438,-0.3299993872642517,0.28211188316345215,0.7404844760894775,-0.3197781443595886,0.2568761706352234,0.6836203336715698,-0.2637832760810852,0.2806651294231415,0.764898955821991,-0.21422183513641357,0.2966555953025818,0.6376039981842041,-0.23029954731464386,0.3196314871311188,0.7286238670349121,-0.13792628049850464,0.3297944664955139,0.6244833469390869,-0.250789076089859,0.3293338716030121,0.7059729695320129,-0.12377142906188965,0.3394513726234436,0.617351233959198,-0.27074745297431946,0.3336297869682312,0.699009895324707,-0.13447006046772003,0.3388630747795105,0.6270403265953064,-0.27874377369880676,0.33304938673973083,0.7040342092514038,-0.14637652039527893,0.33591943979263306,0.6312595009803772,-0.25435155630111694,0.33011630177497864,0.704835832118988,-0.12902235984802246,0.32079678773880005,0.6421688795089722,-0.005936666391789913,0.3297601640224457,0.6868680715560913,0.006002037785947323,0.3562774062156677,0.6038792729377747,0.1562434881925583,0.3646940588951111,0.6567190289497375,0.16906563937664032,0.37002354860305786,0.6363779902458191,0.3886932134628296,0.38117313385009766,0.6555311679840088,0.3989107012748718,0.36827075481414795,0.6400080323219299,0.41321712732315063,0.38036060333251953,0.6544196605682373,0.42552536725997925,0.38955265283584595,0.6388917565345764,0.3857833445072174,0.39740392565727234,0.644928514957428,0.3982965052127838
0572,./images/155/frame_00572.jpg,Fall,0.2814938426017761,0.7400574684143066,-0.3498851954936981,0.2778453230857849,0.7433887124061584,-0.3577863574028015,0.27586978673934937,0.7415239214897156,-0.35780084133148193,0.27390462160110474,0.7400275468826294,-0.3578629493713379,0.2807517349720001,0.749748170375824,-0.35010212659835815,0.28109943866729736,0.7525273561477661,-0.3501620888710022,0.28144606947898865,0.7557905316352844,-0.3502503037452698,0.263130247592926,0.7353272438049316,-0.3274965286254883,0.2771705389022827,0.761629045009613,-0.2936265170574188,0.27764344215393066,0.7348117232322693,-0.332491934299469,0.2819066643714905,0.7404935956001282,-0.3224601149559021,0.25681740045547485,0.6831784844398499,-0.26426297426223755,0.2824477255344391,0.7651485204696655,-0.21481111645698547,0.29656165838241577,0.6371006965637207,-0.2319047749042511,0.3200911581516266,0.7285788059234619,-0.1382255107164383,0.3290507197380066,0.6273489594459534,-0.25161129236221313,0.3293735086917877,0.7062733769416809,-0.11093533039093018,0.3393760919570923,0.6209760308265686,-0.2705114483833313,0.3327282965183258,0.700200080871582,-0.1169784814119339,0.3388696312904358,0.6295518279075623,-0.2778199315071106,0.33122560381889343,0.706103503704071,-0.12682226300239563,0.3358555734157562,0.6348937153816223,-0.2546016275882721,0.328643798828125,0.7069306373596191,-0.11472568660974503,0.3204108774662018,0.6421051621437073,-0.002474480075761676,0.330178439617157,0.6872154474258423,0.0025241849943995476,0.3538944721221924,0.6016257405281067,0.15409144759178162,0.36558473110198975,0.6629151105880737,0.16617648303508759,0.35987648367881775,0.6267784833908081,0.40422701835632324,0.3906334936618805,0.6584861874580383,0.3843574821949005,0.3570801615715027,0.6315397620201111,0.4310067594051361,0.38769492506980896,0.6619740128517151,0.4083847403526306,0.3779275417327881,0.6227633357048035,0.40668535232543945,0.4055303931236267,0.6449679136276245,0.36969152092933655
0573,./images/155/frame_00573.jpg,Fall,0.28233325481414795,0.741662323474884,-0.3616481125354767,0.2785789370536804,0.7446895241737366,-0.3714648187160492,0.2769262492656708,0.7429540753364563,-0.37147530913352966,0.27519020438194275,0.7414542436599731,-0.3715539276599884,0.2810859680175781,0.7515406012535095,-0.36208269000053406,0.28132885694503784,0.754598081111908,-0.36214447021484375,0.28152692317962646,0.7576534748077393,-0.3622318208217621,0.26308706402778625,0.733852744102478,-0.3466913104057312,0.2770116925239563,0.7626516819000244,-0.3048368990421295,0.2787335515022278,0.7359834313392639,-0.34566012024879456,0.2822202444076538,0.7420531511306763,-0.33366507291793823,0.258638471364975,0.6825741529464722,-0.2827470004558563,0.28104662895202637,0.766316831111908,-0.21594324707984924,0.2974589467048645,0.636417031288147,-0.25232285261154175,0.3185868561267853,0.7361971735954285,-0.11815889924764633,0.33410653471946716,0.6271629929542542,-0.27066659927368164,0.329828679561615,0.711574375629425,-0.0717105120420456,0.34209370613098145,0.6198909878730774,-0.29048770666122437,0.33345869183540344,0.7058731317520142,-0.07035236805677414,0.3423275053501129,0.6289393901824951,-0.29761210083961487,0.33209842443466187,0.710474967956543,-0.08399325609207153,0.3388668894767761,0.6354228258132935,-0.2734284996986389,0.32936859130859375,0.7109153866767883,-0.07560194283723831,0.3201368451118469,0.6424673795700073,-0.004983804188668728,0.32829907536506653,0.6897760629653931,0.005097522865980864,0.35434189438819885,0.600293755531311,0.13609448075294495,0.3653179705142975,0.6629865169525146,0.16602110862731934,0.3585936725139618,0.6270219087600708,0.38833925127983093,0.38009652495384216,0.6620641350746155,0.3807421326637268,0.3548484444618225,0.6321446299552917,0.4164820611476898,0.37801072001457214,0.6635256409645081,0.40478426218032837,0.37608277797698975,0.6240953207015991,0.3930817246437073,0.3951711058616638,0.6492582559585571,0.37229233980178833
0574,./images/155/frame_00574.jpg,Fall,0.2825528085231781,0.7414615154266357,-0.3793412446975708,0.27873969078063965,0.7447780966758728,-0.3884555995464325,0.27710264921188354,0.743028998374939,-0.38846996426582336,0.2753799259662628,0.7415133118629456,-0.3885464072227478,0.2812264561653137,0.751556932926178,-0.3793475031852722,0.2813509702682495,0.754607617855072,-0.3794100284576416,0.2815381586551666,0.757682740688324,-0.37950047850608826,0.26305070519447327,0.732580304145813,-0.35896408557891846,0.276928186416626,0.762579619884491,-0.3180777430534363,0.2789570987224579,0.7358202338218689,-0.36143597960472107,0.28237539529800415,0.7417576909065247,-0.34974342584609985,0.2586692273616791,0.6824728846549988,-0.2930757701396942,0.28149378299713135,0.7682445049285889,-0.22583775222301483,0.2976249158382416,0.6371594667434692,-0.2604231536388397,0.318647563457489,0.7378018498420715,-0.1201595887541771,0.33317387104034424,0.6363670825958252,-0.27639010548591614,0.3337250053882599,0.7101936936378479,-0.0888054296374321,0.34345775842666626,0.6225353479385376,-0.2975924611091614,0.33866211771965027,0.7041913866996765,-0.09092122316360474,0.34403151273727417,0.6314259171485901,-0.30468741059303284,0.33720579743385315,0.709714949131012,-0.10450054705142975,0.3401886820793152,0.6375247836112976,-0.2791628837585449,0.3338528573513031,0.7105326056480408,-0.09315796941518784,0.3200243413448334,0.6423965692520142,-0.006455643568187952,0.3284749388694763,0.6895656585693359,0.006589940749108791,0.35433825850486755,0.6001086831092834,0.13722553849220276,0.36448705196380615,0.6624863743782043,0.1656726896762848,0.35909003019332886,0.6262590885162354,0.3944738507270813,0.37546876072883606,0.6606464982032776,0.40111851692199707,0.35533687472343445,0.6307122111320496,0.42140308022499084,0.37332436442375183,0.6617641448974609,0.4267035126686096,0.37793394923210144,0.6252309083938599,0.39441341161727905,0.3922744691371918,0.6489195823669434,0.39550530910491943
0575,./images/155/frame_00575.jpg,Fall,0.28303176164627075,0.7409070134162903,-0.37195664644241333,0.27936264872550964,0.7441153526306152,-0.3815397620201111,0.27770358324050903,0.742433488368988,-0.381556898355484,0.2759018540382385,0.7408668398857117,-0.38163110613822937,0.2820010185241699,0.7514802813529968,-0.3723829388618469,0.28224050998687744,0.7546126246452332,-0.37244051694869995,0.282522588968277,0.7577908039093018,-0.37252169847488403,0.26344579458236694,0.7319476008415222,-0.35500335693359375,0.2777649462223053,0.7628639340400696,-0.31357452273368835,0.27952343225479126,0.7351621985435486,-0.3548981547355652,0.28295010328292847,0.7413514852523804,-0.3431748151779175,0.25860312581062317,0.6824822425842285,-0.2939196825027466,0.2815120816230774,0.7703417539596558,-0.2240423709154129,0.297315388917923,0.6385595202445984,-0.266959011554718,0.31813937425613403,0.7428578734397888,-0.12475235760211945,0.332879900932312,0.6382168531417847,-0.283426970243454,0.33441245555877686,0.7096375226974487,-0.09391578286886215,0.3437294661998749,0.6237038969993591,-0.30722054839134216,0.33995380997657776,0.7031967043876648,-0.0968552902340889,0.344565212726593,0.6328076124191284,-0.3133853077888489,0.33799466490745544,0.7091370820999146,-0.11067374795675278,0.3404267430305481,0.6385269165039062,-0.2859968841075897,0.33453771471977234,0.710031270980835,-0.09846614301204681,0.319908082485199,0.6423013806343079,-0.010169821791350842,0.32852014899253845,0.689682126045227,0.010298504494130611,0.3504106402397156,0.6026729345321655,0.1755954921245575,0.36120104789733887,0.670376181602478,0.2029629945755005,0.3584313690662384,0.61402428150177,0.42103782296180725,0.3759259283542633,0.6598471999168396,0.4366636872291565,0.35600605607032776,0.6155619025230408,0.44612178206443787,0.3752076029777527,0.6608779430389404,0.4610404372215271,0.3772437870502472,0.6129743456840515,0.40772566199302673,0.3929571807384491,0.6479565501213074,0.4184715747833252
0576,./images/155/frame_00576.jpg,Fall,0.2831844687461853,0.7429336309432983,-0.36903560161590576,0.27926066517829895,0.7475521564483643,-0.3783110976219177,0.27758410573005676,0.7451491355895996,-0.3783271014690399,0.2758452892303467,0.7438331842422485,-0.3784011900424957,0.2818244695663452,0.7554142475128174,-0.3692205250263214,0.2820338010787964,0.758314847946167,-0.3692784607410431,0.28230521082878113,0.761106014251709,-0.36936038732528687,0.26350319385528564,0.7334017157554626,-0.35479408502578735,0.27757883071899414,0.7630982995033264,-0.31245553493499756,0.27946737408638,0.7359417676925659,-0.35216474533081055,0.2829154431819916,0.7418944239616394,-0.34040310978889465,0.2599561810493469,0.6822925806045532,-0.29476597905158997,0.28129300475120544,0.7700512409210205,-0.22332815825939178,0.2973731756210327,0.6409079432487488,-0.26266732811927795,0.31744134426116943,0.7413386106491089,-0.11657170951366425,0.332457572221756,0.6428536772727966,-0.27549439668655396,0.3343527913093567,0.7095473408699036,-0.06480565667152405,0.34370166063308716,0.6290560960769653,-0.2974807322025299,0.3397636413574219,0.7030841112136841,-0.06489391624927521,0.3443068861961365,0.6399168372154236,-0.2999286651611328,0.3379381597042084,0.7078850269317627,-0.07801412045955658,0.3400944471359253,0.6452915668487549,-0.27604126930236816,0.33451181650161743,0.7087767124176025,-0.0685448944568634,0.32006627321243286,0.6394625902175903,-0.011984437704086304,0.330212265253067,0.6895633339881897,0.012083487585186958,0.3504825532436371,0.6064141392707825,0.19371671974658966,0.3612126111984253,0.670350968837738,0.21215662360191345,0.35889843106269836,0.6142392754554749,0.42516881227493286,0.3766103684902191,0.659680962562561,0.44418612122535706,0.3577497601509094,0.6139142513275146,0.4488469958305359,0.3756394386291504,0.657829761505127,0.4684799313545227,0.3788452744483948,0.6162745356559753,0.4088709354400635,0.39341098070144653,0.6466354727745056,0.4268523156642914
0577,./images/155/frame_00577.jpg,Fall,0.28267544507980347,0.7429249882698059,-0.38016337156295776,0.278987854719162,0.7475559711456299,-0.38822075724601746,0.27721279859542847,0.7456308007240295,-0.38824230432510376,0.275029718875885,0.7430452704429626,-0.38831183314323425,0.2816981375217438,0.7552906274795532,-0.3798920512199402,0.2816520929336548,0.7589766383171082,-0.37995702028274536,0.2817648649215698,0.7617406845092773,-0.3800502121448517,0.26339012384414673,0.7342346906661987,-0.3581097424030304,0.2771988809108734,0.7632778882980347,-0.32067638635635376,0.27900758385658264,0.7359426021575928,-0.36217743158340454,0.28216344118118286,0.741935133934021,-0.35154807567596436,0.2606823742389679,0.6824507117271423,-0.29663681983947754,0.2810727059841156,0.768089234828949,-0.22767536342144012,0.3007599115371704,0.6433935761451721,-0.2699037194252014,0.3175080120563507,0.7376227378845215,-0.11983923614025116,0.3339083194732666,0.6539643406867981,-0.2845703661441803,0.3344710171222687,0.707869291305542,-0.07753310352563858,0.3458718955516815,0.6440656185150146,-0.3074660003185272,0.3396764397621155,0.7014754414558411,-0.07893960177898407,0.3456711173057556,0.6536256074905396,-0.31087765097618103,0.33799970149993896,0.7057294845581055,-0.09220291674137115,0.34135642647743225,0.6577662229537964,-0.28612083196640015,0.33463001251220703,0.7069811820983887,-0.08159812539815903,0.32004088163375854,0.6395683884620667,-0.012251884676516056,0.3304648995399475,0.6897321343421936,0.01232600212097168,0.348934143781662,0.6087024807929993,0.20183181762695312,0.36118781566619873,0.6719827055931091,0.21375377476215363,0.3599228262901306,0.6125069260597229,0.42217379808425903,0.37717121839523315,0.6591314673423767,0.44120240211486816,0.3591311573982239,0.6110591888427734,0.4446018636226654,0.3769156038761139,0.6547452807426453,0.4647921919822693,0.3799183964729309,0.613656759262085,0.40305453538894653,0.3952791094779968,0.6458408236503601,0.42094963788986206
0578,./images/155/frame_00578.jpg,Fall,0.2826518416404724,0.7446407675743103,-0.37491410970687866,0.2793101668357849,0.7476133704185486,-0.3831837475299835,0.27740412950515747,0.7456154823303223,-0.3832034468650818,0.2752686142921448,0.7430343627929688,-0.3832772374153137,0.2816482186317444,0.7577590346336365,-0.3747536242008209,0.28162556886672974,0.7608823180198669,-0.37481987476348877,0.2816106677055359,0.7635282874107361,-0.3749127686023712,0.2636444866657257,0.7353822588920593,-0.358187735080719,0.2770301103591919,0.7633581161499023,-0.316089004278183,0.27897414565086365,0.7361598610877991,-0.35725027322769165,0.2821502089500427,0.7425380349159241,-0.34642940759658813,0.26199784874916077,0.6811355352401733,-0.2985582649707794,0.28089866042137146,0.767730712890625,-0.22551187872886658,0.3036772310733795,0.6407679319381714,-0.2683676481246948,0.31750428676605225,0.7374785542488098,-0.11694703996181488,0.3358939290046692,0.632419228553772,-0.27971434593200684,0.33437010645866394,0.7098618149757385,-0.07490206509828568,0.3452528119087219,0.6234411597251892,-0.3018064498901367,0.33909034729003906,0.7048540115356445,-0.07616282999515533,0.34517863392829895,0.6331432461738586,-0.30714553594589233,0.3375741243362427,0.7088901996612549,-0.09055513143539429,0.34106209874153137,0.6399616003036499,-0.2818201184272766,0.3344044089317322,0.7092808485031128,-0.07953500747680664,0.3203463554382324,0.6395363807678223,-0.016787214204669,0.3304259479045868,0.6896610856056213,0.01686749793589115,0.349659264087677,0.6096160411834717,0.1882200390100479,0.36058786511421204,0.6724665760993958,0.2203206568956375,0.360782265663147,0.6140904426574707,0.4147525429725647,0.37650102376937866,0.6581884026527405,0.44709712266921997,0.3608042597770691,0.6131332516670227,0.4378470778465271,0.3761127293109894,0.6524960994720459,0.4711202085018158,0.38022273778915405,0.6157214045524597,0.3997936248779297,0.39410650730133057,0.6458580493927002,0.43280869722366333
0579,./images/155/frame_00579.jpg,Fall,0.2823008894920349,0.7452660202980042,-0.3740038275718689,0.277618944644928,0.7492522597312927,-0.3824133276939392,0.275399386882782,0.7470279335975647,-0.3824319839477539,0.2731356918811798,0.7445812821388245,-0.3824992775917053,0.2811625599861145,0.75776606798172,-0.37331628799438477,0.28030675649642944,0.7615334987640381,-0.3733810484409332,0.2801162004470825,0.7639448642730713,-0.3734775185585022,0.26221197843551636,0.7384512424468994,-0.35624176263809204,0.2759050130844116,0.763820230960846,-0.31431111693382263,0.2778891921043396,0.7365042567253113,-0.35743650794029236,0.28108319640159607,0.7425459027290344,-0.34568339586257935,0.2617119550704956,0.6822329759597778,-0.29758089780807495,0.280970960855484,0.7637647986412048,-0.22470343112945557,0.3022356629371643,0.6418879628181458,-0.2700355052947998,0.3175128996372223,0.7337188124656677,-0.11984328925609589,0.33591750264167786,0.6332282423973083,-0.2801353335380554,0.3354291021823883,0.7091608643531799,-0.08023174107074738,0.34488940238952637,0.6273787021636963,-0.3019045293331146,0.34057989716529846,0.7043684720993042,-0.08153815567493439,0.3450869619846344,0.6367271542549133,-0.3070733845233917,0.33948442339897156,0.7086936235427856,-0.09545712172985077,0.34100937843322754,0.643074095249176,-0.2821909189224243,0.3361228108406067,0.7090157866477966,-0.0847911387681961,0.32047218084335327,0.6389997005462646,-0.015295212157070637,0.3317386209964752,0.6884537935256958,0.015339967794716358,0.3501661717891693,0.6046481132507324,0.17982706427574158,0.3610957860946655,0.6709126234054565,0.20325064659118652,0.35744988918304443,0.6141267418861389,0.41476956009864807,0.3781125545501709,0.6581475734710693,0.4314064383506775,0.35524553060531616,0.6142247319221497,0.4390900731086731,0.3775845170021057,0.6526254415512085,0.4516306519508362,0.3758729100227356,0.6163279414176941,0.40612465143203735,0.396403044462204,0.6440017819404602,0.406848669052124
0580,./images/155/frame_00580.jpg,Fall,0.2809683680534363,0.7487261295318604,-0.35903671383857727,0.2760464549064636,0.753212571144104,-0.3668425679206848,0.27392762899398804,0.7509466409683228,-0.36686891317367554,0.27183324098587036,0.7486633062362671,-0.36694246530532837,0.27961796522140503,0.7599356770515442,-0.35757675766944885,0.2791667580604553,0.7633382081985474,-0.3576377034187317,0.2789936363697052,0.7653049826622009,-0.3577398657798767,0.26191043853759766,0.742592453956604,-0.3423609137535095,0.2740045189857483,0.7647245526313782,-0.3009209930896759,0.2766668498516083,0.738709568977356,-0.3440457582473755,0.28109192848205566,0.7431931495666504,-0.33213362097740173,0.26206186413764954,0.6828641891479492,-0.28574270009994507,0.2806629538536072,0.7584845423698425,-0.21441078186035156,0.30403241515159607,0.6454840898513794,-0.2530563771724701,0.31732386350631714,0.7263755798339844,-0.11604686826467514,0.3376476466655731,0.6421739459037781,-0.2541821300983429,0.3338695466518402,0.7090358734130859,-0.06802169233560562,0.34559768438339233,0.6382582783699036,-0.2724335491657257,0.3378100097179413,0.7046937942504883,-0.06670279055833817,0.345642626285553,0.6456896662712097,-0.2768828570842743,0.33774980902671814,0.7097212672233582,-0.07988520711660385,0.3416898548603058,0.6507084965705872,-0.25590091943740845,0.33487656712532043,0.7098729014396667,-0.07216322422027588,0.3212214708328247,0.6401335597038269,-0.014649055898189545,0.33159253001213074,0.6873059272766113,0.01468533556908369,0.35227370262145996,0.6130988597869873,0.18153193593025208,0.36124247312545776,0.6684276461601257,0.2002413272857666,0.36726444959640503,0.6256762742996216,0.39335623383522034,0.37818068265914917,0.6563681960105896,0.41393476724624634,0.3668786287307739,0.6233402490615845,0.4143742024898529,0.3776002824306488,0.650565505027771,0.43482843041419983,0.383994996547699,0.6339148283004761,0.3808559775352478,0.3963227868080139,0.646155834197998,0.3981582224369049
0581,./images/155/frame_00581.jpg,Fall,0.2809683382511139,0.7496832013130188,-0.3690119683742523,0.276115745306015,0.7526553869247437,-0.37658724188804626,0.27406877279281616,0.7504281997680664,-0.37662285566329956,0.271984726190567,0.7481030821800232,-0.3767102062702179,0.27963244915008545,0.76109778881073,-0.3672073483467102,0.2791788876056671,0.7636718153953552,-0.3672608435153961,0.2790061831474304,0.7655097842216492,-0.3673549294471741,0.26191169023513794,0.7419680953025818,-0.3486880958080292,0.274454265832901,0.764934778213501,-0.30695682764053345,0.27670949697494507,0.739409863948822,-0.3526742160320282,0.2805304527282715,0.7448333501815796,-0.3407098650932312,0.2622036337852478,0.6829044818878174,-0.2875865399837494,0.28183311223983765,0.759463906288147,-0.21570973098278046,0.303740918636322,0.6426612734794617,-0.25890281796455383,0.31731146574020386,0.7269076704978943,-0.10787451267242432,0.3380429148674011,0.6165385246276855,-0.27603399753570557,0.3270476460456848,0.7115781307220459,-0.049501169472932816,0.3454760015010834,0.6046691536903381,-0.2967020273208618,0.3283016085624695,0.7081778049468994,-0.04612342268228531,0.3446842432022095,0.6131747961044312,-0.3055422604084015,0.3279503881931305,0.715604841709137,-0.059952206909656525,0.3418911099433899,0.6210216283798218,-0.2801390588283539,0.3261156678199768,0.7153368592262268,-0.05355905741453171,0.3207949995994568,0.640154242515564,-0.014218476600944996,0.331501305103302,0.6875907182693481,0.014266026206314564,0.3517973721027374,0.6118912696838379,0.17767682671546936,0.3611595332622528,0.667679488658905,0.19781005382537842,0.36520034074783325,0.629399299621582,0.39239728450775146,0.37788963317871094,0.6585167646408081,0.4042782187461853,0.36464256048202515,0.6299687027931213,0.41425973176956177,0.37708592414855957,0.6551392078399658,0.4262508451938629,0.3812559247016907,0.63409823179245,0.38099420070648193,0.396240770816803,0.64942866563797,0.3893692195415497
0582,./images/155/frame_00582.jpg,Fall,0.282852441072464,0.752166211605072,-0.36988434195518494,0.27619853615760803,0.7582643032073975,-0.37817084789276123,0.2741425931453705,0.75589919090271,-0.37820595502853394,0.27205580472946167,0.7535291910171509,-0.3783039450645447,0.27964094281196594,0.7679218649864197,-0.36773014068603516,0.2791859805583954,0.7704897522926331,-0.3677811324596405,0.2790359854698181,0.7716164588928223,-0.3678681254386902,0.26194101572036743,0.7466471195220947,-0.3557819128036499,0.2744622528553009,0.7684934139251709,-0.3075985014438629,0.2767381966114044,0.7449026107788086,-0.35544365644454956,0.2829006314277649,0.7460703253746033,-0.3418770432472229,0.2633497714996338,0.6829009056091309,-0.29865163564682007,0.28193792700767517,0.7589597702026367,-0.21582035720348358,0.30689701437950134,0.6392789483070374,-0.2702952027320862,0.316572904586792,0.7274371385574341,-0.09402915835380554,0.3405345678329468,0.6111986637115479,-0.27707207202911377,0.32478439807891846,0.7173044085502625,-0.016916198655962944,0.3459465503692627,0.5987287759780884,-0.29720327258110046,0.3253933787345886,0.7156683206558228,-0.009251747280359268,0.3468567132949829,0.6072897911071777,-0.3053281009197235,0.3254784643650055,0.7235669493675232,-0.022970128804445267,0.3442712426185608,0.6155189275741577,-0.2806355059146881,0.32398417592048645,0.7227036356925964,-0.020401010289788246,0.3214869499206543,0.6412316560745239,-0.015517845749855042,0.33161935210227966,0.6875939965248108,0.015583629719913006,0.3533368408679962,0.6113730669021606,0.18102574348449707,0.3617323040962219,0.6657174229621887,0.20079758763313293,0.3622310757637024,0.6322494149208069,0.394840806722641,0.3766178786754608,0.6597869396209717,0.4067050516605377,0.36013758182525635,0.6334832310676575,0.4174022078514099,0.3749455511569977,0.6572924852371216,0.42969340085983276,0.37712350487709045,0.6372103095054626,0.38182157278060913,0.3945503830909729,0.6532397866249084,0.39714333415031433
0583,./images/155/frame_00583.jpg,Fall,0.28135591745376587,0.7543714046478271,-0.3637508451938629,0.2735493779182434,0.7620825171470642,-0.3707147240638733,0.2714076042175293,0.760003924369812,-0.3707442879676819,0.26928970217704773,0.7579131126403809,-0.37083524465560913,0.2773897349834442,0.7684125304222107,-0.36075934767723083,0.277771532535553,0.7705146074295044,-0.3608080744743347,0.2781793475151062,0.7720513343811035,-0.3608905076980591,0.260580450296402,0.7512276768684387,-0.347406804561615,0.27317285537719727,0.7699391841888428,-0.30246514081954956,0.2740539610385895,0.7465137243270874,-0.35011643171310425,0.2822343707084656,0.7473683953285217,-0.3371289372444153,0.26319247484207153,0.6855764389038086,-0.2906542420387268,0.2821674644947052,0.7565006017684937,-0.21500496566295624,0.3056281805038452,0.6395559906959534,-0.2594800591468811,0.31615298986434937,0.7248177528381348,-0.09049088507890701,0.33959633111953735,0.6115155220031738,-0.2634129226207733,0.32381436228752136,0.7160190343856812,-0.0023402245715260506,0.34411001205444336,0.5988900065422058,-0.2805801331996918,0.3246147632598877,0.7135091423988342,0.005584387574344873,0.3440820276737213,0.6103304624557495,-0.290069043636322,0.3246806859970093,0.7207905054092407,-0.00663989270105958,0.3438344895839691,0.6141248345375061,-0.2673034369945526,0.3233109712600708,0.7204234004020691,-0.004998355638235807,0.3228509724140167,0.6434193253517151,-0.014037241227924824,0.33299940824508667,0.6875945329666138,0.014086613431572914,0.3538873493671417,0.6119480729103088,0.18608374893665314,0.3633442223072052,0.6655524969100952,0.19866570830345154,0.3626537322998047,0.6311626434326172,0.40139418840408325,0.37909623980522156,0.6595196723937988,0.40623220801353455,0.3610265552997589,0.6324076652526855,0.42367807030677795,0.3778073191642761,0.6572220921516418,0.42890292406082153,0.37771177291870117,0.6350144147872925,0.39232337474823,0.396369069814682,0.6519208550453186,0.39348897337913513
0584,./images/155/frame_00584.jpg,Fall,0.28174230456352234,0.7535249590873718,-0.3642396032810211,0.27519646286964417,0.760368287563324,-0.3717133402824402,0.27275365591049194,0.7580676674842834,-0.37174227833747864,0.27037495374679565,0.7560165524482727,-0.37183159589767456,0.27900591492652893,0.7668794393539429,-0.36097219586372375,0.2791925072669983,0.7692277431488037,-0.36100053787231445,0.27939310669898987,0.7709786891937256,-0.3610627055168152,0.26146674156188965,0.7504205703735352,-0.3476904332637787,0.2755991816520691,0.7698398232460022,-0.3088143765926361,0.27607935667037964,0.7456532120704651,-0.35010266304016113,0.2822013199329376,0.7482582926750183,-0.3377896249294281,0.2633627951145172,0.685456395149231,-0.28834933042526245,0.2832450568675995,0.7564389705657959,-0.2193056344985962,0.3048594295978546,0.6402896642684937,-0.2469162940979004,0.31545591354370117,0.7243269085884094,-0.10087475925683975,0.3394005000591278,0.6235315799713135,-0.24200227856636047,0.32264044880867004,0.7159274816513062,-0.0240362286567688,0.34489136934280396,0.6170411705970764,-0.2561214566230774,0.3235512971878052,0.7132915258407593,-0.016455769538879395,0.3456410765647888,0.6250535249710083,-0.261363685131073,0.3235172927379608,0.7211796045303345,-0.027693266049027443,0.34369584918022156,0.6299446225166321,-0.2436789572238922,0.3218967318534851,0.7210652828216553,-0.026486489921808243,0.32281941175460815,0.6433095932006836,-0.012014464475214481,0.33338063955307007,0.6876503229141235,0.012048493139445782,0.35428062081336975,0.6121649146080017,0.18374572694301605,0.3646276593208313,0.6688337922096252,0.19010092318058014,0.3596937954425812,0.6314565539360046,0.3944937586784363,0.3795181214809418,0.662821352481842,0.3913417458534241,0.3574466109275818,0.632565975189209,0.4163193106651306,0.37802475690841675,0.661431610584259,0.4131387770175934,0.3735349774360657,0.6353309154510498,0.38850462436676025,0.39658236503601074,0.6522176861763,0.3778032660484314
0585,./images/155/frame_00585.jpg,Fall,0.2836853265762329,0.7530806064605713,-0.3692668080329895,0.2795000374317169,0.7599499821662903,-0.3789861798286438,0.27784299850463867,0.7565189003944397,-0.3790173828601837,0.2762761116027832,0.7546104192733765,-0.3791142404079437,0.281949520111084,0.7665923237800598,-0.36899226903915405,0.28202807903289795,0.7690153121948242,-0.3690471053123474,0.2820556163787842,0.7706460952758789,-0.3691297471523285,0.2644328474998474,0.7444746494293213,-0.35669130086898804,0.27747729420661926,0.7695170640945435,-0.3148987889289856,0.2790217101573944,0.7439531087875366,-0.35441508889198303,0.2833119034767151,0.7480605840682983,-0.3421190083026886,0.26408830285072327,0.6820276975631714,-0.29657310247421265,0.2831844687461853,0.7582982182502747,-0.22277311980724335,0.30563420057296753,0.6382113099098206,-0.2654089331626892,0.31550344824790955,0.7253214716911316,-0.10279592126607895,0.3408117890357971,0.6301978826522827,-0.2676076591014862,0.32320713996887207,0.7168083786964417,-0.037191055715084076,0.34731370210647583,0.6249956488609314,-0.2873052656650543,0.32480067014694214,0.7142905592918396,-0.03281895071268082,0.34790465235710144,0.6357777714729309,-0.2885521650314331,0.3239442706108093,0.7216960191726685,-0.04560959339141846,0.3446942865848541,0.6412182450294495,-0.2680138349533081,0.32208770513534546,0.7215821146965027,-0.04064103960990906,0.32268160581588745,0.6417964696884155,-0.012469557113945484,0.3332878649234772,0.6882802844047546,0.012532180175185204,0.3540131747722626,0.6124793887138367,0.18181951344013214,0.36458227038383484,0.673979640007019,0.20205144584178925,0.3597375750541687,0.6272033452987671,0.41784611344337463,0.379574179649353,0.6622562408447266,0.4277108311653137,0.35771259665489197,0.6275562047958374,0.4429755210876465,0.3785141110420227,0.6607458591461182,0.4519769251346588,0.3749067485332489,0.626819372177124,0.41157037019729614,0.3965771794319153,0.6497158408164978,0.4127550721168518
0586,./images/155/frame_00586.jpg,Fall,0.2848759591579437,0.7526407837867737,-0.354176789522171,0.2814099192619324,0.759723424911499,-0.3664536774158478,0.280044287443161,0.7561982274055481,-0.3664865791797638,0.2785409390926361,0.7538263201713562,-0.3665837049484253,0.28344881534576416,0.7659148573875427,-0.3552692234516144,0.28347116708755493,0.7683852910995483,-0.35531455278396606,0.2834870219230652,0.7701119184494019,-0.3553833067417145,0.26635506749153137,0.7434123754501343,-0.35494452714920044,0.2782214283943176,0.7691695094108582,-0.3041582405567169,0.28110095858573914,0.743084728717804,-0.34223365783691406,0.28426381945610046,0.7481355667114258,-0.3279046416282654,0.2646619379520416,0.6808454990386963,-0.2967475950717926,0.282332181930542,0.7619369626045227,-0.21629598736763,0.3071107268333435,0.6380844712257385,-0.2691342532634735,0.3156217932701111,0.7288531064987183,-0.10442207753658295,0.3414386510848999,0.624944806098938,-0.2718053460121155,0.32390183210372925,0.7157481908798218,-0.060690246522426605,0.34805840253829956,0.6166067123413086,-0.2943738102912903,0.326127827167511,0.712257981300354,-0.06113374978303909,0.3489645719528198,0.6288437247276306,-0.2974570691585541,0.3247179388999939,0.7188724875450134,-0.07404117286205292,0.3454868197441101,0.6355870366096497,-0.2731117010116577,0.3227326273918152,0.7191919684410095,-0.0648622140288353,0.322822242975235,0.6411641240119934,-0.01592656597495079,0.3317987322807312,0.6890453100204468,0.015990160405635834,0.35320714116096497,0.616588294506073,0.19518551230430603,0.36370983719825745,0.6754639148712158,0.22406801581382751,0.3609282970428467,0.6177882552146912,0.42743825912475586,0.3793773055076599,0.6617485284805298,0.45706018805503845,0.35994675755500793,0.6146692633628845,0.45120006799697876,0.3785051107406616,0.658268928527832,0.4817955493927002,0.37789082527160645,0.6174485683441162,0.4153859615325928,0.3965694010257721,0.6489076018333435,0.4451828896999359
0587,./images/155/frame_00587.jpg,Fall,0.2851395905017853,0.7521577477455139,-0.3567817509174347,0.28170400857925415,0.7595170140266418,-0.36807888746261597,0.28038400411605835,0.7559804320335388,-0.3681131899356842,0.2788621187210083,0.7533115148544312,-0.3682209849357605,0.2837417721748352,0.7654963731765747,-0.3564388155937195,0.28375524282455444,0.767978847026825,-0.35647478699684143,0.28381913900375366,0.7697920203208923,-0.35654014348983765,0.2666372060775757,0.7423087954521179,-0.3566409945487976,0.2781580090522766,0.76786208152771,-0.30565065145492554,0.28141939640045166,0.7420793175697327,-0.34336280822753906,0.2844797372817993,0.7480469346046448,-0.33003556728363037,0.26487481594085693,0.6805716753005981,-0.29903146624565125,0.28198036551475525,0.7619637250900269,-0.2174084186553955,0.30689525604248047,0.6379650235176086,-0.2746911644935608,0.31551724672317505,0.7302701473236084,-0.11340693384408951,0.3413374125957489,0.6278496384620667,-0.28101202845573425,0.32441413402557373,0.7154874801635742,-0.06495246291160583,0.3481294810771942,0.6217652559280396,-0.3034622073173523,0.32668396830558777,0.7118890285491943,-0.0643177181482315,0.3487927317619324,0.6340023279190063,-0.30611786246299744,0.32523593306541443,0.718289852142334,-0.07665698230266571,0.34525272250175476,0.6398932337760925,-0.2821529507637024,0.3232716917991638,0.7186010479927063,-0.06870001554489136,0.3230912387371063,0.6408414840698242,-0.01621244102716446,0.33122169971466064,0.6893141269683838,0.016277344897389412,0.3531937301158905,0.6158627271652222,0.19402414560317993,0.3640308976173401,0.6757511496543884,0.218351811170578,0.3619682192802429,0.6166014075279236,0.4224109649658203,0.3823358416557312,0.6615740060806274,0.44419869780540466,0.3613627851009369,0.6144228577613831,0.4457816481590271,0.3819836974143982,0.6570690274238586,0.46801742911338806,0.37872713804244995,0.6154559850692749,0.4101892113685608,0.40169158577919006,0.650205671787262,0.42866677045822144
0588,./images/155/frame_00588.jpg,Fall,0.28018930554389954,0.757157564163208,-0.3463415205478668,0.2731854021549225,0.7659813165664673,-0.35276859998703003,0.2711048126220703,0.7638645768165588,-0.352780818939209,0.2690223753452301,0.7619466185569763,-0.35285112261772156,0.2769832909107208,0.7697200179100037,-0.3431244194507599,0.27785712480545044,0.771238386631012,-0.3431845009326935,0.2787083387374878,0.7725542783737183,-0.34327232837677,0.2617255747318268,0.7533618211746216,-0.33185452222824097,0.27461162209510803,0.768969714641571,-0.2889992296695709,0.27690690755844116,0.7437053918838501,-0.33378666639328003,0.28191468119621277,0.7494304180145264,-0.3214874267578125,0.2647266983985901,0.6866828799247742,-0.2750169634819031,0.28341925144195557,0.7477833032608032,-0.21234238147735596,0.30528315901756287,0.6445075273513794,-0.23848553001880646,0.3150266408920288,0.7141958475112915,-0.09472228586673737,0.33909255266189575,0.6255081295967102,-0.23748406767845154,0.3216248154640198,0.710128664970398,-0.003475190605968237,0.3442157208919525,0.6174507737159729,-0.25234490633010864,0.3222722113132477,0.7074823379516602,0.003857868490740657,0.3460860848426819,0.6253525018692017,-0.25964319705963135,0.32185861468315125,0.7159687280654907,-0.0062617287039756775,0.34342294931411743,0.6309117078781128,-0.24017813801765442,0.32071489095687866,0.7162505984306335,-0.0055082570761442184,0.3243934214115143,0.6443657279014587,-0.008161741308867931,0.3333655297756195,0.6838062405586243,0.008138686418533325,0.3530311584472656,0.6187747716903687,0.19903430342674255,0.365776926279068,0.6702018976211548,0.19415205717086792,0.36193472146987915,0.621846079826355,0.41783127188682556,0.3915068507194519,0.6605374813079834,0.40442585945129395,0.3614112138748169,0.620120644569397,0.44103628396987915,0.38873034715652466,0.6572028398513794,0.4265323579311371,0.3750658929347992,0.6163041591644287,0.409928560256958,0.4039977192878723,0.6468227505683899,0.38923612236976624
0589,./images/155/frame_00589.jpg,Fall,0.28024616837501526,0.756898045539856,-0.3349422812461853,0.27411946654319763,0.7638005614280701,-0.3433302938938141,0.2721063792705536,0.7615257501602173,-0.34333547949790955,0.270080029964447,0.7593525648117065,-0.3433932960033417,0.2776067852973938,0.7686444520950317,-0.33360806107521057,0.2782054543495178,0.7701219320297241,-0.3336735963821411,0.2787628471851349,0.770934522151947,-0.33376044034957886,0.26189249753952026,0.7509629726409912,-0.32674282789230347,0.27449801564216614,0.7679780125617981,-0.2834978997707367,0.27630534768104553,0.7437553405761719,-0.32385340332984924,0.27933552861213684,0.7492635250091553,-0.31136438250541687,0.26461178064346313,0.6863017082214355,-0.2711885869503021,0.28351444005966187,0.7489491105079651,-0.20825913548469543,0.30312806367874146,0.6445286870002747,-0.2365555316209793,0.31505605578422546,0.7125009894371033,-0.09403949230909348,0.33741337060928345,0.6235359907150269,-0.2421773225069046,0.3225193917751312,0.707643449306488,-0.01601387746632099,0.3431156277656555,0.6152640581130981,-0.25793641805648804,0.32377225160598755,0.7051963806152344,-0.011054608970880508,0.3448401689529419,0.6223363280296326,-0.26605483889579773,0.32297641038894653,0.714413046836853,-0.022220222279429436,0.3419867157936096,0.6281417012214661,-0.2452254295349121,0.3215535581111908,0.714386522769928,-0.018780790269374847,0.3246482014656067,0.6443323493003845,-0.005974924191832542,0.33400583267211914,0.6839672327041626,0.005963505245745182,0.3541591763496399,0.6207929253578186,0.19584378600120544,0.3671470880508423,0.6705375909805298,0.18098558485507965,0.36356231570243835,0.6261888146400452,0.39428213238716125,0.397840678691864,0.6603774428367615,0.3759581744670868,0.36329397559165955,0.624450147151947,0.4152797758579254,0.3940613567829132,0.6586349606513977,0.39586830139160156,0.375363290309906,0.6225177049636841,0.3844852149486542,0.4103322923183441,0.6466887593269348,0.3546143174171448
0590,./images/155/frame_00590.jpg,Fall,0.2818285822868347,0.7563237547874451,-0.3229290843009949,0.27501338720321655,0.7632277011871338,-0.33265966176986694,0.27306103706359863,0.7611035704612732,-0.3326643109321594,0.27117568254470825,0.7590048909187317,-0.33272603154182434,0.2781112492084503,0.770825982093811,-0.3230137228965759,0.27839016914367676,0.7714813947677612,-0.3230777680873871,0.2788205146789551,0.7718843817710876,-0.3231673538684845,0.263507604598999,0.7515459060668945,-0.3222699761390686,0.2745700776576996,0.7687714695930481,-0.27968963980674744,0.27643007040023804,0.74649977684021,-0.31390243768692017,0.27925437688827515,0.7513064742088318,-0.30163323879241943,0.26583439111709595,0.6873476505279541,-0.2702164947986603,0.2821824848651886,0.7486642599105835,-0.20577919483184814,0.3058074414730072,0.6459458470344543,-0.22774815559387207,0.31119680404663086,0.7155148983001709,-0.08718858659267426,0.3370225727558136,0.6340124607086182,-0.2125164270401001,0.31584876775741577,0.7165582180023193,0.007024039980024099,0.3427720367908478,0.6297742128372192,-0.22340404987335205,0.3158036470413208,0.7163114547729492,0.016376309096813202,0.34378352761268616,0.6362378001213074,-0.22790300846099854,0.3154677152633667,0.7257042527198792,0.0068584466353058815,0.34081345796585083,0.640314519405365,-0.2133861780166626,0.31470057368278503,0.7252045273780823,0.005364870186895132,0.32586196064949036,0.6441733241081238,-0.007100941147655249,0.3342100977897644,0.6818626523017883,0.00710337096825242,0.35418701171875,0.6179596185684204,0.19252419471740723,0.3668239712715149,0.6678131818771362,0.1878490000963211,0.3581129312515259,0.6238161325454712,0.39944249391555786,0.39431166648864746,0.6590349674224854,0.3895201086997986,0.35633713006973267,0.6219699382781982,0.421602338552475,0.3921114504337311,0.656814694404602,0.4105270504951477,0.36895111203193665,0.6226626634597778,0.3959276080131531,0.4043385982513428,0.6455012559890747,0.37589889764785767
0591,./images/155/frame_00591.jpg,Fall,0.28342917561531067,0.7538247108459473,-0.3358549177646637,0.2797909080982208,0.760431170463562,-0.3464815020561218,0.27861663699150085,0.7588669657707214,-0.34649550914764404,0.2768690288066864,0.7521864175796509,-0.3465675413608551,0.2814353108406067,0.766981840133667,-0.3362504243850708,0.2814158797264099,0.768066942691803,-0.3363102674484253,0.28143468499183655,0.76902174949646,-0.33639562129974365,0.26663467288017273,0.7464501857757568,-0.33104488253593445,0.2765722870826721,0.7664710283279419,-0.28748172521591187,0.27971768379211426,0.7436098456382751,-0.3251839280128479,0.28190961480140686,0.7492775917053223,-0.3117704689502716,0.26579049229621887,0.6858540177345276,-0.28754472732543945,0.2816140651702881,0.7537412643432617,-0.20689840614795685,0.3058461546897888,0.6449728012084961,-0.2699243724346161,0.31182509660720825,0.727070689201355,-0.09177128970623016,0.3368840217590332,0.634471595287323,-0.27526405453681946,0.3182505667209625,0.7181665301322937,-0.028076495975255966,0.34289297461509705,0.6297235488891602,-0.2962723672389984,0.3185744881629944,0.7162684202194214,-0.024496816098690033,0.34367746114730835,0.6392837762832642,-0.2976314127445221,0.3185268044471741,0.7239054441452026,-0.035544026643037796,0.34041738510131836,0.6436486840248108,-0.27568554878234863,0.31732887029647827,0.7238835096359253,-0.031274549663066864,0.32579147815704346,0.642941951751709,-0.013919626362621784,0.33491137623786926,0.6827555298805237,0.013952769339084625,0.35286644101142883,0.616276741027832,0.1912776380777359,0.366887629032135,0.6687980890274048,0.21162526309490204,0.3548614978790283,0.6148198246955872,0.4132431149482727,0.39156872034072876,0.6570565700531006,0.42824316024780273,0.3526783585548401,0.6129459142684937,0.4367137849330902,0.3907741606235504,0.6535199284553528,0.4509485363960266,0.36962273716926575,0.613957405090332,0.4067692160606384,0.4077979028224945,0.6435047388076782,0.4132307469844818
0592,./images/155/frame_00592.jpg,Fall,0.28372520208358765,0.7535002827644348,-0.3401572108268738,0.2805975079536438,0.760154664516449,-0.35390564799308777,0.27953240275382996,0.7583951950073242,-0.3539330065250397,0.27705255150794983,0.7521820068359375,-0.3540377914905548,0.2819957435131073,0.7669191360473633,-0.3409825265407562,0.2819365859031677,0.7680405378341675,-0.3410257399082184,0.281962126493454,0.7691584825515747,-0.3410802483558655,0.26669368147850037,0.7463356256484985,-0.3442923128604889,0.2766183018684387,0.766473114490509,-0.29056403040885925,0.28003549575805664,0.7434320449829102,-0.3317300081253052,0.28263550996780396,0.7490308880805969,-0.3143689036369324,0.2657380998134613,0.6850916743278503,-0.2945125699043274,0.28150686621665955,0.756556510925293,-0.20829851925373077,0.30618301033973694,0.6437134146690369,-0.27617108821868896,0.3120567202568054,0.7302225828170776,-0.09562429040670395,0.3372582793235779,0.6343654990196228,-0.2840483784675598,0.319490522146225,0.7195057272911072,-0.0327816866338253,0.3432537615299225,0.6285495758056641,-0.3066588044166565,0.3204360604286194,0.7171705365180969,-0.030395468696951866,0.3441893458366394,0.6377254724502563,-0.30919674038887024,0.31998705863952637,0.7241025567054749,-0.042593199759721756,0.3407987058162689,0.6424405574798584,-0.2852512001991272,0.31859850883483887,0.724290132522583,-0.036451082676649094,0.3256400227546692,0.64299476146698,-0.016934441402554512,0.3336371183395386,0.68760085105896,0.0169838834553957,0.3528473973274231,0.6170952916145325,0.19585901498794556,0.3667585849761963,0.6728854179382324,0.22169379889965057,0.3598204553127289,0.615132749080658,0.4185810089111328,0.3909812569618225,0.6576915383338928,0.4461706280708313,0.3589072525501251,0.6132883429527283,0.44149184226989746,0.38930636644363403,0.6536641716957092,0.46958446502685547,0.37690451741218567,0.6130198836326599,0.40578222274780273,0.4064045548439026,0.6448976993560791,0.4285217821598053
0593,./images/155/frame_00593.jpg,Fall,0.28411242365837097,0.754733681678772,-0.3426162600517273,0.28153330087661743,0.7598341107368469,-0.35499364137649536,0.28029635548591614,0.7579854130744934,-0.35501766204833984,0.2787049114704132,0.7531351447105408,-0.3551124930381775,0.2825959324836731,0.7666895389556885,-0.343100905418396,0.2825372815132141,0.7680674195289612,-0.34314998984336853,0.28220134973526,0.7695439457893372,-0.3432171940803528,0.26808252930641174,0.7462804913520813,-0.34575483202934265,0.27675777673721313,0.7670353651046753,-0.29207542538642883,0.28044500946998596,0.7435970902442932,-0.3326508402824402,0.28279122710227966,0.7497471570968628,-0.3168771266937256,0.26571038365364075,0.6852172017097473,-0.29621270298957825,0.27884143590927124,0.761891782283783,-0.20347292721271515,0.30651646852493286,0.6423261165618896,-0.28037330508232117,0.30985480546951294,0.7374595403671265,-0.08259466290473938,0.34085899591445923,0.6338972449302673,-0.29634159803390503,0.31869417428970337,0.7270606160163879,-0.017906930297613144,0.34807902574539185,0.6278666853904724,-0.3215638995170593,0.3201448321342468,0.7246411442756653,-0.013818496838212013,0.34905746579170227,0.6372167468070984,-0.32426393032073975,0.31923848390579224,0.7314858436584473,-0.02804400399327278,0.34517568349838257,0.6423159837722778,-0.2978764474391937,0.3178591728210449,0.7314751744270325,-0.021968498826026917,0.32553157210350037,0.6429126262664795,-0.020678019151091576,0.3319081664085388,0.6897829174995422,0.02074546180665493,0.3525189459323883,0.6185811758041382,0.19529113173484802,0.365700900554657,0.6759797930717468,0.2240513563156128,0.36202865839004517,0.6097988486289978,0.41600775718688965,0.3879960775375366,0.6601939797401428,0.45363229513168335,0.36149096488952637,0.6059170365333557,0.43899279832839966,0.3875865936279297,0.6550448536872864,0.4774050712585449,0.3802710175514221,0.6070472002029419,0.39703884720802307,0.4062483310699463,0.6499094367027283,0.43576058745384216
0594,./images/155/frame_00594.jpg,Fall,0.28460144996643066,0.7517274618148804,-0.34865105152130127,0.28214552998542786,0.7550183534622192,-0.3617860972881317,0.2808888554573059,0.7532912492752075,-0.36180949211120605,0.2793034017086029,0.7501159906387329,-0.36188405752182007,0.28387102484703064,0.7623789310455322,-0.3501353859901428,0.2839629054069519,0.764386773109436,-0.3501828610897064,0.2838810980319977,0.7664355039596558,-0.350254088640213,0.27084729075431824,0.7462059259414673,-0.34966132044792175,0.27780210971832275,0.766305685043335,-0.29762840270996094,0.2807823419570923,0.7418010234832764,-0.33713966608047485,0.2833549678325653,0.7486763596534729,-0.32165104150772095,0.2651102542877197,0.6853193044662476,-0.29863741993904114,0.2790634334087372,0.7651522159576416,-0.20423784852027893,0.30537495017051697,0.6424136757850647,-0.2814459204673767,0.31083646416664124,0.7378517389297485,-0.0979827493429184,0.34255921840667725,0.6331682205200195,-0.29790234565734863,0.32784193754196167,0.7196668982505798,-0.05196461081504822,0.351157009601593,0.6243791580200195,-0.32319945096969604,0.33248502016067505,0.7138806581497192,-0.05092284828424454,0.35298269987106323,0.636021614074707,-0.32729560136795044,0.33118194341659546,0.7174676656723022,-0.06575793772935867,0.34853819012641907,0.6422383785247803,-0.29991933703422546,0.3283105492591858,0.7181618809700012,-0.05662127584218979,0.3236221373081207,0.6428887248039246,-0.018943224102258682,0.33019372820854187,0.6924434900283813,0.019004564732313156,0.3520810008049011,0.6144346594810486,0.17909225821495056,0.36563345789909363,0.6765037775039673,0.21770012378692627,0.3556293249130249,0.6083709001541138,0.4098888337612152,0.3876592814922333,0.6602621078491211,0.45006251335144043,0.35335832834243774,0.6061622500419617,0.4334488809108734,0.3872901201248169,0.6554268598556519,0.47523269057273865,0.37313079833984375,0.6064732670783997,0.3951030671596527,0.4073435664176941,0.6521039009094238,0.4190707206726074
0595,./images/155/frame_00595.jpg,Fall,0.2850472033023834,0.7501910924911499,-0.35999879240989685,0.2824104428291321,0.7531452775001526,-0.37215903401374817,0.28106689453125,0.7514052391052246,-0.37218257784843445,0.27943673729896545,0.7488294839859009,-0.3722674250602722,0.2846280038356781,0.7606818079948425,-0.3615594506263733,0.28483060002326965,0.7629407048225403,-0.36160776019096375,0.28503185510635376,0.7657591700553894,-0.36168745160102844,0.2699500620365143,0.7433348894119263,-0.3558807969093323,0.27851104736328125,0.7663161158561707,-0.3080224394798279,0.2811321020126343,0.7411057949066162,-0.3465315103530884,0.2839910686016083,0.7478264570236206,-0.3326883912086487,0.26495975255966187,0.6846222877502441,-0.3009766936302185,0.2790951430797577,0.7671542763710022,-0.2162817418575287,0.30414456129074097,0.6423927545547485,-0.2760317325592041,0.3104555010795593,0.7377271056175232,-0.11098066717386246,0.3412027060985565,0.6426823735237122,-0.2853003442287445,0.3319702744483948,0.7125189304351807,-0.062439363449811935,0.3506651520729065,0.6297012567520142,-0.3078036904335022,0.33717507123947144,0.7058187127113342,-0.06279249489307404,0.35195863246917725,0.6421321630477905,-0.3117777407169342,0.33558040857315063,0.7083570957183838,-0.07681208103895187,0.347640722990036,0.647556722164154,-0.2871621549129486,0.33235305547714233,0.7091367840766907,-0.06667754799127579,0.3234693706035614,0.6425190567970276,-0.01900864951312542,0.32952314615249634,0.693856418132782,0.019089801236987114,0.35345178842544556,0.6172114610671997,0.18554702401161194,0.36355534195899963,0.6773377060890198,0.22475218772888184,0.36243200302124023,0.6097578406333923,0.4179456830024719,0.3775957524776459,0.6599045395851135,0.45494937896728516,0.36075514554977417,0.6081300377845764,0.441417396068573,0.3770885467529297,0.654572069644928,0.4794849753379822,0.38283076882362366,0.615558385848999,0.40142959356307983,0.3944971561431885,0.6515874862670898,0.4406962990760803
0596,./images/155/frame_00596.jpg,Fall,0.2847333252429962,0.7480665445327759,-0.356029212474823,0.2821837365627289,0.7518256902694702,-0.3677874207496643,0.2808183431625366,0.7505909204483032,-0.3678235113620758,0.27912798523902893,0.7484383583068848,-0.36794114112854004,0.28441116213798523,0.7590346336364746,-0.35692161321640015,0.2845690846443176,0.7615675926208496,-0.35693424940109253,0.284728080034256,0.764423131942749,-0.35697290301322937,0.2697049081325531,0.745238721370697,-0.35306835174560547,0.27843382954597473,0.7665850520133972,-0.30186671018600464,0.281065434217453,0.740307092666626,-0.34260737895965576,0.2839803099632263,0.7466081976890564,-0.3280593156814575,0.26446670293807983,0.6846804618835449,-0.2991302013397217,0.2792709767818451,0.7662511467933655,-0.21265025436878204,0.30273979902267456,0.6423781514167786,-0.277639776468277,0.31063997745513916,0.7367545366287231,-0.11840027570724487,0.3399757742881775,0.6443377733230591,-0.2895781397819519,0.33638185262680054,0.705788254737854,-0.09079408645629883,0.34997138381004333,0.6288102269172668,-0.31399086117744446,0.3416140377521515,0.6989215016365051,-0.09589900076389313,0.3511454463005066,0.6406729817390442,-0.3177439570426941,0.3400382101535797,0.7012767195701599,-0.11082659661769867,0.3470406234264374,0.6461424231529236,-0.29148370027542114,0.33688884973526,0.7022466063499451,-0.09631048887968063,0.3245569169521332,0.6440497636795044,-0.025273924693465233,0.3297613263130188,0.6933736801147461,0.02530825138092041,0.35697370767593384,0.6233978867530823,0.18540331721305847,0.36070555448532104,0.67696213722229,0.2427138090133667,0.3765568435192108,0.620203971862793,0.4118269085884094,0.36837852001190186,0.6526070237159729,0.4746987223625183,0.376472532749176,0.6137158870697021,0.43456071615219116,0.3677014708518982,0.6440849900245667,0.49938955903053284,0.4061773419380188,0.6497288346290588,0.39294373989105225,0.3830591142177582,0.6493745446205139,0.46874532103538513
0597,./images/155/frame_00597.jpg,Fall,0.2847124934196472,0.7496817111968994,-0.36112478375434875,0.2820013761520386,0.7522193193435669,-0.37104517221450806,0.2805930972099304,0.7510395646095276,-0.37106698751449585,0.278889000415802,0.7496065497398376,-0.3711548447608948,0.28423944115638733,0.7595988512039185,-0.35977399349212646,0.28438371419906616,0.7629286050796509,-0.3598160743713379,0.2845202386379242,0.7656087875366211,-0.3598915636539459,0.2685622572898865,0.7452908158302307,-0.3516935408115387,0.27798348665237427,0.7667517066001892,-0.30170896649360657,0.2809778153896332,0.7406702041625977,-0.3468882143497467,0.2839049696922302,0.7468755841255188,-0.3319830298423767,0.2643715739250183,0.6847266554832458,-0.2975221574306488,0.2801367938518524,0.7656323909759521,-0.2138868123292923,0.3028349280357361,0.6440655589103699,-0.2737926244735718,0.3161296546459198,0.7359132766723633,-0.12736308574676514,0.34080973267555237,0.6459606885910034,-0.2860288619995117,0.3361920714378357,0.7044053077697754,-0.10149940103292465,0.35067930817604065,0.6387794613838196,-0.3089770972728729,0.34145835041999817,0.6971241235733032,-0.10470087826251984,0.35119912028312683,0.6491203904151917,-0.31175369024276733,0.3399685323238373,0.7000096440315247,-0.11975561082363129,0.3470182418823242,0.6539941430091858,-0.2865827679634094,0.3368513286113739,0.7011332511901855,-0.10674017667770386,0.32581084966659546,0.642064094543457,-0.023069757968187332,0.33395346999168396,0.6911717653274536,0.02308601699769497,0.3628491461277008,0.6127834320068359,0.14808784425258636,0.36393773555755615,0.6616776585578918,0.18936900794506073,0.3745611608028412,0.6219481229782104,0.39401963353157043,0.3713342547416687,0.6532019376754761,0.435519278049469,0.37205061316490173,0.6195167899131775,0.4192267060279846,0.36909928917884827,0.6447728872299194,0.4633834958076477,0.39861780405044556,0.6386094689369202,0.38646215200424194,0.3883097767829895,0.6493526697158813,0.44990310072898865
0598,./images/155/frame_00598.jpg,Fall,0.2850457727909088,0.7549836039543152,-0.33910438418388367,0.2823047637939453,0.7571658492088318,-0.3505972921848297,0.2808891236782074,0.7553441524505615,-0.3506212532520294,0.2790401875972748,0.7532487511634827,-0.3507191836833954,0.2846333086490631,0.7649136781692505,-0.33775830268859863,0.2847210764884949,0.7673293352127075,-0.33779582381248474,0.2847849428653717,0.7694056034088135,-0.337868332862854,0.26840347051620483,0.7478365302085876,-0.3402390778064728,0.2776131331920624,0.7690318822860718,-0.28223639726638794,0.2810748219490051,0.7428702712059021,-0.3290523886680603,0.284065306186676,0.7493429183959961,-0.31226080656051636,0.265036016702652,0.6846818923950195,-0.29065102338790894,0.28016477823257446,0.7654634118080139,-0.19970636069774628,0.30287742614746094,0.6441775560379028,-0.26334884762763977,0.31639882922172546,0.7352888584136963,-0.09582860767841339,0.3407483696937561,0.6438893675804138,-0.2589392066001892,0.3349893391132355,0.7075788378715515,-0.04041805490851402,0.35026735067367554,0.637311577796936,-0.2786549925804138,0.33910036087036133,0.7010049223899841,-0.03783672675490379,0.35091689229011536,0.6480910181999207,-0.28066781163215637,0.3371039032936096,0.7048654556274414,-0.05038633942604065,0.3468431532382965,0.6527215838432312,-0.25916409492492676,0.3345382511615753,0.7057276368141174,-0.04398883134126663,0.32700449228286743,0.641274631023407,-0.021598007529973984,0.33523479104042053,0.6903907060623169,0.021634075790643692,0.3612549901008606,0.6130809187889099,0.16434922814369202,0.3639429807662964,0.663834810256958,0.19659025967121124,0.3754611015319824,0.6229110360145569,0.39704644680023193,0.37246543169021606,0.6534227728843689,0.43661007285118103,0.3735741376876831,0.621166467666626,0.42043814063072205,0.3701709806919098,0.6449156403541565,0.4626992642879486,0.39754825830459595,0.6346384286880493,0.3846369683742523,0.3904881477355957,0.6508327722549438,0.4371129870414734
0599,./images/155/frame_00599.jpg,Fall,0.2850506901741028,0.761052131652832,-0.3128209710121155,0.2821866571903229,0.7648873925209045,-0.3261682391166687,0.2805541157722473,0.7669976353645325,-0.3261924386024475,0.2788282036781311,0.7649831771850586,-0.3262997567653656,0.2845560908317566,0.7717558145523071,-0.31130170822143555,0.2847066819667816,0.7737528681755066,-0.3113326132297516,0.2847380042076111,0.7760827541351318,-0.31138259172439575,0.2682768404483795,0.756351113319397,-0.32715100049972534,0.2772253453731537,0.7746415138244629,-0.25917792320251465,0.2811003029346466,0.746985137462616,-0.30673250555992126,0.2840251624584198,0.7534438371658325,-0.2872105836868286,0.26543813943862915,0.6851880550384521,-0.287380188703537,0.27844157814979553,0.76194828748703,-0.17524152994155884,0.3048695921897888,0.6441709995269775,-0.26381614804267883,0.3130970597267151,0.7350465655326843,-0.06706734001636505,0.3407592177391052,0.6438155174255371,-0.2616446912288666,0.3214649260044098,0.7227933406829834,-0.015760835260152817,0.34948500990867615,0.6388965249061584,-0.28207823634147644,0.32266420125961304,0.7192087769508362,-0.012318232096731663,0.34962791204452515,0.6497764587402344,-0.2835243344306946,0.32132017612457275,0.7268134355545044,-0.025448286905884743,0.34613946080207825,0.6536687612533569,-0.2617543339729309,0.3205213248729706,0.7272855043411255,-0.019736597314476967,0.3281790316104889,0.6431321501731873,-0.03183772787451744,0.334955632686615,0.6892656683921814,0.03183833509683609,0.36026057600975037,0.6219046711921692,0.1707037389278412,0.3618728816509247,0.6644452214241028,0.23940446972846985,0.3787672817707062,0.6225607395172119,0.38829755783081055,0.37266457080841064,0.6472759246826172,0.4649461805820465,0.3785473704338074,0.6193147301673889,0.40999189019203186,0.3718971312046051,0.6384457349777222,0.48907607793807983,0.4029754102230072,0.6440549492835999,0.37253838777542114,0.3886593282222748,0.6477557420730591,0.46136730909347534
0600,./images/155/frame_00600.jpg,Fall,0.28507083654403687,0.760985791683197,-0.30289924144744873,0.2821500897407532,0.7653084397315979,-0.3159421980381012,0.28025704622268677,0.7666776180267334,-0.31596454977989197,0.27848297357559204,0.7645485997200012,-0.31605133414268494,0.28445306420326233,0.772612988948822,-0.3018702566623688,0.2845917046070099,0.7745758891105652,-0.3018980920314789,0.2846429646015167,0.776517391204834,-0.30195802450180054,0.26801544427871704,0.7561203837394714,-0.31732314825057983,0.27618658542633057,0.773962140083313,-0.2531931698322296,0.28118276596069336,0.7477465271949768,-0.29746249318122864,0.2839873433113098,0.7536802291870117,-0.2790195643901825,0.2654953598976135,0.6846745610237122,-0.2802717089653015,0.2786393463611603,0.7609513401985168,-0.17739155888557434,0.3048599362373352,0.6441303491592407,-0.25927597284317017,0.31387823820114136,0.7344343662261963,-0.07793863117694855,0.34092995524406433,0.6407350897789001,-0.25187093019485474,0.32341718673706055,0.7208870053291321,-0.028668802231550217,0.3493582308292389,0.6359602808952332,-0.27203240990638733,0.32515111565589905,0.7168550491333008,-0.026513755321502686,0.3495544493198395,0.6473658680915833,-0.2738456130027771,0.3233996033668518,0.7235374450683594,-0.03895691782236099,0.34602853655815125,0.6515318751335144,-0.2522413432598114,0.322676420211792,0.7240427732467651,-0.03261047974228859,0.32865163683891296,0.6430867910385132,-0.02767140604555607,0.33584797382354736,0.6889777779579163,0.027683725580573082,0.3589746057987213,0.6212276220321655,0.18107612431049347,0.3624541163444519,0.6650300025939941,0.22915515303611755,0.37715592980384827,0.6168269515037537,0.39431560039520264,0.3754947781562805,0.6487483382225037,0.4531952440738678,0.37572357058525085,0.6116852164268494,0.41668057441711426,0.3746708035469055,0.641741156578064,0.47712308168411255,0.4009222984313965,0.6273880004882812,0.3802669644355774,0.39478641748428345,0.6457726955413818,0.4452778398990631
