frame_id,frame_path,label,kpt_0_x,kpt_0_y,kpt_0_z,kpt_1_x,kpt_1_y,kpt_1_z,kpt_2_x,kpt_2_y,kpt_2_z,kpt_3_x,kpt_3_y,kpt_3_z,kpt_4_x,kpt_4_y,kpt_4_z,kpt_5_x,kpt_5_y,kpt_5_z,kpt_6_x,kpt_6_y,kpt_6_z,kpt_7_x,kpt_7_y,kpt_7_z,kpt_8_x,kpt_8_y,kpt_8_z,kpt_9_x,kpt_9_y,kpt_9_z,kpt_10_x,kpt_10_y,kpt_10_z,kpt_11_x,kpt_11_y,kpt_11_z,kpt_12_x,kpt_12_y,kpt_12_z,kpt_13_x,kpt_13_y,kpt_13_z,kpt_14_x,kpt_14_y,kpt_14_z,kpt_15_x,kpt_15_y,kpt_15_z,kpt_16_x,kpt_16_y,kpt_16_z,kpt_17_x,kpt_17_y,kpt_17_z,kpt_18_x,kpt_18_y,kpt_18_z,kpt_19_x,kpt_19_y,kpt_19_z,kpt_20_x,kpt_20_y,kpt_20_z,kpt_21_x,kpt_21_y,kpt_21_z,kpt_22_x,kpt_22_y,kpt_22_z,kpt_23_x,kpt_23_y,kpt_23_z,kpt_24_x,kpt_24_y,kpt_24_z,kpt_25_x,kpt_25_y,kpt_25_z,kpt_26_x,kpt_26_y,kpt_26_z,kpt_27_x,kpt_27_y,kpt_27_z,kpt_28_x,kpt_28_y,kpt_28_z,kpt_29_x,kpt_29_y,kpt_29_z,kpt_30_x,kpt_30_y,kpt_30_z,kpt_31_x,kpt_31_y,kpt_31_z,kpt_32_x,kpt_32_y,kpt_32_z
0135,./images/8/frame_00135.jpg,Normal,0.7279261946678162,0.3702583312988281,0.18925337493419647,0.7284598350524902,0.36031052470207214,0.16903144121170044,0.7272414565086365,0.3582043945789337,0.16905371844768524,0.7259301543235779,0.3559666872024536,0.16905444860458374,0.7318133115768433,0.3643973767757416,0.16608141362667084,0.7328422665596008,0.365283340215683,0.1661211997270584,0.7338701486587524,0.36625543236732483,0.1659952998161316,0.7222778797149658,0.3535473048686981,0.09854106605052948,0.7338672876358032,0.3690342903137207,0.08501876890659332,0.7226802110671997,0.37309908866882324,0.1693505346775055,0.7272542119026184,0.37805861234664917,0.1649250090122223,0.6874262690544128,0.3626098930835724,0.06658782809972763,0.7335109710693359,0.39942795038223267,0.04508529230952263,0.6557037830352783,0.42674022912979126,0.17140533030033112,0.7244056463241577,0.45827943086624146,0.13184854388237,0.670029878616333,0.4450792670249939,0.30315589904785156,0.7213068604469299,0.44671371579170227,0.2759908437728882,0.668627917766571,0.4513856768608093,0.31727996468544006,0.7230208516120911,0.44504353404045105,0.29520705342292786,0.675938069820404,0.45345398783683777,0.32011678814888,0.7177863121032715,0.4419204592704773,0.292847603559494,0.6788015365600586,0.4531097412109375,0.3078891336917877,0.7156456708908081,0.4395185112953186,0.27961885929107666,0.6596099734306335,0.5087711215019226,0.01537582278251648,0.6942119002342224,0.5326064229011536,-0.01573401503264904,0.6504558324813843,0.5365254282951355,0.22438764572143555,0.7029370069503784,0.5721374750137329,0.20330336689949036,0.6405823230743408,0.6037869453430176,0.38419780135154724,0.6787886023521423,0.6252016425132751,0.3727473318576813,0.6387559175491333,0.6203276515007019,0.40653395652770996,0.6736869812011719,0.6421278119087219,0.3966306746006012,0.6460040807723999,0.5733605027198792,0.43926483392715454,0.6887630224227905,0.6190481781959534,0.4227142930030823
0136,./images/8/frame_00136.jpg,Normal,0.7279099225997925,0.36598142981529236,0.18956206738948822,0.7283446788787842,0.3559369444847107,0.17270520329475403,0.7271382808685303,0.35381990671157837,0.1727086752653122,0.725862979888916,0.3517981767654419,0.17270120978355408,0.7318119406700134,0.3605104684829712,0.1695159673690796,0.7328670024871826,0.36156371235847473,0.1695423722267151,0.7339762449264526,0.362689346075058,0.1694488823413849,0.7223543524742126,0.3494955599308014,0.1144324541091919,0.7342199683189392,0.36403584480285645,0.10023486614227295,0.7230156660079956,0.3679836690425873,0.17260023951530457,0.727495014667511,0.3730964958667755,0.1680668145418167,0.6878138780593872,0.35614997148513794,0.08812098950147629,0.7359328866004944,0.3993067145347595,0.06154011934995651,0.6627031564712524,0.415380597114563,0.17628909647464752,0.7284148931503296,0.4582682251930237,0.1385156810283661,0.6767676472663879,0.4396038055419922,0.2991229295730591,0.720878005027771,0.447569876909256,0.27620187401771545,0.675749659538269,0.44354358315467834,0.3162330389022827,0.7221843004226685,0.44558775424957275,0.296741783618927,0.682688295841217,0.44417518377304077,0.320069819688797,0.7162389159202576,0.442033052444458,0.2966482639312744,0.6850076913833618,0.4449326694011688,0.3048531413078308,0.7142058610916138,0.44024837017059326,0.28035059571266174,0.6592531800270081,0.4958491027355194,0.014485016465187073,0.693849503993988,0.5205550193786621,-0.014909063465893269,0.6471998691558838,0.5323930978775024,0.21819038689136505,0.6937919855117798,0.5712553858757019,0.2035493552684784,0.640597939491272,0.5814915895462036,0.2834797501564026,0.6841187477111816,0.6212563514709473,0.28601667284965515,0.6397550106048584,0.6050007343292236,0.29569491744041443,0.6779989004135132,0.6315707564353943,0.2999342083930969,0.6459918022155762,0.5691990256309509,0.3288486897945404,0.6942070126533508,0.618118941783905,0.3274199068546295
0137,./images/8/frame_00137.jpg,Normal,0.7288466095924377,0.3638659715652466,0.1304488480091095,0.7289655208587646,0.35400503873825073,0.11135921627283096,0.7277935147285461,0.35186895728111267,0.11136923730373383,0.7266008853912354,0.34988170862197876,0.11134590953588486,0.7325999140739441,0.35864076018333435,0.10852992534637451,0.7338060140609741,0.3597075939178467,0.10853739827871323,0.73508220911026,0.3608996868133545,0.10847298055887222,0.7236520051956177,0.347545862197876,0.04995223134756088,0.7353893518447876,0.36225730180740356,0.03738604485988617,0.7247724533081055,0.3657504618167877,0.114484503865242,0.7290268540382385,0.370951771736145,0.11038756370544434,0.68821781873703,0.3524160385131836,0.031242355704307556,0.737749457359314,0.3993135094642639,0.01516464352607727,0.6626330614089966,0.4084739685058594,0.11582954972982407,0.7304894328117371,0.4569638967514038,0.10089682042598724,0.6764944791793823,0.43195000290870667,0.2298833131790161,0.7230135202407837,0.44372430443763733,0.24245166778564453,0.6758711338043213,0.43648701906204224,0.24606665968894958,0.7229301333427429,0.44129207730293274,0.26301509141921997,0.6826919317245483,0.4366185963153839,0.24964861571788788,0.7177599668502808,0.43658870458602905,0.2648276686668396,0.6849216818809509,0.4372672736644745,0.23499274253845215,0.7162366509437561,0.4353702664375305,0.24760015308856964,0.6587799191474915,0.49067413806915283,0.012318546883761883,0.693564772605896,0.5180954933166504,-0.012750716879963875,0.6531716585159302,0.5262726545333862,0.21747395396232605,0.6971371173858643,0.5671936869621277,0.21378538012504578,0.64106285572052,0.586833119392395,0.31558361649513245,0.6850203275680542,0.6214657425880432,0.32610273361206055,0.6399999856948853,0.6078758239746094,0.33199542760849,0.6775487661361694,0.6326664686203003,0.34426507353782654,0.6446848511695862,0.5694430470466614,0.3659687340259552,0.6961617469787598,0.6176124215126038,0.3745166063308716
0138,./images/8/frame_00138.jpg,Normal,0.7300702929496765,0.36002177000045776,0.12367447465658188,0.7301458120346069,0.3504011034965515,0.10547151416540146,0.7289799451828003,0.348371684551239,0.10548289120197296,0.7278115153312683,0.346465140581131,0.10545998811721802,0.733812153339386,0.35506823658943176,0.10227736085653305,0.7350324392318726,0.3562677502632141,0.10228732973337173,0.7363005876541138,0.3576193153858185,0.10222198814153671,0.7248982191085815,0.34451526403427124,0.047683097422122955,0.7364481687545776,0.3595876395702362,0.03343731909990311,0.7263262867927551,0.3616117238998413,0.10916974395513535,0.7301801443099976,0.36692747473716736,0.10456796735525131,0.6889011859893799,0.3512704372406006,0.03568343073129654,0.7379636168479919,0.3992674946784973,0.009821856394410133,0.6649507880210876,0.4056747853755951,0.13903626799583435,0.7313235998153687,0.4556751549243927,0.09947945177555084,0.6825743913650513,0.42168861627578735,0.26547473669052124,0.7284083962440491,0.4396084249019623,0.24578507244586945,0.6821929812431335,0.42472732067108154,0.27920833230018616,0.7288340926170349,0.436318576335907,0.266071617603302,0.6889177560806274,0.4240683317184448,0.28355082869529724,0.7241222858428955,0.43031924962997437,0.2675698399543762,0.691085696220398,0.42561209201812744,0.27049535512924194,0.7224083542823792,0.4297528564929962,0.2510441839694977,0.6582025289535522,0.4875972270965576,0.012486576102674007,0.6920915842056274,0.515681266784668,-0.012904378585517406,0.6533616185188293,0.5265105366706848,0.21173830330371857,0.6934401392936707,0.5672645568847656,0.2117251604795456,0.6410247087478638,0.5882973074913025,0.31320062279701233,0.6843826770782471,0.6221117973327637,0.3231344223022461,0.6399028301239014,0.6087939739227295,0.32988327741622925,0.6768074631690979,0.6331770420074463,0.3412754237651825,0.6433586478233337,0.5697528123855591,0.3650655150413513,0.6958332657814026,0.615835428237915,0.3741450309753418
0139,./images/8/frame_00139.jpg,Normal,0.731011152267456,0.35902366042137146,0.09494509547948837,0.7310916185379028,0.3497692346572876,0.07613270729780197,0.7299328446388245,0.34764644503593445,0.07613915950059891,0.7287694215774536,0.3455825746059418,0.0761183649301529,0.7346925139427185,0.35457441210746765,0.07414155453443527,0.7358887195587158,0.35584601759910583,0.07414864748716354,0.7371376752853394,0.3572382628917694,0.07408909499645233,0.7261331081390381,0.3432672619819641,0.020307989791035652,0.7372899055480957,0.3589079678058624,0.011704825796186924,0.7273953557014465,0.36003193259239197,0.08143365383148193,0.7311154007911682,0.3654331564903259,0.07851620018482208,0.6909902691841125,0.34646859765052795,0.008774429559707642,0.7389847040176392,0.40002068877220154,-0.003670470090582967,0.6653854846954346,0.40145766735076904,0.10123245418071747,0.7311831712722778,0.4556753933429718,0.08434220403432846,0.6804543733596802,0.4232517182826996,0.2179446518421173,0.7282195687294006,0.44006314873695374,0.22142812609672546,0.6799558997154236,0.42701438069343567,0.23393666744232178,0.7265400290489197,0.43706533312797546,0.23988334834575653,0.6866177320480347,0.4270446002483368,0.23587076365947723,0.7226659655570984,0.4304022789001465,0.24037325382232666,0.6889176964759827,0.4282204806804657,0.22243762016296387,0.7218564748764038,0.4304151237010956,0.22595246136188507,0.6576529145240784,0.4846288561820984,0.006851427257061005,0.6910232901573181,0.5128905773162842,-0.007212082389742136,0.6531463265419006,0.5269721746444702,0.19517193734645844,0.6901772022247314,0.5560140609741211,0.21184182167053223,0.6407781839370728,0.5897349715232849,0.30760473012924194,0.6840158104896545,0.6220983862876892,0.33158451318740845,0.6398166418075562,0.6099376082420349,0.32500728964805603,0.6766350269317627,0.6327915191650391,0.3528286814689636,0.6386998891830444,0.5709174275398254,0.35743680596351624,0.6954017877578735,0.613438606262207,0.3804835081100464
0140,./images/8/frame_00140.jpg,Normal,0.7320563793182373,0.3570219576358795,0.11509603261947632,0.7320725917816162,0.3479824960231781,0.09711915999650955,0.7308568954467773,0.34589260816574097,0.09711824357509613,0.7296307682991028,0.3438001275062561,0.09709949046373367,0.7357951402664185,0.3526817262172699,0.09419621527194977,0.7370119690895081,0.3539679944515228,0.09421392530202866,0.7382725477218628,0.35535287857055664,0.0941515788435936,0.726912260055542,0.34152951836586,0.04118042439222336,0.738206684589386,0.3571573793888092,0.02812432125210762,0.7282171845436096,0.3577677011489868,0.10129515081644058,0.7322391867637634,0.3633330166339874,0.09702335298061371,0.6914979219436646,0.34639957547187805,0.024555597454309464,0.7400180101394653,0.40039390325546265,0.009890170767903328,0.6657699346542358,0.4027526080608368,0.11839143186807632,0.7310717105865479,0.45571479201316833,0.09883145987987518,0.6799792051315308,0.4257388114929199,0.23853692412376404,0.7274888753890991,0.43525394797325134,0.24030892550945282,0.6794875264167786,0.4298589527606964,0.2544516921043396,0.7294777631759644,0.4331960380077362,0.259501188993454,0.6856012940406799,0.42996785044670105,0.2575187087059021,0.7253481149673462,0.4265536069869995,0.2580476999282837,0.6878737807273865,0.4308684766292572,0.2434123456478119,0.7239128351211548,0.42632487416267395,0.2444259226322174,0.6568636298179626,0.48193782567977905,0.005482194945216179,0.6897490620613098,0.5104838609695435,-0.005809645634144545,0.6529896259307861,0.5262385606765747,0.19323083758354187,0.6900652647018433,0.5547049045562744,0.21373307704925537,0.6406129002571106,0.5907893776893616,0.3105272352695465,0.6837678551673889,0.6211782097816467,0.34477418661117554,0.6396764516830444,0.6096506118774414,0.3281877338886261,0.6766393184661865,0.6312077641487122,0.3640703856945038,0.6371759176254272,0.5723637938499451,0.35924485325813293,0.6953414082527161,0.6102688312530518,0.3957234025001526
0141,./images/8/frame_00141.jpg,Normal,0.7331570386886597,0.3542683720588684,0.1299286037683487,0.7332861423492432,0.3455106019973755,0.10748423635959625,0.7320786714553833,0.34359389543533325,0.10749820619821548,0.73084557056427,0.34164586663246155,0.10746151208877563,0.7370213270187378,0.349960595369339,0.10520587116479874,0.7382330894470215,0.35121044516563416,0.10524799674749374,0.7394713163375854,0.3525705933570862,0.10508197546005249,0.7280515432357788,0.34002289175987244,0.05530091002583504,0.7392814755439758,0.35468849539756775,0.03873671591281891,0.729236900806427,0.355408638715744,0.11155937612056732,0.733254611492157,0.3610272705554962,0.1081152930855751,0.6931070685386658,0.34596753120422363,0.04430089145898819,0.7401208877563477,0.4004128873348236,0.025241026654839516,0.6690748333930969,0.4006282687187195,0.14362062513828278,0.7307774424552917,0.45599883794784546,0.11479475349187851,0.6845605373382568,0.4212850034236908,0.2766197919845581,0.7259615659713745,0.4338744580745697,0.2609727382659912,0.6838787198066711,0.4244053363800049,0.2946304678916931,0.7252322435379028,0.42968180775642395,0.2822953164577484,0.6894081830978394,0.4244254231452942,0.2995287775993347,0.7234404683113098,0.42358699440956116,0.2830226421356201,0.6914466619491577,0.4257785677909851,0.2826176583766937,0.7229164838790894,0.4249979555606842,0.26584765315055847,0.6566833257675171,0.4794471859931946,0.00662702601402998,0.6891893744468689,0.5088176131248474,-0.006975098513066769,0.6521472930908203,0.5266785025596619,0.19658687710762024,0.6900021433830261,0.5568835735321045,0.2124326229095459,0.6400112509727478,0.5912409424781799,0.27275732159614563,0.6826457977294922,0.6203351020812988,0.3102983832359314,0.6387152671813965,0.6098676323890686,0.285813570022583,0.674023449420929,0.6294773817062378,0.32567498087882996,0.6382109522819519,0.5850399732589722,0.3142565190792084,0.6928751468658447,0.614075243473053,0.3557364344596863
0142,./images/8/frame_00142.jpg,Normal,0.733317494392395,0.35378649830818176,0.13443267345428467,0.7336664199829102,0.3451254963874817,0.11629873514175415,0.7325180768966675,0.3431984484195709,0.11630557477474213,0.7313324809074402,0.34124186635017395,0.11628733575344086,0.7372945547103882,0.3496377170085907,0.11291313171386719,0.7384887933731079,0.35090145468711853,0.1129358634352684,0.73969566822052,0.3522460460662842,0.1128382459282875,0.72860187292099,0.3396274447441101,0.05873357504606247,0.7395321130752563,0.3544176518917084,0.044317927211523056,0.7294131517410278,0.35471466183662415,0.1191217452287674,0.733305811882019,0.36046016216278076,0.11415157467126846,0.6936465501785278,0.3445241153240204,0.05231506749987602,0.7400963306427002,0.40025728940963745,0.019749579951167107,0.6692377328872681,0.39749759435653687,0.15203268826007843,0.7306403517723083,0.4556026756763458,0.10560190677642822,0.6870244145393372,0.418089896440506,0.27821826934814453,0.7257068157196045,0.4351547360420227,0.25260910391807556,0.6866475343704224,0.42154666781425476,0.29555994272232056,0.7252070307731628,0.4314672350883484,0.27219629287719727,0.6920918226242065,0.42153728008270264,0.2989334166049957,0.7228854894638062,0.4258297383785248,0.2735125422477722,0.693920373916626,0.4228786528110504,0.28333109617233276,0.7221222519874573,0.4264977276325226,0.25765982270240784,0.6563595533370972,0.4767962098121643,0.012422761879861355,0.6887243986129761,0.505957841873169,-0.012766188010573387,0.6515551805496216,0.5269725322723389,0.19541692733764648,0.6903024911880493,0.5558750629425049,0.19427257776260376,0.6394502520561218,0.5920603275299072,0.29112252593040466,0.680765688419342,0.6171629428863525,0.30968886613845825,0.637679934501648,0.6091997623443604,0.3062116801738739,0.6752521991729736,0.6217519044876099,0.32694655656814575,0.6384948492050171,0.583264946937561,0.33509451150894165,0.6922999620437622,0.612224280834198,0.3561285138130188
0143,./images/8/frame_00143.jpg,Normal,0.7339897751808167,0.3522309958934784,0.14212632179260254,0.7344903945922852,0.34344780445098877,0.12668171525001526,0.7333435416221619,0.3415895998477936,0.12666641175746918,0.7321402430534363,0.3397134840488434,0.1266619712114334,0.7381339073181152,0.3479144871234894,0.12251897156238556,0.7393534779548645,0.34919384121894836,0.12253759056329727,0.7405607104301453,0.3505342900753021,0.12246736139059067,0.7294665575027466,0.338503360748291,0.07219508290290833,0.740382730960846,0.35289448499679565,0.05385660380125046,0.7302111983299255,0.35334891080856323,0.12812021374702454,0.7339742183685303,0.3590730130672455,0.12201658636331558,0.6948038935661316,0.3435221016407013,0.05654764920473099,0.7405253052711487,0.4002527594566345,0.03123329021036625,0.6703101396560669,0.39746755361557007,0.15075084567070007,0.7306362390518188,0.4554634988307953,0.11609198153018951,0.6884271502494812,0.4164204001426697,0.2722320854663849,0.725541353225708,0.4347500801086426,0.2628878057003021,0.6876578330993652,0.4181249737739563,0.28843697905540466,0.7252033352851868,0.43104463815689087,0.28343215584754944,0.6931942105293274,0.4185597598552704,0.29469552636146545,0.7225777506828308,0.42555177211761475,0.28505855798721313,0.6951109170913696,0.42058053612709045,0.27828699350357056,0.7217872738838196,0.42528945207595825,0.2679009437561035,0.6562694311141968,0.47558411955833435,0.011518199928104877,0.6888367533683777,0.5056948065757751,-0.011884761974215508,0.6520833373069763,0.522485077381134,0.20491227507591248,0.6909088492393494,0.5549827814102173,0.20313969254493713,0.6394625902175903,0.5880963802337646,0.2855207622051239,0.6803895831108093,0.6145051121711731,0.2977617383003235,0.6377066373825073,0.6031741499900818,0.2979808747768402,0.6771411299705505,0.6209778189659119,0.3113430440425873,0.6386816501617432,0.5827620029449463,0.326435387134552,0.6909500360488892,0.6121035218238831,0.3379835784435272
0144,./images/8/frame_00144.jpg,Normal,0.7353003621101379,0.3510317802429199,0.15083272755146027,0.7357364296913147,0.3423956632614136,0.1363620012998581,0.7345866560935974,0.3405403196811676,0.13634942471981049,0.7333624958992004,0.3386523127555847,0.13634315133094788,0.7393400073051453,0.3470255434513092,0.13210608065128326,0.7405382394790649,0.3483879566192627,0.13213087618350983,0.74173903465271,0.34979793429374695,0.1320646107196808,0.7305203676223755,0.3376304507255554,0.0842636451125145,0.7415561676025391,0.3523257076740265,0.06483741849660873,0.7315318584442139,0.3524625599384308,0.1374339461326599,0.7352603673934937,0.35831940174102783,0.13122256100177765,0.6957319974899292,0.34297797083854675,0.06967353820800781,0.7416946291923523,0.4015064239501953,0.039274949580430984,0.671576201915741,0.39688846468925476,0.1612885594367981,0.7305923700332642,0.4560534656047821,0.12134747207164764,0.6923315525054932,0.40854504704475403,0.28172701597213745,0.725831925868988,0.4352106750011444,0.26563626527786255,0.6917914152145386,0.4078384041786194,0.2987033426761627,0.7258709669113159,0.4316090941429138,0.28558072447776794,0.6974937319755554,0.4088647663593292,0.304048091173172,0.722827136516571,0.426072359085083,0.2879483103752136,0.6991689801216125,0.4118967354297638,0.28770673274993896,0.7216063737869263,0.42549264430999756,0.27095162868499756,0.656224250793457,0.474582701921463,0.012490742839872837,0.6887723207473755,0.5052176713943481,-0.012872017920017242,0.6520520448684692,0.5200167298316956,0.20503532886505127,0.6911824345588684,0.555875301361084,0.19616207480430603,0.6394169926643372,0.5880189538002014,0.27232012152671814,0.6815956234931946,0.6143568158149719,0.2791784703731537,0.6370500326156616,0.603310763835907,0.2835927903652191,0.6773058176040649,0.6222156286239624,0.2923271059989929,0.6384079456329346,0.5818171501159668,0.31101295351982117,0.6897588968276978,0.6142787337303162,0.3177827298641205
0145,./images/8/frame_00145.jpg,Normal,0.7367594242095947,0.3512212634086609,0.14171215891838074,0.7372745275497437,0.3422958254814148,0.1271091252565384,0.7361377477645874,0.34040912985801697,0.12710337340831757,0.7349275946617126,0.3385092318058014,0.12710002064704895,0.7407519221305847,0.34688887000083923,0.12274060398340225,0.741894006729126,0.348199725151062,0.12276506423950195,0.7430389523506165,0.3495449423789978,0.12272144854068756,0.7316672205924988,0.33719581365585327,0.08134584873914719,0.7427039742469788,0.3518964648246765,0.057506315410137177,0.7329356074333191,0.35287442803382874,0.12918713688850403,0.7365135550498962,0.35856375098228455,0.12283679097890854,0.6960874795913696,0.34198713302612305,0.06344354897737503,0.741889238357544,0.4015091061592102,0.03559228032827377,0.6706082224845886,0.39353448152542114,0.16041862964630127,0.7305727601051331,0.45615383982658386,0.11104949563741684,0.691016674041748,0.4063807725906372,0.28113049268722534,0.7258064150810242,0.43392232060432434,0.24759647250175476,0.6909440755844116,0.40612414479255676,0.2970803380012512,0.7258473038673401,0.4300819933414459,0.2663601338863373,0.6968823671340942,0.4074132740497589,0.301233172416687,0.7226917743682861,0.42426151037216187,0.2696245312690735,0.6984193325042725,0.4102514386177063,0.2871990203857422,0.7213815450668335,0.4234263598918915,0.25308457016944885,0.6559269428253174,0.47259220480918884,0.01243309024721384,0.68808513879776,0.503135621547699,-0.012814976274967194,0.6519806385040283,0.5180924534797668,0.20297591388225555,0.6917012929916382,0.5564138293266296,0.19645151495933533,0.6398999691009521,0.5880305171012878,0.26737716794013977,0.6803474426269531,0.614575207233429,0.27996793389320374,0.6371262073516846,0.603454053401947,0.2789447009563446,0.6732903718948364,0.6266356706619263,0.2933076024055481,0.6381398439407349,0.5832506418228149,0.30643969774246216,0.6872232556343079,0.6234885454177856,0.31953975558280945
0146,./images/8/frame_00146.jpg,Normal,0.7379776239395142,0.3508312702178955,0.1424439400434494,0.7384769320487976,0.3418809771537781,0.1272377073764801,0.7373620271682739,0.33997416496276855,0.12723331153392792,0.7361677885055542,0.33806803822517395,0.12723039090633392,0.7419012784957886,0.34645649790763855,0.12308327853679657,0.7430391311645508,0.347745418548584,0.12310700118541718,0.7441784739494324,0.34906265139579773,0.12305654585361481,0.7328258752822876,0.33674895763397217,0.0782487690448761,0.7437201142311096,0.351378470659256,0.05730805546045303,0.7341626882553101,0.3525133728981018,0.1293482929468155,0.7377206087112427,0.3580739200115204,0.12324754893779755,0.6961563229560852,0.341520756483078,0.061176639050245285,0.74217689037323,0.4011426568031311,0.0350046381354332,0.6700603365898132,0.3927871286869049,0.15663352608680725,0.7304403781890869,0.4555509388446808,0.10975505411624908,0.6905804872512817,0.4100337028503418,0.27946534752845764,0.7254318594932556,0.43411436676979065,0.24748292565345764,0.6900507807731628,0.4103529155254364,0.2959674298763275,0.7252431511878967,0.4303712546825409,0.265951007604599,0.6965426802635193,0.4113897979259491,0.29978352785110474,0.7226190567016602,0.4242885708808899,0.2686620056629181,0.6977043151855469,0.4140182435512543,0.2849898636341095,0.7213389873504639,0.42327791452407837,0.2526865303516388,0.6559280753135681,0.46966007351875305,0.013301128521561623,0.6880793571472168,0.49970635771751404,-0.01365465484559536,0.6519690752029419,0.5191929340362549,0.19642765820026398,0.6921764016151428,0.5565112829208374,0.1860572099685669,0.6401013135910034,0.5883147120475769,0.2738610506057739,0.67886883020401,0.6185969710350037,0.27971285581588745,0.6371767520904541,0.6031579375267029,0.2868243157863617,0.6712898015975952,0.630452036857605,0.2943056523799896,0.6410599946975708,0.5846525430679321,0.3144817054271698,0.6869584321975708,0.6277670860290527,0.320443332195282
0147,./images/8/frame_00147.jpg,Normal,0.7383928298950195,0.3502606451511383,0.1437145322561264,0.738960325717926,0.34126541018486023,0.1281224489212036,0.7378249764442444,0.3392757773399353,0.12811389565467834,0.7365859746932983,0.3372833728790283,0.12810824811458588,0.7424787878990173,0.3460421562194824,0.12441028654575348,0.743657648563385,0.34737303853034973,0.1244325190782547,0.7448202967643738,0.34873726963996887,0.12439078092575073,0.7332745790481567,0.336031049489975,0.0775274708867073,0.7443574666976929,0.3511224389076233,0.05748859792947769,0.7346620559692383,0.3515206575393677,0.12976936995983124,0.7381776571273804,0.3574067950248718,0.12418757379055023,0.6976684927940369,0.34036195278167725,0.060384154319763184,0.7423970699310303,0.40117573738098145,0.03371749073266983,0.6703730225563049,0.39024436473846436,0.14856591820716858,0.7294355630874634,0.4551290273666382,0.10978172719478607,0.6892149448394775,0.4112728238105774,0.2698155343532562,0.7229005098342896,0.43583691120147705,0.24596896767616272,0.6887702345848083,0.4126036763191223,0.2866677939891815,0.7223182320594788,0.43242135643959045,0.2641001343727112,0.6952797770500183,0.4139171242713928,0.2906629145145416,0.7198160290718079,0.42663300037384033,0.2662578821182251,0.6967939734458923,0.41607916355133057,0.27514219284057617,0.718647301197052,0.42510145902633667,0.25077924132347107,0.6557256579399109,0.4672676920890808,0.013204415328800678,0.6877163648605347,0.49621036648750305,-0.013561462983489037,0.6519581079483032,0.519031286239624,0.19555392861366272,0.6906977891921997,0.556069552898407,0.18663272261619568,0.6403347253799438,0.5905014276504517,0.26343685388565063,0.6789339184761047,0.6222584843635559,0.26820671558380127,0.637191116809845,0.6054980158805847,0.27494269609451294,0.6714457273483276,0.6344000101089478,0.280805766582489,0.644303023815155,0.5936170816421509,0.30015507340431213,0.6872584819793701,0.627889096736908,0.30449390411376953
0148,./images/8/frame_00148.jpg,Normal,0.7410856485366821,0.3504721224308014,0.12983816862106323,0.7415576577186584,0.3414364755153656,0.1141565814614296,0.740512490272522,0.3394216001033783,0.11415980011224747,0.7393885254859924,0.33743852376937866,0.11415527760982513,0.7445694208145142,0.34614670276641846,0.11018630117177963,0.7455761432647705,0.3474193513393402,0.11019071191549301,0.7465710639953613,0.3487265408039093,0.11014918982982635,0.7358211874961853,0.3361336886882782,0.05983775109052658,0.7455607056617737,0.35075873136520386,0.04106473922729492,0.7374902963638306,0.3517780303955078,0.11515355110168457,0.7403990030288696,0.35736387968063354,0.1094818264245987,0.6988273859024048,0.3398972749710083,0.04513207823038101,0.7427860498428345,0.4001770317554474,0.011490417644381523,0.6701120138168335,0.3896692395210266,0.11020778119564056,0.7293368577957153,0.454743355512619,0.08266132324934006,0.6783464550971985,0.42669931054115295,0.2099936306476593,0.7185775637626648,0.4421078562736511,0.21208257973194122,0.6761105060577393,0.4343430697917938,0.2229560911655426,0.7166668176651001,0.4412623643875122,0.22769594192504883,0.6800088882446289,0.4365193545818329,0.22674882411956787,0.7147696018218994,0.43502354621887207,0.2297981232404709,0.6822609901428223,0.4356593191623688,0.21410754323005676,0.7141290307044983,0.4321316182613373,0.21638715267181396,0.6557355523109436,0.4670673906803131,0.015144472010433674,0.6874464750289917,0.4958665668964386,-0.015463684685528278,0.65140300989151,0.5193096399307251,0.1954808235168457,0.6909428834915161,0.5561965703964233,0.17845281958580017,0.6400468349456787,0.593536376953125,0.2752096951007843,0.678968071937561,0.625011146068573,0.2729496955871582,0.6371588110923767,0.6111232042312622,0.2880670428276062,0.6718682050704956,0.6366572380065918,0.28666990995407104,0.6454381346702576,0.5919645428657532,0.31049472093582153,0.6874563694000244,0.631302535533905,0.3065253496170044
0149,./images/8/frame_00149.jpg,Normal,0.7412947416305542,0.3512580990791321,0.1161893755197525,0.7419564127922058,0.3418714702129364,0.10178510844707489,0.7408992648124695,0.33977043628692627,0.10179479420185089,0.7397738695144653,0.337700754404068,0.10179044306278229,0.7449845671653748,0.346416711807251,0.0967758521437645,0.7459878921508789,0.3475651144981384,0.0967792421579361,0.7469702363014221,0.34875717759132385,0.09673573076725006,0.7360936999320984,0.3363669812679291,0.05413727089762688,0.7460453510284424,0.35103487968444824,0.03135962039232254,0.7377074360847473,0.3523966073989868,0.10428635030984879,0.7406364679336548,0.3575494587421417,0.09729160368442535,0.6994383335113525,0.3401744067668915,0.04734594747424126,0.7426343560218811,0.39893001317977905,0.0002591862576082349,0.6707895994186401,0.3901703357696533,0.12621161341667175,0.7292355895042419,0.45379117131233215,0.07495629787445068,0.6778243780136108,0.42556339502334595,0.24053755402565002,0.7191101908683777,0.44194602966308594,0.20878314971923828,0.6760913133621216,0.43184593319892883,0.25546008348464966,0.7177135944366455,0.44102156162261963,0.22407372295856476,0.6799907088279724,0.43376439809799194,0.2597106099128723,0.7157460451126099,0.434917151927948,0.22608470916748047,0.6820713877677917,0.43361997604370117,0.24544158577919006,0.7149287462234497,0.4318177402019501,0.21346977353096008,0.6551709771156311,0.46594831347465515,0.021234961226582527,0.6860450506210327,0.4932393431663513,-0.021527262404561043,0.6510930061340332,0.5197628140449524,0.19397853314876556,0.6893190145492554,0.5541079640388489,0.16920872032642365,0.6403619050979614,0.5936196446418762,0.28328514099121094,0.6790398955345154,0.6252865195274353,0.2771916091442108,0.637184739112854,0.6109915375709534,0.2975842356681824,0.6721421480178833,0.6373229622840881,0.2922912538051605,0.646991491317749,0.5918077230453491,0.3138919174671173,0.689410924911499,0.6310096979141235,0.3135971426963806
0150,./images/8/frame_00150.jpg,Normal,0.7418866753578186,0.35145753622055054,0.1596022993326187,0.7427624464035034,0.3421006500720978,0.14751508831977844,0.7417505383491516,0.34000855684280396,0.14750656485557556,0.7406814694404602,0.3379424512386322,0.14751508831977844,0.7457603216171265,0.34661954641342163,0.14227324724197388,0.7467870116233826,0.3477384150028229,0.14228834211826324,0.7477805018424988,0.34889084100723267,0.14222687482833862,0.7371429204940796,0.33654993772506714,0.09873182326555252,0.7467294931411743,0.35084277391433716,0.07475617527961731,0.7382866144180298,0.3526020646095276,0.14618124067783356,0.7411550283432007,0.35782963037490845,0.138888880610466,0.7000101804733276,0.34012752771377563,0.08331096917390823,0.7427574992179871,0.39878517389297485,0.03161177039146423,0.670642614364624,0.38895660638809204,0.15502777695655823,0.7289777994155884,0.45384034514427185,0.09720726311206818,0.6771647930145264,0.424879252910614,0.2606232762336731,0.7194874286651611,0.44206520915031433,0.22472906112670898,0.6755812764167786,0.4304870665073395,0.2746269702911377,0.7186921238899231,0.44059664011001587,0.2332220822572708,0.6797329187393188,0.4324626624584198,0.2781708240509033,0.7163258790969849,0.4346212148666382,0.23720593750476837,0.6816164255142212,0.4325474202632904,0.2645830512046814,0.7152349948883057,0.43210187554359436,0.2283683717250824,0.6549870371818542,0.46385687589645386,0.024086493998765945,0.6861649751663208,0.48978474736213684,-0.024427559226751328,0.6503515839576721,0.5212193727493286,0.20462250709533691,0.6885464191436768,0.5541893839836121,0.16520681977272034,0.6403523087501526,0.5964351892471313,0.26668331027030945,0.6792083978652954,0.6253315210342407,0.23369956016540527,0.6366719007492065,0.6149940490722656,0.27585098147392273,0.67219078540802,0.6369765400886536,0.24386873841285706,0.6489260196685791,0.5997502207756042,0.2955174744129181,0.6908046007156372,0.6340489983558655,0.25931867957115173
0151,./images/8/frame_00151.jpg,Normal,0.7428849935531616,0.3515874743461609,0.15900415182113647,0.7438443303108215,0.34226199984550476,0.1458776295185089,0.7429307699203491,0.34018585085868835,0.14586229622364044,0.7419617176055908,0.3381311595439911,0.14585834741592407,0.7465790510177612,0.3467724621295929,0.1409650444984436,0.7475155591964722,0.3479011058807373,0.14097608625888824,0.7484133839607239,0.349060982465744,0.14090660214424133,0.738547682762146,0.33667799830436707,0.0923936516046524,0.7471421957015991,0.3508760929107666,0.07023703306913376,0.7394346594810486,0.35269486904144287,0.14382806420326233,0.7420297861099243,0.3578467071056366,0.1371106207370758,0.7003160715103149,0.3382004499435425,0.07460740208625793,0.743383526802063,0.3987962007522583,0.030981257557868958,0.6694222688674927,0.38694480061531067,0.13097769021987915,0.7284066081047058,0.4544398784637451,0.08351510018110275,0.6710911393165588,0.4294157326221466,0.2136806696653366,0.7110329866409302,0.4518968462944031,0.20039542019367218,0.6687952280044556,0.4380374848842621,0.22386696934700012,0.7088530659675598,0.45219093561172485,0.2125016450881958,0.6722973585128784,0.4417138695716858,0.22762808203697205,0.7063921093940735,0.44687002897262573,0.21454866230487823,0.6741443276405334,0.43983709812164307,0.21695280075073242,0.705988883972168,0.44396570324897766,0.20400778949260712,0.6549293994903564,0.46240124106407166,0.025260072201490402,0.6862123608589172,0.48891180753707886,-0.0255826897919178,0.6459890007972717,0.5204772353172302,0.20909254252910614,0.6891960501670837,0.5574049949645996,0.1680661290884018,0.6403202414512634,0.5962541699409485,0.28091344237327576,0.6803078055381775,0.6261551380157471,0.25047051906585693,0.6369715332984924,0.6144648790359497,0.28878042101860046,0.6734456419944763,0.6367153525352478,0.26210618019104004,0.6488531231880188,0.5973380208015442,0.30878978967666626,0.700556755065918,0.6498847007751465,0.2738243341445923
0152,./images/8/frame_00152.jpg,Normal,0.7434284687042236,0.350521057844162,0.18303295969963074,0.7442787885665894,0.34128639101982117,0.17057441174983978,0.7432896494865417,0.3390478193759918,0.17055408656597137,0.7422202825546265,0.3368909955024719,0.17055964469909668,0.747166097164154,0.34636420011520386,0.16590337455272675,0.7481207251548767,0.34763020277023315,0.1659168154001236,0.7490220069885254,0.3489018976688385,0.1658359169960022,0.7387937307357788,0.3359367847442627,0.11642106622457504,0.7478100657463074,0.3508537709712982,0.0950431153178215,0.7399011254310608,0.35142743587493896,0.16730085015296936,0.7426719665527344,0.3571077585220337,0.1608985960483551,0.7007635831832886,0.33760058879852295,0.0929192453622818,0.7438910007476807,0.3991298973560333,0.04781877249479294,0.6693919897079468,0.3863259553909302,0.1415422409772873,0.7283535599708557,0.4557095766067505,0.10772732645273209,0.670542299747467,0.43054693937301636,0.22955873608589172,0.7117078304290771,0.45073288679122925,0.22918179631233215,0.6677379608154297,0.43818381428718567,0.24038510024547577,0.7106338143348694,0.4502277076244354,0.23811273276805878,0.6716022491455078,0.4418593943119049,0.24451735615730286,0.7076842784881592,0.4443158507347107,0.24077193439006805,0.673759400844574,0.44061702489852905,0.2331785410642624,0.7065666913986206,0.4418143332004547,0.2320784330368042,0.6546630859375,0.46142470836639404,0.026183536276221275,0.6860800981521606,0.4893558919429779,-0.02650398015975952,0.6465152502059937,0.5221742987632751,0.2209697663784027,0.6892291307449341,0.5592252612113953,0.17068322002887726,0.6404545903205872,0.596106231212616,0.287095308303833,0.6803280711174011,0.6263513565063477,0.24313533306121826,0.6370255947113037,0.614424467086792,0.2939004600048065,0.6734641790390015,0.6366005539894104,0.2527886629104614,0.6493595242500305,0.5961101055145264,0.31301286816596985,0.7009221911430359,0.6541474461555481,0.26025038957595825
0153,./images/8/frame_00153.jpg,Normal,0.7439802885055542,0.35059434175491333,0.21810448169708252,0.7448102235794067,0.3413589298725128,0.21004262566566467,0.7438076734542847,0.3391668200492859,0.2100197970867157,0.7427011132240295,0.33704912662506104,0.21002519130706787,0.7475998997688293,0.34646543860435486,0.20326678454875946,0.748511016368866,0.34778961539268494,0.2032630890607834,0.7493582963943481,0.3491142690181732,0.2031630277633667,0.7389854192733765,0.3360503315925598,0.16370312869548798,0.7479718923568726,0.3510310649871826,0.13275834918022156,0.7402260899543762,0.3515728712081909,0.20413541793823242,0.7430061101913452,0.3571820855140686,0.1950969696044922,0.7004257440567017,0.33783265948295593,0.12749457359313965,0.7439530491828918,0.3997684419155121,0.07008972764015198,0.6681313514709473,0.38719576597213745,0.1239858865737915,0.727838397026062,0.45674002170562744,0.08712954819202423,0.6657322645187378,0.4383370280265808,0.1263510286808014,0.7122233510017395,0.4524347484111786,0.14357978105545044,0.662179172039032,0.4461573362350464,0.12330372631549835,0.7111803293228149,0.4519006609916687,0.14604108035564423,0.6677824258804321,0.45052069425582886,0.12914280593395233,0.7075957655906677,0.4439674913883209,0.1509895920753479,0.6703657507896423,0.44942304491996765,0.12787488102912903,0.7061315774917603,0.4412551820278168,0.1465309113264084,0.6542865037918091,0.4611804485321045,0.028950277715921402,0.6858257055282593,0.4901461601257324,-0.029289890080690384,0.6469625234603882,0.5222277045249939,0.23391875624656677,0.6894570589065552,0.5611559748649597,0.16815243661403656,0.6404755711555481,0.5953649878501892,0.25883233547210693,0.6797665953636169,0.6262328028678894,0.19692258536815643,0.636556088924408,0.6140775084495544,0.26116693019866943,0.6728341579437256,0.6364519596099854,0.20017912983894348,0.6502989530563354,0.5959144830703735,0.2684474289417267,0.7003257870674133,0.6436032056808472,0.19838686287403107
0154,./images/8/frame_00154.jpg,Normal,0.7435401678085327,0.3507241904735565,0.21038572490215302,0.744377076625824,0.3414793014526367,0.20046189427375793,0.7433629035949707,0.339322030544281,0.20042261481285095,0.7422406673431396,0.33722028136253357,0.2003953456878662,0.7472614049911499,0.3467865288257599,0.1951221227645874,0.7482149004936218,0.34833136200904846,0.19511429965496063,0.7491087913513184,0.34988096356391907,0.19503054022789001,0.738589346408844,0.3361349403858185,0.1485596001148224,0.7478960752487183,0.3520515561103821,0.12444772571325302,0.7397490739822388,0.35170742869377136,0.19458234310150146,0.742617666721344,0.3572147786617279,0.18752503395080566,0.7002087235450745,0.33795082569122314,0.11319153010845184,0.74429851770401,0.4015125334262848,0.06521032750606537,0.6681334376335144,0.38563668727874756,0.10967376083135605,0.7278503775596619,0.45780491828918457,0.08016954362392426,0.6687808632850647,0.43578827381134033,0.11412401497364044,0.7118329405784607,0.4560929536819458,0.13675269484519958,0.6659500598907471,0.4433120787143707,0.11075858026742935,0.70994633436203,0.4556848406791687,0.13919226825237274,0.670377790927887,0.44651612639427185,0.11504341661930084,0.7071860432624817,0.44728899002075195,0.143453910946846,0.673143208026886,0.4455878734588623,0.11524554342031479,0.706083357334137,0.4444856345653534,0.13945075869560242,0.6542220115661621,0.4608919322490692,0.027818236500024796,0.6858935356140137,0.49020034074783325,-0.02816138043999672,0.6469979286193848,0.5222803950309753,0.23289081454277039,0.6896756887435913,0.5659432411193848,0.15956678986549377,0.6404157876968384,0.5953276753425598,0.2635546922683716,0.679864227771759,0.627752959728241,0.18395739793777466,0.6361132264137268,0.6140883564949036,0.2676323354244232,0.6734403371810913,0.6384941935539246,0.18716472387313843,0.6481301784515381,0.5969661474227905,0.27336814999580383,0.7020862698554993,0.6581337451934814,0.1835545152425766
0155,./images/8/frame_00155.jpg,Normal,0.7436672449111938,0.3525506556034088,0.18996486067771912,0.7444230914115906,0.34297820925712585,0.1778549700975418,0.7433986663818359,0.3406165838241577,0.17783123254776,0.742271900177002,0.3383278250694275,0.17781631648540497,0.747330904006958,0.348942369222641,0.1731206476688385,0.7482853531837463,0.35064971446990967,0.17312881350517273,0.7491804957389832,0.3523067831993103,0.17305049300193787,0.7387515902519226,0.337087482213974,0.12472213804721832,0.7480418682098389,0.3540371358394623,0.10299956798553467,0.7398720979690552,0.3530884385108948,0.17449377477169037,0.7427460551261902,0.3594461679458618,0.16803434491157532,0.7000507712364197,0.33811020851135254,0.09864021837711334,0.7442934513092041,0.4039738178253174,0.05358017235994339,0.668134868144989,0.38526251912117004,0.11899950355291367,0.7272611260414124,0.4603497087955475,0.08864174038171768,0.6693211793899536,0.4357597231864929,0.17125603556632996,0.7105947136878967,0.4576859474182129,0.1703159362077713,0.6668345332145691,0.4442470073699951,0.1765996813774109,0.7088558673858643,0.4576479196548462,0.18525047600269318,0.6714547872543335,0.44862717390060425,0.1800840198993683,0.7059175372123718,0.44971784949302673,0.18843868374824524,0.6736512184143066,0.44695815443992615,0.17365841567516327,0.7048981785774231,0.4467742443084717,0.17589214444160461,0.6542059183120728,0.46153610944747925,0.026508599519729614,0.6856585144996643,0.4907938241958618,-0.026857838034629822,0.6471059918403625,0.5234671831130981,0.22619390487670898,0.690056324005127,0.5658970475196838,0.16573329269886017,0.6403602361679077,0.5954728126525879,0.28242674469947815,0.6801767945289612,0.6275373101234436,0.19913014769554138,0.6357728242874146,0.6144242882728577,0.29074206948280334,0.6739623546600342,0.6383898258209229,0.20781540870666504,0.648025393486023,0.5980262160301208,0.29913994669914246,0.7010859251022339,0.6553449630737305,0.23320500552654266
0156,./images/8/frame_00156.jpg,Normal,0.7434583902359009,0.3532540202140808,0.22135241329669952,0.7441461086273193,0.3440110683441162,0.21208882331848145,0.7431150674819946,0.3415541648864746,0.2120635211467743,0.7419860363006592,0.339143842458725,0.21203508973121643,0.7470813393592834,0.35023483633995056,0.2069418877363205,0.7480467557907104,0.3519899845123291,0.20693771541118622,0.7489582300186157,0.35366296768188477,0.2068590670824051,0.7385982871055603,0.33780211210250854,0.1607445627450943,0.7479241490364075,0.35518595576286316,0.13738688826560974,0.7396616339683533,0.3534599840641022,0.2054768055677414,0.7425282001495361,0.36024174094200134,0.198675736784935,0.7004005908966064,0.3381549119949341,0.1256745159626007,0.744339108467102,0.40391066670417786,0.07537047564983368,0.668128490447998,0.3852793872356415,0.12340068817138672,0.727344274520874,0.4603995084762573,0.08892876654863358,0.6682727932929993,0.4370071291923523,0.141860231757164,0.7110978960990906,0.4582514464855194,0.16035237908363342,0.6654379963874817,0.4461134076118469,0.1405274122953415,0.7092193365097046,0.45797210931777954,0.16531458497047424,0.671159565448761,0.4495682716369629,0.14489950239658356,0.70504230260849,0.44163885712623596,0.1692432016134262,0.6733404397964478,0.44757914543151855,0.14329124987125397,0.705335259437561,0.4465548098087311,0.16333529353141785,0.6541382074356079,0.46054455637931824,0.028018604964017868,0.6856304407119751,0.4901580512523651,-0.028389204293489456,0.6471984386444092,0.5235856771469116,0.23659858107566833,0.690237283706665,0.5715516209602356,0.14599479734897614,0.6400147676467896,0.5954609513282776,0.26376187801361084,0.6849011778831482,0.6394277811050415,0.15137282013893127,0.6350342035293579,0.6145366430282593,0.26628535985946655,0.6742852330207825,0.6413252353668213,0.15277911722660065,0.6440737843513489,0.602493941783905,0.2700822055339813,0.7007181644439697,0.6701249480247498,0.14810436964035034
0157,./images/8/frame_00157.jpg,Normal,0.7433004975318909,0.3549841046333313,0.21137842535972595,0.7439610958099365,0.34605345129966736,0.20111556351184845,0.7429572343826294,0.3437288999557495,0.20109140872955322,0.7418721914291382,0.3414483070373535,0.20106324553489685,0.7469283938407898,0.3518363833427429,0.19589051604270935,0.7479235529899597,0.3534415066242218,0.19588080048561096,0.7488717436790466,0.3549780249595642,0.1958065927028656,0.7386128902435303,0.3397475481033325,0.14796680212020874,0.7478553056716919,0.35604149103164673,0.12453639507293701,0.7395707368850708,0.3550945520401001,0.19521461427211761,0.7422561645507812,0.3615800738334656,0.1883237659931183,0.7012591361999512,0.33918172121047974,0.11824186891317368,0.7440904378890991,0.40378960967063904,0.06706526130437851,0.6686677932739258,0.3856411874294281,0.1305200159549713,0.7261850237846375,0.46054691076278687,0.09217049181461334,0.6689498424530029,0.4371080696582794,0.16790351271629333,0.71015465259552,0.45751243829727173,0.1756317913532257,0.6660082936286926,0.4458511769771576,0.17071905732154846,0.7082549333572388,0.4572555422782898,0.182183176279068,0.6716784834861755,0.44826775789260864,0.17514905333518982,0.7054670453071594,0.4452739655971527,0.18530257046222687,0.6739106178283691,0.44645100831985474,0.17007741332054138,0.7050071358680725,0.44594645500183105,0.17864879965782166,0.6541604399681091,0.45982691645622253,0.028396809473633766,0.6845296025276184,0.48849186301231384,-0.028743987902998924,0.6431068181991577,0.5219290256500244,0.22856763005256653,0.6887505054473877,0.5736370086669922,0.1460230052471161,0.6397274732589722,0.5946187376976013,0.2609965205192566,0.6845918893814087,0.6424577832221985,0.18060146272182465,0.635003924369812,0.6147575974464417,0.26587381958961487,0.6756169199943542,0.6509066224098206,0.18540649116039276,0.6441941261291504,0.6011838316917419,0.2713623642921448,0.7006711363792419,0.6690843105316162,0.18159298598766327
0158,./images/8/frame_00158.jpg,Normal,0.7430912256240845,0.3549444079399109,0.2076587677001953,0.7438007593154907,0.3460310101509094,0.19525489211082458,0.7427990436553955,0.3437211811542511,0.19523021578788757,0.7417165040969849,0.3414554297924042,0.1952206790447235,0.7468377351760864,0.3518024682998657,0.19053153693675995,0.7478947043418884,0.35345813632011414,0.1905333697795868,0.7488270998001099,0.35507938265800476,0.19044440984725952,0.7385326027870178,0.3398197293281555,0.13909192383289337,0.747757077217102,0.35659950971603394,0.11752436310052872,0.7394591569900513,0.35508671402931213,0.19103476405143738,0.7421770691871643,0.36157721281051636,0.18468718230724335,0.7016322612762451,0.3399812579154968,0.11021605879068375,0.7442030310630798,0.40620359778404236,0.06423664093017578,0.669463038444519,0.38757336139678955,0.13721954822540283,0.7250217199325562,0.46462804079055786,0.11418233811855316,0.6689858436584473,0.4376968741416931,0.18056948482990265,0.7094094157218933,0.4588721692562103,0.22412362694740295,0.6653050780296326,0.4455778896808624,0.1815429925918579,0.7080932259559631,0.45872700214385986,0.2333907186985016,0.6707100868225098,0.4484036862850189,0.18770264089107513,0.7050809860229492,0.4489749073982239,0.23615357279777527,0.6734264492988586,0.4472883939743042,0.18273799121379852,0.7040180563926697,0.44708430767059326,0.22735054790973663,0.6542513966560364,0.46018239855766296,0.02767876163125038,0.6846379637718201,0.49020618200302124,-0.0280288252979517,0.6439010500907898,0.5199940204620361,0.2316966950893402,0.6888260245323181,0.5732312798500061,0.1628573089838028,0.6393845677375793,0.5941889882087708,0.29085591435432434,0.6805830597877502,0.6417178511619568,0.22102972865104675,0.6350117325782776,0.6141374111175537,0.2989705204963684,0.673804759979248,0.6508703231811523,0.22857746481895447,0.644684910774231,0.6006643772125244,0.3090653717517853,0.7001530528068542,0.6689469814300537,0.22263316810131073
0159,./images/8/frame_00159.jpg,Normal,0.742364764213562,0.35672491788864136,0.21175090968608856,0.7434881925582886,0.3476175367832184,0.19863547384738922,0.742479681968689,0.3452720642089844,0.19861140847206116,0.7413855791091919,0.3429505228996277,0.19861026108264923,0.7466139197349548,0.3536513149738312,0.19362056255340576,0.7477056384086609,0.35545623302459717,0.19362720847129822,0.7486605644226074,0.35723698139190674,0.19352838397026062,0.7383302450180054,0.34105318784713745,0.14065174758434296,0.7476989030838013,0.3587654232978821,0.11792778968811035,0.7385936379432678,0.356831818819046,0.19483494758605957,0.7416529655456543,0.3637951612472534,0.1879936307668686,0.7019171714782715,0.34248486161231995,0.1114492267370224,0.7442165613174438,0.4086631238460541,0.06341487169265747,0.6719827055931091,0.39237406849861145,0.15251953899860382,0.7249717116355896,0.4674394428730011,0.12008629739284515,0.6693795919418335,0.4401948153972626,0.21844622492790222,0.7094999551773071,0.4613399803638458,0.24028360843658447,0.6659548282623291,0.44766485691070557,0.2255658209323883,0.7083454728126526,0.4612531065940857,0.25152406096458435,0.671183168888092,0.4510882794857025,0.2306656539440155,0.7052088379859924,0.4530799090862274,0.2545253336429596,0.6738304495811462,0.4503801167011261,0.22142021358013153,0.7039631009101868,0.45022153854370117,0.24402935802936554,0.6540871858596802,0.4614810049533844,0.027223363518714905,0.6846365332603455,0.49127480387687683,-0.027565542608499527,0.6441464424133301,0.5189236402511597,0.2254604548215866,0.6889873743057251,0.5728146433830261,0.1642014980316162,0.6380157470703125,0.5977282524108887,0.28709128499031067,0.6776090860366821,0.6447715759277344,0.2315022200345993,0.6344343423843384,0.6153115034103394,0.2956867814064026,0.6716166734695435,0.6553009748458862,0.24020898342132568,0.644354522228241,0.6001326441764832,0.3092261850833893,0.7003557682037354,0.6714773774147034,0.24308133125305176
0160,./images/8/frame_00160.jpg,Normal,0.7420471906661987,0.3574482500553131,0.22520926594734192,0.7433049082756042,0.34846654534339905,0.2126430720090866,0.742251992225647,0.3461567461490631,0.21262264251708984,0.7410895228385925,0.34390145540237427,0.21262426674365997,0.7464967966079712,0.354768306016922,0.2081979215145111,0.7475948929786682,0.35680335760116577,0.20820637047290802,0.7485361695289612,0.3588278889656067,0.20810310542583466,0.7379783987998962,0.34248819947242737,0.1539810746908188,0.7475192546844482,0.36102494597435,0.13358214497566223,0.7379845380783081,0.3577367663383484,0.20748087763786316,0.7413400411605835,0.36502084136009216,0.20136408507823944,0.7019319534301758,0.34336867928504944,0.11871937662363052,0.7442045211791992,0.4107159972190857,0.07413361966609955,0.6716870069503784,0.39222127199172974,0.14597156643867493,0.7248915433883667,0.46860024333000183,0.11401714384555817,0.669287919998169,0.439425528049469,0.19349363446235657,0.7090080976486206,0.46019989252090454,0.21275320649147034,0.665989100933075,0.44679883122444153,0.1957368403673172,0.7074872255325317,0.4599614143371582,0.21796885132789612,0.6715148687362671,0.45048967003822327,0.20047704875469208,0.7042675614356995,0.4516945779323578,0.22220444679260254,0.674126148223877,0.44981345534324646,0.1954682171344757,0.7030853033065796,0.44913652539253235,0.21582522988319397,0.6542555093765259,0.4620344042778015,0.02702253684401512,0.6846615076065063,0.49332287907600403,-0.027380594983696938,0.6431576013565063,0.5181222558021545,0.2182081639766693,0.6887143850326538,0.5739783644676208,0.15398401021957397,0.6375278830528259,0.6019895076751709,0.2739871144294739,0.6733158230781555,0.648600697517395,0.2044035643339157,0.6331177353858948,0.6185129880905151,0.2809566259384155,0.6663765907287598,0.6602450013160706,0.2107824981212616,0.6440289616584778,0.6002594828605652,0.29166334867477417,0.6984264850616455,0.6753300428390503,0.21005074679851532
0161,./images/8/frame_00161.jpg,Normal,0.7413894534111023,0.35821059346199036,0.21990635991096497,0.7428008317947388,0.34948933124542236,0.2062540054321289,0.7417051196098328,0.34729304909706116,0.20623020827770233,0.740493655204773,0.34515848755836487,0.2062283307313919,0.7461392879486084,0.355794221162796,0.20247435569763184,0.7472913861274719,0.35796576738357544,0.20248150825500488,0.7482902407646179,0.3601384162902832,0.20237760245800018,0.7374874353408813,0.3446721136569977,0.14610233902931213,0.7474136352539062,0.3635208010673523,0.12847332656383514,0.7374453544616699,0.35928815603256226,0.20171979069709778,0.7409422993659973,0.366430401802063,0.19651833176612854,0.7020949721336365,0.3451198637485504,0.11293338239192963,0.7443383932113647,0.4137786030769348,0.0726114809513092,0.6737001538276672,0.39387762546539307,0.14359721541404724,0.7244098782539368,0.47101834416389465,0.11931660026311874,0.6696202754974365,0.43888282775878906,0.19640645384788513,0.7064167261123657,0.46236953139305115,0.2212943732738495,0.6662200689315796,0.4463456869125366,0.1999076008796692,0.7045531272888184,0.4628985524177551,0.22971215844154358,0.671701192855835,0.44980713725090027,0.20443400740623474,0.7009997367858887,0.45582059025764465,0.2319294512271881,0.6742261648178101,0.44924718141555786,0.19865000247955322,0.6999363899230957,0.4523788094520569,0.22414806485176086,0.6550095081329346,0.46385514736175537,0.02428625337779522,0.6851885318756104,0.49649950861930847,-0.024605046957731247,0.6458719968795776,0.5200313925743103,0.20856404304504395,0.686104953289032,0.5697354078292847,0.15677890181541443,0.6376004219055176,0.6040458083152771,0.2635316252708435,0.6716364026069641,0.6502582430839539,0.2050309181213379,0.6330255270004272,0.6200354099273682,0.2706380784511566,0.6660507917404175,0.6593595743179321,0.21217592060565948,0.6440677642822266,0.599976658821106,0.28166744112968445,0.6943503022193909,0.6727069616317749,0.21721971035003662
0162,./images/8/frame_00162.jpg,Normal,0.7406982183456421,0.36155569553375244,0.22802892327308655,0.7421308159828186,0.3529265224933624,0.21478328108787537,0.7410440444946289,0.35075613856315613,0.2147666960954666,0.7398353219032288,0.34862586855888367,0.2147655040025711,0.7453884482383728,0.35897016525268555,0.2110033929347992,0.746514618396759,0.3610460162162781,0.211020827293396,0.7475136518478394,0.36317965388298035,0.2109082043170929,0.7368079423904419,0.3478548228740692,0.154535710811615,0.7467261552810669,0.36648809909820557,0.13694411516189575,0.7368193864822388,0.36281120777130127,0.20990721881389618,0.7403278946876526,0.3694494962692261,0.2045925110578537,0.7020398378372192,0.34679436683654785,0.11712322384119034,0.7444420456886292,0.41641294956207275,0.08233334869146347,0.6732348799705505,0.3968352973461151,0.14901188015937805,0.7240522503852844,0.4746186137199402,0.13813556730747223,0.6682074666023254,0.4455500841140747,0.20510271191596985,0.7042559385299683,0.46723616123199463,0.2543875575065613,0.6641030311584473,0.45280566811561584,0.20980815589427948,0.7025464773178101,0.4685170352458954,0.2671111226081848,0.6696234345436096,0.4581051170825958,0.2153608351945877,0.6984622478485107,0.4614465832710266,0.2690931260585785,0.6726117730140686,0.4579591155052185,0.20798400044441223,0.6972998380661011,0.45746663212776184,0.2577393352985382,0.655401349067688,0.46565309166908264,0.023703159764409065,0.6854647994041443,0.5003843307495117,-0.024033784866333008,0.6468279957771301,0.5211420059204102,0.21128320693969727,0.6865679025650024,0.5731196999549866,0.1556403934955597,0.6374915242195129,0.6054521799087524,0.2801237404346466,0.6700868010520935,0.651199996471405,0.20790831744670868,0.6324675679206848,0.6210471987724304,0.2890569865703583,0.6637777090072632,0.6608901619911194,0.21256649494171143,0.6443055868148804,0.5998931527137756,0.3024124205112457,0.6924735903739929,0.6731671690940857,0.22078391909599304
0163,./images/8/frame_00163.jpg,Normal,0.7396960258483887,0.3636508882045746,0.23658153414726257,0.7409731149673462,0.355413556098938,0.22290197014808655,0.7398643493652344,0.35331329703330994,0.22288446128368378,0.7386397123336792,0.35124659538269043,0.22287940979003906,0.7443493604660034,0.3612121045589447,0.21903887391090393,0.7455317378044128,0.3632605969905853,0.21904727816581726,0.7465943694114685,0.3654022216796875,0.21892964839935303,0.7359135746955872,0.350641131401062,0.16121824085712433,0.7460275292396545,0.3691260814666748,0.1434086263179779,0.736013650894165,0.3652428388595581,0.2179589718580246,0.739560604095459,0.3717759847640991,0.21255512535572052,0.7019200921058655,0.34832778573036194,0.12123237550258636,0.7444327473640442,0.41769441962242126,0.08527720719575882,0.6731763482093811,0.40376394987106323,0.15351203083992004,0.7238858342170715,0.474150687456131,0.13211071491241455,0.6707184910774231,0.4448719322681427,0.20968902111053467,0.7051706314086914,0.46611323952674866,0.23544979095458984,0.667070746421814,0.45003747940063477,0.21354660391807556,0.7036644220352173,0.46723806858062744,0.24579055607318878,0.6733553409576416,0.4568280577659607,0.21906189620494843,0.6997576951980591,0.4592550992965698,0.2482716292142868,0.6763667464256287,0.4572731554508209,0.21245825290679932,0.6985819339752197,0.4564865231513977,0.2386646717786789,0.6556116938591003,0.46680381894111633,0.023166047409176826,0.685788094997406,0.5010918378829956,-0.023471957072615623,0.6477763056755066,0.5264058113098145,0.20865431427955627,0.6867024898529053,0.574689507484436,0.15425750613212585,0.6372147798538208,0.6082000136375427,0.2752666771411896,0.6697952151298523,0.6538530588150024,0.21013033390045166,0.632518470287323,0.6255413293838501,0.28392741084098816,0.664268970489502,0.6623099446296692,0.21697993576526642,0.6449187994003296,0.5991129279136658,0.2965896725654602,0.6878461241722107,0.6720898747444153,0.22019469738006592
0164,./images/8/frame_00164.jpg,Normal,0.7379254102706909,0.3657255470752716,0.23069675266742706,0.7395220994949341,0.3581899404525757,0.21723754703998566,0.7384684085845947,0.35616645216941833,0.21721844375133514,0.7372801303863525,0.35413509607315063,0.2172037810087204,0.742770254611969,0.3637429475784302,0.21348151564598083,0.7439405918121338,0.3657896816730499,0.21348443627357483,0.7450239062309265,0.36800095438957214,0.21338050067424774,0.7348776459693909,0.35383933782577515,0.15613657236099243,0.7448389530181885,0.37250185012817383,0.13898789882659912,0.7343324422836304,0.36763209104537964,0.2122749537229538,0.7377488017082214,0.37417852878570557,0.20714914798736572,0.7016670107841492,0.3503704071044922,0.11887562274932861,0.743951678276062,0.4211275279521942,0.08118993043899536,0.6726333498954773,0.4078017771244049,0.1528421938419342,0.7223361730575562,0.4795489013195038,0.1334638148546219,0.6748211979866028,0.44252997636795044,0.20915043354034424,0.7058568596839905,0.4649447202682495,0.24248018860816956,0.6723045110702515,0.44568583369255066,0.21299533545970917,0.7051877975463867,0.4671109914779663,0.25425153970718384,0.6794732809066772,0.4502296447753906,0.21863329410552979,0.7015448212623596,0.45825424790382385,0.25630658864974976,0.6820870637893677,0.4519093930721283,0.21207909286022186,0.7000144720077515,0.45513421297073364,0.2457461804151535,0.6552112698554993,0.47035840153694153,0.023175857961177826,0.6855612397193909,0.5041494965553284,-0.023487797006964684,0.6471201777458191,0.5260798931121826,0.2117866724729538,0.6861105561256409,0.5792759656906128,0.15515388548374176,0.6371914744377136,0.6072975397109985,0.26765328645706177,0.6694914698600769,0.6546469926834106,0.19619055092334747,0.6325001120567322,0.6257809996604919,0.27437594532966614,0.6631121635437012,0.6642880439758301,0.20197924971580505,0.6449947953224182,0.6052141785621643,0.2866646647453308,0.6829826831817627,0.6708463430404663,0.20351791381835938
0165,./images/8/frame_00165.jpg,Normal,0.7374680042266846,0.3692057430744171,0.22570165991783142,0.7388602495193481,0.3618026673793793,0.21367457509040833,0.7378199696540833,0.3597779870033264,0.21364572644233704,0.7366304397583008,0.357711523771286,0.21362784504890442,0.7420284152030945,0.3673376441001892,0.2080577164888382,0.7431780099868774,0.3694358766078949,0.20805887877941132,0.7442680597305298,0.3717530071735382,0.2079639732837677,0.7343231439590454,0.35764360427856445,0.15002022683620453,0.7442382574081421,0.37704581022262573,0.1336662769317627,0.7339139580726624,0.37127265334129333,0.2094026356935501,0.7372820377349854,0.377853125333786,0.2017240822315216,0.701640248298645,0.35415032505989075,0.1148514375090599,0.7439476251602173,0.4288226366043091,0.07795382291078568,0.6719419360160828,0.41716909408569336,0.13941599428653717,0.7205877304077148,0.4842345416545868,0.1339554488658905,0.673389196395874,0.448758602142334,0.18483051657676697,0.706339418888092,0.46876639127731323,0.24804969131946564,0.6698049306869507,0.45367810130119324,0.18816331028938293,0.705389678478241,0.4693959057331085,0.2618767023086548,0.6770573854446411,0.45839619636535645,0.19490662217140198,0.7019158601760864,0.46053001284599304,0.2646466791629791,0.6801913976669312,0.4593701958656311,0.1881067454814911,0.700477659702301,0.45713356137275696,0.25157997012138367,0.654578447341919,0.47487398982048035,0.023200273513793945,0.6848423480987549,0.5109894275665283,-0.023505941033363342,0.6478246450424194,0.525842010974884,0.23492923378944397,0.6861012578010559,0.5812668204307556,0.16377581655979156,0.6372183561325073,0.5989388227462769,0.2879806160926819,0.6683986783027649,0.6539603471755981,0.20387287437915802,0.6321884393692017,0.6178675293922424,0.29540517926216125,0.6628844141960144,0.6626465320587158,0.21052443981170654,0.6443802118301392,0.6048727035522461,0.30915433168411255,0.6858528852462769,0.6758885979652405,0.21283972263336182
0166,./images/8/frame_00166.jpg,Normal,0.736822783946991,0.3741738200187683,0.2335624396800995,0.7381725907325745,0.3672749102115631,0.22031740844249725,0.737209141254425,0.3652758002281189,0.2203037291765213,0.736089825630188,0.3632597327232361,0.2203010618686676,0.7411893010139465,0.37269219756126404,0.21753661334514618,0.7422934770584106,0.374634712934494,0.21755406260490417,0.7433310151100159,0.3767646849155426,0.21744978427886963,0.733912467956543,0.3630748391151428,0.1578318476676941,0.743524432182312,0.38159650564193726,0.14637331664562225,0.7334376573562622,0.37593209743499756,0.2150297462940216,0.7366739511489868,0.3822876513004303,0.21106986701488495,0.7016042470932007,0.3569968044757843,0.11627037823200226,0.7438350915908813,0.43228963017463684,0.09306897968053818,0.6720390319824219,0.41245758533477783,0.13902710378170013,0.7199746370315552,0.487898588180542,0.15022020041942596,0.6699687838554382,0.4557427167892456,0.18245342373847961,0.7037166357040405,0.4732700288295746,0.2646874189376831,0.6655118465423584,0.4615236818790436,0.1839907169342041,0.7029246687889099,0.47394081950187683,0.27761179208755493,0.6718667149543762,0.46685150265693665,0.19147989153862,0.6983794569969177,0.46527183055877686,0.2796837389469147,0.6753990650177002,0.46754568815231323,0.18573662638664246,0.6968722939491272,0.4612579643726349,0.2677845358848572,0.6547807455062866,0.4741908311843872,0.021157268434762955,0.6854007840156555,0.511499285697937,-0.021531512960791588,0.6469987630844116,0.5246977210044861,0.22930267453193665,0.6868175268173218,0.5819149613380432,0.1729467362165451,0.6372324824333191,0.5967072248458862,0.2895570397377014,0.6691998243331909,0.6532237529754639,0.23011192679405212,0.6332029104232788,0.614006757736206,0.29796913266181946,0.6634899377822876,0.6624131798744202,0.23791494965553284,0.6430330872535706,0.6036914587020874,0.3087421655654907,0.6873627305030823,0.6765174269676208,0.2368524819612503
0167,./images/8/frame_00167.jpg,Normal,0.7355962991714478,0.3791562020778656,0.22724556922912598,0.7375478148460388,0.37231627106666565,0.2120157778263092,0.7367505431175232,0.370330810546875,0.21200168132781982,0.7357643842697144,0.36834999918937683,0.21201248466968536,0.7401721477508545,0.37760064005851746,0.21259450912475586,0.7412254214286804,0.3794284462928772,0.21262356638908386,0.7422329187393188,0.3814571797847748,0.2125207930803299,0.7337099313735962,0.36778804659843445,0.14731645584106445,0.7428489923477173,0.38616469502449036,0.14074169099330902,0.7326749563217163,0.3804340660572052,0.20707914233207703,0.7353799343109131,0.38666832447052,0.20814934372901917,0.7015785574913025,0.3596949279308319,0.1083436980843544,0.7434713840484619,0.4364059865474701,0.08573515713214874,0.6722785830497742,0.41017162799835205,0.12572893500328064,0.7192721962928772,0.48981377482414246,0.1396360844373703,0.6692530512809753,0.4531877636909485,0.1652005910873413,0.7043431997299194,0.4725269377231598,0.25193363428115845,0.6651700139045715,0.45921605825424194,0.16627967357635498,0.7035741806030273,0.47225481271743774,0.26470819115638733,0.6713758111000061,0.46444132924079895,0.17270728945732117,0.6992148160934448,0.46367064118385315,0.2666804790496826,0.6745468974113464,0.4648478329181671,0.16804009675979614,0.697749674320221,0.46013563871383667,0.25502604246139526,0.6547819375991821,0.47579628229141235,0.02136092074215412,0.6853891611099243,0.5125242471694946,-0.021726585924625397,0.6465075612068176,0.5250421166419983,0.23370151221752167,0.6869279146194458,0.5814778208732605,0.17186428606510162,0.6375025510787964,0.5969008803367615,0.2831959128379822,0.6689953207969666,0.6527776122093201,0.20006558299064636,0.6332082152366638,0.6143128871917725,0.288676917552948,0.6637493371963501,0.6617878675460815,0.20498187839984894,0.6423303484916687,0.60563725233078,0.2982955574989319,0.6816337704658508,0.6762501001358032,0.20507323741912842
0168,./images/8/frame_00168.jpg,Normal,0.7348554134368896,0.3877721130847931,0.21358761191368103,0.7371017932891846,0.379895955324173,0.1993241012096405,0.7363772988319397,0.37763285636901855,0.19930031895637512,0.7354763746261597,0.3753412365913391,0.19930270314216614,0.7396757006645203,0.3855324685573578,0.1957162618637085,0.7407464981079102,0.3872224986553192,0.19572997093200684,0.7417834401130676,0.38909682631492615,0.19562770426273346,0.733342707157135,0.37374958395957947,0.13997268676757812,0.7422183156013489,0.3918715715408325,0.12189842760562897,0.7318577766418457,0.38771766424179077,0.19653679430484772,0.7345534563064575,0.39431872963905334,0.19181087613105774,0.7015661597251892,0.36296382546424866,0.10633858293294907,0.7425922751426697,0.4379579424858093,0.07311691343784332,0.671192467212677,0.41125720739364624,0.1304415762424469,0.7183343172073364,0.4925552308559418,0.1360066831111908,0.664635956287384,0.4567050039768219,0.17483343183994293,0.7094870805740356,0.4739616811275482,0.2616083025932312,0.6612330079078674,0.4631868600845337,0.17528371512889862,0.7103442549705505,0.4722346365451813,0.27595236897468567,0.6657523512840271,0.467766135931015,0.1819303035736084,0.7060064077377319,0.46382012963294983,0.2793082594871521,0.6682860255241394,0.4676175117492676,0.1777445673942566,0.7040592432022095,0.4611091911792755,0.26577839255332947,0.6538874506950378,0.47988831996917725,0.021867867559194565,0.6845673322677612,0.5165207982063293,-0.02222304232418537,0.6462219953536987,0.5258837938308716,0.2309996634721756,0.6869974136352539,0.5868112444877625,0.1722773015499115,0.637518048286438,0.5973886847496033,0.28401196002960205,0.669253945350647,0.6575539708137512,0.22863957285881042,0.6328166723251343,0.614736795425415,0.29190394282341003,0.6640161275863647,0.665920615196228,0.23709635436534882,0.6424111723899841,0.6031175255775452,0.3064986765384674,0.6894195079803467,0.6811594367027283,0.2421456128358841
0169,./images/8/frame_00169.jpg,Normal,0.7344552278518677,0.3918367922306061,0.21085111796855927,0.7366668581962585,0.3839324414730072,0.19770051538944244,0.7359294295310974,0.38148465752601624,0.19767893850803375,0.735025942325592,0.3790138363838196,0.19767561554908752,0.7392441034317017,0.3898206055164337,0.1933940052986145,0.7403019070625305,0.39145147800445557,0.19340534508228302,0.741329550743103,0.39321228861808777,0.19331610202789307,0.7326638698577881,0.37706974148750305,0.14052028954029083,0.7416881322860718,0.3960520923137665,0.1212320476770401,0.731314480304718,0.3917478322982788,0.19444431364536285,0.7339891195297241,0.3986995220184326,0.18864810466766357,0.7015243768692017,0.3653244972229004,0.10636955499649048,0.7419067621231079,0.43979182839393616,0.07046880573034286,0.6707221269607544,0.41026538610458374,0.13230279088020325,0.7184552550315857,0.4930298626422882,0.12813837826251984,0.665267825126648,0.45443838834762573,0.19453054666519165,0.7094318866729736,0.47784432768821716,0.25000590085983276,0.6620702743530273,0.4608553946018219,0.19981953501701355,0.7100598216056824,0.47510668635368347,0.2646943926811218,0.6670856475830078,0.46535471081733704,0.2045985460281372,0.7059187293052673,0.4676705300807953,0.269370436668396,0.6694406270980835,0.46530652046203613,0.19733291864395142,0.7038919925689697,0.46579307317733765,0.2552371621131897,0.653911828994751,0.4810348153114319,0.021369410678744316,0.6846035122871399,0.516592800617218,-0.021698174998164177,0.6471858024597168,0.5308746099472046,0.2058422863483429,0.687322735786438,0.5862829685211182,0.16713303327560425,0.6372202038764954,0.6047534942626953,0.25117912888526917,0.6697157025337219,0.6581770777702332,0.21454842388629913,0.633029580116272,0.6210536956787109,0.25810739398002625,0.664492666721344,0.6675754189491272,0.22167356312274933,0.6425080895423889,0.6027756929397583,0.2740858197212219,0.6902720928192139,0.681620180606842,0.23172160983085632
0170,./images/8/frame_00170.jpg,Normal,0.7327341437339783,0.3953937590122223,0.20632895827293396,0.7350964546203613,0.3874315023422241,0.19164428114891052,0.7343671321868896,0.38509610295295715,0.1916024088859558,0.7334737181663513,0.3827000558376312,0.19157780706882477,0.7376859784126282,0.39287906885147095,0.18815219402313232,0.7387996912002563,0.3943919837474823,0.18816323578357697,0.7398930191993713,0.39603927731513977,0.18806689977645874,0.7312802076339722,0.38066601753234863,0.1323041021823883,0.740778923034668,0.3993489444255829,0.11712513118982315,0.7294740676879883,0.39613616466522217,0.18935054540634155,0.7321162819862366,0.402629554271698,0.1846892088651657,0.7014618515968323,0.3698921501636505,0.09492504596710205,0.741317629814148,0.44468939304351807,0.06495074182748795,0.6707136631011963,0.41116863489151,0.10495053231716156,0.7184708118438721,0.4945288896560669,0.09537605196237564,0.6709688305854797,0.4524575471878052,0.1275782287120819,0.708250880241394,0.4792111814022064,0.16643986105918884,0.6702719926834106,0.4565051198005676,0.1254364252090454,0.7078409790992737,0.47630348801612854,0.171201691031456,0.6760050058364868,0.46168917417526245,0.12984493374824524,0.7038613557815552,0.4696615934371948,0.17471382021903992,0.6773250699043274,0.4623396098613739,0.12912967801094055,0.7023760080337524,0.46761956810951233,0.16934910416603088,0.6535727977752686,0.4817046821117401,0.019843099638819695,0.6846143007278442,0.5175794363021851,-0.020175876095891,0.6472296714782715,0.5305226445198059,0.20717978477478027,0.6882683038711548,0.5856871604919434,0.17348529398441315,0.6373170018196106,0.6045042872428894,0.2525368630886078,0.6698735356330872,0.6575800776481628,0.21917752921581268,0.6331287622451782,0.6211684942245483,0.25940075516700745,0.6647101044654846,0.6676348447799683,0.22570081055164337,0.6431069374084473,0.6001583337783813,0.27516061067581177,0.6903372406959534,0.6799830794334412,0.2344941347837448
0171,./images/8/frame_00171.jpg,Normal,0.7322233319282532,0.39841383695602417,0.20227710902690887,0.7344747185707092,0.3907148241996765,0.18925952911376953,0.7337378263473511,0.388455331325531,0.18922583758831024,0.7328343391418457,0.3861517906188965,0.1892090141773224,0.7370803356170654,0.39637672901153564,0.18580280244350433,0.7381769418716431,0.39803120493888855,0.18581107258796692,0.7392545938491821,0.39982473850250244,0.1857212483882904,0.7307368516921997,0.3842965066432953,0.13452820479869843,0.7403252720832825,0.40354108810424805,0.11891569942235947,0.7288956046104431,0.3990994393825531,0.1866789162158966,0.7315865755081177,0.40576183795928955,0.18199476599693298,0.7014988660812378,0.371646910905838,0.09637356549501419,0.7410072088241577,0.4462921619415283,0.0656183734536171,0.6704939007759094,0.4122549593448639,0.08896588534116745,0.718008816242218,0.4956517219543457,0.07539800554513931,0.6708728671073914,0.45426779985427856,0.0913441851735115,0.705411434173584,0.4816376268863678,0.11749036610126495,0.669951319694519,0.45945507287979126,0.08594639599323273,0.7041045427322388,0.47909295558929443,0.11786949634552002,0.6758395433425903,0.46553438901901245,0.08994040638208389,0.7000414729118347,0.4726080596446991,0.12236765772104263,0.6772507429122925,0.4655072093009949,0.09206163883209229,0.6990308165550232,0.4703610837459564,0.11987427622079849,0.6535869836807251,0.48310521245002747,0.01906757801771164,0.684634804725647,0.5185575485229492,-0.019380103796720505,0.6477335691452026,0.5314208269119263,0.20586733520030975,0.688237726688385,0.5857680439949036,0.17155896127223969,0.6379162073135376,0.604663610458374,0.24479427933692932,0.6699336171150208,0.6575610637664795,0.20647957921028137,0.6339700222015381,0.6210173964500427,0.2503562867641449,0.6649877429008484,0.667287290096283,0.21145448088645935,0.6429457664489746,0.6009714603424072,0.26070523262023926,0.6882909536361694,0.6802693009376526,0.2128397673368454
0172,./images/8/frame_00172.jpg,Normal,0.7326526641845703,0.40330398082733154,0.20274463295936584,0.7347174286842346,0.39571669697761536,0.1909146010875702,0.7339566946029663,0.3932980000972748,0.19088394939899445,0.7330508232116699,0.3908747434616089,0.19086721539497375,0.7373170256614685,0.4012850821018219,0.18694129586219788,0.7383773326873779,0.40274959802627563,0.18695306777954102,0.7394216656684875,0.40433990955352783,0.1868664026260376,0.7308032512664795,0.3878135681152344,0.13687261939048767,0.7403233647346497,0.4067535102367401,0.12002350389957428,0.7292715907096863,0.40328529477119446,0.1877851039171219,0.7320474982261658,0.4098930060863495,0.1823655217885971,0.7010142803192139,0.37520110607147217,0.09851692616939545,0.7404450178146362,0.44972166419029236,0.0656764954328537,0.6693989634513855,0.4178771674633026,0.10424258559942245,0.7167069911956787,0.5002528429031372,0.09242521971464157,0.6653228998184204,0.46239331364631653,0.12240173667669296,0.7005705237388611,0.4943349063396454,0.1576862633228302,0.6631922721862793,0.46835455298423767,0.11852222681045532,0.699325442314148,0.494687020778656,0.16072514653205872,0.6684907674789429,0.47525766491889954,0.12247900664806366,0.6949852108955383,0.48816850781440735,0.1644447147846222,0.6703118085861206,0.474837988615036,0.12340354919433594,0.6941143274307251,0.48465657234191895,0.1603216826915741,0.6536048650741577,0.4845818281173706,0.01875806227326393,0.6850400567054749,0.5202463269233704,-0.01905735209584236,0.6487706899642944,0.531160295009613,0.20865361392498016,0.6885532140731812,0.585663914680481,0.17325140535831451,0.638616681098938,0.6048389077186584,0.2544427514076233,0.6703717112541199,0.6575499773025513,0.2212364226579666,0.6344002485275269,0.6208862662315369,0.26102057099342346,0.6660763621330261,0.6676273941993713,0.22729265689849854,0.6429522037506104,0.6023651361465454,0.27299851179122925,0.6886664032936096,0.6807520389556885,0.22713585197925568
0173,./images/8/frame_00173.jpg,Normal,0.7326360940933228,0.4065536856651306,0.20138871669769287,0.7345371246337891,0.3986610770225525,0.19066070020198822,0.7337361574172974,0.3959490954875946,0.19063130021095276,0.7328122854232788,0.3932453691959381,0.1906132847070694,0.7371591329574585,0.40490010380744934,0.18606063723564148,0.7381989359855652,0.4065042734146118,0.18607500195503235,0.7392343878746033,0.4081704318523407,0.18599264323711395,0.7304795384407043,0.3900810778141022,0.13967987895011902,0.7400754690170288,0.4100302457809448,0.12057624012231827,0.7291916012763977,0.4060324728488922,0.18730828166007996,0.732092022895813,0.41310542821884155,0.18110069632530212,0.7005351781845093,0.37687551975250244,0.0991288423538208,0.7395187616348267,0.4503278434276581,0.06660416722297668,0.668053925037384,0.42293840646743774,0.09747396409511566,0.7160466909408569,0.5017964243888855,0.08409463614225388,0.6647039651870728,0.47300150990486145,0.09849124401807785,0.6994837522506714,0.5044183135032654,0.13807359337806702,0.6621416807174683,0.47959086298942566,0.09172756969928741,0.698246955871582,0.5062561631202698,0.1387615203857422,0.6671876907348633,0.4862792491912842,0.09579296410083771,0.6939820051193237,0.4998839795589447,0.14266616106033325,0.6691111326217651,0.48547977209091187,0.0989745706319809,0.6930743455886841,0.49592316150665283,0.14054366946220398,0.6539894342422485,0.4856641888618469,0.01829429157078266,0.6857897043228149,0.5217100977897644,-0.01859743520617485,0.6492605209350586,0.5319610834121704,0.2124791443347931,0.6888208389282227,0.5860951542854309,0.17813584208488464,0.6387931108474731,0.6047409176826477,0.2571268677711487,0.6704052686691284,0.6574805974960327,0.2223910391330719,0.6347349882125854,0.6204996109008789,0.263174831867218,0.6663306951522827,0.6673256754875183,0.22800318896770477,0.6429011225700378,0.6032639741897583,0.27142131328582764,0.6888140439987183,0.68028724193573,0.2270919382572174
0174,./images/8/frame_00174.jpg,Normal,0.7326433658599854,0.4084021747112274,0.19547812640666962,0.7345234155654907,0.4004760682582855,0.18542781472206116,0.7337566614151001,0.3979303240776062,0.185401052236557,0.732857882976532,0.39531847834587097,0.18539121747016907,0.7370871305465698,0.40644505620002747,0.18028396368026733,0.7381175756454468,0.4079901874065399,0.18030157685279846,0.7391570806503296,0.40960344672203064,0.18022286891937256,0.7305898070335388,0.39272090792655945,0.13898144662380219,0.7399214506149292,0.4113875925540924,0.1166769489645958,0.7292718887329102,0.4084240794181824,0.18247206509113312,0.7320878505706787,0.41477105021476746,0.17562010884284973,0.7005268335342407,0.37850308418273926,0.1020055040717125,0.7392104864120483,0.450528621673584,0.06308478116989136,0.6681357622146606,0.4217125475406647,0.10167940706014633,0.7163466215133667,0.5087149739265442,0.08969327062368393,0.6643314361572266,0.4695679843425751,0.12685948610305786,0.6995441317558289,0.5075534582138062,0.1614905595779419,0.6619391441345215,0.47605574131011963,0.12447758764028549,0.6983301043510437,0.5094389319419861,0.16543009877204895,0.6668483018875122,0.4824886620044708,0.12882836163043976,0.6940211057662964,0.5035267472267151,0.1687202751636505,0.6686241626739502,0.4816545844078064,0.1282532960176468,0.6932517290115356,0.49997350573539734,0.16437704861164093,0.6541923880577087,0.4873366355895996,0.019922494888305664,0.6858407855033875,0.5220919847488403,-0.02022521011531353,0.649246871471405,0.5316592454910278,0.2179170548915863,0.6888795495033264,0.5865554213523865,0.17559362947940826,0.6387768983840942,0.6044840216636658,0.2584421932697296,0.6704608798027039,0.6572905778884888,0.22145751118659973,0.6351443529129028,0.6188256740570068,0.2652250826358795,0.6666824221611023,0.6670440435409546,0.22743193805217743,0.6434739828109741,0.6031390428543091,0.27487868070602417,0.6889040470123291,0.6809399127960205,0.22703757882118225
0175,./images/8/frame_00175.jpg,Normal,0.7327660322189331,0.4156607687473297,0.19856488704681396,0.7346454858779907,0.40654614567756653,0.18810023367404938,0.7338652610778809,0.40358054637908936,0.18807139992713928,0.7329573631286621,0.4006343483924866,0.18806061148643494,0.7372249364852905,0.4133647084236145,0.18311649560928345,0.7382480502128601,0.41495513916015625,0.18313002586364746,0.7392715811729431,0.416550874710083,0.18305419385433197,0.730618417263031,0.3970472514629364,0.1421932876110077,0.7397487163543701,0.4170175790786743,0.11785046011209488,0.7293935418128967,0.41458019614219666,0.18478286266326904,0.7322195768356323,0.42129194736480713,0.17790144681930542,0.7000665664672852,0.3807682991027832,0.10292652994394302,0.7387394309043884,0.45129477977752686,0.06277923285961151,0.6679763793945312,0.4214862883090973,0.09568904340267181,0.7165592908859253,0.5096619129180908,0.05942483991384506,0.6639612913131714,0.4688066840171814,0.0939367339015007,0.6991772055625916,0.5062373876571655,0.0856851190328598,0.6620879769325256,0.47492852807044983,0.08644573390483856,0.6972318887710571,0.5072987675666809,0.08196775615215302,0.6666713953018188,0.48116615414619446,0.09023287147283554,0.6937117576599121,0.5021382570266724,0.08725341409444809,0.6681066155433655,0.48037949204444885,0.09427819401025772,0.693121612071991,0.4988076388835907,0.08816196024417877,0.6537789702415466,0.4882003664970398,0.01958419382572174,0.6861828565597534,0.5227481126785278,-0.019877856597304344,0.6510193347930908,0.5340069532394409,0.22354722023010254,0.6898535490036011,0.5864067077636719,0.1851927638053894,0.6387694478034973,0.605617344379425,0.2582346200942993,0.670620322227478,0.6571885347366333,0.22318807244300842,0.6351286768913269,0.6195569038391113,0.2632845342159271,0.6666885614395142,0.6668592095375061,0.22808845341205597,0.6432126760482788,0.6035425662994385,0.27164778113365173,0.6878253221511841,0.6802022457122803,0.22808046638965607
0176,./images/8/frame_00176.jpg,Normal,0.7328734397888184,0.41174033284187317,0.19778746366500854,0.7345801591873169,0.4037269055843353,0.1865709125995636,0.7337226867675781,0.4010055959224701,0.18653157353401184,0.7327560186386108,0.3982735872268677,0.18651822209358215,0.7372417449951172,0.4099961519241333,0.18209192156791687,0.7382651567459106,0.4115932583808899,0.18210634589195251,0.7392901182174683,0.41322147846221924,0.18202707171440125,0.730241060256958,0.39489275217056274,0.13848578929901123,0.7397359609603882,0.4149378538131714,0.11742977797985077,0.7294753789901733,0.41122567653656006,0.1835615336894989,0.7323203086853027,0.418181836605072,0.1775139719247818,0.7007869482040405,0.3805757761001587,0.09872548282146454,0.7387100458145142,0.45378485321998596,0.06373661756515503,0.6681724190711975,0.42042413353919983,0.08600883185863495,0.7165390253067017,0.5064327716827393,0.07096872478723526,0.6688571572303772,0.468668669462204,0.07544372230768204,0.699756383895874,0.5026844143867493,0.11031099408864975,0.6678541898727417,0.4734737277030945,0.06672284007072449,0.6980098485946655,0.5027651190757751,0.10978066921234131,0.6732791662216187,0.48024114966392517,0.07149869203567505,0.6943117380142212,0.4968338906764984,0.11293122917413712,0.6744468212127686,0.47986263036727905,0.07604804635047913,0.693669319152832,0.4937076270580292,0.11226101219654083,0.6537902355194092,0.48831114172935486,0.017995581030845642,0.6861760020256042,0.524675190448761,-0.018314972519874573,0.6510560512542725,0.5336156487464905,0.22255456447601318,0.6899304389953613,0.5859664678573608,0.18308058381080627,0.6384912729263306,0.6055278182029724,0.2559177875518799,0.6704572439193726,0.6569732427597046,0.22488708794116974,0.6351738572120667,0.6195443272590637,0.26103633642196655,0.6666280031204224,0.6662439703941345,0.230249285697937,0.6433702111244202,0.6027630567550659,0.26954591274261475,0.6859456300735474,0.6797135472297668,0.23137852549552917
0177,./images/8/frame_00177.jpg,Normal,0.7329486608505249,0.4175109565258026,0.19710001349449158,0.7346397042274475,0.40861809253692627,0.18754753470420837,0.7337814569473267,0.4057803750038147,0.18750706315040588,0.7328169345855713,0.40292590856552124,0.18749397993087769,0.7373005151748657,0.4151066541671753,0.18213006854057312,0.7383190989494324,0.4166366159915924,0.18214020133018494,0.7393385171890259,0.4181655943393707,0.1820671260356903,0.730279803276062,0.39865821599960327,0.14488914608955383,0.7396551370620728,0.41851097345352173,0.1179809719324112,0.7295223474502563,0.41640952229499817,0.18432867527008057,0.7323631644248962,0.42293983697891235,0.17695370316505432,0.7008194327354431,0.382172554731369,0.10520493984222412,0.7384517788887024,0.4531567394733429,0.0620516836643219,0.6681969165802002,0.4202929735183716,0.08248873054981232,0.716878354549408,0.5091800689697266,0.03616190329194069,0.6676040291786194,0.471196711063385,0.05653534084558487,0.7000592947006226,0.5037674307823181,0.03389575704932213,0.6669223308563232,0.4776802957057953,0.046354565769433975,0.6980515718460083,0.5039851069450378,0.02639581263065338,0.6713758707046509,0.48423314094543457,0.05034855753183365,0.6946200728416443,0.4982526898384094,0.03213929012417793,0.672177255153656,0.48309648036956787,0.056420959532260895,0.6940074563026428,0.4952389895915985,0.03585629537701607,0.6537138223648071,0.4886222779750824,0.0192563533782959,0.6861695051193237,0.5241290330886841,-0.019572747871279716,0.6509429216384888,0.5366687178611755,0.22137120366096497,0.6899431943893433,0.5859616994857788,0.18084903061389923,0.6384884119033813,0.6088420152664185,0.2520236670970917,0.6705540418624878,0.6568849682807922,0.21496553719043732,0.6351274251937866,0.6221774220466614,0.25600388646125793,0.6666600704193115,0.666151762008667,0.21886976063251495,0.6440953016281128,0.6095879673957825,0.26251620054244995,0.686348021030426,0.6795592308044434,0.21761652827262878
0178,./images/8/frame_00178.jpg,Normal,0.7329381704330444,0.41629400849342346,0.2010708749294281,0.7345708608627319,0.4080631136894226,0.19052709639072418,0.7337394952774048,0.40549367666244507,0.19047942757606506,0.732795238494873,0.40284356474876404,0.19046102464199066,0.7372244000434875,0.4140835702419281,0.18526571989059448,0.7382588386535645,0.41559189558029175,0.18527650833129883,0.7393013834953308,0.417098730802536,0.18519596755504608,0.7303221225738525,0.3993111550807953,0.1452580839395523,0.7396661639213562,0.41801199316978455,0.12088936567306519,0.7295398116111755,0.4158410429954529,0.18814986944198608,0.7323575615882874,0.4223017692565918,0.18104441463947296,0.701291024684906,0.38289323449134827,0.1059579849243164,0.7385500073432922,0.4559663236141205,0.06584051996469498,0.6687567830085754,0.4198751151561737,0.09192146360874176,0.7163900136947632,0.5080163478851318,0.0633280947804451,0.6667932271957397,0.46893662214279175,0.08798396587371826,0.7001778483390808,0.5033226609230042,0.09980976581573486,0.665300190448761,0.4752776324748993,0.08116760849952698,0.6980512142181396,0.5033034086227417,0.09826605021953583,0.6696094274520874,0.4815989136695862,0.08518902212381363,0.6943745613098145,0.497637003660202,0.10263469070196152,0.6708451509475708,0.48072323203086853,0.08845535665750504,0.6938301920890808,0.4946635365486145,0.10209919512271881,0.6540740132331848,0.4908502399921417,0.019263606518507004,0.6861640214920044,0.5267505645751953,-0.019574511796236038,0.6508449912071228,0.5362032055854797,0.2137179672718048,0.6898825168609619,0.5864320397377014,0.17656108736991882,0.638599157333374,0.6087170839309692,0.2551993131637573,0.6705670952796936,0.6567802429199219,0.21864525973796844,0.6351838111877441,0.6223115921020508,0.2612711489200592,0.6665104627609253,0.6661721467971802,0.22397032380104065,0.6450039148330688,0.6094557642936707,0.2717629075050354,0.6867159605026245,0.6794358491897583,0.224645733833313
0179,./images/8/frame_00179.jpg,Normal,0.7329298257827759,0.41844019293785095,0.16911140084266663,0.7344169020652771,0.4102715253829956,0.1579129844903946,0.7335637211799622,0.4074050784111023,0.1578969657421112,0.732622504234314,0.40452396869659424,0.15790274739265442,0.7370361089706421,0.416899710893631,0.15207897126674652,0.7380238771438599,0.4185132682323456,0.15209190547466278,0.7390260696411133,0.4201190173625946,0.15202400088310242,0.7300778031349182,0.4007273316383362,0.11398663371801376,0.7392129898071289,0.42065131664276123,0.08717581629753113,0.7294793128967285,0.41744112968444824,0.15751060843467712,0.7321898937225342,0.4239810109138489,0.14949403703212738,0.7010070085525513,0.3829261064529419,0.0887831300497055,0.7382486462593079,0.45609062910079956,0.04432445764541626,0.6684380769729614,0.4215245842933655,0.11515185981988907,0.7159143686294556,0.5078341364860535,0.07572180032730103,0.662704586982727,0.4723012149333954,0.1697978526353836,0.6993594765663147,0.5049540996551514,0.16906236112117767,0.6611877083778381,0.4802475869655609,0.1722947061061859,0.6973811388015747,0.5060552954673767,0.17707844078540802,0.6639792323112488,0.4866235554218292,0.17660638689994812,0.6934689283370972,0.5015328526496887,0.1791839301586151,0.6652445793151855,0.4848308861255646,0.17188893258571625,0.6931785941123962,0.49855583906173706,0.17220887541770935,0.6540479063987732,0.4926498532295227,0.019391892477869987,0.6860198378562927,0.5279428958892822,-0.019686652347445488,0.6516770124435425,0.535990297794342,0.2140922248363495,0.6891313791275024,0.5854949951171875,0.17796273529529572,0.6391774415969849,0.6083785891532898,0.28654012084007263,0.6704197525978088,0.6567037105560303,0.2541319727897644,0.6357218027114868,0.6222649216651917,0.2968527674674988,0.6660231351852417,0.6660921573638916,0.26463860273361206,0.6462408900260925,0.6088099479675293,0.31317397952079773,0.6864364147186279,0.6773439049720764,0.2731359601020813
0180,./images/8/frame_00180.jpg,Normal,0.7328888773918152,0.41673919558525085,0.19119010865688324,0.7342826128005981,0.40841883420944214,0.1827046275138855,0.7334056496620178,0.40565788745880127,0.1826729029417038,0.732416033744812,0.40282517671585083,0.1826493740081787,0.7369508147239685,0.4149349331855774,0.17590060830116272,0.73795086145401,0.4165719747543335,0.17587843537330627,0.7389806509017944,0.41815707087516785,0.1758183240890503,0.7298656702041626,0.39906856417655945,0.13960957527160645,0.739217221736908,0.4191696047782898,0.11074899137020111,0.7292250394821167,0.4165019094944,0.17857792973518372,0.7319555282592773,0.42303889989852905,0.16994883120059967,0.7013370990753174,0.38336923718452454,0.10442505031824112,0.7379860281944275,0.45506909489631653,0.047658372670412064,0.6695383787155151,0.4185313284397125,0.07829233258962631,0.7174064517021179,0.5063043236732483,0.04555562883615494,0.6708733439445496,0.4544998109340668,0.03901505842804909,0.7038986086845398,0.5003855228424072,0.060908544808626175,0.6703973412513733,0.4600897431373596,0.02803477644920349,0.7019001245498657,0.49748098850250244,0.0576895996928215,0.6759501099586487,0.4638971984386444,0.03269299864768982,0.6992214322090149,0.4911602735519409,0.06428778171539307,0.6768337488174438,0.46321114897727966,0.038972437381744385,0.698966383934021,0.48994454741477966,0.06389806419610977,0.6540564894676208,0.49192014336586,0.02349809929728508,0.6862100958824158,0.527151346206665,-0.023857247084379196,0.6519207954406738,0.5364119410514832,0.23131287097930908,0.6887142658233643,0.5909376740455627,0.15323099493980408,0.6391624212265015,0.6028589606285095,0.24192623794078827,0.6693388223648071,0.6571358442306519,0.1424197256565094,0.6358984112739563,0.6225589513778687,0.24264879524707794,0.665931761264801,0.6660284996032715,0.14204715192317963,0.645883321762085,0.6122809648513794,0.248365119099617,0.6839982271194458,0.683930516242981,0.1378060281276703
0181,./images/8/frame_00181.jpg,Normal,0.732706606388092,0.4171450734138489,0.19271041452884674,0.7341445088386536,0.4088931977748871,0.18353819847106934,0.7333248257637024,0.40616780519485474,0.18350771069526672,0.7323750257492065,0.40328529477119446,0.18348905444145203,0.7366982698440552,0.41527459025382996,0.1774010807275772,0.7376886010169983,0.4169061481952667,0.17739138007164001,0.7387137413024902,0.4185592532157898,0.17732392251491547,0.7299007177352905,0.39911651611328125,0.13940416276454926,0.7391000986099243,0.4191615581512451,0.11171083152294159,0.7291054725646973,0.4167649447917938,0.17941716313362122,0.7316141128540039,0.423301100730896,0.1717148721218109,0.7031023502349854,0.38385775685310364,0.10231534391641617,0.7375355958938599,0.4554924964904785,0.05314809828996658,0.6698843240737915,0.41996175050735474,0.07377167791128159,0.7170793414115906,0.5065988898277283,0.051805466413497925,0.6717864871025085,0.45595312118530273,0.0398232527077198,0.7039980292320251,0.49967727065086365,0.07342202216386795,0.6706253290176392,0.4614000618457794,0.02794041857123375,0.702682614326477,0.49596747756004333,0.07048210501670837,0.6762293577194214,0.4656215310096741,0.033756449818611145,0.699919581413269,0.48815032839775085,0.07540450245141983,0.6775592565536499,0.4652504324913025,0.0402749702334404,0.699231743812561,0.4865396320819855,0.07559332996606827,0.6541054844856262,0.49207496643066406,0.02313133142888546,0.6861501336097717,0.5279038548469543,-0.023487113416194916,0.6518064737319946,0.5337315797805786,0.2385067492723465,0.6885883808135986,0.590363085269928,0.16970732808113098,0.6400567293167114,0.5999314785003662,0.27022451162338257,0.6694374680519104,0.6560803651809692,0.18564286828041077,0.6366329193115234,0.6161112189292908,0.274569571018219,0.6656705141067505,0.6655200719833374,0.19051381945610046,0.6458405256271362,0.6031453013420105,0.28293314576148987,0.6855242848396301,0.6826581954956055,0.19164538383483887
0182,./images/8/frame_00182.jpg,Normal,0.7321559190750122,0.41582560539245605,0.20248255133628845,0.7335956692695618,0.40763816237449646,0.19084671139717102,0.7328011989593506,0.404967725276947,0.19081830978393555,0.7319228053092957,0.4021778404712677,0.19080328941345215,0.7360369563102722,0.413923978805542,0.18656812608242035,0.7370090484619141,0.4155561625957489,0.18658387660980225,0.7380274534225464,0.41721853613853455,0.18650144338607788,0.7297355532646179,0.39818042516708374,0.14216220378875732,0.7388478517532349,0.4180464744567871,0.12234816700220108,0.7286887168884277,0.4154839515686035,0.1884503811597824,0.7310657501220703,0.42203575372695923,0.18272289633750916,0.7034072279930115,0.3837019205093384,0.10966700315475464,0.7375389337539673,0.45517095923423767,0.07306865602731705,0.6704084277153015,0.42179134488105774,0.14396023750305176,0.7165721654891968,0.5060484409332275,0.1225920170545578,0.6715422868728638,0.46146321296691895,0.19613417983055115,0.7038790583610535,0.49965977668762207,0.21858052909374237,0.6698408722877502,0.466126412153244,0.19739070534706116,0.7028161287307739,0.4972352385520935,0.22590112686157227,0.6751236915588379,0.4707045555114746,0.20182588696479797,0.6995548605918884,0.4891314208507538,0.22636303305625916,0.6766685843467712,0.4710368812084198,0.19824279844760895,0.6989710330963135,0.48712974786758423,0.22077210247516632,0.6556016802787781,0.4893673062324524,0.02212260104715824,0.6869528889656067,0.5264015793800354,-0.022394640371203423,0.6537131667137146,0.5330252051353455,0.20656223595142365,0.6875190734863281,0.5901486277580261,0.15955482423305511,0.6401838064193726,0.6071715950965881,0.2683457136154175,0.6687363386154175,0.6583950519561768,0.2116662561893463,0.6366759538650513,0.6206250786781311,0.2751493453979492,0.6652889251708984,0.6663541793823242,0.22092512249946594,0.6475590467453003,0.607476532459259,0.2869477868080139,0.6872827410697937,0.6855503916740417,0.2224435806274414
0183,./images/8/frame_00183.jpg,Normal,0.7322174906730652,0.415703147649765,0.21302779018878937,0.7336155772209167,0.40699076652526855,0.2008233517408371,0.7328183650970459,0.40426644682884216,0.2008058726787567,0.7319802045822144,0.4014711081981659,0.20079883933067322,0.7360929846763611,0.41375839710235596,0.19723907113075256,0.7370687127113342,0.4154137074947357,0.19726023077964783,0.7380854487419128,0.4168879985809326,0.19718381762504578,0.7298353314399719,0.39766067266464233,0.14986319839954376,0.7388706207275391,0.41796842217445374,0.13343752920627594,0.7288400530815125,0.4152120351791382,0.19850453734397888,0.7310765981674194,0.4218461215496063,0.193423330783844,0.7037171125411987,0.38322877883911133,0.11500100046396255,0.7375856637954712,0.4542533755302429,0.08674290776252747,0.6703993678092957,0.4216292202472687,0.16498272120952606,0.7166644334793091,0.5055629014968872,0.1444438397884369,0.67118239402771,0.4603182077407837,0.24302025139331818,0.7037568688392639,0.4996533989906311,0.25249239802360535,0.6694733500480652,0.4646879732608795,0.24805812537670135,0.7029678225517273,0.49802908301353455,0.2630193531513214,0.6745100617408752,0.4698556363582611,0.252806156873703,0.6993253827095032,0.49061962962150574,0.26298969984054565,0.6760797500610352,0.47021484375,0.24610039591789246,0.6986935138702393,0.48851120471954346,0.25513744354248047,0.6567507982254028,0.4866858720779419,0.01732342131435871,0.687824547290802,0.5215242505073547,-0.017509443685412407,0.6534518599510193,0.5333254337310791,0.18555951118469238,0.6870476007461548,0.5890576839447021,0.1581762284040451,0.6400078535079956,0.6135960817337036,0.2499193698167801,0.6682618856430054,0.6591333746910095,0.22004389762878418,0.6363765597343445,0.626925528049469,0.2588483393192291,0.6647987961769104,0.6666409969329834,0.22945161163806915,0.647517740726471,0.6105324625968933,0.27460533380508423,0.6875532865524292,0.6861854791641235,0.23444423079490662
0184,./images/8/frame_00184.jpg,Normal,0.732215166091919,0.41418173909187317,0.2130691260099411,0.7335077524185181,0.40611690282821655,0.19999876618385315,0.7327216863632202,0.4034682512283325,0.19997213780879974,0.731886625289917,0.4006609320640564,0.19995525479316711,0.735977292060852,0.41255801916122437,0.19713135063648224,0.7369695901870728,0.41424572467803955,0.1971568614244461,0.7380066514015198,0.41578003764152527,0.19708096981048584,0.7298446893692017,0.39685869216918945,0.14726535975933075,0.738878607749939,0.4178098142147064,0.13308553397655487,0.7288602590560913,0.414163202047348,0.1976376324892044,0.7311294674873352,0.42073628306388855,0.19362646341323853,0.7038154006004333,0.3829100728034973,0.1122685894370079,0.7379590272903442,0.45517346262931824,0.08900195360183716,0.6702340841293335,0.4214652180671692,0.14272527396678925,0.7166768908500671,0.5056428909301758,0.14101335406303406,0.6681421399116516,0.4600082039833069,0.20158107578754425,0.7035520672798157,0.49958357214927673,0.23847968876361847,0.6675248742103577,0.46486741304397583,0.2029552459716797,0.7028961181640625,0.4982283413410187,0.24781639873981476,0.6722252368927002,0.4701356589794159,0.20832785964012146,0.6991413831710815,0.49092063307762146,0.24879463016986847,0.6740533709526062,0.4703647196292877,0.20440831780433655,0.6983688473701477,0.48867669701576233,0.2411293089389801,0.6570090055465698,0.4867039620876312,0.012410693801939487,0.6878959536552429,0.5222128033638,-0.012659557163715363,0.6523798704147339,0.5325118899345398,0.19396905601024628,0.6872656941413879,0.5889228582382202,0.17367912828922272,0.6399738192558289,0.6133053302764893,0.2517218589782715,0.6681593656539917,0.6586257219314575,0.24298405647277832,0.6365803480148315,0.6262199282646179,0.2627047300338745,0.6638877987861633,0.6665986180305481,0.25223541259765625,0.6474372148513794,0.6064602732658386,0.2829836308956146,0.687559962272644,0.6846629977226257,0.2604064643383026
0185,./images/8/frame_00185.jpg,Normal,0.7322239279747009,0.4140540361404419,0.21489432454109192,0.733555793762207,0.4058341979980469,0.20324894785881042,0.7327910661697388,0.403164803981781,0.20322318375110626,0.7319639921188354,0.4003102481365204,0.2032109946012497,0.7359985709190369,0.4122016131877899,0.19924040138721466,0.7370003461837769,0.413900762796402,0.1992606520652771,0.7380398511886597,0.41546326875686646,0.19918015599250793,0.7299128174781799,0.3962251842021942,0.15286822617053986,0.7388843894004822,0.41717830300331116,0.13453409075737,0.7289505004882812,0.4138968884944916,0.20027029514312744,0.7311559915542603,0.4205184578895569,0.19478097558021545,0.7038055062294006,0.3826899528503418,0.11824661493301392,0.7380232810974121,0.4543435275554657,0.08502613008022308,0.6702064871788025,0.42142805457115173,0.14888253808021545,0.7179139852523804,0.5050590634346008,0.13115321099758148,0.6682296991348267,0.460060715675354,0.20137901604175568,0.7065813541412354,0.4952958822250366,0.2273518145084381,0.6674976944923401,0.46498727798461914,0.20320895314216614,0.706591010093689,0.49375152587890625,0.2356380671262741,0.6722108125686646,0.4702216386795044,0.20735570788383484,0.7024325132369995,0.48681139945983887,0.23778751492500305,0.6740303039550781,0.47045689821243286,0.20349502563476562,0.7012685537338257,0.48481830954551697,0.23048493266105652,0.6569541692733765,0.4866015613079071,0.012652523815631866,0.6878365874290466,0.5221946239471436,-0.012909839861094952,0.6515267491340637,0.5324372053146362,0.20049695670604706,0.687097430229187,0.5891961455345154,0.16278298199176788,0.6399308443069458,0.6120266318321228,0.25314226746559143,0.6677983999252319,0.6587831377983093,0.21084794402122498,0.6365527510643005,0.6258252263069153,0.26133233308792114,0.6638514399528503,0.6665510535240173,0.2177160084247589,0.6472525596618652,0.6064532399177551,0.2779988944530487,0.6884645819664001,0.6856861710548401,0.22193412482738495
0186,./images/8/frame_00186.jpg,Normal,0.7322407960891724,0.41109463572502136,0.21385149657726288,0.733564019203186,0.4032003581523895,0.20211338996887207,0.7328188419342041,0.40067362785339355,0.20210197567939758,0.7320223450660706,0.3980434536933899,0.20210251212120056,0.7360300421714783,0.40931007266044617,0.19745536148548126,0.7370225787162781,0.41100895404815674,0.19746480882167816,0.7380402088165283,0.4126051962375641,0.19737987220287323,0.730175793170929,0.394392728805542,0.152555450797081,0.7388977408409119,0.41382887959480286,0.13165846467018127,0.7289950251579285,0.41064566373825073,0.20008882880210876,0.7311930656433105,0.4175475239753723,0.19351497292518616,0.7039337754249573,0.3826226592063904,0.11451856791973114,0.7380360960960388,0.45250558853149414,0.08117839694023132,0.6708173155784607,0.42041516304016113,0.1431862711906433,0.7179659605026245,0.500421404838562,0.12291691452264786,0.6703357100486755,0.4569956362247467,0.19390450417995453,0.7065550088882446,0.4888249337673187,0.20043830573558807,0.6694722771644592,0.4620054066181183,0.18979868292808533,0.7064999341964722,0.48647743463516235,0.2042539417743683,0.6744760274887085,0.4673050343990326,0.18928824365139008,0.7024324536323547,0.4792488217353821,0.20643965899944305,0.6760594844818115,0.46719276905059814,0.19354870915412903,0.7013005614280701,0.4773638844490051,0.2025124728679657,0.6570979952812195,0.48627418279647827,0.013924695551395416,0.6880180239677429,0.5217578411102295,-0.014196870848536491,0.6512295007705688,0.5312141180038452,0.19807273149490356,0.6870921850204468,0.5890560746192932,0.1616690456867218,0.6398839354515076,0.6097938418388367,0.24169036746025085,0.6677658557891846,0.6586905717849731,0.20284470915794373,0.6365323662757874,0.625431478023529,0.24791042506694794,0.6639078259468079,0.6664597988128662,0.20880015194416046,0.6454960107803345,0.6060125827789307,0.25917965173721313,0.6883483529090881,0.6857231259346008,0.21092841029167175
0187,./images/8/frame_00187.jpg,Normal,0.7322591543197632,0.40733858942985535,0.21147672832012177,0.7335799336433411,0.3997017741203308,0.2002224177122116,0.732833743095398,0.3972164988517761,0.2002120316028595,0.732029139995575,0.39460626244544983,0.20022185146808624,0.7360483407974243,0.4055041968822479,0.1954471915960312,0.7370438575744629,0.40717533230781555,0.19545701146125793,0.7380574345588684,0.4088532030582428,0.19538109004497528,0.7301976084709167,0.391316682100296,0.14755475521087646,0.7389731407165527,0.4114004373550415,0.1298137605190277,0.7290119528770447,0.4072202444076538,0.19851267337799072,0.7312164306640625,0.41421055793762207,0.19155967235565186,0.7034599781036377,0.3824766278266907,0.10723934322595596,0.7380756139755249,0.45245522260665894,0.08099568635225296,0.6706165671348572,0.4207867980003357,0.13616570830345154,0.7176755666732788,0.5020856857299805,0.1178327351808548,0.6721489429473877,0.45598462224006653,0.18840846419334412,0.7070635557174683,0.48902952671051025,0.2021750658750534,0.6712194681167603,0.46031880378723145,0.1864202916622162,0.7071534395217896,0.4866732358932495,0.20966167747974396,0.6769922971725464,0.4651101529598236,0.18441708385944366,0.7030612826347351,0.47870346903800964,0.2119280844926834,0.6786501407623291,0.46548575162887573,0.19128376245498657,0.7018032670021057,0.4766328036785126,0.20496943593025208,0.6570147275924683,0.48702681064605713,0.014644849114120007,0.6878770589828491,0.5234139561653137,-0.014908747747540474,0.6498379707336426,0.530996561050415,0.20298540592193604,0.6871215105056763,0.5893382430076599,0.16531047224998474,0.6397102475166321,0.6093246936798096,0.2466113567352295,0.6678123474121094,0.6572850942611694,0.20502324402332306,0.6360918283462524,0.6238082647323608,0.2529306411743164,0.663793683052063,0.6663443446159363,0.21093516051769257,0.6449574828147888,0.6034417748451233,0.26602810621261597,0.6885701417922974,0.6854946613311768,0.2154223620891571
0188,./images/8/frame_00188.jpg,Normal,0.732649564743042,0.40676605701446533,0.21022188663482666,0.7339743375778198,0.398912638425827,0.19871848821640015,0.7332242727279663,0.39651909470558167,0.19869780540466309,0.7324114441871643,0.39401936531066895,0.1986953467130661,0.73638916015625,0.4045353829860687,0.19414228200912476,0.7373526096343994,0.40615764260292053,0.19415512681007385,0.7383314967155457,0.4078434407711029,0.19407621026039124,0.73047935962677,0.39058274030685425,0.14680467545986176,0.7391660809516907,0.41009843349456787,0.1291004717350006,0.7294222116470337,0.40686771273612976,0.19652672111988068,0.7317303419113159,0.41351279616355896,0.19012126326560974,0.7020398378372192,0.38273894786834717,0.10732518136501312,0.7382007837295532,0.4522053301334381,0.07938680052757263,0.6693264842033386,0.4234389066696167,0.13299869000911713,0.7176511287689209,0.5026304721832275,0.12526145577430725,0.6695664525032043,0.4589293599128723,0.17635586857795715,0.7068060636520386,0.4923200309276581,0.22731849551200867,0.6675042510032654,0.46291422843933105,0.17629332840442657,0.7068159580230713,0.4904961884021759,0.23648829758167267,0.6727187037467957,0.4677633047103882,0.1796351969242096,0.7029814124107361,0.4826588034629822,0.23799626529216766,0.6747254133224487,0.4683280885219574,0.17832356691360474,0.7016701102256775,0.48034608364105225,0.2302185595035553,0.6566870212554932,0.4887956380844116,0.01663331314921379,0.6877177953720093,0.5244216322898865,-0.016896216198801994,0.6498492360115051,0.5309529900550842,0.20347711443901062,0.6876159906387329,0.5891885757446289,0.16546259820461273,0.6396986246109009,0.6090856790542603,0.264911413192749,0.6679779887199402,0.6566696763038635,0.22498273849487305,0.6367160081863403,0.6231791377067566,0.2734540104866028,0.6637356877326965,0.6662644147872925,0.23324529826641083,0.6473191976547241,0.6014440059661865,0.2906078100204468,0.6896015405654907,0.6836367845535278,0.2397497445344925
0189,./images/8/frame_00189.jpg,Normal,0.733458399772644,0.4050411581993103,0.2112838476896286,0.7348089814186096,0.3977380394935608,0.20025725662708282,0.7340763807296753,0.39543911814689636,0.20023751258850098,0.7332581281661987,0.3929862976074219,0.2002357542514801,0.7370867133140564,0.4029654562473297,0.19578449428081512,0.7379654049873352,0.40445706248283386,0.19580236077308655,0.7388640642166138,0.40601396560668945,0.1957213282585144,0.7311435341835022,0.38928642868995667,0.14953094720840454,0.7396107316017151,0.40782493352890015,0.12989148497581482,0.7304282188415527,0.4048950672149658,0.19672125577926636,0.7326549291610718,0.41144880652427673,0.19043651223182678,0.7016769647598267,0.38126295804977417,0.11310119926929474,0.7381948232650757,0.44859397411346436,0.08050075173377991,0.6693127751350403,0.4216199219226837,0.14625674486160278,0.7169885635375977,0.500409722328186,0.12889567017555237,0.6678964495658875,0.45886799693107605,0.20217454433441162,0.706405758857727,0.4918055236339569,0.22706151008605957,0.6656050682067871,0.4630475640296936,0.20405228435993195,0.7065049409866333,0.4903627634048462,0.2352142035961151,0.6699993014335632,0.4679209291934967,0.20824404060840607,0.7026205658912659,0.4828825294971466,0.23588642477989197,0.6719673871994019,0.46847003698349,0.2042805254459381,0.7013708353042603,0.48058074712753296,0.22950167953968048,0.6568504571914673,0.48614904284477234,0.018197230994701385,0.6877006888389587,0.5215873122215271,-0.018413038924336433,0.6501350998878479,0.5303338170051575,0.20259538292884827,0.6865423917770386,0.5877196788787842,0.15131565928459167,0.6396816372871399,0.6090219020843506,0.26797565817832947,0.6680130362510681,0.6568944454193115,0.21066829562187195,0.6367396712303162,0.6236226558685303,0.27665260434150696,0.6638129949569702,0.6662150621414185,0.21876582503318787,0.6481119990348816,0.6030842661857605,0.288986474275589,0.6901989579200745,0.6866466403007507,0.21749325096607208
0190,./images/8/frame_00190.jpg,Normal,0.7339485883712769,0.4033735394477844,0.21073822677135468,0.7353051900863647,0.3959214985370636,0.19938671588897705,0.7345700263977051,0.39356374740600586,0.1993623822927475,0.7337380647659302,0.39110612869262695,0.19935524463653564,0.7375738620758057,0.401337206363678,0.19498991966247559,0.7384423017501831,0.4028884470462799,0.19500671327114105,0.7393223643302917,0.40452462434768677,0.19492538273334503,0.7316495776176453,0.3875953257083893,0.14880366623401642,0.7400147318840027,0.40638241171836853,0.12898467481136322,0.7311090230941772,0.4029778242111206,0.19595280289649963,0.7334468364715576,0.4096832275390625,0.18983593583106995,0.7017309665679932,0.37961527705192566,0.11315210908651352,0.738614559173584,0.44804370403289795,0.08000272512435913,0.6691794991493225,0.42151352763175964,0.14040490984916687,0.7170284390449524,0.5004914402961731,0.12501542270183563,0.6611819267272949,0.46453553438186646,0.18996527791023254,0.7043089866638184,0.5003700256347656,0.21782831847667694,0.657656729221344,0.4703696668148041,0.19140088558197021,0.7036412954330444,0.501011073589325,0.22548100352287292,0.6610863208770752,0.4757136404514313,0.19623687863349915,0.6992554068565369,0.4945555329322815,0.22689524292945862,0.6633418798446655,0.4750092923641205,0.1921626776456833,0.6984899640083313,0.4917803406715393,0.22040167450904846,0.6569436192512512,0.48603957891464233,0.018339291214942932,0.6876757740974426,0.5215745568275452,-0.018556516617536545,0.6509319543838501,0.5308108925819397,0.19888147711753845,0.6868443489074707,0.5870813727378845,0.15600404143333435,0.6396520137786865,0.6087431311607361,0.2690846621990204,0.6685067415237427,0.6567310094833374,0.22846515476703644,0.6370252370834351,0.6233066916465759,0.2782534062862396,0.6640216112136841,0.6661939024925232,0.23792941868305206,0.6486757397651672,0.6025423407554626,0.2912532091140747,0.6910795569419861,0.686278223991394,0.24041517078876495
0191,./images/8/frame_00191.jpg,Normal,0.7347435355186462,0.39999017119407654,0.2272660732269287,0.7358978390693665,0.39309006929397583,0.2174244374036789,0.7350444793701172,0.39082759618759155,0.21740980446338654,0.7340930700302124,0.38839513063430786,0.21741899847984314,0.738349199295044,0.3981949985027313,0.21291697025299072,0.7392123937606812,0.39967575669288635,0.2129288911819458,0.7400885820388794,0.40121757984161377,0.21283495426177979,0.7317346930503845,0.3853844106197357,0.16914016008377075,0.7405102849006653,0.40383708477020264,0.14838175475597382,0.7316110134124756,0.39976534247398376,0.21255573630332947,0.7342023253440857,0.40642309188842773,0.20629379153251648,0.7017101049423218,0.3786776661872864,0.13306833803653717,0.7392520308494568,0.44578322768211365,0.0897287130355835,0.6693918108940125,0.4187617003917694,0.15122081339359283,0.7183185815811157,0.49868452548980713,0.13076314330101013,0.661320149898529,0.46410512924194336,0.1913681924343109,0.7057202458381653,0.4996718168258667,0.22408588230609894,0.657912015914917,0.4700363874435425,0.19178175926208496,0.7048072218894958,0.4998844265937805,0.23107489943504333,0.6620000004768372,0.47580277919769287,0.19614455103874207,0.6999486684799194,0.4933634102344513,0.23223993182182312,0.6642671823501587,0.4749130308628082,0.19295157492160797,0.6992071866989136,0.490652471780777,0.2265501320362091,0.6569307446479797,0.4836316406726837,0.02089599333703518,0.6877527832984924,0.5166396498680115,-0.021122848615050316,0.6508654356002808,0.5308602452278137,0.19632165133953094,0.6879332661628723,0.5848562717437744,0.1398567259311676,0.6395266652107239,0.6086418628692627,0.24184611439704895,0.6689892411231995,0.6581011414527893,0.1848120242357254,0.6367484927177429,0.6238270401954651,0.24703219532966614,0.6651540398597717,0.6670376658439636,0.19011572003364563,0.6486403346061707,0.6049125790596008,0.25458306074142456,0.6916927099227905,0.6893855333328247,0.18639306724071503
0192,./images/8/frame_00192.jpg,Normal,0.7353599667549133,0.3982641398906708,0.2212449610233307,0.7364614605903625,0.3910800814628601,0.21163932979106903,0.7355886697769165,0.3889153301715851,0.2116198092699051,0.7346146702766418,0.38666313886642456,0.21162104606628418,0.7389246821403503,0.39617690443992615,0.20694348216056824,0.7397542595863342,0.3976678252220154,0.20695869624614716,0.7405635714530945,0.39923885464668274,0.20686981081962585,0.732014536857605,0.3841400146484375,0.16515402495861053,0.7406417727470398,0.4014950692653656,0.1432533711194992,0.7321192026138306,0.39813661575317383,0.20697841048240662,0.7349718809127808,0.40474188327789307,0.200544074177742,0.7013181447982788,0.3780994117259979,0.12817667424678802,0.7397980690002441,0.444272518157959,0.0877571702003479,0.6690953373908997,0.4187481701374054,0.14420780539512634,0.718511700630188,0.49524497985839844,0.12612058222293854,0.6602439284324646,0.4655914008617401,0.1874302178621292,0.7054995894432068,0.4970647096633911,0.2198462039232254,0.6566418409347534,0.47206926345825195,0.19136878848075867,0.7046593427658081,0.4976544976234436,0.2291094809770584,0.6610779762268066,0.47818106412887573,0.19404327869415283,0.6996643543243408,0.49004799127578735,0.22948698699474335,0.6634794473648071,0.4769860506057739,0.18989863991737366,0.6988404989242554,0.4871305227279663,0.22457078099250793,0.6570965051651001,0.4833854138851166,0.02076333574950695,0.6877593994140625,0.5154250264167786,-0.021001704037189484,0.6508430242538452,0.5315916538238525,0.19545288383960724,0.6881445050239563,0.5848945379257202,0.14258167147636414,0.6395312547683716,0.6127163767814636,0.23395368456840515,0.6691438555717468,0.6588351130485535,0.1836993247270584,0.6364763975143433,0.6266115307807922,0.23845238983631134,0.6651850938796997,0.6687601804733276,0.1887464076280594,0.6481143236160278,0.6130220293998718,0.24421226978302002,0.6914428472518921,0.6923360824584961,0.18540015816688538
0193,./images/8/frame_00193.jpg,Normal,0.7354862689971924,0.39579564332962036,0.22171470522880554,0.736566960811615,0.3893091380596161,0.21146997809410095,0.7357423901557922,0.3873006999492645,0.2114526927471161,0.734826385974884,0.38516393303871155,0.21145117282867432,0.738942563533783,0.39374229311943054,0.20713834464550018,0.7397558689117432,0.394947350025177,0.20715752243995667,0.7405544519424438,0.3962058126926422,0.20707383751869202,0.7324406504631042,0.3826446235179901,0.16231051087379456,0.7406415939331055,0.3980647325515747,0.14216357469558716,0.7324932813644409,0.39586159586906433,0.20679569244384766,0.735139012336731,0.40145790576934814,0.20074203610420227,0.7013825178146362,0.3763214945793152,0.12647607922554016,0.7401294112205505,0.44109636545181274,0.08907361328601837,0.6691833734512329,0.415128231048584,0.149562269449234,0.719084620475769,0.4921831488609314,0.13122430443763733,0.6597793698310852,0.4655858278274536,0.20313692092895508,0.7025863528251648,0.4945037066936493,0.22753603756427765,0.6559352874755859,0.4723700284957886,0.20589902997016907,0.7013357877731323,0.49555566906929016,0.23646053671836853,0.6601760387420654,0.47837379574775696,0.21080926060676575,0.6965616941452026,0.48846936225891113,0.2372715175151825,0.6626477837562561,0.47709065675735474,0.20543722808361053,0.6958639621734619,0.4855392873287201,0.2301945686340332,0.6577663421630859,0.4815864861011505,0.020635660737752914,0.6877478361129761,0.5130539536476135,-0.020879236981272697,0.6496180891990662,0.5316144824028015,0.1861068606376648,0.687321662902832,0.5840681791305542,0.14097590744495392,0.6395035982131958,0.6146413087844849,0.2400902509689331,0.6688189506530762,0.6583017706871033,0.19416163861751556,0.6364486217498779,0.6268073916435242,0.24660837650299072,0.6647988557815552,0.6671876907348633,0.2003733366727829,0.6480342149734497,0.6133840084075928,0.25496071577072144,0.6913336515426636,0.6912580132484436,0.19958892464637756
0194,./images/8/frame_00194.jpg,Normal,0.7355469465255737,0.3951336443424225,0.22377271950244904,0.7366049289703369,0.3881657123565674,0.21524150669574738,0.7357458472251892,0.3859674632549286,0.21522244811058044,0.7348050475120544,0.3836595416069031,0.2152140587568283,0.7391303777694702,0.39313173294067383,0.21044889092445374,0.7399939894676208,0.3944975435733795,0.21046331524848938,0.7408254742622375,0.39591243863105774,0.21038413047790527,0.7324180603027344,0.38105592131614685,0.1708403080701828,0.7407914400100708,0.39788880944252014,0.14856402575969696,0.7324361205101013,0.39512354135513306,0.21003074944019318,0.7352782487869263,0.40112006664276123,0.20343908667564392,0.7011922597885132,0.37520599365234375,0.13101275265216827,0.7403789162635803,0.43935713171958923,0.09078430384397507,0.6691091060638428,0.4140092730522156,0.13266128301620483,0.7212164402008057,0.4888171851634979,0.10094121843576431,0.6596828699111938,0.4663046896457672,0.1509891152381897,0.7034589648246765,0.4896930158138275,0.14738871157169342,0.6560220718383789,0.4736007750034332,0.147403746843338,0.7018362283706665,0.4897741973400116,0.1494433879852295,0.6609120965003967,0.4800245463848114,0.15269649028778076,0.6967681050300598,0.4818786084651947,0.15195739269256592,0.6633292436599731,0.4782932996749878,0.15220937132835388,0.6961194276809692,0.4791153371334076,0.1490977704524994,0.657927930355072,0.4798164367675781,0.020030329003930092,0.6885672807693481,0.5112261176109314,-0.02031574584543705,0.6496402025222778,0.5334995985031128,0.18436917662620544,0.6883100867271423,0.5841047763824463,0.13896147906780243,0.6394246816635132,0.6155884861946106,0.20191097259521484,0.6689152717590332,0.6584067940711975,0.16285547614097595,0.636016845703125,0.6280035376548767,0.20345214009284973,0.6647647023200989,0.6681337356567383,0.16549131274223328,0.645593523979187,0.6207191348075867,0.20424287021160126,0.6884899139404297,0.6918994784355164,0.1587563455104828
0195,./images/8/frame_00195.jpg,Normal,0.7355759143829346,0.39316561818122864,0.22620105743408203,0.7365871071815491,0.3860897421836853,0.21643762290477753,0.735721230506897,0.38396862149238586,0.21641775965690613,0.7347789406776428,0.3817269504070282,0.21641187369823456,0.7391437292098999,0.39064881205558777,0.21217334270477295,0.740021288394928,0.39184510707855225,0.21219389140605927,0.7408686876296997,0.3930955231189728,0.21211151778697968,0.7323487997055054,0.3791857957839966,0.1687081754207611,0.7408273816108704,0.3950660228729248,0.1489696204662323,0.7324090003967285,0.3933267891407013,0.21172985434532166,0.7354049682617188,0.3989325165748596,0.20579791069030762,0.7011456489562988,0.3734278678894043,0.1283039152622223,0.7409840822219849,0.4382822811603546,0.09253137558698654,0.6689341068267822,0.41241171956062317,0.13449594378471375,0.7218849658966064,0.48984023928642273,0.11052358150482178,0.6580550074577332,0.46609705686569214,0.1650310456752777,0.7036615014076233,0.4895693063735962,0.17343522608280182,0.6542009711265564,0.4731265604496002,0.1620250642299652,0.7019191384315491,0.4895116686820984,0.17877420783042908,0.6589395999908447,0.4794279634952545,0.17109329998493195,0.6970238089561462,0.4818435311317444,0.18123558163642883,0.6614869236946106,0.4778785705566406,0.16763001680374146,0.6963146924972534,0.479104608297348,0.17633767426013947,0.6578884720802307,0.4790690541267395,0.017774295061826706,0.6885265707969666,0.5108684301376343,-0.01805373653769493,0.6496156454086304,0.5342189073562622,0.1828068494796753,0.6883059740066528,0.5824050307273865,0.14052513241767883,0.6391789317131042,0.6159592270851135,0.2201046198606491,0.6696010828018188,0.6582058668136597,0.17768794298171997,0.6360138654708862,0.6306648254394531,0.22465570271015167,0.6655997037887573,0.6673178672790527,0.18085265159606934,0.6455162763595581,0.620046079158783,0.23017597198486328,0.6885073184967041,0.6915204524993896,0.17148801684379578
0196,./images/8/frame_00196.jpg,Normal,0.7360694408416748,0.3900607228279114,0.22602729499340057,0.7367559671401978,0.3832894265651703,0.21479257941246033,0.7357839345932007,0.38128551840782166,0.21477635204792023,0.7347742319107056,0.3791711926460266,0.21477551758289337,0.7395588755607605,0.3874921202659607,0.21085169911384583,0.7404950857162476,0.3886086046695709,0.2108726054430008,0.7414022088050842,0.38978058099746704,0.21079030632972717,0.7321984767913818,0.3770095109939575,0.1662801206111908,0.7413517832756042,0.3926791250705719,0.14546096324920654,0.7327641248703003,0.390312522649765,0.21044278144836426,0.7361724376678467,0.3958407938480377,0.20482377707958221,0.7001088857650757,0.373240202665329,0.12456487119197845,0.7421327829360962,0.43691807985305786,0.09045399725437164,0.6677600741386414,0.41198569536209106,0.14478182792663574,0.7228335738182068,0.4901579022407532,0.13043367862701416,0.6570925116539001,0.4621340036392212,0.21022585034370422,0.7033659219741821,0.48989835381507874,0.23238472640514374,0.653865396976471,0.46930521726608276,0.21383850276470184,0.7012162208557129,0.48979997634887695,0.24314048886299133,0.6577300429344177,0.4762671887874603,0.21930912137031555,0.6960994601249695,0.48298826813697815,0.24484650790691376,0.6599904894828796,0.4749213755130768,0.21294835209846497,0.6956459879875183,0.480300635099411,0.23546843230724335,0.6579071879386902,0.47898611426353455,0.017046771943569183,0.6887100338935852,0.5113025903701782,-0.017302406951785088,0.6497129797935486,0.5346618890762329,0.18131154775619507,0.6878505945205688,0.5770760774612427,0.1434846669435501,0.6389966607093811,0.6164259314537048,0.22653131186962128,0.6699075698852539,0.6579985022544861,0.20757250487804413,0.6359833478927612,0.631891131401062,0.22656318545341492,0.6661540269851685,0.667130172252655,0.21539750695228577,0.6455379724502563,0.6185163259506226,0.24461019039154053,0.6886874437332153,0.6865870356559753,0.21935513615608215
0197,./images/8/frame_00197.jpg,Normal,0.7360273599624634,0.3879851996898651,0.22811982035636902,0.7367361187934875,0.38106027245521545,0.21821574866771698,0.7357699871063232,0.3791111707687378,0.21819663047790527,0.7347660064697266,0.3770597279071808,0.21819135546684265,0.7395461797714233,0.38511937856674194,0.21357397735118866,0.7404906749725342,0.3861920237541199,0.2135884016752243,0.7414082288742065,0.3873229920864105,0.21348829567432404,0.7321224212646484,0.3752187490463257,0.16961871087551117,0.7413455247879028,0.39008069038391113,0.14761969447135925,0.7327184677124023,0.38842523097991943,0.21281127631664276,0.7361122965812683,0.3937476575374603,0.20643822848796844,0.6986827254295349,0.3731963336467743,0.12632465362548828,0.7424649596214294,0.4353613257408142,0.08706477284431458,0.6668552756309509,0.412389874458313,0.11705692857503891,0.7246313095092773,0.4883368909358978,0.0814400464296341,0.6573549509048462,0.4614573121070862,0.12377794831991196,0.7062414884567261,0.487739235162735,0.11741483211517334,0.6537458896636963,0.46928101778030396,0.11929917335510254,0.7034048438072205,0.4872671365737915,0.11770741641521454,0.6584474444389343,0.4762422740459442,0.12454283237457275,0.6982964873313904,0.48052719235420227,0.12226779758930206,0.6608210802078247,0.4748154580593109,0.12472447007894516,0.6979740858078003,0.47785940766334534,0.119725801050663,0.6578269600868225,0.47915446758270264,0.01869652047753334,0.6887763738632202,0.5118186473846436,-0.01902284100651741,0.6496617197990417,0.5356862545013428,0.18498872220516205,0.6893764734268188,0.5776291489601135,0.14500942826271057,0.6387143731117249,0.6165946125984192,0.21986162662506104,0.6700820922851562,0.6579870581626892,0.18235374987125397,0.6353245973587036,0.6315780878067017,0.2219848334789276,0.6661472916603088,0.6668393611907959,0.18597394227981567,0.6453155875205994,0.617787778377533,0.22659805417060852,0.6868589520454407,0.6696591973304749,0.18155983090400696
0198,./images/8/frame_00198.jpg,Normal,0.7360141277313232,0.38514626026153564,0.23684418201446533,0.736724853515625,0.37822410464286804,0.2286282330751419,0.7357590198516846,0.37629109621047974,0.22862502932548523,0.7347352504730225,0.37427860498428345,0.2286251336336136,0.739575982093811,0.38223326206207275,0.22266952693462372,0.7405175566673279,0.3832855522632599,0.22266538441181183,0.7414240837097168,0.3843953311443329,0.22257570922374725,0.731981635093689,0.3727239966392517,0.1815451681613922,0.7413336634635925,0.3869495093822479,0.15432055294513702,0.7327061295509338,0.3854598104953766,0.2216588705778122,0.7361154556274414,0.39105647802352905,0.2137119024991989,0.6988675594329834,0.3702220022678375,0.14546480774879456,0.742345929145813,0.4292580485343933,0.08695945888757706,0.6669453978538513,0.4072709083557129,0.14975179731845856,0.7284778356552124,0.48479172587394714,0.09769870340824127,0.6579335331916809,0.4548231363296509,0.17608992755413055,0.7073039412498474,0.482845276594162,0.15465041995048523,0.6544288396835327,0.46297577023506165,0.1757456511259079,0.7042392492294312,0.48240649700164795,0.15699046850204468,0.6590554714202881,0.4686759114265442,0.18072547018527985,0.6994267106056213,0.47665783762931824,0.15783564746379852,0.6613930463790894,0.46636658906936646,0.1770876944065094,0.6993780136108398,0.4742768704891205,0.1551211178302765,0.6580833196640015,0.47714895009994507,0.023092547431588173,0.6889515519142151,0.5073138475418091,-0.023405183106660843,0.6496562957763672,0.5362880825996399,0.17775322496891022,0.6893150806427002,0.5785070061683655,0.12173402309417725,0.6387119293212891,0.6165425777435303,0.19661377370357513,0.6709109544754028,0.6580023169517517,0.14647409319877625,0.6351916790008545,0.6313974857330322,0.19773462414741516,0.66719651222229,0.666828989982605,0.1489965170621872,0.6451747417449951,0.6195698976516724,0.196695476770401,0.6874905228614807,0.6821849942207336,0.13971057534217834
0199,./images/8/frame_00199.jpg,Normal,0.7359870672225952,0.3838024139404297,0.23851294815540314,0.7366048097610474,0.37622368335723877,0.22867777943611145,0.7355629801750183,0.37407004833221436,0.228657528758049,0.7344303131103516,0.3718692660331726,0.2286442220211029,0.7395530939102173,0.38080379366874695,0.22413969039916992,0.740511417388916,0.381998747587204,0.2241511344909668,0.7414082288742065,0.3832519054412842,0.22405076026916504,0.7314964532852173,0.37039223313331604,0.17766711115837097,0.7413255572319031,0.3863357603549957,0.15676483511924744,0.7326252460479736,0.383999764919281,0.22245338559150696,0.7360652089118958,0.3901834189891815,0.21637780964374542,0.6987165808677673,0.370177686214447,0.13698573410511017,0.7427533268928528,0.4312998056411743,0.09153273701667786,0.6657549738883972,0.40791070461273193,0.11861717700958252,0.7270826697349548,0.4863032400608063,0.09618492424488068,0.658130943775177,0.4558148980140686,0.12068884074687958,0.7078996300697327,0.484133780002594,0.14026319980621338,0.6538102030754089,0.46453970670700073,0.11513201892375946,0.7053988575935364,0.48361414670944214,0.1416013240814209,0.6590232849121094,0.47113198041915894,0.12147925794124603,0.7003150582313538,0.4765879213809967,0.14580582082271576,0.6615740060806274,0.4690939486026764,0.12193290144205093,0.6999543905258179,0.4739986062049866,0.14228054881095886,0.6577736139297485,0.47903043031692505,0.022904660552740097,0.6890274286270142,0.5089185833930969,-0.023295842111110687,0.6498331427574158,0.5362567901611328,0.1963939666748047,0.6872692704200745,0.5788620710372925,0.1510275900363922,0.6381988525390625,0.614747166633606,0.20975950360298157,0.6711931228637695,0.6581957340240479,0.1651918739080429,0.6351518034934998,0.63133305311203,0.21627938747406006,0.667487382888794,0.6668495535850525,0.17372453212738037,0.6451875567436218,0.6120874881744385,0.2222258597612381,0.6898616552352905,0.6851003170013428,0.17133285105228424
0200,./images/8/frame_00200.jpg,Normal,0.7359992265701294,0.38311317563056946,0.2413361370563507,0.7365915179252625,0.3754609525203705,0.230916827917099,0.7354969382286072,0.37327224016189575,0.2308996170759201,0.7342804670333862,0.3710351288318634,0.23089388012886047,0.7395393252372742,0.38016727566719055,0.2269098460674286,0.7405000329017639,0.38138553500175476,0.2269267737865448,0.7414016127586365,0.38262268900871277,0.22682492434978485,0.731157660484314,0.3697413206100464,0.17904458940029144,0.7413233518600464,0.38560935854911804,0.16054004430770874,0.7325958609580994,0.38313814997673035,0.22513973712921143,0.7361294627189636,0.38940301537513733,0.2196865975856781,0.6988145112991333,0.3691181242465973,0.1342788189649582,0.7432056069374084,0.43243199586868286,0.09618658572435379,0.665969729423523,0.4078081250190735,0.12307492643594742,0.728451669216156,0.4871736764907837,0.10078871250152588,0.6567168235778809,0.4547881782054901,0.13697725534439087,0.7090449929237366,0.4848845303058624,0.15493230521678925,0.6526299715042114,0.4629364311695099,0.13267888128757477,0.7065719366073608,0.48439544439315796,0.157341867685318,0.6578221321105957,0.4701922833919525,0.13895735144615173,0.7010258436203003,0.47739794850349426,0.16104549169540405,0.6605168581008911,0.4683944582939148,0.1384894847869873,0.7006168961524963,0.4748077690601349,0.15715894103050232,0.6577918529510498,0.4791296720504761,0.021359462291002274,0.6892905831336975,0.5095269083976746,-0.021749574691057205,0.6498755216598511,0.5361630916595459,0.1961878091096878,0.6884780526161194,0.5804993510246277,0.1506863832473755,0.6382194757461548,0.6160217523574829,0.21552100777626038,0.6711440682411194,0.6583359837532043,0.16790005564689636,0.6352180242538452,0.6311184167861938,0.22236290574073792,0.6672813892364502,0.6673406958580017,0.17872168123722076,0.6452767848968506,0.6103432774543762,0.22932708263397217,0.6896839141845703,0.686547040939331,0.17956553399562836
0201,./images/8/frame_00201.jpg,Normal,0.7359830141067505,0.3813075125217438,0.2453220635652542,0.7364916801452637,0.37342602014541626,0.2352471798658371,0.735344409942627,0.3713335394859314,0.23523446917533875,0.7340816855430603,0.36926478147506714,0.23523283004760742,0.739517092704773,0.3780072033405304,0.2307155430316925,0.7404866218566895,0.37919095158576965,0.23073697090148926,0.7413963675498962,0.38041824102401733,0.23063239455223083,0.7307837009429932,0.3684408366680145,0.18401680886745453,0.7412490844726562,0.3834495544433594,0.16316033899784088,0.732437789440155,0.38125067949295044,0.2294166088104248,0.7361165285110474,0.387349396944046,0.22318270802497864,0.6985799670219421,0.3684999644756317,0.13968926668167114,0.7431517839431763,0.43091362714767456,0.09947256743907928,0.6660226583480835,0.4081505537033081,0.1449798047542572,0.7280024290084839,0.4863833487033844,0.12750829756259918,0.6580713987350464,0.4552176594734192,0.17817294597625732,0.7085394263267517,0.48514726758003235,0.21069569885730743,0.6530085206031799,0.46331435441970825,0.17690198123455048,0.7055882215499878,0.4857102334499359,0.21761159598827362,0.6580516695976257,0.4708704948425293,0.1834753453731537,0.6995263695716858,0.47981545329093933,0.21966448426246643,0.6607385873794556,0.4689459800720215,0.18013925850391388,0.6992287635803223,0.4768088757991791,0.2132919728755951,0.6578145623207092,0.4791576862335205,0.020388374105095863,0.6894447207450867,0.5097787380218506,-0.020743688568472862,0.6500812768936157,0.5361036658287048,0.18854232132434845,0.6889342665672302,0.5806097388267517,0.14774498343467712,0.638039767742157,0.6182888746261597,0.22438490390777588,0.6711503267288208,0.6584007740020752,0.18932031095027924,0.6347059011459351,0.6329717636108398,0.2310570478439331,0.6671873927116394,0.6677290201187134,0.19721630215644836,0.6453105211257935,0.6093437671661377,0.23781821131706238,0.6901975274085999,0.6871328949928284,0.1955302357673645
0202,./images/8/frame_00202.jpg,Normal,0.7353880405426025,0.3788225054740906,0.2405591756105423,0.7360068559646606,0.3706134855747223,0.23118439316749573,0.7348146438598633,0.36866530776023865,0.23116227984428406,0.7335473299026489,0.36677414178848267,0.2311437875032425,0.739197850227356,0.3749227225780487,0.22692742943763733,0.7401995658874512,0.37601569294929504,0.22695378959178925,0.7411373853683472,0.3771330416202545,0.226864293217659,0.7304924130439758,0.3665923774242401,0.1825200915336609,0.7410082221031189,0.38015857338905334,0.1594015657901764,0.7315930724143982,0.37939566373825073,0.22526660561561584,0.7356323599815369,0.38522982597351074,0.2193268984556198,0.6981026530265808,0.36789703369140625,0.13695070147514343,0.7430747151374817,0.4278583526611328,0.09066168963909149,0.6660367846488953,0.4065069854259491,0.15377840399742126,0.7276785969734192,0.4854152798652649,0.12567171454429626,0.6580904722213745,0.4530848562717438,0.2001412808895111,0.7082868814468384,0.4849920868873596,0.22311654686927795,0.6541394591331482,0.46039700508117676,0.2026473730802536,0.7055221796035767,0.48527565598487854,0.23221778869628906,0.6590859889984131,0.4672771990299225,0.20788392424583435,0.6995474696159363,0.47968000173568726,0.23457255959510803,0.6615291237831116,0.4657936096191406,0.20218941569328308,0.6992258429527283,0.47687914967536926,0.22632677853107452,0.6577507257461548,0.47840508818626404,0.02186431735754013,0.6894460320472717,0.5087351202964783,-0.022161299362778664,0.6501826047897339,0.5359554290771484,0.18794889748096466,0.6873540878295898,0.5781691074371338,0.13915155827999115,0.6381649971008301,0.6177833676338196,0.22467350959777832,0.6710957884788513,0.6585030555725098,0.18084171414375305,0.6347866654396057,0.6325141191482544,0.2301383763551712,0.6666857004165649,0.6679622530937195,0.18681198358535767,0.6461571455001831,0.6097440719604492,0.23789724707603455,0.6902827620506287,0.6876636147499084,0.1865774691104889
0203,./images/8/frame_00203.jpg,Normal,0.7349165678024292,0.37905535101890564,0.21991905570030212,0.7354601621627808,0.370696097612381,0.20988202095031738,0.7342512011528015,0.3685916066169739,0.2098572701215744,0.7329797148704529,0.36655670404434204,0.20984752476215363,0.7386900186538696,0.3752883970737457,0.20435526967048645,0.7396896481513977,0.37638747692108154,0.2043672502040863,0.740632176399231,0.37752801179885864,0.20425944030284882,0.7300118207931519,0.36580991744995117,0.16149990260601044,0.740615725517273,0.3799547851085663,0.13558192551136017,0.7308855652809143,0.3788500130176544,0.205359548330307,0.7351551651954651,0.3849283754825592,0.19783660769462585,0.6974239945411682,0.3674164116382599,0.12463114410638809,0.7430205941200256,0.42854490876197815,0.07346030324697495,0.6661357283592224,0.4070597290992737,0.13753153383731842,0.7277045845985413,0.48546117544174194,0.09822534769773483,0.662196695804596,0.4530204236507416,0.16741597652435303,0.7091839909553528,0.4804416596889496,0.1749984472990036,0.6596415638923645,0.4598870277404785,0.16876062750816345,0.7072147130966187,0.4795456826686859,0.1805342137813568,0.6652336120605469,0.46559011936187744,0.1734621673822403,0.7022417783737183,0.4728267192840576,0.18531595170497894,0.6675065159797668,0.46454060077667236,0.1690860539674759,0.7015103697776794,0.4704420268535614,0.1785164773464203,0.6575506329536438,0.47955209016799927,0.022293517366051674,0.6894348859786987,0.5091091394424438,-0.022599168121814728,0.6502121686935425,0.5359230041503906,0.19946958124637604,0.6872948408126831,0.5785560011863708,0.146718829870224,0.6382508277893066,0.6175205707550049,0.23600682616233826,0.6709363460540771,0.658501923084259,0.1880258470773697,0.6347997784614563,0.632213830947876,0.24086478352546692,0.6660007238388062,0.6679532527923584,0.1936568319797516,0.646876335144043,0.6098489761352539,0.2506038546562195,0.6898820400238037,0.6876397728919983,0.1941707879304886
0204,./images/8/frame_00204.jpg,Normal,0.7347479462623596,0.3780815899372101,0.22175030410289764,0.7351795434951782,0.3695560097694397,0.2125391662120819,0.7339566946029663,0.3673913776874542,0.21252043545246124,0.7326747179031372,0.36529022455215454,0.21251383423805237,0.7384383678436279,0.3742449879646301,0.2077021598815918,0.7394469380378723,0.37533822655677795,0.207712322473526,0.7404043078422546,0.37646782398223877,0.20761922001838684,0.7296882271766663,0.36444124579429626,0.16385722160339355,0.7403424978256226,0.3788793683052063,0.13983772695064545,0.7307310700416565,0.37789446115493774,0.20723053812980652,0.7350239157676697,0.3840992748737335,0.20079553127288818,0.6969190835952759,0.36593082547187805,0.12478776276111603,0.7430001497268677,0.42761683464050293,0.07770080864429474,0.6661491394042969,0.4074286222457886,0.13627007603645325,0.7274606823921204,0.4850277006626129,0.10198106616735458,0.662908136844635,0.45333564281463623,0.16571633517742157,0.7089264392852783,0.48145759105682373,0.17713187634944916,0.6601948738098145,0.4603653848171234,0.16695548593997955,0.7070515155792236,0.4806402921676636,0.18277637660503387,0.6659820079803467,0.46612027287483215,0.17210349440574646,0.7020291090011597,0.4740450978279114,0.18687140941619873,0.6684446334838867,0.4650832712650299,0.16757914423942566,0.7013081312179565,0.4716534912586212,0.18037459254264832,0.6575478315353394,0.47976061701774597,0.022109124809503555,0.6894254088401794,0.5091434717178345,-0.02240377850830555,0.6501179933547974,0.5341693162918091,0.1995045244693756,0.6867533922195435,0.5780344605445862,0.14973251521587372,0.6383556127548218,0.6161074042320251,0.2463773787021637,0.6709297895431519,0.658616304397583,0.20279574394226074,0.634827196598053,0.6319761872291565,0.25230878591537476,0.6653602719306946,0.668633759021759,0.20939500629901886,0.6482837796211243,0.6093409061431885,0.2637788653373718,0.6851611733436584,0.6701093912124634,0.21088847517967224
0205,./images/8/frame_00205.jpg,Normal,0.734031081199646,0.37780678272247314,0.2257491797208786,0.734390139579773,0.3692645728588104,0.21307985484600067,0.73320072889328,0.36707615852355957,0.21307256817817688,0.7319434881210327,0.3649034798145294,0.21307680010795593,0.7375848293304443,0.37386223673820496,0.20813989639282227,0.7385899424552917,0.3749019205570221,0.20816047489643097,0.7395774126052856,0.375960111618042,0.20805129408836365,0.7289915084838867,0.36379876732826233,0.1645660400390625,0.7397624254226685,0.37823402881622314,0.14138738811016083,0.730151891708374,0.3777318596839905,0.20997247099876404,0.7342020869255066,0.38366299867630005,0.20301397144794464,0.6964995861053467,0.3657267987728119,0.12553103268146515,0.7429755926132202,0.427428662776947,0.07836101949214935,0.6657560467720032,0.4085002541542053,0.15596242249011993,0.7272964715957642,0.48511797189712524,0.1321517378091812,0.6628260016441345,0.4535004794597626,0.21852871775627136,0.7087339162826538,0.48211488127708435,0.2441004067659378,0.6599794626235962,0.46221429109573364,0.22349007427692413,0.7069898247718811,0.48100292682647705,0.2558402419090271,0.6654000282287598,0.46762245893478394,0.22939100861549377,0.7019947171211243,0.47431260347366333,0.25821876525878906,0.6679013967514038,0.46699121594429016,0.2213803231716156,0.7011120319366455,0.4717969298362732,0.24756363034248352,0.6575158834457397,0.48077309131622314,0.02195155993103981,0.6894491910934448,0.509434700012207,-0.02222857065498829,0.6504479050636292,0.5343648195266724,0.19811874628067017,0.6867663264274597,0.5780686736106873,0.1506044566631317,0.6383113265037537,0.612683892250061,0.2644994854927063,0.6709600687026978,0.6592200994491577,0.22271284461021423,0.6348333358764648,0.6318961977958679,0.27327463030815125,0.6651089191436768,0.6701310276985168,0.23211543262004852,0.648250937461853,0.6094287037849426,0.2876431345939636,0.6910122036933899,0.6764807105064392,0.2357761561870575
0206,./images/8/frame_00206.jpg,Normal,0.7339283227920532,0.3762105405330658,0.2259962558746338,0.734233021736145,0.3676825761795044,0.21346493065357208,0.7330374121665955,0.3654514253139496,0.21344754099845886,0.7317780256271362,0.36322683095932007,0.2134266197681427,0.7374395132064819,0.37251123785972595,0.20897269248962402,0.7384423017501831,0.37368032336235046,0.20899105072021484,0.7394322156906128,0.3748568594455719,0.2088898867368698,0.7287364602088928,0.36220964789390564,0.1652470976114273,0.7394930720329285,0.37726444005966187,0.14236882328987122,0.7300381660461426,0.3760637938976288,0.21007296442985535,0.7341123819351196,0.382384717464447,0.20358805358409882,0.6965874433517456,0.36444422602653503,0.12576018273830414,0.7429349422454834,0.42462798953056335,0.08004198968410492,0.6657058000564575,0.4071977436542511,0.15086708962917328,0.7275687456130981,0.48328331112861633,0.12452367693185806,0.6626681685447693,0.4526340067386627,0.1948704570531845,0.7086136341094971,0.48074740171432495,0.21804507076740265,0.6589800119400024,0.46240055561065674,0.1957467794418335,0.7061505317687988,0.48025861382484436,0.22720345854759216,0.6641284227371216,0.46792393922805786,0.20124869048595428,0.7009308934211731,0.4741421639919281,0.2300318032503128,0.6666190028190613,0.46711528301239014,0.19678865373134613,0.700357973575592,0.4715512692928314,0.22130179405212402,0.6572612524032593,0.48077714443206787,0.021785439923405647,0.6890019178390503,0.5095915198326111,-0.022067224606871605,0.6503397226333618,0.5343809127807617,0.19099485874176025,0.6865310668945312,0.5781235098838806,0.14524926245212555,0.637057900428772,0.6119616031646729,0.26296019554138184,0.6705467700958252,0.6617178320884705,0.21613740921020508,0.6336820125579834,0.6317178606987,0.26879674196243286,0.6647634506225586,0.6715452671051025,0.22176997363567352,0.6467931270599365,0.6081175208091736,0.2771369218826294,0.6844948530197144,0.6736236810684204,0.22011864185333252
0207,./images/8/frame_00207.jpg,Normal,0.7324629426002502,0.3744450807571411,0.22683164477348328,0.7329620718955994,0.3657371401786804,0.2147335261106491,0.731870710849762,0.36353451013565063,0.21471616625785828,0.7307056188583374,0.3614167869091034,0.21470561623573303,0.7359097599983215,0.37082237005233765,0.2102351188659668,0.7368909120559692,0.37215113639831543,0.21025338768959045,0.7378791570663452,0.37348175048828125,0.21014952659606934,0.7278666496276855,0.3611207604408264,0.16132307052612305,0.7385304570198059,0.37648865580558777,0.1409439891576767,0.7288006544113159,0.3744523227214813,0.21092799305915833,0.732535719871521,0.3808644711971283,0.2044946402311325,0.6961386799812317,0.364357590675354,0.12108733505010605,0.7428141236305237,0.4245213270187378,0.08075851947069168,0.665589451789856,0.40753173828125,0.1506604552268982,0.7274662852287292,0.48258262872695923,0.1282309889793396,0.661157488822937,0.45456334948539734,0.1922987997531891,0.708482027053833,0.4798060655593872,0.23215648531913757,0.6578961610794067,0.46362215280532837,0.19539478421211243,0.706070065498352,0.4794712960720062,0.24316850304603577,0.6626760363578796,0.4686413109302521,0.20177647471427917,0.700866162776947,0.47352948784828186,0.24630534648895264,0.6652815341949463,0.46764302253723145,0.19495810568332672,0.7002928853034973,0.4709097445011139,0.23571309447288513,0.6571636199951172,0.48079714179039,0.019457418471574783,0.6889952421188354,0.5097430944442749,-0.019740795716643333,0.6503728628158569,0.5350863337516785,0.18484032154083252,0.686510443687439,0.578292727470398,0.14538605511188507,0.6366838216781616,0.613493800163269,0.25155991315841675,0.6703944802284241,0.6632938981056213,0.21436309814453125,0.6335240602493286,0.6337995529174805,0.25842511653900146,0.6646421551704407,0.6727458834648132,0.22247037291526794,0.6467815637588501,0.6071906089782715,0.2695291340351105,0.6833062767982483,0.6728364825248718,0.22548258304595947
0208,./images/8/frame_00208.jpg,Normal,0.7322410345077515,0.37389472126960754,0.22147807478904724,0.7327371835708618,0.36532390117645264,0.20975348353385925,0.731657862663269,0.3631654977798462,0.20973069965839386,0.730510413646698,0.3610611855983734,0.2097160816192627,0.7356659770011902,0.37024766206741333,0.20473189651966095,0.7366334199905396,0.3715090751647949,0.20475241541862488,0.7376046776771545,0.37277472019195557,0.20463939011096954,0.7276892066001892,0.3604321777820587,0.15693655610084534,0.7381178140640259,0.37550294399261475,0.1336907595396042,0.7286241054534912,0.37382790446281433,0.2058858573436737,0.7323675155639648,0.38005197048187256,0.1988472044467926,0.6949836015701294,0.3639678657054901,0.11428924649953842,0.7424498796463013,0.42427361011505127,0.07839950919151306,0.6647918820381165,0.4087141156196594,0.12972301244735718,0.726719081401825,0.4826132357120514,0.11719480901956558,0.6611418724060059,0.45627886056900024,0.16525143384933472,0.7084647417068481,0.47937697172164917,0.20700760185718536,0.6579093933105469,0.4643841087818146,0.16558805108070374,0.7060143947601318,0.4791472256183624,0.21532316505908966,0.6628981828689575,0.4691174328327179,0.17164769768714905,0.7008374929428101,0.4724385142326355,0.21893426775932312,0.6655182242393494,0.46818211674690247,0.16742683947086334,0.7002440690994263,0.4695502519607544,0.21016466617584229,0.6571583151817322,0.4819068908691406,0.01774531975388527,0.6889992356300354,0.511299192905426,-0.018033495172858238,0.6504913568496704,0.535516619682312,0.1863391250371933,0.6865296959877014,0.5783329010009766,0.15314388275146484,0.636738657951355,0.6145972013473511,0.2577189803123474,0.6702505350112915,0.6630613207817078,0.22466114163398743,0.633581817150116,0.6346088647842407,0.2659429609775543,0.6644407510757446,0.6725243926048279,0.23332810401916504,0.6465540528297424,0.6058700680732727,0.27749189734458923,0.6828218102455139,0.6701464056968689,0.23617775738239288
0209,./images/8/frame_00209.jpg,Normal,0.7323297262191772,0.3736855089664459,0.22085194289684296,0.7327890396118164,0.365193635225296,0.2087521255016327,0.7316864728927612,0.3629882037639618,0.20874111354351044,0.7305079698562622,0.360761433839798,0.20874539017677307,0.7357364892959595,0.36997783184051514,0.20344278216362,0.7366971373558044,0.37117522954940796,0.2034650295972824,0.7376651167869568,0.3723759651184082,0.20335865020751953,0.7273849248886108,0.35971933603286743,0.1555827558040619,0.7380112409591675,0.37513190507888794,0.13082435727119446,0.7286795973777771,0.3735294044017792,0.2054140269756317,0.7324435710906982,0.3796553313732147,0.19796955585479736,0.6945126056671143,0.3630073666572571,0.11724664270877838,0.742422878742218,0.4206150770187378,0.07573730498552322,0.6647457480430603,0.4050634503364563,0.15630587935447693,0.7280599474906921,0.4785569906234741,0.12968693673610687,0.6617087125778198,0.454448401927948,0.2336219847202301,0.7097519636154175,0.47531259059906006,0.25599998235702515,0.6591544151306152,0.462924987077713,0.24287986755371094,0.7072173357009888,0.4749137759208679,0.2713198959827423,0.6633603572845459,0.46772485971450806,0.2489425241947174,0.7012685537338257,0.46612536907196045,0.274760901927948,0.6657737493515015,0.46647292375564575,0.23730233311653137,0.7018448114395142,0.46773627400398254,0.2606795132160187,0.65717613697052,0.48056724667549133,0.01877819374203682,0.6889573335647583,0.509900689125061,-0.019062062725424767,0.6502768993377686,0.5353919267654419,0.1872292160987854,0.6862500905990601,0.5785506367683411,0.14688336849212646,0.6367415189743042,0.6144353747367859,0.26110056042671204,0.6701755523681641,0.6633654832839966,0.22105863690376282,0.6335102319717407,0.6328156590461731,0.27065569162368774,0.6642902493476868,0.672742486000061,0.23114106059074402,0.6465551257133484,0.6056529879570007,0.2901206612586975,0.6829436421394348,0.6696979999542236,0.2409583330154419
0210,./images/8/frame_00210.jpg,Normal,0.7316800951957703,0.372549831867218,0.22211050987243652,0.7320139408111572,0.36398786306381226,0.21049484610557556,0.7308739423751831,0.36188265681266785,0.2104819118976593,0.7296838164329529,0.35977593064308167,0.2104845941066742,0.7351176142692566,0.3687213063240051,0.20547625422477722,0.7361147403717041,0.36996909976005554,0.20549698173999786,0.737106442451477,0.3712207078933716,0.20539064705371857,0.7268187999725342,0.35906168818473816,0.15402838587760925,0.737443208694458,0.3742833733558655,0.13281871378421783,0.7278856635093689,0.37287411093711853,0.20683209598064423,0.7319474220275879,0.3790976107120514,0.19965991377830505,0.6947128176689148,0.3625577390193939,0.11551380157470703,0.7424153685569763,0.4212864339351654,0.07548651844263077,0.6646837592124939,0.40514713525772095,0.15311071276664734,0.7280176877975464,0.4791475832462311,0.12606604397296906,0.6618105173110962,0.4543604552745819,0.2064141482114792,0.7077325582504272,0.4760224223136902,0.23252418637275696,0.6593304872512817,0.4625389575958252,0.2102285921573639,0.7048415541648865,0.47577136754989624,0.2436656653881073,0.6640532612800598,0.4674723446369171,0.21628180146217346,0.6997572183609009,0.4677964448928833,0.2470567524433136,0.6664978861808777,0.46634653210639954,0.20910993218421936,0.6997320652008057,0.4681558907032013,0.2363804280757904,0.6570194363594055,0.48060354590415955,0.019156599417328835,0.6887985467910767,0.5099291205406189,-0.01944766566157341,0.6500344276428223,0.535266637802124,0.1998552531003952,0.685806155204773,0.5787867903709412,0.15122629702091217,0.63666832447052,0.6130635738372803,0.2659526467323303,0.6701809167861938,0.6634902358055115,0.21828825771808624,0.6335148215293884,0.6312645673751831,0.27457085251808167,0.6642967462539673,0.6727548241615295,0.22714857757091522,0.6462002992630005,0.6053718328475952,0.2906029522418976,0.6833822727203369,0.6707568764686584,0.23313197493553162
0211,./images/8/frame_00211.jpg,Normal,0.7314189672470093,0.3727722465991974,0.21927586197853088,0.7317308783531189,0.36403122544288635,0.2075686752796173,0.7305282354354858,0.3618098795413971,0.2075604647397995,0.7292627692222595,0.35960978269577026,0.20756784081459045,0.7348908185958862,0.3690091073513031,0.20245516300201416,0.7358943223953247,0.3702992796897888,0.20246699452400208,0.7368975877761841,0.37159860134124756,0.20236273109912872,0.7261157035827637,0.35876166820526123,0.15355533361434937,0.7372451424598694,0.3747141659259796,0.1304326057434082,0.7275243997573853,0.3729829490184784,0.20377519726753235,0.7314947247505188,0.3793424069881439,0.1965809166431427,0.6928328275680542,0.36258718371391296,0.11633501201868057,0.741466224193573,0.4218514859676361,0.07496695220470428,0.6640142202377319,0.4072909355163574,0.15707014501094818,0.7256604433059692,0.4786166250705719,0.1294173151254654,0.6690614223480225,0.45178574323654175,0.22716569900512695,0.7077159285545349,0.4693920910358429,0.2466457188129425,0.6678423881530762,0.45748287439346313,0.234165221452713,0.7054088115692139,0.4678923785686493,0.25924867391586304,0.6732597351074219,0.4619051516056061,0.23951895534992218,0.7007767558097839,0.46132469177246094,0.26201122999191284,0.6753681898117065,0.4620153605937958,0.23029577732086182,0.7000764608383179,0.4598042070865631,0.25055307149887085,0.6562901735305786,0.4807630181312561,0.019223127514123917,0.6882096529006958,0.5108276009559631,-0.019500697031617165,0.6503093242645264,0.528277575969696,0.20317883789539337,0.685737669467926,0.5787897706031799,0.15251019597053528,0.6366981267929077,0.608610987663269,0.2614138722419739,0.6702780723571777,0.6633968949317932,0.209166020154953,0.6335407495498657,0.6282519698143005,0.26933974027633667,0.6643503904342651,0.6727544665336609,0.21659517288208008,0.6462060213088989,0.6038949489593506,0.2864472270011902,0.6827230453491211,0.6705901026725769,0.22454889118671417
0212,./images/8/frame_00212.jpg,Normal,0.731429934501648,0.3720799386501312,0.21077923476696014,0.7317519187927246,0.3631725609302521,0.1990874707698822,0.7305264472961426,0.36094924807548523,0.19908098876476288,0.7292345762252808,0.3587295413017273,0.19909003376960754,0.7349382042884827,0.36818927526474,0.19317558407783508,0.7359358072280884,0.36951205134391785,0.19318841397762299,0.7369347810745239,0.3708527088165283,0.19308502972126007,0.7258481383323669,0.3577441871166229,0.14696116745471954,0.7371839284896851,0.3741811513900757,0.11981041729450226,0.7274647951126099,0.3723905682563782,0.19573809206485748,0.731519341468811,0.37890735268592834,0.18759438395500183,0.6925091743469238,0.36225712299346924,0.11328914016485214,0.7412635087966919,0.42157474160194397,0.06463120877742767,0.6635526418685913,0.40679115056991577,0.15885914862155914,0.7253797054290771,0.4788754880428314,0.12654806673526764,0.6701050996780396,0.4478297829627991,0.2365785390138626,0.7077198624610901,0.4703250825405121,0.24345317482948303,0.6694238185882568,0.452865868806839,0.24569222331047058,0.7057079076766968,0.46868064999580383,0.2572544813156128,0.674476683139801,0.45716989040374756,0.25079482793807983,0.701345682144165,0.46267038583755493,0.26069629192352295,0.6763069033622742,0.45734483003616333,0.23996146023273468,0.7004674673080444,0.46090075373649597,0.24796967208385468,0.6560044288635254,0.4813348650932312,0.02057461068034172,0.6880600452423096,0.5120022892951965,-0.020835421979427338,0.6501903533935547,0.5290685892105103,0.20463314652442932,0.6857517957687378,0.5786105990409851,0.1526634842157364,0.6367204189300537,0.6089306473731995,0.26162946224212646,0.670337975025177,0.662723958492279,0.2087496966123581,0.6335741877555847,0.6283941268920898,0.2697009742259979,0.6643556952476501,0.6722658276557922,0.21636053919792175,0.6460660099983215,0.6040767431259155,0.2900773286819458,0.6824172139167786,0.6687581539154053,0.22456428408622742
0213,./images/8/frame_00213.jpg,Normal,0.7314713001251221,0.3714506924152374,0.21253935992717743,0.7317821383476257,0.36261045932769775,0.200901597738266,0.7305552959442139,0.3603653907775879,0.2008741796016693,0.7292599678039551,0.35813891887664795,0.2008589208126068,0.7349364161491394,0.3676499128341675,0.1943960189819336,0.7359166145324707,0.3689819872379303,0.19439879059791565,0.7368963956832886,0.3703407347202301,0.19428476691246033,0.725746750831604,0.357156366109848,0.15024341642856598,0.7369462847709656,0.3736635744571686,0.12287136167287827,0.7275007367134094,0.3715136647224426,0.1984999030828476,0.731494128704071,0.3780272603034973,0.19017264246940613,0.6927114725112915,0.3619806468486786,0.11485840380191803,0.7411905527114868,0.42160916328430176,0.07294056564569473,0.6626340746879578,0.40681976079940796,0.1551903337240219,0.7253063917160034,0.47882080078125,0.13871629536151886,0.6698235273361206,0.448515921831131,0.2265384942293167,0.7085344791412354,0.4688715636730194,0.26867780089378357,0.6687034964561462,0.45424067974090576,0.23417088389396667,0.7073127627372742,0.4668329954147339,0.284794420003891,0.6739813089370728,0.45894622802734375,0.24030843377113342,0.7028529644012451,0.4607234001159668,0.2878825068473816,0.6757314801216125,0.4587627351284027,0.23014536499977112,0.7017016410827637,0.4589404761791229,0.2731766700744629,0.6563614010810852,0.481335312128067,0.020623575896024704,0.6880661249160767,0.5120800733566284,-0.02089603990316391,0.6501606106758118,0.5294705033302307,0.20446407794952393,0.6857577562332153,0.5777556300163269,0.15121862292289734,0.636687159538269,0.6092059016227722,0.2559162974357605,0.6706278920173645,0.6627110242843628,0.20748476684093475,0.633592963218689,0.6284160017967224,0.2637840807437897,0.6643232107162476,0.6727222204208374,0.2152876853942871,0.646000325679779,0.6042178273200989,0.28774455189704895,0.682591438293457,0.6679064631462097,0.22415156662464142
0214,./images/8/frame_00214.jpg,Normal,0.7312491536140442,0.3717937171459198,0.2153141051530838,0.7314649820327759,0.36300769448280334,0.2029939889907837,0.7302317023277283,0.3607729971408844,0.20297971367835999,0.7289415597915649,0.35855525732040405,0.20298270881175995,0.7346307039260864,0.36802244186401367,0.19754944741725922,0.7356107831001282,0.36934277415275574,0.1975622922182083,0.7365936636924744,0.37068718671798706,0.19745351374149323,0.7253443002700806,0.35750943422317505,0.14870308339595795,0.7365418672561646,0.3738498389720917,0.12469913065433502,0.7273420691490173,0.37185150384902954,0.19990816712379456,0.7313348054885864,0.3783367872238159,0.1924932301044464,0.6926435232162476,0.36208686232566833,0.10993041098117828,0.7409848570823669,0.42113080620765686,0.07218794524669647,0.6625146269798279,0.40625524520874023,0.1536048799753189,0.7252865433692932,0.47808122634887695,0.13302922248840332,0.666956901550293,0.4470529854297638,0.22402846813201904,0.7082875967025757,0.47010505199432373,0.2548811435699463,0.664049506187439,0.4551565945148468,0.23173066973686218,0.7064712643623352,0.46844303607940674,0.26924681663513184,0.6683124899864197,0.4599326550960541,0.2375394105911255,0.7020995616912842,0.46205630898475647,0.2723565101623535,0.6703968644142151,0.4596116244792938,0.22754645347595215,0.7011137008666992,0.4602985084056854,0.259197473526001,0.6564165949821472,0.4819241762161255,0.020181328058242798,0.6880781054496765,0.5120313167572021,-0.020453497767448425,0.6501997113227844,0.5297926664352417,0.20163238048553467,0.686115562915802,0.5773597955703735,0.152494877576828,0.6367471814155579,0.6113697290420532,0.26086050271987915,0.6710692644119263,0.662657618522644,0.22117328643798828,0.6336163282394409,0.6298385262489319,0.269971638917923,0.6643732786178589,0.6729777455329895,0.2306535542011261,0.6460078954696655,0.6043013334274292,0.2908955514431,0.6827282309532166,0.6670430898666382,0.24088695645332336
0215,./images/8/frame_00215.jpg,Normal,0.7311287522315979,0.3703787922859192,0.21823397278785706,0.731273353099823,0.36166152358055115,0.20462068915367126,0.7300524115562439,0.35943835973739624,0.20462103188037872,0.7287648916244507,0.3572508990764618,0.2046421319246292,0.7343553304672241,0.36662253737449646,0.19996283948421478,0.7353004813194275,0.3679240643978119,0.19998952746391296,0.7362538576126099,0.36924684047698975,0.19990544021129608,0.7250235080718994,0.35660210251808167,0.1501689851284027,0.7360023856163025,0.3725017011165619,0.12626037001609802,0.7272032499313354,0.3705761432647705,0.20201043784618378,0.7310985326766968,0.37683454155921936,0.19534514844417572,0.6927052736282349,0.36126676201820374,0.11103055626153946,0.740338921546936,0.41723138093948364,0.0759734958410263,0.6622623205184937,0.40542614459991455,0.15903529524803162,0.7255924940109253,0.47411760687828064,0.13848379254341125,0.6610325574874878,0.44666633009910583,0.24228163063526154,0.70826256275177,0.4708377718925476,0.2668241858482361,0.6586629748344421,0.45477020740509033,0.25150591135025024,0.7064536809921265,0.4693640470504761,0.28215470910072327,0.6618743538856506,0.45985862612724304,0.25741225481033325,0.7020464539527893,0.4622073173522949,0.28456467390060425,0.6639591455459595,0.4589860141277313,0.24611875414848328,0.7010990977287292,0.46035876870155334,0.27109861373901367,0.6564216613769531,0.4800959825515747,0.020157931372523308,0.6880571842193604,0.5072506666183472,-0.020425330847501755,0.6501933932304382,0.5299350619316101,0.18631573021411896,0.6867057085037231,0.5743498206138611,0.1454068273305893,0.6367544531822205,0.6122578382492065,0.2543976902961731,0.6718339323997498,0.6626396775245667,0.2174852192401886,0.63363116979599,0.6308489441871643,0.2643684446811676,0.6648142337799072,0.673318088054657,0.2262096107006073,0.6460362076759338,0.6043722629547119,0.28802552819252014,0.6840845346450806,0.6672449111938477,0.2345000058412552
0216,./images/8/frame_00216.jpg,Normal,0.7303280830383301,0.36885690689086914,0.21737775206565857,0.7305997610092163,0.3604573905467987,0.20441505312919617,0.7293952703475952,0.3583158254623413,0.20441076159477234,0.7281099557876587,0.3561863899230957,0.204422265291214,0.7336267828941345,0.36526528000831604,0.1998378336429596,0.7345510721206665,0.36655715107917786,0.19986297190189362,0.7354875802993774,0.3678663969039917,0.19977760314941406,0.7243667840957642,0.3556717336177826,0.15011802315711975,0.7353967428207397,0.3713283836841583,0.12767091393470764,0.7264198660850525,0.36908653378486633,0.20132485032081604,0.7303370833396912,0.3755229115486145,0.1948215365409851,0.6922813653945923,0.3608532249927521,0.11116037517786026,0.7400997877120972,0.4170069098472595,0.07598353177309036,0.6618839502334595,0.4047233462333679,0.1464240700006485,0.7255921959877014,0.47452980279922485,0.1369193196296692,0.6583567261695862,0.44700294733047485,0.2187860757112503,0.7084086537361145,0.47123095393180847,0.2554396986961365,0.653810441493988,0.45790770649909973,0.22617360949516296,0.706547737121582,0.4698503315448761,0.2692585587501526,0.6571332216262817,0.4632371664047241,0.23098602890968323,0.7020043134689331,0.46315717697143555,0.2719334661960602,0.659197211265564,0.4614146053791046,0.22183983027935028,0.7011059522628784,0.46123605966567993,0.2595398724079132,0.6564266681671143,0.4788180887699127,0.020138965919613838,0.6880606412887573,0.5061753988265991,-0.020402958616614342,0.6499627232551575,0.5302547812461853,0.18246661126613617,0.6877045631408691,0.5727030634880066,0.14071011543273926,0.6366156339645386,0.6122838258743286,0.2495507448911667,0.6726988554000854,0.6622849106788635,0.2128988802433014,0.6336396336555481,0.6303693652153015,0.2589515447616577,0.6661573052406311,0.6726984977722168,0.22248157858848572,0.6461509466171265,0.6044479012489319,0.2780601680278778,0.6862899661064148,0.6676398515701294,0.23237678408622742
0217,./images/8/frame_00217.jpg,Normal,0.7298539280891418,0.3690616488456726,0.20198523998260498,0.7300511598587036,0.36070674657821655,0.18857359886169434,0.7288566827774048,0.3585503101348877,0.18857677280902863,0.7275844216346741,0.35639843344688416,0.18858905136585236,0.7330609560012817,0.3655155301094055,0.1848391443490982,0.7339781522750854,0.36679017543792725,0.184868723154068,0.7349130511283875,0.3680838346481323,0.18480192124843597,0.7239037752151489,0.35575392842292786,0.1327979862689972,0.7349172234535217,0.3714696168899536,0.1152011975646019,0.7261203527450562,0.36932069063186646,0.1856069266796112,0.7298815250396729,0.37559691071510315,0.18021395802497864,0.6919243931770325,0.3605213165283203,0.09442141652107239,0.7395145297050476,0.416629821062088,0.06845316290855408,0.6601595282554626,0.4038689434528351,0.13084851205348969,0.7255277633666992,0.47439271211624146,0.1258380115032196,0.6585904359817505,0.4461327791213989,0.20990781486034393,0.7073723673820496,0.4710453748703003,0.24906590580940247,0.6544872522354126,0.4577542543411255,0.2183789759874344,0.7048660516738892,0.4697112739086151,0.2663983702659607,0.6578068137168884,0.46313413977622986,0.22298657894134521,0.7004261016845703,0.4637805223464966,0.27004748582839966,0.6609331369400024,0.4574320912361145,0.21322806179523468,0.6999452710151672,0.4618239998817444,0.25374847650527954,0.6564303636550903,0.4784994423389435,0.01869788020849228,0.6880066990852356,0.506519079208374,-0.01895000785589218,0.6497464776039124,0.5303046703338623,0.176043301820755,0.6879011988639832,0.5716833472251892,0.1410439908504486,0.6365812420845032,0.6122840642929077,0.24754580855369568,0.6726877689361572,0.661560595035553,0.21386149525642395,0.6338440775871277,0.6290884017944336,0.25756555795669556,0.6661011576652527,0.672586977481842,0.2239723950624466,0.6458502411842346,0.6040990948677063,0.2771635353565216,0.686069905757904,0.6657134890556335,0.2353764772415161
0218,./images/8/frame_00218.jpg,Normal,0.7299379110336304,0.3693062365055084,0.1574830710887909,0.7301527261734009,0.3609735667705536,0.14372122287750244,0.728958249092102,0.35881075263023376,0.1437162160873413,0.7276866436004639,0.3566499352455139,0.14372234046459198,0.7331637740135193,0.3657340705394745,0.13812871277332306,0.7340748310089111,0.3669429421424866,0.1381382942199707,0.7349965572357178,0.36814188957214355,0.13806581497192383,0.7239478826522827,0.35571491718292236,0.09269283711910248,0.7347833514213562,0.3709796965122223,0.06692641228437424,0.7261972427368164,0.36954405903816223,0.1434985101222992,0.7299656271934509,0.37584689259529114,0.13578039407730103,0.6916185617446899,0.36027324199676514,0.07122759521007538,0.7387173175811768,0.41321441531181335,0.021706299856305122,0.6601995229721069,0.40102314949035645,0.11932744830846786,0.7258502244949341,0.47031113505363464,0.08731649816036224,0.6587743759155273,0.44347381591796875,0.20192427933216095,0.7147458791732788,0.46722403168678284,0.22952206432819366,0.6537958383560181,0.4560089409351349,0.21148936450481415,0.715144157409668,0.46597081422805786,0.24733778834342957,0.6561135649681091,0.460205078125,0.21557357907295227,0.7116312384605408,0.46052905917167664,0.2506087124347687,0.6616063117980957,0.4526430666446686,0.20498685538768768,0.7110344171524048,0.4591255187988281,0.23467981815338135,0.6563533544540405,0.47815069556236267,0.025012899190187454,0.6874824166297913,0.5050634145736694,-0.025251666083931923,0.6494971513748169,0.532508909702301,0.17577585577964783,0.6876288652420044,0.5719794631004333,0.12552335858345032,0.6362423896789551,0.6123664975166321,0.2682497501373291,0.6726345419883728,0.6614459753036499,0.22083726525306702,0.6332429647445679,0.629111111164093,0.2816477417945862,0.6660603284835815,0.6725504398345947,0.23443908989429474,0.6460992097854614,0.6052805781364441,0.3002799153327942,0.6861546635627747,0.665340006351471,0.24638374149799347
0219,./images/8/frame_00219.jpg,Normal,0.7284200191497803,0.36799249053001404,0.18061234056949615,0.7284156084060669,0.35958799719810486,0.17045965790748596,0.7272221446037292,0.3574388325214386,0.17044644057750702,0.7259591817855835,0.3553004562854767,0.17044836282730103,0.7315107583999634,0.3644427955150604,0.16202493011951447,0.732483446598053,0.36570650339126587,0.16201573610305786,0.733479380607605,0.3669285178184509,0.1619112491607666,0.722525954246521,0.3547450304031372,0.12078050523996353,0.7338207960128784,0.36998751759529114,0.08446170389652252,0.7248729467391968,0.3683565855026245,0.16784189641475677,0.7286826968193054,0.3746354281902313,0.15557754039764404,0.6906471848487854,0.3594991862773895,0.08866936713457108,0.7386845946311951,0.4133860170841217,0.046621911227703094,0.6600359082221985,0.4014069736003876,0.12690600752830505,0.7256858944892883,0.4710407257080078,0.11476677656173706,0.659060001373291,0.4435398578643799,0.20317590236663818,0.7087817192077637,0.46795374155044556,0.24360203742980957,0.6545016169548035,0.45605209469795227,0.21157893538475037,0.7063606977462769,0.4667591154575348,0.259272038936615,0.65726238489151,0.4603952169418335,0.21679885685443878,0.7026374340057373,0.46100425720214844,0.26277345418930054,0.6617261171340942,0.45335739850997925,0.20660236477851868,0.7023947238922119,0.45964983105659485,0.248245507478714,0.65619957447052,0.4765176475048065,0.018983028829097748,0.687194287776947,0.5046528577804565,-0.01923111081123352,0.6494768261909485,0.5299285054206848,0.17944595217704773,0.6877726316452026,0.5713233351707458,0.14071567356586456,0.6365072727203369,0.6058127284049988,0.25870662927627563,0.6727850437164307,0.6597219705581665,0.22022688388824463,0.6333152055740356,0.6231744289398193,0.2706112563610077,0.6663635969161987,0.6717066168785095,0.23120439052581787,0.6460438966751099,0.5975678563117981,0.2940804958343506,0.6867371797561646,0.6634010076522827,0.2418462038040161
0220,./images/8/frame_00220.jpg,Normal,0.7278778553009033,0.3648296296596527,0.20503047108650208,0.7276204228401184,0.35679468512535095,0.19238917529582977,0.7263573408126831,0.3547874689102173,0.1923917829990387,0.7250606417655945,0.35282784700393677,0.1924140900373459,0.7308915257453918,0.3615921437740326,0.1887367069721222,0.7318856120109558,0.36289888620376587,0.18875834345817566,0.7328794002532959,0.36413657665252686,0.18867164850234985,0.7217070460319519,0.35301458835601807,0.13604216277599335,0.7332181334495544,0.36779531836509705,0.11978621780872345,0.724234938621521,0.36560407280921936,0.18870201706886292,0.7282368540763855,0.3718585968017578,0.18328294157981873,0.6908205151557922,0.3579581081867218,0.09759840369224548,0.7385873198509216,0.4127764403820038,0.07374567538499832,0.6607120037078857,0.3998786509037018,0.12996169924736023,0.7250407934188843,0.47122079133987427,0.13408444821834564,0.6592553853988647,0.44002315402030945,0.20380966365337372,0.7080992460250854,0.4653773903846741,0.2572450041770935,0.6549283266067505,0.45372140407562256,0.21265909075737,0.7058889865875244,0.464084655046463,0.2718556225299835,0.657942533493042,0.45798423886299133,0.21880047023296356,0.7019128203392029,0.4590359032154083,0.27484744787216187,0.6619312763214111,0.45413288474082947,0.20791307091712952,0.7013899087905884,0.4574480354785919,0.2614319324493408,0.6561850309371948,0.4736233055591583,0.018340930342674255,0.6870338320732117,0.5037415623664856,-0.018594231456518173,0.6494896411895752,0.5264085531234741,0.1793246567249298,0.6876686811447144,0.571338951587677,0.13873139023780823,0.6366341710090637,0.6024563312530518,0.24707117676734924,0.672761082649231,0.6586170792579651,0.20689058303833008,0.633334755897522,0.6195933222770691,0.2564278244972229,0.6663935780525208,0.6707955598831177,0.21607904136180878,0.6456281542778015,0.5968008637428284,0.27445298433303833,0.6866540312767029,0.662337601184845,0.22332091629505157
0221,./images/8/frame_00221.jpg,Normal,0.7275213003158569,0.3654787242412567,0.22968819737434387,0.7273696660995483,0.3572259545326233,0.21888740360736847,0.7261782884597778,0.3551829755306244,0.21888847649097443,0.724952757358551,0.3531647026538849,0.21891315281391144,0.7304602265357971,0.36193224787712097,0.21394138038158417,0.7313972115516663,0.36315134167671204,0.2139667272567749,0.7323392629623413,0.3643040657043457,0.21388182044029236,0.7216492891311646,0.3529057800769806,0.1682206392288208,0.7325667142868042,0.36733800172805786,0.14537715911865234,0.7239944338798523,0.36617377400398254,0.2147240936756134,0.72775799036026,0.3722602427005768,0.2077762335538864,0.6902016401290894,0.357549786567688,0.1294987052679062,0.7374736070632935,0.4112761318683624,0.09199108183383942,0.6602405309677124,0.399274617433548,0.16002178192138672,0.7249318361282349,0.46955251693725586,0.15029387176036835,0.6579569578170776,0.4402194023132324,0.23022393882274628,0.7111438512802124,0.45929569005966187,0.28009694814682007,0.6529275178909302,0.45306524634361267,0.2380024641752243,0.7103160619735718,0.4565952718257904,0.2965836524963379,0.658378005027771,0.4544362425804138,0.24512776732444763,0.7050291299819946,0.45130640268325806,0.29899731278419495,0.6612691283226013,0.45090728998184204,0.23409581184387207,0.7038980722427368,0.45044007897377014,0.2844175696372986,0.6559519171714783,0.4726925194263458,0.01920146681368351,0.6863649487495422,0.5010189414024353,-0.019454652443528175,0.6480921506881714,0.5262079834938049,0.1670394241809845,0.6864687204360962,0.571378231048584,0.12020397186279297,0.6359115839004517,0.6031829118728638,0.22074739634990692,0.672653317451477,0.6582542657852173,0.17624135315418243,0.6314688920974731,0.6200215220451355,0.22780254483222961,0.6663649678230286,0.6696810126304626,0.18385350704193115,0.6449275016784668,0.5989347100257874,0.24339938163757324,0.6871885657310486,0.6627932190895081,0.18904422223567963
0222,./images/8/frame_00222.jpg,Normal,0.7272279858589172,0.36464768648147583,0.22509658336639404,0.7270355820655823,0.3560211956501007,0.2135545015335083,0.7258216142654419,0.35387805104255676,0.21355172991752625,0.7245768308639526,0.3517712354660034,0.21359172463417053,0.7301727533340454,0.3608742952346802,0.20692427456378937,0.7311120629310608,0.362081915140152,0.20692643523216248,0.7320526838302612,0.36320996284484863,0.2068270742893219,0.721148669719696,0.3514869511127472,0.16389666497707367,0.7323195934295654,0.36619749665260315,0.13545039296150208,0.7236403822898865,0.36519742012023926,0.21086010336875916,0.7275344133377075,0.37146949768066406,0.20144888758659363,0.6894711852073669,0.35633397102355957,0.11250428110361099,0.7373424768447876,0.4113155007362366,0.08507034182548523,0.6592909097671509,0.3996478319168091,0.13990193605422974,0.7247267365455627,0.4694152772426605,0.14217594265937805,0.6552368402481079,0.44287779927253723,0.21191024780273438,0.7085438370704651,0.4611077904701233,0.26533982157707214,0.652131974697113,0.4535636901855469,0.2178979367017746,0.7064458727836609,0.458593487739563,0.28053873777389526,0.6559095978736877,0.45582008361816406,0.22583675384521484,0.7014631628990173,0.4528225362300873,0.28296905755996704,0.6581465005874634,0.453238308429718,0.21615846455097198,0.7007570862770081,0.45196962356567383,0.26943787932395935,0.6558295488357544,0.47176554799079895,0.013655310496687889,0.6863729953765869,0.5002985000610352,-0.013907581567764282,0.6473027467727661,0.5246826410293579,0.16596676409244537,0.6865376830101013,0.5706495046615601,0.13103140890598297,0.6353521943092346,0.6018081903457642,0.23127396404743195,0.6726348996162415,0.6559110283851624,0.2021925151348114,0.6314363479614258,0.620086669921875,0.23986975848674774,0.6664098501205444,0.667594850063324,0.21150346100330353,0.6427255272865295,0.5981544256210327,0.256401002407074,0.687128484249115,0.6606133580207825,0.22100532054901123
0223,./images/8/frame_00223.jpg,Normal,0.7259883284568787,0.3638897240161896,0.2049168348312378,0.7257184982299805,0.35556432604789734,0.19203025102615356,0.7244887948036194,0.3534764349460602,0.19202114641666412,0.7232260704040527,0.35141095519065857,0.19203069806098938,0.7289013266563416,0.36024317145347595,0.18848112225532532,0.7298752069473267,0.36141151189804077,0.18850919604301453,0.7308372259140015,0.3625204861164093,0.18842646479606628,0.7200645208358765,0.3511422574520111,0.1380634605884552,0.7313573956489563,0.36550790071487427,0.12221397459506989,0.7223666906356812,0.36443692445755005,0.18924865126609802,0.726383626461029,0.370378702878952,0.1840999573469162,0.6891510486602783,0.3563465178012848,0.09573568403720856,0.7370960116386414,0.40954098105430603,0.07696321606636047,0.6588858366012573,0.3985496163368225,0.1163666844367981,0.7247591018676758,0.46731045842170715,0.12626056373119354,0.6547812819480896,0.4429914355278015,0.17936614155769348,0.7075577974319458,0.4619770348072052,0.23982970416545868,0.6498299837112427,0.45383402705192566,0.1843777894973755,0.7032414078712463,0.4586752951145172,0.2537751793861389,0.6528486013412476,0.45635032653808594,0.19116505980491638,0.6989480257034302,0.4550274610519409,0.2560077905654907,0.6547241806983948,0.4536871314048767,0.18285706639289856,0.6988137364387512,0.4539233446121216,0.2434941977262497,0.6556447148323059,0.47172072529792786,0.01369630079716444,0.6860068440437317,0.5003695487976074,-0.013960731215775013,0.6469261050224304,0.5236290693283081,0.16368672251701355,0.6863093972206116,0.5710392594337463,0.13294938206672668,0.6340974569320679,0.6017388701438904,0.23478908836841583,0.672234058380127,0.6561539769172668,0.2061937302350998,0.6302554607391357,0.6203732490539551,0.24395520985126495,0.6663562059402466,0.6677723526954651,0.21649737656116486,0.6397354006767273,0.5986306667327881,0.26012712717056274,0.6866072416305542,0.6595034003257751,0.22669517993927002
0224,./images/8/frame_00224.jpg,Normal,0.7251313924789429,0.3612169623374939,0.21555256843566895,0.7248488664627075,0.3532011806964874,0.20253565907478333,0.7235965132713318,0.35116684436798096,0.2025337964296341,0.7223066687583923,0.3491750955581665,0.20255792140960693,0.7281156778335571,0.35794076323509216,0.1997566670179367,0.7291412353515625,0.35923463106155396,0.1997860074043274,0.7301350831985474,0.3604643642902374,0.19969269633293152,0.7190565466880798,0.34913206100463867,0.14586839079856873,0.7308291792869568,0.36373457312583923,0.133078932762146,0.721415638923645,0.361672043800354,0.19870200753211975,0.7256740927696228,0.36772769689559937,0.19470323622226715,0.688353419303894,0.35481804609298706,0.09985579550266266,0.7364377379417419,0.4082774817943573,0.08191733062267303,0.6582593321800232,0.3974045515060425,0.12291751056909561,0.7247691750526428,0.4659077823162079,0.12666715681552887,0.6547762751579285,0.43982693552970886,0.18063971400260925,0.7053560018539429,0.46259477734565735,0.23213143646717072,0.6500991582870483,0.451736718416214,0.18483966588974,0.7002314925193787,0.4593126177787781,0.24475161731243134,0.6536622047424316,0.45598548650741577,0.1920892894268036,0.6956601142883301,0.45608922839164734,0.24703359603881836,0.6560090184211731,0.44907620549201965,0.18417075276374817,0.6957429647445679,0.4541582465171814,0.23557166755199432,0.6547842621803284,0.4697910249233246,0.01423644833266735,0.6853784322738647,0.4985876679420471,-0.01450319029390812,0.6469278335571289,0.5184885263442993,0.1670038253068924,0.6862184405326843,0.5712465047836304,0.134034663438797,0.6333525776863098,0.5927237868309021,0.22609487175941467,0.6714507341384888,0.6560773849487305,0.19037573039531708,0.6301230192184448,0.6083908081054688,0.2328624725341797,0.6647555828094482,0.667901873588562,0.19763882458209991,0.6353432536125183,0.5979366898536682,0.24617572128772736,0.685393214225769,0.6600965261459351,0.202519491314888
0225,./images/8/frame_00225.jpg,Normal,0.7232344150543213,0.35930174589157104,0.20300237834453583,0.7230385541915894,0.35155269503593445,0.18892502784729004,0.7218695878982544,0.34971505403518677,0.18892285227775574,0.7206609845161438,0.3479234576225281,0.18893417716026306,0.7262556552886963,0.35594791173934937,0.18702903389930725,0.7273012399673462,0.3571852743625641,0.18705788254737854,0.7283356189727783,0.3583821952342987,0.18697993457317352,0.7178188562393188,0.3479540944099426,0.13094496726989746,0.7294968366622925,0.3615846335887909,0.12237048149108887,0.719637393951416,0.3598816692829132,0.18597717583179474,0.723950982093811,0.3657916486263275,0.18316005170345306,0.6883723139762878,0.35443517565727234,0.08860169351100922,0.7359724640846252,0.4075964689254761,0.07735059410333633,0.6580057144165039,0.3962550759315491,0.1040194034576416,0.7242130637168884,0.46596112847328186,0.12444348633289337,0.6515480279922485,0.44021743535995483,0.16072431206703186,0.7021257281303406,0.4640524983406067,0.23330244421958923,0.6487544775009155,0.4515622556209564,0.16493834555149078,0.6976276636123657,0.4619036018848419,0.24727901816368103,0.6522809267044067,0.4559410810470581,0.17191241681575775,0.6935358643531799,0.45941340923309326,0.24967150390148163,0.6567834615707397,0.4492778778076172,0.16428658366203308,0.6937206983566284,0.4572579264640808,0.23694293200969696,0.6545032262802124,0.46969354152679443,0.013290268369019032,0.6851547956466675,0.4981820285320282,-0.013566074892878532,0.6455729007720947,0.5184504389762878,0.16918715834617615,0.6862291097640991,0.5713890790939331,0.13656854629516602,0.6323549747467041,0.5949347615242004,0.2239433079957962,0.6708964705467224,0.6558907628059387,0.19425025582313538,0.6287670135498047,0.6113348603248596,0.23148933053016663,0.6641305088996887,0.6679270267486572,0.20224647223949432,0.6365275979042053,0.5942185521125793,0.24790140986442566,0.6848354339599609,0.6603870987892151,0.2101282775402069
0226,./images/8/frame_00226.jpg,Normal,0.7226042747497559,0.35780274868011475,0.20531418919563293,0.7221130132675171,0.349626362323761,0.1921798288822174,0.7207731008529663,0.3477727770805359,0.19217438995838165,0.7193871140480042,0.34596043825149536,0.1921829879283905,0.7256793975830078,0.3541046380996704,0.190193310379982,0.7267752289772034,0.35534828901290894,0.19022716581821442,0.7278570532798767,0.35654929280281067,0.1901410073041916,0.7163154482841492,0.34619274735450745,0.13434860110282898,0.7288702726364136,0.3600582480430603,0.12497055530548096,0.7186530828475952,0.35843417048454285,0.18779326975345612,0.7233150005340576,0.3643670082092285,0.18517330288887024,0.6870965957641602,0.35407084226608276,0.0936451107263565,0.7351282835006714,0.40482190251350403,0.0774310752749443,0.6554871797561646,0.396209180355072,0.10188417136669159,0.7242549657821655,0.46397659182548523,0.1196080669760704,0.6491313576698303,0.4402562379837036,0.14884857833385468,0.7028486728668213,0.4628719687461853,0.2213946282863617,0.646389901638031,0.4526480436325073,0.15076884627342224,0.6990542411804199,0.46255871653556824,0.23379898071289062,0.6517387628555298,0.45564308762550354,0.15804661810398102,0.6947053670883179,0.4596346914768219,0.23594513535499573,0.6536815166473389,0.450117290019989,0.15197232365608215,0.6947425603866577,0.45757898688316345,0.22463269531726837,0.6545106172561646,0.46995624899864197,0.013045834377408028,0.6851999163627625,0.4982430040836334,-0.013331985101103783,0.6447964310646057,0.5158817768096924,0.17053674161434174,0.6861512660980225,0.5715378522872925,0.13629628717899323,0.6312511563301086,0.5897669792175293,0.22892144322395325,0.6709087491035461,0.6556535363197327,0.1963900327682495,0.6282801032066345,0.6032504439353943,0.2368784248828888,0.6641721725463867,0.668020486831665,0.20473721623420715,0.6332002282142639,0.587826132774353,0.2527918517589569,0.6837482452392578,0.6594923138618469,0.2125091552734375
0227,./images/8/frame_00227.jpg,Normal,0.7218616008758545,0.35678231716156006,0.19246920943260193,0.7212573885917664,0.3486693203449249,0.17946641147136688,0.7199076414108276,0.3468446433544159,0.1794644445180893,0.7185304164886475,0.34508392214775085,0.1794767677783966,0.7248547673225403,0.3532311022281647,0.1766318827867508,0.7259424924850464,0.3545439541339874,0.17666496336460114,0.7269971370697021,0.3558166027069092,0.17658677697181702,0.7153759002685547,0.3453715443611145,0.12381336838006973,0.7278021574020386,0.35959315299987793,0.11045000702142715,0.717898964881897,0.357671320438385,0.1759064495563507,0.722612738609314,0.36364826560020447,0.17177727818489075,0.6856477856636047,0.35309019684791565,0.08424851298332214,0.7338782548904419,0.4052756726741791,0.06527677923440933,0.6543999314308167,0.39624813199043274,0.10073258727788925,0.7222422361373901,0.4644573926925659,0.110448457300663,0.6477081775665283,0.44053468108177185,0.15725044906139374,0.7019849419593811,0.46312421560287476,0.21557073295116425,0.6435261964797974,0.4537970721721649,0.16099528968334198,0.6985250115394592,0.46295955777168274,0.22830858826637268,0.6469926238059998,0.4581921100616455,0.1673455387353897,0.6940781474113464,0.4598284363746643,0.22979088127613068,0.6488574743270874,0.45442497730255127,0.16045832633972168,0.694051206111908,0.45781299471855164,0.21864140033721924,0.6538317203521729,0.46922704577445984,0.013450992293655872,0.6845604181289673,0.49805527925491333,-0.013730578124523163,0.6435080766677856,0.5156642198562622,0.17101678252220154,0.6861345171928406,0.5719189047813416,0.13588093221187592,0.6236980557441711,0.5798417925834656,0.2320280522108078,0.6710187196731567,0.6551408767700195,0.1997012346982956,0.6196376085281372,0.5932509303092957,0.24090829491615295,0.6642508506774902,0.6680934429168701,0.20912201702594757,0.6324703097343445,0.5854246616363525,0.2531338930130005,0.6835259199142456,0.6578396558761597,0.21631069481372833
0228,./images/8/frame_00228.jpg,Normal,0.7202029228210449,0.35441145300865173,0.19703242182731628,0.7196384072303772,0.3465873599052429,0.18347983062267303,0.7182884812355042,0.3448863625526428,0.18347527086734772,0.7169162034988403,0.34321296215057373,0.18348142504692078,0.7233707904815674,0.3509068191051483,0.18077018857002258,0.7245123982429504,0.3521343767642975,0.18080277740955353,0.725615918636322,0.35332679748535156,0.18072494864463806,0.7139002680778503,0.34396350383758545,0.12601283192634583,0.7265329360961914,0.35760289430618286,0.11363475024700165,0.7162356972694397,0.3556007742881775,0.1800755262374878,0.7210195064544678,0.36125999689102173,0.17608995735645294,0.6848607659339905,0.3523905575275421,0.08331792056560516,0.7333142161369324,0.40490293502807617,0.06782183051109314,0.6537026762962341,0.39450231194496155,0.09791777282953262,0.722051739692688,0.4632259011268616,0.11417965590953827,0.6469314098358154,0.4404292106628418,0.15299108624458313,0.7012550234794617,0.4632113575935364,0.21825475990772247,0.6416236162185669,0.4538474678993225,0.15503144264221191,0.6975285410881042,0.46312904357910156,0.23062269389629364,0.6446329951286316,0.4584205746650696,0.16179250180721283,0.6932393908500671,0.45986708998680115,0.23231780529022217,0.6506668925285339,0.452442467212677,0.15614989399909973,0.6933419108390808,0.4578227996826172,0.22131192684173584,0.6534702777862549,0.46896108984947205,0.011535648256540298,0.6843873858451843,0.49801236391067505,-0.011822502128779888,0.642295777797699,0.5166056156158447,0.16299983859062195,0.6857601404190063,0.5724602341651917,0.13861395418643951,0.6239324808120728,0.5849993228912354,0.23264555633068085,0.6710242033004761,0.6549285054206848,0.21323809027671814,0.6200198531150818,0.5996536016464233,0.24163122475147247,0.664090633392334,0.6681416630744934,0.2234896421432495,0.62907475233078,0.5841020941734314,0.2544100284576416,0.6834858655929565,0.6573962569236755,0.2317560911178589
0229,./images/8/frame_00229.jpg,Normal,0.7195022702217102,0.35268843173980713,0.1869082897901535,0.7186998724937439,0.34503287076950073,0.17400813102722168,0.7173112630844116,0.3433811068534851,0.17401069402694702,0.7158916592597961,0.34178078174591064,0.17401732504367828,0.7223633527755737,0.3492268919944763,0.1714262068271637,0.7234319448471069,0.3504183888435364,0.17145541310310364,0.7244459390640259,0.3515678644180298,0.17139141261577606,0.7126837968826294,0.3427058458328247,0.11962161958217621,0.7251748442649841,0.3558656573295593,0.10735045373439789,0.7154943943023682,0.35351645946502686,0.1707589328289032,0.7204221487045288,0.3591306805610657,0.1669071912765503,0.6835089325904846,0.3523516058921814,0.08148066699504852,0.7321974635124207,0.4036037027835846,0.06451776623725891,0.6525425314903259,0.3948320746421814,0.10191892087459564,0.7217742800712585,0.4610690772533417,0.11075328290462494,0.6466500759124756,0.44045430421829224,0.16309860348701477,0.701790452003479,0.4611690938472748,0.21699006855487823,0.6416140794754028,0.45510002970695496,0.16697099804878235,0.6982160210609436,0.4609678387641907,0.230592280626297,0.6468417048454285,0.4569030702114105,0.1733507364988327,0.693867564201355,0.45708322525024414,0.2315896451473236,0.6511656641960144,0.4518626630306244,0.16631413996219635,0.693882405757904,0.4553951621055603,0.21990402042865753,0.653283417224884,0.4685634672641754,0.01145377941429615,0.6839674711227417,0.49756672978401184,-0.011742820963263512,0.6386874914169312,0.5153430700302124,0.13946649432182312,0.6855983138084412,0.5727046132087708,0.12623970210552216,0.6231703758239746,0.5862890481948853,0.19911904633045197,0.6710292100906372,0.6552216410636902,0.18595720827579498,0.6182931661605835,0.6011196970939636,0.20735426247119904,0.6641548871994019,0.6683991551399231,0.19461847841739655,0.6235557794570923,0.5855320692062378,0.21771939098834991,0.6835613250732422,0.6571905612945557,0.20210066437721252
0230,./images/8/frame_00230.jpg,Normal,0.7182856798171997,0.35335788130760193,0.12173521518707275,0.7174068093299866,0.3456012010574341,0.10679038614034653,0.7160298228263855,0.34386351704597473,0.10679374635219574,0.7146344184875488,0.3421798348426819,0.10678863525390625,0.7209335565567017,0.3497939705848694,0.1044597178697586,0.7219318151473999,0.35091444849967957,0.10447213798761368,0.7228742837905884,0.35197997093200684,0.10442113876342773,0.7114603519439697,0.3427709639072418,0.051971666514873505,0.7235696911811829,0.35571718215942383,0.041244395077228546,0.7144786715507507,0.3540620803833008,0.10604681819677353,0.7190505266189575,0.3596253991127014,0.10273303836584091,0.6815247535705566,0.35214778780937195,0.024261759594082832,0.7304777503013611,0.4019017517566681,0.007384197320789099,0.6519697308540344,0.39361393451690674,0.036930061876773834,0.7208868861198425,0.4601169526576996,0.053874362260103226,0.6469970941543579,0.4392298758029938,0.0801880806684494,0.7002388834953308,0.4603727161884308,0.15820199251174927,0.6425858736038208,0.4538061320781708,0.08117295801639557,0.6963797807693481,0.46047884225845337,0.17219355702400208,0.6457490921020508,0.45603278279304504,0.08764570206403732,0.6927808523178101,0.45671164989471436,0.17319296300411224,0.6475716233253479,0.45152080059051514,0.08289653807878494,0.6932151913642883,0.45501571893692017,0.16128721833229065,0.6520803570747375,0.46722182631492615,0.011019399389624596,0.6829286813735962,0.49621227383613586,-0.011278985068202019,0.6369701027870178,0.5142339468002319,0.1117810383439064,0.6855989098548889,0.5721224546432495,0.11591960489749908,0.6207093000411987,0.5873480439186096,0.18707630038261414,0.6711234450340271,0.6543858647346497,0.18958847224712372,0.6155075430870056,0.6020059585571289,0.19753539562225342,0.6646600961685181,0.6675989627838135,0.19977892935276031,0.620944619178772,0.5825658440589905,0.2060338258743286,0.6839911937713623,0.6564817428588867,0.20856192708015442
0231,./images/8/frame_00231.jpg,Normal,0.7169524431228638,0.3529931902885437,0.09820239990949631,0.7160823941230774,0.34514838457107544,0.0838378295302391,0.7146323919296265,0.3434464633464813,0.08384920656681061,0.7131723761558533,0.3417918384075165,0.08385588228702545,0.7198362350463867,0.34925317764282227,0.08121882379055023,0.7208722233772278,0.35033655166625977,0.08122699707746506,0.7218389511108398,0.35135769844055176,0.08117290586233139,0.709697425365448,0.34225305914878845,0.032550983130931854,0.7222846746444702,0.35497739911079407,0.02008761279284954,0.7127886414527893,0.3539130687713623,0.08387130498886108,0.7176464796066284,0.35923314094543457,0.08008226007223129,0.6788204908370972,0.3522084355354309,0.009922625496983528,0.7287635803222656,0.40009692311286926,-0.011588174849748611,0.6499864459037781,0.39424407482147217,0.025194069370627403,0.720826268196106,0.4587042033672333,0.03066374734044075,0.641252875328064,0.4431695342063904,0.06867186725139618,0.7007781267166138,0.45976075530052185,0.12852711975574493,0.6388760805130005,0.4568762481212616,0.07047966867685318,0.6968725323677063,0.46056437492370605,0.14075641334056854,0.6406701803207397,0.45990803837776184,0.07572580873966217,0.693151593208313,0.4553395211696625,0.1405889093875885,0.6419005990028381,0.4554359018802643,0.07111015915870667,0.6932936310768127,0.45501625537872314,0.13092711567878723,0.6514095664024353,0.46700531244277954,0.011389962397515774,0.6821455955505371,0.49487367272377014,-0.011651715263724327,0.6357967853546143,0.5145303606987,0.11844544112682343,0.6844456195831299,0.5716843008995056,0.11654774099588394,0.617806077003479,0.5872363448143005,0.18893152475357056,0.671363890171051,0.6544536352157593,0.1864219754934311,0.605937659740448,0.5965657830238342,0.19874633848667145,0.6648942828178406,0.6678812503814697,0.1964912861585617,0.6163791418075562,0.5839217901229858,0.2047974318265915,0.68401038646698,0.6567215323448181,0.2039351761341095
0232,./images/8/frame_00232.jpg,Normal,0.7151380181312561,0.35125258564949036,0.14469847083091736,0.714190661907196,0.3436677157878876,0.13171344995498657,0.7127198576927185,0.34206098318099976,0.1317146271467209,0.7112439870834351,0.3404994606971741,0.13172098994255066,0.7181713581085205,0.34776368737220764,0.12848153710365295,0.719318151473999,0.34890007972717285,0.1285013109445572,0.7204011678695679,0.34996747970581055,0.12843725085258484,0.7076742053031921,0.3411138653755188,0.07927539944648743,0.7211291790008545,0.3539637625217438,0.06450927257537842,0.710929811000824,0.3526095747947693,0.12959104776382446,0.7159503698348999,0.3577808737754822,0.1249738484621048,0.6776149272918701,0.3520607650279999,0.045679282397031784,0.7267365455627441,0.3985610604286194,0.0227188803255558,0.6487528681755066,0.3944549858570099,0.062179215252399445,0.7197022438049316,0.45659124851226807,0.06549204885959625,0.6400982141494751,0.4451003670692444,0.09755723178386688,0.7002764344215393,0.45785751938819885,0.16730056703090668,0.6379135847091675,0.45841068029403687,0.09871210902929306,0.6967943906784058,0.4583788216114044,0.17867103219032288,0.6397932767868042,0.46196869015693665,0.10323381423950195,0.6930232048034668,0.45391395688056946,0.17999127507209778,0.641155481338501,0.45764613151550293,0.09933812916278839,0.6930599808692932,0.4529228210449219,0.17023156583309174,0.650486409664154,0.4664665162563324,0.017007559537887573,0.6805387735366821,0.4944024085998535,-0.01727946475148201,0.6347001194953918,0.5125715136528015,0.12980881333351135,0.6832611560821533,0.5712586045265198,0.10746721178293228,0.6165223717689514,0.586076557636261,0.200092151761055,0.6714402437210083,0.6550205945968628,0.1771179735660553,0.6054468154907227,0.5933858156204224,0.2095787525177002,0.6652210354804993,0.6691303849220276,0.18692409992218018,0.6188176274299622,0.5802311301231384,0.21886949241161346,0.6844521760940552,0.6567458510398865,0.19388672709465027
0233,./images/8/frame_00233.jpg,Normal,0.7131536602973938,0.35086965560913086,0.15505032241344452,0.7120612263679504,0.3431755006313324,0.14239802956581116,0.7105610370635986,0.3415380120277405,0.1424034833908081,0.7090531587600708,0.3399483561515808,0.14242145419120789,0.7161318063735962,0.34736180305480957,0.13948746025562286,0.717316210269928,0.34852370619773865,0.13950617611408234,0.718431293964386,0.34960711002349854,0.13943015038967133,0.7056725025177002,0.34059828519821167,0.08927399665117264,0.7192500829696655,0.3535679280757904,0.07525462657213211,0.7090266346931458,0.352186381816864,0.13949373364448547,0.7140871286392212,0.3572975993156433,0.135312020778656,0.6758280396461487,0.3521149158477783,0.060979168862104416,0.7259339094161987,0.39930516481399536,0.03278905153274536,0.6480646729469299,0.3947466015815735,0.09992782026529312,0.7175809741020203,0.45748597383499146,0.07586350291967392,0.643451452255249,0.44079968333244324,0.16571208834648132,0.6976321339607239,0.4560735821723938,0.19213765859603882,0.643756628036499,0.4506000876426697,0.17216743528842926,0.6949110627174377,0.45537254214286804,0.20456281304359436,0.6459242105484009,0.453538179397583,0.17607608437538147,0.6889400482177734,0.45034536719322205,0.20738756656646729,0.6466064453125,0.45102232694625854,0.1682891547679901,0.6912447214126587,0.44950494170188904,0.1960723102092743,0.6484135389328003,0.4665628671646118,0.018199797719717026,0.6785477995872498,0.4948226511478424,-0.018468771129846573,0.6341152191162109,0.5131658911705017,0.135843887925148,0.6830457448959351,0.5713770389556885,0.1146034225821495,0.6164076924324036,0.5857468247413635,0.20302505791187286,0.6713477373123169,0.6550466418266296,0.18206937611103058,0.605056643486023,0.5940884947776794,0.21081440150737762,0.6651468873023987,0.6691879034042358,0.19171081483364105,0.619921863079071,0.5784035325050354,0.2264893800020218,0.6845027208328247,0.656570553779602,0.2004481554031372
0234,./images/8/frame_00234.jpg,Warning,0.7114885449409485,0.35122111439704895,0.1585114747285843,0.7104123830795288,0.34347933530807495,0.14515933394432068,0.7089993357658386,0.3418009579181671,0.14515651762485504,0.7075724005699158,0.3401661515235901,0.14516407251358032,0.7142170667648315,0.3477253317832947,0.14224179089069366,0.7153500914573669,0.3489043116569519,0.14226247370243073,0.7164417505264282,0.34999722242355347,0.14219602942466736,0.7044585943222046,0.34084177017211914,0.09128116071224213,0.7173659205436707,0.3539023995399475,0.07773731648921967,0.7077773809432983,0.352524995803833,0.1427297592163086,0.7124010920524597,0.3577205240726471,0.1386478841304779,0.6757047176361084,0.35213619470596313,0.06295999139547348,0.7242341041564941,0.3984236419200897,0.03268050402402878,0.6466138958930969,0.3941901624202728,0.0818408876657486,0.7171300649642944,0.4557582139968872,0.07537748664617538,0.6432486772537231,0.4396173357963562,0.1206110343337059,0.6976639032363892,0.45667850971221924,0.17943112552165985,0.6408942341804504,0.45092660188674927,0.12285824865102768,0.6944775581359863,0.4561292827129364,0.1907966583967209,0.6430568695068359,0.45420828461647034,0.12714740633964539,0.6884783506393433,0.45127084851264954,0.1927812397480011,0.6439782381057739,0.4515017569065094,0.12238691747188568,0.6908476948738098,0.44976264238357544,0.18260857462882996,0.6476911306381226,0.46628326177597046,0.019735287874937057,0.6772429943084717,0.4939628541469574,-0.019996652379631996,0.6340708136558533,0.5126208662986755,0.13913676142692566,0.6829130053520203,0.5692487359046936,0.10859155654907227,0.6164405345916748,0.5836954116821289,0.20665469765663147,0.6713813543319702,0.6548194885253906,0.16861601173877716,0.6043978333473206,0.5908036828041077,0.21524019539356232,0.665357768535614,0.6689715385437012,0.1774061918258667,0.619624137878418,0.5791192054748535,0.22743503749370575,0.6844895482063293,0.6566128134727478,0.18414375185966492
0235,./images/8/frame_00235.jpg,Warning,0.7099493741989136,0.35130828619003296,0.09083408862352371,0.7089385986328125,0.34358730912208557,0.07628197968006134,0.7075051069259644,0.3419090211391449,0.07628582417964935,0.7060492038726807,0.34026628732681274,0.07629574835300446,0.7127503156661987,0.3477728068828583,0.07309630513191223,0.7138644456863403,0.3489234149456024,0.07309871912002563,0.7149321436882019,0.349979043006897,0.07302884757518768,0.7026921510696411,0.34092000126838684,0.02658127248287201,0.7157993316650391,0.35372909903526306,0.011496135964989662,0.706121563911438,0.35262802243232727,0.07742055505514145,0.7108349800109863,0.3577921688556671,0.07285721600055695,0.6729933619499207,0.3521985709667206,0.007836682721972466,0.7224195599555969,0.39648187160491943,-0.020404942333698273,0.6447346210479736,0.3973768949508667,0.018286537379026413,0.7158974409103394,0.4545113444328308,0.019923392683267593,0.6366289854049683,0.4467325806617737,0.049987271428108215,0.6969119906425476,0.4568873941898346,0.11135424673557281,0.633825421333313,0.4570133090019226,0.050471335649490356,0.6938241720199585,0.4577535092830658,0.12113817036151886,0.6362519860267639,0.4630482494831085,0.054395418614149094,0.6889561414718628,0.45392829179763794,0.12126459926366806,0.6376696825027466,0.45893749594688416,0.051562659442424774,0.6901611089706421,0.45139002799987793,0.11366894096136093,0.6461482644081116,0.46672800183296204,0.018650980666279793,0.6759291291236877,0.4941798448562622,-0.018909605219960213,0.6338209509849548,0.5128604769706726,0.1410391628742218,0.682988166809082,0.5681871175765991,0.11344370990991592,0.6168586015701294,0.5831003189086914,0.22772261500358582,0.6716269254684448,0.6546728610992432,0.191919207572937,0.6049336791038513,0.5928357839584351,0.23912963271141052,0.6655421257019043,0.6690030097961426,0.20302581787109375,0.6186639070510864,0.5798887014389038,0.2460445612668991,0.6845874786376953,0.6562849283218384,0.2056027203798294
0236,./images/8/frame_00236.jpg,Warning,0.7087374925613403,0.3513195514678955,0.13032802939414978,0.7076870203018188,0.3435329794883728,0.11664514243602753,0.7062016725540161,0.34181466698646545,0.11664392799139023,0.7047056555747986,0.34014075994491577,0.11665280163288116,0.7116058468818665,0.34778517484664917,0.11337621510028839,0.7127858400344849,0.3489569425582886,0.11338929831981659,0.7139183282852173,0.35003164410591125,0.11332128196954727,0.7013140320777893,0.3407279849052429,0.06462451815605164,0.7146528363227844,0.3537081778049469,0.049605414271354675,0.7047675848007202,0.3525528311729431,0.11564423143863678,0.7097520232200623,0.3577940762042999,0.11102000623941422,0.6725812554359436,0.35181882977485657,0.034333907067775726,0.7205334305763245,0.39532288908958435,0.00984981469810009,0.6436013579368591,0.39872869849205017,0.051009632647037506,0.7135617136955261,0.45389530062675476,0.05521831661462784,0.6361353397369385,0.44787028431892395,0.09750237315893173,0.6972079277038574,0.45678919553756714,0.14923809468746185,0.6336148977279663,0.45898228883743286,0.09968407452106476,0.6949276924133301,0.4572394788265228,0.16112560033798218,0.6356332302093506,0.4634208381175995,0.10421235859394073,0.6917742490768433,0.4535338878631592,0.16247127950191498,0.6371622681617737,0.45939522981643677,0.09963127970695496,0.6914716958999634,0.45128870010375977,0.15150192379951477,0.6444498300552368,0.46681708097457886,0.018861856311559677,0.673801839351654,0.49416089057922363,-0.01913817599415779,0.6324573755264282,0.5130201578140259,0.14466385543346405,0.6824787259101868,0.56712806224823,0.11752063035964966,0.6169911026954651,0.5828148722648621,0.22453799843788147,0.6718655824661255,0.6543867588043213,0.19471237063407898,0.6065530776977539,0.5939633250236511,0.23502464592456818,0.665695309638977,0.6689701676368713,0.2052004337310791,0.6187628507614136,0.5804230570793152,0.2440834790468216,0.6846290826797485,0.6555476784706116,0.20930370688438416
0237,./images/8/frame_00237.jpg,Warning,0.7069011330604553,0.35150715708732605,0.16227728128433228,0.7058148980140686,0.3435813784599304,0.14858923852443695,0.7043355703353882,0.34184402227401733,0.1485797017812729,0.7028764486312866,0.34018775820732117,0.14858868718147278,0.7097799777984619,0.3478812575340271,0.1450422704219818,0.710986316204071,0.34904637932777405,0.14506424963474274,0.7121444344520569,0.3501051366329193,0.1449897587299347,0.699764609336853,0.3408198952674866,0.09586222469806671,0.7128680944442749,0.35374748706817627,0.07920249551534653,0.7030496001243591,0.35284069180488586,0.14736805856227875,0.707977294921875,0.3581464886665344,0.14224204421043396,0.6703470945358276,0.35216450691223145,0.06612185388803482,0.719091534614563,0.39595189690589905,0.03523945063352585,0.6414419412612915,0.40036332607269287,0.08660325407981873,0.7118388414382935,0.45450320839881897,0.08547332137823105,0.6341079473495483,0.4474150836467743,0.13951176404953003,0.6964648962020874,0.4570435881614685,0.1983187198638916,0.6307236552238464,0.45966148376464844,0.1423192173242569,0.6943531632423401,0.45741042494773865,0.21113605797290802,0.6341261267662048,0.46508243680000305,0.14679434895515442,0.6908317804336548,0.45365551114082336,0.21214595437049866,0.6357472538948059,0.4613158702850342,0.14174853265285492,0.6903239488601685,0.4516129791736603,0.20134718716144562,0.642755925655365,0.46760037541389465,0.01882017031311989,0.6729065775871277,0.49420005083084106,-0.019100869074463844,0.6306983232498169,0.5139180421829224,0.1550889015197754,0.6814640760421753,0.5668157339096069,0.12408126890659332,0.6168903112411499,0.5833026766777039,0.2322283238172531,0.6720186471939087,0.6541773080825806,0.20229308307170868,0.6064354181289673,0.5942163467407227,0.24252764880657196,0.6661663055419922,0.6680476069450378,0.21286065876483917,0.6191837787628174,0.581027090549469,0.2544145882129669,0.6845581531524658,0.6552529335021973,0.21986806392669678
0238,./images/8/frame_00238.jpg,Warning,0.7058845162391663,0.3535599708557129,0.10369793325662613,0.7048015594482422,0.34541618824005127,0.08889561146497726,0.7033476233482361,0.3435169458389282,0.08889061212539673,0.7018994092941284,0.3416794538497925,0.08889733254909515,0.7085777521133423,0.349629282951355,0.08498464524745941,0.7097159624099731,0.35062578320503235,0.08498360216617584,0.7108196020126343,0.35152673721313477,0.08490567654371262,0.6986379623413086,0.3412778079509735,0.03773896396160126,0.7114130854606628,0.35443684458732605,0.019451364874839783,0.7021007537841797,0.3548942506313324,0.08987556397914886,0.7067292928695679,0.3598242998123169,0.08436022698879242,0.6687187552452087,0.3524015247821808,0.022989261895418167,0.7174403667449951,0.3959167003631592,-0.01645289547741413,0.640518307685852,0.4007174074649811,0.04342873394489288,0.7101765871047974,0.454892098903656,0.03882976248860359,0.6320258378982544,0.4478450417518616,0.08599482476711273,0.6964497566223145,0.4567154049873352,0.15726499259471893,0.6276068687438965,0.46231809258461,0.08782780170440674,0.6943475604057312,0.4575667977333069,0.17013278603553772,0.6302361488342285,0.4680160880088806,0.09095461666584015,0.6908938884735107,0.45350176095962524,0.17000435292720795,0.6318817138671875,0.46378326416015625,0.08754819631576538,0.6904810667037964,0.4515962302684784,0.1601613312959671,0.6416884660720825,0.46937623620033264,0.022013815119862556,0.671467125415802,0.4942406415939331,-0.022289356216788292,0.6296498775482178,0.5138232111930847,0.154679074883461,0.6809395551681519,0.5664107203483582,0.11664245277643204,0.6168817281723022,0.5836203694343567,0.2533864676952362,0.6722098588943481,0.6541839241981506,0.20836694538593292,0.6076780557632446,0.5947773456573486,0.2664416432380676,0.666500449180603,0.667671263217926,0.22091837227344513,0.615039587020874,0.5804895162582397,0.2768387496471405,0.6851022243499756,0.6551739573478699,0.2266247272491455
0239,./images/8/frame_00239.jpg,Warning,0.7049674391746521,0.3541279137134552,0.11023081839084625,0.7039507627487183,0.3457707166671753,0.09545911103487015,0.702553927898407,0.34385430812835693,0.09545757621526718,0.7011367082595825,0.34199827909469604,0.095462866127491,0.7074993252754211,0.3499089479446411,0.09185025840997696,0.7085778117179871,0.3508531451225281,0.09184754639863968,0.7096337676048279,0.35170745849609375,0.0917782261967659,0.6978404521942139,0.341449111700058,0.04381401464343071,0.7101040482521057,0.35454410314559937,0.027175089344382286,0.7012411952018738,0.35540086030960083,0.09605351835489273,0.7056764960289001,0.3601207733154297,0.0909804180264473,0.6673668622970581,0.35300368070602417,0.030708353966474533,0.7160824537277222,0.39590415358543396,-0.010556529276072979,0.639715313911438,0.4005626142024994,0.05688994377851486,0.7074469327926636,0.45502641797065735,0.0467354953289032,0.6300871968269348,0.4482097327709198,0.10941418260335922,0.6965357065200806,0.45643505454063416,0.1655876338481903,0.6267431974411011,0.4619085192680359,0.1143588274717331,0.6937419176101685,0.4571658670902252,0.1782727837562561,0.6285982131958008,0.46718937158584595,0.1131964698433876,0.6903488636016846,0.4527711272239685,0.17784789204597473,0.6302922964096069,0.4630037546157837,0.10993130505084991,0.689751386642456,0.45109114050865173,0.16834703087806702,0.6399089694023132,0.4690088629722595,0.023024408146739006,0.6700819134712219,0.49227315187454224,-0.02328929677605629,0.6293918490409851,0.5145312547683716,0.14825353026390076,0.6801590919494629,0.5665635466575623,0.1142575740814209,0.6164709329605103,0.5838364362716675,0.24705521762371063,0.6722569465637207,0.6540225148200989,0.20124177634716034,0.6066253185272217,0.5930220484733582,0.25705963373184204,0.6667500138282776,0.6671806573867798,0.2135978490114212,0.616551399230957,0.5832632184028625,0.2595442831516266,0.6856459379196167,0.6551946401596069,0.21240484714508057
0240,./images/8/frame_00240.jpg,Warning,0.7041252851486206,0.3561592400074005,0.08261054009199142,0.7031269073486328,0.3471886217594147,0.06893865764141083,0.7017282247543335,0.3451019823551178,0.06893522292375565,0.700275719165802,0.34308451414108276,0.06893228739500046,0.7065728902816772,0.3514810800552368,0.06374797224998474,0.7075795531272888,0.35232916474342346,0.06374576687812805,0.708567202091217,0.35311561822891235,0.06367919594049454,0.696659505367279,0.34182214736938477,0.02363707683980465,0.7089206576347351,0.35520049929618835,6.104348722146824e-05,0.7004287242889404,0.3570927381515503,0.07096772640943527,0.7047110795974731,0.3619557321071625,0.06384554505348206,0.6658940315246582,0.3530208170413971,0.01727110520005226,0.7134372591972351,0.39523205161094666,-0.033467575907707214,0.6389597654342651,0.4012494683265686,0.05485062673687935,0.7062211036682129,0.4549926817417145,0.02736721560359001,0.6321987509727478,0.4480336606502533,0.11114375293254852,0.6986745595932007,0.45185431838035583,0.15413939952850342,0.6283496618270874,0.46067389845848083,0.11576881259679794,0.6995009183883667,0.45219099521636963,0.16776646673679352,0.6291308999061584,0.4630207121372223,0.11680110543966293,0.69744473695755,0.446304589509964,0.16938459873199463,0.6321294903755188,0.45968595147132874,0.11240972578525543,0.6957477331161499,0.4448855221271515,0.15833863615989685,0.6384711265563965,0.46990135312080383,0.022448286414146423,0.6679462194442749,0.4924987852573395,-0.022718150168657303,0.6301572322845459,0.517591118812561,0.14558368921279907,0.6791090369224548,0.5666840672492981,0.11501584947109222,0.615317702293396,0.5845106840133667,0.24212327599525452,0.6726041436195374,0.6534121632575989,0.21224966645240784,0.6073064804077148,0.59587562084198,0.25451573729515076,0.6673368215560913,0.6666222214698792,0.22551119327545166,0.6169402599334717,0.583236038684845,0.2650110125541687,0.6861294507980347,0.6542778611183167,0.23385277390480042
0241,./images/8/frame_00241.jpg,Warning,0.7033170461654663,0.3573552966117859,0.08820520341396332,0.702412486076355,0.34880346059799194,0.07361740618944168,0.7010813355445862,0.34661686420440674,0.0736154243350029,0.6996973156929016,0.34447628259658813,0.07361021637916565,0.7057466506958008,0.35323914885520935,0.06936586648225784,0.7067539691925049,0.3541209399700165,0.06936900317668915,0.7077528238296509,0.35498514771461487,0.06930798292160034,0.6961275935173035,0.3427066206932068,0.025778207927942276,0.7077738642692566,0.3567139804363251,0.006272607948631048,0.6998549699783325,0.3579408824443817,0.07579809427261353,0.7039686441421509,0.362888365983963,0.06986517459154129,0.6650372743606567,0.3534248471260071,0.0180397629737854,0.7127552032470703,0.39538776874542236,-0.02702898159623146,0.6383299231529236,0.40112242102622986,0.059120118618011475,0.7048629522323608,0.4560263454914093,0.03266710415482521,0.6332098245620728,0.44796162843704224,0.12389212846755981,0.6986769437789917,0.45140668749809265,0.15389719605445862,0.630779504776001,0.45960715413093567,0.129052072763443,0.6990492343902588,0.45151206851005554,0.16655516624450684,0.630487322807312,0.46123063564300537,0.13035455346107483,0.6964150667190552,0.44582557678222656,0.16699498891830444,0.6326264142990112,0.4581519365310669,0.12554028630256653,0.6952388882637024,0.4446426331996918,0.15745458006858826,0.6372814178466797,0.4699934720993042,0.02224869653582573,0.6673123240470886,0.49265098571777344,-0.02252225950360298,0.6249234676361084,0.517727792263031,0.13527880609035492,0.678368330001831,0.5668628811836243,0.11579728126525879,0.614236056804657,0.5870616436004639,0.236959308385849,0.6725424528121948,0.652247428894043,0.2180449217557907,0.6039732098579407,0.5971645712852478,0.24924500286579132,0.667251467704773,0.6660740971565247,0.23173554241657257,0.6162275075912476,0.5838563442230225,0.25920045375823975,0.6859118342399597,0.6529291868209839,0.24045297503471375
0242,./images/8/frame_00242.jpg,Warning,0.7023714780807495,0.35731324553489685,0.10838191211223602,0.7016569375991821,0.3490764796733856,0.09762732684612274,0.7003470659255981,0.34704190492630005,0.09760214388370514,0.6989496350288391,0.3449919521808624,0.09759176522493362,0.7048777937889099,0.3532291054725647,0.09089376032352448,0.7058636546134949,0.3540985882282257,0.09088754653930664,0.706845760345459,0.35495784878730774,0.09081429243087769,0.6949969530105591,0.3430679142475128,0.05501217395067215,0.706778347492218,0.35671427845954895,0.0269720908254385,0.6989153623580933,0.3580077290534973,0.09858759492635727,0.7030234932899475,0.36287006735801697,0.08929036557674408,0.6647619009017944,0.3535565137863159,0.043516356498003006,0.7113012075424194,0.39510858058929443,-0.013596005737781525,0.6373499035835266,0.40102869272232056,0.0739399641752243,0.703773021697998,0.45606181025505066,0.04637029021978378,0.630668044090271,0.4499773383140564,0.127040833234787,0.6986797451972961,0.44982388615608215,0.16828741133213043,0.6280342936515808,0.4628342390060425,0.1301690936088562,0.6988078355789185,0.4471859335899353,0.17977206408977509,0.6305404901504517,0.4632789194583893,0.13283750414848328,0.695975661277771,0.44074520468711853,0.18058234453201294,0.6317901015281677,0.46014663577079773,0.1287355124950409,0.6949044466018677,0.4397857189178467,0.17167791724205017,0.6363113522529602,0.470229834318161,0.022650927305221558,0.6664534211158752,0.4926644265651703,-0.022942660376429558,0.6238507032394409,0.5169158577919006,0.15457627177238464,0.6783645749092102,0.5669586658477783,0.12881062924861908,0.6143627166748047,0.5854058861732483,0.24535684287548065,0.6725175976753235,0.6518376469612122,0.21840175986289978,0.6052405834197998,0.5971822738647461,0.2570696473121643,0.6672384142875671,0.6640522480010986,0.23031406104564667,0.6123079061508179,0.5815313458442688,0.2673701345920563,0.6867918968200684,0.6530306339263916,0.23701319098472595
0243,./images/8/frame_00243.jpg,Warning,0.7012066841125488,0.3575902283191681,0.08872202038764954,0.7006254196166992,0.34946200251579285,0.07401406764984131,0.6993030905723572,0.3474022448062897,0.07400459051132202,0.6979013681411743,0.3453322947025299,0.07399023324251175,0.7039252519607544,0.3537275195121765,0.0687369629740715,0.7049384117126465,0.3546717166900635,0.06873846054077148,0.7059367895126343,0.35563498735427856,0.06867124885320663,0.6941923499107361,0.3432263433933258,0.02653595246374607,0.7059288024902344,0.3569992184638977,0.0033026759047061205,0.6974793672561646,0.35801947116851807,0.07689450681209564,0.7018164396286011,0.36306363344192505,0.06984712183475494,0.6634875535964966,0.3535599708557129,0.027279088273644447,0.7103222012519836,0.3951565623283386,-0.033631302416324615,0.637758731842041,0.3994545042514801,0.08342903852462769,0.7020562291145325,0.45625147223472595,0.028475001454353333,0.6404746770858765,0.43547940254211426,0.16021078824996948,0.697384238243103,0.45004090666770935,0.1494780331850052,0.6405815482139587,0.4437984824180603,0.16870930790901184,0.698138952255249,0.44856664538383484,0.16073131561279297,0.6432714462280273,0.44418177008628845,0.16968756914138794,0.6959322690963745,0.4424218535423279,0.16202619671821594,0.6441441774368286,0.4421863257884979,0.16220806539058685,0.6944824457168579,0.44140511751174927,0.15340182185173035,0.635236382484436,0.4700509309768677,0.025457462295889854,0.664606511592865,0.49268412590026855,-0.025720786303281784,0.6280471682548523,0.5169170498847961,0.15594667196273804,0.6782473921775818,0.565324604511261,0.12732234597206116,0.6141971945762634,0.584295928478241,0.2558845579624176,0.6724977493286133,0.6504801511764526,0.21994630992412567,0.6044715046882629,0.5947173833847046,0.26921361684799194,0.6667747497558594,0.6634488105773926,0.23307856917381287,0.6161298155784607,0.578978955745697,0.2823328375816345,0.6873611211776733,0.6531323790550232,0.24247603118419647
0244,./images/8/frame_00244.jpg,Warning,0.7005174160003662,0.3594929575920105,0.1479567587375641,0.7000648379325867,0.35134172439575195,0.1368436962366104,0.6987897753715515,0.349295437335968,0.13682624697685242,0.6974373459815979,0.3471747040748596,0.13682079315185547,0.7033244967460632,0.35532376170158386,0.13072486221790314,0.7043827772140503,0.35617005825042725,0.13073043525218964,0.7054611444473267,0.35704541206359863,0.13066424429416656,0.6936911940574646,0.34462466835975647,0.09241195023059845,0.7054558396339417,0.3578386902809143,0.0646970346570015,0.69688481092453,0.36017096042633057,0.13603916764259338,0.7008875608444214,0.36468255519866943,0.12769731879234314,0.6626399159431458,0.3541538119316101,0.0762706995010376,0.7097045183181763,0.39531242847442627,0.02003355883061886,0.6370720267295837,0.40041378140449524,0.10484329611063004,0.7012513875961304,0.4571572542190552,0.0708530843257904,0.6379401683807373,0.4520314633846283,0.15670153498649597,0.6972836256027222,0.44889944791793823,0.1842518150806427,0.6370803713798523,0.4621517062187195,0.16011199355125427,0.6974583864212036,0.44787779450416565,0.19495728611946106,0.6390365362167358,0.46252915263175964,0.1646316796541214,0.6949409246444702,0.4412182569503784,0.19607535004615784,0.6404991149902344,0.4593687653541565,0.15884897112846375,0.693031370639801,0.4402349293231964,0.18736109137535095,0.6336432099342346,0.47004368901252747,0.024645943194627762,0.6634210348129272,0.4920644462108612,-0.024914328008890152,0.6243657469749451,0.5169053673744202,0.16613133251667023,0.676862359046936,0.5653635859489441,0.13809765875339508,0.6132809519767761,0.5841608643531799,0.248370960354805,0.6723480820655823,0.6492174863815308,0.21753498911857605,0.6036615967750549,0.5931876301765442,0.2599714398384094,0.6664769649505615,0.6626017093658447,0.22874779999256134,0.6167119741439819,0.5792701244354248,0.2712012231349945,0.687299370765686,0.6530528664588928,0.2356230914592743
0245,./images/8/frame_00245.jpg,Warning,0.7009350061416626,0.36310580372810364,0.1502196490764618,0.7005554437637329,0.35448065400123596,0.13940782845020294,0.6993066072463989,0.35217857360839844,0.13939107954502106,0.6979630589485168,0.34975460171699524,0.13938793540000916,0.7037421464920044,0.3587853014469147,0.13307411968708038,0.7047568559646606,0.3596145212650299,0.13308247923851013,0.7057775855064392,0.3604857921600342,0.1330171525478363,0.6940282583236694,0.3458021581172943,0.0961487889289856,0.7056242227554321,0.36011165380477905,0.0673617422580719,0.6973217725753784,0.3633841574192047,0.13865993916988373,0.7012330889701843,0.36775144934654236,0.13002857565879822,0.6623056530952454,0.35361966490745544,0.08011104166507721,0.7090150713920593,0.3954758644104004,0.02443084493279457,0.6361076831817627,0.3993046283721924,0.11386653035879135,0.7000433206558228,0.4576919674873352,0.07632150501012802,0.6375888586044312,0.4518710970878601,0.1723172515630722,0.694226861000061,0.44672051072120667,0.18977604806423187,0.6369346380233765,0.46195921301841736,0.1775674968957901,0.6945762634277344,0.445753812789917,0.20130369067192078,0.6387330293655396,0.4627833962440491,0.18163388967514038,0.6914809346199036,0.43917688727378845,0.2028888761997223,0.6402524709701538,0.45971381664276123,0.17459383606910706,0.6897790431976318,0.43835312128067017,0.19324584305286407,0.6324705481529236,0.46961864829063416,0.024194788187742233,0.6619166731834412,0.4919896125793457,-0.024469230324029922,0.6222826242446899,0.517119824886322,0.16650798916816711,0.6751961708068848,0.5654188394546509,0.13472048938274384,0.6081675291061401,0.5822851657867432,0.24225680530071259,0.6723343133926392,0.6494312882423401,0.2064882069826126,0.6034559011459351,0.593193769454956,0.2510676085948944,0.6664723753929138,0.6624496579170227,0.21587517857551575,0.616874098777771,0.5797582268714905,0.26229190826416016,0.6871365904808044,0.6543090343475342,0.22166550159454346
0246,./images/8/frame_00246.jpg,Warning,0.7010494470596313,0.3639073371887207,0.18448711931705475,0.7008691430091858,0.35492226481437683,0.17523778975009918,0.6996769309043884,0.35265427827835083,0.17522379755973816,0.6983780264854431,0.35027265548706055,0.17523327469825745,0.703881561756134,0.35905006527900696,0.16824378073215485,0.7048441767692566,0.3598003089427948,0.16825485229492188,0.705801784992218,0.36059829592704773,0.16817578673362732,0.6944388151168823,0.3461760878562927,0.13376347720623016,0.7052145600318909,0.36001282930374146,0.10196828842163086,0.6973568201065063,0.36397144198417664,0.17309637367725372,0.7009825110435486,0.36841532588005066,0.1635756641626358,0.6625807881355286,0.35352787375450134,0.11582048237323761,0.7075034379959106,0.3948952555656433,0.05158136039972305,0.6353800296783447,0.3994438052177429,0.15340526401996613,0.6999306678771973,0.4577076733112335,0.10614727437496185,0.6372989416122437,0.45295441150665283,0.21718692779541016,0.6967889666557312,0.4467564821243286,0.22835402190685272,0.6363481879234314,0.4627540707588196,0.22392845153808594,0.6991752982139587,0.4451611042022705,0.24043488502502441,0.6386584043502808,0.46218809485435486,0.22802984714508057,0.6957573890686035,0.4389611482620239,0.2436409443616867,0.6399333477020264,0.4611778259277344,0.21959996223449707,0.6932169795036316,0.4379929006099701,0.23270025849342346,0.6314318776130676,0.46877321600914,0.027206653729081154,0.6609082818031311,0.490143358707428,-0.027466390281915665,0.6275867223739624,0.5162787437438965,0.18583005666732788,0.6749860048294067,0.5617972016334534,0.13190315663814545,0.6087654829025269,0.5813449025154114,0.2552087903022766,0.6720328330993652,0.6487811207771301,0.19882099330425262,0.604056715965271,0.5889492034912109,0.26389461755752563,0.6663986444473267,0.6606448888778687,0.20753023028373718,0.6159054040908813,0.5796602964401245,0.27443212270736694,0.6870732307434082,0.6536451578140259,0.20781084895133972
0247,./images/8/frame_00247.jpg,Warning,0.7010654807090759,0.36362937092781067,0.19004777073860168,0.7010180354118347,0.3547919690608978,0.18035414814949036,0.6998567581176758,0.35257890820503235,0.18034474551677704,0.6985803246498108,0.3502597510814667,0.1803572028875351,0.7039660215377808,0.35890790820121765,0.17406445741653442,0.7049269080162048,0.3596949577331543,0.17407767474651337,0.705886721611023,0.3605448007583618,0.17399919033050537,0.694604754447937,0.34618133306503296,0.1376049965620041,0.7052931189537048,0.35995620489120483,0.1087803840637207,0.6973390579223633,0.36364492774009705,0.17813445627689362,0.7009361982345581,0.36819857358932495,0.16946366429328918,0.66243577003479,0.3524415194988251,0.11737924814224243,0.7069405317306519,0.3945283591747284,0.05879759043455124,0.6351404190063477,0.39865022897720337,0.15758781135082245,0.6996508836746216,0.457576721906662,0.1169101744890213,0.6373431086540222,0.45235592126846313,0.2273063212633133,0.6983178853988647,0.44546329975128174,0.24554888904094696,0.6361725926399231,0.46237069368362427,0.235500767827034,0.7010105848312378,0.44348523020744324,0.2599213719367981,0.638569712638855,0.46126288175582886,0.23952427506446838,0.6972765326499939,0.43809622526168823,0.2633553147315979,0.639857292175293,0.46090927720069885,0.22997820377349854,0.6947216391563416,0.43708622455596924,0.25027844309806824,0.6298344135284424,0.46753862500190735,0.026589632034301758,0.6595345735549927,0.4883546531200409,-0.026857804507017136,0.6233521699905396,0.5167271494865417,0.17915478348731995,0.673527717590332,0.5607195496559143,0.13152900338172913,0.6093123555183411,0.5814616680145264,0.24193933606147766,0.6717842221260071,0.648224949836731,0.18596170842647552,0.6040976047515869,0.5891084671020508,0.24798627197742462,0.6663943529129028,0.6599403619766235,0.19365543127059937,0.6185900568962097,0.5797759294509888,0.25689777731895447,0.6870381832122803,0.6528884172439575,0.19409999251365662
0248,./images/8/frame_00248.jpg,Warning,0.7009717226028442,0.36451148986816406,0.21005836129188538,0.701073169708252,0.3550738990306854,0.20325203239917755,0.6999448537826538,0.352855920791626,0.20325109362602234,0.6986964344978333,0.3505434989929199,0.20325441658496857,0.7039986252784729,0.3592245876789093,0.19540323317050934,0.7049790620803833,0.36000683903694153,0.19539004564285278,0.7059629559516907,0.36086174845695496,0.1953207403421402,0.6946454644203186,0.3464122414588928,0.16439160704612732,0.7052855491638184,0.3600556552410126,0.12890687584877014,0.6972020864486694,0.3647822141647339,0.19856861233711243,0.7006521821022034,0.3691953122615814,0.18806937336921692,0.6623538136482239,0.3521004915237427,0.14694786071777344,0.7063814401626587,0.3938138782978058,0.06526993215084076,0.6341489553451538,0.3991541564464569,0.1747508943080902,0.6995869874954224,0.4578216075897217,0.11341707408428192,0.6354883909225464,0.4583824574947357,0.22326073050498962,0.6977348923683167,0.4498843848705292,0.23325440287590027,0.6332095861434937,0.4694826900959015,0.22864930331707,0.7009004354476929,0.44964727759361267,0.2436937540769577,0.6376321911811829,0.46483850479125977,0.23187872767448425,0.6970296502113342,0.4437900483608246,0.24756157398223877,0.637417197227478,0.4668174684047699,0.22465460002422333,0.6944082975387573,0.44198286533355713,0.2377815991640091,0.6296795606613159,0.46689555048942566,0.03389371931552887,0.65836501121521,0.4861336946487427,-0.03413916006684303,0.6241185665130615,0.5171642899513245,0.17664405703544617,0.6725075244903564,0.56099534034729,0.10870659351348877,0.60993891954422,0.5815737843513489,0.23241961002349854,0.6715877056121826,0.6482568383216858,0.15737661719322205,0.606171190738678,0.5919443964958191,0.23755457997322083,0.6667236089706421,0.6600590944290161,0.16319963335990906,0.6240731477737427,0.5798655152320862,0.23793832957744598,0.6871744394302368,0.6539244651794434,0.1531032770872116
0249,./images/8/frame_00249.jpg,Warning,0.7002949118614197,0.3650378882884979,0.1900353729724884,0.7005741596221924,0.3558456003665924,0.1816229522228241,0.6994675397872925,0.3536938428878784,0.18161629140377045,0.6982651948928833,0.3514721691608429,0.18160054087638855,0.7035037279129028,0.3598082363605499,0.17428357899188995,0.7044929265975952,0.3605407774448395,0.1742662489414215,0.705471932888031,0.36134451627731323,0.17421157658100128,0.6943572759628296,0.34721654653549194,0.13991212844848633,0.7046734690666199,0.36011803150177,0.10664936155080795,0.6962956190109253,0.3652622699737549,0.1780838519334793,0.6998829245567322,0.3696150481700897,0.16822515428066254,0.6624540686607361,0.3520059585571289,0.12424125522375107,0.7053655385971069,0.39384227991104126,0.05126136541366577,0.6346133351325989,0.39918065071105957,0.1640046089887619,0.6999975442886353,0.4578723609447479,0.1065673977136612,0.6368919610977173,0.4576575756072998,0.2257757931947708,0.6979765295982361,0.4457797110080719,0.23711490631103516,0.6347957253456116,0.4687110185623169,0.23457005620002747,0.7003767490386963,0.4433913826942444,0.2511632442474365,0.6380833983421326,0.4646172523498535,0.23736472427845,0.6967157125473022,0.43644753098487854,0.2543303966522217,0.6389145851135254,0.46560466289520264,0.22765283286571503,0.6943832635879517,0.43544426560401917,0.24174344539642334,0.6289006471633911,0.46710607409477234,0.031769704073667526,0.6571487784385681,0.4858854413032532,-0.03205695003271103,0.6240572929382324,0.5202168226242065,0.1740453541278839,0.6710646748542786,0.5597777366638184,0.11220234632492065,0.6105879545211792,0.5830258131027222,0.21380825340747833,0.6709393262863159,0.6479409337043762,0.15670260787010193,0.6071873307228088,0.5952947735786438,0.21940024197101593,0.6666290163993835,0.6600520014762878,0.16273541748523712,0.6201056241989136,0.5902958512306213,0.22266340255737305,0.685233473777771,0.653921902179718,0.15934842824935913
0250,./images/8/frame_00250.jpg,Warning,0.700206995010376,0.36569759249687195,0.19146645069122314,0.7005165815353394,0.35638427734375,0.18223276734352112,0.6994128823280334,0.35418131947517395,0.1822180449962616,0.6982166767120361,0.3519415855407715,0.18219873309135437,0.7034531831741333,0.3606707751750946,0.17571258544921875,0.7044345140457153,0.3615182638168335,0.1756843626499176,0.7054024338722229,0.36241960525512695,0.17562678456306458,0.6943637132644653,0.34768587350845337,0.13708584010601044,0.7045350670814514,0.3610832989215851,0.10771135240793228,0.6961049437522888,0.36571910977363586,0.17820335924625397,0.6997209787368774,0.3705746531486511,0.16945752501487732,0.6626207828521729,0.3515265882015228,0.12161904573440552,0.7045654058456421,0.39377132058143616,0.05217950791120529,0.6343885064125061,0.40087366104125977,0.16636104881763458,0.6999083757400513,0.45787808299064636,0.11614347994327545,0.6348282098770142,0.4505097270011902,0.2365327626466751,0.6979336142539978,0.44088855385780334,0.25519269704818726,0.6334874033927917,0.45896369218826294,0.24663594365119934,0.7000729441642761,0.4372667074203491,0.2701106369495392,0.6357380151748657,0.45815178751945496,0.24873122572898865,0.6965105533599854,0.4297983944416046,0.27330464124679565,0.6363610029220581,0.4562479257583618,0.2385580837726593,0.6943119764328003,0.4294433891773224,0.2599395215511322,0.6272262334823608,0.46509191393852234,0.033046431839466095,0.6542532444000244,0.48374998569488525,-0.03334227576851845,0.6249929666519165,0.5201411247253418,0.17456504702568054,0.6694916486740112,0.5600740909576416,0.10925804078578949,0.6111974716186523,0.5828193426132202,0.21173600852489471,0.6709840893745422,0.6480217576026917,0.14249083399772644,0.6093943119049072,0.5948999524116516,0.21651478111743927,0.6668664813041687,0.6602810621261597,0.14718928933143616,0.6224460005760193,0.592332661151886,0.2198689728975296,0.6861410140991211,0.6549381017684937,0.14097580313682556
0251,./images/8/frame_00251.jpg,Warning,0.6997052431106567,0.3676111102104187,0.20975060760974884,0.7001417875289917,0.3586415648460388,0.20197303593158722,0.6990455389022827,0.3564472198486328,0.20196357369422913,0.6978579759597778,0.354158878326416,0.20195019245147705,0.7031863927841187,0.36267080903053284,0.19439062476158142,0.7042064666748047,0.3633376657962799,0.1943560391664505,0.7052100300788879,0.3640524446964264,0.19428882002830505,0.6941000819206238,0.3492280840873718,0.15902218222618103,0.7043779492378235,0.3623148500919342,0.1247822642326355,0.6954911947250366,0.3677147328853607,0.19692516326904297,0.6991302967071533,0.37204018235206604,0.18682187795639038,0.66249018907547,0.35033178329467773,0.14076176285743713,0.7040716409683228,0.39306923747062683,0.06304909288883209,0.634626030921936,0.3987569212913513,0.17733462154865265,0.6995586156845093,0.457535058259964,0.121085986495018,0.636249840259552,0.44850975275039673,0.2323937863111496,0.6979341506958008,0.4419602155685425,0.25329798460006714,0.633899450302124,0.45714205503463745,0.23839180171489716,0.6993824243545532,0.43778228759765625,0.2658986449241638,0.6357558965682983,0.4556140601634979,0.24187390506267548,0.696040689945221,0.4310312569141388,0.2679148018360138,0.6381908059120178,0.4544547200202942,0.2342061549425125,0.6936299204826355,0.4311906695365906,0.2574673295021057,0.6258742213249207,0.4643022418022156,0.033793289214372635,0.6541330814361572,0.4839685261249542,-0.0340920016169548,0.6257065534591675,0.514918863773346,0.1895647644996643,0.6678812503814697,0.5594597458839417,0.11133158206939697,0.614030659198761,0.5765515565872192,0.22004707157611847,0.6707950830459595,0.6473876237869263,0.14936180412769318,0.6114242672920227,0.5905583500862122,0.22534897923469543,0.666986346244812,0.6604297757148743,0.15367832779884338,0.6235071420669556,0.5847142934799194,0.22805340588092804,0.686145007610321,0.6549323797225952,0.1447632610797882
0252,./images/8/frame_00252.jpg,Warning,0.6998645663261414,0.3699914216995239,0.19642595946788788,0.7002715468406677,0.36083391308784485,0.19004841148853302,0.6991640329360962,0.3585852384567261,0.19003666937351227,0.697958767414093,0.3562834560871124,0.19001981616020203,0.7032949924468994,0.3647006154060364,0.1811612993478775,0.7042842507362366,0.3652033507823944,0.1811295747756958,0.7052488327026367,0.3657853901386261,0.18107075989246368,0.6942014098167419,0.35057732462882996,0.15334133803844452,0.7043004035949707,0.36345088481903076,0.11269662529230118,0.695597231388092,0.3697388470172882,0.1856030374765396,0.6990674138069153,0.3736240267753601,0.17381368577480316,0.6623667478561401,0.35038548707962036,0.14173199236392975,0.7022383213043213,0.39119189977645874,0.05228624492883682,0.6346601843833923,0.39873844385147095,0.1821308434009552,0.6989589929580688,0.458055317401886,0.11142754554748535,0.6358241438865662,0.4501076936721802,0.23799054324626923,0.6966871023178101,0.4437149465084076,0.23662766814231873,0.632927417755127,0.45773452520370483,0.2457519769668579,0.6983005404472351,0.4411796033382416,0.25122445821762085,0.6340926885604858,0.45707398653030396,0.24737899005413055,0.6951654553413391,0.43357178568840027,0.25222307443618774,0.6365271806716919,0.4549262225627899,0.23903372883796692,0.6927165389060974,0.43296971917152405,0.24059715867042542,0.6244351863861084,0.4637742340564728,0.03832562267780304,0.6520451903343201,0.48185017704963684,-0.03858540207147598,0.6254454255104065,0.5172702670097351,0.18179944157600403,0.6675145626068115,0.5581812262535095,0.10558150708675385,0.6151981353759766,0.5767996311187744,0.22296495735645294,0.6709070205688477,0.6468504667282104,0.14764687418937683,0.6117343306541443,0.5907489657402039,0.22869472205638885,0.6674669981002808,0.6605409979820251,0.15268871188163757,0.627038836479187,0.5921905636787415,0.2292253077030182,0.6865423321723938,0.6548795700073242,0.14234696328639984
0253,./images/8/frame_00253.jpg,Warning,0.6999834775924683,0.3705537021160126,0.192067489027977,0.7003070116043091,0.3615698516368866,0.18612919747829437,0.6992756128311157,0.35936981439590454,0.1861184686422348,0.6981576085090637,0.3571290671825409,0.18609635531902313,0.703390896320343,0.36544227600097656,0.1768277883529663,0.7043687105178833,0.3659727871417999,0.1767948567867279,0.7052959203720093,0.3665882647037506,0.1767372190952301,0.6943487524986267,0.35130834579467773,0.15054139494895935,0.7041032314300537,0.3639160692691803,0.10827867686748505,0.6957842707633972,0.37038490176200867,0.1816118061542511,0.6992326974868774,0.374409556388855,0.16927963495254517,0.6613233685493469,0.34996071457862854,0.14024947583675385,0.7005924582481384,0.3905610740184784,0.04886334761977196,0.63433837890625,0.40521353483200073,0.18753266334533691,0.6982803344726562,0.4591750204563141,0.10560629516839981,0.634128212928772,0.4520232379436493,0.2514652609825134,0.6968237161636353,0.44642364978790283,0.23493580520153046,0.6311616897583008,0.4609246551990509,0.26080983877182007,0.6982752084732056,0.4478152096271515,0.24709415435791016,0.6332252621650696,0.45694130659103394,0.26159268617630005,0.6952542662620544,0.4399763345718384,0.25000008940696716,0.6351854205131531,0.4575652778148651,0.2524557113647461,0.6927865743637085,0.43852847814559937,0.23959536850452423,0.6228610277175903,0.46336784958839417,0.03922637552022934,0.6506224870681763,0.4813176095485687,-0.039469875395298004,0.6252759695053101,0.5199397802352905,0.18168728053569794,0.6666570901870728,0.5579689741134644,0.10374242067337036,0.6160311102867126,0.5775781273841858,0.22429732978343964,0.6705953478813171,0.6461427211761475,0.14999224245548248,0.6131045818328857,0.591852605342865,0.23044486343860626,0.6671982407569885,0.660431444644928,0.15568530559539795,0.6279681921005249,0.5961928367614746,0.2317253053188324,0.6864053010940552,0.6545390486717224,0.14627334475517273
0254,./images/8/frame_00254.jpg,Warning,0.7000174522399902,0.3732815682888031,0.17281195521354675,0.7003738880157471,0.36447852849960327,0.16873861849308014,0.6993402242660522,0.3623170554637909,0.16872279345989227,0.6982194781303406,0.3601199686527252,0.16870267689228058,0.7033907771110535,0.36808064579963684,0.15714111924171448,0.7043411731719971,0.36849546432495117,0.15709997713565826,0.7052381038665771,0.368973970413208,0.1570381224155426,0.6943925619125366,0.35391154885292053,0.1461426466703415,0.7039855122566223,0.3655681610107422,0.08821867406368256,0.6956980228424072,0.3728429973125458,0.16507823765277863,0.699163556098938,0.37679702043533325,0.1499037742614746,0.6614733934402466,0.3499915301799774,0.12989436089992523,0.7001391053199768,0.38990601897239685,0.025055905804038048,0.6359055042266846,0.4060026705265045,0.17044803500175476,0.6980012655258179,0.45919832587242126,0.07602745294570923,0.6342726349830627,0.4528086483478546,0.2478770911693573,0.6958386898040771,0.4465477466583252,0.20617540180683136,0.6312797665596008,0.4625825583934784,0.25455448031425476,0.69673091173172,0.4493912160396576,0.2161642611026764,0.6335060000419617,0.46063897013664246,0.25319749116897583,0.6946532130241394,0.44193050265312195,0.22101044654846191,0.6354023218154907,0.4587863087654114,0.24600735306739807,0.6922537684440613,0.4401503801345825,0.21151363849639893,0.6228954792022705,0.46337059140205383,0.04266038164496422,0.6502810716629028,0.4816686809062958,-0.0429239496588707,0.6254291534423828,0.518913984298706,0.19904711842536926,0.6654476523399353,0.5572950839996338,0.11103685945272446,0.6167434453964233,0.5781873464584351,0.25499242544174194,0.6700292825698853,0.6447256803512573,0.16109101474285126,0.6132348775863647,0.591406524181366,0.26187843084335327,0.6663416624069214,0.6601434350013733,0.16725492477416992,0.627191424369812,0.5959908366203308,0.2653568685054779,0.6864055395126343,0.6539961695671082,0.15054163336753845
0255,./images/8/frame_00255.jpg,Warning,0.7000784277915955,0.3759068250656128,0.16199390590190887,0.7004232406616211,0.3669864535331726,0.16113968193531036,0.6994637846946716,0.3648631274700165,0.16112180054187775,0.6984377503395081,0.36268988251686096,0.1610981523990631,0.7034392952919006,0.3701110780239105,0.14749212563037872,0.7043673396110535,0.3702948987483978,0.14744846522808075,0.7052305936813354,0.3705536425113678,0.1473865509033203,0.6945973634719849,0.3558008372783661,0.14153948426246643,0.7037445306777954,0.3662104308605194,0.08186106383800507,0.6957926750183105,0.3753495216369629,0.1575038582086563,0.6991750597953796,0.37872934341430664,0.13971593976020813,0.6615922451019287,0.3506447970867157,0.14983806014060974,0.6992999315261841,0.38858503103256226,0.010792350396513939,0.6412816643714905,0.40908852219581604,0.1898631453514099,0.695268452167511,0.4579068124294281,0.04812735319137573,0.6395291090011597,0.456731379032135,0.23296836018562317,0.6907840967178345,0.4557952582836151,0.16327330470085144,0.6365074515342712,0.467313677072525,0.2404772937297821,0.6915327906608582,0.466386616230011,0.1689147651195526,0.6425144672393799,0.46305546164512634,0.23996014893054962,0.6908729076385498,0.4605974555015564,0.17447258532047272,0.6429929137229919,0.4608288109302521,0.23248346149921417,0.6884914040565491,0.45746684074401855,0.16863958537578583,0.6210704445838928,0.4608427584171295,0.050880126655101776,0.6476157307624817,0.47837769985198975,-0.051120590418577194,0.6254266500473022,0.5183533430099487,0.192022442817688,0.6662128567695618,0.5548146367073059,0.10234532505273819,0.6168866157531738,0.5782201886177063,0.24959106743335724,0.6700646281242371,0.6435547471046448,0.1374816596508026,0.6130004525184631,0.5909846425056458,0.25581830739974976,0.6659823060035706,0.6590694189071655,0.14186137914657593,0.6266137361526489,0.588308572769165,0.2481713593006134,0.6864844560623169,0.6526105403900146,0.13002638518810272
0256,./images/8/frame_00256.jpg,Warning,0.7001354098320007,0.3771304786205292,0.14778640866279602,0.7004450559616089,0.3681866228580475,0.1445871740579605,0.6995151042938232,0.3661336302757263,0.1445639431476593,0.6985499858856201,0.36404889822006226,0.1445375382900238,0.7034499645233154,0.3712521493434906,0.13255557417869568,0.704331636428833,0.3714316785335541,0.1325138360261917,0.7051459550857544,0.3717055022716522,0.13246169686317444,0.6946561932563782,0.3570232689380646,0.12142936885356903,0.7036312818527222,0.36772164702415466,0.06728306412696838,0.6958598494529724,0.37695392966270447,0.1417311578989029,0.6991296410560608,0.3801742494106293,0.1260126233100891,0.6620591878890991,0.350985586643219,0.1365346610546112,0.6981512904167175,0.38872578740119934,-0.000902310130186379,0.6431318521499634,0.40911728143692017,0.17621198296546936,0.6936520934104919,0.457993745803833,0.04085933044552803,0.6427342891693115,0.4563240110874176,0.2268640697002411,0.6850296258926392,0.4657606780529022,0.15986335277557373,0.6426504254341125,0.4667556881904602,0.2366952896118164,0.6850387454032898,0.4704155921936035,0.1669519692659378,0.6439125537872314,0.46381235122680664,0.23263731598854065,0.6846391558647156,0.465157151222229,0.17254088819026947,0.6457110643386841,0.460718035697937,0.22349277138710022,0.6825352311134338,0.45660632848739624,0.1652056872844696,0.6196699738502502,0.45851466059684753,0.0499848872423172,0.6450453996658325,0.47667425870895386,-0.050237495452165604,0.625213086605072,0.5208292603492737,0.18871040642261505,0.6662970781326294,0.55221027135849,0.10330484062433243,0.6168581247329712,0.5794597864151001,0.22653158009052277,0.6687737703323364,0.6409776210784912,0.13347592949867249,0.6128260493278503,0.5911373496055603,0.23039336502552032,0.6642460227012634,0.6569125056266785,0.13753260672092438,0.6264156699180603,0.5891934037208557,0.23015952110290527,0.6856988668441772,0.6506091356277466,0.13092663884162903
0257,./images/8/frame_00257.jpg,Warning,0.700167715549469,0.3780471086502075,0.14288559556007385,0.7004967927932739,0.3696754574775696,0.14062461256980896,0.6995437741279602,0.36771470308303833,0.14059945940971375,0.698576807975769,0.3657185435295105,0.14057601988315582,0.7034139037132263,0.3724915087223053,0.12714281678199768,0.7042528390884399,0.3726252317428589,0.1270999014377594,0.7050286531448364,0.37285271286964417,0.1270403265953064,0.6949008107185364,0.3586016893386841,0.11989233642816544,0.7035540342330933,0.36872050166130066,0.0601346381008625,0.6958507299423218,0.3773123025894165,0.13809451460838318,0.698958158493042,0.3805091977119446,0.12052413076162338,0.6622697710990906,0.35130181908607483,0.13671383261680603,0.6979673504829407,0.38810983300209045,-0.011680396273732185,0.6452695727348328,0.41016992926597595,0.17193621397018433,0.6929100155830383,0.4571254849433899,0.02281111665070057,0.6432965993881226,0.45863956212997437,0.19715984165668488,0.6847066879272461,0.4674966037273407,0.13486215472221375,0.6413587331771851,0.4674660861492157,0.2036464959383011,0.6845948100090027,0.4725683033466339,0.13911119103431702,0.6453781723976135,0.4669744670391083,0.2011624127626419,0.6844663619995117,0.4680525064468384,0.14511747658252716,0.6460028886795044,0.4641886055469513,0.1952909529209137,0.6824952363967896,0.4633733630180359,0.1402483433485031,0.6184552907943726,0.45641911029815674,0.05490633845329285,0.6432549357414246,0.47269126772880554,-0.055146507918834686,0.6253651976585388,0.5154482126235962,0.21043558418750763,0.6657861471176147,0.5497753620147705,0.10488785803318024,0.6181357502937317,0.5773447155952454,0.2695167064666748,0.6664808988571167,0.6378583908081055,0.14370271563529968,0.6129480600357056,0.5889427065849304,0.2762300372123718,0.6614775061607361,0.6537734270095825,0.1489260196685791,0.6290972828865051,0.5827182531356812,0.27831676602363586,0.6851068735122681,0.6462457180023193,0.1402330994606018
0258,./images/8/frame_00258.jpg,Warning,0.7002722024917603,0.3774397671222687,0.14269059896469116,0.7007029056549072,0.3691422641277313,0.13896878063678741,0.6997852325439453,0.3671600818634033,0.13894440233707428,0.6988616585731506,0.36511343717575073,0.13890981674194336,0.7035082578659058,0.3719765543937683,0.1269713044166565,0.7043311595916748,0.3720948100090027,0.12692880630493164,0.7050929069519043,0.3723408877849579,0.12686875462532043,0.6953040957450867,0.358188658952713,0.1133774146437645,0.7035792469978333,0.36862319707870483,0.060133129358291626,0.695892870426178,0.37662824988365173,0.1361042559146881,0.6990016102790833,0.3799588084220886,0.12046639621257782,0.6630019545555115,0.35219836235046387,0.13355043530464172,0.6971316933631897,0.3880370557308197,-0.007775555364787579,0.6453719735145569,0.40950092673301697,0.1758546531200409,0.6917439699172974,0.4566565752029419,0.03582378476858139,0.6448984742164612,0.4576752185821533,0.2153356820344925,0.6848812103271484,0.4652603566646576,0.15369157493114471,0.6413208246231079,0.46627604961395264,0.22645708918571472,0.6822618842124939,0.46969786286354065,0.16045276820659637,0.6464213728904724,0.46660465002059937,0.2226448506116867,0.6835260987281799,0.46483543515205383,0.16639403998851776,0.6468645334243774,0.4639715552330017,0.2136954814195633,0.6819132566452026,0.461274117231369,0.1591605842113495,0.6176518201828003,0.4554140269756317,0.05257745459675789,0.640982985496521,0.47139427065849304,-0.052821241319179535,0.625450849533081,0.5156026482582092,0.19163775444030762,0.6635164618492126,0.5501875281333923,0.10084836184978485,0.6191181540489197,0.5751551985740662,0.2537408471107483,0.6653693318367004,0.6353226900100708,0.14910933375358582,0.6135727167129517,0.586919367313385,0.26108112931251526,0.6610888242721558,0.6508036255836487,0.15705859661102295,0.6336632370948792,0.5910329222679138,0.26523470878601074,0.6841468214988708,0.6453949809074402,0.15335717797279358
0259,./images/8/frame_00259.jpg,Warning,0.700306236743927,0.3795154094696045,0.1418282389640808,0.700941264629364,0.3716713488101959,0.13687671720981598,0.7001001238822937,0.3697349429130554,0.13684944808483124,0.699232280254364,0.3677182197570801,0.13681097328662872,0.7035501003265381,0.37427350878715515,0.1259932965040207,0.704342246055603,0.3743305504322052,0.12595103681087494,0.7051104307174683,0.37450170516967773,0.12588897347450256,0.6956783533096313,0.3600764870643616,0.10828761011362076,0.7036203742027283,0.3703788220882416,0.05996495485305786,0.6959425210952759,0.37826409935951233,0.13430188596248627,0.6990288496017456,0.3818085193634033,0.11995430290699005,0.6634007692337036,0.35211700201034546,0.12506192922592163,0.6958605647087097,0.3881986737251282,-0.0031136469915509224,0.6455967426300049,0.4079447388648987,0.1776331216096878,0.6900070309638977,0.455608993768692,0.046616919338703156,0.6455278396606445,0.4501746594905853,0.2304990291595459,0.68408203125,0.4658639132976532,0.16995540261268616,0.6426418423652649,0.45904722809791565,0.24267692863941193,0.6835242509841919,0.470218688249588,0.17812317609786987,0.6457194089889526,0.45534849166870117,0.23946797847747803,0.6829522848129272,0.46276581287384033,0.1830824911594391,0.6488062739372253,0.45799559354782104,0.22989924252033234,0.6824172735214233,0.46188172698020935,0.17510491609573364,0.6155533790588379,0.45295944809913635,0.04991774260997772,0.6382638812065125,0.47011885046958923,-0.05016735941171646,0.6250426173210144,0.517557680606842,0.1783759593963623,0.6634055376052856,0.5487474203109741,0.09518251568078995,0.6194653511047363,0.5756736397743225,0.2503894865512848,0.6631561517715454,0.6326901912689209,0.162139892578125,0.6162355542182922,0.5873765349388123,0.2587818503379822,0.6595184803009033,0.6471607685089111,0.1713816076517105,0.634949803352356,0.6031438708305359,0.26444634795188904,0.680570662021637,0.6425685286521912,0.17140159010887146
0260,./images/8/frame_00260.jpg,Warning,0.7001885771751404,0.3813033699989319,0.14101505279541016,0.7009633183479309,0.3732783794403076,0.13590207695960999,0.700109601020813,0.37142330408096313,0.13587753474712372,0.6992558836936951,0.36947911977767944,0.1358422338962555,0.7035025358200073,0.3758927583694458,0.12493827193975449,0.7042686343193054,0.37609240412712097,0.12489988654851913,0.7050070762634277,0.37640970945358276,0.12483735382556915,0.6958305239677429,0.3624248504638672,0.10780870914459229,0.7035629749298096,0.3728065490722656,0.05919317528605461,0.6958369016647339,0.3801335096359253,0.13382668793201447,0.6986211538314819,0.3838708698749542,0.11935899406671524,0.6649631261825562,0.35207149386405945,0.12326331436634064,0.6945890188217163,0.38825318217277527,-0.003594053443521261,0.6454504728317261,0.4039384722709656,0.1851131021976471,0.6900553107261658,0.45509079098701477,0.048203244805336,0.6457621455192566,0.44075050950050354,0.2481917440891266,0.6848288774490356,0.4648536741733551,0.1749667227268219,0.6430161595344543,0.44920286536216736,0.2620394825935364,0.6847189664840698,0.4692288339138031,0.18310682475566864,0.6467658281326294,0.4477313458919525,0.26008352637290955,0.6841596364974976,0.46335598826408386,0.18770918250083923,0.64896160364151,0.44690415263175964,0.24854989349842072,0.6831521391868591,0.4608190357685089,0.17999400198459625,0.614607572555542,0.4496809244155884,0.04942699521780014,0.6378042101860046,0.4655648469924927,-0.049690451472997665,0.6248535513877869,0.5167539715766907,0.1795954406261444,0.6634082794189453,0.5479447841644287,0.09555217623710632,0.6193118691444397,0.5751808881759644,0.25474032759666443,0.6598557829856873,0.6304406523704529,0.1648665964603424,0.6157178282737732,0.5869907736778259,0.26380655169487,0.6563053727149963,0.6429257988929749,0.17410098016262054,0.6332813501358032,0.600394070148468,0.27248600125312805,0.6760038137435913,0.6400047540664673,0.17555059492588043
0261,./images/8/frame_00261.jpg,Warning,0.6999119520187378,0.38302871584892273,0.1351216584444046,0.7008854746818542,0.3750612437725067,0.13071711361408234,0.7000683546066284,0.3730427324771881,0.13069166243076324,0.699237048625946,0.37096455693244934,0.1306547373533249,0.7032808065414429,0.3780239224433899,0.11966025829315186,0.7040055990219116,0.37833350896835327,0.11962437629699707,0.7047038674354553,0.37875989079475403,0.11956761032342911,0.6958576440811157,0.3633681833744049,0.10562161356210709,0.7033849954605103,0.3744574189186096,0.056665025651454926,0.6956309080123901,0.3813198208808899,0.12892907857894897,0.6982494592666626,0.3852160573005676,0.11434390395879745,0.6652772426605225,0.35099369287490845,0.1203928217291832,0.6943787932395935,0.38872209191322327,-0.005969231948256493,0.6449201107025146,0.39846768975257874,0.1809558868408203,0.6897297501564026,0.4547549784183502,0.045267827808856964,0.6450685262680054,0.43898922204971313,0.236171156167984,0.6845360398292542,0.4627459943294525,0.1767020970582962,0.6423436403274536,0.4485134482383728,0.24666747450828552,0.6844434142112732,0.468790739774704,0.18557468056678772,0.6459105014801025,0.4477423429489136,0.24569924175739288,0.684515118598938,0.4637487530708313,0.19018793106079102,0.6480767130851746,0.44572949409484863,0.23650804162025452,0.6830523610115051,0.46055373549461365,0.18199920654296875,0.6136373281478882,0.44544750452041626,0.04931879788637161,0.6359715461730957,0.4608016908168793,-0.049585167318582535,0.6246151924133301,0.5166546106338501,0.1802700012922287,0.6635020971298218,0.5386728644371033,0.09357105195522308,0.6192706227302551,0.5752571821212769,0.25217199325561523,0.6539932489395142,0.6248823404312134,0.16368958353996277,0.6162293553352356,0.5872520208358765,0.2606174051761627,0.6487623453140259,0.636064887046814,0.17257025837898254,0.6323724985122681,0.6042356491088867,0.26906415820121765,0.6687975525856018,0.6351810693740845,0.17622771859169006
0262,./images/8/frame_00262.jpg,Warning,0.6999218463897705,0.38396456837654114,0.13992002606391907,0.7009000778198242,0.3750881552696228,0.1346033662557602,0.700106680393219,0.3730328381061554,0.13458162546157837,0.6992992758750916,0.37095680832862854,0.1345491111278534,0.7032868266105652,0.3784181773662567,0.12375906854867935,0.7039953470230103,0.37886369228363037,0.1237163171172142,0.7046636343002319,0.3794223368167877,0.12365659326314926,0.6959277391433716,0.36365967988967896,0.10625068098306656,0.7032941579818726,0.3754827678203583,0.05795670673251152,0.6956527829170227,0.3822997212409973,0.13256758451461792,0.6982020735740662,0.38670632243156433,0.11826907098293304,0.6653879284858704,0.3508875072002411,0.1210714727640152,0.6934682130813599,0.3931973874568939,-0.0035292967222630978,0.6455039381980896,0.4011058807373047,0.1904630959033966,0.6881541609764099,0.4548066556453705,0.05090517923235893,0.6450725197792053,0.4405820667743683,0.25372880697250366,0.6872139573097229,0.4530511498451233,0.20238570868968964,0.6420359015464783,0.4497132897377014,0.26657426357269287,0.6893285512924194,0.4562952220439911,0.21418574452400208,0.6456282734870911,0.4487840533256531,0.2636283040046692,0.6896644830703735,0.4492231011390686,0.21678297221660614,0.6476791501045227,0.4467713534832001,0.25355952978134155,0.687221884727478,0.44589895009994507,0.20741596817970276,0.6126204133033752,0.4462544023990631,0.04940018430352211,0.6342750191688538,0.4631374478340149,-0.04965711012482643,0.6267586946487427,0.5131533145904541,0.18221309781074524,0.6624076962471008,0.5350947976112366,0.08897418528795242,0.6212230324745178,0.5757753849029541,0.25221043825149536,0.6457175016403198,0.6184621453285217,0.1632663756608963,0.6171514391899109,0.5882890820503235,0.2599843740463257,0.638539731502533,0.6264055371284485,0.1714002937078476,0.6342414617538452,0.6066494584083557,0.26807302236557007,0.6616736054420471,0.632447361946106,0.17380699515342712
0263,./images/8/frame_00263.jpg,Warning,0.6996711492538452,0.3843342959880829,0.13709023594856262,0.7008321285247803,0.3750167787075043,0.12946076691150665,0.7000538110733032,0.37278488278388977,0.1294405162334442,0.6992538571357727,0.37053701281547546,0.12941120564937592,0.7031149864196777,0.37895140051841736,0.11936291307210922,0.7037744522094727,0.3795989155769348,0.11932215839624405,0.7044011354446411,0.3803127408027649,0.11926151812076569,0.6959472298622131,0.36373960971832275,0.09508588910102844,0.7030583620071411,0.3768603503704071,0.050413794815540314,0.69548100233078,0.3828619718551636,0.1281968504190445,0.6978306770324707,0.387882262468338,0.11492115259170532,0.665179431438446,0.35044777393341064,0.10782642662525177,0.693195641040802,0.40055909752845764,-0.008041947148740292,0.643358051776886,0.3985864520072937,0.1905178278684616,0.6847867965698242,0.45521044731140137,0.051891960203647614,0.6431752443313599,0.43140843510627747,0.27866584062576294,0.6806525588035583,0.4543084502220154,0.2005595862865448,0.6396415829658508,0.43833914399147034,0.2946709990501404,0.6814579963684082,0.4565470814704895,0.21245630085468292,0.6436259150505066,0.43871113657951355,0.2919754981994629,0.682445228099823,0.44962501525878906,0.21526673436164856,0.6458094120025635,0.4376164376735687,0.2794680595397949,0.6805047392845154,0.4469209909439087,0.205601304769516,0.6099911332130432,0.44685477018356323,0.04908248037099838,0.6327804327011108,0.46470531821250916,-0.04936402663588524,0.6267399191856384,0.5132128596305847,0.195221409201622,0.6613057851791382,0.5343421697616577,0.09782561659812927,0.620853066444397,0.5777827501296997,0.26447996497154236,0.6394147276878357,0.6125035285949707,0.17948107421398163,0.6169290542602539,0.5900028944015503,0.27262526750564575,0.6303208470344543,0.6199785470962524,0.18945351243019104,0.6334252953529358,0.6066796779632568,0.28738442063331604,0.6545391082763672,0.6259049773216248,0.20350590348243713
0264,./images/8/frame_00264.jpg,Warning,0.6994119882583618,0.38566726446151733,0.14204612374305725,0.7006989121437073,0.3759985566139221,0.13254503905773163,0.6999483704566956,0.3736252784729004,0.13252368569374084,0.6991652250289917,0.37125977873802185,0.13249695301055908,0.7027890682220459,0.380158007144928,0.12435054779052734,0.7033745646476746,0.3808590769767761,0.12429071962833405,0.7039252519607544,0.3816051185131073,0.12423324584960938,0.6959238052368164,0.36439254879951477,0.10156748443841934,0.7025702595710754,0.3781711459159851,0.05354348570108414,0.6952856779098511,0.38403913378715515,0.12991032004356384,0.6974462866783142,0.38925373554229736,0.11934670060873032,0.6651383638381958,0.35128429532051086,0.1100156307220459,0.6919106245040894,0.40349987149238586,0.001543215592391789,0.6439209580421448,0.40851619839668274,0.18703241646289825,0.6847299337387085,0.45524856448173523,0.05923503637313843,0.6406415700912476,0.4371258318424225,0.2553260624408722,0.6858807802200317,0.44052252173423767,0.2045627385377884,0.6357474327087402,0.44302600622177124,0.26802724599838257,0.6899009943008423,0.44028395414352417,0.215877965092659,0.6392306089401245,0.4440373182296753,0.2663077712059021,0.68878173828125,0.43075600266456604,0.21790890395641327,0.6418496966362,0.4424781799316406,0.2557324767112732,0.6856118440628052,0.4288451671600342,0.2088431417942047,0.6089838743209839,0.44575873017311096,0.04918244108557701,0.6293401718139648,0.46479690074920654,-0.04943923279643059,0.6336487531661987,0.5091835856437683,0.19307024776935577,0.6590806245803833,0.5317480564117432,0.07702157646417618,0.6231792569160461,0.5762612819671631,0.26087135076522827,0.6323242783546448,0.6033748388290405,0.1544882208108902,0.6174259781837463,0.588782012462616,0.2651400566101074,0.6220850348472595,0.6130974292755127,0.1634397655725479,0.6374855041503906,0.6094990968704224,0.27183061838150024,0.6498653888702393,0.6195813417434692,0.17114736139774323
0265,./images/8/frame_00265.jpg,Warning,0.6990634799003601,0.38831955194473267,0.16189850866794586,0.700440526008606,0.3792383372783661,0.15692441165447235,0.6996980905532837,0.376634806394577,0.15689592063426971,0.6989144682884216,0.3740454912185669,0.15686915814876556,0.702332615852356,0.38331884145736694,0.14685356616973877,0.702826738357544,0.38392317295074463,0.14680561423301697,0.7032694220542908,0.3844849467277527,0.14674566686153412,0.6958146691322327,0.36682814359664917,0.13014142215251923,0.7018294334411621,0.3804331123828888,0.08305443823337555,0.6949011087417603,0.38619524240493774,0.15368032455444336,0.6969357132911682,0.3916938006877899,0.14034666121006012,0.6651658415794373,0.3527951240539551,0.13615389168262482,0.6926185488700867,0.4048933684825897,0.018848679959774017,0.6440429091453552,0.4125191569328308,0.17083576321601868,0.6824539303779602,0.4550904929637909,0.017253722995519638,0.6367517113685608,0.4467514753341675,0.18491734564304352,0.6845186948776245,0.44466632604599,0.07334417849779129,0.6304818391799927,0.4555722177028656,0.18832765519618988,0.6875075101852417,0.4462844133377075,0.07160339504480362,0.6337024569511414,0.45677533745765686,0.18623673915863037,0.6868147253990173,0.43833693861961365,0.07687206566333771,0.6370927095413208,0.4538089334964752,0.18343624472618103,0.684052050113678,0.4357238709926605,0.07651041448116302,0.6086722612380981,0.44419005513191223,0.05001030117273331,0.6278654336929321,0.4648503065109253,-0.0502164252102375,0.6364163160324097,0.5092220902442932,0.16489122807979584,0.6565811038017273,0.5287325382232666,0.05336294695734978,0.6251179575920105,0.5781449675559998,0.22832269966602325,0.6269522309303284,0.5956399440765381,0.12760117650032043,0.6187604665756226,0.5915315747261047,0.23275697231292725,0.616991400718689,0.6058608293533325,0.1347653567790985,0.6422075033187866,0.6085976958274841,0.22475945949554443,0.6447478532791138,0.6168414354324341,0.12466315925121307
0266,./images/8/frame_00266.jpg,Warning,0.698442280292511,0.387546569108963,0.17837291955947876,0.699959397315979,0.3784879148006439,0.17217698693275452,0.699192464351654,0.3763318657875061,0.17214468121528625,0.6982917189598083,0.3732362985610962,0.17211134731769562,0.7018498182296753,0.38216346502304077,0.16373124718666077,0.7022996544837952,0.38278716802597046,0.16369721293449402,0.7027044296264648,0.3834039866924286,0.16362938284873962,0.69526207447052,0.3662045896053314,0.14004753530025482,0.7012379765510559,0.3797575533390045,0.10187330096960068,0.6941999197006226,0.3858703076839447,0.16897627711296082,0.696345865726471,0.3907262980937958,0.1579047590494156,0.6649006009101868,0.3525439500808716,0.14108727872371674,0.6929939985275269,0.4074488878250122,0.03524387627840042,0.6427544355392456,0.4119639992713928,0.16448430716991425,0.6795340180397034,0.45869699120521545,0.03505188226699829,0.6334400177001953,0.445992112159729,0.17163759469985962,0.6769236326217651,0.4519807696342468,0.10789817571640015,0.6269928216934204,0.455000638961792,0.1716178059577942,0.6776407361030579,0.4563838839530945,0.10680738836526871,0.6310096979141235,0.45671898126602173,0.17070363461971283,0.6775534152984619,0.44604262709617615,0.11082947254180908,0.634385347366333,0.45352521538734436,0.17017635703086853,0.675739049911499,0.4406971335411072,0.11059658229351044,0.6086505055427551,0.44226422905921936,0.0497564896941185,0.6276013255119324,0.46888402104377747,-0.049980442970991135,0.6387410759925842,0.5058916211128235,0.172226220369339,0.6549757122993469,0.5272909998893738,0.06485743075609207,0.6254159212112427,0.5812816023826599,0.25085777044296265,0.6264315843582153,0.5918951034545898,0.15126405656337738,0.618334949016571,0.593545138835907,0.2568913400173187,0.6145480275154114,0.597007691860199,0.16199758648872375,0.6402988433837891,0.6074888110160828,0.24512138962745667,0.6399324536323547,0.6133544445037842,0.15286500751972198
0267,./images/8/frame_00267.jpg,Warning,0.6967961192131042,0.3868386149406433,0.18148748576641083,0.6988047957420349,0.37771907448768616,0.1735103726387024,0.6980266571044922,0.3758853077888489,0.17347167432308197,0.6972126960754395,0.37314653396606445,0.17343315482139587,0.7006250619888306,0.38183271884918213,0.16676925122737885,0.7011033892631531,0.3827432096004486,0.16674569249153137,0.7015311121940613,0.3835605978965759,0.16667921841144562,0.694499135017395,0.3657139241695404,0.1361827552318573,0.7002329230308533,0.3803374767303467,0.10547375679016113,0.6922304630279541,0.3850472867488861,0.17026135325431824,0.6946088075637817,0.38993626832962036,0.16140612959861755,0.6647060513496399,0.3524390161037445,0.1358182728290558,0.6930320858955383,0.41240227222442627,0.04228924959897995,0.6410084962844849,0.4079640209674835,0.1399543136358261,0.6776118874549866,0.45936283469200134,0.036693423986434937,0.6309942007064819,0.44224676489830017,0.13395750522613525,0.6690309047698975,0.4539993703365326,0.08095564693212509,0.6248342990875244,0.45144766569137573,0.12981513142585754,0.6684581637382507,0.4575747549533844,0.07578807324171066,0.6289675831794739,0.45320844650268555,0.12988805770874023,0.6681156158447266,0.446384459733963,0.07872237265110016,0.6321269869804382,0.4503735899925232,0.13243788480758667,0.6668984889984131,0.4416685402393341,0.08218959718942642,0.6082667708396912,0.44176480174064636,0.046667881309986115,0.6263762712478638,0.471490740776062,-0.046866465359926224,0.6390926837921143,0.5036608576774597,0.17484185099601746,0.6526566743850708,0.5276757478713989,0.07233010232448578,0.6246463656425476,0.5809071660041809,0.2697727084159851,0.62222820520401,0.587803840637207,0.18186065554618835,0.6169106960296631,0.5922741293907166,0.27812641859054565,0.6110531687736511,0.5929582715034485,0.19346953928470612,0.6392281651496887,0.6065784692764282,0.2744522988796234,0.6371423006057739,0.6116504073143005,0.19008147716522217
0268,./images/8/frame_00268.jpg,Warning,0.696799635887146,0.3858430087566376,0.12920373678207397,0.6986876726150513,0.3764636516571045,0.12122740596532822,0.6979150772094727,0.37359410524368286,0.12120532989501953,0.6971220970153809,0.37032008171081543,0.1211724653840065,0.7004107236862183,0.3814966082572937,0.11303281784057617,0.7008196115493774,0.38226428627967834,0.11297669261693954,0.7012299299240112,0.3830275237560272,0.11289127916097641,0.6941314935684204,0.3648933470249176,0.08488405495882034,0.6995464563369751,0.38010990619659424,0.04891948029398918,0.6922245621681213,0.3833656311035156,0.11817312240600586,0.6944400072097778,0.38967782258987427,0.10768667608499527,0.6645752191543579,0.3523474335670471,0.10832543671131134,0.689502477645874,0.4119400084018707,-0.015962498262524605,0.6428982615470886,0.40779927372932434,0.1677781641483307,0.6752952337265015,0.4592196047306061,0.038103360682725906,0.6391647458076477,0.4404716193675995,0.2360423356294632,0.6727967858314514,0.45896974205970764,0.18144753575325012,0.634774386882782,0.44915884733200073,0.25028058886528015,0.6733818650245667,0.46301066875457764,0.19407182931900024,0.6377066969871521,0.4490143358707428,0.24549400806427002,0.6734728813171387,0.4549836814403534,0.19291391968727112,0.640166163444519,0.4469294548034668,0.23530717194080353,0.6718223690986633,0.45008522272109985,0.1846514642238617,0.6074925065040588,0.4404689371585846,0.050995565950870514,0.6216726899147034,0.47145190834999084,-0.0512094683945179,0.6455761194229126,0.49695828557014465,0.1572362184524536,0.6540371179580688,0.5247010588645935,0.04756912961602211,0.6241883635520935,0.5737115144729614,0.18312999606132507,0.6182319521903992,0.5801778435707092,0.1129235252737999,0.6159000992774963,0.5827882885932922,0.18458466231822968,0.6070743203163147,0.590184211730957,0.12072886526584625,0.6384815573692322,0.5961491465568542,0.18375611305236816,0.6338885426521301,0.6066128015518188,0.1264880746603012
0269,./images/8/frame_00269.jpg,Warning,0.6960344314575195,0.3768806457519531,0.12640835344791412,0.6977975368499756,0.36941957473754883,0.11482363939285278,0.696855366230011,0.36613327264785767,0.11479997634887695,0.6959903836250305,0.3633831739425659,0.11476947367191315,0.6998299360275269,0.376848429441452,0.10882061719894409,0.7002781629562378,0.3785938322544098,0.10877235978841782,0.7007201910018921,0.380221426486969,0.10868464410305023,0.6926201581954956,0.3621860444545746,0.06662598997354507,0.6989619135856628,0.37978240847587585,0.040480516850948334,0.6915230751037598,0.37608978152275085,0.11156986653804779,0.6938950419425964,0.3851020336151123,0.10392023622989655,0.6640694737434387,0.35231879353523254,0.0827159583568573,0.6890760660171509,0.4164775013923645,-0.022139519453048706,0.6410642266273499,0.40708619356155396,0.13834139704704285,0.6735483407974243,0.46195000410079956,0.02123723365366459,0.6391302347183228,0.43557408452033997,0.18564343452453613,0.6722807288169861,0.4586934447288513,0.13801442086696625,0.6348601579666138,0.4433216154575348,0.19466720521450043,0.6729860901832581,0.46277886629104614,0.14559069275856018,0.6380502581596375,0.4439254403114319,0.1903521716594696,0.672980785369873,0.4542585015296936,0.14352449774742126,0.6404207944869995,0.44246193766593933,0.18427452445030212,0.6712092757225037,0.44921165704727173,0.13943754136562347,0.6067000031471252,0.4398522675037384,0.05052220821380615,0.6207789182662964,0.4750896990299225,-0.05074197053909302,0.6485484838485718,0.49284955859184265,0.14686845242977142,0.6546552777290344,0.5220439434051514,0.04045401141047478,0.623933732509613,0.5662096738815308,0.1912062168121338,0.6164169311523438,0.5849378108978271,0.12251963466405869,0.613959014415741,0.581254243850708,0.19483107328414917,0.606950044631958,0.5938774943351746,0.13176105916500092,0.638371467590332,0.5954976677894592,0.1920047253370285,0.6336923241615295,0.6064327359199524,0.13378039002418518
0270,./images/8/frame_00270.jpg,Warning,0.696969747543335,0.3770941495895386,0.1007191389799118,0.6984887719154358,0.3696932792663574,0.08920174837112427,0.6976625919342041,0.3664718568325043,0.08917785435914993,0.6968659162521362,0.36373236775398254,0.08914271742105484,0.6999589800834656,0.3768259286880493,0.08128808438777924,0.7003811001777649,0.3785300850868225,0.0812441036105156,0.7008901834487915,0.38016483187675476,0.08116966485977173,0.6927977204322815,0.36228638887405396,0.045572035014629364,0.6986532211303711,0.3795095980167389,0.010555715300142765,0.6922786831855774,0.37674570083618164,0.08786512911319733,0.6940086483955383,0.3854779005050659,0.07771189510822296,0.6640835404396057,0.35241279006004333,0.07143955677747726,0.6864864826202393,0.4199870526790619,-0.046686235815286636,0.6416110992431641,0.39901670813560486,0.15030613541603088,0.6717061996459961,0.4626002311706543,0.005571169778704643,0.6415490508079529,0.42407119274139404,0.22198054194450378,0.6739584803581238,0.4459407925605774,0.1369188129901886,0.63828045129776,0.43046286702156067,0.2371465265750885,0.6746177673339844,0.4467672109603882,0.14568260312080383,0.6410640478134155,0.4304439425468445,0.23094531893730164,0.6747257709503174,0.43586599826812744,0.14363889396190643,0.6430203914642334,0.4298350512981415,0.2209736555814743,0.6729268431663513,0.4331343472003937,0.1388401985168457,0.6061006188392639,0.43782365322113037,0.052343983203172684,0.6186199188232422,0.47573310136795044,-0.05253381282091141,0.6477043628692627,0.4926103949546814,0.1445232629776001,0.652458131313324,0.5237572193145752,0.026494424790143967,0.6217871904373169,0.5647974014282227,0.2024678736925125,0.6153818964958191,0.5868873000144958,0.1190858855843544,0.6112634539604187,0.5776329040527344,0.20774081349372864,0.6057428121566772,0.5966275334358215,0.13027873635292053,0.6319774389266968,0.5986313819885254,0.20681719481945038,0.6340234279632568,0.6063257455825806,0.13540992140769958
0271,./images/8/frame_00271.jpg,Warning,0.6980522871017456,0.37599363923072815,0.06344224512577057,0.6997841596603394,0.36793938279151917,0.05248495191335678,0.6989890933036804,0.3649158477783203,0.0524568185210228,0.6981499195098877,0.36203446984291077,0.052423588931560516,0.7009373903274536,0.3747577667236328,0.04439752176403999,0.7011124491691589,0.3763602674007416,0.044344786554574966,0.7013818025588989,0.37791743874549866,0.04427150636911392,0.6932100057601929,0.36042922735214233,0.016794951632618904,0.6988512277603149,0.37851351499557495,-0.01915244199335575,0.6931015253067017,0.3755829632282257,0.053883831948041916,0.6942333579063416,0.3843422830104828,0.04345357045531273,0.664055585861206,0.3524667024612427,0.05642259865999222,0.686281681060791,0.42068079113960266,-0.06706696003675461,0.6438404321670532,0.4002302885055542,0.14790889620780945,0.6713052988052368,0.46247872710227966,-0.009307208471000195,0.6446725130081177,0.42822265625,0.22187122702598572,0.6765608787536621,0.4350219666957855,0.1289171725511551,0.6418563723564148,0.43525683879852295,0.23836520314216614,0.6803191900253296,0.4336763620376587,0.138594850897789,0.6444886922836304,0.43498218059539795,0.2298874855041504,0.6796377897262573,0.4220533072948456,0.1349528580904007,0.6462400555610657,0.4340912997722626,0.2202155590057373,0.6769583225250244,0.42059484124183655,0.13047027587890625,0.6057230830192566,0.436238169670105,0.05338646098971367,0.6166012287139893,0.46962085366249084,-0.053544867783784866,0.647253155708313,0.4916743338108063,0.13693751394748688,0.6530099511146545,0.5184869766235352,0.02254915051162243,0.6203261613845825,0.5661178827285767,0.18999654054641724,0.6159974336624146,0.5799132585525513,0.11987097561359406,0.6106036901473999,0.5769389867782593,0.1947655826807022,0.6056099534034729,0.5922064781188965,0.1313355416059494,0.6322813034057617,0.5942057967185974,0.19214902818202972,0.6336617469787598,0.6014817953109741,0.1370547115802765
0272,./images/8/frame_00272.jpg,Warning,0.698057234287262,0.3749111294746399,0.045316118746995926,0.6998004913330078,0.36639413237571716,0.0345362052321434,0.6989988088607788,0.3634115755558014,0.034523747861385345,0.698152482509613,0.36053577065467834,0.03448830172419548,0.7009503841400146,0.37330979108810425,0.027091234922409058,0.7011491656303406,0.3748542368412018,0.02704969421029091,0.7014431357383728,0.37644684314727783,0.026987826451659203,0.6932083964347839,0.35856837034225464,0.0042142970487475395,0.6988500356674194,0.3780654966831207,-0.028717055916786194,0.6931300163269043,0.3738399147987366,0.038278743624687195,0.694390594959259,0.3825327157974243,0.028662260621786118,0.6638833284378052,0.35231640934944153,0.056040674448013306,0.684897243976593,0.4197494387626648,-0.07113759219646454,0.6563699245452881,0.39399901032447815,0.17139239609241486,0.6754629611968994,0.4559696316719055,-0.007908769883215427,0.6709350347518921,0.4008631706237793,0.26010599732398987,0.6897875070571899,0.416313499212265,0.1256471425294876,0.6706944704055786,0.3999719023704529,0.2794950008392334,0.6951690316200256,0.41182616353034973,0.13365286588668823,0.6738981008529663,0.40001025795936584,0.269828200340271,0.6931653618812561,0.3989485502243042,0.12880939245224,0.6746787428855896,0.4024015963077545,0.2586067318916321,0.6910000443458557,0.4061596691608429,0.1269541084766388,0.604202151298523,0.43618184328079224,0.05376361683011055,0.6140316724777222,0.46980875730514526,-0.05392972752451897,0.6471434831619263,0.4819902777671814,0.14811193943023682,0.6531549096107483,0.5172243118286133,0.021740149706602097,0.620553195476532,0.557066798210144,0.21491685509681702,0.6158896684646606,0.580756425857544,0.12078873813152313,0.6115275025367737,0.5594185590744019,0.22366496920585632,0.6050638556480408,0.5927085876464844,0.13299217820167542,0.6325094699859619,0.5759116411209106,0.22705242037773132,0.6343019008636475,0.6001017093658447,0.14046457409858704
0273,./images/8/frame_00273.jpg,Warning,0.6980611085891724,0.37538057565689087,0.02264288254082203,0.6998404264450073,0.3667471706867218,0.01345728524029255,0.6990839838981628,0.36379626393318176,0.01343078725039959,0.6982599496841431,0.3607040345668793,0.01339528989046812,0.7009348273277283,0.3733401298522949,0.004424999002367258,0.7010752558708191,0.37492498755455017,0.00438884599134326,0.7012385129928589,0.37652796506881714,0.004328622482717037,0.6932688355445862,0.3586418926715851,-0.008997525088489056,0.6979496479034424,0.37803375720977783,-0.049060575664043427,0.693139910697937,0.3751457631587982,0.018222883343696594,0.6943082213401794,0.38264524936676025,0.006509087048470974,0.6645854711532593,0.35226234793663025,0.04594923183321953,0.681258499622345,0.41836827993392944,-0.0898875743150711,0.662203848361969,0.39030930399894714,0.16292604804039001,0.6760223507881165,0.45599618554115295,-0.028010357171297073,0.6748465895652771,0.40222346782684326,0.23815996944904327,0.6895726919174194,0.4166410565376282,0.10611923038959503,0.6749518513679504,0.40362128615379333,0.25361567735671997,0.693857729434967,0.4136206805706024,0.1126723513007164,0.6769460439682007,0.40294313430786133,0.24532732367515564,0.6920052766799927,0.4036615192890167,0.10596020519733429,0.6773121953010559,0.40418514609336853,0.23654837906360626,0.6896488666534424,0.40682730078697205,0.10669038444757462,0.6048675775527954,0.43496090173721313,0.056672848761081696,0.6098294854164124,0.4644908905029297,-0.05679205805063248,0.6568148136138916,0.47329822182655334,0.15772172808647156,0.6501082181930542,0.5187185406684875,-0.0107107600197196,0.6282715201377869,0.546476423740387,0.25617244839668274,0.6139042377471924,0.5833908319473267,0.08253969997167587,0.6187555193901062,0.5524811148643494,0.26553136110305786,0.6043916344642639,0.5945755839347839,0.09379037469625473,0.637062132358551,0.5682745575904846,0.26896458864212036,0.6349756121635437,0.6008612513542175,0.0958167016506195
0274,./images/8/frame_00274.jpg,Warning,0.6975184679031372,0.3757523000240326,0.0452401377260685,0.6994840502738953,0.3670177459716797,0.03486158698797226,0.6987225413322449,0.3640201985836029,0.034843914210796356,0.6979507803916931,0.3610667884349823,0.03481340780854225,0.7004637122154236,0.37337812781333923,0.026764851063489914,0.7005906701087952,0.37488222122192383,0.026721298694610596,0.7007168531417847,0.3763473629951477,0.02665356919169426,0.6927990913391113,0.3586978614330292,0.0047950297594070435,0.6972684860229492,0.3777703642845154,-0.031160762533545494,0.6927397847175598,0.37535756826400757,0.037999171763658524,0.693638265132904,0.3826967477798462,0.027470961213111877,0.6634194850921631,0.3519369661808014,0.052373774349689484,0.6825410723686218,0.41750603914260864,-0.07432980835437775,0.6569287776947021,0.388433039188385,0.1657031774520874,0.6763416528701782,0.45618268847465515,-0.00914573110640049,0.6666995286941528,0.4016406238079071,0.24940213561058044,0.6886852979660034,0.4203885793685913,0.11504433304071426,0.6658754348754883,0.4034249186515808,0.2668546140193939,0.692412257194519,0.4190208911895752,0.13225725293159485,0.6688752770423889,0.4028506278991699,0.258227676153183,0.6910685896873474,0.4063919484615326,0.10883136838674545,0.6698667407035828,0.4041012227535248,0.2478824406862259,0.6885431408882141,0.40578821301460266,0.11031962931156158,0.6035521030426025,0.4353678524494171,0.05557833984494209,0.6110936403274536,0.46635183691978455,-0.05572301149368286,0.6541109085083008,0.4720589816570282,0.16680791974067688,0.6498992443084717,0.5164613723754883,0.0032854522578418255,0.6276530027389526,0.5487284064292908,0.26002949476242065,0.6145817041397095,0.5841598510742188,0.08190946280956268,0.6186717748641968,0.556443452835083,0.26870840787887573,0.6053579449653625,0.5949327945709229,0.09165938198566437,0.6368297338485718,0.5730377435684204,0.27089935541152954,0.6345931887626648,0.601933479309082,0.09225299954414368
0275,./images/8/frame_00275.jpg,Warning,0.6969408988952637,0.37595435976982117,0.051937878131866455,0.6989149451255798,0.366955429315567,0.041106730699539185,0.6982108354568481,0.3641209900379181,0.04107796400785446,0.6974791288375854,0.36132383346557617,0.04103787988424301,0.6998866200447083,0.37299248576164246,0.03214988112449646,0.699958324432373,0.3741995394229889,0.032103653997182846,0.7000695466995239,0.37544623017311096,0.03201992064714432,0.6924043297767639,0.35878655314445496,0.007828516885638237,0.6965472102165222,0.37605053186416626,-0.03196144476532936,0.6919339895248413,0.3754899799823761,0.04343219846487045,0.6928611993789673,0.3824699819087982,0.031864967197179794,0.6619635224342346,0.35260623693466187,0.05091550201177597,0.682705819606781,0.4173840880393982,-0.0824756771326065,0.6505259275436401,0.4025360941886902,0.14756816625595093,0.673137903213501,0.4577511250972748,-0.026894349604845047,0.6565365195274353,0.42800965905189514,0.20754799246788025,0.6848422288894653,0.42357829213142395,0.10455858707427979,0.6548813581466675,0.43468162417411804,0.22093769907951355,0.6888415813446045,0.4219316244125366,0.11166862398386002,0.6587209105491638,0.43347465991973877,0.21010002493858337,0.6886242032051086,0.41314706206321716,0.10530809313058853,0.6600856184959412,0.4322475492954254,0.20407328009605408,0.6859341859817505,0.4128735363483429,0.10485361516475677,0.6037653684616089,0.43560680747032166,0.0559266023337841,0.6110409498214722,0.4667368531227112,-0.056052643805742264,0.6515947580337524,0.4777412414550781,0.15354745090007782,0.6500967741012573,0.5142924189567566,0.01510828547179699,0.6248019337654114,0.5509253144264221,0.2498047649860382,0.6155673265457153,0.5797978043556213,0.12349538505077362,0.6160367727279663,0.5611432790756226,0.2586135268211365,0.6058539152145386,0.5911308526992798,0.13754701614379883,0.6359812617301941,0.5739620923995972,0.2585480213165283,0.6341153383255005,0.6001840233802795,0.13767226040363312
0276,./images/8/frame_00276.jpg,Warning,0.6959275007247925,0.3766669034957886,0.06727182865142822,0.6978375911712646,0.3674856424331665,0.05704094097018242,0.6970455646514893,0.3647167682647705,0.05700754001736641,0.6963219046592712,0.362242728471756,0.05697036534547806,0.6988382935523987,0.3730870485305786,0.04779350757598877,0.6989365220069885,0.37430432438850403,0.047745347023010254,0.6990064382553101,0.37544572353363037,0.04765816032886505,0.6913325190544128,0.35916611552238464,0.02307550236582756,0.6953139901161194,0.37515196204185486,-0.018583733588457108,0.6911435723304749,0.37749814987182617,0.058342982083559036,0.6921791434288025,0.38309431076049805,0.04649395868182182,0.6611464619636536,0.35338443517684937,0.056761760264635086,0.6805142164230347,0.4158339202404022,-0.07923975586891174,0.6458236575126648,0.4065265357494354,0.10594473779201508,0.6680483818054199,0.4600861966609955,-0.0405174121260643,0.6474085450172424,0.44030600786209106,0.1073189526796341,0.6784161925315857,0.43713492155075073,0.07793329656124115,0.6453326940536499,0.45024573802948,0.10897085815668106,0.6823003888130188,0.4396686553955078,0.08090751618146896,0.6485230326652527,0.44975101947784424,0.10059535503387451,0.6829743981361389,0.4276124835014343,0.07581322640180588,0.6497524380683899,0.4468546509742737,0.10254261642694473,0.6802061200141907,0.42440617084503174,0.07812762260437012,0.6018409729003906,0.4376574754714966,0.058047421276569366,0.6099076867103577,0.46692243218421936,-0.058148182928562164,0.650873064994812,0.47880303859710693,0.13835473358631134,0.6486788988113403,0.5119855999946594,-0.002305023605003953,0.6237566471099854,0.5540059208869934,0.21745756268501282,0.6150397062301636,0.5806707739830017,0.1021212562918663,0.6145980954170227,0.5635020732879639,0.22407467663288116,0.6053191423416138,0.5905197858810425,0.11397812515497208,0.6360390186309814,0.5796939134597778,0.21798571944236755,0.6338488459587097,0.6015031337738037,0.1091371402144432
0277,./images/8/frame_00277.jpg,Warning,0.6958394050598145,0.37677624821662903,0.0232289619743824,0.6975229978561401,0.36760178208351135,0.014952252618968487,0.6968250274658203,0.36484256386756897,0.014910660684108734,0.6960681676864624,0.36235105991363525,0.014865110628306866,0.6983566880226135,0.37306511402130127,0.0032347049564123154,0.6983506679534912,0.3742593228816986,0.003187102498486638,0.6982823610305786,0.3753443956375122,0.0031185050029307604,0.6904134750366211,0.35926589369773865,-0.005437594372779131,0.6933838129043579,0.3748314380645752,-0.05705801397562027,0.6907085180282593,0.3775334358215332,0.01962609961628914,0.6916761994361877,0.3831186890602112,0.004632099065929651,0.6612078547477722,0.3534574806690216,0.046043746173381805,0.6735002994537354,0.4134567379951477,-0.10384342819452286,0.6534635424613953,0.40791982412338257,0.1294569969177246,0.6640631556510925,0.4618566334247589,-0.05649182200431824,0.6593812108039856,0.44480374455451965,0.164694681763649,0.6787118911743164,0.43897518515586853,0.06394277513027191,0.6594098210334778,0.45347607135772705,0.17346647381782532,0.6826037168502808,0.44079869985580444,0.06452468037605286,0.6607472896575928,0.45330527424812317,0.16108551621437073,0.6830960512161255,0.4278721213340759,0.06032370403409004,0.6608656644821167,0.45156586170196533,0.1598552018404007,0.6803528070449829,0.4247954785823822,0.06467441469430923,0.602438747882843,0.43472492694854736,0.0592779740691185,0.6059495210647583,0.46567362546920776,-0.059323567897081375,0.6516231894493103,0.47270968556404114,0.1456563025712967,0.646471381187439,0.5096083879470825,0.0028553931042551994,0.6243613362312317,0.5544577836990356,0.24837274849414825,0.615503191947937,0.5816745758056641,0.10805483162403107,0.6147619485855103,0.5641889572143555,0.25756776332855225,0.6055620908737183,0.5915761590003967,0.11948360502719879,0.636018693447113,0.5808690190315247,0.2516714930534363,0.6342332363128662,0.6021950840950012,0.11305665969848633
0278,./images/8/frame_00278.jpg,Warning,0.6953188180923462,0.3766956627368927,0.013558712787926197,0.6966830492019653,0.36759307980537415,0.0031590673606842756,0.6958893537521362,0.364817351102829,0.003114750375971198,0.6951213479042053,0.3623317778110504,0.003076286055147648,0.6975091695785522,0.37301045656204224,-0.007298871874809265,0.6973794102668762,0.3742187023162842,-0.007340236566960812,0.6972626447677612,0.37526702880859375,-0.007409505546092987,0.6892335414886475,0.3592066764831543,-0.023835504427552223,0.6920737624168396,0.37474027276039124,-0.07047662883996964,0.6899628043174744,0.37742793560028076,0.007813327014446259,0.690969705581665,0.3830999732017517,-0.00572532694786787,0.6600488424301147,0.35301652550697327,0.021777156740427017,0.6709935665130615,0.41315630078315735,-0.11373399198055267,0.654358446598053,0.4122024476528168,0.09715329110622406,0.6647485494613647,0.4602055847644806,-0.07293494045734406,0.661027729511261,0.4497641623020172,0.11552993208169937,0.6789038777351379,0.4358954131603241,0.03155793994665146,0.6610169410705566,0.4570632576942444,0.11958720535039902,0.6827872395515442,0.43694624304771423,0.027632635086774826,0.6629519462585449,0.45739874243736267,0.1067962795495987,0.6831673979759216,0.422256201505661,0.024077828973531723,0.6629065275192261,0.4565741717815399,0.11006776988506317,0.6804226636886597,0.41978466510772705,0.03154665231704712,0.6019588708877563,0.433092325925827,0.05834055691957474,0.6041209697723389,0.4658796489238739,-0.058427173644304276,0.6522482633590698,0.4649648070335388,0.1753884255886078,0.645621657371521,0.5115078687667847,0.038309719413518906,0.6260110139846802,0.5379111170768738,0.2987883985042572,0.615757405757904,0.5819997787475586,0.17353013157844543,0.6164735555648804,0.546320915222168,0.3108047842979431,0.6052262783050537,0.5922404527664185,0.18777911365032196,0.6363252401351929,0.5617392063140869,0.30900460481643677,0.63414067029953,0.6020749807357788,0.18050792813301086
0279,./images/8/frame_00279.jpg,Warning,0.6949361562728882,0.37723568081855774,-0.03311464190483093,0.6959947347640991,0.3677978217601776,-0.040630463510751724,0.6952678561210632,0.3652048707008362,-0.04066450148820877,0.694557785987854,0.36267393827438354,-0.04071687534451485,0.6965512037277222,0.3730279207229614,-0.05171356350183487,0.6962729096412659,0.374254047870636,-0.05176161974668503,0.6960245370864868,0.37529903650283813,-0.05181635543704033,0.6881049871444702,0.35954663157463074,-0.04994336515665054,0.6900520920753479,0.3746863603591919,-0.09895586967468262,0.6895095109939575,0.3782302141189575,-0.03192681819200516,0.6903232336044312,0.38355904817581177,-0.046244360506534576,0.6593599319458008,0.35293886065483093,0.01243819110095501,0.6676536798477173,0.41335350275039673,-0.1265910118818283,0.6578586101531982,0.4104855954647064,0.11576995998620987,0.6638602018356323,0.46203041076660156,-0.07239823043346405,0.6680236458778381,0.44316068291664124,0.14592036604881287,0.6795665621757507,0.4330204129219055,0.03948356956243515,0.669272780418396,0.4436112344264984,0.13882558047771454,0.684735894203186,0.4316628873348236,0.0378706194460392,0.6699380278587341,0.4453861713409424,0.1515965312719345,0.6835781335830688,0.41315290331840515,0.029516464099287987,0.6691434383392334,0.44751060009002686,0.1455075740814209,0.6816765069961548,0.4152681231498718,0.03831213712692261,0.60219806432724,0.43093353509902954,0.05709512159228325,0.6024996042251587,0.4652809500694275,-0.057087432593107224,0.654038667678833,0.4622076749801636,0.17143048346042633,0.6454138159751892,0.5038961172103882,0.01648903265595436,0.6279630661010742,0.5338761806488037,0.274331271648407,0.6159404516220093,0.5824024081230164,0.1427323818206787,0.6186312437057495,0.5421574115753174,0.28515303134918213,0.6053069829940796,0.5926201343536377,0.15612907707691193,0.6393195986747742,0.5582207441329956,0.28324902057647705,0.634317934513092,0.6021885275840759,0.1343373954296112
0280,./images/8/frame_00280.jpg,Warning,0.6935530304908752,0.3774768114089966,-0.0618009977042675,0.6946219801902771,0.36793386936187744,-0.06661570817232132,0.694020688533783,0.3656250834465027,-0.0666419118642807,0.6933358907699585,0.3632860481739044,-0.06669193506240845,0.6947258710861206,0.3730784058570862,-0.08068132400512695,0.6942476630210876,0.3742489814758301,-0.08074464648962021,0.6937851905822754,0.3752504587173462,-0.0807972103357315,0.6866898536682129,0.35985666513442993,-0.06344176828861237,0.6875913739204407,0.37440362572669983,-0.12609517574310303,0.6882462501525879,0.3787138760089874,-0.055971402674913406,0.6885619163513184,0.3836531639099121,-0.07427771389484406,0.6592314839363098,0.35314440727233887,0.005327734164893627,0.6637612581253052,0.41242820024490356,-0.14628128707408905,0.6579207181930542,0.41120943427085876,0.1123056635260582,0.6594745516777039,0.4629974663257599,-0.08953574299812317,0.6679178476333618,0.4411256015300751,0.16168656945228577,0.6797166466712952,0.4290612041950226,0.028040137141942978,0.6694730520248413,0.43925780057907104,0.1697835475206375,0.6852482557296753,0.4319007098674774,0.027894532307982445,0.6699927449226379,0.4405860900878906,0.16046567261219025,0.6835981607437134,0.41354578733444214,0.019069846719503403,0.6689168214797974,0.4427342414855957,0.15800660848617554,0.6816582083702087,0.4158567190170288,0.0273774154484272,0.6031058430671692,0.43120819330215454,0.05687028914690018,0.5983960032463074,0.45388081669807434,-0.056932199746370316,0.6584294438362122,0.4637888967990875,0.1338995397090912,0.6446785926818848,0.5035338997840881,-0.018413228914141655,0.629836916923523,0.5332052707672119,0.23461954295635223,0.6157845258712769,0.5819841623306274,0.07366825640201569,0.6206541061401367,0.5410064458847046,0.2443394958972931,0.6055279970169067,0.5924609899520874,0.08279045671224594,0.6395223736763,0.5563751459121704,0.2384720742702484,0.6341201066970825,0.6025370955467224,0.06537340581417084
0281,./images/8/frame_00281.jpg,Warning,0.6894293427467346,0.37583813071250916,-0.04574521258473396,0.6906415820121765,0.3666505217552185,-0.05236898735165596,0.6898820996284485,0.36435025930404663,-0.0523870587348938,0.6890921592712402,0.36211836338043213,-0.052439134567976,0.6911774277687073,0.371968537569046,-0.06311830133199692,0.6908200979232788,0.37316441535949707,-0.06317155808210373,0.6904760003089905,0.3742890954017639,-0.06321398168802261,0.6826940774917603,0.3583345115184784,-0.05720880627632141,0.6850601434707642,0.37375563383102417,-0.10553983598947525,0.684023380279541,0.37582167983055115,-0.043005555868148804,0.6847153306007385,0.3813911974430084,-0.05712788179516792,0.6568719148635864,0.35207629203796387,0.00898115336894989,0.6649108529090881,0.4124701917171478,-0.1282106339931488,0.6599060297012329,0.3896045684814453,0.12106075137853622,0.6623391509056091,0.4616081714630127,-0.06755366921424866,0.6737328767776489,0.40317898988723755,0.21324992179870605,0.6807199716567993,0.42420175671577454,0.05289828032255173,0.6751903295516968,0.40168651938438416,0.22857265174388885,0.6859719157218933,0.4226551353931427,0.05457155033946037,0.6756716966629028,0.4026532471179962,0.21593165397644043,0.6831765174865723,0.4079188108444214,0.04601898044347763,0.6749354004859924,0.4051652252674103,0.21016287803649902,0.6821730136871338,0.4079063832759857,0.052257735282182693,0.6015824675559998,0.4314429759979248,0.054827362298965454,0.5962282419204712,0.45102831721305847,-0.05485646799206734,0.6568000912666321,0.4649164378643036,0.1373549997806549,0.6432538032531738,0.5029247999191284,-0.004424926824867725,0.6305722594261169,0.5373286604881287,0.2388143539428711,0.6156041026115417,0.58223557472229,0.09437321126461029,0.621793806552887,0.5455867052078247,0.24861085414886475,0.6056922078132629,0.5927226543426514,0.10505411773920059,0.6399853229522705,0.5595828890800476,0.24540774524211884,0.6335372924804688,0.6027400493621826,0.09585483372211456
0282,./images/8/frame_00282.jpg,Warning,0.686595618724823,0.3732837736606598,-0.024247154593467712,0.6881176829338074,0.36456286907196045,-0.031095560640096664,0.6873504519462585,0.3623705208301544,-0.03111102245748043,0.6865434050559998,0.36014002561569214,-0.031152993440628052,0.6888231635093689,0.369606614112854,-0.041793063282966614,0.6885234117507935,0.3707048296928406,-0.04184093326330185,0.6882479786872864,0.3717755675315857,-0.04188242182135582,0.6805199384689331,0.3566400408744812,-0.03934100642800331,0.6832389235496521,0.3718717396259308,-0.0871376097202301,0.6811270713806152,0.37298062443733215,-0.022921347990632057,0.6818108558654785,0.3784162700176239,-0.036908578127622604,0.6551522612571716,0.35062044858932495,0.02253853902220726,0.6654692888259888,0.409901887178421,-0.11749044805765152,0.6609011888504028,0.3788437843322754,0.1455250084400177,0.6661083102226257,0.4499501585960388,-0.05815250799059868,0.6742995381355286,0.39342668652534485,0.23118166625499725,0.6822337508201599,0.41900381445884705,0.06177101656794548,0.6755231022834778,0.3936080038547516,0.24787196516990662,0.6869451999664307,0.41549354791641235,0.06563690304756165,0.6761831641197205,0.3938250243663788,0.23418918251991272,0.6850892305374146,0.40267521142959595,0.05199263617396355,0.675737738609314,0.3958222568035126,0.22763022780418396,0.6829169988632202,0.40292638540267944,0.06095509976148605,0.601591169834137,0.42969632148742676,0.05502358824014664,0.5953167080879211,0.450104683637619,-0.05506423860788345,0.654787540435791,0.46654802560806274,0.13343468308448792,0.6439113616943359,0.5041071772575378,-0.007508734706789255,0.6296668648719788,0.540093719959259,0.22239366173744202,0.6156379580497742,0.5828203558921814,0.08807811886072159,0.6210495233535767,0.5490825176239014,0.231126070022583,0.6058799028396606,0.5935626029968262,0.09887730330228806,0.6393943428993225,0.563576340675354,0.23224803805351257,0.6337381601333618,0.6027886271476746,0.09445738792419434
0283,./images/8/frame_00283.jpg,Warning,0.6831649541854858,0.37345412373542786,-0.0905856117606163,0.6855868101119995,0.3647492229938507,-0.09332780539989471,0.6851192116737366,0.36283379793167114,-0.0933573991060257,0.6844887733459473,0.36061570048332214,-0.09341274201869965,0.6854797601699829,0.36982616782188416,-0.10726859420537949,0.6850088834762573,0.370955228805542,-0.10732097923755646,0.6845270991325378,0.3720162808895111,-0.10735376179218292,0.6786463260650635,0.35676273703575134,-0.07925080507993698,0.6795001029968262,0.3717488646507263,-0.14140793681144714,0.6780174374580383,0.3737834095954895,-0.08060421049594879,0.6778666377067566,0.37883877754211426,-0.0988340750336647,0.6550179719924927,0.35084426403045654,-0.005189165938645601,0.6573346257209778,0.4069276452064514,-0.15346595644950867,0.6596502065658569,0.3801622688770294,0.1152963787317276,0.6595766544342041,0.45819783210754395,-0.10174065828323364,0.6721703410148621,0.4039234220981598,0.17414847016334534,0.6807398200035095,0.41982895135879517,-0.0014274840941652656,0.6748705506324768,0.40484708547592163,0.18530772626399994,0.6857649087905884,0.417828232049942,-0.005957242101430893,0.6746465563774109,0.40641430020332336,0.1670888513326645,0.6833466291427612,0.40536853671073914,-0.016110235825181007,0.6733633279800415,0.40750813484191895,0.16818003356456757,0.6816726326942444,0.40645158290863037,-0.0030456832610070705,0.6028851866722107,0.4261365234851837,0.05485738068819046,0.5939715504646301,0.445666640996933,-0.054861366748809814,0.6522399187088013,0.4669230580329895,0.13783544301986694,0.6390848755836487,0.5046848058700562,-0.013580219820141792,0.629469096660614,0.5401936173439026,0.23784227669239044,0.6155441999435425,0.5835983753204346,0.076519675552845,0.6207923293113708,0.548975944519043,0.2491157054901123,0.6056690216064453,0.5948019027709961,0.08561395108699799,0.6391585469245911,0.5626617670059204,0.23869049549102783,0.6338685750961304,0.604823112487793,0.06662963330745697
0284,./images/8/frame_00284.jpg,Warning,0.6813706159591675,0.374080628156662,-0.08872506022453308,0.6835141181945801,0.3648417294025421,-0.09135109186172485,0.6830722093582153,0.36312535405158997,-0.0913819670677185,0.6826010346412659,0.36138716340065,-0.09143240004777908,0.6833614110946655,0.3700230121612549,-0.10535211861133575,0.6828447580337524,0.37114638090133667,-0.10540507733821869,0.6823043823242188,0.3721901774406433,-0.10543610155582428,0.6766344904899597,0.3568747639656067,-0.07711966335773468,0.6772453784942627,0.37177860736846924,-0.139553502202034,0.6757544279098511,0.3745308816432953,-0.07886078953742981,0.6753116846084595,0.3794511556625366,-0.09716754406690598,0.6534770727157593,0.35093533992767334,-0.0055944910272955894,0.6552489995956421,0.4063454568386078,-0.149562805891037,0.6593502163887024,0.3859492540359497,0.10926264524459839,0.6570479869842529,0.4590791165828705,-0.09574620425701141,0.6711335778236389,0.4085455536842346,0.1627533882856369,0.6804081201553345,0.42186254262924194,0.0020272217225283384,0.6719929575920105,0.4135972857475281,0.17212532460689545,0.6858024001121521,0.4201260507106781,-0.0024123159237205982,0.6737592220306396,0.415335476398468,0.15431752800941467,0.6807788014411926,0.4067767262458801,-0.013363572768867016,0.6717425584793091,0.4143802523612976,0.15667323768138885,0.6798825263977051,0.40729451179504395,7.291741349035874e-05,0.6029060482978821,0.4269900321960449,0.05418843775987625,0.593803882598877,0.44522449374198914,-0.054131221026182175,0.6491072177886963,0.46371668577194214,0.13527092337608337,0.633131206035614,0.5052803754806519,-0.01914701983332634,0.6282145977020264,0.5372178554534912,0.23887436091899872,0.615409255027771,0.5836442708969116,0.05941275879740715,0.6200655698776245,0.5464276075363159,0.24938437342643738,0.6057755947113037,0.5956796407699585,0.06679240614175797,0.6388939619064331,0.5602462291717529,0.24068737030029297,0.6340962648391724,0.604875922203064,0.039784692227840424
0285,./images/8/frame_00285.jpg,Warning,0.67878657579422,0.37423673272132874,-0.08334709703922272,0.6809970140457153,0.36489975452423096,-0.085360586643219,0.6805282235145569,0.36305564641952515,-0.0853969007730484,0.6800532937049866,0.36128342151641846,-0.0854540541768074,0.6811325550079346,0.37001121044158936,-0.09807540476322174,0.6807183027267456,0.37107399106025696,-0.0981280729174614,0.680284857749939,0.37212350964546204,-0.0981585904955864,0.6746821999549866,0.3569430112838745,-0.07074141502380371,0.6751672029495239,0.3716559410095215,-0.12780620157718658,0.6735039949417114,0.3746991455554962,-0.07369262725114822,0.6734086275100708,0.3795434236526489,-0.09040474146604538,0.6506386399269104,0.3502398729324341,0.0018478032434359193,0.6557131409645081,0.40641671419143677,-0.13690611720085144,0.6599742770195007,0.36701324582099915,0.1166033148765564,0.6592875719070435,0.4577500522136688,-0.0787125825881958,0.676125705242157,0.38051706552505493,0.20324969291687012,0.6788249015808105,0.4101206362247467,0.027438730001449585,0.674832820892334,0.38249093294143677,0.21526162326335907,0.683376669883728,0.405989408493042,0.02623443678021431,0.6751964688301086,0.3836043179035187,0.19994264841079712,0.6809039115905762,0.3969399034976959,0.01463261991739273,0.67408287525177,0.3849918246269226,0.19862399995326996,0.679185152053833,0.39627325534820557,0.025622110813856125,0.6031869649887085,0.4256281852722168,0.053618740290403366,0.590523898601532,0.4454997181892395,-0.053545791655778885,0.649143636226654,0.46063363552093506,0.1133187785744667,0.6319025754928589,0.5041012167930603,-0.05667536333203316,0.6313468813896179,0.5386995673179626,0.2088935375213623,0.6153369545936584,0.5851280093193054,0.005427652504295111,0.6239832043647766,0.5469638109207153,0.21816453337669373,0.6058695912361145,0.5984820127487183,0.011251857504248619,0.6449676156044006,0.5613201260566711,0.20923249423503876,0.6341719627380371,0.6065986752510071,-0.01711421087384224
0286,./images/8/frame_00286.jpg,Warning,0.6777235269546509,0.37498143315315247,-0.13540518283843994,0.6798275709152222,0.3655357360839844,-0.13516254723072052,0.6794724464416504,0.3637644350528717,-0.13520126044750214,0.6791384220123291,0.36220139265060425,-0.1352745145559311,0.6796796321868896,0.3701496422290802,-0.14701800048351288,0.6792121529579163,0.37109413743019104,-0.14708945155143738,0.6787286996841431,0.37219351530075073,-0.14712204039096832,0.6734158396720886,0.3569847643375397,-0.10706505924463272,0.673486590385437,0.37148553133010864,-0.16055360436439514,0.6724585294723511,0.3751419186592102,-0.1211300864815712,0.6717923879623413,0.37966078519821167,-0.13688190281391144,0.6496306657791138,0.35025960206985474,-0.026636045426130295,0.649185299873352,0.4050690531730652,-0.15195666253566742,0.6556605100631714,0.3751346170902252,0.096985824406147,0.6515147089958191,0.457053005695343,-0.09265922755002975,0.6749795079231262,0.3882187008857727,0.17899733781814575,0.6767323613166809,0.41254696249961853,0.00263401516713202,0.6729406714439392,0.38959041237831116,0.1913045197725296,0.6825524568557739,0.40684807300567627,0.0015859004342928529,0.6740002632141113,0.39025428891181946,0.1772918403148651,0.6809225082397461,0.4002411663532257,-0.010837537236511707,0.6738786101341248,0.3908466398715973,0.17553462088108063,0.678758442401886,0.3992118835449219,0.0005387652781791985,0.6018553376197815,0.4262515902519226,0.05053789168596268,0.591526210308075,0.44032034277915955,-0.05037670210003853,0.64957594871521,0.45611771941185,0.04810056462883949,0.6309126019477844,0.49782100319862366,-0.13429012894630432,0.632781982421875,0.5356104969978333,0.1435912847518921,0.6153727173805237,0.5849893689155579,-0.09018570929765701,0.6256539821624756,0.5466461777687073,0.1522022932767868,0.606051504611969,0.5984096527099609,-0.08672373741865158,0.6457024812698364,0.5587574243545532,0.13071869313716888,0.6339651346206665,0.6068915724754333,-0.13365991413593292
0287,./images/8/frame_00287.jpg,Warning,0.6774876713752747,0.3754158914089203,-0.11945986747741699,0.6792115569114685,0.3660581409931183,-0.11953778564929962,0.6788501143455505,0.36438652873039246,-0.11956869065761566,0.6786090135574341,0.36280009150505066,-0.11963655799627304,0.6789910197257996,0.3701806366443634,-0.13276740908622742,0.6784895658493042,0.3711572289466858,-0.1328360140323639,0.6779677867889404,0.3722696900367737,-0.13286158442497253,0.6721678376197815,0.357248991727829,-0.0946674644947052,0.6719757318496704,0.37138861417770386,-0.15394018590450287,0.6721300482749939,0.37585949897766113,-0.10616886615753174,0.6716964244842529,0.37986916303634644,-0.1236317977309227,0.6475092768669128,0.3502432405948639,-0.016216043382883072,0.6498459577560425,0.4054628014564514,-0.15178373456001282,0.6535784006118774,0.36693233251571655,0.10896977037191391,0.6494714617729187,0.45709508657455444,-0.09239349514245987,0.6737951040267944,0.3845043182373047,0.19493862986564636,0.6739974021911621,0.4153132438659668,0.008366769179701805,0.6719233393669128,0.38647186756134033,0.20849654078483582,0.6795163154602051,0.4092693328857422,0.00786689855158329,0.6729910373687744,0.38744989037513733,0.1933082640171051,0.6761500239372253,0.4020216166973114,-0.004014733247458935,0.6733996272087097,0.3880348205566406,0.1909065693616867,0.673987865447998,0.40198618173599243,0.006629312876611948,0.5994501113891602,0.4266512095928192,0.0507315993309021,0.5909808874130249,0.4430110454559326,-0.0505923330783844,0.6482895612716675,0.45364910364151,0.07895944267511368,0.6313381195068359,0.49613261222839355,-0.1015922799706459,0.6325932741165161,0.5368911623954773,0.16848276555538177,0.6154602766036987,0.5846057534217834,-0.05841026455163956,0.625841498374939,0.547776997089386,0.1766192615032196,0.6074444651603699,0.5983452200889587,-0.05472767353057861,0.646036684513092,0.5600404739379883,0.16233059763908386,0.6340750455856323,0.6068158745765686,-0.09237746894359589
0288,./images/8/frame_00288.jpg,Warning,0.6768981218338013,0.37662002444267273,-0.19062824547290802,0.6781313419342041,0.36657705903053284,-0.1875971257686615,0.6779075264930725,0.36489835381507874,-0.1876465380191803,0.6775878667831421,0.3633020520210266,-0.18772263824939728,0.6774974465370178,0.37027931213378906,-0.20213167369365692,0.6767584681510925,0.37120094895362854,-0.20221927762031555,0.6759907603263855,0.3720408082008362,-0.20225489139556885,0.6705957651138306,0.3580426871776581,-0.14588500559329987,0.6696032285690308,0.3704223334789276,-0.21146300435066223,0.6718099117279053,0.3786865174770355,-0.1711246520280838,0.6707741022109985,0.38116568326950073,-0.19035793840885162,0.6476357579231262,0.3527687191963196,-0.055067308247089386,0.6435930132865906,0.40572917461395264,-0.19610896706581116,0.6462953090667725,0.3727802336215973,0.06074187904596329,0.6384360194206238,0.46044450998306274,-0.13870804011821747,0.6549865007400513,0.4007440209388733,0.1257433146238327,0.664226770401001,0.45380905270576477,-0.033163707703351974,0.655561625957489,0.4069715142250061,0.13524605333805084,0.6699869632720947,0.4585113823413849,-0.03476599603891373,0.6555930972099304,0.40873244404792786,0.1183200478553772,0.670972466468811,0.44624149799346924,-0.04427505284547806,0.6548014283180237,0.40801939368247986,0.12061420828104019,0.6685678958892822,0.44369444251060486,-0.03379526361823082,0.599906325340271,0.42678380012512207,0.05087276175618172,0.5898560881614685,0.4431476294994354,-0.05071145296096802,0.6472729444503784,0.4559688866138458,0.0656372606754303,0.6307372450828552,0.48936671018600464,-0.1452498584985733,0.6312007308006287,0.5392010807991028,0.17219829559326172,0.6154878735542297,0.5841082334518433,-0.09462445229291916,0.6240582466125488,0.5518685579299927,0.18137463927268982,0.6080827713012695,0.5981782078742981,-0.09054499119520187,0.6422557830810547,0.5648377537727356,0.15457883477210999,0.6338530778884888,0.6068030595779419,-0.14144833385944366
0289,./images/8/frame_00289.jpg,Warning,0.6729652285575867,0.3763236701488495,-0.14840255677700043,0.674467921257019,0.365339457988739,-0.14787991344928741,0.6740431785583496,0.36359426379203796,-0.1479244828224182,0.6736479997634888,0.3620803952217102,-0.14800041913986206,0.674248218536377,0.36927083134651184,-0.15997612476348877,0.6737361550331116,0.3701697885990143,-0.16005492210388184,0.6731768250465393,0.37108108401298523,-0.1601024568080902,0.6672782897949219,0.35784175992012024,-0.11856398731470108,0.6674748659133911,0.3702886402606964,-0.17332518100738525,0.6673634648323059,0.37855470180511475,-0.1335849165916443,0.6671831011772156,0.38118988275527954,-0.14966490864753723,0.645169734954834,0.3527165651321411,-0.03508187457919121,0.6421030163764954,0.4064429700374603,-0.16509467363357544,0.6406848430633545,0.3733443021774292,0.08759006857872009,0.6336511969566345,0.4642464816570282,-0.11380491405725479,0.6523268818855286,0.40164488554000854,0.1503392457962036,0.6512974500656128,0.45005205273628235,-0.004879149608314037,0.6544082760810852,0.4071043133735657,0.1533997803926468,0.6543346643447876,0.4516601860523224,-0.0182285588234663,0.6542623043060303,0.40925928950309753,0.14345990121364594,0.6555234789848328,0.4393603503704071,-0.01382407732307911,0.6532548069953918,0.40809670090675354,0.144231379032135,0.6543260812759399,0.43775254487991333,-0.004069190006703138,0.597918689250946,0.42699530720710754,0.050299953669309616,0.5885482430458069,0.4417068064212799,-0.05009593442082405,0.6472386717796326,0.4513397216796875,0.04747176170349121,0.6275990009307861,0.48618850111961365,-0.16207927465438843,0.6310178637504578,0.5377155542373657,0.14790333807468414,0.6154983639717102,0.5834127068519592,-0.12841884791851044,0.6238179206848145,0.5514613389968872,0.15648654103279114,0.6080634593963623,0.5979662537574768,-0.12595121562480927,0.6421729326248169,0.5619404911994934,0.1299622356891632,0.6339015364646912,0.6071978211402893,-0.17861820757389069
0290,./images/8/frame_00290.jpg,Warning,0.6684147715568542,0.3734892010688782,-0.12171737849712372,0.6700339913368225,0.3624049723148346,-0.12316503375768661,0.6691444516181946,0.35995039343833923,-0.1232232004404068,0.668317437171936,0.35793110728263855,-0.1232667788863182,0.6707770228385925,0.36730197072029114,-0.14240486919879913,0.6703304648399353,0.36873528361320496,-0.1424204409122467,0.6700372695922852,0.36991459131240845,-0.1424250304698944,0.6631299257278442,0.3554460406303406,-0.10758809000253677,0.6655677556991577,0.37030765414237976,-0.1467205435037613,0.6627464890480042,0.37427788972854614,-0.11025954782962799,0.6638168096542358,0.3792618215084076,-0.13495469093322754,0.6390427350997925,0.35163384675979614,-0.034097932279109955,0.6442409753799438,0.4070283770561218,-0.14325658977031708,0.6408857703208923,0.36016514897346497,0.08906545490026474,0.6401885151863098,0.46377813816070557,-0.08499336242675781,0.6560811400413513,0.377062052488327,0.1752137839794159,0.6604311466217041,0.448538601398468,0.01204763911664486,0.6576207876205444,0.37812742590904236,0.1849111020565033,0.664575457572937,0.45117679238319397,0.011423362419009209,0.657052218914032,0.3799695670604706,0.173749640583992,0.6647335290908813,0.43974432349205017,0.007754492107778788,0.6560062170028687,0.3811337351799011,0.17170730233192444,0.6629341840744019,0.43765556812286377,0.013032655231654644,0.5921937823295593,0.4279671609401703,0.050714947283267975,0.586479902267456,0.44234007596969604,-0.05045527219772339,0.6427937150001526,0.4534361660480499,0.059405237436294556,0.6298041939735413,0.4883309304714203,-0.15427187085151672,0.6232396960258484,0.5343285202980042,0.1512681245803833,0.6169833540916443,0.5822426080703735,-0.14412078261375427,0.6172051429748535,0.5467268228530884,0.15947207808494568,0.6085184812545776,0.6017898917198181,-0.14342465996742249,0.6318174600601196,0.5559045672416687,0.13522545993328094,0.6342286467552185,0.6073623895645142,-0.19425609707832336
0291,./images/8/frame_00291.jpg,Warning,0.6658346652984619,0.37368154525756836,-0.1338626891374588,0.66767418384552,0.36277249455451965,-0.13670238852500916,0.6671761870384216,0.3604035973548889,-0.13674983382225037,0.6667391061782837,0.35863828659057617,-0.13683128356933594,0.6675095558166504,0.3675159513950348,-0.14788362383842468,0.6670347452163696,0.36892130970954895,-0.14794951677322388,0.6665817499160767,0.37004509568214417,-0.14798133075237274,0.6620156168937683,0.3562442660331726,-0.11886827647686005,0.6622442007064819,0.3703325390815735,-0.16559147834777832,0.6612724661827087,0.3743332028388977,-0.12281531095504761,0.6610952615737915,0.3793274462223053,-0.13765795528888702,0.6380130052566528,0.3529985547065735,-0.04015622287988663,0.6381150484085083,0.4088898003101349,-0.1583440601825714,0.639074981212616,0.3720692992210388,0.0737963393330574,0.6351814866065979,0.4699241518974304,-0.09959118068218231,0.6564626693725586,0.3969906270503998,0.13854894042015076,0.6633169054985046,0.4602745473384857,-0.007476481609046459,0.6591130495071411,0.40036001801490784,0.1479794681072235,0.6681400537490845,0.4645700752735138,-0.009797844104468822,0.6590977311134338,0.40338224172592163,0.1305830329656601,0.66691654920578,0.44967031478881836,-0.019086165353655815,0.6579831838607788,0.40368127822875977,0.13321805000305176,0.6655586957931519,0.4485699236392975,-0.008527145721018314,0.5905620455741882,0.42804309725761414,0.048963095992803574,0.5848139524459839,0.44150039553642273,-0.04867871105670929,0.6388251781463623,0.4536614716053009,0.05078519508242607,0.6254077553749084,0.4902823865413666,-0.1372457593679428,0.6241573095321655,0.5442222952842712,0.1346241533756256,0.6169848442077637,0.5824845433235168,-0.10919846594333649,0.6173568964004517,0.5599474310874939,0.14180625975131989,0.6087245345115662,0.6014701128005981,-0.10736604034900665,0.6335833668708801,0.5676801800727844,0.11296023428440094,0.6344047784805298,0.6090417504310608,-0.1596594601869583
0292,./images/8/frame_00292.jpg,Warning,0.6607901453971863,0.37708723545074463,-0.1449080854654312,0.6632516980171204,0.3665698170661926,-0.14502723515033722,0.6631160974502563,0.3647768199443817,-0.1450813114643097,0.6628929376602173,0.36306339502334595,-0.14517104625701904,0.6625766158103943,0.36961305141448975,-0.15773993730545044,0.6620545983314514,0.3702315092086792,-0.15781114995479584,0.6615126729011536,0.37086719274520874,-0.1578393578529358,0.6587954759597778,0.35982972383499146,-0.11566151678562164,0.6576065421104431,0.37064480781555176,-0.17252692580223083,0.6570243835449219,0.37863779067993164,-0.12970685958862305,0.6563982367515564,0.38117048144340515,-0.14664825797080994,0.635972261428833,0.35879406332969666,-0.031468529254198074,0.6342772841453552,0.4051823616027832,-0.1636308878660202,0.6384960412979126,0.3948153555393219,0.07774756848812103,0.6313808560371399,0.4691808521747589,-0.10686498880386353,0.6551779508590698,0.419664591550827,0.12477930635213852,0.6613896489143372,0.4605124294757843,-0.014704232104122639,0.6587846279144287,0.4239805340766907,0.13234107196331024,0.6676921248435974,0.4642360806465149,-0.018113797530531883,0.6572028994560242,0.4226043224334717,0.11370472609996796,0.6650136113166809,0.4523610770702362,-0.02771228924393654,0.6555556058883667,0.4182562530040741,0.11840945482254028,0.6659849286079407,0.4495497941970825,-0.01582280732691288,0.5904392600059509,0.4288312792778015,0.04899362847208977,0.5828179717063904,0.4420565664768219,-0.04882236570119858,0.6398741006851196,0.45489564538002014,0.04174363613128662,0.625088095664978,0.4911779761314392,-0.1467156857252121,0.6246562004089355,0.5484250783920288,0.1077556237578392,0.6170092821121216,0.5835363268852234,-0.13118602335453033,0.617733359336853,0.5651466846466064,0.11284748464822769,0.6096245050430298,0.601266622543335,-0.1309247761964798,0.6391719579696655,0.5700106024742126,0.08020206540822983,0.6342639327049255,0.6100403070449829,-0.18695412576198578
0293,./images/8/frame_00293.jpg,Warning,0.6602329015731812,0.3771122097969055,-0.1307486593723297,0.6613783240318298,0.3665817379951477,-0.13102474808692932,0.6610152125358582,0.36482322216033936,-0.13106751441955566,0.6606737375259399,0.3630710244178772,-0.1311519891023636,0.661260187625885,0.36964163184165955,-0.14315810799598694,0.6608723402023315,0.3702644407749176,-0.14323017001152039,0.6604577302932739,0.37090662121772766,-0.1432648003101349,0.655963659286499,0.36034223437309265,-0.10599979013204575,0.656137228012085,0.3709210157394409,-0.16058866679668427,0.6563807725906372,0.3793596923351288,-0.11743026971817017,0.6561974287033081,0.38195130228996277,-0.13347110152244568,0.6347571611404419,0.3606511056423187,-0.026075050234794617,0.6353999972343445,0.4066891670227051,-0.15805888175964355,0.6351059675216675,0.3908827602863312,0.08599868416786194,0.6332959532737732,0.4754205048084259,-0.10353265702724457,0.6456289291381836,0.414960652589798,0.14594969153404236,0.6595537066459656,0.46902915835380554,-0.007830116897821426,0.6472316980361938,0.41911938786506653,0.1605651080608368,0.6653023362159729,0.4725755453109741,-0.005330339074134827,0.6469933986663818,0.4189154803752899,0.14502868056297302,0.6636619567871094,0.4585403800010681,-0.013273810967803001,0.646085262298584,0.4171052575111389,0.1427568644285202,0.6637251973152161,0.4576351046562195,-0.006684830877929926,0.5919914841651917,0.4290179908275604,0.04936075955629349,0.5825098752975464,0.44231554865837097,-0.04918661713600159,0.6407456398010254,0.4550134539604187,0.04839380830526352,0.6244267225265503,0.4918375313282013,-0.13942915201187134,0.6248153448104858,0.5471580028533936,0.12451998144388199,0.6169322729110718,0.584151029586792,-0.12242380529642105,0.617970883846283,0.5644568204879761,0.13104835152626038,0.6095623970031738,0.6011132597923279,-0.12148009240627289,0.6389922499656677,0.5669500231742859,0.10411228984594345,0.6341978311538696,0.609998881816864,-0.17245638370513916
0294,./images/8/frame_00294.jpg,Warning,0.6568102240562439,0.38052862882614136,-0.1837603598833084,0.6580736637115479,0.36978864669799805,-0.18093249201774597,0.6579214334487915,0.36817851662635803,-0.1809835284948349,0.6577150821685791,0.3664308786392212,-0.1810721904039383,0.6574872732162476,0.3721340298652649,-0.1950845718383789,0.6569859385490417,0.37232711911201477,-0.19515655934810638,0.6564645767211914,0.3725685179233551,-0.19517448544502258,0.6528234481811523,0.36337488889694214,-0.13901561498641968,0.6520798802375793,0.3724999725818634,-0.20295557379722595,0.6533900499343872,0.38352906703948975,-0.1642206609249115,0.6525785326957703,0.38542619347572327,-0.18305855989456177,0.633560836315155,0.3655737042427063,-0.048471566289663315,0.6281167268753052,0.41137391328811646,-0.18631353974342346,0.635888934135437,0.3991405963897705,0.06056173890829086,0.6312575340270996,0.47858837246894836,-0.13808952271938324,0.6484031677246094,0.42227914929389954,0.11100588738918304,0.6601165533065796,0.47058922052383423,-0.051047433167696,0.6509196162223816,0.4259219765663147,0.11918635666370392,0.666545033454895,0.48175814747810364,-0.05638645216822624,0.6508343815803528,0.4262206256389618,0.10046267509460449,0.665012001991272,0.46649643778800964,-0.06454341858625412,0.6496394872665405,0.425953209400177,0.10496755689382553,0.6641258001327515,0.4636796712875366,-0.05157770588994026,0.5927578806877136,0.4295370876789093,0.04832381382584572,0.5813820958137512,0.4435664713382721,-0.04803796112537384,0.6324971318244934,0.47181418538093567,0.02682880498468876,0.6203988790512085,0.4922036826610565,-0.13646884262561798,0.6219123005867004,0.5626702308654785,0.10003888607025146,0.6170055270195007,0.5870733857154846,-0.10685840994119644,0.6155707240104675,0.5786802768707275,0.1059173196554184,0.6107784509658813,0.6084222793579102,-0.1053333505988121,0.638649582862854,0.5819113254547119,0.07276240736246109,0.6342483758926392,0.611183226108551,-0.15903396904468536
0295,./images/8/frame_00295.jpg,Warning,0.653170645236969,0.3807561993598938,-0.16619524359703064,0.6537929773330688,0.37055277824401855,-0.16393925249576569,0.6535249352455139,0.36898499727249146,-0.1639832854270935,0.6532125473022461,0.3673458397388458,-0.1640625,0.6534072160720825,0.3728944957256317,-0.17667840421199799,0.652983546257019,0.37310782074928284,-0.1767546832561493,0.6525194048881531,0.37336185574531555,-0.1767861247062683,0.6484168767929077,0.3647174835205078,-0.12619343400001526,0.6482309699058533,0.3737858533859253,-0.1838441789150238,0.6501973867416382,0.38406693935394287,-0.1482708603143692,0.6495160460472107,0.38650280237197876,-0.16528227925300598,0.6298777461051941,0.36843428015708923,-0.040008630603551865,0.6274231672286987,0.4158102571964264,-0.17148086428642273,0.628618597984314,0.39609917998313904,0.06955211609601974,0.6323732733726501,0.47852325439453125,-0.12086625397205353,0.6328704953193665,0.41813331842422485,0.13157542049884796,0.6594909429550171,0.4738740622997284,-0.03350134566426277,0.6325974464416504,0.42171117663383484,0.14215627312660217,0.6654037237167358,0.4793955981731415,-0.0370376780629158,0.6325376033782959,0.4222005605697632,0.12605299055576324,0.6654583215713501,0.46759456396102905,-0.04523935541510582,0.6325939893722534,0.42187419533729553,0.1270623356103897,0.6636011004447937,0.4652916491031647,-0.03408557549118996,0.5883675813674927,0.43486231565475464,0.04737887531518936,0.5801358819007874,0.4476693570613861,-0.04711123928427696,0.629210352897644,0.4731830954551697,0.03407498076558113,0.6191717386245728,0.49251043796539307,-0.15391041338443756,0.6204893589019775,0.5571469664573669,0.1137930378317833,0.6170145273208618,0.5889265537261963,-0.1355503797531128,0.614764928817749,0.5718240141868591,0.12038497626781464,0.6125468015670776,0.6103622317314148,-0.13529329001903534,0.6368392705917358,0.5780248641967773,0.08729314059019089,0.6342007517814636,0.6115170121192932,-0.19451692700386047
0296,./images/8/frame_00296.jpg,Warning,0.6486735343933105,0.38060978055000305,0.017463454976677895,0.648773729801178,0.3710812032222748,0.017635710537433624,0.6483217477798462,0.3697826862335205,0.017583254724740982,0.6478440165519714,0.36851945519447327,0.01751643791794777,0.6489702463150024,0.3731699287891388,0.006219197064638138,0.6486992239952087,0.37337934970855713,0.006146813742816448,0.6484040021896362,0.37361958622932434,0.006066340487450361,0.6429787874221802,0.36718371510505676,0.024390988051891327,0.64453125,0.3749041259288788,-0.027190780267119408,0.6452149748802185,0.3840849697589874,0.02232642099261284,0.6451756358146667,0.38659507036209106,0.007092015352100134,0.6228455305099487,0.3747023642063141,0.06586050242185593,0.6317502856254578,0.41552233695983887,-0.05581245943903923,0.6024330854415894,0.41340896487236023,0.13226184248924255,0.6286910176277161,0.4684394896030426,-0.00912412442266941,0.6034799218177795,0.4496631324291229,0.17116983234882355,0.6501032114028931,0.46814393997192383,0.09494542330503464,0.6021870374679565,0.4577426016330719,0.18103361129760742,0.6563887000083923,0.4725106954574585,0.10297491401433945,0.6044222116470337,0.4590868651866913,0.17070002853870392,0.6562923789024353,0.460194855928421,0.09790877997875214,0.6050077676773071,0.45615991950035095,0.1677623689174652,0.6531692147254944,0.45812293887138367,0.09621129184961319,0.5795990824699402,0.4439968168735504,0.047746412456035614,0.5800487399101257,0.452329158782959,-0.04751218855381012,0.6227749586105347,0.47888070344924927,0.07994679361581802,0.6212259531021118,0.4926754832267761,-0.1527479588985443,0.6136695742607117,0.5586663484573364,0.11234632879495621,0.6170591115951538,0.5888015031814575,-0.19348490238189697,0.6074203252792358,0.5733285546302795,0.11304233223199844,0.6131722331047058,0.6091119050979614,-0.1994495987892151,0.6290262937545776,0.5779778361320496,0.0889190286397934,0.6342592239379883,0.6114065051078796,-0.25177985429763794
0297,./images/8/frame_00297.jpg,Warning,0.6446905136108398,0.3806959390640259,-0.007645891513675451,0.6453496217727661,0.37155091762542725,-0.0017187012126669288,0.6453292369842529,0.3709026277065277,-0.0018104156479239464,0.6452681422233582,0.3704211413860321,-0.0018749265000224113,0.6442688703536987,0.3731411397457123,-0.015011276118457317,0.6433727741241455,0.37311193346977234,-0.01502607949078083,0.6423981189727783,0.37299245595932007,-0.015033232048153877,0.6409785747528076,0.3703824281692505,0.037374574691057205,0.6370475888252258,0.3744488060474396,-0.021842876449227333,0.6421911716461182,0.38589996099472046,0.009394456632435322,0.6404701471328735,0.38686439394950867,-0.007991104386746883,0.6267827749252319,0.39905279874801636,0.0803445428609848,0.6137584447860718,0.4010906517505646,-0.039111338555812836,0.6161937117576599,0.4514564573764801,0.06333652883768082,0.616261899471283,0.46297723054885864,-0.046685591340065,0.611868143081665,0.48285534977912903,-0.02675582468509674,0.6471865773200989,0.47171682119369507,-0.10810703039169312,0.622561514377594,0.49018532037734985,-0.03799759969115257,0.6548190712928772,0.4769023358821869,-0.12755779922008514,0.6281764507293701,0.4870656430721283,-0.05012185499072075,0.6573283672332764,0.4668963849544525,-0.12331533432006836,0.6219003796577454,0.48534977436065674,-0.03436674550175667,0.6547331213951111,0.4652802348136902,-0.10728584229946136,0.5821251273155212,0.45602408051490784,0.04758918285369873,0.5760005712509155,0.4516657888889313,-0.04741751030087471,0.6215230822563171,0.4844890534877777,-0.03669328615069389,0.618076503276825,0.4872901439666748,-0.15956109762191772,0.6111730337142944,0.5732958316802979,-0.078690305352211,0.6163805723190308,0.5872430205345154,-0.22675493359565735,0.6043590307235718,0.5903374552726746,-0.08518972992897034,0.6111152172088623,0.6028981804847717,-0.23585590720176697,0.6285589337348938,0.5868774056434631,-0.1310739368200302,0.6336652636528015,0.6072513461112976,-0.2948647439479828
0298,./images/8/frame_00298.jpg,Warning,0.6407757997512817,0.3831075429916382,-0.004633480217307806,0.6417089104652405,0.3731147348880768,0.0013772532111033797,0.6415351629257202,0.37261471152305603,0.0013060934143140912,0.6413376927375793,0.3721276521682739,0.0012570879189297557,0.6407777070999146,0.37350594997406006,-0.014537198469042778,0.6400361657142639,0.37318822741508484,-0.014563584700226784,0.6391502022743225,0.3729848265647888,-0.014580054208636284,0.636186957359314,0.37054938077926636,0.03834869712591171,0.6333234906196594,0.3738480806350708,-0.03321468457579613,0.637508749961853,0.38814324140548706,0.011579428799450397,0.635877788066864,0.38825589418411255,-0.009362639859318733,0.6250901818275452,0.39789843559265137,0.0868629440665245,0.6116934418678284,0.3992222547531128,-0.057762544602155685,0.6219567656517029,0.44783952832221985,0.06968651711940765,0.615777850151062,0.4588041603565216,-0.06932771950960159,0.6132741570472717,0.47315526008605957,0.017959367483854294,0.6440455913543701,0.4693191945552826,-0.06414922326803207,0.6358080506324768,0.4779435992240906,0.011457258835434914,0.6510836482048035,0.4737553000450134,-0.07756875455379486,0.6409522294998169,0.47460252046585083,-0.0014955821679905057,0.6535797119140625,0.4632077217102051,-0.07558424025774002,0.6360110640525818,0.4735729992389679,0.01030535064637661,0.6510539650917053,0.46169313788414,-0.06290090084075928,0.5779009461402893,0.45894449949264526,0.04946379363536835,0.5731626749038696,0.4549928307533264,-0.049337007105350494,0.6205509305000305,0.48614874482154846,0.004099197220057249,0.6167685985565186,0.48459306359291077,-0.15481814742088318,0.6091002225875854,0.5740402936935425,-0.013439426198601723,0.6143988370895386,0.5857927203178406,-0.18781444430351257,0.6049615144729614,0.5859195590019226,-0.0172348003834486,0.6090755462646484,0.5991961359977722,-0.19391418993473053,0.6258986592292786,0.5899669528007507,-0.05244939401745796,0.6325241327285767,0.60457444190979,-0.24167653918266296
0299,./images/8/frame_00299.jpg,Warning,0.6348510980606079,0.38672327995300293,-0.11907108873128891,0.6368517279624939,0.37604254484176636,-0.11115469038486481,0.637096107006073,0.3756958842277527,-0.11123935133218765,0.6374077796936035,0.3755136728286743,-0.11130692809820175,0.6346020698547363,0.37541061639785767,-0.12521888315677643,0.6332810521125793,0.374300092458725,-0.125241219997406,0.6319573521614075,0.37350231409072876,-0.12525621056556702,0.6339460611343384,0.3741634488105774,-0.05705035477876663,0.624144971370697,0.3739009499549866,-0.12059547007083893,0.6327227354049683,0.3928828239440918,-0.0971975103020668,0.6305218935012817,0.3934519588947296,-0.11547504365444183,0.6269255876541138,0.40955743193626404,-0.005323599558323622,0.6042419672012329,0.3938688635826111,-0.12526163458824158,0.6233989596366882,0.4608188569545746,-0.039090968668460846,0.6029803156852722,0.45474302768707275,-0.1470213383436203,0.627156674861908,0.478760689496994,-0.13687214255332947,0.6273654103279114,0.47260230779647827,-0.1395595818758011,0.6384384632110596,0.48483386635780334,-0.15318773686885834,0.631793737411499,0.48005566000938416,-0.1566421091556549,0.6412245035171509,0.47914695739746094,-0.16321691870689392,0.6357470154762268,0.4709148705005646,-0.1573285311460495,0.6380611658096313,0.4768455922603607,-0.14423838257789612,0.6345122456550598,0.4683576822280884,-0.1398942619562149,0.5819680690765381,0.466383695602417,0.04767061397433281,0.5712462663650513,0.4593338072299957,-0.04757191985845566,0.6219034790992737,0.494113028049469,-0.051432590931653976,0.6166179776191711,0.4854423999786377,-0.1504722535610199,0.6096563935279846,0.5809808969497681,-0.04449585825204849,0.6143428087234497,0.5847285985946655,-0.1676701009273529,0.606660008430481,0.5935126543045044,-0.04507659748196602,0.607934832572937,0.5955002903938293,-0.16245056688785553,0.6281101703643799,0.5975597500801086,-0.08940360695123672,0.6315253973007202,0.604957640171051,-0.21223406493663788
0300,./images/8/frame_00300.jpg,Warning,0.6276889443397522,0.3859096169471741,0.12168930470943451,0.627815842628479,0.3758781850337982,0.11834464222192764,0.627551794052124,0.37546882033348083,0.11828336864709854,0.6272041201591492,0.3751513659954071,0.11826306581497192,0.6287007927894592,0.3756487965583801,0.11174802482128143,0.6284283995628357,0.3749157786369324,0.1117168515920639,0.6275156140327454,0.3748966157436371,0.11164482682943344,0.6246064901351929,0.37427985668182373,0.10908041149377823,0.6266013383865356,0.37853023409843445,0.07996483147144318,0.6244091391563416,0.3911786675453186,0.1199062243103981,0.6252864599227905,0.39284616708755493,0.11134551465511322,0.6091564893722534,0.39827343821525574,0.10636831820011139,0.6145682334899902,0.40790918469429016,0.028818944469094276,0.6016142964363098,0.4407566487789154,0.037512097507715225,0.6185836791992188,0.46166321635246277,-0.009629728272557259,0.6117270588874817,0.45855873823165894,-0.043247342109680176,0.6386411786079407,0.47062864899635315,-0.017769578844308853,0.6129746437072754,0.4566628634929657,-0.05763588473200798,0.6432960629463196,0.47752487659454346,-0.02675623819231987,0.61585932970047,0.4511813223361969,-0.05839531868696213,0.644191563129425,0.4665752947330475,-0.02378305234014988,0.6157103776931763,0.45220333337783813,-0.046350203454494476,0.6424635648727417,0.4643971025943756,-0.016840919852256775,0.5749017000198364,0.4721021056175232,0.043108902871608734,0.5730811357498169,0.4774336814880371,-0.04315734654664993,0.623123049736023,0.4933478832244873,-0.010363690555095673,0.6168338656425476,0.48795080184936523,-0.14583051204681396,0.6125046610832214,0.5765878558158875,-0.0773034542798996,0.6144958734512329,0.5809673070907593,-0.2282937467098236,0.6075050234794617,0.5877698063850403,-0.08721505105495453,0.6079640984535217,0.5933061838150024,-0.23962517082691193,0.6287412047386169,0.5920910835266113,-0.11857157945632935,0.631574273109436,0.6042158603668213,-0.2829272747039795
0301,./images/8/frame_00301.jpg,Warning,0.6279895305633545,0.38998183608055115,0.04883487895131111,0.6290072202682495,0.37861183285713196,0.05326255038380623,0.6289016008377075,0.3782070279121399,0.05319901555776596,0.6287592649459839,0.377887099981308,0.053179461508989334,0.6281133890151978,0.3788542151451111,0.03879754990339279,0.6274340152740479,0.37834230065345764,0.0387716181576252,0.6266087293624878,0.3781268298625946,0.03874145448207855,0.6243584752082825,0.3772881329059601,0.07695385068655014,0.6217997074127197,0.37925708293914795,0.01232105027884245,0.6248015761375427,0.39639389514923096,0.05921735242009163,0.6238989233970642,0.3971109986305237,0.0403524748980999,0.6093859672546387,0.4017096161842346,0.10455141961574554,0.6066739559173584,0.40775617957115173,-0.02904735505580902,0.6132280230522156,0.44532501697540283,0.07286850363016129,0.6200696229934692,0.4659537076950073,-0.05552499368786812,0.6209536790847778,0.4657802879810333,0.004469255916774273,0.6415722370147705,0.4750133156776428,-0.059803783893585205,0.6148563623428345,0.46625569462776184,-0.0032305314671248198,0.6455484628677368,0.47675204277038574,-0.07321493327617645,0.6198967695236206,0.4624100625514984,-0.010195937938988209,0.6481677293777466,0.468426376581192,-0.06776294857263565,0.6210235357284546,0.46317020058631897,-0.0009241930092684925,0.6466702222824097,0.4686231315135956,-0.057697366923093796,0.5741361975669861,0.4780578315258026,0.04400760307908058,0.5701923966407776,0.4789746105670929,-0.04413556307554245,0.6239579916000366,0.4932343065738678,0.0031717107631266117,0.6178656816482544,0.48252952098846436,-0.13165071606636047,0.6109593510627747,0.5787084698677063,-0.024443957954645157,0.6142791509628296,0.5792292952537537,-0.183578759431839,0.6039170622825623,0.5911908745765686,-0.02960922382771969,0.6074811220169067,0.5914826989173889,-0.18941447138786316,0.6284725069999695,0.5944372415542603,-0.05756204202771187,0.6317191123962402,0.6038020849227905,-0.24088136851787567
0302,./images/8/frame_00302.jpg,Warning,0.625166118144989,0.38899844884872437,0.03887628763914108,0.6259022355079651,0.3781431019306183,0.04371264576911926,0.6257550120353699,0.37772631645202637,0.04365294426679611,0.6255582571029663,0.37743133306503296,0.04362558573484421,0.6252657175064087,0.3785189390182495,0.02844286523759365,0.6246845722198486,0.3781990110874176,0.028425807133316994,0.6240130662918091,0.37810635566711426,0.028392577543854713,0.6206410527229309,0.37740206718444824,0.06626283377408981,0.618855357170105,0.37904325127601624,-0.0020377621985971928,0.6222115755081177,0.39518463611602783,0.0487092062830925,0.6209393739700317,0.3966374397277832,0.028747092932462692,0.6057717800140381,0.4028308093547821,0.09635387361049652,0.6074398756027222,0.4106631278991699,-0.045389462262392044,0.6145332455635071,0.44444164633750916,0.08652806282043457,0.6249491572380066,0.4657316505908966,-0.0650140717625618,0.6260135173797607,0.4658961892127991,0.019943319261074066,0.6508973836898804,0.4740248918533325,-0.05339522287249565,0.6262209415435791,0.4674387276172638,0.01595201902091503,0.658220648765564,0.4758405387401581,-0.06506185978651047,0.6283689737319946,0.4642467200756073,0.003351168241351843,0.6578622460365295,0.4680820405483246,-0.06121937185525894,0.6279815435409546,0.46483710408210754,0.014565112069249153,0.657719612121582,0.4670451283454895,-0.05146890878677368,0.5731356739997864,0.48126524686813354,0.045734941959381104,0.5691906213760376,0.4833385944366455,-0.04590588063001633,0.6221309900283813,0.4924585521221161,0.04932655394077301,0.6175564527511597,0.4836583435535431,-0.11641520261764526,0.6123196482658386,0.5857324600219727,0.04756275564432144,0.6133039593696594,0.579709529876709,-0.13730566203594208,0.6051179766654968,0.5902448296546936,0.04584701359272003,0.6065106987953186,0.5923975110054016,-0.13985489308834076,0.6295276880264282,0.5988940596580505,0.0249484870582819,0.631798505783081,0.6038656234741211,-0.1714836061000824
0303,./images/8/frame_00303.jpg,Warning,0.6251438856124878,0.389326274394989,0.026489248499274254,0.6251627206802368,0.3779979348182678,0.02853802777826786,0.6248883605003357,0.3775094449520111,0.028463089838624,0.624596357345581,0.37715238332748413,0.02843310311436653,0.6247833371162415,0.3784047067165375,0.015675682574510574,0.6242465972900391,0.3781091570854187,0.015659360215067863,0.6236423850059509,0.37801259756088257,0.015637287870049477,0.6188402771949768,0.3770313262939453,0.043790604919195175,0.6178728342056274,0.378682404756546,-0.014176465570926666,0.6214796304702759,0.39550909399986267,0.033882416784763336,0.620444118976593,0.3957982361316681,0.017028911039233208,0.604089617729187,0.3987572193145752,0.07342921942472458,0.605117917060852,0.4129721224308014,-0.04712541401386261,0.6113945245742798,0.43975356221199036,0.05836823582649231,0.6212098002433777,0.4655938446521759,-0.03972282260656357,0.6251116991043091,0.46311888098716736,-0.017848527058959007,0.6377541422843933,0.4586890637874603,0.013432236388325691,0.6274091005325317,0.4638972282409668,-0.02909168042242527,0.642459511756897,0.4595371186733246,0.008708163164556026,0.6279562711715698,0.4626034200191498,-0.0355687215924263,0.6411858797073364,0.4516143798828125,0.006199220195412636,0.6269242167472839,0.4634825885295868,-0.023326309397816658,0.6391040086746216,0.45147231221199036,0.013975530862808228,0.5734822750091553,0.4757439196109772,0.045980289578437805,0.5682002902030945,0.47904473543167114,-0.046065475791692734,0.6222883462905884,0.4893622398376465,0.045722853392362595,0.6156734228134155,0.4845515787601471,-0.126219242811203,0.6166611909866333,0.5807440876960754,0.051792461425065994,0.6130719780921936,0.5800238251686096,-0.14473065733909607,0.6103973984718323,0.59275221824646,0.050787873566150665,0.6067399978637695,0.5930731296539307,-0.14565220475196838,0.632464587688446,0.5958101749420166,0.025873661041259766,0.6318661570549011,0.6039944291114807,-0.1885530650615692
0304,./images/8/frame_00304.jpg,Warning,0.6232426166534424,0.38935744762420654,-0.11738836765289307,0.6237221956253052,0.37902572751045227,-0.11289894580841064,0.6235896944999695,0.37858664989471436,-0.11298634856939316,0.6234291195869446,0.37821316719055176,-0.11304324865341187,0.6228318214416504,0.3792007863521576,-0.12715671956539154,0.6218576431274414,0.37894150614738464,-0.1271636188030243,0.6208947896957397,0.3787444233894348,-0.1271597295999527,0.6173171997070312,0.3780006766319275,-0.07385343313217163,0.6134382486343384,0.37880173325538635,-0.13865403831005096,0.6192452907562256,0.39544323086738586,-0.10016407072544098,0.6171733736991882,0.39592137932777405,-0.11900947242975235,0.6072915196418762,0.4064807593822479,-0.02461288310587406,0.5922214388847351,0.40745216608047485,-0.14082860946655273,0.6204779744148254,0.44473597407341003,-0.03833017125725746,0.615375280380249,0.4655207693576813,-0.1644333004951477,0.6426354646682739,0.46736595034599304,-0.11898783594369888,0.6387225389480591,0.4620177745819092,-0.15983255207538605,0.6490129828453064,0.47136998176574707,-0.13157689571380615,0.6440296173095703,0.4640496075153351,-0.17752842605113983,0.6493030786514282,0.4695832133293152,-0.1458912491798401,0.6441146731376648,0.4559580087661743,-0.17556409537792206,0.6463567614555359,0.46936678886413574,-0.1277228742837906,0.6421715021133423,0.45607709884643555,-0.1595219224691391,0.575325608253479,0.4757643938064575,0.0423579104244709,0.5654474496841431,0.4760385751724243,-0.04236071556806564,0.6226754784584045,0.488400936126709,-0.036314867436885834,0.6097214221954346,0.48121270537376404,-0.13378676772117615,0.6192857027053833,0.5838216543197632,-0.03144203871488571,0.6127131581306458,0.5840626358985901,-0.12751898169517517,0.6128731966018677,0.5992602705955505,-0.03202524781227112,0.6074918508529663,0.5931478142738342,-0.12749473750591278,0.6345223188400269,0.5963812470436096,-0.07239555567502975,0.6319928169250488,0.6035908460617065,-0.17278042435646057
0305,./images/8/frame_00305.jpg,Warning,0.6220606565475464,0.3892785906791687,-0.05961263179779053,0.623210072517395,0.3796028196811676,-0.07128898054361343,0.6232876181602478,0.37955233454704285,-0.07160799950361252,0.6233338713645935,0.3796105682849884,-0.07182429730892181,0.6216415166854858,0.3790111243724823,-0.07322341203689575,0.6205605864524841,0.37868255376815796,-0.07300623506307602,0.6191889047622681,0.3786442279815674,-0.07287120819091797,0.6181319952011108,0.3794437050819397,0.016342677175998688,0.6117825508117676,0.37795931100845337,-0.037257857620716095,0.6187450289726257,0.3961741626262665,-0.05900953337550163,0.6164475083351135,0.3953935503959656,-0.06420459598302841,0.6094746589660645,0.41552552580833435,0.046825386583805084,0.5884407162666321,0.39725998044013977,-0.05577094480395317,0.6254898309707642,0.4595189690589905,0.011759650893509388,0.5936272740364075,0.444315642118454,-0.11215227842330933,0.6493062376976013,0.47365429997444153,-0.07396348565816879,0.6148766875267029,0.4614568054676056,-0.14568665623664856,0.6601250171661377,0.47316792607307434,-0.08681732416152954,0.6187754273414612,0.46480822563171387,-0.16316178441047668,0.6619568467140198,0.47011101245880127,-0.09429849684238434,0.6217350959777832,0.4578750729560852,-0.16111692786216736,0.6574665307998657,0.46932411193847656,-0.08003668487071991,0.6204785704612732,0.4570191204547882,-0.14591407775878906,0.5757973790168762,0.4797323942184448,0.043016012758016586,0.5639153718948364,0.4743026793003082,-0.04300845414400101,0.6216776371002197,0.48791202902793884,-0.046594250947237015,0.6102277636528015,0.4800774157047272,-0.14435185492038727,0.6190947890281677,0.5811973810195923,-0.07482977211475372,0.6154669523239136,0.5820358395576477,-0.1605706363916397,0.6129752397537231,0.5964459180831909,-0.07931210100650787,0.6090161204338074,0.5917825698852539,-0.16362184286117554,0.6355488300323486,0.5926991105079651,-0.12327232211828232,0.6361439824104309,0.5930018424987793,-0.21549057960510254
0306,./images/8/frame_00306.jpg,Warning,0.6228845715522766,0.385761559009552,-0.08228748291730881,0.6234942674636841,0.37707290053367615,-0.0757681280374527,0.6233929395675659,0.37682411074638367,-0.07587049901485443,0.623257040977478,0.37654614448547363,-0.07593756169080734,0.6222571730613708,0.3764010965824127,-0.08959808945655823,0.6213147640228271,0.37578511238098145,-0.08958787471055984,0.6201955080032349,0.37522825598716736,-0.08958348631858826,0.6172739267349243,0.3747982084751129,-0.031571999192237854,0.6129692792892456,0.37309563159942627,-0.09608060121536255,0.6186279058456421,0.3927266001701355,-0.06583856046199799,0.6166764497756958,0.3914397358894348,-0.08405976742506027,0.6075174808502197,0.40900248289108276,0.007974035106599331,0.5875681638717651,0.39409950375556946,-0.10986597836017609,0.626206636428833,0.4514986276626587,-0.008224023506045341,0.6020556092262268,0.44932448863983154,-0.15255066752433777,0.6492836475372314,0.4750363528728485,-0.0790957361459732,0.6277748346328735,0.4647238850593567,-0.1732286512851715,0.6566892862319946,0.4807724058628082,-0.08983538299798965,0.6329483985900879,0.4722025692462921,-0.19244574010372162,0.6576995849609375,0.4782668650150299,-0.10332485288381577,0.6348761320114136,0.46405771374702454,-0.18988412618637085,0.6541842222213745,0.47729530930519104,-0.08715745806694031,0.633212685585022,0.462082177400589,-0.17324836552143097,0.5761315822601318,0.4761912524700165,0.04257621243596077,0.5634484887123108,0.4734879434108734,-0.04259134829044342,0.6205395460128784,0.4846835136413574,-0.040469445288181305,0.6082429885864258,0.47687628865242004,-0.13905927538871765,0.6199017763137817,0.5798863172531128,-0.047886572778224945,0.6153796911239624,0.5809774398803711,-0.130576953291893,0.6138384342193604,0.5948522090911865,-0.049898553639650345,0.6093353033065796,0.5905145406723022,-0.13118228316307068,0.6362661123275757,0.5924569368362427,-0.08954862505197525,0.6356629133224487,0.5939327478408813,-0.17372895777225494
0307,./images/8/frame_00307.jpg,Warning,0.6228446364402771,0.38043636083602905,-0.055326592177152634,0.6232722401618958,0.3718307912349701,-0.04889233410358429,0.6230387687683105,0.371440589427948,-0.04897143319249153,0.6227596998214722,0.37102386355400085,-0.04903005436062813,0.622315526008606,0.3710974454879761,-0.063304103910923,0.6214859485626221,0.37033626437187195,-0.06330417096614838,0.6205534338951111,0.36958813667297363,-0.06330801546573639,0.6166704297065735,0.368976891040802,-0.01548670418560505,0.6135847568511963,0.36702960729599,-0.0771825835108757,0.6186925172805786,0.38662832975387573,-0.04008197784423828,0.6172108054161072,0.3856604993343353,-0.05916381999850273,0.6064131855964661,0.40614721179008484,0.024712571874260902,0.5852635502815247,0.38806694746017456,-0.09807925671339035,0.6270283460617065,0.4485112130641937,0.009568382054567337,0.5959470868110657,0.44083815813064575,-0.1493254005908966,0.657253086566925,0.47253355383872986,-0.06053387373685837,0.6141974329948425,0.4586896300315857,-0.1782449334859848,0.6625595688819885,0.47798871994018555,-0.0702899917960167,0.6255172491073608,0.47165337204933167,-0.19739340245723724,0.6635890007019043,0.4757497012615204,-0.08379412442445755,0.6288443803787231,0.4638097584247589,-0.1939001977443695,0.6582772135734558,0.47889387607574463,-0.06866827607154846,0.6273471117019653,0.46189773082733154,-0.17806105315685272,0.576720118522644,0.4745326042175293,0.04310493543744087,0.5625878572463989,0.47329801321029663,-0.04309997707605362,0.6203728914260864,0.4834446310997009,-0.03140820562839508,0.6079414486885071,0.47300559282302856,-0.1353302299976349,0.6212462186813354,0.5792495608329773,-0.040490664541721344,0.6166447401046753,0.5774248838424683,-0.1238909587264061,0.6154615879058838,0.5946435928344727,-0.04278688132762909,0.6116986870765686,0.5908271670341492,-0.12404235452413559,0.6364278197288513,0.59175044298172,-0.08139491826295853,0.6362206935882568,0.5900319814682007,-0.163007915019989
0308,./images/8/frame_00308.jpg,Fall,0.6202059984207153,0.3738868832588196,-0.05425912141799927,0.6211339235305786,0.36586999893188477,-0.035949673503637314,0.6209976077079773,0.3655351400375366,-0.036024950444698334,0.6208109855651855,0.3652280569076538,-0.03611012175679207,0.6201069951057434,0.3651098608970642,-0.052514463663101196,0.619324803352356,0.36432087421417236,-0.05250687524676323,0.6184285879135132,0.36350685358047485,-0.05252312868833542,0.6151480674743652,0.3634760081768036,0.01282171905040741,0.6117479205131531,0.3608260750770569,-0.05630355328321457,0.6165130734443665,0.38050714135169983,-0.027796190232038498,0.6149822473526001,0.379181444644928,-0.050416551530361176,0.6053256988525391,0.4053512215614319,0.04930945858359337,0.5836107134819031,0.38304010033607483,-0.07629161328077316,0.6240635514259338,0.4472311735153198,0.01923505589365959,0.5780880451202393,0.4308032989501953,-0.13387900590896606,0.6503254175186157,0.4736621379852295,-0.05843271687626839,0.5914382934570312,0.4620339572429657,-0.1882069706916809,0.6563084125518799,0.4807228147983551,-0.06981058418750763,0.5928419828414917,0.4770655632019043,-0.20811918377876282,0.6575318574905396,0.47876447439193726,-0.08153659105300903,0.5982885360717773,0.4727596640586853,-0.2079814225435257,0.653378427028656,0.47832047939300537,-0.06633710116147995,0.5982252359390259,0.4688882529735565,-0.18955829739570618,0.5769776105880737,0.4744141101837158,0.045001644641160965,0.5622169971466064,0.4728204011917114,-0.04506271332502365,0.6183992028236389,0.48213738203048706,-0.006530485115945339,0.6043556332588196,0.47887805104255676,-0.1357249915599823,0.6211478114128113,0.5687978267669678,-0.026908088475465775,0.6187291741371155,0.5768786072731018,-0.12761321663856506,0.6171773076057434,0.593183159828186,-0.03685673326253891,0.6151142716407776,0.5924069881439209,-0.12436439096927643,0.6362236738204956,0.5837984085083008,-0.06271962821483612,0.643123209476471,0.5848259329795837,-0.19145789742469788
0309,./images/8/frame_00309.jpg,Fall,0.6185342669487,0.36763429641723633,-0.08237683773040771,0.6193658113479614,0.359406441450119,-0.07485920935869217,0.6192384958267212,0.35911768674850464,-0.07493497431278229,0.6190658807754517,0.35884928703308105,-0.07500386983156204,0.618346095085144,0.3587202727794647,-0.09077741205692291,0.6175767183303833,0.35802045464515686,-0.09078389406204224,0.6167317628860474,0.3573172688484192,-0.0908033698797226,0.6133280992507935,0.35765188932418823,-0.035993948578834534,0.6102500557899475,0.35565799474716187,-0.10751098394393921,0.6150525212287903,0.37433484196662903,-0.06593216210603714,0.6135857105255127,0.3733852505683899,-0.0867505669593811,0.6023851633071899,0.3930110037326813,0.0085102878510952,0.5840418338775635,0.38102057576179504,-0.12307669222354889,0.618986189365387,0.44142311811447144,0.014232071116566658,0.583768904209137,0.43605563044548035,-0.1391090303659439,0.6444391012191772,0.4718257784843445,-0.046619899570941925,0.5972828269004822,0.465047150850296,-0.1404033601284027,0.6518222093582153,0.4772331714630127,-0.0570974163711071,0.5992215275764465,0.47814467549324036,-0.1558040827512741,0.6551331281661987,0.47508999705314636,-0.06781557202339172,0.6024206876754761,0.47286733984947205,-0.15548822283744812,0.6502904891967773,0.4747929573059082,-0.05430695414543152,0.6020065546035767,0.4693039655685425,-0.14071278274059296,0.5770624876022339,0.46735385060310364,0.04440274462103844,0.5630820989608765,0.4684121012687683,-0.04444820433855057,0.6185505390167236,0.4801981747150421,0.020127421244978905,0.6058110594749451,0.48785045742988586,-0.10083772242069244,0.6220885515213013,0.5651758313179016,0.03336235508322716,0.6197069883346558,0.5771923065185547,-0.08623356372117996,0.6189209818840027,0.5803463459014893,0.03304620832204819,0.615955114364624,0.5936987400054932,-0.08553792536258698,0.6368964314460754,0.5842145085334778,0.00018006155733019114,0.6419811248779297,0.5877528786659241,-0.1283479779958725
0310,./images/8/frame_00310.jpg,Fall,0.6168196201324463,0.36384671926498413,-0.06107436493039131,0.6175373196601868,0.3553503751754761,-0.057631246745586395,0.6174620389938354,0.35507625341415405,-0.05767407268285751,0.6173297166824341,0.354839026927948,-0.05771534517407417,0.616313636302948,0.3545139729976654,-0.06972893327474594,0.6154624223709106,0.35370567440986633,-0.0697355568408966,0.614545464515686,0.35292017459869385,-0.06973142921924591,0.6117881536483765,0.3535275459289551,-0.014732448384165764,0.6083765625953674,0.35094118118286133,-0.08593466877937317,0.6135186553001404,0.3704480528831482,-0.048529524356126785,0.6118654012680054,0.3691786825656891,-0.06496486812829971,0.6020392179489136,0.38837242126464844,0.03403189778327942,0.5802200436592102,0.37784162163734436,-0.1022651419043541,0.6107684969902039,0.44005316495895386,0.02880055271089077,0.5779286623001099,0.43731430172920227,-0.12881416082382202,0.6258550882339478,0.4703713357448578,-0.042990826070308685,0.5934010744094849,0.46558278799057007,-0.144660085439682,0.6299944519996643,0.4784586727619171,-0.052423976361751556,0.5956286191940308,0.47787928581237793,-0.1610446274280548,0.6320009231567383,0.4743514657020569,-0.06377457082271576,0.5997833609580994,0.47165820002555847,-0.1611507087945938,0.6291536092758179,0.47310641407966614,-0.05036146566271782,0.5992929935455322,0.4681686758995056,-0.14516791701316833,0.5772322416305542,0.4635496437549591,0.04462648183107376,0.561485767364502,0.4659583270549774,-0.044659871608018875,0.6191766262054443,0.4768298268318176,0.015361210331320763,0.6044625043869019,0.48947060108184814,-0.11636706441640854,0.6222109794616699,0.5636416673660278,0.02405133657157421,0.6163943409919739,0.577294647693634,-0.10802723467350006,0.6198167204856873,0.5822370648384094,0.023160431534051895,0.6120344400405884,0.5936843156814575,-0.1080893874168396,0.6368436813354492,0.58391273021698,-0.013158473186194897,0.6389294862747192,0.5924988389015198,-0.15195518732070923
0311,./images/8/frame_00311.jpg,Fall,0.6123341917991638,0.3639466464519501,-0.009189914911985397,0.6133082509040833,0.3557124137878418,-0.001059632864780724,0.6135056614875793,0.35568317770957947,-0.00112940464168787,0.6136364340782166,0.35567331314086914,-0.0011751524871215224,0.6112582683563232,0.35435405373573303,-0.015101553872227669,0.6100629568099976,0.3534103333950043,-0.015117978677153587,0.6087963581085205,0.3525142967700958,-0.015131866559386253,0.6084113717079163,0.3548298478126526,0.03873936086893082,0.6011305451393127,0.35143598914146423,-0.024479594081640244,0.6097769141197205,0.37043672800064087,0.00633863965049386,0.6064044833183289,0.3694203197956085,-0.011871975846588612,0.6004878282546997,0.386635959148407,0.07163666188716888,0.5752369165420532,0.3794129192829132,-0.047539614140987396,0.6011675000190735,0.4394557476043701,0.047228313982486725,0.5786334276199341,0.4384908378124237,-0.0202782042324543,0.6074175834655762,0.4636845886707306,-0.04017116501927376,0.5961664319038391,0.4532189667224884,0.04538664221763611,0.609665036201477,0.4763396680355072,-0.05039484053850174,0.6000279784202576,0.46040916442871094,0.04622100293636322,0.608383297920227,0.46862122416496277,-0.054732173681259155,0.6015795469284058,0.4509209394454956,0.042059801518917084,0.6060609817504883,0.4638042747974396,-0.04401390627026558,0.6001129150390625,0.44769710302352905,0.04663974419236183,0.5773718357086182,0.46063610911369324,0.04029863700270653,0.5608647465705872,0.46368446946144104,-0.040259383618831635,0.6192149519920349,0.4770542085170746,0.0010834627319127321,0.6041750311851501,0.48834288120269775,-0.12126225233078003,0.6222483515739441,0.5625049471855164,-0.006850442849099636,0.6157195568084717,0.5778636932373047,-0.11558260768651962,0.6209298372268677,0.5820779204368591,-0.008907134644687176,0.6109845638275146,0.5937557220458984,-0.1196548193693161,0.6371075510978699,0.5841814875602722,-0.04216677322983742,0.6377743482589722,0.5968954563140869,-0.16400721669197083
0312,./images/8/frame_00312.jpg,Fall,0.6104499697685242,0.35840997099876404,-0.02750782109797001,0.6112744212150574,0.35058069229125977,-0.020242497324943542,0.6114553213119507,0.35048019886016846,-0.02031906321644783,0.6115862131118774,0.3503989279270172,-0.020374838262796402,0.6093465685844421,0.34934571385383606,-0.034321147948503494,0.608237087726593,0.3484058082103729,-0.034336067736148834,0.6070515513420105,0.3475356698036194,-0.03436081111431122,0.6063461303710938,0.3498941659927368,0.019505131989717484,0.6004515886306763,0.34655463695526123,-0.042207345366477966,0.607948899269104,0.3652237355709076,-0.012124525383114815,0.605095386505127,0.36388885974884033,-0.03055955469608307,0.5998977422714233,0.38275444507598877,0.0570133812725544,0.5745428204536438,0.3776952028274536,-0.06380239129066467,0.6024690866470337,0.43409401178359985,0.0550566092133522,0.5735543966293335,0.4369918406009674,-0.06856744736433029,0.6095041036605835,0.461504191160202,-0.003714958904311061,0.5940698385238647,0.45609867572784424,-0.05222639441490173,0.611633837223053,0.4760609567165375,-0.011566411703824997,0.598243772983551,0.46306827664375305,-0.0618344247341156,0.6119621992111206,0.46756988763809204,-0.020681096240878105,0.6010569334030151,0.45464396476745605,-0.06409050524234772,0.6100675463676453,0.4628840982913971,-0.009588520042598248,0.599651575088501,0.45217424631118774,-0.05236399173736572,0.5779563188552856,0.45943930745124817,0.04034847766160965,0.56119704246521,0.4635789096355438,-0.04030285030603409,0.6173120737075806,0.47999298572540283,-0.0058861686848104,0.6048200726509094,0.4878137707710266,-0.1016540378332138,0.6221500635147095,0.5703525543212891,-0.01834253966808319,0.6157412528991699,0.5773337483406067,-0.09722945839166641,0.6197682023048401,0.587563693523407,-0.021177522838115692,0.6109786629676819,0.5918592810630798,-0.09739145636558533,0.6365212202072144,0.5844346880912781,-0.058171968907117844,0.636875331401825,0.5961018204689026,-0.13375315070152283
0313,./images/8/frame_00313.jpg,Fall,0.6074956655502319,0.36049193143844604,-0.008881336078047752,0.6082466840744019,0.3523278534412384,-0.0002164698380511254,0.6084755063056946,0.3522319495677948,-0.00029933033511042595,0.6086589694023132,0.35215768218040466,-0.0003465698391664773,0.6061432957649231,0.3512062430381775,-0.013358895666897297,0.604901134967804,0.350362092256546,-0.0133751779794693,0.6035372018814087,0.34956979751586914,-0.013373568654060364,0.6036437153816223,0.35108405351638794,0.04312068969011307,0.5965335965156555,0.34825989603996277,-0.014720921404659748,0.6054046750068665,0.3672499358654022,0.008244306780397892,0.6024244427680969,0.3658016622066498,-0.00858919508755207,0.5979800820350647,0.3797091543674469,0.08146445453166962,0.5726574063301086,0.3784981667995453,-0.03022078610956669,0.6027184128761292,0.43200594186782837,0.059731144458055496,0.5781546831130981,0.4374731779098511,-0.008700760081410408,0.611457884311676,0.45175087451934814,-0.021280743181705475,0.5960918664932251,0.42825812101364136,0.047188811004161835,0.6146498918533325,0.4630831778049469,-0.03834214061498642,0.601503849029541,0.4289839565753937,0.047312092036008835,0.6135135293006897,0.4555278718471527,-0.037103231996297836,0.601528525352478,0.4175208508968353,0.04278261587023735,0.6108177900314331,0.45147404074668884,-0.02334480732679367,0.5997250080108643,0.4172579348087311,0.04809359461069107,0.5777491331100464,0.4583919048309326,0.03832989186048508,0.5605544447898865,0.4639306366443634,-0.03821437060832977,0.6168528199195862,0.4793200194835663,-0.020882217213511467,0.604819118976593,0.47648417949676514,-0.11182425916194916,0.6189435720443726,0.5752809643745422,-0.05055680871009827,0.6167305707931519,0.573729395866394,-0.13469602167606354,0.6112798452377319,0.5868249535560608,-0.05548139289021492,0.6122896075248718,0.5879286527633667,-0.13768994808197021,0.6330186128616333,0.5867162346839905,-0.09605494886636734,0.6375481486320496,0.593824028968811,-0.17227432131767273
0314,./images/8/frame_00314.jpg,Fall,0.6047422289848328,0.35747861862182617,-0.020629586651921272,0.6054781079292297,0.34945857524871826,-0.011635375209152699,0.605768084526062,0.34942519664764404,-0.011717721819877625,0.6060160398483276,0.3494102358818054,-0.011776548810303211,0.6032788157463074,0.348444402217865,-0.024799523875117302,0.602026104927063,0.347748339176178,-0.024814460426568985,0.6006750464439392,0.34709131717681885,-0.024842042475938797,0.6013649702072144,0.34961286187171936,0.03131146728992462,0.5939139127731323,0.3465464413166046,-0.026678020134568214,0.6027360558509827,0.36426985263824463,-0.0038792844861745834,0.5997542142868042,0.36330896615982056,-0.020914558321237564,0.5959745049476624,0.3810294568538666,0.06900939345359802,0.571131706237793,0.3775174915790558,-0.04972540959715843,0.599403440952301,0.4300508201122284,0.05853425711393356,0.5722512602806091,0.4382791221141815,-0.05273715779185295,0.6089783906936646,0.45243170857429504,-0.01268659345805645,0.5947707891464233,0.439742773771286,-0.029744986444711685,0.6124197244644165,0.4635157287120819,-0.022998906672000885,0.6000860929489136,0.4415922462940216,-0.037490297108888626,0.6122053861618042,0.45701950788497925,-0.030612140893936157,0.6017161011695862,0.4335963726043701,-0.03998956456780434,0.6097742319107056,0.453408807516098,-0.018520791083574295,0.599897027015686,0.43331247568130493,-0.029554778710007668,0.5779282450675964,0.45856568217277527,0.03913884609937668,0.5606342554092407,0.46612390875816345,-0.039048369973897934,0.6168242692947388,0.47915786504745483,-0.01440325379371643,0.6053177714347839,0.48138344287872314,-0.11005500704050064,0.621973991394043,0.5712186098098755,-0.02790488861501217,0.6167876124382019,0.5735782384872437,-0.11829166114330292,0.617290198802948,0.5854896306991577,-0.031094109639525414,0.6145368814468384,0.5904960632324219,-0.11939956247806549,0.6335240602493286,0.5827735662460327,-0.06896048039197922,0.6373499631881714,0.59225994348526,-0.15653589367866516
0315,./images/8/frame_00315.jpg,Fall,0.6010406017303467,0.35924723744392395,-0.025303101167082787,0.6022891998291016,0.3498540222644806,-0.016764724627137184,0.6027473211288452,0.34982866048812866,-0.016848202794790268,0.6031747460365295,0.3498167395591736,-0.016911376267671585,0.5996158719062805,0.3491036295890808,-0.029717519879341125,0.598157525062561,0.34850993752479553,-0.029728954657912254,0.5966139435768127,0.3480587303638458,-0.02975003980100155,0.5990170836448669,0.34998491406440735,0.027351509779691696,0.5898051261901855,0.34797319769859314,-0.02849261835217476,0.5998457670211792,0.3660655617713928,-0.008095530793070793,0.5962802767753601,0.3649598956108093,-0.024673113599419594,0.594838559627533,0.38018831610679626,0.06989152729511261,0.5690444707870483,0.3790186047554016,-0.04947536438703537,0.5998771786689758,0.42932721972465515,0.07411087304353714,0.5739526152610779,0.43887171149253845,-0.06544072926044464,0.6128348112106323,0.45423415303230286,0.01963554322719574,0.596634030342102,0.4403444528579712,-0.064661905169487,0.6171690821647644,0.46449995040893555,0.013047288171947002,0.6020077466964722,0.4428609609603882,-0.07703842222690582,0.6179431676864624,0.4585895240306854,0.002093804068863392,0.6034806370735168,0.43900230526924133,-0.07859276235103607,0.615123987197876,0.45555102825164795,0.012976969592273235,0.6016494631767273,0.43815454840660095,-0.06529383361339569,0.5779403448104858,0.4593297839164734,0.039438944309949875,0.5604746341705322,0.4671016335487366,-0.03935997560620308,0.616540789604187,0.4809936583042145,-0.02892976999282837,0.6051986813545227,0.48111334443092346,-0.11010047048330307,0.618514895439148,0.5712156295776367,-0.04435528814792633,0.6166561841964722,0.5736888647079468,-0.11560124158859253,0.6167205572128296,0.5932018756866455,-0.04745932295918465,0.6140573620796204,0.5882148146629333,-0.11619893461465836,0.6336730122566223,0.5877765417098999,-0.08539369702339172,0.6370515823364258,0.5923532247543335,-0.15234069526195526
0316,./images/8/frame_00316.jpg,Fall,0.5982130169868469,0.3568624258041382,0.0019249297911301255,0.5993927717208862,0.3479420840740204,0.011811229400336742,0.5999137163162231,0.347995400428772,0.011734874919056892,0.6004047393798828,0.34808221459388733,0.011680586263537407,0.59674471616745,0.34700822830200195,0.000745616271160543,0.5953584313392639,0.3464464545249939,0.0007354075205512345,0.5939025282859802,0.346001535654068,0.000711921020410955,0.5968961119651794,0.34868791699409485,0.05731642246246338,0.5876386761665344,0.34628286957740784,0.008774016052484512,0.5971552729606628,0.3640618920326233,0.019362716004252434,0.5935859680175781,0.3629106283187866,0.005197723861783743,0.5933116674423218,0.38168635964393616,0.09434916079044342,0.5678393244743347,0.3772251605987549,-0.018080756068229675,0.5956622362136841,0.43031594157218933,0.06772841513156891,0.5698353052139282,0.4383186399936676,-0.02192109450697899,0.6037687063217163,0.453416645526886,0.0015037065604701638,0.5924413204193115,0.4453808665275574,0.004827078897505999,0.6069380640983582,0.46364399790763855,-0.02108890376985073,0.5980575084686279,0.450758159160614,-0.0008205310441553593,0.6061835289001465,0.45749685168266296,-0.015608069486916065,0.5996391177177429,0.44394078850746155,-0.0037806027103215456,0.6037284135818481,0.4541395306587219,0.00219332380220294,0.5974007844924927,0.4419823884963989,0.0052575841546058655,0.5778773427009583,0.4604469835758209,0.03912917524576187,0.5601110458374023,0.46865662932395935,-0.039045874029397964,0.6154386401176453,0.4863497018814087,-0.023319050669670105,0.605238139629364,0.48267662525177,-0.10354033857584,0.6182311177253723,0.5700242519378662,-0.048462897539138794,0.6166290640830994,0.5737898349761963,-0.11863411962985992,0.614887535572052,0.5882167220115662,-0.05315246433019638,0.612873911857605,0.5887317061424255,-0.11919207870960236,0.6337478756904602,0.5886251926422119,-0.091171033680439,0.636884331703186,0.5927526354789734,-0.15688350796699524
0317,./images/8/frame_00317.jpg,Fall,0.5964494943618774,0.35474276542663574,0.006938503589481115,0.5973261594772339,0.3461393117904663,0.016549313440918922,0.5978565216064453,0.3462303876876831,0.016464214771986008,0.5983457565307617,0.34637516736984253,0.016405295580625534,0.5946735739707947,0.3451848030090332,0.005980217829346657,0.5932515263557434,0.34467586874961853,0.0059745595790445805,0.5917818546295166,0.3443094491958618,0.005941829644143581,0.5946510434150696,0.3476845622062683,0.05892361328005791,0.5853380560874939,0.3453225791454315,0.012537096627056599,0.5954633951187134,0.36217552423477173,0.023248622193932533,0.5918266773223877,0.3609946072101593,0.009653703309595585,0.5914993286132812,0.38162270188331604,0.0907014012336731,0.5657790899276733,0.378222793340683,-0.016115808859467506,0.5942601561546326,0.43094462156295776,0.06203753501176834,0.5692007541656494,0.4414173662662506,-0.0273649450391531,0.5992127656936646,0.4542641043663025,-0.010514657944440842,0.5903422832489014,0.4599647521972656,-0.015926543623209,0.6016865372657776,0.46407827734947205,-0.03026225045323372,0.5951864123344421,0.4691959321498871,-0.02450886182487011,0.6006645560264587,0.45809584856033325,-0.023360207676887512,0.5972561836242676,0.4616410434246063,-0.026858117431402206,0.5984227657318115,0.45480334758758545,-0.007270597852766514,0.5954930782318115,0.4581180512905121,-0.015868496149778366,0.5777681469917297,0.4607299268245697,0.037262074649333954,0.5595724582672119,0.4690515697002411,-0.03717927262187004,0.6152414679527283,0.4858664572238922,-0.03908621147274971,0.60297691822052,0.48395609855651855,-0.12311471998691559,0.6181062459945679,0.5689331293106079,-0.05461994558572769,0.6162828207015991,0.57418292760849,-0.14668229222297668,0.6144970655441284,0.5845116972923279,-0.05804959684610367,0.612188458442688,0.5889244079589844,-0.14892955124378204,0.6338261365890503,0.5885140895843506,-0.09817520529031754,0.6368497014045715,0.5934857726097107,-0.18994520604610443
0318,./images/8/frame_00318.jpg,Fall,0.5947462320327759,0.3503609895706177,0.02366391196846962,0.595419704914093,0.34261980652809143,0.03502071648836136,0.5960444808006287,0.3427945077419281,0.03495147451758385,0.5966289639472961,0.34310615062713623,0.034902408719062805,0.5925160646438599,0.34149444103240967,0.02475600317120552,0.5910028219223022,0.3409995436668396,0.024754973128437996,0.5894519090652466,0.34066808223724365,0.02472650073468685,0.5934673547744751,0.34607619047164917,0.07945048809051514,0.5832692384719849,0.3428139090538025,0.034125104546546936,0.5943485498428345,0.3588975667953491,0.03995931148529053,0.5905283689498901,0.3577086627483368,0.026670128107070923,0.590705394744873,0.3822941184043884,0.10371391475200653,0.564265251159668,0.37813079357147217,-0.005546818487346172,0.594818115234375,0.43232426047325134,0.06494065374135971,0.5662583708763123,0.4412681460380554,-0.03327447548508644,0.6019545793533325,0.46130892634391785,-0.014026409015059471,0.5897924900054932,0.4640880227088928,-0.0849914401769638,0.6050199270248413,0.4727333188056946,-0.028242316097021103,0.5951830148696899,0.47482922673225403,-0.09932570159435272,0.6043039560317993,0.4683164954185486,-0.02986961044371128,0.5981571078300476,0.46716490387916565,-0.09698455780744553,0.601797878742218,0.46452510356903076,-0.01698492281138897,0.5961163640022278,0.4636101722717285,-0.0842851921916008,0.5775861144065857,0.46113014221191406,0.037318337708711624,0.5590565204620361,0.46992602944374084,-0.03726694732904434,0.6152171492576599,0.48563116788864136,-0.042331669479608536,0.6033315658569336,0.48394647240638733,-0.12128591537475586,0.6184972524642944,0.5746282339096069,-0.061531998217105865,0.6166396141052246,0.5733333230018616,-0.1373656690120697,0.613163411617279,0.584679126739502,-0.06556065380573273,0.6122384071350098,0.5866071581840515,-0.13948562741279602,0.6321967840194702,0.5914263129234314,-0.10510990768671036,0.6370456218719482,0.5942448377609253,-0.18151043355464935
0319,./images/8/frame_00319.jpg,Fall,0.5934653878211975,0.34957870841026306,0.02868109941482544,0.5935288071632385,0.34194111824035645,0.04050677269697189,0.5939239263534546,0.3420426547527313,0.0404406413435936,0.5942854285240173,0.3422298729419708,0.04039984568953514,0.5910872220993042,0.3408653140068054,0.030169865116477013,0.5896700620651245,0.34026971459388733,0.03016490861773491,0.5881227850914001,0.33983850479125977,0.030136913061141968,0.5904314517974854,0.34451916813850403,0.08585693687200546,0.5813720226287842,0.34153568744659424,0.040653057396411896,0.5923885703086853,0.3574182391166687,0.04525147005915642,0.5890227556228638,0.3562666177749634,0.03198860213160515,0.5890823602676392,0.3815421760082245,0.10975565016269684,0.561636209487915,0.37849900126457214,0.001985743874683976,0.5911948680877686,0.4306785464286804,0.06965284049510956,0.565306544303894,0.44027721881866455,-0.033181652426719666,0.6046894788742065,0.4610944092273712,-0.015680572018027306,0.5921598672866821,0.4519140124320984,-0.04571155458688736,0.6088418960571289,0.4723922610282898,-0.028570499271154404,0.5978031754493713,0.4560982584953308,-0.0562446303665638,0.6076821684837341,0.46798744797706604,-0.03264292702078819,0.6000074148178101,0.45304709672927856,-0.054352134466171265,0.6046459078788757,0.4641934335231781,-0.020155854523181915,0.5974722504615784,0.4511069059371948,-0.044110365211963654,0.5768070816993713,0.46116605401039124,0.03675205633044243,0.5579438209533691,0.4700547456741333,-0.03670007362961769,0.6150131225585938,0.4852970242500305,-0.03381962701678276,0.602655291557312,0.4860023558139801,-0.1177278608083725,0.619414210319519,0.569342315196991,-0.05702177435159683,0.616650402545929,0.5727290511131287,-0.141854926943779,0.6147536039352417,0.582861065864563,-0.06184345483779907,0.6122221946716309,0.5866195559501648,-0.14479383826255798,0.6328923106193542,0.5906031131744385,-0.09948381781578064,0.6371135115623474,0.5949140191078186,-0.1837937980890274
0320,./images/8/frame_00320.jpg,Fall,0.5917277932167053,0.34807032346725464,0.030699824914336205,0.5912653207778931,0.3408944308757782,0.0419880673289299,0.5915296077728271,0.3408791124820709,0.04192214459180832,0.5917662382125854,0.3409159779548645,0.041878439486026764,0.5891090631484985,0.3402022421360016,0.03112667426466942,0.5878007411956787,0.3397500813007355,0.031110554933547974,0.5863584876060486,0.3394051492214203,0.031070256605744362,0.5871822834014893,0.34293332695961,0.08385109156370163,0.5799421668052673,0.34090176224708557,0.036306727677583694,0.5904814600944519,0.3560436964035034,0.04589797556400299,0.5874813795089722,0.35550549626350403,0.03192494064569473,0.5870481729507446,0.38156864047050476,0.10698360204696655,0.5605553388595581,0.3786584138870239,-0.0019746259786188602,0.5890448689460754,0.4309645891189575,0.07387661933898926,0.5642389059066772,0.4359430968761444,-0.033504411578178406,0.5961865186691284,0.4597834646701813,-0.002874544123187661,0.5857740640640259,0.4405803680419922,-0.03861478343605995,0.5995153188705444,0.4722992479801178,-0.013572124764323235,0.5915300250053406,0.44513431191444397,-0.04856652393937111,0.5981152057647705,0.4676658511161804,-0.018337968736886978,0.5926421284675598,0.43487003445625305,-0.048486728221178055,0.5955582857131958,0.46288180351257324,-0.007675629109144211,0.5900906920433044,0.43328604102134705,-0.037854693830013275,0.5765907764434814,0.46115902066230774,0.03595852106809616,0.5570901036262512,0.47083404660224915,-0.035896338522434235,0.6151724457740784,0.48167064785957336,-0.031077096238732338,0.6009505987167358,0.4915103614330292,-0.11891593039035797,0.6213105320930481,0.562843918800354,-0.05038890987634659,0.6145134568214417,0.5760473012924194,-0.13921497762203217,0.6187828183174133,0.5751854181289673,-0.05394918471574783,0.609946608543396,0.5892028212547302,-0.1417781263589859,0.6348334550857544,0.5835115909576416,-0.09637809544801712,0.6359208226203918,0.5990433692932129,-0.1830047070980072
0321,./images/8/frame_00321.jpg,Fall,0.5879271626472473,0.3497459590435028,0.03216220438480377,0.588149905204773,0.34210604429244995,0.04359237104654312,0.5886791944503784,0.3421597182750702,0.043532200157642365,0.5892025828361511,0.3422755002975464,0.04348468407988548,0.5851418972015381,0.3413752019405365,0.03391145542263985,0.583600640296936,0.3410132825374603,0.033899806439876556,0.582028329372406,0.34076768159866333,0.033855609595775604,0.5855184197425842,0.34405866265296936,0.0884925052523613,0.5763077139854431,0.3422344923019409,0.04631718620657921,0.5877807140350342,0.35755470395088196,0.048756033182144165,0.5834425687789917,0.35694175958633423,0.03626493364572525,0.5873705744743347,0.3810981214046478,0.11351517587900162,0.5582455992698669,0.37873518466949463,0.009896387346088886,0.5902872085571289,0.4313649833202362,0.08465989679098129,0.5619666576385498,0.43295547366142273,-0.03430136665701866,0.5973567962646484,0.45915472507476807,0.010393550619482994,0.584980845451355,0.4437253773212433,-0.05484144762158394,0.6007755398750305,0.4709417223930359,-0.0006186590762808919,0.5911889672279358,0.45005398988723755,-0.06715007871389389,0.5997475385665894,0.46634238958358765,-0.005133911967277527,0.5923023819923401,0.44093576073646545,-0.06586161255836487,0.5970569252967834,0.4616275727748871,0.005805363412946463,0.589110255241394,0.4388267397880554,-0.054011981934309006,0.5766392350196838,0.4610612094402313,0.03461851924657822,0.5570200085639954,0.4712115526199341,-0.03454633802175522,0.615240216255188,0.4814404845237732,-0.04783708229660988,0.5955508351325989,0.49411439895629883,-0.12377645075321198,0.6212237477302551,0.563543975353241,-0.05021464079618454,0.613023042678833,0.5772138237953186,-0.13712014257907867,0.6182373762130737,0.5764909386634827,-0.053219545632600784,0.609451949596405,0.5896108746528625,-0.13951905071735382,0.634590744972229,0.584135115146637,-0.09334228932857513,0.6338779926300049,0.601918637752533,-0.1813470423221588
0322,./images/8/frame_00322.jpg,Fall,0.5845291614532471,0.3509491980075836,0.04442393407225609,0.585487961769104,0.3430834114551544,0.05572662875056267,0.5862599611282349,0.34316450357437134,0.055668871849775314,0.5869650840759277,0.3432806134223938,0.055625349283218384,0.5818293690681458,0.3423040509223938,0.04737909883260727,0.5799401998519897,0.34195178747177124,0.04736804589629173,0.5781500339508057,0.3416435420513153,0.047321420162916183,0.5842215418815613,0.3445820212364197,0.10022500902414322,0.5725598931312561,0.3428744375705719,0.06422308087348938,0.5848930478096008,0.35845914483070374,0.06090869382023811,0.5797532796859741,0.35744476318359375,0.05023539811372757,0.5859917998313904,0.38051465153694153,0.12235541641712189,0.5566414594650269,0.3789210021495819,0.026024773716926575,0.5909769535064697,0.43152379989624023,0.09003479778766632,0.5615044832229614,0.43335914611816406,-0.017361480742692947,0.5971200466156006,0.4542805254459381,0.018762795254588127,0.5868732333183289,0.4374162554740906,-0.03194195777177811,0.6004696488380432,0.4643034338951111,0.007249434478580952,0.5936061143875122,0.4421945810317993,-0.041799113154411316,0.5990954041481018,0.45925620198249817,0.004755713976919651,0.5942345857620239,0.43168386816978455,-0.04086967930197716,0.5964205265045166,0.4553408622741699,0.014934131875634193,0.5914099812507629,0.43050292134284973,-0.03095232881605625,0.5766696333885193,0.46051496267318726,0.033239204436540604,0.5568211078643799,0.472223699092865,-0.03314505144953728,0.6153146028518677,0.4814528226852417,-0.05236464738845825,0.5941795706748962,0.49393704533576965,-0.12461306899785995,0.62046217918396,0.564210832118988,-0.060779184103012085,0.6133112907409668,0.5778005123138428,-0.13718895614147186,0.6168502569198608,0.5775929093360901,-0.06452752649784088,0.6095823049545288,0.5898507237434387,-0.13924673199653625,0.6344317197799683,0.5868001580238342,-0.10289674997329712,0.633892834186554,0.6024866700172424,-0.18169604241847992
0323,./images/8/frame_00323.jpg,Fall,0.5838212370872498,0.35002249479293823,0.005765159148722887,0.5841601490974426,0.34186771512031555,0.016789082437753677,0.5847166776657104,0.34167689085006714,0.016735507175326347,0.5852299332618713,0.3416401147842407,0.01669837161898613,0.5811993479728699,0.3413660526275635,0.007015652023255825,0.579605221748352,0.3411100208759308,0.007005239371210337,0.5779927372932434,0.34094762802124023,0.006956425495445728,0.5820070505142212,0.34336668252944946,0.06210066005587578,0.5721244812011719,0.342374712228775,0.020771222189068794,0.5837517380714417,0.3575766682624817,0.022830011323094368,0.5794497728347778,0.3573109805583954,0.01041807048022747,0.5845545530319214,0.37784263491630554,0.0938209742307663,0.5544261932373047,0.3795192837715149,-0.010378871113061905,0.5920271277427673,0.4288441240787506,0.08065793663263321,0.5609054565429688,0.4350299835205078,-0.03102288581430912,0.5977343320846558,0.4508718252182007,0.017758049070835114,0.5883140563964844,0.4409201443195343,-0.024318750947713852,0.6008378267288208,0.46071657538414,0.007757502142339945,0.596549391746521,0.4461209177970886,-0.033000409603118896,0.5992434024810791,0.45502036809921265,0.00219720508903265,0.5946729779243469,0.43490105867385864,-0.03333548456430435,0.596748948097229,0.45138847827911377,0.012951145879924297,0.5922262668609619,0.4326433837413788,-0.023092621937394142,0.5766976475715637,0.4597712755203247,0.03351572901010513,0.5567623376846313,0.47233179211616516,-0.03341379761695862,0.6154031157493591,0.4807780385017395,-0.050910353660583496,0.5923306941986084,0.49509066343307495,-0.12951667606830597,0.6205966472625732,0.564693808555603,-0.04906826838850975,0.6127611398696899,0.5787709951400757,-0.13236120343208313,0.6168884634971619,0.5781610012054443,-0.048962656408548355,0.6093623042106628,0.5902233123779297,-0.13279518485069275,0.63449627161026,0.5895332098007202,-0.09208475053310394,0.6328786611557007,0.6038867235183716,-0.18083643913269043
0324,./images/8/frame_00324.jpg,Fall,0.5821577310562134,0.34861084818840027,0.01582823321223259,0.582433819770813,0.34038734436035156,0.026974663138389587,0.5831392407417297,0.34027379751205444,0.026927107945084572,0.5837551951408386,0.34019532799720764,0.026895400136709213,0.5789874196052551,0.3400247395038605,0.018227100372314453,0.577322781085968,0.3399292230606079,0.01821882650256157,0.5753441452980042,0.3404121994972229,0.018172122538089752,0.5805135369300842,0.34178879857063293,0.07188369333744049,0.569877564907074,0.3426268696784973,0.03407959267497063,0.5823897123336792,0.35628652572631836,0.03249826654791832,0.5778570175170898,0.3573169708251953,0.02157832309603691,0.5839231610298157,0.37540894746780396,0.09478433430194855,0.5529677271842957,0.37959790229797363,0.0004162042459938675,0.592221200466156,0.42803332209587097,0.06339947134256363,0.5606116056442261,0.4352448284626007,-0.016336720436811447,0.5894032716751099,0.4376736581325531,-0.010801678523421288,0.5884890556335449,0.44120073318481445,0.007516892161220312,0.5898118615150452,0.4441235065460205,-0.025511953979730606,0.5982915163040161,0.44747576117515564,0.0012338175438344479,0.5873727202415466,0.4370449185371399,-0.025009185075759888,0.597071647644043,0.4372918903827667,0.0006963086780160666,0.5860600471496582,0.4350784718990326,-0.013434442691504955,0.5936561822891235,0.4351121783256531,0.009047114290297031,0.5767497420310974,0.4580368995666504,0.0321580171585083,0.5566750764846802,0.47222068905830383,-0.0320369228720665,0.6153954267501831,0.4799044728279114,-0.05608244985342026,0.5922693610191345,0.4945013225078583,-0.12534578144550323,0.6197656393051147,0.5648283362388611,-0.06377019733190536,0.6129573583602905,0.5783032178878784,-0.12535589933395386,0.6177436113357544,0.580889880657196,-0.06676296889781952,0.6094142198562622,0.5902271866798401,-0.12612564861774445,0.6339854001998901,0.5924981832504272,-0.10947655141353607,0.6326826810836792,0.6037399768829346,-0.1699238121509552
0325,./images/8/frame_00325.jpg,Fall,0.5806242227554321,0.3455663323402405,-0.011557208374142647,0.5802485942840576,0.33784642815589905,-0.0011605301406234503,0.580632209777832,0.33764398097991943,-0.0012294831685721874,0.580985426902771,0.337445467710495,-0.0012845470337197185,0.5776848793029785,0.33769530057907104,-0.012259086593985558,0.5762271881103516,0.3375970423221588,-0.012263428419828415,0.574677586555481,0.33777183294296265,-0.012298527173697948,0.5771000981330872,0.339311420917511,0.04333198815584183,0.5688360929489136,0.3407377004623413,-0.005276513751596212,0.5803214311599731,0.35268643498420715,0.005432329140603542,0.5767657160758972,0.35344746708869934,-0.008725747466087341,0.5812706351280212,0.3727419078350067,0.0796314924955368,0.5521498322486877,0.3797157406806946,-0.030558276921510696,0.5905348062515259,0.4235019385814667,0.0750432014465332,0.5623599290847778,0.43852898478507996,-0.033146269619464874,0.5942099094390869,0.4429842531681061,0.018917039036750793,0.589133083820343,0.44217464327812195,-0.01435215026140213,0.5954280495643616,0.4506581723690033,0.008619480766355991,0.5974754095077515,0.4478074312210083,-0.019419297575950623,0.593854546546936,0.4436480700969696,0.0007899997872300446,0.5970019698143005,0.43874913454055786,-0.01080232858657837,0.5922554731369019,0.44140052795410156,0.01321515440940857,0.5941851139068604,0.43697720766067505,-0.009001266211271286,0.576235294342041,0.4562098979949951,0.033600643277168274,0.5564813613891602,0.47162872552871704,-0.033451952040195465,0.6155089139938354,0.4798692464828491,-0.048341862857341766,0.5934122204780579,0.4942529797554016,-0.11675944179296494,0.6196660399436951,0.5651013851165771,-0.027741815894842148,0.6131054759025574,0.5780090093612671,-0.09294600784778595,0.6177672147750854,0.5815376043319702,-0.027645206078886986,0.6094523668289185,0.5901613235473633,-0.09114208817481995,0.6339768171310425,0.5922633409500122,-0.06818083673715591,0.6328777074813843,0.603464663028717,-0.13308754563331604
0326,./images/8/frame_00326.jpg,Fall,0.5793083310127258,0.3424658179283142,-0.02565520443022251,0.5786271691322327,0.334345281124115,-0.01501318346709013,0.5789700746536255,0.33413904905319214,-0.015075311064720154,0.5792770981788635,0.33395013213157654,-0.01512361504137516,0.5761240720748901,0.33458149433135986,-0.026403609663248062,0.5747093558311462,0.3345491886138916,-0.026409432291984558,0.5732585787773132,0.33467939496040344,-0.026441305875778198,0.5754463076591492,0.33690303564071655,0.031464189291000366,0.5675382614135742,0.33810970187187195,-0.0187061820179224,0.5791016817092896,0.3499694764614105,-0.007838865742087364,0.5756282210350037,0.3506135940551758,-0.022461745887994766,0.5794297456741333,0.37296468019485474,0.07210353016853333,0.5516596436500549,0.37976497411727905,-0.04298130422830582,0.5895849466323853,0.4228450655937195,0.07660343497991562,0.5602380633354187,0.43878373503685,-0.05269264429807663,0.5953186750411987,0.4434441924095154,0.023109178990125656,0.5895119905471802,0.4423180818557739,-0.0426514632999897,0.6009465456008911,0.4525289833545685,0.01417366974055767,0.5976120233535767,0.4483589231967926,-0.05279960483312607,0.5999486446380615,0.449587345123291,0.0052562858909368515,0.5970879197120667,0.4382469654083252,-0.05359155684709549,0.596399188041687,0.4468877613544464,0.01709642820060253,0.5946657061576843,0.4362618029117584,-0.041803501546382904,0.5753569602966309,0.4566352367401123,0.0350993275642395,0.5563997030258179,0.4715644121170044,-0.03496820107102394,0.6156730651855469,0.4783110022544861,-0.046480078250169754,0.5940337181091309,0.49386292695999146,-0.12219401448965073,0.6196693778038025,0.5648114085197449,-0.020876973867416382,0.6130787134170532,0.5780887007713318,-0.09660224616527557,0.6182476878166199,0.5818386673927307,-0.02042873203754425,0.6095324754714966,0.5911697745323181,-0.09430385380983353,0.6341012716293335,0.5919604897499084,-0.061085570603609085,0.6330121755599976,0.6030852794647217,-0.13749763369560242
0327,./images/8/frame_00327.jpg,Fall,0.576387345790863,0.3418894112110138,-0.0032009072601795197,0.5763252377510071,0.3338882327079773,0.006571548525243998,0.5768008828163147,0.3337400257587433,0.006529908627271652,0.5772404074668884,0.333619087934494,0.00650344043970108,0.5735436677932739,0.3339112102985382,-0.0015355328796431422,0.5720864534378052,0.3338695466518402,-0.0015364608261734247,0.570493757724762,0.33392515778541565,-0.0015682680532336235,0.5740441083908081,0.3358614146709442,0.04925260692834854,0.5654081106185913,0.3367975354194641,0.013519677333533764,0.5764139294624329,0.34916847944259644,0.012629124335944653,0.5727788805961609,0.34969910979270935,0.002752449596300721,0.5786167979240417,0.373209685087204,0.07291634380817413,0.5498486161231995,0.37950024008750916,-0.013716472312808037,0.5895761251449585,0.420784592628479,0.04562930762767792,0.5592554211616516,0.43896254897117615,-0.022486094385385513,0.5891311168670654,0.40158793330192566,-0.041928716003894806,0.5861300230026245,0.42579448223114014,0.007982016541063786,0.5904636979103088,0.3995741903781891,-0.05709707736968994,0.5936859846115112,0.4262165427207947,0.003557473886758089,0.5889618396759033,0.39243727922439575,-0.05399554222822189,0.5923541784286499,0.41641899943351746,0.002819908782839775,0.586990237236023,0.39403751492500305,-0.04400330409407616,0.5899704098701477,0.4163147807121277,0.009512684307992458,0.5744004845619202,0.45623767375946045,0.034992147237062454,0.555627167224884,0.47063544392585754,-0.03486345335841179,0.6148977279663086,0.47794944047927856,-0.048690516501665115,0.5981495976448059,0.4887019395828247,-0.11601052433252335,0.622769832611084,0.5649300813674927,-0.04260902851819992,0.6164503693580627,0.5780541896820068,-0.10050872713327408,0.6198756098747253,0.5817830562591553,-0.043637268245220184,0.6133986711502075,0.5942733883857727,-0.09906943142414093,0.634467363357544,0.5917540192604065,-0.08287519216537476,0.6331788301467896,0.5999531149864197,-0.13682444393634796
0328,./images/8/frame_00328.jpg,Fall,0.5760740637779236,0.341146320104599,-0.03277687728404999,0.5755859613418579,0.3327406048774719,-0.023750249296426773,0.5759872198104858,0.3325495719909668,-0.02381254732608795,0.5763732194900513,0.3323601186275482,-0.02385759726166725,0.5730028748512268,0.333030104637146,-0.034302279353141785,0.5715001225471497,0.3330143690109253,-0.034312814474105835,0.5699553489685059,0.33311253786087036,-0.03435295447707176,0.573033332824707,0.3350098729133606,0.01908331736922264,0.5642678141593933,0.3360726237297058,-0.0269809328019619,0.5759684443473816,0.34881940484046936,-0.016238193958997726,0.5725903511047363,0.34957507252693176,-0.02956577017903328,0.5777838826179504,0.3727901875972748,0.054666668176651,0.5487667322158813,0.3797810971736908,-0.04617537185549736,0.5873900651931763,0.42216283082962036,0.030278559774160385,0.5571041703224182,0.4429486095905304,-0.050028275698423386,0.5886602997779846,0.4210503399372101,-0.05162300914525986,0.5857532620429993,0.44824981689453125,-0.02753467485308647,0.5904219746589661,0.42502063512802124,-0.06683830916881561,0.5931286811828613,0.45662832260131836,-0.03508244827389717,0.588955283164978,0.41819241642951965,-0.06881386786699295,0.5935626029968262,0.4462622404098511,-0.03896058350801468,0.5869430303573608,0.4173940122127533,-0.05557941272854805,0.5911322236061096,0.44237008690834045,-0.027532387524843216,0.5738208293914795,0.4547349214553833,0.03502875939011574,0.5552817583084106,0.46984103322029114,-0.03490404039621353,0.6143347024917603,0.47714763879776,-0.04907842352986336,0.5993682742118835,0.4873196482658386,-0.11453509330749512,0.6218554973602295,0.5645458698272705,-0.04294033721089363,0.6160346269607544,0.5767179727554321,-0.0898556262254715,0.6202169060707092,0.581125795841217,-0.04382721707224846,0.6132494211196899,0.5909819006919861,-0.08748484402894974,0.6347404718399048,0.5916211605072021,-0.08411096036434174,0.6332654356956482,0.598422646522522,-0.1256449967622757
0329,./images/8/frame_00329.jpg,Fall,0.5743923783302307,0.33767780661582947,-0.015423889271914959,0.5732449293136597,0.32995960116386414,-0.005526378750801086,0.5734881162643433,0.32975906133651733,-0.005589342676103115,0.5736810564994812,0.3295610249042511,-0.005635108798742294,0.5711946487426758,0.3301989734172821,-0.01618763618171215,0.5699163675308228,0.3302381634712219,-0.016194047406315804,0.5686594247817993,0.3305061161518097,-0.016232144087553024,0.5699452757835388,0.33232581615448,0.03791818395256996,0.5632269382476807,0.3342429995536804,-0.011161775328218937,0.5742101669311523,0.3456038236618042,0.001186348614282906,0.571502685546875,0.34657949209213257,-0.012565511278808117,0.574444591999054,0.3724795877933502,0.06355766952037811,0.5488625764846802,0.3797663450241089,-0.04482046142220497,0.5848556160926819,0.4224746823310852,0.09485606849193573,0.5585771203041077,0.442278116941452,-0.06882153451442719,0.5914855003356934,0.45372313261032104,0.06589242070913315,0.587401270866394,0.46037811040878296,-0.06597478687763214,0.5933896899223328,0.4651794135570526,0.06309060752391815,0.5943616628646851,0.47100239992141724,-0.07892238348722458,0.5900212526321411,0.46300214529037476,0.05415855720639229,0.5973615050315857,0.46293890476226807,-0.07723398506641388,0.588733971118927,0.4595748782157898,0.060700155794620514,0.5947457551956177,0.4592033922672272,-0.06497075408697128,0.5738778114318848,0.45937466621398926,0.03696760907769203,0.5549558401107788,0.4698438346385956,-0.03688669577240944,0.6144185662269592,0.4772304594516754,-0.06251371651887894,0.5971781015396118,0.4844391644001007,-0.14720600843429565,0.6219190359115601,0.5682921409606934,-0.046500734984874725,0.6158594489097595,0.5749994516372681,-0.11555148661136627,0.6198043823242188,0.5843225121498108,-0.046709928661584854,0.6130274534225464,0.5900806784629822,-0.11112026870250702,0.6344524621963501,0.5911322236061096,-0.08883121609687805,0.6335266828536987,0.5956727266311646,-0.15167441964149475
0330,./images/8/frame_00330.jpg,Fall,0.5726454257965088,0.3369895815849304,-0.08455825597047806,0.5717474222183228,0.3289249539375305,-0.0740322545170784,0.5721240639686584,0.328677237033844,-0.07408667355775833,0.5724755525588989,0.32844454050064087,-0.07413817942142487,0.5693167448043823,0.32937610149383545,-0.08485812693834305,0.5679216980934143,0.3295539319515228,-0.08487840741872787,0.5664525628089905,0.32990172505378723,-0.0849117711186409,0.5695600509643555,0.3313860297203064,-0.022593479603528976,0.5608288645744324,0.3341655433177948,-0.07037763297557831,0.5729230642318726,0.34460148215293884,-0.0645407885313034,0.569671094417572,0.34593063592910767,-0.07841216027736664,0.5749862790107727,0.37145495414733887,0.031522564589977264,0.5477929711341858,0.3794785737991333,-0.08283409476280212,0.5854694247245789,0.4208326041698456,0.053244698792696,0.5587394833564758,0.44283586740493774,-0.08872192353010178,0.5921586751937866,0.45363324880599976,0.02906421758234501,0.5876792669296265,0.45974814891815186,-0.08598151057958603,0.5970510244369507,0.46499937772750854,0.014836447313427925,0.5947961807250977,0.46676552295684814,-0.09912882000207901,0.5936012864112854,0.46000754833221436,0.045428693294525146,0.5975504517555237,0.46048375964164734,-0.10088632255792618,0.5937321782112122,0.4587674140930176,0.03361555561423302,0.5947245359420776,0.45598119497299194,-0.08604107052087784,0.5736953020095825,0.45895829796791077,0.03691229969263077,0.5548462271690369,0.4699016511440277,-0.036827944219112396,0.6143658757209778,0.47562381625175476,-0.05561961606144905,0.5991125702857971,0.48458969593048096,-0.1356823742389679,0.6202991604804993,0.5642284154891968,-0.031105149537324905,0.614645779132843,0.5750774145126343,-0.09403432905673981,0.6197377443313599,0.5816846489906311,-0.030514782294631004,0.6119381785392761,0.590099573135376,-0.09070105850696564,0.6344472765922546,0.5888336896896362,-0.07147662341594696,0.6335650682449341,0.5951851606369019,-0.13240966200828552
0331,./images/8/frame_00331.jpg,Fall,0.5705386400222778,0.3370668590068817,-0.043718282133340836,0.5695345997810364,0.3287515938282013,-0.03335002437233925,0.5699592232704163,0.32839664816856384,-0.0334119088947773,0.5703562498092651,0.3280412554740906,-0.03346049785614014,0.5669363737106323,0.3295147716999054,-0.043763916939496994,0.5655094981193542,0.329818993806839,-0.043772514909505844,0.5639530420303345,0.330242395401001,-0.043809883296489716,0.5675957798957825,0.33078429102897644,0.01352907158434391,0.5586806535720825,0.33448949456214905,-0.03198644891381264,0.5711959600448608,0.3445122241973877,-0.025820842012763023,0.5678571462631226,0.3460724651813507,-0.03903048858046532,0.5749274492263794,0.37093761563301086,0.05196436122059822,0.5452316999435425,0.3795551359653473,-0.05483143404126167,0.5856024622917175,0.42149463295936584,0.0338614359498024,0.5585573315620422,0.4403376579284668,-0.06674503535032272,0.5906996726989746,0.43777886033058167,-0.03993456810712814,0.5877863168716431,0.4392120838165283,-0.05000389739871025,0.5938578248023987,0.4437371492385864,-0.054332833737134933,0.5958535075187683,0.4435915946960449,-0.05764307454228401,0.5916019082069397,0.436525821685791,-0.056938596069812775,0.5975520610809326,0.4330313801765442,-0.059191323816776276,0.589915931224823,0.435263991355896,-0.044246554374694824,0.5947095155715942,0.4313385784626007,-0.049310773611068726,0.5732681155204773,0.4578982889652252,0.036029085516929626,0.5545396208763123,0.469401091337204,-0.035917729139328,0.6142791509628296,0.4747847616672516,-0.06320061534643173,0.5990289449691772,0.48406341671943665,-0.12601999938488007,0.6192930936813354,0.5640076994895935,-0.05207108333706856,0.6139567494392395,0.5748245120048523,-0.09110372513532639,0.6185126304626465,0.5800955295562744,-0.052657146006822586,0.6106032133102417,0.5894466638565063,-0.08814782649278641,0.6345873475074768,0.588146448135376,-0.0964457243680954,0.6335498094558716,0.59413743019104,-0.12826064229011536
0332,./images/8/frame_00332.jpg,Fall,0.5704305171966553,0.33516016602516174,-0.050884537398815155,0.5683326721191406,0.3272086977958679,-0.04036371037364006,0.5685390830039978,0.32686683535575867,-0.04042922705411911,0.5687167644500732,0.3265567719936371,-0.040481630712747574,0.5661483407020569,0.32831522822380066,-0.05108889937400818,0.5647996664047241,0.32885226607322693,-0.05109883472323418,0.5633259415626526,0.32952702045440674,-0.05113101005554199,0.5653554201126099,0.3304465711116791,0.007585105951875448,0.5578615069389343,0.33463019132614136,-0.0393623486161232,0.5709868669509888,0.34265509247779846,-0.03248022124171257,0.5680170059204102,0.3446216881275177,-0.046139802783727646,0.5734537839889526,0.37066924571990967,0.0517842061817646,0.5453946590423584,0.37990859150886536,-0.05699648708105087,0.5843164324760437,0.42087602615356445,0.04445121809840202,0.5595916509628296,0.4419044852256775,-0.06194363906979561,0.5916556119918823,0.4481878876686096,-0.009974642656743526,0.5874071717262268,0.44118791818618774,-0.05096593499183655,0.5949755907058716,0.4589140713214874,-0.021142713725566864,0.594823956489563,0.4463645815849304,-0.061777133494615555,0.5931601524353027,0.45558881759643555,-0.03506903722882271,0.5951128602027893,0.4364396929740906,-0.06514264643192291,0.5910683870315552,0.45214980840682983,-0.01722097024321556,0.592501163482666,0.4344591498374939,-0.05145661160349846,0.5724276304244995,0.45783162117004395,0.03566931560635567,0.554301381111145,0.469492644071579,-0.03557196259498596,0.6142906546592712,0.4750322997570038,-0.059733323752880096,0.5951212048530579,0.48440343141555786,-0.12792523205280304,0.6190357804298401,0.564045250415802,-0.04172031581401825,0.6135998964309692,0.5747917294502258,-0.08858177810907364,0.6171683073043823,0.579872727394104,-0.04137291759252548,0.6102771759033203,0.5890631079673767,-0.08497447520494461,0.634573221206665,0.5879678726196289,-0.08503083884716034,0.6331297159194946,0.5936263799667358,-0.124828040599823
0333,./images/8/frame_00333.jpg,Fall,0.5686160326004028,0.3362956643104553,-0.060336627066135406,0.5670920014381409,0.32840073108673096,-0.050702743232250214,0.5674532651901245,0.32806724309921265,-0.05076517537236214,0.5677778720855713,0.3277556002140045,-0.050818465650081635,0.5646016001701355,0.3293156325817108,-0.05999584123492241,0.5631627440452576,0.32970160245895386,-0.060010574758052826,0.5616076588630676,0.33020472526550293,-0.060038972645998,0.5652199983596802,0.33105358481407166,-0.002875661011785269,0.5564042329788208,0.3348148465156555,-0.04327934607863426,0.5697236657142639,0.34355130791664124,-0.04180597513914108,0.5663343071937561,0.345426470041275,-0.053549088537693024,0.5737513899803162,0.3705386817455292,0.041680775582790375,0.5447248220443726,0.37983211874961853,-0.05531855672597885,0.5831101536750793,0.41851022839546204,0.03564102202653885,0.5596169829368591,0.4413069784641266,-0.059553246945142746,0.5916832685470581,0.44467511773109436,-0.02971661649644375,0.5861369967460632,0.4348907768726349,-0.041343942284584045,0.595352292060852,0.4543098509311676,-0.04258629307150841,0.5936094522476196,0.4385671019554138,-0.05053470656275749,0.5935161113739014,0.45074018836021423,-0.05030570551753044,0.5929223299026489,0.42818179726600647,-0.05526529625058174,0.5909886956214905,0.44732505083084106,-0.03547506779432297,0.5902001857757568,0.42689862847328186,-0.04220243915915489,0.5724720358848572,0.45782017707824707,0.03337294980883598,0.5541545152664185,0.4693577289581299,-0.033259376883506775,0.6140700578689575,0.4753181040287018,-0.05905613303184509,0.5930266976356506,0.48472514748573303,-0.12440653890371323,0.618823766708374,0.5641138553619385,-0.0411728136241436,0.6132412552833557,0.5737193822860718,-0.0840020552277565,0.6170151233673096,0.5798966884613037,-0.041079115122556686,0.6099845767021179,0.5874859094619751,-0.08053581416606903,0.634535551071167,0.5882524847984314,-0.0847449004650116,0.6326190233230591,0.593812108039856,-0.1202397495508194
0334,./images/8/frame_00334.jpg,Fall,0.5667208433151245,0.33630967140197754,-0.04912981763482094,0.5648765563964844,0.3286852240562439,-0.03912033513188362,0.565198540687561,0.32831189036369324,-0.03918040171265602,0.5655134320259094,0.32795339822769165,-0.039236389100551605,0.5625696182250977,0.329759418964386,-0.0487588569521904,0.5612126588821411,0.3301927447319031,-0.04877205938100815,0.5597230195999146,0.33070820569992065,-0.048805296421051025,0.5631966590881348,0.3311258852481842,0.008068718947470188,0.554590106010437,0.3349122703075409,-0.034018006175756454,0.5680080652236938,0.3433505892753601,-0.030925581231713295,0.5648217797279358,0.3454953134059906,-0.043161578476428986,0.573333203792572,0.37061119079589844,0.052229784429073334,0.5440157651901245,0.38046929240226746,-0.05133972689509392,0.5833304524421692,0.41917821764945984,0.0633145123720169,0.5596736669540405,0.4413900077342987,-0.062070779502391815,0.5926893949508667,0.44828352332115173,0.019039824604988098,0.5850878357887268,0.4357702136039734,-0.06451413035392761,0.5981317758560181,0.45842310786247253,0.010905466042459011,0.5923706293106079,0.43941888213157654,-0.07597754895687103,0.5967628955841064,0.45618295669555664,0.0011241643223911524,0.5913894176483154,0.4292726218700409,-0.07891102880239487,0.5933195948600769,0.45283257961273193,0.013040433637797832,0.588788628578186,0.427906334400177,-0.06517533212900162,0.5725178718566895,0.45782482624053955,0.0337834358215332,0.5541113615036011,0.4692348837852478,-0.0336897149682045,0.6135126352310181,0.4753642678260803,-0.05199170857667923,0.599902331829071,0.48713383078575134,-0.11271575838327408,0.6183027029037476,0.565518856048584,-0.02880268357694149,0.6132665872573853,0.5715885162353516,-0.07736470550298691,0.6169842481613159,0.5799176692962646,-0.028803447261452675,0.6117762327194214,0.5882237553596497,-0.07424574345350266,0.6340553164482117,0.5890390872955322,-0.07145851105451584,0.6320568919181824,0.5924295783042908,-0.1152612715959549
0335,./images/8/frame_00335.jpg,Fall,0.5653318762779236,0.336627334356308,-0.019922595471143723,0.5635741949081421,0.32899969816207886,-0.00942041166126728,0.5639878511428833,0.32860854268074036,-0.009475545957684517,0.5643998980522156,0.328217089176178,-0.009526790119707584,0.5611162185668945,0.3300975561141968,-0.01625325158238411,0.5597556829452515,0.3305230438709259,-0.016269145533442497,0.5582717657089233,0.3309784233570099,-0.016278233379125595,0.5625669360160828,0.33144721388816833,0.03729793056845665,0.5532270669937134,0.3360644280910492,0.007380294147878885,0.5668423175811768,0.34355974197387695,-0.0024515909608453512,0.56340491771698,0.34568747878074646,-0.011146609671413898,0.5741173028945923,0.37129876017570496,0.06846807897090912,0.5426846742630005,0.380279541015625,-0.010986898094415665,0.5838785767555237,0.41938772797584534,0.0733991339802742,0.5522061586380005,0.42272448539733887,-0.07129304856061935,0.5929614305496216,0.4554573595523834,0.04025394096970558,0.5590072274208069,0.373146653175354,-0.12375116348266602,0.5993563532829285,0.4655642509460449,0.03727547079324722,0.5614363551139832,0.35968783497810364,-0.13847455382347107,0.5978196859359741,0.46617966890335083,0.029873549938201904,0.5588212013244629,0.3537125289440155,-0.13458380103111267,0.5937460064888,0.4630771279335022,0.03603221848607063,0.5589921474456787,0.35902056097984314,-0.12351397424936295,0.5725986957550049,0.45790401101112366,0.03131590411067009,0.5539980530738831,0.4690822660923004,-0.031248103827238083,0.6133227944374084,0.4758656919002533,-0.058982618153095245,0.5998172760009766,0.4867684543132782,-0.12074379622936249,0.6182724833488464,0.565528392791748,-0.04321404919028282,0.6122308969497681,0.5712154507637024,-0.08402358740568161,0.6170382499694824,0.5801483988761902,-0.04370331019163132,0.6089863181114197,0.5863758325576782,-0.08286385983228683,0.6341081857681274,0.5893077254295349,-0.08384180814027786,0.6315828561782837,0.5927110314369202,-0.12455564737319946
0336,./images/8/frame_00336.jpg,Fall,0.564054012298584,0.3369349241256714,-0.03294811397790909,0.5624375343322754,0.3292912244796753,-0.023127542808651924,0.5628073811531067,0.32892510294914246,-0.023181315511465073,0.563196063041687,0.3285462260246277,-0.023239558562636375,0.5601422190666199,0.3301582634449005,-0.031119968742132187,0.5588786602020264,0.3306926190853119,-0.031129339709877968,0.5575131177902222,0.33133694529533386,-0.031149964779615402,0.5612162947654724,0.33166074752807617,0.02192576415836811,0.5527089834213257,0.33671456575393677,-0.011474781669676304,0.5655586123466492,0.34375494718551636,-0.015435312874615192,0.5622893571853638,0.3458206057548523,-0.025406261906027794,0.5731322169303894,0.37056052684783936,0.0637122392654419,0.5421031713485718,0.380903959274292,-0.03316980600357056,0.5828000903129578,0.41961944103240967,0.07409729808568954,0.5533546209335327,0.428389310836792,-0.05540965870022774,0.5903025269508362,0.4559480845928192,0.043822742998600006,0.5732135772705078,0.38533592224121094,-0.04473496228456497,0.5949970483779907,0.4671277403831482,0.03891248628497124,0.5820582509040833,0.3798013925552368,-0.05367850139737129,0.5936406850814819,0.46580392122268677,0.030613277107477188,0.5769513845443726,0.3796369433403015,-0.05371028929948807,0.5904738306999207,0.4623202383518219,0.03892407938838005,0.5731425881385803,0.378566712141037,-0.044071368873119354,0.5725992918014526,0.4577624499797821,0.031795401126146317,0.5540074706077576,0.46908116340637207,-0.031722284853458405,0.6129864454269409,0.4759368598461151,-0.05812276154756546,0.6008342504501343,0.4867193400859833,-0.12059666216373444,0.6181745529174805,0.5654714107513428,-0.042777761816978455,0.612339198589325,0.5713189840316772,-0.08825241029262543,0.617046058177948,0.5794926285743713,-0.042834971100091934,0.6087659001350403,0.5865356922149658,-0.08671363443136215,0.6341285705566406,0.5894777774810791,-0.08377809822559357,0.6316840648651123,0.5929223895072937,-0.1275215446949005
0337,./images/8/frame_00337.jpg,Fall,0.563051164150238,0.3349682688713074,0.00014274931163527071,0.5608838200569153,0.3280923366546631,0.011588634923100471,0.5611231923103333,0.32771724462509155,0.011538295075297356,0.5613747239112854,0.3273444175720215,0.011486307717859745,0.5589250922203064,0.32927626371383667,0.0024570568930357695,0.5577667951583862,0.3299322724342346,0.0024537655990570784,0.556480348110199,0.3307134807109833,0.0024240328930318356,0.5595408082008362,0.33125194907188416,0.05853881314396858,0.5519604086875916,0.33666902780532837,0.018095653504133224,0.5645604133605957,0.34155240654945374,0.017572712153196335,0.5615333318710327,0.34367603063583374,0.005689472891390324,0.5727889537811279,0.37102821469306946,0.09315957874059677,0.541844367980957,0.38025039434432983,-0.017429938539862633,0.582692563533783,0.4217299222946167,0.099077008664608,0.553912341594696,0.43094924092292786,-0.07369042932987213,0.5950124859809875,0.45900827646255493,0.06795714795589447,0.5763264894485474,0.39758750796318054,-0.1140422374010086,0.6013780832290649,0.46958380937576294,0.0654667541384697,0.5834122896194458,0.4032886028289795,-0.12861596047878265,0.6010857820510864,0.46889856457710266,0.057475071400403976,0.5819100141525269,0.40078362822532654,-0.12449447810649872,0.5970865488052368,0.46578705310821533,0.06329409033060074,0.5791463851928711,0.4006442725658417,-0.1130620464682579,0.5726635456085205,0.457809716463089,0.03478497639298439,0.5541287660598755,0.4690995216369629,-0.0347493514418602,0.6130356192588806,0.4760148227214813,-0.05744563415646553,0.6005193591117859,0.4870929419994354,-0.12370264530181885,0.6182221174240112,0.5650842189788818,-0.042420681565999985,0.6125528812408447,0.571415364742279,-0.09671015292406082,0.616963267326355,0.5795168280601501,-0.042875953018665314,0.6089051365852356,0.58623868227005,-0.09448084980249405,0.6341327428817749,0.5894861221313477,-0.08374501764774323,0.6317670345306396,0.5929377675056458,-0.1344839632511139
0338,./images/8/frame_00338.jpg,Fall,0.5619667172431946,0.33625638484954834,-0.01549120806157589,0.5602589845657349,0.32949966192245483,-0.004838353488594294,0.5607103705406189,0.328845739364624,-0.004894218407571316,0.5611642003059387,0.32819756865501404,-0.004946024157106876,0.5577040910720825,0.3315083682537079,-0.01357648242264986,0.5563260912895203,0.33243462443351746,-0.013585384003818035,0.5548134446144104,0.3334653377532959,-0.013608196750283241,0.5597150325775146,0.33186227083206177,0.04167557880282402,0.5500463843345642,0.3394532799720764,0.006941667292267084,0.5640742182731628,0.34180906414985657,0.0020998590625822544,0.5605300664901733,0.3446666896343231,-0.008900245651602745,0.5732162594795227,0.37079671025276184,0.08986808359622955,0.5407122373580933,0.3814622759819031,-0.012122598476707935,0.5818884372711182,0.42165422439575195,0.08500708639621735,0.5515604019165039,0.4270023703575134,-0.07023046165704727,0.5949495434761047,0.4574756622314453,0.04172689467668533,0.5652124881744385,0.3847341239452362,-0.11156278848648071,0.6008394956588745,0.46765831112861633,0.037837471812963486,0.5695846080780029,0.37363383173942566,-0.12430298328399658,0.6003669500350952,0.46737661957740784,0.031143898144364357,0.5665262937545776,0.367768257856369,-0.12013862282037735,0.59693443775177,0.4643986225128174,0.03768499940633774,0.5659735202789307,0.37259501218795776,-0.11078768968582153,0.5736206769943237,0.45839282870292664,0.03175739198923111,0.5544334650039673,0.4692712128162384,-0.031695276498794556,0.6135112643241882,0.476058691740036,-0.06892139464616776,0.6003896594047546,0.48686155676841736,-0.12888012826442719,0.6185044646263123,0.565057098865509,-0.04868242144584656,0.6125183701515198,0.5715451836585999,-0.09628275036811829,0.6168961524963379,0.5795011520385742,-0.04883221536874771,0.6087076663970947,0.5863880515098572,-0.09326602518558502,0.6341564655303955,0.5896939039230347,-0.09062168002128601,0.6317105293273926,0.5941282510757446,-0.13272053003311157
0339,./images/8/frame_00339.jpg,Fall,0.5609123110771179,0.3347146213054657,-0.08940616995096207,0.5588220357894897,0.3284589648246765,-0.07888347655534744,0.5592027306556702,0.3279910683631897,-0.07892776280641556,0.5595824718475342,0.3275161385536194,-0.0789906308054924,0.5564633011817932,0.33013173937797546,-0.08873813599348068,0.5551660060882568,0.33104652166366577,-0.08874662965536118,0.5537065267562866,0.33215034008026123,-0.08876597881317139,0.5579070448875427,0.33186766505241394,-0.02740059234201908,0.5488688349723816,0.3394293189048767,-0.07069147378206253,0.5627996921539307,0.34101930260658264,-0.06945424526929855,0.5594373941421509,0.3435506820678711,-0.08209310472011566,0.5720587968826294,0.37217801809310913,0.02826991304755211,0.539813756942749,0.3817652463912964,-0.0860075056552887,0.5823230147361755,0.4222632944583893,0.0507650300860405,0.5524762272834778,0.43973508477211,-0.10640636831521988,0.6003734469413757,0.45760998129844666,0.021585267037153244,0.5813590288162231,0.449804425239563,-0.1126256138086319,0.6073465943336487,0.46688902378082275,0.020152775570750237,0.589130699634552,0.4608255922794342,-0.12628787755966187,0.607841968536377,0.4665737450122833,0.005240610335022211,0.590539813041687,0.4506135582923889,-0.12463164329528809,0.6037962436676025,0.4642843008041382,0.014607131481170654,0.5871745347976685,0.450302392244339,-0.11179190874099731,0.5736275315284729,0.46055591106414795,0.03478571027517319,0.5549415349960327,0.4708002805709839,-0.034732334315776825,0.6137195825576782,0.4760900139808655,-0.064998559653759,0.601066529750824,0.4891646206378937,-0.13555943965911865,0.6180785298347473,0.5671892762184143,-0.02638186514377594,0.6126036643981934,0.5724624395370483,-0.09308154881000519,0.614088237285614,0.581568717956543,-0.024511240422725677,0.6087487936019897,0.5867266058921814,-0.08881980925798416,0.634147047996521,0.5919113755226135,-0.0674586370587349,0.6318652033805847,0.5960054397583008,-0.13062801957130432
0340,./images/8/frame_00340.jpg,Fall,0.559334397315979,0.3350888192653656,-0.1171807274222374,0.5575574040412903,0.32863208651542664,-0.10756856203079224,0.5581067800521851,0.3281804621219635,-0.10760748386383057,0.5586603879928589,0.32772374153137207,-0.10766968876123428,0.5548900961875916,0.3302232027053833,-0.11647896468639374,0.553519606590271,0.33134186267852783,-0.11649996042251587,0.5520015954971313,0.33268991112709045,-0.11652173101902008,0.557522177696228,0.3319186270236969,-0.055110227316617966,0.5475642085075378,0.34029364585876465,-0.09408171474933624,0.5617295503616333,0.34150001406669617,-0.09626659750938416,0.5581649541854858,0.34390032291412354,-0.10764440149068832,0.5702222585678101,0.3724297285079956,0.0066165560856461525,0.5402504801750183,0.381985604763031,-0.10341557115316391,0.5822335481643677,0.4225021302700043,0.03258349746465683,0.5525537133216858,0.4423927664756775,-0.11483216285705566,0.599146842956543,0.4568968117237091,0.005819112993776798,0.5878750085830688,0.45398423075675964,-0.11245457082986832,0.6053580641746521,0.4660089612007141,0.0028229313902556896,0.5967103242874146,0.46209225058555603,-0.12528803944587708,0.6055220365524292,0.4651815593242645,-0.009764200076460838,0.5984644889831543,0.45308464765548706,-0.12359799444675446,0.6018010377883911,0.4628535807132721,-0.0005632711108773947,0.5949739217758179,0.45087242126464844,-0.11136835813522339,0.5735998153686523,0.46047961711883545,0.034608542919158936,0.5549631714820862,0.47131094336509705,-0.034557223320007324,0.6136966943740845,0.47613364458084106,-0.06624652445316315,0.6009343862533569,0.4891156554222107,-0.13983209431171417,0.618141770362854,0.5661950707435608,-0.022013287991285324,0.6125215291976929,0.5733227729797363,-0.09288041293621063,0.614446759223938,0.5793411135673523,-0.019522788003087044,0.6081644296646118,0.5869104862213135,-0.0884377658367157,0.6342570185661316,0.5917916893959045,-0.06135103106498718,0.6318781971931458,0.5972893834114075,-0.13088540732860565
0341,./images/8/frame_00341.jpg,Fall,0.558199942111969,0.3352299928665161,-0.11086853593587875,0.5565489530563354,0.32868021726608276,-0.10126068443059921,0.5571346282958984,0.32821616530418396,-0.10130401700735092,0.5577145218849182,0.3277569115161896,-0.10135924816131592,0.5538260340690613,0.3303212821483612,-0.1099410429596901,0.5524420738220215,0.3313601613044739,-0.10996105521917343,0.550933837890625,0.3327876925468445,-0.1099846139550209,0.5567406415939331,0.3318237364292145,-0.05084122344851494,0.5465044975280762,0.340271919965744,-0.08870481699705124,0.5605217218399048,0.341665118932724,-0.09111566096544266,0.5570316314697266,0.3441234230995178,-0.10214973986148834,0.5698790550231934,0.37233301997184753,0.0036034774966537952,0.539122462272644,0.3837031126022339,-0.09751490503549576,0.5823765993118286,0.42095887660980225,0.02065092697739601,0.5551261305809021,0.4419252574443817,-0.10978486388921738,0.5954926013946533,0.45629388093948364,-0.01284517627209425,0.5890151262283325,0.44951027631759644,-0.10574890673160553,0.6003292798995972,0.4658086895942688,-0.0191046092659235,0.5972833633422852,0.45657408237457275,-0.11859206855297089,0.5977612137794495,0.4644639194011688,-0.028962064534425735,0.5984439253807068,0.4480651915073395,-0.1177426353096962,0.5966089367866516,0.46224546432495117,-0.018494073301553726,0.5952734351158142,0.4457100033760071,-0.10512814670801163,0.5737816095352173,0.45952385663986206,0.03191779926419258,0.5549656748771667,0.47143304347991943,-0.03184337541460991,0.613459050655365,0.4759465456008911,-0.06850865483283997,0.5984021425247192,0.4888250529766083,-0.14084658026695251,0.6186317205429077,0.5661857724189758,-0.02773192897439003,0.6121692657470703,0.5740267038345337,-0.09308971464633942,0.614667534828186,0.5783935189247131,-0.026065688580274582,0.6079423427581787,0.5872172713279724,-0.089079350233078,0.6345037221908569,0.5917140245437622,-0.06817781180143356,0.6316213607788086,0.5977945923805237,-0.13136860728263855
0342,./images/8/frame_00342.jpg,Fall,0.5575295686721802,0.3353866934776306,-0.10841860622167587,0.5558884143829346,0.3287584185600281,-0.0991484746336937,0.556475043296814,0.32828715443611145,-0.09919284284114838,0.5570581555366516,0.3278205692768097,-0.09924290329217911,0.5532528162002563,0.33035677671432495,-0.10788649320602417,0.5519444346427917,0.33149299025535583,-0.10790567100048065,0.550528883934021,0.3329961895942688,-0.10793019831180573,0.5561684966087341,0.33205392956733704,-0.049697741866111755,0.5463035106658936,0.3406114876270294,-0.08793491870164871,0.5598701238632202,0.3418733477592468,-0.0889771580696106,0.5563552379608154,0.3442416787147522,-0.10012005269527435,0.5692883729934692,0.3723330497741699,0.0032169329933822155,0.5387856364250183,0.38360458612442017,-0.0975775197148323,0.5819229483604431,0.4195573627948761,0.017946749925613403,0.5552499890327454,0.4376806616783142,-0.11145893484354019,0.5952326059341431,0.4548055827617645,-0.01828921027481556,0.5881235599517822,0.4463890492916107,-0.10619068145751953,0.6002347469329834,0.4644823670387268,-0.02504884824156761,0.596598744392395,0.4500236213207245,-0.1190672516822815,0.5976149439811707,0.45826447010040283,-0.0355960913002491,0.5973042845726013,0.44129037857055664,-0.11805970966815948,0.5965669751167297,0.4582192003726959,-0.02429984323680401,0.5940567255020142,0.4401157796382904,-0.10550256073474884,0.573744535446167,0.45893314480781555,0.031306635588407516,0.5549935698509216,0.47166773676872253,-0.031217992305755615,0.6129242181777954,0.47603896260261536,-0.06514929234981537,0.5963270664215088,0.4916132688522339,-0.13901697099208832,0.6187781691551208,0.566167950630188,-0.021719859912991524,0.6116382479667664,0.574564516544342,-0.08691348135471344,0.6147744655609131,0.5784867405891418,-0.019937101751565933,0.6078778505325317,0.5873557925224304,-0.08328776061534882,0.6345221400260925,0.5916554927825928,-0.06164439395070076,0.6307954788208008,0.5981253981590271,-0.12699833512306213
0343,./images/8/frame_00343.jpg,Fall,0.5559238195419312,0.33572420477867126,-0.1119811087846756,0.554482102394104,0.32937008142471313,-0.10173211246728897,0.5551398992538452,0.3287568986415863,-0.10177692025899887,0.5557935833930969,0.32820090651512146,-0.10183695703744888,0.5516842603683472,0.3316817581653595,-0.10964085161685944,0.550321638584137,0.33313050866127014,-0.10965913534164429,0.5488289594650269,0.33483177423477173,-0.10968144983053207,0.5553969144821167,0.3323327302932739,-0.048173870891332626,0.5448683500289917,0.34183695912361145,-0.08278147876262665,0.5584171414375305,0.3419020473957062,-0.09109459817409515,0.5548850297927856,0.34471333026885986,-0.10119905322790146,0.5696535110473633,0.37245261669158936,0.007816762663424015,0.5381025075912476,0.38391879200935364,-0.08989844471216202,0.5803055167198181,0.4199364483356476,0.02511429414153099,0.5552574396133423,0.4376858174800873,-0.10381518304347992,0.5947880744934082,0.456307053565979,-0.006217699497938156,0.587096095085144,0.44429776072502136,-0.10235557705163956,0.5998033285140991,0.46648791432380676,-0.011969531886279583,0.5954312086105347,0.44762417674064636,-0.11481289565563202,0.5977655649185181,0.46416690945625305,-0.022498436272144318,0.5956496000289917,0.4385982155799866,-0.11373843252658844,0.5959235429763794,0.46195152401924133,-0.011976501904428005,0.5925562381744385,0.43762126564979553,-0.10165315866470337,0.5738678574562073,0.45832061767578125,0.031433019787073135,0.5549877882003784,0.4713841676712036,-0.03134022280573845,0.6119306683540344,0.47599539160728455,-0.07014124095439911,0.5961241722106934,0.4920284152030945,-0.13857853412628174,0.6189781427383423,0.5662760734558105,-0.0276726596057415,0.6116660237312317,0.5747848749160767,-0.09230993688106537,0.614803671836853,0.5790408253669739,-0.02477569691836834,0.607943594455719,0.5873982906341553,-0.08883240073919296,0.6345311999320984,0.5917231440544128,-0.07370033860206604,0.6308975219726562,0.598250687122345,-0.13767549395561218
0344,./images/8/frame_00344.jpg,Fall,0.555204451084137,0.33531326055526733,-0.09629680216312408,0.5536226034164429,0.32916513085365295,-0.08678106963634491,0.5542801022529602,0.32864537835121155,-0.08682984858751297,0.5549421310424805,0.32816216349601746,-0.08688876777887344,0.5508723855018616,0.33140331506729126,-0.09412845969200134,0.5495302081108093,0.3328609764575958,-0.09414420276880264,0.5480563044548035,0.33461815118789673,-0.0941692441701889,0.5545226335525513,0.33229899406433105,-0.036021240055561066,0.5440883636474609,0.3416793942451477,-0.06874709576368332,0.5577760934829712,0.3417457342147827,-0.07649733126163483,0.5544579029083252,0.34464147686958313,-0.08595982193946838,0.5691624879837036,0.3724099099636078,0.015522423200309277,0.5376094579696655,0.3833889067173004,-0.08058100938796997,0.5806865692138672,0.42005136609077454,0.028477881103754044,0.5531513690948486,0.4369971454143524,-0.10884718596935272,0.5949684381484985,0.456135630607605,-0.007028321269899607,0.577763020992279,0.4287080466747284,-0.13857205212116241,0.6007773876190186,0.46612846851348877,-0.012548917904496193,0.5848031640052795,0.42913931608200073,-0.15289679169654846,0.5993224382400513,0.46480563282966614,-0.02314850315451622,0.5836602449417114,0.42066696286201477,-0.1513417661190033,0.5963113903999329,0.4623604118824005,-0.012643115594983101,0.5814271569252014,0.4212360382080078,-0.13836120069026947,0.5738622546195984,0.4578290581703186,0.0315970778465271,0.5549800992012024,0.4707355201244354,-0.03150792792439461,0.6120198369026184,0.47570207715034485,-0.07004107534885406,0.5967719554901123,0.49170249700546265,-0.13506460189819336,0.6189753413200378,0.5662742853164673,-0.034124039113521576,0.6115821599960327,0.574670672416687,-0.09081918746232986,0.6148727536201477,0.5794159770011902,-0.03257686644792557,0.6077843308448792,0.5872805714607239,-0.08722777664661407,0.6346145868301392,0.5919799208641052,-0.07892736792564392,0.6309688091278076,0.5985777378082275,-0.13389873504638672
0345,./images/8/frame_00345.jpg,Fall,0.5546536445617676,0.33533981442451477,-0.15485522150993347,0.5527207851409912,0.3290691673755646,-0.14471885561943054,0.5533341765403748,0.3285120725631714,-0.1447584480047226,0.5539361834526062,0.32798436284065247,-0.1448172628879547,0.549964189529419,0.3314076066017151,-0.15369397401809692,0.548567533493042,0.33288413286209106,-0.1537262499332428,0.5470446348190308,0.3346739411354065,-0.1537536084651947,0.5532135963439941,0.3322165310382843,-0.08821941167116165,0.5430685877799988,0.3418857455253601,-0.12760134041309357,0.5573331117630005,0.34175989031791687,-0.13267123699188232,0.5538190007209778,0.3447040915489197,-0.14413312077522278,0.5672509670257568,0.37133166193962097,-0.023268835619091988,0.5370115637779236,0.384927362203598,-0.1281132996082306,0.5808237791061401,0.4187774658203125,-0.00126869254745543,0.5533619523048401,0.44140294194221497,-0.13944876194000244,0.5933148860931396,0.4562210440635681,-0.035829298198223114,0.5855775475502014,0.4521988332271576,-0.1404663622379303,0.5983200073242188,0.466646283864975,-0.04353218525648117,0.5911725163459778,0.4580642282962799,-0.15566574037075043,0.5973151922225952,0.46612548828125,-0.05492805317044258,0.5959197282791138,0.4523688554763794,-0.15619128942489624,0.5942747592926025,0.4632858335971832,-0.04219508916139603,0.5928155183792114,0.4492388367652893,-0.14057214558124542,0.572644054889679,0.4572722911834717,0.03168203681707382,0.5545209050178528,0.4707653820514679,-0.031593792140483856,0.6112388372421265,0.4747164845466614,-0.0724962130188942,0.5968598127365112,0.48866304755210876,-0.1388261765241623,0.6191262006759644,0.5656267404556274,-0.033532366156578064,0.6116171479225159,0.5738549828529358,-0.09158966690301895,0.6153932213783264,0.5791931748390198,-0.03156270086765289,0.6077706217765808,0.5870048999786377,-0.08767025917768478,0.6346151232719421,0.5912619233131409,-0.07853470742702484,0.6311006546020508,0.5977674722671509,-0.13523796200752258
0346,./images/8/frame_00346.jpg,Fall,0.5543844699859619,0.3360248804092407,-0.13810203969478607,0.5525104403495789,0.32968273758888245,-0.12864819169044495,0.5530659556388855,0.3290019631385803,-0.128697469830513,0.5536093711853027,0.3283604383468628,-0.1287619024515152,0.5498591661453247,0.3325308561325073,-0.13707208633422852,0.5484753847122192,0.33415845036506653,-0.137091726064682,0.5469468235969543,0.33601972460746765,-0.1371135413646698,0.5526663064956665,0.33250707387924194,-0.0760483592748642,0.5428332686424255,0.34285011887550354,-0.11277556419372559,0.5568235516548157,0.3419940769672394,-0.11746680736541748,0.5533190965652466,0.34549856185913086,-0.12814301252365112,0.5670799016952515,0.3713611662387848,-0.018878694623708725,0.5362197160720825,0.3852923512458801,-0.11572925746440887,0.581039309501648,0.4182324707508087,-0.005912426859140396,0.553689181804657,0.44186317920684814,-0.13167312741279602,0.594615638256073,0.45625272393226624,-0.047656454145908356,0.5867226123809814,0.45672887563705444,-0.1363932192325592,0.6001827716827393,0.46668070554733276,-0.057278167456388474,0.5920297503471375,0.46184319257736206,-0.15217718482017517,0.599551796913147,0.4658813774585724,-0.068939708173275,0.5951800346374512,0.45620304346084595,-0.15300187468528748,0.5950666666030884,0.46265602111816406,-0.05447714403271675,0.5940968990325928,0.45559751987457275,-0.13688500225543976,0.5726933479309082,0.45748478174209595,0.029915696009993553,0.5545021295547485,0.47140079736709595,-0.02979745902121067,0.6113401651382446,0.47467029094696045,-0.07710616290569305,0.5956169366836548,0.4889924228191376,-0.14386361837387085,0.6196165680885315,0.5648146271705627,-0.03351552039384842,0.6113545298576355,0.5739099979400635,-0.09539943188428879,0.6154378652572632,0.5779542326927185,-0.03142424300312996,0.6076503396034241,0.5870307683944702,-0.09168778359889984,0.6346771121025085,0.5908215045928955,-0.07808992266654968,0.6310701966285706,0.5977544784545898,-0.14071393013000488
0347,./images/8/frame_00347.jpg,Fall,0.5531166791915894,0.33517298102378845,-0.07703621685504913,0.5511184930801392,0.32923802733421326,-0.06745348870754242,0.5517039895057678,0.3287163972854614,-0.06750080734491348,0.5522806644439697,0.3282013535499573,-0.06756028532981873,0.548503041267395,0.3317534327507019,-0.07591062784194946,0.547186553478241,0.3333105742931366,-0.07591527700424194,0.5457419157028198,0.3351634442806244,-0.07594337314367294,0.5516244173049927,0.3325519859790802,-0.019902894273400307,0.5418397188186646,0.34269824624061584,-0.056744806468486786,0.5557898283004761,0.34151551127433777,-0.05856122449040413,0.5524906516075134,0.34489312767982483,-0.06934487074613571,0.5669620037078857,0.3717491924762726,0.027607429772615433,0.5354363322257996,0.3852299153804779,-0.07264122366905212,0.5800456404685974,0.41970983147621155,0.04255158454179764,0.5494701266288757,0.43258437514305115,-0.10456579923629761,0.5928562879562378,0.457471638917923,0.010778822936117649,0.5822678208351135,0.45233625173568726,-0.12678660452365875,0.5984476804733276,0.4679296612739563,0.005912418477237225,0.5891007781028748,0.46050575375556946,-0.1409221738576889,0.5976967215538025,0.4679029583930969,-0.004217819310724735,0.590365469455719,0.4558117687702179,-0.14211222529411316,0.5937131643295288,0.46473565697669983,0.005166957620531321,0.588127851486206,0.4526343047618866,-0.12671497464179993,0.5727090835571289,0.4575110673904419,0.030248049646615982,0.5544144511222839,0.47145333886146545,-0.03013792261481285,0.6114382743835449,0.4746430218219757,-0.07531280070543289,0.5945831537246704,0.4892696440219879,-0.14341816306114197,0.6198601126670837,0.5648197531700134,-0.04029468446969986,0.6111090779304504,0.5739260315895081,-0.09892885386943817,0.6155969500541687,0.5777022838592529,-0.03934381157159805,0.6076594591140747,0.5870487689971924,-0.09528115391731262,0.6346763968467712,0.5908196568489075,-0.08620264381170273,0.6306315660476685,0.5977407097816467,-0.14226706326007843
0348,./images/8/frame_00348.jpg,Fall,0.5527352690696716,0.3353414237499237,-0.09505394101142883,0.5507138967514038,0.32925745844841003,-0.08557707071304321,0.5512992739677429,0.32873085141181946,-0.0856301337480545,0.5518885850906372,0.32820838689804077,-0.08570091426372528,0.5480911135673523,0.3321300446987152,-0.09275274723768234,0.5467613339424133,0.3338947594165802,-0.09275561571121216,0.5453146696090698,0.33591869473457336,-0.09276965260505676,0.5513715147972107,0.3325584828853607,-0.03270632401108742,0.5414212942123413,0.3432859480381012,-0.05912821367383003,0.5554971098899841,0.3415485918521881,-0.07417161762714386,0.5521366000175476,0.3452215790748596,-0.08317554742097855,0.5670745372772217,0.3727380037307739,0.020454376935958862,0.5351089835166931,0.38513103127479553,-0.07756482064723969,0.5802699327468872,0.42001914978027344,0.038395583629608154,0.5496178865432739,0.43351301550865173,-0.10175339132547379,0.594054639339447,0.45756348967552185,0.004376520402729511,0.5812069177627563,0.44118329882621765,-0.12273548543453217,0.6004354953765869,0.46786075830459595,3.595543239498511e-05,0.5883334875106812,0.44679468870162964,-0.13702484965324402,0.5995911359786987,0.4678681194782257,-0.013865483924746513,0.5883525609970093,0.440139502286911,-0.13656552135944366,0.5953519344329834,0.4647943675518036,-0.0019941343925893307,0.5858403444290161,0.43824484944343567,-0.12201887369155884,0.5727607607841492,0.45792901515960693,0.030024731531739235,0.5543876886367798,0.4716838300228119,-0.029916679486632347,0.6149186491966248,0.47167739272117615,-0.06984956562519073,0.5935345888137817,0.4896712005138397,-0.14872321486473083,0.6198521256446838,0.5637872219085693,-0.025047745555639267,0.6106455326080322,0.5740989446640015,-0.1081385612487793,0.61534184217453,0.5756930708885193,-0.0230051688849926,0.6076250672340393,0.587057888507843,-0.10463561862707138,0.6346193552017212,0.5904998779296875,-0.06774280220270157,0.6306322813034058,0.5987176895141602,-0.1519709676504135
0349,./images/8/frame_00349.jpg,Fall,0.5522251129150391,0.33458974957466125,-0.05338336154818535,0.5499640107154846,0.32855042815208435,-0.04322223737835884,0.550479531288147,0.3281157314777374,-0.04327622801065445,0.5509846210479736,0.32768988609313965,-0.04333590343594551,0.5474620461463928,0.3311161398887634,-0.05115901306271553,0.5461808443069458,0.33274921774864197,-0.05116186663508415,0.5447643995285034,0.33459019660949707,-0.05118543654680252,0.5503361821174622,0.33254092931747437,0.005368963349610567,0.5408880114555359,0.3426390290260315,-0.028886979445815086,0.5549870729446411,0.34126636385917664,-0.0345926433801651,0.5517458915710449,0.3448120057582855,-0.04469878226518631,0.5660282373428345,0.37257638573646545,0.049756746739149094,0.5349526405334473,0.38527095317840576,-0.048487819731235504,0.5785915851593018,0.42001673579216003,0.05836901813745499,0.5505218505859375,0.4338962137699127,-0.08504044264554977,0.5904864072799683,0.45576927065849304,0.02189820632338524,0.5785199403762817,0.43768027424812317,-0.113197460770607,0.5961858034133911,0.4656865894794464,0.016549279913306236,0.5857995748519897,0.4428788423538208,-0.12760496139526367,0.5951624512672424,0.465528279542923,0.007010055240243673,0.5857669711112976,0.434860497713089,-0.12577089667320251,0.5915368795394897,0.46267369389533997,0.016534799709916115,0.5831730365753174,0.43348684906959534,-0.11276976764202118,0.5725818276405334,0.4579968750476837,0.03008951246738434,0.554404616355896,0.4717165231704712,-0.029974913224577904,0.6138631701469421,0.4718784689903259,-0.07229039072990417,0.5939263105392456,0.4888101816177368,-0.14764511585235596,0.6198432445526123,0.5638617873191833,-0.042943596839904785,0.6106234788894653,0.5736966729164124,-0.1121625080704689,0.6152740716934204,0.5757750868797302,-0.04250900074839592,0.6075732707977295,0.5867881178855896,-0.10889357328414917,0.6345511674880981,0.5905232429504395,-0.08762092888355255,0.6305688619613647,0.5983363389968872,-0.154343381524086
0350,./images/8/frame_00350.jpg,Fall,0.5515747666358948,0.33470866084098816,-0.015618592500686646,0.5493287444114685,0.3288383185863495,-0.004728312604129314,0.5498072504997253,0.32840198278427124,-0.00478088716045022,0.5502609014511108,0.3279549777507782,-0.00483399722725153,0.5469468832015991,0.33134904503822327,-0.012232551351189613,0.5456929802894592,0.3329204022884369,-0.012243709526956081,0.5443158745765686,0.33469879627227783,-0.012255758047103882,0.5495838522911072,0.3328646421432495,0.042748112231492996,0.5403800010681152,0.3427763283252716,0.009606784209609032,0.5543001890182495,0.34141454100608826,0.002073305193334818,0.5512142181396484,0.34488609433174133,-0.007695478852838278,0.5653969645500183,0.3725827932357788,0.0727149099111557,0.5348429083824158,0.3852275311946869,-0.012079755775630474,0.5782549977302551,0.41993674635887146,0.07406879961490631,0.5428746342658997,0.4166586101055145,-0.08991806954145432,0.59092116355896,0.45485037565231323,0.038934916257858276,0.5478058457374573,0.37322595715522766,-0.1529339700937271,0.5967804789543152,0.46349725127220154,0.03596676513552666,0.548981785774231,0.3614349365234375,-0.16980710625648499,0.5957304239273071,0.4647904336452484,0.027589216828346252,0.5469791293144226,0.35666796565055847,-0.16478247940540314,0.5919944643974304,0.46255040168762207,0.034295979887247086,0.547450065612793,0.3613164722919464,-0.1528664529323578,0.572607159614563,0.45805782079696655,0.030188262462615967,0.5545279383659363,0.4717482328414917,-0.030061477795243263,0.6128920316696167,0.4732094705104828,-0.06832650303840637,0.5940181612968445,0.4919798672199249,-0.13273851573467255,0.6199004650115967,0.5639594793319702,-0.04617439955472946,0.6106253862380981,0.5736050009727478,-0.10279389470815659,0.6153913736343384,0.5762708187103271,-0.04641231894493103,0.6075797080993652,0.5867147445678711,-0.10012684017419815,0.6344866156578064,0.5903158187866211,-0.088325634598732,0.6304428577423096,0.5978705883026123,-0.13925503194332123
0351,./images/8/frame_00351.jpg,Fall,0.5512740612030029,0.334335595369339,-0.045691438019275665,0.5490473508834839,0.32871514558792114,-0.03521885722875595,0.5495234727859497,0.3283260762691498,-0.035272739827632904,0.5499811172485352,0.3279212415218353,-0.03533255308866501,0.5465656518936157,0.33110418915748596,-0.04339190572500229,0.5452386140823364,0.3326070308685303,-0.043397918343544006,0.5437794923782349,0.33431878685951233,-0.04342439025640488,0.5492234826087952,0.33286577463150024,0.014418119564652443,0.5397003293037415,0.34256064891815186,-0.021719802170991898,0.5538274049758911,0.34114938974380493,-0.02673802152276039,0.5507210493087769,0.3446020483970642,-0.03732912242412567,0.5654262900352478,0.37250396609306335,0.056262802332639694,0.5339916348457336,0.38504913449287415,-0.03714368864893913,0.5786077380180359,0.4197993278503418,0.06295184791088104,0.5446571707725525,0.42061322927474976,-0.08760219067335129,0.5909808874130249,0.4542127251625061,0.021948594599962234,0.5617414116859436,0.3969358801841736,-0.13657528162002563,0.5973083972930908,0.4630500078201294,0.0160747729241848,0.5665308833122253,0.4011005759239197,-0.152369886636734,0.5963228940963745,0.4641276001930237,0.006195131689310074,0.5660432577133179,0.39247360825538635,-0.1515093445777893,0.5922651886940002,0.46183839440345764,0.016284558922052383,0.5646564364433289,0.39144453406333923,-0.1372140794992447,0.572617769241333,0.45790931582450867,0.03045748546719551,0.554513692855835,0.47123977541923523,-0.030324596911668777,0.6119974851608276,0.47308632731437683,-0.08261709660291672,0.5895785689353943,0.4872322976589203,-0.14315998554229736,0.6198933720588684,0.5648040175437927,-0.060777802020311356,0.6106057167053223,0.5736085772514343,-0.10655583441257477,0.6157075762748718,0.5772756934165955,-0.061155594885349274,0.6075834035873413,0.5867628455162048,-0.10365027189254761,0.6344852447509766,0.5903859734535217,-0.10861875116825104,0.6304431557655334,0.5971959829330444,-0.15073706209659576
0352,./images/8/frame_00352.jpg,Fall,0.5509809851646423,0.33424508571624756,-0.05965999886393547,0.5490178465843201,0.32873332500457764,-0.04961331561207771,0.5495998859405518,0.32834702730178833,-0.04966409131884575,0.5501528978347778,0.3280198276042938,-0.04972319304943085,0.5463259220123291,0.3309088349342346,-0.0578857958316803,0.5449956655502319,0.3322496712207794,-0.05789390206336975,0.5435421466827393,0.3338072597980499,-0.057919424027204514,0.5494023561477661,0.33320826292037964,0.0015976546565070748,0.5392940044403076,0.3423786461353302,-0.031659796833992004,0.5535804033279419,0.3411809504032135,-0.040763791650533676,0.5503060817718506,0.34451496601104736,-0.05133552476763725,0.5657200217247009,0.37002161145210266,0.048535749316215515,0.5331073999404907,0.3860339820384979,-0.04919692501425743,0.5784817934036255,0.41977351903915405,0.05503128841519356,0.5470396280288696,0.43297168612480164,-0.08377425372600555,0.5905935168266296,0.45523422956466675,0.023021072149276733,0.5781742334365845,0.44436073303222656,-0.08876573294401169,0.5963423848152161,0.4646754860877991,0.017930587753653526,0.5860801935195923,0.45346230268478394,-0.10143470764160156,0.594835638999939,0.46413159370422363,0.008281831629574299,0.5878350734710693,0.4466380178928375,-0.10107596218585968,0.5907843708992004,0.4617142975330353,0.017517587170004845,0.5850823521614075,0.4436280429363251,-0.08847507834434509,0.5726230144500732,0.45789840817451477,0.029466327279806137,0.5542296767234802,0.47108015418052673,-0.0293465256690979,0.6111613512039185,0.4730251431465149,-0.0822807252407074,0.5879100561141968,0.4855421185493469,-0.1510288268327713,0.6199837327003479,0.5648086071014404,-0.053506039083004,0.6103646159172058,0.5734729170799255,-0.11001114547252655,0.6160584688186646,0.576851487159729,-0.05298197269439697,0.6075870394706726,0.5866609811782837,-0.10654319822788239,0.6344801187515259,0.5897261500358582,-0.09944497793912888,0.630353569984436,0.5957091450691223,-0.15363913774490356
0353,./images/8/frame_00353.jpg,Fall,0.5506066083908081,0.3381817936897278,-0.13941505551338196,0.5487242937088013,0.33153682947158813,-0.12829500436782837,0.5493132472038269,0.3308265209197998,-0.12834236025810242,0.5498826503753662,0.3301943242549896,-0.12840965390205383,0.546129584312439,0.3346012234687805,-0.13656264543533325,0.5448499917984009,0.33620405197143555,-0.13658450543880463,0.5434637069702148,0.33799853920936584,-0.1366160809993744,0.5494276881217957,0.334484338760376,-0.06723599135875702,0.5395103693008423,0.34541937708854675,-0.10349535942077637,0.5532597899436951,0.3440428376197815,-0.11575895547866821,0.5500137209892273,0.3478901982307434,-0.12639155983924866,0.5645068883895874,0.3702898621559143,-0.0066506750881671906,0.5332909822463989,0.386785089969635,-0.09630484879016876,0.5784994959831238,0.4169759452342987,0.009739219211041927,0.5475271344184875,0.4382737874984741,-0.11902370303869247,0.5903109312057495,0.4521268606185913,-0.035398632287979126,0.5731022953987122,0.444901704788208,-0.14701785147190094,0.5958099365234375,0.46205106377601624,-0.04544080048799515,0.5791785717010498,0.4511164426803589,-0.164154052734375,0.5946279168128967,0.4624873995780945,-0.058266330510377884,0.5803743600845337,0.4442177712917328,-0.16829974949359894,0.5909155607223511,0.4599769115447998,-0.0424838587641716,0.5783383846282959,0.44201669096946716,-0.14926955103874207,0.5726944208145142,0.45626285672187805,0.029530012980103493,0.5543129444122314,0.4705090820789337,-0.029413189738988876,0.6112192869186401,0.47244715690612793,-0.08779974281787872,0.588367223739624,0.49241921305656433,-0.1484920084476471,0.6198133826255798,0.5652157068252563,-0.04930134862661362,0.6103358864784241,0.5734829306602478,-0.09839190542697906,0.6160683035850525,0.5769019722938538,-0.048978447914123535,0.6076081991195679,0.586624264717102,-0.09500773996114731,0.6343626976013184,0.5895313024520874,-0.09663540124893188,0.6302674412727356,0.595748245716095,-0.1517985761165619
0354,./images/8/frame_00354.jpg,Fall,0.5499442219734192,0.33841532468795776,-0.08000408113002777,0.5482455492019653,0.33196189999580383,-0.06912490725517273,0.5489044785499573,0.3312637507915497,-0.06916727870702744,0.549554169178009,0.3306470215320587,-0.06923986226320267,0.5454758405685425,0.33504438400268555,-0.07617930322885513,0.5441426038742065,0.33664706349372864,-0.07617641240358353,0.5427027344703674,0.3383997082710266,-0.07619796693325043,0.5493055582046509,0.334582656621933,-0.013868371024727821,0.5389891862869263,0.34538087248802185,-0.04535505920648575,0.5527739524841309,0.3441024720668793,-0.05820394307374954,0.5493665933609009,0.3478914797306061,-0.06728177517652512,0.5645986199378967,0.3717581033706665,0.03710523992776871,0.532458484172821,0.3850923180580139,-0.052382536232471466,0.5778933167457581,0.41705232858657837,0.04632880911231041,0.5472043752670288,0.4379405975341797,-0.07128734886646271,0.590600311756134,0.45235857367515564,0.004824408795684576,0.5767315030097961,0.44646456837654114,-0.08195234835147858,0.5961417555809021,0.4622277021408081,-0.004304044879972935,0.5850707292556763,0.4536197781562805,-0.09459280967712402,0.5949992537498474,0.4624292254447937,-0.015003117732703686,0.5864624977111816,0.4470808804035187,-0.09504818171262741,0.5913169980049133,0.45993977785110474,-0.0012883831514045596,0.5836445689201355,0.44482654333114624,-0.08210836350917816,0.5729416608810425,0.45627886056900024,0.029594814404845238,0.554278552532196,0.4703715741634369,-0.029455548152327538,0.61127108335495,0.47117894887924194,-0.09124280512332916,0.5908207297325134,0.49247831106185913,-0.14919422566890717,0.6191939115524292,0.5656338930130005,-0.055236347019672394,0.610653817653656,0.5731719732284546,-0.10426918417215347,0.6160502433776855,0.576955258846283,-0.0541769377887249,0.6076713800430298,0.5863794684410095,-0.10070402920246124,0.634004533290863,0.5895881652832031,-0.10235166549682617,0.6305211782455444,0.5955365300178528,-0.1523975133895874
0355,./images/8/frame_00355.jpg,Fall,0.5485790967941284,0.33954545855522156,-0.12086303532123566,0.546973466873169,0.3325096666812897,-0.11126035451889038,0.5477198362350464,0.3315635621547699,-0.11130277067422867,0.5484517812728882,0.3307713270187378,-0.11135908216238022,0.543974757194519,0.3362918198108673,-0.11824558675289154,0.5425992608070374,0.33801737427711487,-0.11826227605342865,0.5411614179611206,0.3398084342479706,-0.11828724294900894,0.5486891269683838,0.33443742990493774,-0.05702617019414902,0.5377798676490784,0.34575188159942627,-0.08725877106189728,0.5520440936088562,0.34451907873153687,-0.0994499921798706,0.5483684539794922,0.3486451208591461,-0.1082531213760376,0.563143789768219,0.37166276574134827,0.002954841125756502,0.532509446144104,0.3849465250968933,-0.09148067235946655,0.5770186185836792,0.4154554605484009,0.017274484038352966,0.5486799478530884,0.43837273120880127,-0.10221264511346817,0.5904682278633118,0.449858695268631,-0.022656036540865898,0.5814153552055359,0.4504620432853699,-0.10026335716247559,0.5960628390312195,0.45989957451820374,-0.03126874193549156,0.5896958112716675,0.45907270908355713,-0.11424596607685089,0.5949598550796509,0.4597425162792206,-0.04230210930109024,0.5916032791137695,0.4523356854915619,-0.11368163675069809,0.5913989543914795,0.45718926191329956,-0.028875434771180153,0.5886086225509644,0.449497252702713,-0.10062632709741592,0.5726281404495239,0.455696702003479,0.029716383665800095,0.5542657971382141,0.4703863859176636,-0.0295792855322361,0.6113147735595703,0.47131776809692383,-0.0730649009346962,0.5935887098312378,0.4922572374343872,-0.14258506894111633,0.6187151670455933,0.5656558275222778,-0.03395654261112213,0.6115832328796387,0.5728520750999451,-0.09785155951976776,0.6145155429840088,0.578632116317749,-0.03228595480322838,0.608351469039917,0.5862758755683899,-0.09423219412565231,0.6336458921432495,0.5888115167617798,-0.07440492510795593,0.6311222314834595,0.5943071842193604,-0.13959188759326935
0356,./images/8/frame_00356.jpg,Fall,0.5474438667297363,0.33993709087371826,-0.02144993469119072,0.5460573434829712,0.3328658938407898,-0.010478617623448372,0.5468188524246216,0.33195069432258606,-0.010525842197239399,0.5475655198097229,0.33116453886032104,-0.010581810027360916,0.5430225133895874,0.33635184168815613,-0.01744680665433407,0.5416229963302612,0.3379291892051697,-0.017444804310798645,0.5401469469070435,0.33958593010902405,-0.017468610778450966,0.547633707523346,0.3344343900680542,0.03885907679796219,0.536705732345581,0.3455132246017456,0.008158372715115547,0.5507789850234985,0.34503838419914246,-0.002667758148163557,0.5469575524330139,0.34881964325904846,-0.01170408260077238,0.5620396733283997,0.3716728687286377,0.07546938955783844,0.532028317451477,0.3848513662815094,-0.019082318991422653,0.5772464871406555,0.4156862497329712,0.0723428726196289,0.5487915277481079,0.43154382705688477,-0.07320572435855865,0.5918832421302795,0.4479296803474426,0.03353767842054367,0.580009400844574,0.42579710483551025,-0.10535530745983124,0.5978513360023499,0.45665350556373596,0.02699749730527401,0.5876821279525757,0.4284752607345581,-0.11971797794103622,0.5968151688575745,0.455978661775589,0.01951753720641136,0.589002251625061,0.4205039441585541,-0.11754661798477173,0.5931792259216309,0.4540727734565735,0.028767753392457962,0.5865522623062134,0.42068710923194885,-0.1051044687628746,0.5725579857826233,0.45508265495300293,0.031175727024674416,0.5540896654129028,0.4693067669868469,-0.03105277754366398,0.6098195314407349,0.471666544675827,-0.07000647485256195,0.5936064720153809,0.4919276833534241,-0.1364300698041916,0.6186902523040771,0.565696120262146,-0.04828333854675293,0.6120740175247192,0.57254558801651,-0.10243816673755646,0.6146402955055237,0.5786322951316833,-0.04889815300703049,0.6088176369667053,0.5862913131713867,-0.09975846111774445,0.6336642503738403,0.58748859167099,-0.09027500450611115,0.6312864422798157,0.592445433139801,-0.14378032088279724
0357,./images/8/frame_00357.jpg,Fall,0.5480149388313293,0.33973801136016846,-0.056080322712659836,0.5463765263557434,0.33277618885040283,-0.045645006000995636,0.5470953583717346,0.3319074213504791,-0.04569215327501297,0.5478038787841797,0.33115142583847046,-0.04575199633836746,0.5433987379074097,0.33614131808280945,-0.05314812809228897,0.5419906377792358,0.3377165198326111,-0.05315343663096428,0.5404989719390869,0.33940473198890686,-0.05317573621869087,0.5476279854774475,0.3344413936138153,0.005604918580502272,0.5367759466171265,0.34570953249931335,-0.026718363165855408,0.5511869192123413,0.3449821174144745,-0.036278244107961655,0.5475128889083862,0.34876230359077454,-0.04586213082075119,0.5623142719268799,0.37233731150627136,0.05104900151491165,0.5320985913276672,0.38534653186798096,-0.038018446415662766,0.5772446393966675,0.4159125089645386,0.05961913615465164,0.5457753539085388,0.4284772276878357,-0.07283126562833786,0.591923713684082,0.4486495852470398,0.024446140974760056,0.5760480761528015,0.42853328585624695,-0.10264337062835693,0.5978968739509583,0.4576079547405243,0.01821480132639408,0.5834355354309082,0.431974321603775,-0.1164504736661911,0.5968433618545532,0.45685267448425293,0.008346980437636375,0.5834863185882568,0.4242675006389618,-0.11599798500537872,0.5932248830795288,0.4547610282897949,0.01899796724319458,0.5810901522636414,0.42388656735420227,-0.10292253643274307,0.5727292895317078,0.4551314413547516,0.029683511704206467,0.5541218519210815,0.46916529536247253,-0.029551729559898376,0.6090811491012573,0.471038818359375,-0.0921139344573021,0.5917037725448608,0.48986485600471497,-0.15258559584617615,0.6186789870262146,0.5656938552856445,-0.0703127384185791,0.6120544672012329,0.5707691311836243,-0.12170271575450897,0.6152260899543762,0.5772255659103394,-0.07065717875957489,0.60880446434021,0.5851023197174072,-0.11944852024316788,0.633745014667511,0.5874529480934143,-0.11929219961166382,0.6316713094711304,0.5919657349586487,-0.16986510157585144
0358,./images/8/frame_00358.jpg,Fall,0.5476894974708557,0.3401634693145752,-0.08639993518590927,0.5460625290870667,0.3329737186431885,-0.07495924830436707,0.5468115210533142,0.3320927619934082,-0.07500149309635162,0.5475519895553589,0.3313150703907013,-0.0750657394528389,0.5428969264030457,0.33627885580062866,-0.08225182443857193,0.54139643907547,0.3377903997898102,-0.08225853741168976,0.5398308038711548,0.33938977122306824,-0.08228201419115067,0.5472155213356018,0.33443549275398254,-0.017184332013130188,0.5359644293785095,0.3455796539783478,-0.04855251684784889,0.5508782863616943,0.3455048203468323,-0.06403487175703049,0.5470725297927856,0.34915536642074585,-0.07326991111040115,0.5626185536384583,0.3723771274089813,0.03722823038697243,0.5317118763923645,0.38669517636299133,-0.05148298665881157,0.577397882938385,0.41587546467781067,0.044042740017175674,0.5454636812210083,0.4302148222923279,-0.07953498512506485,0.5941411852836609,0.44495001435279846,-0.003262984799221158,0.5808854103088379,0.4363933503627777,-0.09810125827789307,0.6006229519844055,0.4524090588092804,-0.01234500017017126,0.5898984670639038,0.4405403435230255,-0.11168638616800308,0.5995639562606812,0.4522055685520172,-0.02236897125840187,0.5900222659111023,0.43294456601142883,-0.11245191097259521,0.5958190560340881,0.45082834362983704,-0.009281831793487072,0.587006688117981,0.43191224336624146,-0.09835999459028244,0.5730048418045044,0.4551164507865906,0.029744625091552734,0.5542740225791931,0.4690409302711487,-0.02961147204041481,0.6089771389961243,0.47010061144828796,-0.08781547844409943,0.5928147435188293,0.4884093403816223,-0.15049511194229126,0.6181589365005493,0.5651708245277405,-0.05553022027015686,0.6122913956642151,0.5696773529052734,-0.11057194322347641,0.6133432984352112,0.5772451162338257,-0.05312933772802353,0.608866810798645,0.5830193758010864,-0.10617989301681519,0.6336154341697693,0.5858640074729919,-0.10211886465549469,0.6322402954101562,0.5913174152374268,-0.16119284927845
0359,./images/8/frame_00359.jpg,Fall,0.5474682450294495,0.34044063091278076,-0.12842130661010742,0.5457003116607666,0.3332609534263611,-0.11765626817941666,0.5463793873786926,0.3323380649089813,-0.11769981682300568,0.5470426678657532,0.3315158486366272,-0.11776234954595566,0.5426841974258423,0.3366687297821045,-0.12543871998786926,0.5412218570709229,0.33821284770965576,-0.1254526823759079,0.539695143699646,0.33984965085983276,-0.12547889351844788,0.5465661287307739,0.334499329328537,-0.0595555379986763,0.5358284711837769,0.34607282280921936,-0.09332828223705292,0.5506346225738525,0.3456975221633911,-0.10580351203680038,0.5469552874565125,0.3496226966381073,-0.11562074720859528,0.5625935792922974,0.37251242995262146,0.0021961242891848087,0.5317420363426208,0.3877781331539154,-0.09332236647605896,0.577404797077179,0.41603952646255493,0.02042321301996708,0.5454518795013428,0.4313260316848755,-0.10384781658649445,0.5942187905311584,0.44409090280532837,-0.019885258749127388,0.5825985074043274,0.4437844455242157,-0.1032591238617897,0.600598931312561,0.4518219828605652,-0.02850964665412903,0.5911990404129028,0.4495117962360382,-0.11705775558948517,0.5997544527053833,0.451698899269104,-0.04072687774896622,0.5918989777565002,0.4429055154323578,-0.12110158056020737,0.5961005687713623,0.45010578632354736,-0.026664022356271744,0.5888471603393555,0.44094118475914,-0.10445741564035416,0.5730048418045044,0.4551728069782257,0.03100564517080784,0.5545259714126587,0.46950390934944153,-0.030886337161064148,0.6084694862365723,0.4703986346721649,-0.06887646019458771,0.5963842272758484,0.48901495337486267,-0.13380590081214905,0.6180749535560608,0.5649357438087463,-0.023399412631988525,0.6126282215118408,0.5690889358520508,-0.08426275849342346,0.6144441962242126,0.5761654376983643,-0.021166715770959854,0.6091976165771484,0.5823438167572021,-0.08021189272403717,0.633535623550415,0.584968626499176,-0.06528075039386749,0.6323100328445435,0.5905773043632507,-0.12712860107421875
0360,./images/8/frame_00360.jpg,Fall,0.5471889972686768,0.3403705358505249,-0.14437218010425568,0.5455556511878967,0.333286315202713,-0.13402606546878815,0.546264111995697,0.33241817355155945,-0.13406476378440857,0.5469529628753662,0.33163973689079285,-0.1341227889060974,0.5424915552139282,0.33656075596809387,-0.14222125709056854,0.5410288572311401,0.33808401226997375,-0.14224115014076233,0.5395053625106812,0.33971065282821655,-0.14227011799812317,0.546518862247467,0.3345431983470917,-0.0768282487988472,0.5357304811477661,0.3460196256637573,-0.11247414350509644,0.5503703951835632,0.3457808196544647,-0.1219421848654747,0.5465336441993713,0.34958595037460327,-0.13228532671928406,0.5620462894439697,0.37242555618286133,-0.0133069958537817,0.5318362712860107,0.3880407214164734,-0.11163555085659027,0.5768039226531982,0.4161015748977661,0.005869305692613125,0.5481287240982056,0.4381738305091858,-0.12419605255126953,0.592319905757904,0.44163864850997925,-0.03293577581644058,0.5831451416015625,0.44659844040870667,-0.12535858154296875,0.5980710387229919,0.4488834738731384,-0.041470371186733246,0.5919233560562134,0.45297443866729736,-0.13985547423362732,0.5977174043655396,0.4481428265571594,-0.053535837680101395,0.5930949449539185,0.4459174573421478,-0.14135581254959106,0.5945276021957397,0.44661593437194824,-0.039700206369161606,0.589847207069397,0.44364848732948303,-0.12575705349445343,0.5720779895782471,0.4544607400894165,0.03134769946336746,0.5545263886451721,0.46947818994522095,-0.0312370415776968,0.608211100101471,0.4705125093460083,-0.060084037482738495,0.5964946746826172,0.4887358844280243,-0.12760010361671448,0.6178373694419861,0.5636099576950073,-0.01741396263241768,0.6126077771186829,0.5686944127082825,-0.08155151456594467,0.6136694550514221,0.5761026740074158,-0.015514875762164593,0.6093755960464478,0.582266092300415,-0.07811132818460464,0.6333408951759338,0.5822747945785522,-0.058121539652347565,0.6322845220565796,0.5877318978309631,-0.12422911077737808
0361,./images/8/frame_00361.jpg,Fall,0.5469463467597961,0.3407558500766754,-0.07919564098119736,0.5453313589096069,0.33412185311317444,-0.07115714997053146,0.5459941029548645,0.33342403173446655,-0.0712088793516159,0.5466395020484924,0.33277639746665955,-0.07126667350530624,0.5425295233726501,0.33676397800445557,-0.0789933055639267,0.5411902666091919,0.3380921483039856,-0.07899677008390427,0.5397872924804688,0.3396119177341461,-0.07902827858924866,0.5459371209144592,0.3352089524269104,-0.027110615745186806,0.5360226631164551,0.34566783905029297,-0.06150159239768982,0.5498155355453491,0.3462243974208832,-0.060878604650497437,0.5463249087333679,0.34951677918434143,-0.07080427557229996,0.560822069644928,0.3725261688232422,0.026247020810842514,0.5319191217422485,0.38797295093536377,-0.07404135912656784,0.5750153660774231,0.4162888526916504,0.04387719929218292,0.5496917366981506,0.43947356939315796,-0.08216411620378494,0.5920367240905762,0.44206899404525757,0.010670358315110207,0.5821629166603088,0.45183706283569336,-0.08704151958227158,0.5980325937271118,0.4502706229686737,0.00537725817412138,0.5905061960220337,0.4596257507801056,-0.09983215481042862,0.59779953956604,0.4497666656970978,-0.006609419826418161,0.5916075706481934,0.4526130259037018,-0.10119412839412689,0.5945162773132324,0.44747522473335266,0.004325775895267725,0.5885967016220093,0.4499320983886719,-0.0874638482928276,0.5711466073989868,0.45514339208602905,0.03256455063819885,0.5543080568313599,0.4694680869579315,-0.03245830535888672,0.6059779524803162,0.47592929005622864,-0.04879666119813919,0.5977320671081543,0.488739013671875,-0.11418645083904266,0.6163349747657776,0.5636520981788635,-0.02085150219500065,0.6131289005279541,0.5674414038658142,-0.08790581673383713,0.6123459935188293,0.5785618424415588,-0.02752985991537571,0.6097107529640198,0.5823128819465637,-0.08556577563285828,0.632905125617981,0.5797462463378906,-0.07231619209051132,0.6320496797561646,0.5811196565628052,-0.128034308552742
0362,./images/8/frame_00362.jpg,Fall,0.5470601320266724,0.34033632278442383,-0.03889831528067589,0.545475959777832,0.33404287695884705,-0.028661083430051804,0.5461419820785522,0.3333412706851959,-0.028711747378110886,0.5467926859855652,0.332724928855896,-0.0287641491740942,0.5426695346832275,0.3365684151649475,-0.03479582816362381,0.5413392782211304,0.337772935628891,-0.03480280190706253,0.539954662322998,0.3391489088535309,-0.03482287377119064,0.5460882782936096,0.3354332447052002,0.019960636273026466,0.5361937284469604,0.3455198407173157,-0.006880707107484341,0.549810528755188,0.3461364507675171,-0.020387370139360428,0.5462371110916138,0.3489578068256378,-0.028300821781158447,0.561119794845581,0.3730641305446625,0.05600535124540329,0.5310437083244324,0.38793331384658813,-0.02142506279051304,0.5752032995223999,0.41702303290367126,0.053888045251369476,0.5473301410675049,0.4255380928516388,-0.0769132673740387,0.5914667844772339,0.44352585077285767,0.017342139035463333,0.5633957982063293,0.40114542841911316,-0.11923445761203766,0.597579300403595,0.451580673456192,0.011625153943896294,0.5679957270622253,0.39422327280044556,-0.13356861472129822,0.5963332653045654,0.4526175558567047,0.0035728360526263714,0.565639853477478,0.3882385194301605,-0.13038280606269836,0.5927894711494446,0.4504086375236511,0.012695230543613434,0.5648213624954224,0.3915663957595825,-0.11915316432714462,0.5712697505950928,0.4551698565483093,0.030139649286866188,0.5534750819206238,0.4697333574295044,-0.030038580298423767,0.606490969657898,0.4737480580806732,-0.07760051637887955,0.5927473902702332,0.4876144826412201,-0.12288336455821991,0.6170430779457092,0.5607422590255737,-0.06782220304012299,0.6120897531509399,0.5665662884712219,-0.1005718931555748,0.6144641041755676,0.5762556195259094,-0.06956090033054352,0.608762800693512,0.5816237330436707,-0.09885411709547043,0.6332675814628601,0.578804612159729,-0.11520961672067642,0.6313785314559937,0.5807616114616394,-0.14353172481060028
0363,./images/8/frame_00363.jpg,Fall,0.5470720529556274,0.33937370777130127,0.014692917466163635,0.5454806089401245,0.3338092565536499,0.026379292830824852,0.5461457967758179,0.33324259519577026,0.026336854323744774,0.5468037724494934,0.33271440863609314,0.026294657960534096,0.5426889657974243,0.33593612909317017,0.019872242584824562,0.5413712859153748,0.3370659351348877,0.019867751747369766,0.5400102138519287,0.33839038014411926,0.019841767847537994,0.5461325645446777,0.3354741036891937,0.07341121882200241,0.5363041162490845,0.34528473019599915,0.04447295516729355,0.5497134327888489,0.34557774662971497,0.03182844817638397,0.5462337136268616,0.3481920659542084,0.02329985424876213,0.561233639717102,0.3741671144962311,0.09677451103925705,0.5305848717689514,0.3871797025203705,0.013583356514573097,0.5754307508468628,0.41705626249313354,0.077293261885643,0.5435829162597656,0.4270972013473511,-0.06415097415447235,0.5907479524612427,0.4442082345485687,0.03271976113319397,0.5593339204788208,0.4026360809803009,-0.12044988572597504,0.5968829989433289,0.45244264602661133,0.02641211450099945,0.564100980758667,0.3986656963825226,-0.13509884476661682,0.5955958962440491,0.45306336879730225,0.0208250992000103,0.562727153301239,0.39218810200691223,-0.130447655916214,0.5919642448425293,0.4509198069572449,0.02866942808032036,0.5615729093551636,0.3948177695274353,-0.1198158711194992,0.5712921023368835,0.4549104869365692,0.030122634023427963,0.5529454350471497,0.46900227665901184,-0.030026495456695557,0.6066881418228149,0.4713682532310486,-0.07725214213132858,0.5873335599899292,0.4806523323059082,-0.1279873549938202,0.6171198487281799,0.5596312880516052,-0.0845811516046524,0.611625611782074,0.5655248165130615,-0.12307991832494736,0.6140587329864502,0.5758488774299622,-0.0879872590303421,0.608331561088562,0.58103346824646,-0.12298616021871567,0.6344031095504761,0.5774562358856201,-0.1308503895998001,0.6313804388046265,0.5795542001724243,-0.166185200214386
0364,./images/8/frame_00364.jpg,Fall,0.5471776723861694,0.3371267318725586,-0.02887992188334465,0.545525074005127,0.3323938548564911,-0.018464345484972,0.5461501479148865,0.33210745453834534,-0.018506627529859543,0.5467625856399536,0.33180156350135803,-0.018559707328677177,0.5427764654159546,0.33421966433525085,-0.027497703209519386,0.5414612889289856,0.33539336919784546,-0.02749798260629177,0.5400965809822083,0.33679646253585815,-0.027531733736395836,0.5458548069000244,0.33546921610832214,0.028000006452202797,0.5363891124725342,0.3444127142429352,-0.010684746317565441,0.5498535633087158,0.3441389501094818,-0.011094854213297367,0.5463670492172241,0.3466954231262207,-0.022811559960246086,0.5612787008285522,0.3741021454334259,0.0662759467959404,0.5305506587028503,0.3871510922908783,-0.02631540596485138,0.5752061605453491,0.4176493287086487,0.07751026749610901,0.5443783402442932,0.43309882283210754,-0.07991261780261993,0.590620756149292,0.44616255164146423,0.05496419593691826,0.5651779770851135,0.4413653016090393,-0.11715078353881836,0.5966570377349854,0.4539090394973755,0.053013820201158524,0.5718796253204346,0.4489852786064148,-0.13174539804458618,0.5957258343696594,0.45433634519577026,0.044333189725875854,0.5760878324508667,0.44219982624053955,-0.1295914202928543,0.5920959115028381,0.4526151418685913,0.05013377591967583,0.5738755464553833,0.43990418314933777,-0.11699732393026352,0.5713353753089905,0.45461586117744446,0.03067750856280327,0.55338454246521,0.46902498602867126,-0.030588556081056595,0.6068258881568909,0.46986979246139526,-0.08019669353961945,0.5840126872062683,0.47941187024116516,-0.14385125041007996,0.6171861886978149,0.5585376620292664,-0.0760282576084137,0.6103185415267944,0.5653953552246094,-0.11984876543283463,0.6165310144424438,0.5742730498313904,-0.07776595652103424,0.607458233833313,0.5807476043701172,-0.11798383295536041,0.6346369981765747,0.5750685930252075,-0.12340547889471054,0.630878210067749,0.5790789127349854,-0.1642720103263855
0365,./images/8/frame_00365.jpg,Fall,0.547762930393219,0.33781296014785767,-0.00445335078984499,0.5460923910140991,0.3329579532146454,0.00669741490855813,0.5467334985733032,0.33267349004745483,0.006650252733379602,0.5473378896713257,0.33236756920814514,0.006603681482374668,0.5432927012443542,0.3349156081676483,-0.0011143526062369347,0.541984498500824,0.3361585736274719,-0.0011240728199481964,0.5406360626220703,0.33762314915657043,-0.0011415056651458144,0.5461437106132507,0.336279034614563,0.05401512235403061,0.5369336605072021,0.34454914927482605,0.019002800807356834,0.5500854849815369,0.34478628635406494,0.013171848841011524,0.5466131567955017,0.3475741744041443,0.002883817534893751,0.5614343881607056,0.3742816150188446,0.08175830543041229,0.5305823087692261,0.3871450126171112,-0.003863312304019928,0.575271725654602,0.4170796573162079,0.07879035174846649,0.5412648320198059,0.42280277609825134,-0.08162187039852142,0.588912308216095,0.4450857937335968,0.04276450350880623,0.5499587655067444,0.3823912441730499,-0.14536826312541962,0.596723735332489,0.4519309103488922,0.039248596876859665,0.5526382327079773,0.37282663583755493,-0.16126608848571777,0.5957737565040588,0.45233845710754395,0.03158235922455788,0.5512694120407104,0.36710602045059204,-0.15572796761989594,0.5921550989151001,0.45114609599113464,0.03832798823714256,0.5511049628257751,0.3712519407272339,-0.14477033913135529,0.5713462829589844,0.45441871881484985,0.030927306041121483,0.5530757308006287,0.4684349596500397,-0.03085085190832615,0.6069137454032898,0.47163161635398865,-0.05231816694140434,0.5853422284126282,0.48304468393325806,-0.1143893152475357,0.6167815327644348,0.5582560896873474,-0.052218396216630936,0.6104015111923218,0.5633255243301392,-0.09888710081577301,0.6141818761825562,0.5743077397346497,-0.054599471390247345,0.6076077222824097,0.5782444477081299,-0.09804786741733551,0.6344937682151794,0.571189284324646,-0.09052666276693344,0.6309427618980408,0.5751063227653503,-0.137846902012825
0366,./images/8/frame_00366.jpg,Fall,0.548115074634552,0.3386424481868744,-0.029317010194063187,0.5462980270385742,0.3336077332496643,-0.019158590584993362,0.5469173789024353,0.33337831497192383,-0.019205700606107712,0.5474871397018433,0.33313271403312683,-0.019255470484495163,0.5435509085655212,0.3355150520801544,-0.027075370773673058,0.5422973036766052,0.336762398481369,-0.027079224586486816,0.5410059094429016,0.338159441947937,-0.02711227536201477,0.546180248260498,0.33736610412597656,0.027525505051016808,0.5375759601593018,0.3448418378829956,-0.007085427641868591,0.5502136945724487,0.34559422731399536,-0.011498140171170235,0.5468059182167053,0.3483021557331085,-0.021730482578277588,0.5613942742347717,0.3741021454334259,0.06468622386455536,0.5306058526039124,0.3870182931423187,-0.018735246732831,0.5752056837081909,0.4161534309387207,0.06709985435009003,0.5458317995071411,0.4249119758605957,-0.0760527029633522,0.5862258672714233,0.44488799571990967,0.03248322755098343,0.5734744071960449,0.4235033690929413,-0.09637688100337982,0.5939292907714844,0.4525057077407837,0.0280124694108963,0.5813977122306824,0.4303828775882721,-0.10945598781108856,0.5932044982910156,0.4523888826370239,0.019581256434321404,0.5827255845069885,0.42453688383102417,-0.10665003210306168,0.5899841785430908,0.4513307213783264,0.027646536007523537,0.5799436569213867,0.42291370034217834,-0.0954410582780838,0.5713227391242981,0.4541950225830078,0.03154335170984268,0.5535130500793457,0.4683702290058136,-0.03146231174468994,0.6069888472557068,0.47163209319114685,-0.041917186230421066,0.5881803035736084,0.48340344429016113,-0.11674897372722626,0.6168097257614136,0.5566219091415405,-0.03006311133503914,0.6104939579963684,0.5595617890357971,-0.09167508035898209,0.6162342429161072,0.5708650946617126,-0.031084463000297546,0.6078835129737854,0.5749759078025818,-0.08997742086648941,0.6348146200180054,0.568602979183197,-0.06831193715333939,0.6300644874572754,0.5686380863189697,-0.13205228745937347
0367,./images/8/frame_00367.jpg,Fall,0.5492395162582397,0.3392121195793152,-0.05517800897359848,0.5472152233123779,0.33405545353889465,-0.0456751212477684,0.5478066802024841,0.33368393778800964,-0.04572688788175583,0.5483325123786926,0.3333313763141632,-0.04578987509012222,0.5444681644439697,0.3364253640174866,-0.05354128032922745,0.5431827902793884,0.3378521502017975,-0.05354132503271103,0.541814923286438,0.33945411443710327,-0.05356766656041145,0.546951949596405,0.33754676580429077,0.0012947551440447569,0.5382943749427795,0.34596574306488037,-0.03294157236814499,0.5514951944351196,0.3457002341747284,-0.03668332099914551,0.547981858253479,0.34895846247673035,-0.04668622463941574,0.5614391565322876,0.3740116059780121,0.04641370102763176,0.5311832427978516,0.38681480288505554,-0.0435309000313282,0.5747357606887817,0.4152226746082306,0.06595338881015778,0.5467826128005981,0.43393608927726746,-0.06988360732793808,0.5859187841415405,0.44491827487945557,0.028325552120804787,0.5748240947723389,0.4526546895503998,-0.08296072483062744,0.5918697118759155,0.4527572691440582,0.023409463465213776,0.5820043683052063,0.46309882402420044,-0.09541831910610199,0.5912714600563049,0.4526905119419098,0.014516388066112995,0.5842564702033997,0.4573100209236145,-0.09594281017780304,0.5881295800209045,0.45142367482185364,0.023229192942380905,0.5817517042160034,0.4536070227622986,-0.08314965665340424,0.5718134641647339,0.4538348317146301,0.031027084216475487,0.5542071461677551,0.46827104687690735,-0.03092935122549534,0.6070700287818909,0.47001034021377563,-0.053014736622571945,0.5891228914260864,0.4824569821357727,-0.12790241837501526,0.6178169846534729,0.5539858937263489,-0.039348188787698746,0.6105075478553772,0.5597220659255981,-0.10406092554330826,0.6161211729049683,0.5702683329582214,-0.04024909436702728,0.6087530255317688,0.5744493007659912,-0.1023249477148056,0.6355037093162537,0.5668945908546448,-0.08000247180461884,0.6300079226493835,0.569115400314331,-0.1443285048007965
0368,./images/8/frame_00368.jpg,Fall,0.549811601638794,0.34143874049186707,0.014672605320811272,0.5478941202163696,0.33530062437057495,0.026009436696767807,0.5485528707504272,0.33488577604293823,0.025960605591535568,0.549156904220581,0.3345092236995697,0.025915082544088364,0.5449867248535156,0.3377789258956909,0.018827499821782112,0.5436606407165527,0.3392237424850464,0.018819201737642288,0.5422906875610352,0.34078896045684814,0.0187874473631382,0.5480207204818726,0.3383345901966095,0.0715327262878418,0.5387839674949646,0.3471635580062866,0.039574943482875824,0.552092969417572,0.34792560338974,0.03137549012899399,0.5485266447067261,0.3515147268772125,0.02196529135107994,0.5617269277572632,0.3741633892059326,0.09009262919425964,0.5311973094940186,0.38706174492836,0.012509247288107872,0.5751495361328125,0.4152809977531433,0.07587561756372452,0.5415886640548706,0.4198867380619049,-0.06912443041801453,0.5865646004676819,0.4428228735923767,0.03404903784394264,0.5477241277694702,0.38082155585289,-0.12872573733329773,0.5927995443344116,0.44994986057281494,0.028944576159119606,0.5492002367973328,0.37182825803756714,-0.14376214146614075,0.5919920206069946,0.44988876581192017,0.02360505610704422,0.5479305982589722,0.3674249053001404,-0.13816386461257935,0.5886975526809692,0.4487253725528717,0.03032534383237362,0.54827880859375,0.37146738171577454,-0.12814219295978546,0.5725183486938477,0.4537401795387268,0.029243770986795425,0.5544120669364929,0.46681642532348633,-0.029175449162721634,0.607016384601593,0.46877357363700867,-0.05702320858836174,0.5894720554351807,0.47802650928497314,-0.12734180688858032,0.6179808378219604,0.5503600239753723,-0.057929664850234985,0.6102867722511292,0.5552021861076355,-0.10697390139102936,0.6160692572593689,0.567405641078949,-0.06004960462450981,0.6083617210388184,0.5707725882530212,-0.1049685925245285,0.6354970932006836,0.5639059543609619,-0.09775783121585846,0.6288105249404907,0.5645912885665894,-0.14400523900985718
0369,./images/8/frame_00369.jpg,Fall,0.5497997999191284,0.33922913670539856,-0.0041801403276622295,0.5478631854057312,0.3339391350746155,0.0071626948192715645,0.5484532117843628,0.3337099552154541,0.007110616657882929,0.5488753914833069,0.33348608016967773,0.007061952259391546,0.5450454354286194,0.3358252942562103,-0.00029597312095575035,0.5437701344490051,0.33710697293281555,-0.00030458273249678314,0.5424387454986572,0.33854836225509644,-0.00032502011163160205,0.5472412705421448,0.33822473883628845,0.0551319345831871,0.5388145446777344,0.34577685594558716,0.02184176817536354,0.5519397258758545,0.34620314836502075,0.013430359773337841,0.5485154986381531,0.34938955307006836,0.003634367836639285,0.5617498159408569,0.37377575039863586,0.0800432339310646,0.5311722159385681,0.3870547413825989,-0.0008799112401902676,0.5756629705429077,0.4145493507385254,0.06964442878961563,0.5407275557518005,0.42257702350616455,-0.07841850817203522,0.5878523588180542,0.44124835729599,0.017529239878058434,0.5508500933647156,0.3917572796344757,-0.1513880342245102,0.5938457250595093,0.4482876658439636,0.011740252375602722,0.5539708733558655,0.3861332833766937,-0.16843555867671967,0.5925000309944153,0.44828084111213684,0.00426938571035862,0.5525087714195251,0.3803599774837494,-0.16288235783576965,0.5891684293746948,0.44701051712036133,0.01296391524374485,0.552018404006958,0.3834068179130554,-0.1508735716342926,0.5725015997886658,0.4538188576698303,0.029102107509970665,0.5546542406082153,0.4672221839427948,-0.029025796800851822,0.6071110963821411,0.46650707721710205,-0.06687042117118835,0.5867785215377808,0.4726683795452118,-0.13562260568141937,0.6181029081344604,0.5488635301589966,-0.0655258446931839,0.6088553667068481,0.5478888750076294,-0.1152162104845047,0.6160413026809692,0.5646179914474487,-0.06794595718383789,0.6078091859817505,0.5599401593208313,-0.1135476604104042,0.6357151865959167,0.5620920062065125,-0.1108405590057373,0.6246913075447083,0.5638500452041626,-0.15497079491615295
0370,./images/8/frame_00370.jpg,Fall,0.5498261451721191,0.339042991399765,-0.13188694417476654,0.5478321313858032,0.33385932445526123,-0.1224619522690773,0.5484125018119812,0.33364951610565186,-0.12249474227428436,0.5488488078117371,0.3334450125694275,-0.12255503982305527,0.5450809001922607,0.3357163071632385,-0.13170446455478668,0.54381263256073,0.33700793981552124,-0.13173143565654755,0.5425079464912415,0.33845254778862,-0.13176563382148743,0.5472434759140015,0.33811283111572266,-0.07064422965049744,0.5389752984046936,0.34573885798454285,-0.11163989454507828,0.5519304871559143,0.3459114134311676,-0.11140938848257065,0.548543393611908,0.3489701747894287,-0.12333895266056061,0.5618184208869934,0.3736538887023926,-0.013832521624863148,0.5317482352256775,0.38934293389320374,-0.11437992006540298,0.5756375193595886,0.41498130559921265,0.008670755662024021,0.5439391136169434,0.43984952569007874,-0.13230815529823303,0.5881342887878418,0.44147542119026184,-0.020027443766593933,0.5772433280944824,0.44790616631507874,-0.13978740572929382,0.5940679311752319,0.4489898383617401,-0.025459397584199905,0.5859227180480957,0.4561176598072052,-0.15432272851467133,0.5932337641716003,0.4489957094192505,-0.03669241443276405,0.5884953141212463,0.44796785712242126,-0.15301397442817688,0.5900763869285583,0.4476156532764435,-0.026077162474393845,0.5850985050201416,0.44503656029701233,-0.13933022320270538,0.5720491409301758,0.4535490572452545,0.02921932004392147,0.5547876358032227,0.46866488456726074,-0.02914046309888363,0.6071174144744873,0.4626268744468689,-0.06766394525766373,0.5865809321403503,0.4727669954299927,-0.1461334079504013,0.6181910634040833,0.5458934307098389,-0.029429560527205467,0.6039075255393982,0.5496365427970886,-0.08974603563547134,0.615967869758606,0.5622152090072632,-0.027500828728079796,0.602215588092804,0.560383677482605,-0.08398482203483582,0.6357107162475586,0.5589306950569153,-0.07053400576114655,0.6220672726631165,0.5706201195716858,-0.1258167028427124
0371,./images/8/frame_00371.jpg,Fall,0.5506448745727539,0.34242501854896545,-0.14917245507240295,0.5487047433853149,0.33575594425201416,-0.1386059820652008,0.5493728518486023,0.3353155255317688,-0.1386452317237854,0.5499510765075684,0.3348805606365204,-0.1387106478214264,0.5457013845443726,0.33808621764183044,-0.14686928689479828,0.5443214774131775,0.3395111858844757,-0.14690275490283966,0.5429381132125854,0.3410315215587616,-0.146934375166893,0.548957347869873,0.33927375078201294,-0.07976558059453964,0.5394079685211182,0.3478437662124634,-0.11617034673690796,0.5528792142868042,0.3488101363182068,-0.12600311636924744,0.54938805103302,0.3520679473876953,-0.1366521716117859,0.5625735521316528,0.373565137386322,-0.02099335379898548,0.5322088003158569,0.3912413418292999,-0.10976646095514297,0.5764349699020386,0.41471922397613525,-0.0027344687841832638,0.5469163656234741,0.4449586272239685,-0.12221477925777435,0.5876070857048035,0.44124650955200195,-0.03775623440742493,0.5808622241020203,0.4467346966266632,-0.1318589150905609,0.5924721956253052,0.44919121265411377,-0.04573344439268112,0.5896087288856506,0.4525694251060486,-0.14651741087436676,0.5917989611625671,0.44830355048179626,-0.056403905153274536,0.5909494161605835,0.444124698638916,-0.1441165655851364,0.588840663433075,0.44637078046798706,-0.04363993555307388,0.5875073671340942,0.441964715719223,-0.1313677281141281,0.5720542669296265,0.453581839799881,0.02605806291103363,0.5535497665405273,0.47041499614715576,-0.025952572003006935,0.607606828212738,0.45934468507766724,-0.08970562368631363,0.5818732380867004,0.4715011715888977,-0.16176030039787292,0.6186163425445557,0.543592095375061,-0.038628317415714264,0.6027960777282715,0.5465488433837891,-0.09544378519058228,0.6169153451919556,0.557829737663269,-0.03650830313563347,0.6020867824554443,0.5555282831192017,-0.09145202487707138,0.6356977820396423,0.5586601495742798,-0.08168249577283859,0.6212249994277954,0.5708652138710022,-0.12987035512924194
0372,./images/8/frame_00372.jpg,Fall,0.5518525838851929,0.34281355142593384,-0.10597696155309677,0.5496858954429626,0.33605411648750305,-0.09631988406181335,0.5502188205718994,0.33564868569374084,-0.09636124968528748,0.5507071614265442,0.3352409899234772,-0.09641274064779282,0.5469402074813843,0.3381517231464386,-0.10515022277832031,0.5455445051193237,0.33947840332984924,-0.10517127811908722,0.5440882444381714,0.3409329652786255,-0.10520396381616592,0.5494759678840637,0.3396720290184021,-0.04428351670503616,0.5403478741645813,0.3476680815219879,-0.0835099071264267,0.5538298487663269,0.3494293987751007,-0.08555500209331512,0.5505176782608032,0.35218629240989685,-0.09691835939884186,0.563231885433197,0.37396150827407837,0.0062023913487792015,0.5322304964065552,0.39127522706985474,-0.08663981407880783,0.5775929093360901,0.4142118990421295,0.012771561741828918,0.5449545979499817,0.44636744260787964,-0.10646126419305801,0.5927489399909973,0.43769723176956177,-0.04441476985812187,0.578581690788269,0.4531223773956299,-0.11390738189220428,0.5991655588150024,0.44452404975891113,-0.05560566857457161,0.5863271951675415,0.4612627625465393,-0.1287497580051422,0.5982536673545837,0.443548321723938,-0.06667955219745636,0.5878276824951172,0.45486482977867126,-0.1299746334552765,0.5944367051124573,0.44249632954597473,-0.05120621994137764,0.5844892263412476,0.45049047470092773,-0.11389446258544922,0.5725048780441284,0.45426902174949646,0.02676492929458618,0.5539039373397827,0.47273093461990356,-0.02666400745511055,0.6078034043312073,0.45781558752059937,-0.08171740174293518,0.5831668376922607,0.46900540590286255,-0.15792420506477356,0.6186635494232178,0.5413858890533447,-0.03136075288057327,0.6026865243911743,0.5399565696716309,-0.08785933256149292,0.6175099015235901,0.5547196865081787,-0.029270604252815247,0.601486086845398,0.5483986139297485,-0.08098721504211426,0.635631799697876,0.5577433705329895,-0.07096858322620392,0.6204532980918884,0.5668530464172363,-0.11789046227931976
0373,./images/8/frame_00373.jpg,Fall,0.5523052215576172,0.3448633551597595,-0.11713185161352158,0.5505934357643127,0.3375466763973236,-0.10737694799900055,0.5512346029281616,0.3370763659477234,-0.10741806030273438,0.5518249273300171,0.3365969955921173,-0.10747939348220825,0.5476158261299133,0.33953121304512024,-0.11496946960687637,0.546147346496582,0.34064823389053345,-0.11498799175024033,0.5445888638496399,0.34184738993644714,-0.11501729488372803,0.5509931445121765,0.3403923809528351,-0.052311450242996216,0.5408234596252441,0.3478766977787018,-0.08647747337818146,0.5544083714485168,0.3516319990158081,-0.09532366693019867,0.550910472869873,0.35426777601242065,-0.1053144782781601,0.56403648853302,0.37398195266723633,-0.004584910348057747,0.532028317451477,0.3911767303943634,-0.08269350230693817,0.5785818099975586,0.4143199920654297,0.0006058094440959394,0.5469761490821838,0.44624000787734985,-0.10600487887859344,0.5941101908683777,0.438446044921875,-0.042887523770332336,0.5758694410324097,0.43253859877586365,-0.12258337438106537,0.6004692912101746,0.4454313814640045,-0.0503716766834259,0.583187460899353,0.432736337184906,-0.1343664824962616,0.5994513034820557,0.4446040689945221,-0.05955081060528755,0.5841701626777649,0.425978422164917,-0.13589763641357422,0.5956655144691467,0.4434162676334381,-0.048018019646406174,0.5814184546470642,0.42639923095703125,-0.12268074601888657,0.5724982023239136,0.4513181447982788,0.0256049744784832,0.5539195537567139,0.4718139171600342,-0.025546571239829063,0.6075243353843689,0.45416122674942017,-0.0766846090555191,0.5819776058197021,0.4703545868396759,-0.1601153314113617,0.617736279964447,0.5329791903495789,-0.0245981328189373,0.599825918674469,0.5346360802650452,-0.07788868248462677,0.6172565817832947,0.5462894439697266,-0.02141394652426243,0.5983098745346069,0.5414698123931885,-0.06943319737911224,0.6338397264480591,0.552388608455658,-0.06164542958140373,0.6185157895088196,0.5609347224235535,-0.10500772297382355
0374,./images/8/frame_00374.jpg,Fall,0.552932858467102,0.344796746969223,-0.13758890330791473,0.5511983633041382,0.3374207317829132,-0.12816068530082703,0.5516976118087769,0.3369445502758026,-0.12820076942443848,0.5521549582481384,0.3364657759666443,-0.12825854122638702,0.5484840869903564,0.33939701318740845,-0.1378183662891388,0.5469923615455627,0.3405035436153412,-0.137844055891037,0.54537433385849,0.34170398116111755,-0.1378682553768158,0.5506981015205383,0.340226411819458,-0.07352844625711441,0.541115403175354,0.34757816791534424,-0.11696313321590424,0.5545972585678101,0.35147884488105774,-0.1157296672463417,0.5513229370117188,0.3539542853832245,-0.1283801794052124,0.5621013045310974,0.371211975812912,-0.01952149160206318,0.5320298075675964,0.3909023404121399,-0.11286614090204239,0.5781745910644531,0.41055828332901,-0.005395209416747093,0.5504764318466187,0.44347745180130005,-0.12274663150310516,0.5893250703811646,0.43603095412254333,-0.04313715919852257,0.5811365246772766,0.4359375834465027,-0.12287452071905136,0.5938664674758911,0.44464582204818726,-0.05104459449648857,0.5892504453659058,0.43954235315322876,-0.13527701795101166,0.592420220375061,0.44284969568252563,-0.060965389013290405,0.5897671580314636,0.4320610463619232,-0.13661429286003113,0.5897316336631775,0.4408917725086212,-0.04853814095258713,0.5866384506225586,0.4310126006603241,-0.12280794233083725,0.5715792775154114,0.4496690630912781,0.02581327222287655,0.5539271831512451,0.4716155529022217,-0.025730738416314125,0.6073218584060669,0.4534949064254761,-0.056644510477781296,0.5815826654434204,0.47015100717544556,-0.15396526455879211,0.6177077293395996,0.5332315564155579,-0.0039237141609191895,0.6001229286193848,0.5378846526145935,-0.07635059952735901,0.617190957069397,0.5464507341384888,-0.0005500075640156865,0.5981581807136536,0.5454956889152527,-0.06881111860275269,0.6339164972305298,0.5524715185165405,-0.038020990788936615,0.618963360786438,0.5633520483970642,-0.103825643658638
0375,./images/8/frame_00375.jpg,Fall,0.5516188740730286,0.34576860070228577,-0.029691021889448166,0.5510372519493103,0.33815351128578186,-0.02075021341443062,0.5516417622566223,0.3377288281917572,-0.020796429365873337,0.5520275831222534,0.33727556467056274,-0.02085534669458866,0.5484558343887329,0.3397538363933563,-0.02706354483962059,0.5467911958694458,0.34063658118247986,-0.027058934792876244,0.5451394319534302,0.3416697382926941,-0.02709364891052246,0.5504897832870483,0.34017133712768555,0.023490387946367264,0.5412997603416443,0.34652388095855713,-0.005273038521409035,0.5534926652908325,0.3520825505256653,-0.01262560673058033,0.5506208539009094,0.3540291488170624,-0.021066676825284958,0.5612273216247559,0.37016624212265015,0.04370822384953499,0.5321214199066162,0.38717955350875854,-0.01059151254594326,0.5781847238540649,0.40527674555778503,0.01912965252995491,0.5430563688278198,0.42960578203201294,-0.0620996430516243,0.5877387523651123,0.418756365776062,-0.02741151675581932,0.5584157705307007,0.39935481548309326,-0.10499502718448639,0.5919573903083801,0.42387211322784424,-0.035592980682849884,0.5635250210762024,0.39320653676986694,-0.11630608886480331,0.5901339054107666,0.42056095600128174,-0.04573072865605354,0.561388373374939,0.3877638876438141,-0.11321236938238144,0.5876255631446838,0.4200660288333893,-0.03274096921086311,0.5604673624038696,0.39054009318351746,-0.10436104238033295,0.5715855956077576,0.4465198814868927,0.022460896521806717,0.5538995862007141,0.4613477885723114,-0.022419219836592674,0.6065887808799744,0.45723703503608704,-0.056833505630493164,0.5825478434562683,0.4687749743461609,-0.11693763732910156,0.6162395477294922,0.5312227606773376,-0.015958748757839203,0.6013869047164917,0.5339815616607666,-0.05661768838763237,0.6160151958465576,0.5439194440841675,-0.01353255845606327,0.599471926689148,0.5423527359962463,-0.050293248146772385,0.6304455399513245,0.5504286289215088,-0.05111651495099068,0.6193734407424927,0.5579146146774292,-0.08497543632984161
0376,./images/8/frame_00376.jpg,Fall,0.5529005527496338,0.3456982374191284,-0.1719321757555008,0.5516504049301147,0.33802756667137146,-0.16290506720542908,0.5521529912948608,0.3376276195049286,-0.16293731331825256,0.5525555610656738,0.33722275495529175,-0.16299781203269958,0.5491398572921753,0.33972084522247314,-0.17338725924491882,0.5476382970809937,0.34068623185157776,-0.17342153191566467,0.5461091995239258,0.34177887439727783,-0.1734485626220703,0.5510654449462891,0.3402288556098938,-0.10816625505685806,0.5422822833061218,0.34657615423202515,-0.1559687852859497,0.554360032081604,0.3525523245334625,-0.150108203291893,0.5515714883804321,0.35433340072631836,-0.1640065610408783,0.5616996884346008,0.3721402585506439,-0.05123211815953255,0.5327082872390747,0.38927116990089417,-0.14740607142448425,0.5786242485046387,0.40913522243499756,-0.03302396088838577,0.5504229068756104,0.43461737036705017,-0.1592032015323639,0.5955499410629272,0.4243791699409485,-0.06688947975635529,0.5837207436561584,0.4231853485107422,-0.164193794131279,0.6017892956733704,0.4274061918258667,-0.07413850724697113,0.5929292440414429,0.4259926378726959,-0.1794571429491043,0.6017876267433167,0.4239102303981781,-0.0860990360379219,0.5932645797729492,0.4157971739768982,-0.1795106828212738,0.5982155799865723,0.42507240176200867,-0.07315876334905624,0.5896956920623779,0.4151516854763031,-0.16414175927639008,0.5713691115379333,0.44745326042175293,0.025150248780846596,0.5542699694633484,0.4672794044017792,-0.025160619989037514,0.6088544130325317,0.45411762595176697,-0.05609465390443802,0.5847018957138062,0.4695777893066406,-0.14576652646064758,0.6199916005134583,0.5243051052093506,0.002560962922871113,0.6013535261154175,0.5287031531333923,-0.04860784485936165,0.6175024509429932,0.5370104908943176,0.007068573031574488,0.5988563895225525,0.5349948406219482,-0.038152363151311874,0.6307729482650757,0.5467336177825928,-0.027792204171419144,0.6175186038017273,0.5509606599807739,-0.06412909179925919
0377,./images/8/frame_00377.jpg,Fall,0.5528134107589722,0.3454270362854004,0.010027609765529633,0.5515662431716919,0.33789557218551636,0.022508077323436737,0.5519958734512329,0.3375002443790436,0.02245354652404785,0.5523701310157776,0.3371283710002899,0.022405946627259254,0.549339771270752,0.33967986702919006,0.014588914811611176,0.5480645895004272,0.34055158495903015,0.014594731852412224,0.5467888712882996,0.34151944518089294,0.014567697420716286,0.5508688688278198,0.34030064940452576,0.07277614623308182,0.5429601669311523,0.3460489511489868,0.0366000160574913,0.5542742013931274,0.35223129391670227,0.028185341507196426,0.5514023303985596,0.3542381227016449,0.01758023537695408,0.5618847012519836,0.3736085593700409,0.09093564748764038,0.5327985286712646,0.38924598693847656,0.00949790608137846,0.5789788365364075,0.40978750586509705,0.06505966931581497,0.5495162010192871,0.43277591466903687,-0.05755867436528206,0.5969246625900269,0.4270641803741455,0.007798820734024048,0.5834319591522217,0.4197480380535126,-0.10694608837366104,0.6034698486328125,0.4319725036621094,-0.0021776254288852215,0.5919925570487976,0.4205096662044525,-0.12213696539402008,0.6027606129646301,0.42796745896339417,-0.007246893830597401,0.590415894985199,0.4123280346393585,-0.11861132085323334,0.5991043448448181,0.42724311351776123,0.003618831979110837,0.5874047875404358,0.4130316972732544,-0.10644974559545517,0.5713900327682495,0.45172110199928284,0.02595740556716919,0.5538804531097412,0.46687397360801697,-0.02600841596722603,0.6087905764579773,0.45482051372528076,-0.062146615236997604,0.5832797288894653,0.4564998149871826,-0.14416144788265228,0.6197240948677063,0.5293846726417542,-0.05108656361699104,0.6017952561378479,0.5322458148002625,-0.10125190019607544,0.6204169988632202,0.541991651058197,-0.05211859941482544,0.5991941094398499,0.5416164994239807,-0.09739155322313309,0.6313365697860718,0.5491010546684265,-0.09181071817874908,0.6180214881896973,0.5517928600311279,-0.13189980387687683
0378,./images/8/frame_00378.jpg,Fall,0.5542004108428955,0.34399038553237915,-0.027926679700613022,0.5528815984725952,0.3369550406932831,-0.017086654901504517,0.5531790852546692,0.3367525041103363,-0.017130659893155098,0.5534335374832153,0.3365944027900696,-0.017174329608678818,0.5507798790931702,0.3382696211338043,-0.026448652148246765,0.5494767427444458,0.33903175592422485,-0.026460105553269386,0.5480758547782898,0.33993247151374817,-0.026475559920072556,0.5512869358062744,0.3402866721153259,0.03282860666513443,0.5436655879020691,0.34458792209625244,-0.009501024149358273,0.5550387501716614,0.3518577516078949,-0.009048519656062126,0.5524398684501648,0.35337722301483154,-0.02146383561193943,0.5627716183662415,0.37323838472366333,0.05899374559521675,0.5327848196029663,0.38914528489112854,-0.018423255532979965,0.5788717865943909,0.40869343280792236,0.04991647228598595,0.5448837280273438,0.4225035309791565,-0.07721369713544846,0.5921739339828491,0.4272066354751587,-3.3168096706504e-05,0.5598756074905396,0.373566210269928,-0.11506278812885284,0.5979564189910889,0.43334442377090454,-0.007753619458526373,0.5646954774856567,0.3619844615459442,-0.1279752552509308,0.5955036282539368,0.4309130012989044,-0.013057693839073181,0.5616191029548645,0.35614150762557983,-0.12556301057338715,0.5923396944999695,0.4296945035457611,-0.0038803089410066605,0.5606417059898376,0.3607088625431061,-0.11064322292804718,0.5726715326309204,0.4509853422641754,0.02510400116443634,0.5543712973594666,0.46665069460868835,-0.025104066357016563,0.608751654624939,0.45295366644859314,-0.07502860575914383,0.575610339641571,0.45507603883743286,-0.15400153398513794,0.6192421317100525,0.529531717300415,-0.05283518508076668,0.6007823944091797,0.5277723073959351,-0.10463247448205948,0.6197421550750732,0.5394667983055115,-0.05233059450984001,0.5996555089950562,0.536838173866272,-0.09956486523151398,0.6304373741149902,0.5491427779197693,-0.09536433219909668,0.6174855828285217,0.5511667728424072,-0.13817372918128967
0379,./images/8/frame_00379.jpg,Fall,0.5547231435775757,0.3439927101135254,-0.02744324505329132,0.5533807277679443,0.33694350719451904,-0.017184626311063766,0.5536463260650635,0.3367456793785095,-0.01722610555589199,0.553887665271759,0.33660826086997986,-0.017270062118768692,0.5512921214103699,0.33826524019241333,-0.026557501405477524,0.5500033497810364,0.3390255570411682,-0.026564832776784897,0.5486201047897339,0.3399210274219513,-0.026583140715956688,0.5514998435974121,0.3404066860675812,0.029854780063033104,0.5443611741065979,0.34437355399131775,-0.012414893135428429,0.5553053617477417,0.3517274856567383,-0.009692426770925522,0.5527034997940063,0.3532930314540863,-0.02204355224967003,0.5627766251564026,0.37317684292793274,0.05355016514658928,0.53279048204422,0.389034241437912,-0.021847596392035484,0.5787326097488403,0.4121481478214264,0.039987772703170776,0.5449892282485962,0.41994959115982056,-0.050733644515275955,0.5837733745574951,0.4255301058292389,-0.000670286943204701,0.5606876611709595,0.372116357088089,-0.04813782870769501,0.5872074961662292,0.4309239983558655,-0.01457754522562027,0.5660427808761597,0.36081063747406006,-0.05420719459652901,0.5846035480499268,0.4266873598098755,-0.02168775536119938,0.5624051094055176,0.35620662569999695,-0.05125740170478821,0.5822200775146484,0.42546093463897705,-0.010680223815143108,0.5610776543617249,0.36068716645240784,-0.04613141715526581,0.5725935101509094,0.4509951174259186,0.025378406047821045,0.5541270971298218,0.466566801071167,-0.025363776832818985,0.6088265776634216,0.45014142990112305,-0.06504058837890625,0.5780748128890991,0.4544961750507355,-0.14567753672599792,0.6183048486709595,0.5258129239082336,-0.04463689774274826,0.6010788083076477,0.5291393399238586,-0.09785887598991394,0.6198915243148804,0.5370724201202393,-0.04350167512893677,0.599798321723938,0.5395930409431458,-0.09282315522432327,0.630861222743988,0.5459798574447632,-0.08512835204601288,0.6187639236450195,0.55128413438797,-0.12929776310920715
0380,./images/8/frame_00380.jpg,Fall,0.5556577444076538,0.3446561396121979,-0.06837005168199539,0.5544322729110718,0.3376690447330475,-0.0594683475792408,0.5547154545783997,0.337512344121933,-0.05950452759861946,0.5549565553665161,0.33743253350257874,-0.05955308675765991,0.5521911382675171,0.33879488706588745,-0.06859295815229416,0.5508473515510559,0.3394584655761719,-0.0686151459813118,0.5494248867034912,0.340239018201828,-0.06863074004650116,0.5521820783615112,0.34076613187789917,-0.00904127024114132,0.5450853109359741,0.3444061577320099,-0.05125410109758377,0.5560445189476013,0.35202309489250183,-0.04848998412489891,0.5532332062721252,0.35346534848213196,-0.060916583985090256,0.5638300180435181,0.37293994426727295,0.02412915788590908,0.5327436923980713,0.3890265226364136,-0.04092206060886383,0.5792498588562012,0.41245242953300476,0.02879343554377556,0.5424599051475525,0.42257773876190186,-0.09712810069322586,0.5960773229598999,0.4270628094673157,-0.001474627060815692,0.5551203489303589,0.382771372795105,-0.15107177197933197,0.6025243997573853,0.4320167005062103,-0.017622869461774826,0.5595623850822449,0.37289953231811523,-0.16417649388313293,0.6015957593917847,0.4293094575405121,-0.024564873427152634,0.5564868450164795,0.36768653988838196,-0.15890464186668396,0.5980131030082703,0.42845165729522705,-0.011400260962545872,0.5558203458786011,0.371717244386673,-0.14978629350662231,0.5725997686386108,0.4501853883266449,0.025339538231492043,0.5545083284378052,0.4668075144290924,-0.025335252285003662,0.6109219193458557,0.45133328437805176,-0.0584346167743206,0.5816642045974731,0.462582528591156,-0.14935263991355896,0.6247961521148682,0.5168775916099548,-0.025286873802542686,0.6068901419639587,0.5308664441108704,-0.09120631217956543,0.6229445934295654,0.5286585092544556,-0.023460570722818375,0.6066795587539673,0.540126383304596,-0.08460314571857452,0.6335946321487427,0.537319540977478,-0.0614539198577404,0.6210777163505554,0.5511214733123779,-0.1213507428765297
0381,./images/8/frame_00381.jpg,Fall,0.5559384226799011,0.3486882746219635,0.0007155288476496935,0.5553582310676575,0.34113985300064087,0.010835724882781506,0.5558443665504456,0.3408922851085663,0.01079978235065937,0.5562778115272522,0.3407207727432251,0.010769766755402088,0.5527222156524658,0.3420684337615967,0.0015965551137924194,0.5513173937797546,0.34246760606765747,0.0015966019127517939,0.5497740507125854,0.3429747521877289,0.0015863761072978377,0.553972601890564,0.3421020209789276,0.059038031846284866,0.5454972982406616,0.34524306654930115,0.017837826162576675,0.556466281414032,0.3549286127090454,0.019140448421239853,0.5532525777816772,0.3561350107192993,0.007063928060233593,0.5646964311599731,0.3727278709411621,0.07702574878931046,0.5325661897659302,0.3891430199146271,0.006475494708865881,0.5791419744491577,0.41344383358955383,0.029215842485427856,0.5428401827812195,0.4238939881324768,-0.014857512898743153,0.579371988773346,0.40704619884490967,-0.046770818531513214,0.5595874786376953,0.37936919927597046,0.016230938956141472,0.5803148746490479,0.40642377734184265,-0.060776591300964355,0.5649982690811157,0.36764082312583923,0.017237510532140732,0.5770509243011475,0.40069663524627686,-0.054525233805179596,0.5626341700553894,0.36384373903274536,0.02104739099740982,0.5752907395362854,0.4023311734199524,-0.04719091206789017,0.5613402128219604,0.36857813596725464,0.020127970725297928,0.572588324546814,0.45147526264190674,0.024289404973387718,0.5530449151992798,0.4668482542037964,-0.024223972111940384,0.6106542348861694,0.4418734312057495,-0.06966021656990051,0.5769293904304504,0.446170836687088,-0.1557195484638214,0.6316720247268677,0.5079957842826843,-0.07765139639377594,0.6046284437179565,0.5273857116699219,-0.1388484388589859,0.6300326585769653,0.522713303565979,-0.07972213625907898,0.6050687432289124,0.5399596095085144,-0.13646666705608368,0.6507230997085571,0.5236265659332275,-0.12144221365451813,0.6208088994026184,0.5508209466934204,-0.17300234735012054
0382,./images/8/frame_00382.jpg,Fall,0.5578247308731079,0.3481189012527466,-0.10255037248134613,0.5566208958625793,0.3406713902950287,-0.09466864913702011,0.5568172931671143,0.3404352068901062,-0.0947040244936943,0.5569742918014526,0.3402722477912903,-0.09474248439073563,0.5547601580619812,0.3417143225669861,-0.10603778064250946,0.5535867810249329,0.34222331643104553,-0.10605710744857788,0.5522286295890808,0.3428184688091278,-0.10607807338237762,0.5540886521339417,0.3421418070793152,-0.04625244066119194,0.5470033884048462,0.34529969096183777,-0.09799708425998688,0.5576878190040588,0.3547442853450775,-0.08262693881988525,0.5549958944320679,0.35596635937690735,-0.09778381884098053,0.5644122362136841,0.37243905663490295,-0.0038038231432437897,0.5328648686408997,0.3893809914588928,-0.09638767689466476,0.5803077816963196,0.41238102316856384,-0.011904424987733364,0.5505408048629761,0.42568033933639526,-0.10639946162700653,0.5824083089828491,0.41270744800567627,-0.07011102885007858,0.5803390741348267,0.394619882106781,-0.08265255391597748,0.5827537775039673,0.40865761041641235,-0.08108610659837723,0.5897194147109985,0.39181768894195557,-0.09299691021442413,0.5787869691848755,0.4084867835044861,-0.08774445950984955,0.5870698690414429,0.38128313422203064,-0.09207402169704437,0.5766936540603638,0.41235047578811646,-0.07478760927915573,0.5836681723594666,0.3830166757106781,-0.07959841191768646,0.5719305276870728,0.44948118925094604,0.024327576160430908,0.5527847409248352,0.4670647978782654,-0.024257373064756393,0.6105847954750061,0.4424969553947449,-0.07206468284130096,0.5712872743606567,0.4512341022491455,-0.16760428249835968,0.6349637508392334,0.49759185314178467,-0.074930340051651,0.6006667613983154,0.5290030241012573,-0.12244433164596558,0.6340351700782776,0.5119222402572632,-0.06493886560201645,0.6014071702957153,0.5406949520111084,-0.11790251731872559,0.6552886962890625,0.5083984136581421,-0.09864865243434906,0.6187216639518738,0.5510969161987305,-0.16073301434516907
0383,./images/8/frame_00383.jpg,Fall,0.5592886805534363,0.34821683168411255,-0.10479903221130371,0.5578525066375732,0.3408437967300415,-0.0957409143447876,0.5579665899276733,0.34064555168151855,-0.09578129649162292,0.5580393671989441,0.3405125141143799,-0.09582719206809998,0.5560714602470398,0.34177109599113464,-0.10744673013687134,0.5548766255378723,0.3422759473323822,-0.10746349394321442,0.5534728169441223,0.3428914546966553,-0.10748831182718277,0.5544888377189636,0.34254190325737,-0.044790785759687424,0.5478993654251099,0.34557127952575684,-0.09829379618167877,0.5590566396713257,0.35507968068122864,-0.08413543552160263,0.5562836527824402,0.3561490774154663,-0.09975479543209076,0.5641251802444458,0.37259504199028015,0.002530639758333564,0.5339197516441345,0.39002078771591187,-0.10014720261096954,0.579978346824646,0.41347169876098633,0.008547891862690449,0.5521344542503357,0.4322929382324219,-0.11295171827077866,0.583313524723053,0.4326423704624176,-0.042162492871284485,0.5842565894126892,0.42028796672821045,-0.10747633129358292,0.5848075747489929,0.4404771029949188,-0.046030618250370026,0.5935757756233215,0.42218971252441406,-0.1203140988945961,0.5790618062019348,0.4373205900192261,-0.06652098894119263,0.5927281975746155,0.4122294485569,-0.1185789480805397,0.5784348249435425,0.4355165660381317,-0.05143780633807182,0.5890809893608093,0.41210663318634033,-0.10585956275463104,0.5716381072998047,0.44956400990486145,0.028937572613358498,0.5530654191970825,0.4685332477092743,-0.028912484645843506,0.6103247404098511,0.4432527720928192,-0.06251247227191925,0.5743910074234009,0.4533586800098419,-0.1659872680902481,0.6305444836616516,0.5044496059417725,-0.03561495617032051,0.600749135017395,0.5298075079917908,-0.1193256825208664,0.6299036741256714,0.5185536742210388,-0.03235388174653053,0.6006929278373718,0.5409793257713318,-0.11455421149730682,0.6497814655303955,0.5169655084609985,-0.07053763419389725,0.6186994314193726,0.5517477989196777,-0.15477624535560608
0384,./images/8/frame_00384.jpg,Fall,0.559341311454773,0.35187405347824097,-0.18039384484291077,0.5583614706993103,0.34384095668792725,-0.17212823033332825,0.558627724647522,0.3435106873512268,-0.17214959859848022,0.5588366389274597,0.3432450294494629,-0.17218564450740814,0.5562203526496887,0.34472182393074036,-0.1834944784641266,0.5549254417419434,0.345072478055954,-0.18353597819805145,0.5535096526145935,0.34546807408332825,-0.18356890976428986,0.5556297302246094,0.3442745506763458,-0.11255890130996704,0.5484291315078735,0.347364604473114,-0.1643524467945099,0.5593487620353699,0.3577929735183716,-0.1557501256465912,0.5561841726303101,0.358940452337265,-0.1708166003227234,0.564106822013855,0.3722977042198181,-0.05043496564030647,0.533827543258667,0.39067408442497253,-0.15186315774917603,0.5802360773086548,0.412942498922348,-0.04606590420007706,0.5519009828567505,0.43201377987861633,-0.1738901138305664,0.5846404433250427,0.43201979994773865,-0.10312367975711823,0.5817244648933411,0.4143046438694,-0.17769593000411987,0.5875617265701294,0.4393601417541504,-0.11381503194570541,0.5904982686042786,0.4112841784954071,-0.19360515475273132,0.5843853950500488,0.4362207055091858,-0.12307282537221909,0.5885103940963745,0.40074267983436584,-0.19041703641414642,0.5825604200363159,0.435269296169281,-0.10868282616138458,0.5854388475418091,0.40285491943359375,-0.1758783757686615,0.5713287591934204,0.4495808482170105,0.029777323827147484,0.5530776381492615,0.4708801209926605,-0.029758742079138756,0.6102467775344849,0.43898946046829224,-0.07223658263683319,0.5757208466529846,0.4528677761554718,-0.17079755663871765,0.6203309297561646,0.5091063380241394,-0.018691960722208023,0.5981322526931763,0.5291529893875122,-0.09124450385570526,0.6162030696868896,0.52259761095047,-0.013863709755241871,0.5968679189682007,0.5397934913635254,-0.08244450390338898,0.6380149126052856,0.5243077874183655,-0.05241057276725769,0.6160603165626526,0.551941454410553,-0.11700846999883652
0385,./images/8/frame_00385.jpg,Fall,0.5602008700370789,0.3523906171321869,-0.1172867864370346,0.5591555833816528,0.34455186128616333,-0.10856364667415619,0.5593322515487671,0.3442799746990204,-0.10859525203704834,0.5594561696052551,0.3440517485141754,-0.10862608253955841,0.5572501420974731,0.34524062275886536,-0.12053199112415314,0.5560597777366638,0.3455139398574829,-0.12055739015340805,0.5547071695327759,0.34586983919143677,-0.12057533115148544,0.5558478236198425,0.34536489844322205,-0.055862314999103546,0.5496043562889099,0.3478080928325653,-0.11115865409374237,0.5598820447921753,0.35829252004623413,-0.09603352844715118,0.5570955872535706,0.35920533537864685,-0.11185282468795776,0.5628651976585388,0.3723781704902649,-0.007616607006639242,0.5340399146080017,0.3911260962486267,-0.11414273083209991,0.5802960991859436,0.4114414155483246,-0.009506532922387123,0.5550269484519958,0.4276731312274933,-0.15835188329219818,0.5910059809684753,0.43161454796791077,-0.06179063394665718,0.5787738561630249,0.38415324687957764,-0.17339536547660828,0.596571147441864,0.4387003481388092,-0.07121723890304565,0.5864274501800537,0.37316641211509705,-0.18820121884346008,0.5940645933151245,0.4358690083026886,-0.07786404341459274,0.5844601392745972,0.3669145703315735,-0.18236872553825378,0.5912314057350159,0.4346376061439514,-0.06629736721515656,0.5817065834999084,0.3718927204608917,-0.17082004249095917,0.5699583292007446,0.45185330510139465,0.03339244797825813,0.5518691539764404,0.4717099964618683,-0.03338999301195145,0.6078990697860718,0.43091997504234314,-0.06101418659090996,0.577684760093689,0.44421276450157166,-0.15254369378089905,0.6184313297271729,0.5056405663490295,-0.022027229890227318,0.5982386469841003,0.5225406885147095,-0.07752124220132828,0.614526629447937,0.5194827318191528,-0.01922101154923439,0.596043050289154,0.5342442989349365,-0.0694771558046341,0.6356428861618042,0.5224330425262451,-0.05285531282424927,0.6165405511856079,0.5444603562355042,-0.09217200428247452
0386,./images/8/frame_00386.jpg,Fall,0.5607191324234009,0.3570846617221832,-0.10390307009220123,0.5603224039077759,0.34952592849731445,-0.09528233110904694,0.5606919527053833,0.3491973578929901,-0.09531518816947937,0.5610091686248779,0.34890827536582947,-0.0953487977385521,0.5578828454017639,0.3498729467391968,-0.10626672208309174,0.5565043687820435,0.34955087304115295,-0.10629387944936752,0.5550132989883423,0.34957435727119446,-0.10631026327610016,0.5573955774307251,0.34882476925849915,-0.0421140231192112,0.5498586893081665,0.3504844903945923,-0.09180264919996262,0.5606141090393066,0.36204737424850464,-0.08247072994709015,0.557360053062439,0.36248278617858887,-0.09690193831920624,0.5629265308380127,0.372435986995697,-0.0001277713745366782,0.5343199968338013,0.3910925090312958,-0.09597006440162659,0.583528459072113,0.40808025002479553,-0.001132422941736877,0.5543224215507507,0.424309104681015,-0.1345858871936798,0.5943774580955505,0.4289324879646301,-0.060194890946149826,0.5697981119155884,0.3746858239173889,-0.1596907079219818,0.6023579239845276,0.43140289187431335,-0.06992389261722565,0.5708314776420593,0.3650532066822052,-0.1733333021402359,0.5995888710021973,0.429727166891098,-0.0770404189825058,0.57536381483078,0.3583340644836426,-0.16876983642578125,0.5962467193603516,0.4290872812271118,-0.06491066515445709,0.574529767036438,0.3636196553707123,-0.15772078931331635,0.5707141757011414,0.45287713408470154,0.03204847127199173,0.5520439147949219,0.47183164954185486,-0.03203223645687103,0.608460545539856,0.435599684715271,-0.07070456445217133,0.5768207311630249,0.4403076171875,-0.15581808984279633,0.6144207715988159,0.5099070072174072,-0.040411148220300674,0.5974307060241699,0.5247332453727722,-0.10638326406478882,0.609114944934845,0.522689163684845,-0.03804899379611015,0.595624566078186,0.536030650138855,-0.1010117158293724,0.6220983266830444,0.5401406288146973,-0.0745847150683403,0.6154240965843201,0.5457581281661987,-0.1342499554157257
0387,./images/8/frame_00387.jpg,Fall,0.5617133378982544,0.3590657114982605,-0.10317488759756088,0.5616755485534668,0.35200127959251404,-0.09555989503860474,0.5620762705802917,0.35154661536216736,-0.0955902636051178,0.562430739402771,0.3511320650577545,-0.09562589228153229,0.5590907335281372,0.352469265460968,-0.10621941089630127,0.5577059984207153,0.3521977365016937,-0.10624800622463226,0.5561777353286743,0.3520963490009308,-0.10626707971096039,0.5586413145065308,0.3502867519855499,-0.04410121589899063,0.5510634779930115,0.35191071033477783,-0.09239308536052704,0.5614556074142456,0.363604873418808,-0.08188750594854355,0.5580579042434692,0.3644159138202667,-0.09597911685705185,0.5636035203933716,0.3724965453147888,-0.0003256665950175375,0.5342859029769897,0.39085981249809265,-0.08884070813655853,0.5829033255577087,0.40832823514938354,-0.006880185101181269,0.5533913373947144,0.42475688457489014,-0.13277994096279144,0.5995429754257202,0.42892658710479736,-0.06785812973976135,0.5703067779541016,0.37984469532966614,-0.16192349791526794,0.6062447428703308,0.4309803545475006,-0.07765199989080429,0.572330892086029,0.368413507938385,-0.17540980875492096,0.6040027737617493,0.42966368794441223,-0.08495151251554489,0.5749327540397644,0.36300188302993774,-0.17029009759426117,0.6002899408340454,0.42908063530921936,-0.0726345032453537,0.5738610029220581,0.3680376708507538,-0.15973040461540222,0.5707439184188843,0.4521403908729553,0.031355712562799454,0.551928699016571,0.4709288775920868,-0.03135037422180176,0.6086664199829102,0.43611466884613037,-0.07844142615795135,0.5770285129547119,0.4426271617412567,-0.15562592446804047,0.6164427399635315,0.5119101405143738,-0.05377139896154404,0.5980397462844849,0.5272297859191895,-0.10748568922281265,0.6120147109031677,0.5261045098304749,-0.0524260587990284,0.5964069962501526,0.5400895476341248,-0.10238894075155258,0.6253030896186829,0.5411815047264099,-0.09360068291425705,0.6152330636978149,0.5517867803573608,-0.1390947550535202
0388,./images/8/frame_00388.jpg,Fall,0.5620940923690796,0.3612060248851776,-0.2092679738998413,0.5623365640640259,0.3541025221347809,-0.20278945565223694,0.5628153085708618,0.3534678816795349,-0.20281168818473816,0.5632174015045166,0.35293203592300415,-0.2028542309999466,0.559493899345398,0.35540297627449036,-0.21412622928619385,0.558022677898407,0.3555683493614197,-0.21416886150836945,0.5563821792602539,0.35587000846862793,-0.21420177817344666,0.5598874092102051,0.3523937463760376,-0.14664168655872345,0.5515407919883728,0.3559894561767578,-0.19853320717811584,0.5618897676467896,0.3652491271495819,-0.18537750840187073,0.5583709478378296,0.3668292164802551,-0.2004784345626831,0.5641606450080872,0.3725777566432953,-0.08255515247583389,0.5347694158554077,0.39353668689727783,-0.1754208654165268,0.5846458673477173,0.4083906412124634,-0.0665048360824585,0.5532249212265015,0.43336042761802673,-0.21115145087242126,0.6009621620178223,0.43233299255371094,-0.10777731239795685,0.5808722972869873,0.40201133489608765,-0.23614361882209778,0.6083293557167053,0.4367731213569641,-0.11609296500682831,0.5888487100601196,0.3953862190246582,-0.25536784529685974,0.6076791286468506,0.43682661652565,-0.12941473722457886,0.5875226259231567,0.3881334066390991,-0.2517862617969513,0.6042306423187256,0.43604913353919983,-0.11438709497451782,0.5850909352302551,0.3906901776790619,-0.23497502505779266,0.5707769393920898,0.4506881833076477,0.030897125601768494,0.5526551008224487,0.4723626375198364,-0.030878687277436256,0.6078474521636963,0.43650975823402405,-0.08097275346517563,0.5793985724449158,0.4429856538772583,-0.1556582897901535,0.6173771619796753,0.5113705992698669,-0.03153110295534134,0.5977948904037476,0.5298810005187988,-0.07161395996809006,0.6136198043823242,0.5259458422660828,-0.027449924498796463,0.5958634614944458,0.5431647300720215,-0.06334066390991211,0.6326198577880859,0.530223548412323,-0.07132618874311447,0.6142150163650513,0.5518650412559509,-0.09865579009056091
0389,./images/8/frame_00389.jpg,Fall,0.5633448362350464,0.36144745349884033,-0.16790781915187836,0.563273012638092,0.3542994260787964,-0.16249226033687592,0.56361985206604,0.3536507785320282,-0.16252008080482483,0.5639782547950745,0.35303208231925964,-0.1625613272190094,0.5608830451965332,0.35560157895088196,-0.17481914162635803,0.5594894886016846,0.3559024930000305,-0.17485642433166504,0.5580469369888306,0.3562851846218109,-0.17488165199756622,0.5602606534957886,0.3526754379272461,-0.11431455612182617,0.5526655316352844,0.35725706815719604,-0.17133280634880066,0.5628763437271118,0.3657931983470917,-0.14700980484485626,0.5596428513526917,0.3676646053791046,-0.1636013686656952,0.5631495714187622,0.37256744503974915,-0.05666954070329666,0.5366711616516113,0.39367297291755676,-0.1546477973461151,0.5843855142593384,0.4089198708534241,-0.031220098957419395,0.5545202493667603,0.43375909328460693,-0.19084104895591736,0.598444938659668,0.43344947695732117,-0.0668918713927269,0.5793920159339905,0.4037923216819763,-0.21956074237823486,0.6049941778182983,0.4392109811306,-0.06713919341564178,0.5865610837936401,0.39790987968444824,-0.23769506812095642,0.6038015484809875,0.4385290741920471,-0.084933802485466,0.5848709940910339,0.39083975553512573,-0.23399123549461365,0.6006371378898621,0.4372970461845398,-0.07409548759460449,0.5827115178108215,0.39290982484817505,-0.21845562756061554,0.5707489848136902,0.45075497031211853,0.031627852469682693,0.5539811849594116,0.47388511896133423,-0.03161608427762985,0.6078780889511108,0.437478631734848,-0.06666257977485657,0.579384446144104,0.4451645016670227,-0.1479453146457672,0.619179904460907,0.5115384459495544,-0.018426354974508286,0.5976499319076538,0.5319613814353943,-0.07391805946826935,0.6146000623703003,0.5265696048736572,-0.015061664395034313,0.5956989526748657,0.5457108020782471,-0.06685876101255417,0.638431191444397,0.5305215716362,-0.05405879765748978,0.6146620512008667,0.5518833994865417,-0.10033704340457916
0390,./images/8/frame_00390.jpg,Fall,0.5647951364517212,0.36255374550819397,-0.16578039526939392,0.5647119879722595,0.3551343083381653,-0.16103389859199524,0.5649839043617249,0.35457563400268555,-0.1610591560602188,0.5652368068695068,0.35406753420829773,-0.16110125184059143,0.5626016855239868,0.35627415776252747,-0.1734209954738617,0.5614542365074158,0.3565070331096649,-0.17346328496932983,0.5600857138633728,0.35698145627975464,-0.1734863966703415,0.561277449131012,0.3536602854728699,-0.11576356738805771,0.554094135761261,0.35821565985679626,-0.1729704886674881,0.5637577772140503,0.36751970648765564,-0.145900696516037,0.5607830882072449,0.36919429898262024,-0.16256244480609894,0.5633218884468079,0.37225642800331116,-0.0632035955786705,0.5373714566230774,0.3939651548862457,-0.15459494292736053,0.5848469734191895,0.40967240929603577,-0.03946056216955185,0.5547845959663391,0.43665894865989685,-0.19317074120044708,0.6007207632064819,0.4343944489955902,-0.06666745245456696,0.5782167911529541,0.4047408103942871,-0.2232699692249298,0.6075877547264099,0.43883270025253296,-0.06859885901212692,0.5854842066764832,0.398029625415802,-0.23949961364269257,0.6072867512702942,0.43795764446258545,-0.08274000138044357,0.5840612649917603,0.3912651538848877,-0.23531842231750488,0.6041433215141296,0.4370178282260895,-0.07234035432338715,0.5826171636581421,0.39360228180885315,-0.22197826206684113,0.5709866881370544,0.45023313164711,0.031327467411756516,0.5549088716506958,0.47387948632240295,-0.0313045009970665,0.6091914772987366,0.4380442798137665,-0.06334240734577179,0.5795722603797913,0.4455931484699249,-0.1471889466047287,0.6193183064460754,0.5120418071746826,-0.01744849607348442,0.5976700186729431,0.5327287316322327,-0.06995894014835358,0.6151362657546997,0.526854932308197,-0.014067711308598518,0.5956907868385315,0.5460205078125,-0.06222124770283699,0.6380236148834229,0.5308840274810791,-0.049825794994831085,0.6141662001609802,0.5519976019859314,-0.09060335904359818
0391,./images/8/frame_00391.jpg,Fall,0.5649245381355286,0.3629106283187866,-0.18383237719535828,0.5649198889732361,0.3554674983024597,-0.17919757962226868,0.5651752352714539,0.35485997796058655,-0.17923441529273987,0.565413236618042,0.3543042838573456,-0.1792932003736496,0.5630315542221069,0.35642874240875244,-0.19208483397960663,0.5620218515396118,0.3565168082714081,-0.19212165474891663,0.5609089732170105,0.3567982017993927,-0.19215181469917297,0.5614669322967529,0.3532121479511261,-0.13504740595817566,0.5557605028152466,0.3573750853538513,-0.19410619139671326,0.563846230506897,0.3674447238445282,-0.1642753779888153,0.5613065958023071,0.3685353100299835,-0.181449756026268,0.5615099668502808,0.37164106965065,-0.07432878762483597,0.5385681390762329,0.3933953046798706,-0.18046444654464722,0.5840061902999878,0.4097639322280884,-0.04948924854397774,0.5620754957199097,0.4368313252925873,-0.19550582766532898,0.6007584929466248,0.43313461542129517,-0.08605314791202545,0.5922449827194214,0.42747125029563904,-0.20807726681232452,0.6088272333145142,0.43518978357315063,-0.09300185739994049,0.600287914276123,0.4289194643497467,-0.22673878073692322,0.6095204949378967,0.43588078022003174,-0.10798080265522003,0.5997259616851807,0.41932982206344604,-0.2261880338191986,0.6053559184074402,0.4366646707057953,-0.09341652691364288,0.5967270135879517,0.4185545742511749,-0.20809271931648254,0.56904137134552,0.4502246081829071,0.03168730065226555,0.5551673173904419,0.4741417467594147,-0.03164621442556381,0.6049816608428955,0.4397682547569275,-0.05267595127224922,0.5856149792671204,0.46041467785835266,-0.127046138048172,0.6119004487991333,0.5202142000198364,0.007746019866317511,0.59780353307724,0.5373035073280334,-0.04329346492886543,0.6073790788650513,0.5345851182937622,0.01245453767478466,0.5955310463905334,0.5503365397453308,-0.0351300910115242,0.629826009273529,0.536357045173645,-0.01956009864807129,0.6142784357070923,0.5521344542503357,-0.06370176374912262
0392,./images/8/frame_00392.jpg,Fall,0.565688967704773,0.36772358417510986,-0.181900292634964,0.5661400556564331,0.35949113965034485,-0.17621472477912903,0.5665298700332642,0.35871386528015137,-0.17623868584632874,0.5668946504592896,0.3580312430858612,-0.1762797236442566,0.5638730525970459,0.3607097566127777,-0.1887938678264618,0.5626894235610962,0.36060404777526855,-0.1888352334499359,0.5614096522331238,0.3606840670108795,-0.1888655126094818,0.5631470084190369,0.3566185534000397,-0.1258379966020584,0.5560933947563171,0.3601369261741638,-0.1832849681377411,0.5644288659095764,0.37193799018859863,-0.16017597913742065,0.5616841912269592,0.3735973834991455,-0.17693206667900085,0.5628721714019775,0.37320324778556824,-0.062411315739154816,0.5380002856254578,0.3935386538505554,-0.16786149144172668,0.5838075280189514,0.4101048707962036,-0.04010528326034546,0.5601373910903931,0.438628613948822,-0.18553702533245087,0.5994791388511658,0.43442222476005554,-0.08286954462528229,0.5870811939239502,0.42215490341186523,-0.19761934876441956,0.604982852935791,0.4404727816581726,-0.0907115787267685,0.5946477055549622,0.4209940731525421,-0.2147117555141449,0.6051085591316223,0.4395087659358978,-0.10319887101650238,0.5931848287582397,0.4127439856529236,-0.2148040533065796,0.6021900773048401,0.43841925263404846,-0.08924789726734161,0.5904630422592163,0.4130391478538513,-0.1974894106388092,0.5691524147987366,0.45171818137168884,0.032681211829185486,0.5550251603126526,0.47643640637397766,-0.03264790400862694,0.6055668592453003,0.4397214353084564,-0.056536875665187836,0.5841001272201538,0.458801805973053,-0.13814584910869598,0.613716721534729,0.520054817199707,-0.0018267510458827019,0.5963550209999084,0.5385124683380127,-0.057406049221754074,0.6093156337738037,0.5344198942184448,0.002305350499227643,0.5934327244758606,0.5512922406196594,-0.0489124059677124,0.625251054763794,0.5374510884284973,-0.03364718332886696,0.6137735843658447,0.555596113204956,-0.07777632027864456
0393,./images/8/frame_00393.jpg,Fall,0.5666007399559021,0.3665456473827362,-0.195860356092453,0.5669136643409729,0.3588288128376007,-0.191453754901886,0.567308247089386,0.35817188024520874,-0.19148820638656616,0.5676933526992798,0.3576072156429291,-0.19154569506645203,0.5647202730178833,0.36000651121139526,-0.20308569073677063,0.5635298490524292,0.360127329826355,-0.2031225711107254,0.5623098611831665,0.3603678047657013,-0.2031584084033966,0.5640323758125305,0.35680004954338074,-0.14576809108257294,0.5570082068443298,0.3603467643260956,-0.19893069565296173,0.5653916001319885,0.3712320923805237,-0.1755916029214859,0.562600314617157,0.3728370666503906,-0.1911047399044037,0.5635188817977905,0.37209439277648926,-0.08038684725761414,0.5395861268043518,0.39565205574035645,-0.17890673875808716,0.5847053527832031,0.40919455885887146,-0.048059117048978806,0.5632085800170898,0.44006556272506714,-0.18940375745296478,0.6036246418952942,0.43177536129951477,-0.0808742418885231,0.5944787859916687,0.4322398602962494,-0.202522873878479,0.6076814532279968,0.43576061725616455,-0.08856070041656494,0.6027312278747559,0.4346601665019989,-0.22179321944713593,0.6082925200462341,0.4359169006347656,-0.10314309597015381,0.6026386022567749,0.42530572414398193,-0.22268033027648926,0.6038021445274353,0.43366655707359314,-0.08790465444326401,0.5995540022850037,0.4237673878669739,-0.2030939757823944,0.5692867636680603,0.4497002065181732,0.03168339654803276,0.5550164580345154,0.47586920857429504,-0.031616564840078354,0.6043707132339478,0.4389508068561554,-0.07189618051052094,0.5837244987487793,0.46085125207901,-0.1380794495344162,0.6141027212142944,0.5180098414421082,-0.007695690728724003,0.5966790318489075,0.5394114851951599,-0.051887232810258865,0.6101866960525513,0.5320329666137695,-0.002867102390155196,0.5939497947692871,0.5514424443244934,-0.043680112808942795,0.6326991319656372,0.533430814743042,-0.042083632200956345,0.6139951944351196,0.5565155744552612,-0.07947655022144318
0394,./images/8/frame_00394.jpg,Fall,0.5684657692909241,0.36636003851890564,-0.21442988514900208,0.56845623254776,0.35888904333114624,-0.2112165242433548,0.5686067342758179,0.35823333263397217,-0.21125555038452148,0.5687664151191711,0.35767242312431335,-0.2113204449415207,0.5668851137161255,0.3602626323699951,-0.22323140501976013,0.56594318151474,0.3605194091796875,-0.22327446937561035,0.5649656057357788,0.3608897626399994,-0.223312646150589,0.56461501121521,0.35711100697517395,-0.16831913590431213,0.5595784783363342,0.36159372329711914,-0.22319845855236053,0.5664560794830322,0.3713090717792511,-0.19481338560581207,0.5640569925308228,0.3730570077896118,-0.21082398295402527,0.5629785656929016,0.36836129426956177,-0.1014535203576088,0.5420371294021606,0.39629384875297546,-0.20094582438468933,0.5850526690483093,0.4056270718574524,-0.07319347560405731,0.57001793384552,0.4390298128128052,-0.21069522202014923,0.6048051714897156,0.430924654006958,-0.11224992573261261,0.6026139855384827,0.42977142333984375,-0.22728078067302704,0.6083645224571228,0.4342171549797058,-0.12258227914571762,0.6128333806991577,0.4305764138698578,-0.2495676726102829,0.6110140681266785,0.43331727385520935,-0.13862499594688416,0.6128087639808655,0.4198210835456848,-0.25070178508758545,0.608009934425354,0.4318603575229645,-0.1200719028711319,0.609408438205719,0.41846778988838196,-0.22832290828227997,0.568650484085083,0.44590967893600464,0.03154806047677994,0.5555197596549988,0.4742167890071869,-0.03148847445845604,0.6046103239059448,0.4367356598377228,-0.07308196276426315,0.5888630151748657,0.4635090231895447,-0.12865188717842102,0.6156366467475891,0.5146057605743408,0.0019447195809334517,0.600101113319397,0.5401144027709961,-0.037791576236486435,0.612130343914032,0.5279861688613892,0.008081470616161823,0.5962694883346558,0.5515764951705933,-0.029230767861008644,0.6353201866149902,0.5300436019897461,-0.031510066241025925,0.6143035292625427,0.5567066669464111,-0.06382493674755096
0395,./images/8/frame_00395.jpg,Fall,0.5690454244613647,0.3700241148471832,-0.22367963194847107,0.5693217515945435,0.3619873821735382,-0.22065035998821259,0.5695551037788391,0.36100539565086365,-0.2206849604845047,0.5697818994522095,0.36015865206718445,-0.22074715793132782,0.5674482583999634,0.36361953616142273,-0.23248958587646484,0.5663040280342102,0.36380013823509216,-0.2325362265110016,0.5652048587799072,0.36402007937431335,-0.23257429897785187,0.5654266476631165,0.358649879693985,-0.1738349348306656,0.5594542026519775,0.3631955087184906,-0.22750940918922424,0.5669214129447937,0.37357741594314575,-0.20216572284698486,0.5643926858901978,0.3754000663757324,-0.21786077320575714,0.562655508518219,0.36497747898101807,-0.09928072988986969,0.5417188405990601,0.396551251411438,-0.20138034224510193,0.5847275853157043,0.40151262283325195,-0.0682097002863884,0.571513295173645,0.43837302923202515,-0.2091704159975052,0.5978667736053467,0.42911797761917114,-0.11364756524562836,0.6001833081245422,0.42686715722084045,-0.22223392128944397,0.6024450659751892,0.4331609010696411,-0.12423467636108398,0.6099669337272644,0.42514246702194214,-0.2436036318540573,0.6026924848556519,0.43127378821372986,-0.13885922729969025,0.6088964939117432,0.41506725549697876,-0.24542367458343506,0.6009987592697144,0.42931434512138367,-0.1209530234336853,0.6057776212692261,0.413990318775177,-0.22325091063976288,0.5677317380905151,0.437306672334671,0.032105010002851486,0.5553539395332336,0.4721873104572296,-0.03204208239912987,0.6047087907791138,0.43253570795059204,-0.08187834173440933,0.5880738496780396,0.46183356642723083,-0.13516147434711456,0.6155217885971069,0.514678418636322,-0.006042652763426304,0.5999534130096436,0.5425568222999573,-0.051828138530254364,0.611607551574707,0.5281482934951782,-0.000800446723587811,0.5957537889480591,0.5543355345726013,-0.04383329302072525,0.6346432566642761,0.530843198299408,-0.040137309581041336,0.614301323890686,0.5584050416946411,-0.07945576310157776
0396,./images/8/frame_00396.jpg,Fall,0.5713149309158325,0.37042880058288574,-0.20157234370708466,0.5715826153755188,0.3622005879878998,-0.1982363760471344,0.5718218684196472,0.3612219989299774,-0.19826790690422058,0.5720332860946655,0.36037564277648926,-0.19832183420658112,0.5695502758026123,0.363617479801178,-0.21004550158977509,0.5683847665786743,0.3636600077152252,-0.2100856602191925,0.5671895146369934,0.36385515332221985,-0.21012230217456818,0.5673738121986389,0.35893428325653076,-0.15444716811180115,0.5609787106513977,0.3630889058113098,-0.2080821990966797,0.5691021084785461,0.37387779355049133,-0.181532621383667,0.5663442611694336,0.37567761540412903,-0.19719940423965454,0.5640914440155029,0.3638770282268524,-0.08754820376634598,0.5416215658187866,0.39571714401245117,-0.18723121285438538,0.5860276818275452,0.40072619915008545,-0.06184036657214165,0.5679213404655457,0.43802258372306824,-0.19868440926074982,0.5964595079421997,0.4285896420478821,-0.10429974645376205,0.5992316007614136,0.43370485305786133,-0.21204879879951477,0.6025255918502808,0.4326370358467102,-0.1138538271188736,0.6078084707260132,0.43697547912597656,-0.2322654277086258,0.6025954484939575,0.4301794171333313,-0.12741898000240326,0.6076563000679016,0.42735183238983154,-0.23290081322193146,0.6009767055511475,0.4281260073184967,-0.1111559048295021,0.6045602560043335,0.42488959431648254,-0.21254634857177734,0.5676685571670532,0.4372553527355194,0.031050721183419228,0.5544649362564087,0.46903160214424133,-0.03095940314233303,0.6038459539413452,0.4332520663738251,-0.08240287750959396,0.5875257849693298,0.46110352873802185,-0.13326701521873474,0.6128237247467041,0.5190634727478027,-0.012424636632204056,0.5993586778640747,0.5423809289932251,-0.05287662148475647,0.6084048748016357,0.5326406359672546,-0.006510917097330093,0.5953242182731628,0.5541369318962097,-0.045433398336172104,0.6209317445755005,0.5396193861961365,-0.04963191598653793,0.6140861511230469,0.5585154294967651,-0.08274874091148376
0397,./images/8/frame_00397.jpg,Fall,0.5718864798545837,0.37224236130714417,-0.21504147350788116,0.5722016096115112,0.36375418305397034,-0.21179243922233582,0.5723179578781128,0.3626118004322052,-0.2118312567472458,0.5724242925643921,0.3615897297859192,-0.21189403533935547,0.5706078410148621,0.3656212389469147,-0.22325000166893005,0.5696337223052979,0.3656347393989563,-0.22329488396644592,0.5685390830039978,0.3659592568874359,-0.22333762049674988,0.5676032304763794,0.35983455181121826,-0.1676853895187378,0.5621402859687805,0.3647710978984833,-0.21998031437397003,0.5696414709091187,0.37517979741096497,-0.1948772817850113,0.5673844218254089,0.3770882189273834,-0.21019017696380615,0.5639965534210205,0.36367008090019226,-0.09939958155155182,0.5440056324005127,0.39786291122436523,-0.19533754885196686,0.5856367349624634,0.40192532539367676,-0.07200571894645691,0.5682970285415649,0.44327312707901,-0.20331256091594696,0.596183180809021,0.4318593740463257,-0.11194346100091934,0.6018089056015015,0.44441816210746765,-0.2196459025144577,0.6027260422706604,0.4399189352989197,-0.122098408639431,0.6101800203323364,0.449392706155777,-0.24147653579711914,0.6028591394424438,0.4388071298599243,-0.1371902972459793,0.6109762787818909,0.4388940632343292,-0.24363967776298523,0.6011154651641846,0.4368516206741333,-0.11914537847042084,0.6077881455421448,0.4359569251537323,-0.2209441363811493,0.5676758289337158,0.4365401864051819,0.03106115385890007,0.554695725440979,0.4693082571029663,-0.03097531758248806,0.6037324666976929,0.43375033140182495,-0.07836180925369263,0.5882084369659424,0.4607483744621277,-0.12894825637340546,0.6170631647109985,0.5135787129402161,-0.0010899908374994993,0.5974220633506775,0.5416477918624878,-0.03979586809873581,0.6138793230056763,0.5270939469337463,0.0048630088567733765,0.5929394960403442,0.5534507036209106,-0.03126014024019241,0.6343726515769958,0.5287491679191589,-0.03324608877301216,0.6133715510368347,0.5581701397895813,-0.06391184031963348
0398,./images/8/frame_00398.jpg,Fall,0.5724920034408569,0.37659314274787903,-0.17867964506149292,0.5733442306518555,0.3683144450187683,-0.17492958903312683,0.5735794901847839,0.36707037687301636,-0.1749664843082428,0.5737782120704651,0.3659241497516632,-0.1750057488679886,0.5713353157043457,0.36987656354904175,-0.18735289573669434,0.5701836943626404,0.36969658732414246,-0.18738801777362823,0.5689188838005066,0.369675874710083,-0.18742725253105164,0.5689997673034668,0.3626856803894043,-0.1320241242647171,0.562437117099762,0.36657094955444336,-0.18828198313713074,0.5703105330467224,0.37884193658828735,-0.15912248194217682,0.5677521228790283,0.38041988015174866,-0.17546601593494415,0.5647794008255005,0.3643982410430908,-0.06809346377849579,0.5435600876808167,0.397776335477829,-0.18782497942447662,0.5864827632904053,0.40234237909317017,-0.06037183851003647,0.5651772618293762,0.4454294741153717,-0.18537363409996033,0.5963060259819031,0.43670853972435,-0.11699651181697845,0.59844970703125,0.44728147983551025,-0.20069405436515808,0.6036452651023865,0.44479864835739136,-0.12929323315620422,0.6072430610656738,0.45218580961227417,-0.22264382243156433,0.6031732559204102,0.4428267180919647,-0.1426168978214264,0.6077763438224792,0.4415329694747925,-0.22582480311393738,0.6011975407600403,0.44016319513320923,-0.12418211996555328,0.6044594049453735,0.43874576687812805,-0.20181508362293243,0.5673810243606567,0.43775710463523865,0.035615213215351105,0.5527756214141846,0.46937963366508484,-0.035599835216999054,0.6047698259353638,0.43378502130508423,-0.05917734652757645,0.5873790979385376,0.4570297598838806,-0.13064637780189514,0.6266130805015564,0.5072176456451416,-0.0032082763500511646,0.5961223840713501,0.5383549928665161,-0.04918322339653969,0.6247910857200623,0.5218414664268494,-0.002255562460049987,0.5913923382759094,0.5511146187782288,-0.04117531329393387,0.6463679075241089,0.5165841579437256,-0.04217648133635521,0.6135000586509705,0.5556082129478455,-0.07313766330480576
0399,./images/8/frame_00399.jpg,Fall,0.5737515687942505,0.3789173662662506,-0.19820967316627502,0.5746566653251648,0.37135156989097595,-0.1950671523809433,0.5748520493507385,0.3699245750904083,-0.19510261714458466,0.5750131607055664,0.3686705231666565,-0.1951480209827423,0.5729374885559082,0.37341150641441345,-0.20808473229408264,0.5719637870788574,0.3735375702381134,-0.20813024044036865,0.5709252953529358,0.3737388551235199,-0.2081807553768158,0.5703925490379333,0.36507105827331543,-0.1515137404203415,0.5645350217819214,0.3702964782714844,-0.21038059890270233,0.5713792443275452,0.38062354922294617,-0.17817506194114685,0.5690391659736633,0.38286709785461426,-0.19538827240467072,0.5648970603942871,0.36483651399612427,-0.08417848497629166,0.5427290797233582,0.39782753586769104,-0.19435705244541168,0.5856823325157166,0.4088078439235687,-0.07093487679958344,0.5649787187576294,0.44805946946144104,-0.20329657196998596,0.599728524684906,0.4396570920944214,-0.12914273142814636,0.5990909337997437,0.44793036580085754,-0.22053425014019012,0.6068315505981445,0.4469480812549591,-0.14166206121444702,0.6078658103942871,0.45262810587882996,-0.24315392971038818,0.6067318916320801,0.4458291828632355,-0.1566275954246521,0.6085778474807739,0.44170281291007996,-0.24589720368385315,0.6041874885559082,0.44343647360801697,-0.1370818316936493,0.6051982641220093,0.43880993127822876,-0.2219422608613968,0.5671221613883972,0.43907347321510315,0.036607179790735245,0.5524632334709167,0.4703902006149292,-0.0365980826318264,0.6042741537094116,0.4341486990451813,-0.06264735758304596,0.5862724184989929,0.449392706155777,-0.14815787971019745,0.6248583197593689,0.5037990212440491,-0.003637317568063736,0.5927313566207886,0.5336861610412598,-0.05564159154891968,0.6214567422866821,0.5177323222160339,0.00040904543129727244,0.5883489847183228,0.5467146039009094,-0.046114664524793625,0.6421123147010803,0.5136025547981262,-0.04021862894296646,0.6096519231796265,0.5519003868103027,-0.07347101718187332
0400,./images/8/frame_00400.jpg,Fall,0.5746179223060608,0.37986838817596436,-0.16658183932304382,0.5752856135368347,0.3719068765640259,-0.16384610533714294,0.5752841234207153,0.3704865276813507,-0.16388726234436035,0.5752585530281067,0.36914294958114624,-0.1639297753572464,0.5741896629333496,0.3739907443523407,-0.17728152871131897,0.5734424591064453,0.37405386567115784,-0.17731934785842896,0.5726295709609985,0.3742472231388092,-0.17737345397472382,0.5699824690818787,0.36490070819854736,-0.12688735127449036,0.5660431981086731,0.37059450149536133,-0.1893783062696457,0.5717219114303589,0.3809012174606323,-0.14910410344600677,0.5700973272323608,0.3828433156013489,-0.1669963300228119,0.5641566514968872,0.364413321018219,-0.06350965052843094,0.5438131093978882,0.3976292908191681,-0.1899719536304474,0.5855475068092346,0.40864643454551697,-0.03621196746826172,0.5681290626525879,0.44647735357284546,-0.18734677135944366,0.6036695241928101,0.4388367831707001,-0.07735002040863037,0.6038879156112671,0.4465804696083069,-0.19820642471313477,0.6108313798904419,0.44512587785720825,-0.0856199637055397,0.612726092338562,0.45191776752471924,-0.21922171115875244,0.6117168664932251,0.4440464377403259,-0.10156997293233871,0.6140138506889343,0.4407641589641571,-0.22189366817474365,0.6086497902870178,0.4421723186969757,-0.08499770611524582,0.6105101704597473,0.43774163722991943,-0.19951115548610687,0.5666106939315796,0.43954727053642273,0.038051966577768326,0.5526958703994751,0.47052454948425293,-0.03805127739906311,0.6042413711547852,0.4343762695789337,-0.04844365268945694,0.5882055163383484,0.4508289694786072,-0.1270027458667755,0.6288504004478455,0.4990312457084656,0.0008858857909217477,0.5944004058837891,0.5341225266456604,-0.049516964703798294,0.6275885105133057,0.5134871006011963,0.004423384554684162,0.5884129405021667,0.5472120642662048,-0.041499607264995575,0.6488503217697144,0.5034484267234802,-0.030804086476564407,0.6137669682502747,0.551897406578064,-0.06574195623397827
0401,./images/8/frame_00401.jpg,Fall,0.5746830105781555,0.38127759099006653,-0.1738484501838684,0.5757228136062622,0.3736904561519623,-0.17077873647212982,0.575809121131897,0.37225914001464844,-0.17081639170646667,0.5759220123291016,0.3706887662410736,-0.1708633303642273,0.5744733214378357,0.3761231303215027,-0.18337860703468323,0.5736559629440308,0.37646281719207764,-0.18341511487960815,0.5728285908699036,0.3768704831600189,-0.18345895409584045,0.5707043409347534,0.3665846884250641,-0.13434502482414246,0.5652812719345093,0.373049795627594,-0.1956385225057602,0.5720666646957397,0.38208046555519104,-0.15534506738185883,0.5703065395355225,0.38460901379585266,-0.17214982211589813,0.5642277002334595,0.36349496245384216,-0.07408551871776581,0.543948233127594,0.40087205171585083,-0.18492391705513,0.586410641670227,0.40702107548713684,-0.051249392330646515,0.5676482319831848,0.45118433237075806,-0.18734022974967957,0.6039705276489258,0.4364668130874634,-0.10395697504281998,0.6015748381614685,0.4442490041255951,-0.19676363468170166,0.6121002435684204,0.4420958161354065,-0.11520002782344818,0.6102480292320251,0.44760504364967346,-0.21703550219535828,0.6124641299247742,0.4409964680671692,-0.13076406717300415,0.6106048226356506,0.4359246492385864,-0.21931982040405273,0.6083818674087524,0.44051414728164673,-0.1118212342262268,0.6072671413421631,0.4334644377231598,-0.19782774150371552,0.5667406320571899,0.4396922290325165,0.037392739206552505,0.553466796875,0.47275203466415405,-0.03736410290002823,0.6046078205108643,0.43439817428588867,-0.04292511194944382,0.5953043699264526,0.46027877926826477,-0.11094431579113007,0.6278625726699829,0.5014685988426208,0.015948407351970673,0.5967364311218262,0.534432053565979,-0.022048868238925934,0.6265332698822021,0.5153780579566956,0.020687784999608994,0.5886598825454712,0.5468292236328125,-0.012736047618091106,0.6463476419448853,0.5108964443206787,-0.011018771678209305,0.615566611289978,0.5519543886184692,-0.03178677707910538
0402,./images/8/frame_00402.jpg,Fall,0.5760596394538879,0.383497953414917,-0.18719498813152313,0.5768836736679077,0.3762456774711609,-0.18647871911525726,0.576923131942749,0.3747238516807556,-0.18652920424938202,0.576952338218689,0.3731492757797241,-0.18658873438835144,0.5758432149887085,0.3785652220249176,-0.198353111743927,0.5752317905426025,0.379071980714798,-0.19840750098228455,0.5745052099227905,0.3793617784976959,-0.19846263527870178,0.5717238187789917,0.36759474873542786,-0.1539129614830017,0.5678194761276245,0.3759419620037079,-0.20820467174053192,0.5732771158218384,0.3835022747516632,-0.17109139263629913,0.5717619061470032,0.38604605197906494,-0.1867998093366623,0.5654603838920593,0.3635527193546295,-0.09783648699522018,0.5454692840576172,0.4035987854003906,-0.18829573690891266,0.5883872509002686,0.40702831745147705,-0.08172868192195892,0.565894365310669,0.4600691795349121,-0.185242161154747,0.6073155999183655,0.43590113520622253,-0.12701009213924408,0.6002796292304993,0.4584568738937378,-0.18681524693965912,0.6119815111160278,0.44180285930633545,-0.13815176486968994,0.6095411777496338,0.4638596773147583,-0.20302827656269073,0.6140643954277039,0.43902045488357544,-0.1529092788696289,0.6098689436912537,0.4513898193836212,-0.2072443962097168,0.6109943985939026,0.44042539596557617,-0.13415244221687317,0.6068726181983948,0.4479089379310608,-0.1881539672613144,0.56728196144104,0.44004178047180176,0.03517851233482361,0.5557153224945068,0.47597044706344604,-0.03508809953927994,0.6044192314147949,0.43472760915756226,-0.044189564883708954,0.5989471077919006,0.46561574935913086,-0.11227371543645859,0.6326726078987122,0.4892847239971161,0.005667395424097776,0.5994653701782227,0.5355329513549805,-0.02188427932560444,0.6330680251121521,0.503337025642395,0.011246392503380775,0.5930679440498352,0.5472320318222046,-0.012852579355239868,0.652535617351532,0.4877205789089203,-0.025687366724014282,0.6157116889953613,0.5521672964096069,-0.03253019228577614
0403,./images/8/frame_00403.jpg,Fall,0.5755014419555664,0.3841182589530945,-0.2184871882200241,0.5763935446739197,0.37680917978286743,-0.21744072437286377,0.5766118764877319,0.37531137466430664,-0.21748395264148712,0.5767511129379272,0.37392187118530273,-0.21754881739616394,0.5750027894973755,0.37898293137550354,-0.22841373085975647,0.5741394758224487,0.37922531366348267,-0.22847171127796173,0.5732403993606567,0.37942957878112793,-0.2285226285457611,0.5720576643943787,0.368226021528244,-0.17748084664344788,0.5670739412307739,0.375672310590744,-0.2274506390094757,0.5728272199630737,0.3839503824710846,-0.19905750453472137,0.5710476636886597,0.3866787850856781,-0.21368499100208282,0.5674095749855042,0.36384615302085876,-0.11130577325820923,0.5451706647872925,0.4025261700153351,-0.20028424263000488,0.5898058414459229,0.4083123207092285,-0.07882001250982285,0.5669853687286377,0.4559118449687958,-0.19701841473579407,0.6091393828392029,0.437188982963562,-0.1161680668592453,0.6027100682258606,0.4513615369796753,-0.20365016162395477,0.613782525062561,0.4475768506526947,-0.11943527311086655,0.6122127771377563,0.45534899830818176,-0.2227148711681366,0.6149173378944397,0.4461476504802704,-0.14025279879570007,0.6126445531845093,0.4432391822338104,-0.2256247103214264,0.6120271682739258,0.4453320801258087,-0.12259529531002045,0.6090772151947021,0.44055917859077454,-0.20481932163238525,0.568006694316864,0.4384573996067047,0.031908921897411346,0.5555991530418396,0.47574949264526367,-0.031796324998140335,0.6060214638710022,0.4443851411342621,-0.050778746604919434,0.5956354141235352,0.48340916633605957,-0.10884362459182739,0.6330751776695251,0.4944082796573639,0.0023296992294490337,0.5992671251296997,0.5330755114555359,0.01645646244287491,0.6329777836799622,0.5073211193084717,0.007226897869259119,0.5935758352279663,0.5369060039520264,0.029117589816451073,0.6521074771881104,0.49701792001724243,-0.029465261846780777,0.6136049032211304,0.5517769455909729,0.011887370608747005
0404,./images/8/frame_00404.jpg,Fall,0.5777376294136047,0.38335880637168884,-0.20701737701892853,0.5783607363700867,0.37616220116615295,-0.20653817057609558,0.5783811807632446,0.37476593255996704,-0.20657293498516083,0.5783703327178955,0.37346118688583374,-0.20662884414196014,0.5774273872375488,0.37824711203575134,-0.21732421219348907,0.576599657535553,0.37848442792892456,-0.21739590167999268,0.5759029984474182,0.37868690490722656,-0.21745535731315613,0.5733174085617065,0.36804017424583435,-0.17338250577449799,0.5700300335884094,0.37538889050483704,-0.22227247059345245,0.5745847225189209,0.383101224899292,-0.19024163484573364,0.5730760097503662,0.3855877220630646,-0.20471148192882538,0.5686873197555542,0.36419278383255005,-0.11580634117126465,0.549667477607727,0.4053960144519806,-0.1962779462337494,0.5891214609146118,0.409580260515213,-0.079557403922081,0.5677596926689148,0.45937085151672363,-0.1863534301519394,0.6001511812210083,0.43695589900016785,-0.09575158357620239,0.6013517379760742,0.45933425426483154,-0.17663833498954773,0.6015375256538391,0.4467453062534332,-0.10107816755771637,0.6108740568161011,0.46543383598327637,-0.19099056720733643,0.6015762090682983,0.44467654824256897,-0.11344689130783081,0.6110153198242188,0.4534481167793274,-0.19459977746009827,0.600199818611145,0.4437295198440552,-0.09985436499118805,0.6075013875961304,0.44958969950675964,-0.17745189368724823,0.5714234709739685,0.4410264790058136,0.026891712099313736,0.5590783357620239,0.4764213263988495,-0.026747092604637146,0.6068732142448425,0.4430334270000458,-0.05291200801730156,0.5970602035522461,0.48987990617752075,-0.09692086279392242,0.6375437378883362,0.48478540778160095,0.0017997827380895615,0.6024631857872009,0.5342659950256348,0.015164772979915142,0.6385288834571838,0.496234267950058,0.006472863256931305,0.5993664860725403,0.5396069884300232,0.026071935892105103,0.6572957634925842,0.48309919238090515,-0.02780042216181755,0.6150842905044556,0.5519227981567383,0.004602914676070213
0405,./images/8/frame_00405.jpg,Fall,0.5780640244483948,0.3871980309486389,-0.1880222111940384,0.5789690017700195,0.3797668516635895,-0.19023588299751282,0.5791051983833313,0.37784162163734436,-0.19026347994804382,0.5792458057403564,0.37629395723342896,-0.19030538201332092,0.5775722861289978,0.3823240101337433,-0.2017030417919159,0.5767298340797424,0.38259151577949524,-0.20178727805614471,0.5758377909660339,0.3828960061073303,-0.20185419917106628,0.5745058655738831,0.3703017234802246,-0.16085119545459747,0.5696555376052856,0.37905609607696533,-0.21305766701698303,0.5754466652870178,0.3859267830848694,-0.17439745366573334,0.5737118124961853,0.38846176862716675,-0.18975146114826202,0.5688835382461548,0.362953782081604,-0.10262151062488556,0.5481898784637451,0.4048611521720886,-0.19243808090686798,0.5896094441413879,0.4086952209472656,-0.06940022855997086,0.5679121017456055,0.45729145407676697,-0.18644952774047852,0.5973995923995972,0.4368445575237274,-0.07570627331733704,0.6006940007209778,0.4539432227611542,-0.18076308071613312,0.5981577634811401,0.4471738040447235,-0.0803995206952095,0.6098964810371399,0.45863452553749084,-0.19700875878334045,0.5977047085762024,0.44431376457214355,-0.09247633069753647,0.6099549531936646,0.4469141960144043,-0.19783644378185272,0.5966826677322388,0.44276881217956543,-0.0801381915807724,0.6065381765365601,0.4439924955368042,-0.18074698746204376,0.571112334728241,0.44053396582603455,0.02824215218424797,0.5585681796073914,0.4760962724685669,-0.028124716132879257,0.6067253947257996,0.4473538398742676,-0.04018900543451309,0.5972020030021667,0.4918745160102844,-0.08837347477674484,0.6346238851547241,0.4875778257846832,0.023130126297473907,0.6030060648918152,0.5366789698600769,0.012958861887454987,0.6351945996284485,0.49832266569137573,0.028389642015099525,0.5999404191970825,0.5408694744110107,0.022771265357732773,0.6528663635253906,0.48752474784851074,-0.0043113986030220985,0.6161280870437622,0.5540539026260376,-0.0004863573703914881
0406,./images/8/frame_00406.jpg,Fall,0.5784385800361633,0.3893730640411377,-0.19106051325798035,0.5795925259590149,0.3813347816467285,-0.19292274117469788,0.579741895198822,0.3796160817146301,-0.1929534375667572,0.5798549652099609,0.37751516699790955,-0.19300316274166107,0.5780015587806702,0.3837840259075165,-0.2046167552471161,0.5771190524101257,0.3838978111743927,-0.20469577610492706,0.5760844349861145,0.38408732414245605,-0.2047460973262787,0.5750676393508911,0.3716522753238678,-0.1633571833372116,0.569118857383728,0.37863588333129883,-0.21675562858581543,0.5757173299789429,0.38825610280036926,-0.1767117977142334,0.5739108324050903,0.39062783122062683,-0.1923637092113495,0.5685119032859802,0.3638478219509125,-0.10705189406871796,0.547378420829773,0.4045243263244629,-0.191623717546463,0.5896075963973999,0.40805092453956604,-0.06774357706308365,0.5672022104263306,0.4557850658893585,-0.16851995885372162,0.5950160026550293,0.43631571531295776,-0.07882677763700485,0.5942499041557312,0.4432319700717926,-0.1351187527179718,0.5961850881576538,0.44652053713798523,-0.08472681045532227,0.6029865741729736,0.4448116719722748,-0.14428570866584778,0.5943464636802673,0.4437769055366516,-0.09499695152044296,0.6011419296264648,0.4328901171684265,-0.14766880869865417,0.5931456685066223,0.44266703724861145,-0.08256566524505615,0.5978423357009888,0.43108588457107544,-0.13475114107131958,0.5709449052810669,0.44098445773124695,0.02809732034802437,0.5587999820709229,0.4780520498752594,-0.02793201245367527,0.6072724461555481,0.44576290249824524,-0.030362006276845932,0.5978742837905884,0.49010345339775085,-0.0788315162062645,0.634840190410614,0.4892231822013855,0.01658850535750389,0.6062880754470825,0.5357063412666321,0.023213058710098267,0.6350183486938477,0.5012952089309692,0.02038346417248249,0.6033554673194885,0.5401782989501953,0.0334167443215847,0.653999924659729,0.48847851157188416,-0.01284998469054699,0.6216408014297485,0.5492247939109802,0.013661215081810951
0407,./images/8/frame_00407.jpg,Fall,0.579800009727478,0.3873032033443451,-0.1656886488199234,0.5807230472564697,0.3794271647930145,-0.16532517969608307,0.5806928873062134,0.37782570719718933,-0.16536951065063477,0.5806347727775574,0.37599003314971924,-0.16541622579097748,0.5797951817512512,0.38174641132354736,-0.17851677536964417,0.5789955854415894,0.38198745250701904,-0.17858055233955383,0.5783194303512573,0.3823067247867584,-0.17862868309020996,0.5752258896827698,0.3706466555595398,-0.13616400957107544,0.5708048939704895,0.37747451663017273,-0.19592592120170593,0.5763173699378967,0.3868764340877533,-0.15075509250164032,0.5748774409294128,0.38924887776374817,-0.16818812489509583,0.566017746925354,0.36395516991615295,-0.07796794921159744,0.5536764860153198,0.405093252658844,-0.18229363858699799,0.5867522358894348,0.40558362007141113,-0.04370291531085968,0.5759246945381165,0.45504748821258545,-0.16576264798641205,0.5962945222854614,0.42663493752479553,-0.08222384005784988,0.6044020652770996,0.442131370306015,-0.1425122618675232,0.5988479256629944,0.43397361040115356,-0.09095322340726852,0.6132165789604187,0.4439244270324707,-0.1562662124633789,0.5979424715042114,0.43026480078697205,-0.10389505326747894,0.6112663745880127,0.4320937991142273,-0.15943267941474915,0.5959690809249878,0.4291931092739105,-0.0882587879896164,0.607886552810669,0.43004941940307617,-0.14281028509140015,0.5702975988388062,0.4413304626941681,0.03386148065328598,0.5614280700683594,0.4779384136199951,-0.033726390451192856,0.6072059869766235,0.44180598855018616,-0.021072011440992355,0.6016157269477844,0.46976611018180847,-0.08723079413175583,0.6307708024978638,0.494439959526062,0.041965801268815994,0.6061303615570068,0.5329747796058655,0.00870724581182003,0.6291682720184326,0.5071264505386353,0.047179386019706726,0.6022236943244934,0.5400813817977905,0.018590277060866356,0.6483853459358215,0.5000560879707336,0.017543820664286613,0.6210214495658875,0.5492176413536072,0.0021473346278071404
0408,./images/8/frame_00408.jpg,Fall,0.58039391040802,0.3862162232398987,-0.17561933398246765,0.581251859664917,0.3785683810710907,-0.17486490309238434,0.5811954140663147,0.3771539330482483,-0.174897700548172,0.5810561180114746,0.3756270110607147,-0.17494145035743713,0.5801869630813599,0.38075515627861023,-0.1867772787809372,0.5794636607170105,0.3811866044998169,-0.18683727085590363,0.5787725448608398,0.3817482888698578,-0.1868789792060852,0.5754066109657288,0.3702133595943451,-0.1412874460220337,0.570736825466156,0.37684178352355957,-0.19745060801506042,0.5765682458877563,0.38632169365882874,-0.15896447002887726,0.5751229524612427,0.38848522305488586,-0.17475314438343048,0.5653801560401917,0.3637945055961609,-0.08206967264413834,0.5538151860237122,0.40593114495277405,-0.18446598947048187,0.5841084718704224,0.40325266122817993,-0.029164519160985947,0.5760502219200134,0.4545886516571045,-0.17275604605674744,0.5969364643096924,0.4246416687965393,-0.04249826446175575,0.608238160610199,0.44215601682662964,-0.16161103546619415,0.5999953746795654,0.43187013268470764,-0.0474529005587101,0.6178853511810303,0.44415923953056335,-0.17739485204219818,0.5994349718093872,0.4289330244064331,-0.0625544860959053,0.6167236566543579,0.4319724142551422,-0.18023575842380524,0.5972285270690918,0.427703320980072,-0.0486275851726532,0.6130920052528381,0.4298167824745178,-0.16216397285461426,0.5702792406082153,0.44183793663978577,0.034234337508678436,0.5608275532722473,0.4785122871398926,-0.0341070257127285,0.6074833273887634,0.4414334297180176,-0.02659166418015957,0.6023211479187012,0.47777795791625977,-0.08925877511501312,0.6311649084091187,0.4930599629878998,0.03992312029004097,0.6051732897758484,0.535370945930481,0.01554494071751833,0.6299461126327515,0.5057007074356079,0.04545242339372635,0.6012219190597534,0.5422857999801636,0.02626103162765503,0.6494137048721313,0.4962860941886902,0.015359732322394848,0.6200861930847168,0.5515013933181763,0.008904267102479935
0409,./images/8/frame_00409.jpg,Fall,0.5819116830825806,0.3872111141681671,-0.1502683013677597,0.582689642906189,0.37916919589042664,-0.1502819061279297,0.5825681090354919,0.3775355815887451,-0.15033523738384247,0.5823813676834106,0.3758906126022339,-0.15038494765758514,0.5818754434585571,0.3828582763671875,-0.16326826810836792,0.5811222195625305,0.3833410143852234,-0.1633194237947464,0.5804640650749207,0.3838474750518799,-0.1633671224117279,0.5764452219009399,0.3700268566608429,-0.12467517703771591,0.5735772252082825,0.37931081652641296,-0.18359175324440002,0.5795535445213318,0.3857985734939575,-0.13655824959278107,0.5764139890670776,0.38906848430633545,-0.1537882387638092,0.5653997659683228,0.36383798718452454,-0.07178336381912231,0.553733766078949,0.40547382831573486,-0.17615166306495667,0.5850018858909607,0.4056057035923004,-0.04209049791097641,0.5756734013557434,0.45424267649650574,-0.16662971675395966,0.6060264110565186,0.42973268032073975,-0.0889240950345993,0.6090344190597534,0.443187415599823,-0.1550895720720291,0.6097601652145386,0.43643811345100403,-0.09858685731887817,0.6183556914329529,0.44614025950431824,-0.17089000344276428,0.6105415225028992,0.4345391094684601,-0.11355217546224594,0.6181734204292297,0.43324071168899536,-0.17269964516162872,0.6051250696182251,0.4306674003601074,-0.09637080132961273,0.6144712567329407,0.43075910210609436,-0.15534743666648865,0.5697847008705139,0.44233861565589905,0.035186007618904114,0.560321569442749,0.4783112406730652,-0.035063356161117554,0.6079228520393372,0.4436103403568268,-0.0318690724670887,0.6004196405410767,0.4778408110141754,-0.10687776654958725,0.6363874077796936,0.4919469654560089,0.02508993074297905,0.6046044230461121,0.5389457941055298,-0.023124072700738907,0.6364722847938538,0.504703938961029,0.026467200368642807,0.600694477558136,0.5476264953613281,-0.014792585745453835,0.6556875705718994,0.49021729826927185,-0.0029306714423000813,0.6195803880691528,0.5537551045417786,-0.03573862463235855
0410,./images/8/frame_00410.jpg,Fall,0.5831872224807739,0.3870633542537689,-0.16617126762866974,0.5839807391166687,0.3788551390171051,-0.1655864417552948,0.5837535858154297,0.3772067725658417,-0.16563227772712708,0.5834670662879944,0.37560001015663147,-0.16568037867546082,0.5834906697273254,0.3829900920391083,-0.1786278337240219,0.5829330682754517,0.3835780620574951,-0.1786831021308899,0.582257091999054,0.38430413603782654,-0.17873452603816986,0.5773046612739563,0.3698819577693939,-0.1352197229862213,0.5744386911392212,0.3790239691734314,-0.19466738402843475,0.5795137882232666,0.3856984078884125,-0.1511566936969757,0.5782923102378845,0.3891504108905792,-0.1681707203388214,0.5653350949287415,0.3650321960449219,-0.07571355253458023,0.5554980039596558,0.40651267766952515,-0.1896737962961197,0.584839940071106,0.4066232144832611,-0.046670712530612946,0.5769704580307007,0.4540095925331116,-0.187282994389534,0.604737401008606,0.43390384316444397,-0.0880751982331276,0.6110279560089111,0.4441922605037689,-0.18506500124931335,0.6086267232894897,0.44160643219947815,-0.0970800444483757,0.6205865740776062,0.447571724653244,-0.2041737139225006,0.6088811159133911,0.43970125913619995,-0.11201385408639908,0.6204666495323181,0.43472039699554443,-0.20627517998218536,0.604731559753418,0.4373265206813812,-0.09503009170293808,0.6166912913322449,0.43219709396362305,-0.18591615557670593,0.5697139501571655,0.4433523714542389,0.037294745445251465,0.5608223676681519,0.48002925515174866,-0.03718828037381172,0.6078199148178101,0.44399625062942505,-0.032621242105960846,0.6010029315948486,0.4779118299484253,-0.11535918712615967,0.6357731819152832,0.49232059717178345,0.028168892487883568,0.6050708889961243,0.5425219535827637,-0.02296995185315609,0.6357631087303162,0.5051547288894653,0.032252080738544464,0.6009537577629089,0.5528196692466736,-0.013891401700675488,0.655049204826355,0.4904242157936096,5.790487557533197e-05,0.6202045679092407,0.5551146268844604,-0.035583727061748505
0411,./images/8/frame_00411.jpg,Fall,0.5835431814193726,0.3921757936477661,-0.16176065802574158,0.5846870541572571,0.38418251276016235,-0.16099682450294495,0.5847249627113342,0.3824707567691803,-0.16104818880558014,0.5847069621086121,0.38048654794692993,-0.16109074652194977,0.5835064649581909,0.38708946108818054,-0.17479068040847778,0.5826879739761353,0.3874139189720154,-0.17483988404273987,0.5818280577659607,0.3878253996372223,-0.1748925745487213,0.5791995525360107,0.3740168809890747,-0.1298319548368454,0.5747690796852112,0.38305309414863586,-0.1924584060907364,0.5801664590835571,0.39059266448020935,-0.14589382708072662,0.5783828496932983,0.39382925629615784,-0.1641714870929718,0.5691457986831665,0.3670516610145569,-0.07237984985113144,0.5540367364883423,0.4061709940433502,-0.18611319363117218,0.5883790850639343,0.4090956747531891,-0.048580385744571686,0.5757067203521729,0.45384153723716736,-0.18926413357257843,0.6082640290260315,0.4369957745075226,-0.10124941170215607,0.610187828540802,0.4505924582481384,-0.19766023755073547,0.6115633845329285,0.4447571635246277,-0.1113748773932457,0.6193757057189941,0.456123024225235,-0.2182614505290985,0.6157791614532471,0.44015413522720337,-0.1266741156578064,0.6177610754966736,0.4387361705303192,-0.22076451778411865,0.6118886470794678,0.44033971428871155,-0.1088930144906044,0.6141239404678345,0.4386695325374603,-0.1989985853433609,0.5697858929634094,0.4438851773738861,0.03798484802246094,0.5580002069473267,0.4797267019748688,-0.03790179640054703,0.6098296046257019,0.4438096284866333,-0.04643707349896431,0.5916531682014465,0.46848976612091064,-0.14364993572235107,0.6360371708869934,0.49797990918159485,0.0026939145755022764,0.6012296080589294,0.5421890020370483,-0.06183331459760666,0.636119544506073,0.5130112171173096,0.005807342939078808,0.5981367826461792,0.5549466609954834,-0.05423278361558914,0.6558732390403748,0.49141937494277954,-0.031698938459157944,0.617944598197937,0.5550606846809387,-0.08380116522312164
0412,./images/8/frame_00412.jpg,Fall,0.5852448344230652,0.3937681019306183,-0.20145606994628906,0.585945725440979,0.3852085471153259,-0.20217883586883545,0.5858041048049927,0.3823746144771576,-0.20222918689250946,0.5856571197509766,0.3805257976055145,-0.2022964209318161,0.5849509835243225,0.3881092965602875,-0.21538007259368896,0.5843175053596497,0.3883225619792938,-0.21545016765594482,0.5837035179138184,0.38857316970825195,-0.215506911277771,0.5796500444412231,0.37404289841651917,-0.17439322173595428,0.5759162306785583,0.3830651044845581,-0.23381450772285461,0.5815626978874207,0.3907793164253235,-0.18647131323814392,0.5800899267196655,0.39520135521888733,-0.2038908749818802,0.571313738822937,0.3674120306968689,-0.1201326847076416,0.5552564263343811,0.40967127680778503,-0.21379148960113525,0.5930469036102295,0.4090234041213989,-0.09684876352548599,0.5748983025550842,0.45890095829963684,-0.19844427704811096,0.6143611669540405,0.4394836723804474,-0.131863072514534,0.6087003350257874,0.4615751802921295,-0.18840816617012024,0.6191871166229248,0.4476241171360016,-0.14273513853549957,0.6179636120796204,0.46808189153671265,-0.2058226615190506,0.6200262308120728,0.4459078013896942,-0.15864545106887817,0.6167961359024048,0.4548277258872986,-0.20902326703071594,0.6174598932266235,0.44540366530418396,-0.13915859162807465,0.6132544875144958,0.45142343640327454,-0.1895485669374466,0.5707364082336426,0.4440899193286896,0.034920092672109604,0.5590412020683289,0.48101845383644104,-0.034777991473674774,0.6125785112380981,0.44537100195884705,-0.04152713716030121,0.604823648929596,0.5016669631004333,-0.11379388719797134,0.6420479416847229,0.4897429049015045,0.008838698267936707,0.6059292554855347,0.5417677760124207,0.013646763749420643,0.6427019834518433,0.5017964839935303,0.012679340317845345,0.6018163561820984,0.549314022064209,0.026248008012771606,0.6613479256629944,0.4798985421657562,-0.02256178669631481,0.6196568608283997,0.5550150871276855,0.013718058355152607
0413,./images/8/frame_00413.jpg,Fall,0.5851865410804749,0.39571303129196167,-0.19135873019695282,0.5862992405891418,0.3873412609100342,-0.19047093391418457,0.5862768888473511,0.385233998298645,-0.1905156970024109,0.5861720442771912,0.3823542296886444,-0.19057102501392365,0.585189700126648,0.3895479738712311,-0.20334288477897644,0.5844363570213318,0.3895103931427002,-0.20340558886528015,0.583755612373352,0.3894839286804199,-0.2034597396850586,0.5804182291030884,0.3748694062232971,-0.16083602607250214,0.5753485560417175,0.3828456997871399,-0.22015981376171112,0.5815881490707397,0.39343422651290894,-0.17520661652088165,0.5799716711044312,0.3965575397014618,-0.1922079473733902,0.5721338987350464,0.36759358644485474,-0.1060866266489029,0.5544196367263794,0.4089268147945404,-0.20845015347003937,0.5977752208709717,0.4115305542945862,-0.08793650567531586,0.5746403932571411,0.45791807770729065,-0.21329741179943085,0.6206578016281128,0.4454095959663391,-0.12345997244119644,0.6096408367156982,0.4587724804878235,-0.2188643515110016,0.625670313835144,0.4534400999546051,-0.1329561322927475,0.619019091129303,0.4646642506122589,-0.23973342776298523,0.6267929077148438,0.4522719979286194,-0.1490982174873352,0.6198298931121826,0.45152977108955383,-0.240243598818779,0.6244850754737854,0.451498806476593,-0.13094694912433624,0.6159977316856384,0.44829341769218445,-0.21963787078857422,0.5708577036857605,0.4444686472415924,0.035712458193302155,0.558460533618927,0.4818789064884186,-0.035594642162323,0.6118797063827515,0.4474093019962311,-0.049476273357868195,0.6047541499137878,0.496291846036911,-0.1356036514043808,0.6394496560096741,0.4972907304763794,0.0015386288287118077,0.6049257516860962,0.5466195940971375,-0.024347949773073196,0.6402273774147034,0.5099160671234131,0.005423284135758877,0.60014408826828,0.5523863434791565,-0.012597359716892242,0.6583719253540039,0.4954044818878174,-0.02829272486269474,0.6191081404685974,0.5630467534065247,-0.02530616894364357
0414,./images/8/frame_00414.jpg,Fall,0.5855184197425842,0.3947639465332031,-0.15821141004562378,0.5866779685020447,0.3867373466491699,-0.15907195210456848,0.5866080522537231,0.38484784960746765,-0.15913495421409607,0.5864699482917786,0.38264915347099304,-0.1592029631137848,0.5856752991676331,0.3901118338108063,-0.17278513312339783,0.5849283933639526,0.39029622077941895,-0.17283160984516144,0.5840791463851929,0.39056092500686646,-0.1728859692811966,0.5806936025619507,0.37511274218559265,-0.13588300347328186,0.576995849609375,0.3844817578792572,-0.1982129067182541,0.5815839767456055,0.3927871286869049,-0.1447453796863556,0.5803483128547668,0.39576631784439087,-0.1629159152507782,0.5714121460914612,0.36944037675857544,-0.0857100635766983,0.5552051067352295,0.4088228940963745,-0.19507989287376404,0.5959911346435547,0.412509948015213,-0.06299519538879395,0.5775137543678284,0.45776525139808655,-0.21147885918617249,0.6235871315002441,0.44410887360572815,-0.09460940957069397,0.6166025996208191,0.45809608697891235,-0.20003262162208557,0.6300455927848816,0.4513642489910126,-0.10153178870677948,0.6262786388397217,0.464595764875412,-0.21913090348243713,0.6322485208511353,0.45014965534210205,-0.12026049941778183,0.6278342604637146,0.4515819847583771,-0.2206399142742157,0.6291893720626831,0.44958415627479553,-0.10307763516902924,0.6240373253822327,0.4480080008506775,-0.20082977414131165,0.5707803964614868,0.4453010559082031,0.03589743375778198,0.5584715008735657,0.4815313518047333,-0.03578227013349533,0.6129193305969238,0.45210787653923035,-0.02119731530547142,0.5985015034675598,0.5005431771278381,-0.1256549060344696,0.6386298537254333,0.5003782510757446,0.043460048735141754,0.6071563363075256,0.5457133650779724,-0.022758156061172485,0.6386078596115112,0.5104566216468811,0.04922185093164444,0.6044737100601196,0.5497369766235352,-0.01243156660348177,0.6581565141677856,0.4986891746520996,0.021334318444132805,0.6219116449356079,0.5568237900733948,-0.02902555838227272
0415,./images/8/frame_00415.jpg,Fall,0.5863617062568665,0.3949161469936371,-0.16702625155448914,0.5874480605125427,0.38668179512023926,-0.16746461391448975,0.5873792767524719,0.38481631875038147,-0.16752105951309204,0.5874078273773193,0.38278260827064514,-0.16758617758750916,0.5864683985710144,0.39068403840065,-0.18070046603679657,0.5857270956039429,0.3908638060092926,-0.18075335025787354,0.5848084688186646,0.3911839723587036,-0.18080459535121918,0.5813695788383484,0.3751896023750305,-0.13977673649787903,0.5773648023605347,0.3840876817703247,-0.20054015517234802,0.5847193002700806,0.39210250973701477,-0.15261247754096985,0.5809910893440247,0.3957204520702362,-0.17017626762390137,0.5714877843856812,0.37005728483200073,-0.09217189252376556,0.5560919642448425,0.4094149172306061,-0.19490769505500793,0.5982663631439209,0.41323772072792053,-0.07242805510759354,0.5766515135765076,0.4620242714881897,-0.21022076904773712,0.6284060478210449,0.4445754587650299,-0.11010213941335678,0.6142950057983398,0.4736965298652649,-0.19487479329109192,0.6352695226669312,0.45109084248542786,-0.11747096478939056,0.6235693097114563,0.48222270607948303,-0.21332049369812012,0.6373632550239563,0.4507870674133301,-0.13696350157260895,0.6248912811279297,0.470098078250885,-0.21523185074329376,0.6342442035675049,0.45072266459465027,-0.11868079751729965,0.6215519309043884,0.4656442403793335,-0.19562871754169464,0.5707852840423584,0.44542402029037476,0.03707941994071007,0.5588947534561157,0.48214995861053467,-0.03694135695695877,0.6143688559532166,0.45433855056762695,-0.014366060495376587,0.5988321304321289,0.5081047415733337,-0.12151224911212921,0.6319277882575989,0.5080790519714355,0.06482546031475067,0.63023841381073,0.5247570276260376,-0.03516198322176933,0.6301385164260864,0.5157298445701599,0.07249104976654053,0.6308114528656006,0.5275161862373352,-0.026389002799987793,0.643661618232727,0.5124789476394653,0.045113593339920044,0.649457573890686,0.5143582820892334,-0.05085520073771477
0416,./images/8/frame_00416.jpg,Fall,0.5863410234451294,0.3993634879589081,-0.18966427445411682,0.5878241062164307,0.39156419038772583,-0.191604882478714,0.5879377126693726,0.38977310061454773,-0.19166167080402374,0.5880764722824097,0.3869178891181946,-0.1917368322610855,0.5865809321403503,0.39405229687690735,-0.20536836981773376,0.5857886075973511,0.39403998851776123,-0.20542410016059875,0.584923267364502,0.3949381113052368,-0.20546862483024597,0.5827153325080872,0.3776420056819916,-0.16679637134075165,0.5772439241409302,0.3854528069496155,-0.2286422699689865,0.5838884711265564,0.3976525664329529,-0.1752234399318695,0.5814529657363892,0.3999747335910797,-0.19332289695739746,0.5719909071922302,0.3699866831302643,-0.1129411906003952,0.5562018156051636,0.40913569927215576,-0.21988916397094727,0.6022032499313354,0.413301944732666,-0.095403753221035,0.5766265988349915,0.46139636635780334,-0.22160539031028748,0.6283621788024902,0.4476097524166107,-0.12964965403079987,0.6137507557868958,0.46704185009002686,-0.2199462354183197,0.6336034536361694,0.4547610878944397,-0.13878221809864044,0.6229120492935181,0.47417381405830383,-0.24077698588371277,0.6349084377288818,0.4540441632270813,-0.1565214991569519,0.6241000890731812,0.4627656638622284,-0.24147555232048035,0.6324752569198608,0.453797310590744,-0.13774998486042023,0.6205363273620605,0.45860016345977783,-0.2207115888595581,0.5715557932853699,0.4454164206981659,0.037005458027124405,0.558979332447052,0.48245689272880554,-0.03687497228384018,0.6154825091362,0.45629945397377014,-0.0009629538981243968,0.6007503271102905,0.5098849534988403,-0.07984976470470428,0.6334229707717896,0.5065822005271912,0.06613993644714355,0.6232781410217285,0.5352751016616821,0.0337173230946064,0.6315725445747375,0.5144369602203369,0.07217647135257721,0.6252050995826721,0.5341348648071289,0.04554121196269989,0.6445196866989136,0.5106179118156433,0.04320754110813141,0.6417537927627563,0.5320414304733276,0.030178498476743698
0417,./images/8/frame_00417.jpg,Fall,0.588554322719574,0.3977011442184448,-0.18537920713424683,0.5897079110145569,0.38978615403175354,-0.18637791275978088,0.589679479598999,0.38800048828125,-0.18643811345100403,0.5896033644676208,0.3854173421859741,-0.1865091770887375,0.588540256023407,0.3930147886276245,-0.19983014464378357,0.5878065824508667,0.3933042883872986,-0.19988268613815308,0.5870651006698608,0.39402541518211365,-0.19992855191230774,0.5836138725280762,0.37713000178337097,-0.16030409932136536,0.5802568197250366,0.3878035247325897,-0.22093412280082703,0.5850340127944946,0.39589640498161316,-0.17074033617973328,0.5834456086158752,0.3996621370315552,-0.1884724497795105,0.5723873376846313,0.3699294924736023,-0.10742427408695221,0.5584272146224976,0.4141053557395935,-0.21051163971424103,0.604606032371521,0.40979814529418945,-0.08921650052070618,0.583750307559967,0.4632377326488495,-0.21855895221233368,0.6351366639137268,0.44354286789894104,-0.13123460114002228,0.6265275478363037,0.47159767150878906,-0.23616819083690643,0.6412510871887207,0.4466608762741089,-0.1419389396905899,0.6366269588470459,0.4792177081108093,-0.2614489197731018,0.643528401851654,0.4477141201496124,-0.1607680320739746,0.6383129358291626,0.4653273820877075,-0.26210421323776245,0.6410041451454163,0.4504958689212799,-0.13987891376018524,0.6344302892684937,0.46138665080070496,-0.23768918216228485,0.5715574026107788,0.4453926384449005,0.037300609052181244,0.5592952370643616,0.4831215739250183,-0.03718944266438484,0.6145607233047485,0.4547528028488159,-0.009242036379873753,0.5973263382911682,0.49171337485313416,-0.11837343871593475,0.6305575370788574,0.515791654586792,0.07607670873403549,0.6170012354850769,0.5335758924484253,-0.02193005010485649,0.6281262040138245,0.525755763053894,0.08411908894777298,0.6154969930648804,0.5370652675628662,-0.011926366947591305,0.6445438265800476,0.5241050124168396,0.05442846938967705,0.6336555480957031,0.5363510847091675,-0.03385905176401138
0418,./images/8/frame_00418.jpg,Fall,0.5889437794685364,0.3995882570743561,-0.1980278342962265,0.5903201103210449,0.3915734589099884,-0.19902817904949188,0.5904753804206848,0.3889593482017517,-0.1990967094898224,0.5906694531440735,0.3867977559566498,-0.19918325543403625,0.58885657787323,0.39463964104652405,-0.21091881394386292,0.5879563689231873,0.3949640393257141,-0.2109675407409668,0.5871055722236633,0.39539656043052673,-0.2109927386045456,0.5854197144508362,0.37856823205947876,-0.1706923395395279,0.5790426731109619,0.3877844214439392,-0.22408632934093475,0.5861082077026367,0.3969630300998688,-0.18221428990364075,0.5842206478118896,0.40121832489967346,-0.19778168201446533,0.5789045691490173,0.36985868215560913,-0.12178472429513931,0.5576464533805847,0.4131019115447998,-0.20826037228107452,0.6131266355514526,0.41120609641075134,-0.11486349999904633,0.5808443427085876,0.4620378315448761,-0.21330854296684265,0.6457353830337524,0.4481266438961029,-0.1589166820049286,0.6215618848800659,0.47046831250190735,-0.23058390617370605,0.6527536511421204,0.4523371756076813,-0.16944628953933716,0.6308992505073547,0.4775020182132721,-0.2526269555091858,0.6542502641677856,0.4538707435131073,-0.18829886615276337,0.6312770247459412,0.46362948417663574,-0.2537401616573334,0.6511017680168152,0.4556088447570801,-0.16741687059402466,0.627505362033844,0.4601314067840576,-0.23199382424354553,0.5730981826782227,0.4497368335723877,0.03666629642248154,0.5598697662353516,0.4830138385295868,-0.03654089197516441,0.6158250570297241,0.4704611897468567,0.006191694643348455,0.5972037315368652,0.4924192726612091,-0.08033554255962372,0.6246335506439209,0.5295667052268982,0.09457014501094818,0.6342923045158386,0.5172532200813293,0.005943560041487217,0.6215046644210815,0.5378063917160034,0.10322251170873642,0.6363464593887329,0.5235489010810852,0.014784296974539757,0.6373780965805054,0.5396698713302612,0.07232893258333206,0.6547619104385376,0.5044916272163391,-0.017739806324243546
0419,./images/8/frame_00419.jpg,Fall,0.5888758897781372,0.40017130970954895,-0.20631511509418488,0.590317964553833,0.3912978172302246,-0.2071666419506073,0.590628981590271,0.3890485465526581,-0.20721307396888733,0.5907996892929077,0.3871345520019531,-0.20729222893714905,0.5890174508094788,0.3942667543888092,-0.21767368912696838,0.5881355404853821,0.3945750892162323,-0.21774263679981232,0.587399959564209,0.3949369788169861,-0.21778897941112518,0.5880773663520813,0.3796922564506531,-0.1774388700723648,0.5810408592224121,0.38989681005477905,-0.22465090453624725,0.5860008001327515,0.3983013927936554,-0.19028246402740479,0.584455132484436,0.40154778957366943,-0.2041170299053192,0.5799340009689331,0.3751867413520813,-0.12805171310901642,0.5580670833587646,0.4128122627735138,-0.2029493749141693,0.6072195172309875,0.4210965037345886,-0.1170986071228981,0.5784011483192444,0.4671056568622589,-0.18067136406898499,0.6242139339447021,0.45503413677215576,-0.15774987637996674,0.614596426486969,0.4755614399909973,-0.17130248248577118,0.625005841255188,0.46397536993026733,-0.1685934215784073,0.6237512826919556,0.4829074442386627,-0.18544292449951172,0.6229873895645142,0.4617805480957031,-0.18298175930976868,0.6244950890541077,0.4704001843929291,-0.18899783492088318,0.6229212284088135,0.4601536989212036,-0.16396614909172058,0.6212182641029358,0.46621212363243103,-0.17228910326957703,0.5735666155815125,0.44933047890663147,0.03386298939585686,0.5599218606948853,0.48029565811157227,-0.03366219624876976,0.6168816089630127,0.485433965921402,0.0017385417595505714,0.5961679220199585,0.5005866289138794,-0.11641889810562134,0.6265716552734375,0.5266622304916382,0.09986637532711029,0.6411212682723999,0.5005462169647217,-0.04967830330133438,0.6248559951782227,0.5206021666526794,0.10982229560613632,0.6466312408447266,0.5040455460548401,-0.042827196419239044,0.6356465220451355,0.5319086909294128,0.07917262613773346,0.6573930382728577,0.4781416654586792,-0.0853220596909523
0420,./images/8/frame_00420.jpg,Fall,0.5906167030334473,0.4011516571044922,-0.19054821133613586,0.5922001004219055,0.3922567069530487,-0.18989744782447815,0.5926349759101868,0.3894728720188141,-0.18993647396564484,0.5928196310997009,0.3875195384025574,-0.18995097279548645,0.5906282663345337,0.39548951387405396,-0.20400135219097137,0.5897766947746277,0.3958112895488739,-0.20408770442008972,0.588860034942627,0.3961794078350067,-0.20417103171348572,0.5880241394042969,0.3796793222427368,-0.15576261281967163,0.5829738974571228,0.3903244435787201,-0.2179783135652542,0.588074266910553,0.3984832763671875,-0.17310094833374023,0.5861066579818726,0.40283316373825073,-0.19176846742630005,0.578057587146759,0.3740083575248718,-0.08671007305383682,0.5624381899833679,0.4126375913619995,-0.20114409923553467,0.6005500555038452,0.4088318347930908,-0.04235904663801193,0.5827399492263794,0.46492865681648254,-0.17742879688739777,0.5902687311172485,0.4321492910385132,-0.06420792639255524,0.6081355810165405,0.46674564480781555,-0.1381094753742218,0.5943512916564941,0.4404604732990265,-0.0696249008178711,0.6148496270179749,0.4736926555633545,-0.14875325560569763,0.5935722589492798,0.4368443489074707,-0.07928819954395294,0.6141781210899353,0.46558260917663574,-0.15426582098007202,0.5940139889717102,0.43343284726142883,-0.06827734410762787,0.6116130948066711,0.4601140022277832,-0.13877514004707336,0.5735923051834106,0.454477995634079,0.03740071505308151,0.5598961114883423,0.48014160990715027,-0.037202008068561554,0.616598904132843,0.4567658603191376,-0.023361045867204666,0.6006614565849304,0.497353732585907,-0.11402761936187744,0.6395835280418396,0.5009862184524536,0.012304163537919521,0.6068347692489624,0.5342556238174438,-0.029230907559394836,0.6399273872375488,0.5113211870193481,0.014545658603310585,0.6033464670181274,0.5386955142021179,-0.019015591591596603,0.659192681312561,0.4837353527545929,-0.021299611777067184,0.6164918541908264,0.5513750910758972,-0.036018598824739456
0421,./images/8/frame_00421.jpg,Fall,0.5919051170349121,0.40039771795272827,-0.221483513712883,0.5932988524436951,0.3916178047657013,-0.21965913474559784,0.5934783220291138,0.3889167904853821,-0.21970319747924805,0.5935317277908325,0.3869313597679138,-0.21974262595176697,0.591838002204895,0.3947768211364746,-0.2349458634853363,0.5910316109657288,0.3951593041419983,-0.23502583801746368,0.5900391340255737,0.39566633105278015,-0.23511913418769836,0.5883539915084839,0.37918052077293396,-0.18242117762565613,0.5841171145439148,0.39052218198776245,-0.2514861226081848,0.5890190005302429,0.39773231744766235,-0.20320606231689453,0.5873492956161499,0.40214234590530396,-0.22345110774040222,0.5780030488967896,0.3733939826488495,-0.10725384950637817,0.5632410049438477,0.4159230589866638,-0.23535414040088654,0.5984905362129211,0.4090663194656372,-0.06358745694160461,0.5814546942710876,0.48286163806915283,-0.23598472774028778,0.601384162902832,0.43375879526138306,-0.09048206359148026,0.6074594259262085,0.5262266993522644,-0.24576321244239807,0.602515697479248,0.4419013559818268,-0.09744879603385925,0.613361656665802,0.5434861779212952,-0.26971644163131714,0.6027910113334656,0.4394482970237732,-0.11301497370004654,0.6160163283348083,0.5348770022392273,-0.274502158164978,0.6026308536529541,0.43736857175827026,-0.09704126417636871,0.6133817434310913,0.5261405110359192,-0.2479027956724167,0.5743730664253235,0.4583507478237152,0.04083920270204544,0.5623528361320496,0.4852438271045685,-0.04070040583610535,0.6163944005966187,0.4605908989906311,-0.0114592295140028,0.5982522368431091,0.4896078407764435,-0.13065707683563232,0.6452773213386536,0.5009474158287048,0.05273246020078659,0.6223421096801758,0.5198743939399719,-0.05972446873784065,0.6473472714424133,0.5111920833587646,0.05678059905767441,0.6249330043792725,0.5272170305252075,-0.05383562296628952,0.6586217284202576,0.48629528284072876,-0.005122547037899494,0.6355657577514648,0.5151000618934631,-0.10000938177108765
0424,./images/8/frame_00424.jpg,Fall,0.5960525870323181,0.3821762204170227,-0.15982115268707275,0.5949543118476868,0.3758896589279175,-0.17235198616981506,0.5935888290405273,0.3744029104709625,-0.17231902480125427,0.592193603515625,0.373092383146286,-0.17238686978816986,0.5977891683578491,0.3813074827194214,-0.17702637612819672,0.5984085202217102,0.3836294710636139,-0.1770678609609604,0.5989480018615723,0.3861556053161621,-0.17710869014263153,0.5870939493179321,0.37635695934295654,-0.18416501581668854,0.5961341857910156,0.3957604169845581,-0.20433814823627472,0.5919190049171448,0.3844377398490906,-0.15871615707874298,0.5948334336280823,0.3913109302520752,-0.16479742527008057,0.5658119320869446,0.3782493472099304,-0.115636445581913,0.5944281220436096,0.45986971259117126,-0.19507813453674316,0.5776280164718628,0.3894408643245697,-0.0076061575673520565,0.6132439374923706,0.5037194490432739,-0.16702024638652802,0.5971434712409973,0.4224391579627991,0.054817069321870804,0.642464280128479,0.49630191922187805,-0.11368407309055328,0.6000324487686157,0.42468222975730896,0.06336022913455963,0.6477155685424805,0.4970134198665619,-0.12299970537424088,0.6010630130767822,0.43495652079582214,0.04453973099589348,0.643940806388855,0.49426397681236267,-0.1302034705877304,0.6003528833389282,0.43842318654060364,0.04932580888271332,0.6432335376739502,0.4937417209148407,-0.1154463142156601,0.5444368124008179,0.4814133048057556,0.02731003426015377,0.5562418103218079,0.5223293304443359,-0.027364354580640793,0.5792286396026611,0.46956416964530945,0.07219135016202927,0.6020876169204712,0.5207197666168213,0.03207952529191971,0.5942198038101196,0.507505476474762,0.19738458096981049,0.6138746738433838,0.5304228663444519,0.15760089457035065,0.5962320566177368,0.5194123983383179,0.2099960297346115,0.6153314113616943,0.537531852722168,0.169904425740242,0.6058747172355652,0.4955366253852844,0.19436614215373993,0.6230229139328003,0.515769362449646,0.15174779295921326
0426,./images/8/frame_00426.jpg,Fall,0.5964683890342712,0.39073410630226135,-0.14509588479995728,0.595895528793335,0.3827916383743286,-0.15286147594451904,0.5949822068214417,0.3805113136768341,-0.15289455652236938,0.5940041542053223,0.37840840220451355,-0.15298768877983093,0.5977977514266968,0.3889705538749695,-0.16221868991851807,0.5981857180595398,0.39088091254234314,-0.16227014362812042,0.5983887910842896,0.39300262928009033,-0.16234184801578522,0.5902424454689026,0.37848079204559326,-0.15554280579090118,0.5954874753952026,0.3978942036628723,-0.19704727828502655,0.592907190322876,0.39005669951438904,-0.14187780022621155,0.594558835029602,0.3973153531551361,-0.15429173409938812,0.5717552900314331,0.37274599075317383,-0.0894407406449318,0.5822479724884033,0.440498024225235,-0.18849457800388336,0.572221577167511,0.4002625644207001,-0.005136650055646896,0.5898540616035461,0.5010625720024109,-0.1570126861333847,0.5869170427322388,0.43468713760375977,0.018364956602454185,0.6086077690124512,0.5117643475532532,-0.09749823808670044,0.5896956324577332,0.44018200039863586,0.024556398391723633,0.6117901802062988,0.5179402828216553,-0.10438892990350723,0.5905691981315613,0.44750282168388367,0.00573984207585454,0.6104203462600708,0.5109925270080566,-0.11110997200012207,0.5901553630828857,0.4482010006904602,0.01174196321517229,0.609569787979126,0.5072081685066223,-0.09901221096515656,0.5498884916305542,0.4749109148979187,0.04040670767426491,0.5533592104911804,0.4947746694087982,-0.04042188450694084,0.6104733347892761,0.4487873911857605,0.014301350340247154,0.6078141331672668,0.48545533418655396,-0.09303274005651474,0.6272975206375122,0.531501829624176,0.06568180024623871,0.6238682866096497,0.5444983243942261,-0.04114710912108421,0.6280835866928101,0.5491077303886414,0.06934010237455368,0.6244897246360779,0.5545103549957275,-0.03732767701148987,0.644357442855835,0.5313947200775146,0.0341406911611557,0.6392849683761597,0.5464299917221069,-0.07940655946731567
0427,./images/8/frame_00427.jpg,Fall,0.595483124256134,0.3903786838054657,-0.31066399812698364,0.5955446362495422,0.38279449939727783,-0.31165075302124023,0.5948910713195801,0.38056012988090515,-0.31165412068367004,0.5940329432487488,0.3785576820373535,-0.31176143884658813,0.5966067314147949,0.38881048560142517,-0.3204161524772644,0.5966455340385437,0.3905118405818939,-0.32052111625671387,0.5967394113540649,0.39240482449531555,-0.3205548822879791,0.5911577939987183,0.3784550130367279,-0.2725170850753784,0.5939842462539673,0.3958853483200073,-0.3107356131076813,0.5926607847213745,0.3890704810619354,-0.2906123995780945,0.5931321978569031,0.3956635892391205,-0.30219030380249023,0.5770434141159058,0.37171828746795654,-0.16343362629413605,0.5740739703178406,0.4383557140827179,-0.2558823525905609,0.5781360864639282,0.4094712436199188,-0.02909761667251587,0.5785673260688782,0.5044666528701782,-0.18035688996315002,0.5846951007843018,0.4413849711418152,0.059246670454740524,0.5953139066696167,0.5137640237808228,-0.07710214704275131,0.5846923589706421,0.448266863822937,0.07441997528076172,0.5977985262870789,0.5204857587814331,-0.07614116370677948,0.5840727090835571,0.4521138072013855,0.05637615919113159,0.5972687005996704,0.5134552717208862,-0.08823281526565552,0.5839819312095642,0.4515780210494995,0.05578266829252243,0.5971670150756836,0.5092589259147644,-0.07849480956792831,0.5585312843322754,0.4536155164241791,0.034564100205898285,0.5526570081710815,0.48510944843292236,-0.03439202532172203,0.6121156215667725,0.44908687472343445,-0.017216067761182785,0.6063745617866516,0.48557308316230774,-0.09309946000576019,0.6322478652000427,0.5293179154396057,0.03210632875561714,0.6209467649459839,0.5456432700157166,-0.027391020208597183,0.6314194798469543,0.5475172996520996,0.03506305813789368,0.6204356551170349,0.5581238865852356,-0.021914293989539146,0.6541576981544495,0.5276951789855957,-0.006084595341235399,0.6393381953239441,0.5474920868873596,-0.0649556815624237
0428,./images/8/frame_00428.jpg,Fall,0.5957490801811218,0.3888797461986542,-0.31068652868270874,0.5955483913421631,0.3812475800514221,-0.31311020255088806,0.5948941707611084,0.379123717546463,-0.313129723072052,0.5940327048301697,0.37700071930885315,-0.31323084235191345,0.5966283082962036,0.38735559582710266,-0.32102930545806885,0.5966662168502808,0.38910457491874695,-0.32112157344818115,0.5967956185340881,0.39094552397727966,-0.321173757314682,0.5911548137664795,0.37677982449531555,-0.27839675545692444,0.5943334698677063,0.39495909214019775,-0.31345677375793457,0.5928200483322144,0.3869381248950958,-0.2924869954586029,0.5934843420982361,0.39342379570007324,-0.3030828833580017,0.5762256383895874,0.3705846667289734,-0.17137695848941803,0.5792296528816223,0.44354772567749023,-0.25405898690223694,0.577517032623291,0.40401798486709595,-0.04108468443155289,0.5802664160728455,0.5055484175682068,-0.18948771059513092,0.5828878879547119,0.44108614325523376,0.052680857479572296,0.5964654684066772,0.5224790573120117,-0.10418640077114105,0.5829826593399048,0.44766098260879517,0.06624801456928253,0.5978057980537415,0.5310264825820923,-0.10629358142614365,0.5833792686462402,0.4540598690509796,0.04798432067036629,0.5970974564552307,0.5255546569824219,-0.11964120715856552,0.5832491517066956,0.45370641350746155,0.048982173204422,0.5973758697509766,0.5201147198677063,-0.10659823566675186,0.5580689311027527,0.4518575072288513,0.03260596841573715,0.5583938360214233,0.48641476035118103,-0.03244028985500336,0.6070517301559448,0.4495049715042114,0.04222773760557175,0.609450101852417,0.49328455328941345,-0.058836907148361206,0.6359325647354126,0.5207348465919495,0.14659184217453003,0.6274768710136414,0.5447892546653748,0.01986037939786911,0.6382609605789185,0.5384976863861084,0.15523257851600647,0.6296814680099487,0.558039128780365,0.02546759508550167,0.6566931009292603,0.515052080154419,0.11638126522302628,0.6438145637512207,0.5416145920753479,-0.030395379289984703
0429,./images/8/frame_00429.jpg,Fall,0.5968301892280579,0.39079174399375916,-0.27924248576164246,0.5967430472373962,0.38329535722732544,-0.28094300627708435,0.5961735844612122,0.3806942403316498,-0.280971884727478,0.5956965684890747,0.37819454073905945,-0.2810575067996979,0.5973067879676819,0.389482706785202,-0.2917272448539734,0.5971365571022034,0.39122718572616577,-0.2918276786804199,0.597152590751648,0.3928418457508087,-0.29188215732574463,0.592219352722168,0.3768027424812317,-0.24802041053771973,0.5943853855133057,0.3950195610523224,-0.2959584593772888,0.5937995314598083,0.3878713846206665,-0.2619026303291321,0.5941592454910278,0.3950280547142029,-0.2762901782989502,0.5766991376876831,0.36873409152030945,-0.14442870020866394,0.5792412757873535,0.4396333396434784,-0.25322529673576355,0.5768889784812927,0.404183954000473,-0.028160372748970985,0.5821962952613831,0.5056226849555969,-0.19412407279014587,0.5830538868904114,0.4489387571811676,0.04784875735640526,0.5983720421791077,0.5278741121292114,-0.10187610238790512,0.583444356918335,0.45694613456726074,0.05959274247288704,0.6005522012710571,0.5379359126091003,-0.10572472959756851,0.584237277507782,0.46431711316108704,0.03957836329936981,0.5999072790145874,0.5328172445297241,-0.11663887649774551,0.5838868618011475,0.4635602831840515,0.042581137269735336,0.5997582674026489,0.5273464322090149,-0.10405527055263519,0.5579376816749573,0.45232364535331726,0.038210637867450714,0.5577248930931091,0.48578089475631714,-0.03803621605038643,0.6074203848838806,0.44517624378204346,0.028527170419692993,0.6118062138557434,0.46596989035606384,-0.09245040267705917,0.6300883889198303,0.5316832661628723,0.10030825436115265,0.6203979253768921,0.5528489947319031,-0.006385342217981815,0.6284266710281372,0.5519970059394836,0.10563726723194122,0.6175185441970825,0.5682260990142822,-0.0033961560111492872,0.6552242040634155,0.5387027859687805,0.06843702495098114,0.6374844312667847,0.5669163465499878,-0.05146346241235733
0430,./images/8/frame_00430.jpg,Fall,0.5974538326263428,0.3930884599685669,-0.31298989057540894,0.5976013541221619,0.3850037455558777,-0.3125968277454376,0.5973179936408997,0.3824032247066498,-0.3126161992549896,0.5972055792808533,0.3799038827419281,-0.31272125244140625,0.597618579864502,0.39084622263908386,-0.3233878016471863,0.5972615480422974,0.39216193556785583,-0.3234839141368866,0.5971721410751343,0.39354243874549866,-0.32351428270339966,0.5937044620513916,0.37695062160491943,-0.2696635127067566,0.5944306254386902,0.39503881335258484,-0.317311555147171,0.5950745940208435,0.38970255851745605,-0.29175126552581787,0.5947200059890747,0.39648035168647766,-0.30602598190307617,0.5791504979133606,0.36865341663360596,-0.1587088406085968,0.5769510865211487,0.43827489018440247,-0.2656051516532898,0.5819438695907593,0.4105395972728729,-0.027002345770597458,0.5812262892723083,0.5072416663169861,-0.19574683904647827,0.5850425958633423,0.45313698053359985,0.08750306069850922,0.5980530381202698,0.5303263664245605,-0.08148205280303955,0.5842022895812988,0.4608791768550873,0.10546030104160309,0.6004828810691833,0.540526270866394,-0.07917983084917068,0.5843847990036011,0.46752047538757324,0.08648455888032913,0.6002019643783569,0.5356284976005554,-0.09034204483032227,0.584173321723938,0.46671348810195923,0.08385311812162399,0.6000763773918152,0.5301914811134338,-0.08219431340694427,0.5626910924911499,0.4487381875514984,0.03611366078257561,0.5571075677871704,0.48236849904060364,-0.03590775281190872,0.6106735467910767,0.4460342824459076,-0.02896386757493019,0.6118413209915161,0.47055572271347046,-0.11617739498615265,0.6318008303642273,0.5371503829956055,0.03490734472870827,0.6189258098602295,0.5528167486190796,-0.026973064988851547,0.6295775175094604,0.556604266166687,0.03962985426187515,0.6165244579315186,0.5666783452033997,-0.018607351928949356,0.6553019285202026,0.5454246997833252,0.0013760530855506659,0.6360020041465759,0.5679196715354919,-0.05186498165130615
0431,./images/8/frame_00431.jpg,Fall,0.5974807143211365,0.3985810875892639,-0.3328656554222107,0.5978428721427917,0.3904969394207001,-0.3307948410511017,0.5977362394332886,0.38798704743385315,-0.330829918384552,0.5978032350540161,0.38559967279434204,-0.3309341371059418,0.5976155996322632,0.39485466480255127,-0.34392350912094116,0.597183346748352,0.39516040682792664,-0.3440195620059967,0.5969523191452026,0.3957810401916504,-0.3440614342689514,0.5947269201278687,0.3794437348842621,-0.27727803587913513,0.5938588380813599,0.3950546383857727,-0.33609437942504883,0.5953503847122192,0.39451220631599426,-0.30741268396377563,0.5947175621986389,0.40025579929351807,-0.32490721344947815,0.584577202796936,0.3702041208744049,-0.1644308865070343,0.5718271732330322,0.43381473422050476,-0.2809080481529236,0.5928969383239746,0.424492210149765,-0.0567997507750988,0.5810991525650024,0.505651593208313,-0.22776338458061218,0.5978166460990906,0.47572457790374756,-0.017870554700493813,0.5988041758537292,0.5327511429786682,-0.14464637637138367,0.5992231369018555,0.48614829778671265,-0.012714490294456482,0.6013436913490295,0.5441356897354126,-0.15093037486076355,0.5982100963592529,0.491610050201416,-0.03283800929784775,0.6010936498641968,0.5396279692649841,-0.1621355265378952,0.5964412689208984,0.48988252878189087,-0.024299899116158485,0.6008496284484863,0.5342639684677124,-0.1463390290737152,0.5674798488616943,0.44997814297676086,0.03621172532439232,0.555654764175415,0.4806165099143982,-0.03601720184087753,0.6149247288703918,0.44776788353919983,-0.0354757234454155,0.6080641746520996,0.4717121422290802,-0.134815976023674,0.6318148970603943,0.5366746783256531,0.03754602372646332,0.6140652298927307,0.552059531211853,-0.03674435615539551,0.6295088529586792,0.5557704567909241,0.04298758879303932,0.6115461587905884,0.565335750579834,-0.02741689421236515,0.6539852619171143,0.543231725692749,-0.001682074973359704,0.6329067945480347,0.5646888613700867,-0.07145549356937408
0432,./images/8/frame_00432.jpg,Fall,0.5977150201797485,0.40372297167778015,-0.3186602294445038,0.5985602140426636,0.3952041268348694,-0.3167441189289093,0.5986964702606201,0.39230406284332275,-0.31680741906166077,0.5989055037498474,0.3897598385810852,-0.3169143795967102,0.5976768136024475,0.3990381956100464,-0.3316841721534729,0.5972057580947876,0.3991440534591675,-0.3317565321922302,0.5968137979507446,0.39918243885040283,-0.33179253339767456,0.5957080125808716,0.38197022676467896,-0.26688629388809204,0.5932781100273132,0.3955121338367462,-0.33404219150543213,0.595822811126709,0.39840516448020935,-0.29467225074768066,0.594717800617218,0.4037138521671295,-0.31447869539260864,0.588342010974884,0.3710780739784241,-0.16769680380821228,0.5690746903419495,0.4289351999759674,-0.29068782925605774,0.6045081615447998,0.42406386137008667,-0.10945212841033936,0.5815954804420471,0.503302276134491,-0.279580295085907,0.6170474290847778,0.47992247343063354,-0.14346635341644287,0.6040891408920288,0.5452145338058472,-0.26343443989753723,0.6214202046394348,0.4886632263660431,-0.1534302532672882,0.6081292033195496,0.5588155388832092,-0.2880840599536896,0.6207517385482788,0.4942595064640045,-0.17765364050865173,0.6098676919937134,0.5530492663383484,-0.2958618104457855,0.6177791953086853,0.49382492899894714,-0.15417999029159546,0.6093502640724182,0.5476784110069275,-0.26679885387420654,0.5667852759361267,0.45059746503829956,0.03903159871697426,0.5528792142868042,0.48107773065567017,-0.03886936604976654,0.6174634695053101,0.45343080163002014,-0.024859463796019554,0.6077024936676025,0.47455865144729614,-0.11810608208179474,0.6278711557388306,0.5366007685661316,0.09886586666107178,0.6063104867935181,0.5519985556602478,0.01539293210953474,0.6240054368972778,0.5553890466690063,0.10721637308597565,0.6026594042778015,0.5645631551742554,0.026290234178304672,0.6471911668777466,0.5446043014526367,0.06614705175161362,0.6226081252098083,0.5645284652709961,-0.015288013033568859
0433,./images/8/frame_00433.jpg,Fall,0.5980435609817505,0.40416112542152405,-0.3232359290122986,0.5986851453781128,0.39509090781211853,-0.32180559635162354,0.5987168550491333,0.39237040281295776,-0.321823388338089,0.5988008975982666,0.3898448646068573,-0.32190820574760437,0.597852885723114,0.3994714915752411,-0.3341134190559387,0.5973660945892334,0.39972224831581116,-0.33420243859291077,0.5969528555870056,0.3999937176704407,-0.3342299461364746,0.5957022309303284,0.38263633847236633,-0.271664559841156,0.5934681296348572,0.3969230353832245,-0.3272796869277954,0.5958956480026245,0.3990586996078491,-0.2992452383041382,0.5948401093482971,0.40484458208084106,-0.3157305419445038,0.5853959321975708,0.37099945545196533,-0.16101445257663727,0.5712199807167053,0.43048369884490967,-0.2727232277393341,0.5963684916496277,0.42058706283569336,-0.07206903398036957,0.5821132659912109,0.4997909665107727,-0.2554098963737488,0.6148949861526489,0.4701201021671295,-0.01991170644760132,0.6035351157188416,0.531659722328186,-0.11545553058385849,0.6208481192588806,0.4777238965034485,-0.010421126149594784,0.6075127124786377,0.5455187559127808,-0.11654989421367645,0.613897442817688,0.4839126169681549,-0.02668982371687889,0.6088637113571167,0.5418254137039185,-0.1277497112751007,0.6105685234069824,0.48384010791778564,-0.023164983838796616,0.6082754731178284,0.5355607867240906,-0.1159394234418869,0.5651125311851501,0.45162972807884216,0.03841014578938484,0.5528829097747803,0.4816376864910126,-0.038219697773456573,0.6173347234725952,0.45213600993156433,0.006668465677648783,0.6077460050582886,0.47743022441864014,-0.11168839037418365,0.6285833120346069,0.5321627259254456,0.09140999615192413,0.6080575585365295,0.5517213940620422,-0.005013481713831425,0.6245757937431335,0.5515396595001221,0.09778615832328796,0.6063169240951538,0.5645197033882141,0.003346554469317198,0.6496880054473877,0.5377243757247925,0.06087378412485123,0.6290861964225769,0.5633696913719177,-0.03897677734494209
0434,./images/8/frame_00434.jpg,Fall,0.5983200073242188,0.4027603566646576,-0.287406325340271,0.5988548994064331,0.3939557373523712,-0.284403920173645,0.5988270044326782,0.39132386445999146,-0.2844542860984802,0.5988478064537048,0.3888740837574005,-0.28448861837387085,0.5981357097625732,0.3985498249530792,-0.30037549138069153,0.5976552963256836,0.3990151584148407,-0.30048316717147827,0.5972422957420349,0.3995107412338257,-0.30051612854003906,0.5957390069961548,0.3825314939022064,-0.23919777572155,0.5936239957809448,0.3966326117515564,-0.30675578117370605,0.5959867835044861,0.3982182741165161,-0.26422983407974243,0.5949772596359253,0.4041944742202759,-0.2854706048965454,0.5846124887466431,0.37040331959724426,-0.1376999020576477,0.5717127323150635,0.4306425452232361,-0.2662295997142792,0.5921793580055237,0.418584942817688,-0.04508557915687561,0.584878146648407,0.49990174174308777,-0.20877783000469208,0.6049598455429077,0.4676671326160431,-0.011063875630497932,0.6046167612075806,0.5271643400192261,-0.10943044722080231,0.6087086796760559,0.4766416847705841,-0.005746465176343918,0.608012855052948,0.5391134023666382,-0.11626901477575302,0.6058908104896545,0.48258912563323975,-0.02649308741092682,0.6087425351142883,0.5344375371932983,-0.12677213549613953,0.6038326621055603,0.48166486620903015,-0.017326127737760544,0.6082473993301392,0.5289361476898193,-0.11098669469356537,0.5644127130508423,0.4525410830974579,0.03915367275476456,0.5528625249862671,0.4827989339828491,-0.038977112621068954,0.613933801651001,0.44353726506233215,0.013147370889782906,0.6086471080780029,0.46898582577705383,-0.10957805067300797,0.6289418935775757,0.5248533487319946,0.08888417482376099,0.6108934879302979,0.5462774634361267,-0.0033709171693772078,0.6254855394363403,0.544212818145752,0.0945388525724411,0.6096125841140747,0.559292197227478,0.0049547674134373665,0.650951623916626,0.527691125869751,0.05596218630671501,0.6304877996444702,0.5599673986434937,-0.03581181541085243
0435,./images/8/frame_00435.jpg,Fall,0.5989266037940979,0.3994762897491455,-0.31421706080436707,0.5991135239601135,0.39101311564445496,-0.31416723132133484,0.5989463925361633,0.38880136609077454,-0.31420713663101196,0.6005428433418274,0.391667902469635,-0.3142949938774109,0.598903238773346,0.3958483040332794,-0.3255279064178467,0.5986326336860657,0.3965865969657898,-0.32562321424484253,0.5984036922454834,0.3974821865558624,-0.32567155361175537,0.5955924391746521,0.3819243609905243,-0.2730494439601898,0.5951913595199585,0.3964327573776245,-0.3242921233177185,0.5960403680801392,0.3968060314655304,-0.2938481271266937,0.595428466796875,0.4022260010242462,-0.3091987073421478,0.5812312960624695,0.37203317880630493,-0.17088507115840912,0.5752578973770142,0.43689244985580444,-0.2706124484539032,0.5919119119644165,0.4253896176815033,-0.06572858989238739,0.5862801671028137,0.502953052520752,-0.21344394981861115,0.6014313697814941,0.4784991443157196,-0.023418694734573364,0.60624098777771,0.5272073149681091,-0.1470012068748474,0.6042637825012207,0.4875369966030121,-0.019808802753686905,0.6095676422119141,0.5385880470275879,-0.15843351185321808,0.6028400659561157,0.4854935109615326,-0.04318205267190933,0.6100505590438843,0.5337120294570923,-0.17154420912265778,0.6017334461212158,0.4936170279979706,-0.030900368466973305,0.6096471548080444,0.5284647941589355,-0.15060093998908997,0.5635613799095154,0.4524291157722473,0.037135157734155655,0.5562465190887451,0.48331332206726074,-0.036943577229976654,0.6119914650917053,0.4415326416492462,0.025742297992110252,0.6088551878929138,0.4810919463634491,-0.08964331448078156,0.6351410150527954,0.5083373188972473,0.12527260184288025,0.6150931119918823,0.5411430597305298,0.03054971434175968,0.6357036828994751,0.5259681940078735,0.13360227644443512,0.6158143281936646,0.5516610145568848,0.04034874960780144,0.6584617495536804,0.49424198269844055,0.09133028239011765,0.6310514211654663,0.5482266545295715,-0.011180168949067593
0436,./images/8/frame_00436.jpg,Fall,0.6002444624900818,0.39852073788642883,-0.2985631823539734,0.6004371643066406,0.3901028037071228,-0.2996067702770233,0.5998523831367493,0.3871893584728241,-0.2996465563774109,0.6032410264015198,0.39166754484176636,-0.29973337054252625,0.6006271839141846,0.3949013948440552,-0.3107765316963196,0.6004747152328491,0.3958517611026764,-0.310867041349411,0.6002717614173889,0.39722636342048645,-0.31092312932014465,0.5961159467697144,0.38130858540534973,-0.2642328143119812,0.5971328616142273,0.39621078968048096,-0.3141608238220215,0.5969497561454773,0.3963310718536377,-0.2803340554237366,0.5969304442405701,0.40208443999290466,-0.2952691912651062,0.5811666250228882,0.37173593044281006,-0.16755563020706177,0.5792886018753052,0.44030898809432983,-0.2663516104221344,0.5884430408477783,0.4179428815841675,-0.06126828119158745,0.587526798248291,0.5031062960624695,-0.21668215095996857,0.599925696849823,0.4766685366630554,-0.01637560874223709,0.6080014705657959,0.5274633765220642,-0.16377046704292297,0.6026285886764526,0.48406752943992615,-0.012283007614314556,0.6114551424980164,0.5386275053024292,-0.1771954745054245,0.6023207902908325,0.48272114992141724,-0.03489778935909271,0.6125493049621582,0.5331795811653137,-0.18922479450702667,0.601075291633606,0.49082082509994507,-0.02354167401790619,0.6119936108589172,0.5279795527458191,-0.16727682948112488,0.5630984306335449,0.45284348726272583,0.036423735320568085,0.5577824115753174,0.4881139397621155,-0.03626074641942978,0.6119892001152039,0.4434102773666382,0.04623223468661308,0.6083971858024597,0.5007439255714417,-0.06827276945114136,0.6361508965492249,0.5082350969314575,0.15183839201927185,0.6147525310516357,0.5411394238471985,0.061721086502075195,0.6369227170944214,0.5247615575790405,0.1609535813331604,0.6151258945465088,0.5496515035629272,0.07301333546638489,0.6577832102775574,0.50444096326828,0.1250331699848175,0.6286545395851135,0.5457069873809814,0.03045690432190895
0437,./images/8/frame_00437.jpg,Fall,0.6005240678787231,0.3979550302028656,-0.33278757333755493,0.6010483503341675,0.3895052969455719,-0.33196601271629333,0.6032835841178894,0.39183393120765686,-0.33200740814208984,0.6041425466537476,0.3920539915561676,-0.3320925533771515,0.6011569499969482,0.3943762481212616,-0.34299585223197937,0.6010071039199829,0.3954135477542877,-0.34309276938438416,0.600753903388977,0.39714062213897705,-0.34314286708831787,0.59656822681427,0.38113051652908325,-0.2851564288139343,0.5975772142410278,0.3961052894592285,-0.33478492498397827,0.597251296043396,0.396070271730423,-0.310244619846344,0.5972940325737,0.40203404426574707,-0.32505542039871216,0.5810384154319763,0.37376731634140015,-0.18057551980018616,0.5790060758590698,0.4417692720890045,-0.2799759805202484,0.5882608294487,0.4267386496067047,-0.07954776287078857,0.5877411365509033,0.5081665515899658,-0.22716644406318665,0.6008528470993042,0.47879260778427124,-0.04863912612199783,0.6103743314743042,0.5274966359138489,-0.18099133670330048,0.6039352416992188,0.48698875308036804,-0.050129473209381104,0.6145795583724976,0.5383744239807129,-0.1972794532775879,0.6039297580718994,0.49171218276023865,-0.07460544258356094,0.6156491041183472,0.531629204750061,-0.21159252524375916,0.6024760603904724,0.49210938811302185,-0.05725880339741707,0.6147558689117432,0.526279866695404,-0.18562303483486176,0.5627911686897278,0.4562615156173706,0.035002466291189194,0.5574804544448853,0.49450522661209106,-0.03480304032564163,0.612136721611023,0.4430411159992218,0.029224341735243797,0.6074856519699097,0.5075504183769226,-0.08141715824604034,0.6369222402572632,0.5057159662246704,0.13284243643283844,0.6147555112838745,0.5412036180496216,0.06375085562467575,0.6373077034950256,0.5215351581573486,0.14205734431743622,0.6148553490638733,0.5481573939323425,0.07717931270599365,0.6581403017044067,0.5056726336479187,0.10269073396921158,0.6285995841026306,0.5462023019790649,0.03509131446480751
0438,./images/8/frame_00438.jpg,Fall,0.6019676923751831,0.4010255038738251,-0.3951171040534973,0.6019218564033508,0.3922763466835022,-0.39186182618141174,0.6030867695808411,0.3921142518520355,-0.39189571142196655,0.6062667965888977,0.3974127173423767,-0.3919990360736847,0.6012783646583557,0.39637434482574463,-0.4020347595214844,0.6008933186531067,0.39799973368644714,-0.40212559700012207,0.6006009578704834,0.399234801530838,-0.40216177701950073,0.5995469093322754,0.38912731409072876,-0.32719454169273376,0.5974282622337341,0.3971283435821533,-0.3729647994041443,0.5991847515106201,0.3982194662094116,-0.3658560812473297,0.5979151725769043,0.4042084217071533,-0.37956002354621887,0.5881748199462891,0.3777965009212494,-0.20541615784168243,0.5765463709831238,0.4415479898452759,-0.30023282766342163,0.6011932492256165,0.4247438311576843,-0.10607794672250748,0.5874497890472412,0.5048573017120361,-0.22914834320545197,0.6151138544082642,0.47596362233161926,-0.08329560607671738,0.6095289587974548,0.5285947918891907,-0.1602841317653656,0.6183401942253113,0.4834735095500946,-0.08473668247461319,0.6138118505477905,0.5409149527549744,-0.17127211391925812,0.6171121597290039,0.48805007338523865,-0.10554371029138565,0.6140174269676208,0.5357946157455444,-0.1839025467634201,0.615294337272644,0.49027082324028015,-0.09026545286178589,0.6132477521896362,0.5293282270431519,-0.163490891456604,0.5685575604438782,0.45603370666503906,0.03201066330075264,0.5571464896202087,0.49431928992271423,-0.03178885579109192,0.6196986436843872,0.435671865940094,-0.0087821613997221,0.6047687530517578,0.5046482682228088,-0.09998579323291779,0.6434457898139954,0.4979962110519409,0.08608849346637726,0.6146475672721863,0.5407611131668091,0.03966762498021126,0.6436068415641785,0.5128071904182434,0.09446427971124649,0.6142016649246216,0.5460220575332642,0.0529036708176136,0.6638993620872498,0.4847414791584015,0.049672551453113556,0.6293543577194214,0.546491801738739,0.00864858366549015
0439,./images/8/frame_00439.jpg,Fall,0.602133572101593,0.4053095579147339,-0.3489118218421936,0.6030100584030151,0.39705920219421387,-0.3462180495262146,0.6036134958267212,0.39511409401893616,-0.34627071022987366,0.605282187461853,0.3960919976234436,-0.3463699221611023,0.6018742322921753,0.40113601088523865,-0.3595637381076813,0.6011964082717896,0.4014378488063812,-0.35964536666870117,0.6007338762283325,0.40196138620376587,-0.3596957325935364,0.6000668406486511,0.39101892709732056,-0.291440486907959,0.59734046459198,0.3974635601043701,-0.35076436400413513,0.5996207594871521,0.4010776877403259,-0.3227185010910034,0.5979019999504089,0.4064979553222656,-0.340597003698349,0.5887351036071777,0.38146528601646423,-0.18600204586982727,0.5743207931518555,0.4365098774433136,-0.295015811920166,0.5963277220726013,0.44205909967422485,-0.11031559854745865,0.585663378238678,0.5050697922706604,-0.26399123668670654,0.6102054119110107,0.502037763595581,-0.12489630281925201,0.6089828014373779,0.5371232032775879,-0.23937126994132996,0.6126955151557922,0.513346254825592,-0.13322463631629944,0.6132140755653381,0.5497998595237732,-0.26179713010787964,0.6123038530349731,0.5183573961257935,-0.15868882834911346,0.6144998669624329,0.542738139629364,-0.2734525799751282,0.6119311451911926,0.5161916017532349,-0.13521912693977356,0.6136033535003662,0.5370659232139587,-0.24382464587688446,0.5694484710693359,0.4570279121398926,0.033627524971961975,0.5563040971755981,0.49345096945762634,-0.033456794917583466,0.6183037161827087,0.43990394473075867,-0.0009290484013035893,0.6032494902610779,0.5010924339294434,-0.11866440623998642,0.6411913633346558,0.504051148891449,0.10593710839748383,0.6111478805541992,0.5365251898765564,0.04075154662132263,0.6407195329666138,0.5199145674705505,0.1148553118109703,0.6098417639732361,0.5417664647102356,0.055907297879457474,0.6621950268745422,0.49507173895835876,0.06907417625188828,0.6260738372802734,0.5425360798835754,0.015482855960726738
0453,./images/8/frame_00453.jpg,Fall,0.6089063882827759,0.38815027475357056,-0.14590589702129364,0.6095004081726074,0.38064175844192505,-0.15744024515151978,0.6085185408592224,0.3786601722240448,-0.1574595421552658,0.6075273752212524,0.3767762780189514,-0.15753382444381714,0.6116703152656555,0.3859238028526306,-0.16352540254592896,0.6122217178344727,0.38763290643692017,-0.16360242664813995,0.6126663684844971,0.38938814401626587,-0.16368860006332397,0.603681206703186,0.37568360567092896,-0.17326824367046356,0.6099275946617126,0.39296042919158936,-0.20097091794013977,0.6046673655509949,0.38775932788848877,-0.14738793671131134,0.6065446734428406,0.3942655324935913,-0.15561124682426453,0.5820913314819336,0.37405288219451904,-0.11675040423870087,0.6017732620239258,0.43667519092559814,-0.19438044726848602,0.5820220708847046,0.39269310235977173,-0.04110332578420639,0.6023322343826294,0.48255783319473267,-0.1684432327747345,0.5881751179695129,0.4212588369846344,-0.006825978867709637,0.6068664789199829,0.5091685652732849,-0.11559387296438217,0.5875648260116577,0.4266864061355591,-0.0045010000467300415,0.6058501601219177,0.5190004110336304,-0.12437888234853745,0.5883360505104065,0.4305054843425751,-0.01979023590683937,0.6057707071304321,0.5164439082145691,-0.1322454959154129,0.5892965197563171,0.43147921562194824,-0.011885049752891064,0.6063352823257446,0.5117330551147461,-0.1180129274725914,0.5564794540405273,0.47046834230422974,0.03743186965584755,0.5658378005027771,0.5001269578933716,-0.03751589357852936,0.6127820014953613,0.4635200798511505,0.04416182264685631,0.6208468079566956,0.4829869866371155,-0.055380553007125854,0.6144407987594604,0.5476506948471069,0.10982606559991837,0.6197670102119446,0.5421345233917236,0.024983523413538933,0.6117717623710632,0.5626717209815979,0.11521635204553604,0.6168907284736633,0.551190972328186,0.032321106642484665,0.6294159293174744,0.5584324598312378,0.0879482701420784,0.6330176591873169,0.5546961426734924,0.006151226814836264
0454,./images/8/frame_00454.jpg,Fall,0.6083258390426636,0.3988994061946869,-0.24760861694812775,0.6095191836357117,0.39199098944664,-0.2479609251022339,0.6090131402015686,0.3903215229511261,-0.24804231524467468,0.6088895201683044,0.38888096809387207,-0.24814100563526154,0.6104024648666382,0.39440223574638367,-0.2647399306297302,0.6102951765060425,0.3945522606372833,-0.26477017998695374,0.6101518869400024,0.3950693905353546,-0.26480481028556824,0.6058323383331299,0.381780743598938,-0.21244636178016663,0.6065599918365479,0.3931500017642975,-0.2883714437484741,0.6046696901321411,0.39708536863327026,-0.22878170013427734,0.605236828327179,0.4001026451587677,-0.2509775757789612,0.5944875478744507,0.36877620220184326,-0.14195109903812408,0.5804611444473267,0.4258538484573364,-0.26364272832870483,0.6142889857292175,0.40717729926109314,-0.13226041197776794,0.5965458750724792,0.48576271533966064,-0.26434051990509033,0.6416854858398438,0.46391159296035767,-0.2110944539308548,0.611672043800354,0.538639485836029,-0.2590603828430176,0.6498935222625732,0.4700823128223419,-0.22947871685028076,0.6138492822647095,0.553219199180603,-0.2869558334350586,0.6477265954017639,0.47782614827156067,-0.2536337375640869,0.6165553331375122,0.549043595790863,-0.2925090193748474,0.6436046361923218,0.4792308807373047,-0.22366881370544434,0.6161555051803589,0.5434368848800659,-0.2622981369495392,0.5653947591781616,0.4594774842262268,0.04282686859369278,0.5562058687210083,0.4881698191165924,-0.04286237061023712,0.6162273287773132,0.4538762867450714,-0.01198557298630476,0.6093209385871887,0.4762741029262543,-0.14223942160606384,0.6260707378387451,0.5286961197853088,0.05930357426404953,0.6182827353477478,0.5421684980392456,-0.06630079448223114,0.6235480308532715,0.544689953327179,0.06469041854143143,0.6154451370239258,0.552398681640625,-0.060672055929899216,0.6444371938705444,0.5292084813117981,0.018198709934949875,0.6372810006141663,0.5505808591842651,-0.11289633810520172
0455,./images/8/frame_00455.jpg,Fall,0.6087107062339783,0.4031750559806824,-0.20149990916252136,0.6103943586349487,0.3954424262046814,-0.2042589634656906,0.6105632781982422,0.39401376247406006,-0.204331636428833,0.6109670400619507,0.392699271440506,-0.20442619919776917,0.6103362441062927,0.3972157835960388,-0.21947376430034637,0.6099425554275513,0.3971711993217468,-0.21950802206993103,0.6094241738319397,0.39749324321746826,-0.21952852606773376,0.607589840888977,0.3861994743347168,-0.18287667632102966,0.6056600213050842,0.39426442980766296,-0.2504841685295105,0.6057196855545044,0.402099609375,-0.18808993697166443,0.6052384376525879,0.4039674997329712,-0.20774778723716736,0.5941928625106812,0.3692336976528168,-0.12092411518096924,0.5822829008102417,0.41608336567878723,-0.2379416674375534,0.6224411725997925,0.4142969846725464,-0.11663445085287094,0.6094513535499573,0.47251471877098083,-0.2515563666820526,0.6467355489730835,0.46525925397872925,-0.19973404705524445,0.6441352963447571,0.49992018938064575,-0.24483206868171692,0.6558466553688049,0.4696713387966156,-0.21597830951213837,0.6554579138755798,0.4906420111656189,-0.27053120732307434,0.6544240117073059,0.4747260510921478,-0.2373228818178177,0.6539652943611145,0.4970351457595825,-0.27098339796066284,0.65019690990448,0.4763423502445221,-0.21128293871879578,0.6505138278007507,0.4944113790988922,-0.2459813803434372,0.5664448142051697,0.45846444368362427,0.04430704563856125,0.5545614361763,0.4824412167072296,-0.04430314153432846,0.6166716814041138,0.45536020398139954,-0.00026736740255728364,0.6075378656387329,0.4758780300617218,-0.12835337221622467,0.6229432821273804,0.5326919555664062,0.055529601871967316,0.6124768853187561,0.5492675304412842,-0.08294573426246643,0.6206145882606506,0.5474074482917786,0.059572868049144745,0.6079474687576294,0.5639505982398987,-0.08039429783821106,0.6398333311080933,0.5341005921363831,0.019177379086613655,0.637099027633667,0.5515123605728149,-0.12962272763252258
0456,./images/8/frame_00456.jpg,Fall,0.6088709235191345,0.4051350951194763,-0.27791374921798706,0.6107817888259888,0.3974124789237976,-0.2753848731517792,0.6111036539077759,0.3960764706134796,-0.27545616030693054,0.6114901900291443,0.39482757449150085,-0.2755400538444519,0.6102954149246216,0.398372620344162,-0.29261454939842224,0.6097649931907654,0.39802590012550354,-0.2926768958568573,0.6091151833534241,0.39791470766067505,-0.2927210330963135,0.6079831123352051,0.38733622431755066,-0.22446075081825256,0.6051865816116333,0.39415451884269714,-0.3026350140571594,0.6060090065002441,0.40433984994888306,-0.2537059187889099,0.6051252484321594,0.4055367708206177,-0.2764202952384949,0.595231831073761,0.37308719754219055,-0.13221004605293274,0.5783659815788269,0.41352951526641846,-0.2730189859867096,0.6114259958267212,0.4287436306476593,-0.09299328923225403,0.5901029706001282,0.47787603735923767,-0.26675719022750854,0.6257110834121704,0.4794791042804718,-0.1428448110818863,0.6178030967712402,0.5289611220359802,-0.2519984543323517,0.6302343010902405,0.48884710669517517,-0.1546359360218048,0.6256181001663208,0.5431435704231262,-0.2768550515174866,0.6302115321159363,0.4921567142009735,-0.1786959171295166,0.6353515982627869,0.5381900668144226,-0.2831503450870514,0.627792239189148,0.4907902479171753,-0.15441474318504333,0.6322235465049744,0.5319045782089233,-0.2545889914035797,0.5685124397277832,0.460190087556839,0.045392636209726334,0.5552307367324829,0.479634165763855,-0.04532284289598465,0.6211028695106506,0.45398610830307007,0.01281940657645464,0.6080307364463806,0.46711429953575134,-0.11682543903589249,0.6224016547203064,0.534712016582489,0.07363869994878769,0.6107007265090942,0.5492362976074219,-0.04648236557841301,0.6189876794815063,0.5495034456253052,0.07845281064510345,0.606122612953186,0.5631667375564575,-0.0741923376917839,0.6399276852607727,0.5378393530845642,0.045424941927194595,0.6325719356536865,0.5596950054168701,-0.06478945910930634
0457,./images/8/frame_00457.jpg,Fall,0.6088768243789673,0.4035440683364868,-0.2773546874523163,0.610744833946228,0.39586129784584045,-0.27778130769729614,0.6109895706176758,0.394588440656662,-0.2778496742248535,0.6113142967224121,0.39319929480552673,-0.2779376804828644,0.6099804043769836,0.3971768319606781,-0.2920337915420532,0.6093775033950806,0.39705556631088257,-0.29210543632507324,0.6087287664413452,0.3971855640411377,-0.2921455502510071,0.6079572439193726,0.38740700483322144,-0.23564040660858154,0.6048605442047119,0.3939119577407837,-0.3004542589187622,0.6061739921569824,0.40266045928001404,-0.25593918561935425,0.6051217317581177,0.40436652302742004,-0.2748561203479767,0.5967344641685486,0.3746596574783325,-0.14650507271289825,0.5818787217140198,0.41623395681381226,-0.2673056125640869,0.6099495887756348,0.42503947019577026,-0.11517979204654694,0.5917096138000488,0.4786908030509949,-0.24183432757854462,0.6225844025611877,0.47303420305252075,-0.17331194877624512,0.6276851892471313,0.5250768661499023,-0.20822951197624207,0.6262223124504089,0.4815964102745056,-0.188747376203537,0.6345237493515015,0.5359464287757874,-0.2285933494567871,0.6258609890937805,0.4834449887275696,-0.210414856672287,0.6374852061271667,0.536897599697113,-0.2363358438014984,0.6237280964851379,0.4827507436275482,-0.1839720904827118,0.6350181698799133,0.5308231711387634,-0.21082624793052673,0.568151593208313,0.4607233703136444,0.04460471495985985,0.5550689101219177,0.48258018493652344,-0.044535957276821136,0.6198436617851257,0.4546997547149658,0.02974298596382141,0.6069306135177612,0.4701704680919647,-0.10965342819690704,0.6215842366218567,0.5356631278991699,0.11076772212982178,0.6106876134872437,0.5492977499961853,-0.0231711994856596,0.6182445287704468,0.5505875945091248,0.11706038564443588,0.6065569519996643,0.5623224973678589,-0.020851165056228638,0.6392940282821655,0.5409631729125977,0.07407581806182861,0.6322759985923767,0.5592063665390015,-0.052535463124513626
0458,./images/8/frame_00458.jpg,Fall,0.6095296144485474,0.40289226174354553,-0.2721365988254547,0.6112955808639526,0.3952333331108093,-0.2724305987358093,0.6115924119949341,0.39378073811531067,-0.27250128984451294,0.6118671298027039,0.3924207091331482,-0.2725887894630432,0.6101645231246948,0.3968909680843353,-0.28795522451400757,0.609404444694519,0.3968883156776428,-0.2880217134952545,0.6089329719543457,0.3971385955810547,-0.2880646288394928,0.6080867052078247,0.3869662284851074,-0.23229297995567322,0.6050155758857727,0.394055038690567,-0.3020326495170593,0.6066931486129761,0.40182849764823914,-0.2514268159866333,0.6052728891372681,0.4039344787597656,-0.2718442380428314,0.5945773124694824,0.3744145333766937,-0.1447063386440277,0.5834578275680542,0.4185381233692169,-0.2721579968929291,0.6084547638893127,0.4218359589576721,-0.11693823337554932,0.5939264893531799,0.48395469784736633,-0.2494010031223297,0.6210002899169922,0.47182726860046387,-0.18325522541999817,0.6244471669197083,0.5291377902030945,-0.21545645594596863,0.6246784329414368,0.4805535078048706,-0.19965088367462158,0.6293227076530457,0.5431197881698608,-0.2373400181531906,0.624440610408783,0.4830443859100342,-0.2225205898284912,0.6315398216247559,0.5379219651222229,-0.24450373649597168,0.6222304105758667,0.4825061857700348,-0.1948147714138031,0.6299383640289307,0.5323110222816467,-0.21787682175636292,0.568136990070343,0.4591589570045471,0.04567357152700424,0.5559729337692261,0.48203516006469727,-0.04559062793850899,0.620376706123352,0.45521634817123413,0.01880970038473606,0.607903778553009,0.46910399198532104,-0.10887078195810318,0.621514618396759,0.535983145236969,0.10467439889907837,0.611508846282959,0.5488307476043701,-0.017425118014216423,0.6164016127586365,0.5510762333869934,0.11022713035345078,0.6069923639297485,0.5615893602371216,-0.00905774999409914,0.638705313205719,0.5459810495376587,0.06625665724277496,0.6321940422058105,0.5607566237449646,-0.047011055052280426
0459,./images/8/frame_00459.jpg,Fall,0.609638512134552,0.40336906909942627,-0.24958376586437225,0.6116380095481873,0.3959864377975464,-0.248498797416687,0.611998438835144,0.3946506381034851,-0.24856941401958466,0.6123121380805969,0.39326995611190796,-0.24864721298217773,0.61020427942276,0.3972068727016449,-0.2650342583656311,0.6094978451728821,0.39702367782592773,-0.26509231328964233,0.6090642213821411,0.3971923887729645,-0.2651379704475403,0.6086986064910889,0.38703304529190063,-0.221523255109787,0.6051906943321228,0.3936130404472351,-0.2812863886356354,0.6068581938743591,0.4019355773925781,-0.2288896143436432,0.6052871942520142,0.4037244915962219,-0.25052645802497864,0.5955635905265808,0.3743186891078949,-0.12743143737316132,0.5817072987556458,0.411429762840271,-0.25749266147613525,0.6128796339035034,0.4230939745903015,-0.11353758722543716,0.5925830602645874,0.4806984066963196,-0.25014957785606384,0.6257091760635376,0.47320497035980225,-0.19609154760837555,0.6134742498397827,0.530872642993927,-0.23281171917915344,0.6302629709243774,0.48225313425064087,-0.21368107199668884,0.615890383720398,0.5463428497314453,-0.25606244802474976,0.629755973815918,0.4852212369441986,-0.23522944748401642,0.6196314692497253,0.5423027276992798,-0.26183265447616577,0.6270672082901001,0.4842149615287781,-0.20781591534614563,0.6192916631698608,0.5361360907554626,-0.23504570126533508,0.5699734091758728,0.45900216698646545,0.04581772908568382,0.55644690990448,0.4768087565898895,-0.04577318951487541,0.6207042932510376,0.45456457138061523,-0.008596133440732956,0.6082639694213867,0.46232879161834717,-0.12582051753997803,0.621465802192688,0.5405722856521606,0.05101805925369263,0.6117031574249268,0.5505595207214355,-0.06003589555621147,0.6164109110832214,0.5551106333732605,0.054546695202589035,0.6068342924118042,0.5651241540908813,-0.055770713835954666,0.6382837891578674,0.5510379076004028,0.005804731510579586,0.6321579217910767,0.5650299787521362,-0.10746131092309952
0460,./images/8/frame_00460.jpg,Fall,0.6096093654632568,0.4045291841030121,-0.2115444839000702,0.6117507815361023,0.39773908257484436,-0.20875291526317596,0.6121901869773865,0.3965754508972168,-0.20881982147693634,0.6125829815864563,0.39544349908828735,-0.20890295505523682,0.6101973652839661,0.39836180210113525,-0.22688078880310059,0.6094450354576111,0.3978794515132904,-0.22691574692726135,0.6088089346885681,0.3976748287677765,-0.22694852948188782,0.6092573404312134,0.3880242109298706,-0.16705335676670074,0.6048818826675415,0.39320775866508484,-0.2458500862121582,0.6068110466003418,0.40316203236579895,-0.1897968351840973,0.6048778295516968,0.404061496257782,-0.21353931725025177,0.5979999303817749,0.37532758712768555,-0.0930270254611969,0.5780304074287415,0.40049445629119873,-0.2344801127910614,0.6200002431869507,0.42960384488105774,-0.06850750744342804,0.5891443490982056,0.4728471636772156,-0.2476448118686676,0.6402938961982727,0.47665444016456604,-0.1426561325788498,0.6139072775840759,0.5303778648376465,-0.25698575377464294,0.6477830410003662,0.4840523898601532,-0.15596728026866913,0.6165735721588135,0.5476129055023193,-0.28335240483283997,0.6481536626815796,0.48724669218063354,-0.18290968239307404,0.6214361786842346,0.542270302772522,-0.28500765562057495,0.64393150806427,0.48660269379615784,-0.15739092230796814,0.6210700273513794,0.5356559157371521,-0.2584691643714905,0.5717409253120422,0.4568972587585449,0.045835837721824646,0.5564153790473938,0.47306400537490845,-0.04580916464328766,0.6225127577781677,0.4548172950744629,1.2872226761828642e-05,0.6108817458152771,0.4583260416984558,-0.11361632496118546,0.6200383901596069,0.5411587357521057,0.0583924725651741,0.6094027757644653,0.5513564348220825,-0.03731045499444008,0.6133342385292053,0.5547997951507568,0.06256541609764099,0.6027973890304565,0.5653015971183777,-0.030914288014173508,0.6342626214027405,0.5560933947563171,0.027450120076537132,0.6276108026504517,0.5703691244125366,-0.07559952884912491
0461,./images/8/frame_00461.jpg,Fall,0.6107004880905151,0.40376344323158264,-0.17729279398918152,0.612932562828064,0.39682531356811523,-0.1751149594783783,0.6132009029388428,0.39554694294929504,-0.17517951130867004,0.6133742332458496,0.3943127989768982,-0.17525264620780945,0.6116283535957336,0.39807361364364624,-0.1928519755601883,0.6109000444412231,0.3977775573730469,-0.19289474189281464,0.6101054549217224,0.3972826302051544,-0.19292721152305603,0.6095603704452515,0.3875708281993866,-0.13917481899261475,0.6056811213493347,0.3925657868385315,-0.2192637026309967,0.6076165437698364,0.40247756242752075,-0.15938100218772888,0.6057143807411194,0.4040229022502899,-0.18281994760036469,0.5965815782546997,0.3756300210952759,-0.07400032877922058,0.5787809491157532,0.40237951278686523,-0.21888181567192078,0.6156683564186096,0.43552425503730774,-0.061008624732494354,0.602362334728241,0.4690524935722351,-0.24030053615570068,0.632392942905426,0.4843975603580475,-0.1335587501525879,0.6305667161941528,0.5238271355628967,-0.22747191786766052,0.6380978226661682,0.49187225103378296,-0.14535754919052124,0.6359550356864929,0.5409436821937561,-0.24995848536491394,0.6391638517379761,0.4944925904273987,-0.16594351828098297,0.6387866139411926,0.5338042974472046,-0.25178542733192444,0.636202871799469,0.4940811097621918,-0.14688920974731445,0.6367126703262329,0.5282831192016602,-0.22842326760292053,0.5703870058059692,0.4590786099433899,0.048290520906448364,0.5567425489425659,0.4756002724170685,-0.048340413719415665,0.6217241287231445,0.45500653982162476,0.012987056747078896,0.6144194602966309,0.45332685112953186,-0.11303690820932388,0.6185577511787415,0.5413789749145508,0.06611157953739166,0.6102004051208496,0.5509398579597473,-0.04096885025501251,0.6122314929962158,0.5548301935195923,0.07177800685167313,0.6042559146881104,0.565357506275177,-0.03537539392709732,0.6330888271331787,0.5553247332572937,0.04141376540064812,0.628358781337738,0.5684125423431396,-0.07132536917924881
0462,./images/8/frame_00462.jpg,Fall,0.6117504835128784,0.40327543020248413,-0.18872597813606262,0.6139010190963745,0.39623749256134033,-0.18862679600715637,0.614085853099823,0.39491796493530273,-0.18868979811668396,0.6141775846481323,0.39364561438560486,-0.1887650042772293,0.612716794013977,0.3976815938949585,-0.20550179481506348,0.6120333671569824,0.3975009024143219,-0.20555166900157928,0.6112526655197144,0.3972451090812683,-0.20558109879493713,0.6101068258285522,0.3872303068637848,-0.15876777470111847,0.6067174673080444,0.39305827021598816,-0.23444731533527374,0.6084586381912231,0.4020504951477051,-0.17273138463497162,0.6066838502883911,0.40377187728881836,-0.1949932724237442,0.5947672128677368,0.372644305229187,-0.09131656587123871,0.581325113773346,0.40569406747817993,-0.22650763392448425,0.615664005279541,0.4310540556907654,-0.07150618731975555,0.6055622100830078,0.47121426463127136,-0.2280333787202835,0.6347609162330627,0.4767681062221527,-0.14490897953510284,0.634935736656189,0.5203409194946289,-0.19328190386295319,0.6409081220626831,0.48446083068847656,-0.15765513479709625,0.6412299275398254,0.5372404456138611,-0.21339885890483856,0.6417776346206665,0.4872525632381439,-0.17929907143115997,0.6435970067977905,0.5282639861106873,-0.21332919597625732,0.6386423707008362,0.48689189553260803,-0.1566690355539322,0.6411712169647217,0.5227349996566772,-0.19305968284606934,0.5697444677352905,0.45774272084236145,0.04821506887674332,0.5577658414840698,0.4763150215148926,-0.048249274492263794,0.6214674711227417,0.45393338799476624,0.021715369075536728,0.6152421236038208,0.4560590982437134,-0.10499034076929092,0.6176521182060242,0.5403770804405212,0.08956701308488846,0.6100171804428101,0.5508575439453125,-0.007288490887731314,0.611536979675293,0.5531547665596008,0.09556614607572556,0.6041282415390015,0.5645017027854919,0.0012999542523175478,0.63216632604599,0.5548580884933472,0.0670858770608902,0.6262152194976807,0.5686706304550171,-0.024872153997421265
0463,./images/8/frame_00463.jpg,Fall,0.6123005151748657,0.4013082683086395,-0.18719865381717682,0.6141141653060913,0.3948059380054474,-0.1879747062921524,0.6141647100448608,0.3934806287288666,-0.18803155422210693,0.6141790151596069,0.392084002494812,-0.1881031095981598,0.6133025288581848,0.3966813385486603,-0.2040618360042572,0.612744927406311,0.3967010974884033,-0.2041168212890625,0.6120671033859253,0.39677131175994873,-0.20413756370544434,0.6101445555686951,0.3865673542022705,-0.16090703010559082,0.607710599899292,0.39306512475013733,-0.23355254530906677,0.6090646982192993,0.40004146099090576,-0.17229345440864563,0.607723593711853,0.4023982286453247,-0.19355784356594086,0.5924142599105835,0.3712913393974304,-0.09105409681797028,0.586720883846283,0.4107901155948639,-0.22650043666362762,0.6141328811645508,0.4210745096206665,-0.06405758857727051,0.6132022738456726,0.47088825702667236,-0.209281325340271,0.6345478892326355,0.472258985042572,-0.12912268936634064,0.6494470834732056,0.4804062843322754,-0.1558898687362671,0.640798807144165,0.4783494770526886,-0.14141272008419037,0.6529418230056763,0.5116642713546753,-0.17309556901454926,0.6412792205810547,0.48223304748535156,-0.16486695408821106,0.6540883183479309,0.5022380352020264,-0.17472709715366364,0.6381707191467285,0.48292070627212524,-0.14124272763729095,0.6505576372146606,0.4983343482017517,-0.15587148070335388,0.5665229558944702,0.45798686146736145,0.04828713834285736,0.557648777961731,0.4792056679725647,-0.04831940308213234,0.62049400806427,0.4541686475276947,0.04205087199807167,0.6174718141555786,0.46213895082473755,-0.08952690660953522,0.6158390045166016,0.5403980016708374,0.11644653230905533,0.609886109828949,0.5505827069282532,0.02122017741203308,0.6097901463508606,0.5529047250747681,0.12303896993398666,0.6038044095039368,0.5631868839263916,0.03181999549269676,0.6311888098716736,0.5562168955802917,0.1012110710144043,0.6256898641586304,0.570078432559967,0.016526106745004654
0464,./images/8/frame_00464.jpg,Fall,0.612514853477478,0.4012323021888733,-0.19387800991535187,0.6143001317977905,0.3946479260921478,-0.19489653408527374,0.6143166422843933,0.39332056045532227,-0.19496171176433563,0.6142892241477966,0.3919413387775421,-0.19504860043525696,0.6136093735694885,0.39656516909599304,-0.21097107231616974,0.6130961775779724,0.39663296937942505,-0.21101102232933044,0.6124802827835083,0.39678624272346497,-0.21102087199687958,0.6101663708686829,0.38647761940956116,-0.16711939871311188,0.6078962683677673,0.3933565020561218,-0.23879757523536682,0.6091040372848511,0.3999176025390625,-0.17838342487812042,0.6079232692718506,0.4023838937282562,-0.19957904517650604,0.5924120545387268,0.37100258469581604,-0.09788377583026886,0.5867482423782349,0.41143620014190674,-0.22831013798713684,0.6234780550003052,0.4150938391685486,-0.08743934333324432,0.6166559457778931,0.46750280261039734,-0.23896066844463348,0.6488815546035767,0.46655163168907166,-0.1618390530347824,0.6553244590759277,0.4748115539550781,-0.22104807198047638,0.6566060781478882,0.4729210436344147,-0.17692527174949646,0.6628113985061646,0.48189952969551086,-0.24606645107269287,0.6572316288948059,0.4734754264354706,-0.19920614361763,0.6620036959648132,0.4759279787540436,-0.24513712525367737,0.6533377766609192,0.47331368923187256,-0.173688143491745,0.6598938703536987,0.47440698742866516,-0.22148558497428894,0.5664447546005249,0.4568222165107727,0.04800402745604515,0.5570815801620483,0.4803049862384796,-0.04801689833402634,0.6201700568199158,0.45427757501602173,0.03740457445383072,0.6167711615562439,0.4776058495044708,-0.08025173097848892,0.6145927906036377,0.5419657230377197,0.10999689996242523,0.6056748032569885,0.5539843440055847,0.02225823514163494,0.608613133430481,0.5529599785804749,0.11655739694833755,0.599471390247345,0.5634571313858032,0.032366327941417694,0.6296659708023071,0.5600561499595642,0.09318692982196808,0.6204224824905396,0.5754051208496094,0.017490576952695847
0465,./images/8/frame_00465.jpg,Fall,0.6125251054763794,0.4011085033416748,-0.1909930258989334,0.614264726638794,0.394516259431839,-0.19308266043663025,0.6142662763595581,0.39319202303886414,-0.1931474804878235,0.6142247915267944,0.3918316662311554,-0.193235382437706,0.6136370301246643,0.39646679162979126,-0.20904752612113953,0.6131611466407776,0.3965263068675995,-0.209087535738945,0.6125832796096802,0.3966915011405945,-0.20909404754638672,0.6101565361022949,0.3863942325115204,-0.1688946932554245,0.6080354452133179,0.3933602571487427,-0.24038246273994446,0.6090477705001831,0.3998122811317444,-0.1766773760318756,0.6079528331756592,0.40225884318351746,-0.1977534145116806,0.591282844543457,0.3701717257499695,-0.10072986781597137,0.5874307751655579,0.4134667217731476,-0.22970935702323914,0.6198044419288635,0.4118167757987976,-0.08550581336021423,0.6157967448234558,0.46793264150619507,-0.23381762206554413,0.6417578458786011,0.46432173252105713,-0.149140402674675,0.6556537747383118,0.47369423508644104,-0.20613166689872742,0.6485852003097534,0.46885332465171814,-0.16199293732643127,0.661194920539856,0.48052600026130676,-0.2313350886106491,0.6487894058227539,0.47214049100875854,-0.1837102770805359,0.6622633934020996,0.47477462887763977,-0.22734662890434265,0.6454026699066162,0.47302600741386414,-0.16021215915679932,0.6602258682250977,0.4730290174484253,-0.2054700404405594,0.5663897395133972,0.45562511682510376,0.04774922877550125,0.5571944117546082,0.48080676794052124,-0.047748930752277374,0.6203903555870056,0.45631933212280273,0.038407616317272186,0.6166888475418091,0.4754786491394043,-0.08296049386262894,0.6147684454917908,0.5384145975112915,0.1181669682264328,0.6068207025527954,0.5469407439231873,0.02588207647204399,0.6091266870498657,0.5487004518508911,0.12570694088935852,0.600762665271759,0.5544160008430481,0.03676054626703262,0.629824697971344,0.5560604333877563,0.10278916358947754,0.6225748062133789,0.5665104985237122,0.020704474300146103
0466,./images/8/frame_00466.jpg,Fall,0.6124531626701355,0.4026660621166229,-0.20716948807239532,0.6143743395805359,0.39546382427215576,-0.20734353363513947,0.614477276802063,0.3941076397895813,-0.20742623507976532,0.6145468950271606,0.39274609088897705,-0.20752191543579102,0.6135995984077454,0.3971753716468811,-0.22370076179504395,0.6131106019020081,0.3970785439014435,-0.22373518347740173,0.6125276684761047,0.3971334993839264,-0.22375722229480743,0.6107164621353149,0.3864576518535614,-0.17407934367656708,0.6080989241600037,0.39345583319664,-0.24772688746452332,0.609100878238678,0.4008147418498993,-0.189247727394104,0.6079055070877075,0.40270286798477173,-0.2107079029083252,0.5935505032539368,0.37059834599494934,-0.10903295129537582,0.5833920240402222,0.4112447500228882,-0.23446226119995117,0.6236029863357544,0.41794002056121826,-0.10532711446285248,0.6015933752059937,0.46999096870422363,-0.24000254273414612,0.6482487916946411,0.4675747752189636,-0.18316872417926788,0.630954921245575,0.5200315713882446,-0.23545606434345245,0.6562644243240356,0.4716748595237732,-0.19889087975025177,0.6357077360153198,0.5361476540565491,-0.26108965277671814,0.6566849946975708,0.476117879152298,-0.2213156670331955,0.6404728293418884,0.5285094976425171,-0.2621552348136902,0.6525458097457886,0.4775718152523041,-0.19500313699245453,0.6390951871871948,0.5223958492279053,-0.2367912232875824,0.5678977966308594,0.4560109078884125,0.04718911647796631,0.5572349429130554,0.476567804813385,-0.04717934876680374,0.6204022169113159,0.45661234855651855,0.01212510745972395,0.6136008501052856,0.47309115529060364,-0.10572066158056259,0.6148208975791931,0.539904773235321,0.08835076540708542,0.6066690683364868,0.5471689701080322,-0.008054462261497974,0.6092288494110107,0.5492913722991943,0.09510631859302521,0.6009098291397095,0.5551506280899048,0.0012848032638430595,0.6290487051010132,0.5570396780967712,0.06148400902748108,0.6226248145103455,0.5683383345603943,-0.026447683572769165
0467,./images/8/frame_00467.jpg,Fall,0.6123889684677124,0.4054891765117645,-0.20904290676116943,0.6144974231719971,0.3984564542770386,-0.20842647552490234,0.6147269010543823,0.3970881700515747,-0.20850908756256104,0.614929735660553,0.3955915570259094,-0.2085990607738495,0.6135344505310059,0.39957478642463684,-0.22498536109924316,0.6130532622337341,0.399276465177536,-0.22501933574676514,0.6125184297561646,0.39905408024787903,-0.22504305839538574,0.6115151643753052,0.3876992464065552,-0.1726539134979248,0.6080764532089233,0.3938755989074707,-0.24766191840171814,0.6090924143791199,0.40339982509613037,-0.18999701738357544,0.6078884601593018,0.4046162962913513,-0.21165737509727478,0.5987306833267212,0.37288954854011536,-0.10497933626174927,0.5804667472839355,0.4070311188697815,-0.23384439945220947,0.6228381395339966,0.4241389334201813,-0.09613099694252014,0.594528079032898,0.47107547521591187,-0.23739171028137207,0.6511002779006958,0.4723886251449585,-0.16822636127471924,0.6198397874832153,0.5262729525566101,-0.2317643165588379,0.6587599515914917,0.4785314202308655,-0.1829969584941864,0.6234836578369141,0.5432296991348267,-0.2560015320777893,0.6586517095565796,0.4829716980457306,-0.20509395003318787,0.627880334854126,0.5361483693122864,-0.25922390818595886,0.654344916343689,0.4833877980709076,-0.17976775765419006,0.627156138420105,0.5295295119285583,-0.23363864421844482,0.5699130296707153,0.4562625586986542,0.04702102020382881,0.5573059320449829,0.47393998503685,-0.04702204093337059,0.6211684346199036,0.45683690905570984,0.009031775407493114,0.6136284470558167,0.46544286608695984,-0.10684704780578613,0.6141895651817322,0.5448735952377319,0.07697656005620956,0.6057029962539673,0.551776647567749,-0.015292473137378693,0.6076017618179321,0.5546344518661499,0.0824897438287735,0.5987945795059204,0.5620957612991333,-0.0067236153408885,0.6278635859489441,0.5651581883430481,0.049394868314266205,0.6221980452537537,0.5772931575775146,-0.033457525074481964
0468,./images/8/frame_00468.jpg,Fall,0.6125389337539673,0.40643006563186646,-0.19127751886844635,0.6147729158401489,0.3996472656726837,-0.19036146998405457,0.6149887442588806,0.39847996830940247,-0.19044068455696106,0.615179717540741,0.3972594738006592,-0.19051781296730042,0.613893985748291,0.4002036154270172,-0.20743370056152344,0.6134179830551147,0.3996327817440033,-0.20747485756874084,0.612878143787384,0.39924272894859314,-0.20751288533210754,0.6117011308670044,0.38922613859176636,-0.15518063306808472,0.6084607839584351,0.39384493231773376,-0.23180444538593292,0.6093318462371826,0.40442726016044617,-0.1729225367307663,0.6081309914588928,0.4050719738006592,-0.19526126980781555,0.5984491109848022,0.3743819296360016,-0.08814404904842377,0.5814492106437683,0.4046137034893036,-0.22409065067768097,0.621857225894928,0.42907965183258057,-0.08068128675222397,0.5928012132644653,0.47143787145614624,-0.22441215813159943,0.6457635164260864,0.47995615005493164,-0.15532423555850983,0.6147556304931641,0.5262753963470459,-0.2163485586643219,0.652678906917572,0.4881087839603424,-0.16937509179115295,0.6178370118141174,0.542758584022522,-0.23798911273479462,0.6529288291931152,0.4917972683906555,-0.18974646925926208,0.6217333674430847,0.5362813472747803,-0.24250590801239014,0.6491155028343201,0.4912511706352234,-0.16665337979793549,0.6209851503372192,0.529930591583252,-0.21830877661705017,0.5696482062339783,0.45866814255714417,0.047626953572034836,0.5560188889503479,0.47488150000572205,-0.047624364495277405,0.6223539710044861,0.4645509421825409,0.019133534282445908,0.6133826971054077,0.4614005982875824,-0.10432164371013641,0.6142920255661011,0.547024130821228,0.079533651471138,0.6071733236312866,0.552573025226593,-0.02881607972085476,0.6076111197471619,0.5578262209892273,0.08399388194084167,0.5992723107337952,0.5653039216995239,-0.02225985750555992,0.6284672021865845,0.5653268098831177,0.049562714993953705,0.6270612478256226,0.5752446055412292,-0.05483701825141907
0469,./images/8/frame_00469.jpg,Fall,0.6124941110610962,0.4064277112483978,-0.16550034284591675,0.6147668361663818,0.39973920583724976,-0.1649746596813202,0.6149870157241821,0.39861026406288147,-0.16504602134227753,0.6151607632637024,0.397475928068161,-0.16511419415473938,0.6139082908630371,0.400216281414032,-0.18222884833812714,0.6134698390960693,0.3996261954307556,-0.18227384984493256,0.6129590272903442,0.3992185890674591,-0.18231141567230225,0.6119696497917175,0.38953015208244324,-0.1329115629196167,0.6088830828666687,0.3937698304653168,-0.2104964703321457,0.609321117401123,0.4044760465621948,-0.14855605363845825,0.608119547367096,0.405045747756958,-0.1711437702178955,0.5985466241836548,0.3754291236400604,-0.06785741448402405,0.581978976726532,0.3989473581314087,-0.20844516158103943,0.6198307871818542,0.43372005224227905,-0.05656348541378975,0.5947778224945068,0.4655267000198364,-0.2124069184064865,0.635482907295227,0.48733991384506226,-0.12824761867523193,0.6167610287666321,0.5113970637321472,-0.1980048567056656,0.6406590938568115,0.4979788064956665,-0.14006105065345764,0.6204002499580383,0.5254601240158081,-0.2176554650068283,0.6417208313941956,0.49983304738998413,-0.1598844677209854,0.6232391595840454,0.5179552435874939,-0.22052104771137238,0.6385961174964905,0.4979625642299652,-0.13896949589252472,0.622043788433075,0.5123957991600037,-0.19910989701747894,0.5695129632949829,0.46014636754989624,0.04814128950238228,0.557401180267334,0.4728463590145111,-0.04812987148761749,0.6219831705093384,0.4635329842567444,0.01923493668437004,0.6136906743049622,0.4567636251449585,-0.09951464831829071,0.6122491359710693,0.548873245716095,0.06621018797159195,0.6073444485664368,0.5526713132858276,-0.030351489782333374,0.6049107313156128,0.559789776802063,0.06898697465658188,0.6001711487770081,0.5664252638816833,-0.024482298642396927,0.6267064213752747,0.5667452216148376,0.035516105592250824,0.6279882192611694,0.5746860504150391,-0.05412762239575386
0470,./images/8/frame_00470.jpg,Fall,0.6124594211578369,0.4072074592113495,-0.15888123214244843,0.6147357225418091,0.4004884362220764,-0.1574845016002655,0.6149424314498901,0.39933598041534424,-0.15755537152290344,0.6151073575019836,0.3982699513435364,-0.1576181948184967,0.6138812899589539,0.4006428122520447,-0.17475686967372894,0.6134480237960815,0.39989975094795227,-0.17480167746543884,0.612937331199646,0.3993532359600067,-0.17484064400196075,0.6119608283042908,0.39009201526641846,-0.12310387194156647,0.6089760065078735,0.3937007784843445,-0.2009768784046173,0.6092979311943054,0.40518277883529663,-0.14131669700145721,0.608086109161377,0.4054844379425049,-0.1640305370092392,0.5980769395828247,0.3753487169742584,-0.05757267400622368,0.5828209519386292,0.3982206881046295,-0.2005733996629715,0.6149801015853882,0.43312713503837585,-0.04949872940778732,0.5952129364013672,0.46579504013061523,-0.20665189623832703,0.6266795992851257,0.4846656918525696,-0.11975108087062836,0.6159252524375916,0.512417197227478,-0.19237414002418518,0.6307228803634644,0.4951378405094147,-0.13127367198467255,0.6192887425422668,0.5268809199333191,-0.21190431714057922,0.6319069266319275,0.4966210722923279,-0.1497116982936859,0.6223279237747192,0.5203755497932434,-0.21400809288024902,0.6293604373931885,0.4947589039802551,-0.12982794642448425,0.6211934685707092,0.5145675539970398,-0.19313138723373413,0.5693841576576233,0.4618165194988251,0.04861413314938545,0.5579823851585388,0.4721491038799286,-0.04861336201429367,0.6219175457954407,0.46488118171691895,0.016520801931619644,0.6136621236801147,0.45015770196914673,-0.10468904674053192,0.6122255921363831,0.5487918257713318,0.058422308415174484,0.6081532835960388,0.5525075793266296,-0.059769533574581146,0.605066180229187,0.5603173971176147,0.06096615642309189,0.6006069183349609,0.5667572617530823,-0.05642339587211609,0.6269348859786987,0.5656585097312927,0.02431943640112877,0.629592776298523,0.5739296674728394,-0.09393640607595444
0471,./images/8/frame_00471.jpg,Fall,0.6126033067703247,0.4078369140625,-0.12603892385959625,0.6150792837142944,0.40109485387802124,-0.12580691277980804,0.6153379678726196,0.40001535415649414,-0.12587963044643402,0.6155451536178589,0.3990340828895569,-0.1259388029575348,0.6141718626022339,0.40123698115348816,-0.14262248575687408,0.6137539148330688,0.4004594683647156,-0.1426585614681244,0.6132103204727173,0.3998246490955353,-0.14271213114261627,0.6126815676689148,0.39064258337020874,-0.09773778170347214,0.6098600625991821,0.39384087920188904,-0.17363327741622925,0.60956871509552,0.406051903963089,-0.11070726066827774,0.6083053350448608,0.4062950015068054,-0.13284340500831604,0.5990006923675537,0.3760765492916107,-0.040733836591243744,0.5857280492782593,0.39646148681640625,-0.18011197447776794,0.6123656034469604,0.43532252311706543,-0.03652540594339371,0.5957618951797485,0.4666120707988739,-0.20099318027496338,0.6220870614051819,0.48862800002098083,-0.09627316892147064,0.6164190769195557,0.5176076292991638,-0.19979014992713928,0.6258748173713684,0.49976930022239685,-0.10510963201522827,0.619845449924469,0.5321381688117981,-0.22156110405921936,0.6272444128990173,0.5009894371032715,-0.12167543172836304,0.6230376958847046,0.5252192616462708,-0.21981069445610046,0.6249806880950928,0.4985181987285614,-0.10514235496520996,0.6218547821044922,0.5193686485290527,-0.20048344135284424,0.569594144821167,0.4625287353992462,0.04860372841358185,0.5586723685264587,0.4708998501300812,-0.04860851913690567,0.621772050857544,0.4620210826396942,-0.01839962601661682,0.6121211051940918,0.45003560185432434,-0.12998035550117493,0.6123022437095642,0.5498415231704712,-0.0026924624107778072,0.6092274188995361,0.5529066920280457,-0.11874232441186905,0.6053947806358337,0.5628356337547302,-0.0027284990064799786,0.6021013855934143,0.5702639222145081,-0.11887773126363754,0.6268317103385925,0.5648022890090942,-0.04481499269604683,0.6315363049507141,0.5703346133232117,-0.16294026374816895
0472,./images/8/frame_00472.jpg,Fall,0.6129119992256165,0.40788066387176514,-0.12362988293170929,0.6154034733772278,0.401252418756485,-0.12384352833032608,0.6156320571899414,0.40014758706092834,-0.12389397621154785,0.6158047914505005,0.39913859963417053,-0.12395216524600983,0.6146045327186584,0.4016337990760803,-0.14111368358135223,0.6142346262931824,0.4009719789028168,-0.1411600559949875,0.6137665510177612,0.4004696011543274,-0.14119884371757507,0.6128817796707153,0.39094024896621704,-0.09902222454547882,0.6106432676315308,0.3944476544857025,-0.17747385799884796,0.6098374724388123,0.4061349332332611,-0.10951294749975204,0.6086896061897278,0.4065752327442169,-0.13248002529144287,0.5981134176254272,0.37602826952934265,-0.039058130234479904,0.5891810655593872,0.39811405539512634,-0.18701815605163574,0.6103228330612183,0.4378025531768799,-0.014023724012076855,0.6010080575942993,0.4669545590877533,-0.1967574656009674,0.6204724907875061,0.4879557192325592,-0.05900968238711357,0.6263246536254883,0.5174828171730042,-0.17802688479423523,0.6240176558494568,0.49746355414390564,-0.06340944766998291,0.6323591470718384,0.5320543646812439,-0.19571390748023987,0.6261596083641052,0.49909353256225586,-0.0803375244140625,0.6350720524787903,0.5248823761940002,-0.19319453835487366,0.6241589784622192,0.4972786009311676,-0.06753672659397125,0.6326636075973511,0.5191446542739868,-0.1768328696489334,0.5694929361343384,0.46336808800697327,0.04921665042638779,0.5596108436584473,0.4716701805591583,-0.04924268275499344,0.6195274591445923,0.4602743685245514,0.01232895441353321,0.612252950668335,0.44610536098480225,-0.11775466054677963,0.6111757755279541,0.5491827130317688,0.05005743354558945,0.609119713306427,0.5510062575340271,-0.07008200883865356,0.6044685244560242,0.5625587701797485,0.05224845930933952,0.6022064685821533,0.5694994330406189,-0.06612689048051834,0.624510645866394,0.5639092922210693,0.023491591215133667,0.6296970844268799,0.5688027739524841,-0.10016018152236938
0473,./images/8/frame_00473.jpg,Fall,0.6129918694496155,0.4080062806606293,-0.09718798846006393,0.6154899597167969,0.40151363611221313,-0.09586720168590546,0.6157132983207703,0.4003756642341614,-0.09593302011489868,0.6158846020698547,0.39932993054389954,-0.09599962830543518,0.6147182583808899,0.4019308388233185,-0.11272013187408447,0.6143399477005005,0.40120574831962585,-0.11274664103984833,0.6138896346092224,0.40067794919013977,-0.11279448121786118,0.6130302548408508,0.3909376263618469,-0.06677413731813431,0.6106507182121277,0.3942335844039917,-0.1430649757385254,0.6098717451095581,0.40606406331062317,-0.08186087757349014,0.6087554693222046,0.4065611660480499,-0.10410459339618683,0.5987394452095032,0.37821418046951294,-0.011277040466666222,0.588638961315155,0.39253583550453186,-0.15939095616340637,0.617080569267273,0.44196945428848267,0.0047988626174628735,0.5998989343643188,0.4650866687297821,-0.182009756565094,0.6366248726844788,0.49084270000457764,-0.03883279114961624,0.622049868106842,0.5180689692497253,-0.18348556756973267,0.6432967185974121,0.49987518787384033,-0.042740169912576675,0.6259337663650513,0.5329490900039673,-0.20275333523750305,0.6458576917648315,0.5028043985366821,-0.05970309302210808,0.6294342875480652,0.526667058467865,-0.2017849236726761,0.6424052119255066,0.5009890794754028,-0.04765092581510544,0.6281365752220154,0.5208668112754822,-0.18350471556186676,0.5697768330574036,0.46676933765411377,0.0493864044547081,0.5599768757820129,0.4713898003101349,-0.04942231625318527,0.6194401979446411,0.46027013659477234,-0.000569679425098002,0.6113768219947815,0.44845643639564514,-0.12943635880947113,0.6107074618339539,0.5496640801429749,0.025065001100301743,0.6091083288192749,0.5510040521621704,-0.1040516346693039,0.6041154265403748,0.5623037219047546,0.026162654161453247,0.6022997498512268,0.5687478184700012,-0.10217970609664917,0.6229811906814575,0.5643408298492432,-0.00902256928384304,0.6295145750045776,0.5685685276985168,-0.1382015496492386
0474,./images/8/frame_00474.jpg,Fall,0.6132544875144958,0.40783020853996277,-0.13073763251304626,0.6158063411712646,0.40129905939102173,-0.13121744990348816,0.6160233020782471,0.4001401662826538,-0.13127511739730835,0.616207480430603,0.3990764915943146,-0.13134106993675232,0.6150866746902466,0.40183165669441223,-0.14832429587841034,0.6147521734237671,0.4011727571487427,-0.14836561679840088,0.6143099069595337,0.40068474411964417,-0.1484026163816452,0.6133686304092407,0.3908371329307556,-0.10460419952869415,0.6110680103302002,0.39422810077667236,-0.18055149912834167,0.6100183129310608,0.40598270297050476,-0.11614283174276352,0.6090107560157776,0.406482994556427,-0.13872969150543213,0.5985385179519653,0.37807342410087585,-0.0437186025083065,0.5895174741744995,0.394868940114975,-0.16736704111099243,0.618179440498352,0.43800994753837585,-0.02726755104959011,0.6042107343673706,0.465719997882843,-0.188285693526268,0.6383479833602905,0.48183247447013855,-0.08199325948953629,0.6277127265930176,0.5150893330574036,-0.18819560110569,0.6448743343353271,0.4890774190425873,-0.08997289836406708,0.6322522163391113,0.5289923548698425,-0.20727995038032532,0.6466020345687866,0.4923456311225891,-0.10819321870803833,0.6347957849502563,0.5221161842346191,-0.20708107948303223,0.6433361172676086,0.4913317859172821,-0.09163820743560791,0.6330958604812622,0.5166409015655518,-0.1881946623325348,0.569712221622467,0.46558940410614014,0.050100475549697876,0.5602942109107971,0.47134339809417725,-0.050128620117902756,0.6191670894622803,0.46046721935272217,0.019579317420721054,0.611879289150238,0.45108336210250854,-0.11562372744083405,0.609026312828064,0.5493835210800171,0.07872061431407928,0.6083837151527405,0.5507284998893738,-0.041759539395570755,0.6023508310317993,0.5615562796592712,0.08357477188110352,0.6016097664833069,0.5662841200828552,-0.03455548360943794,0.6208096742630005,0.5644246339797974,0.05573458597064018,0.6240240335464478,0.5637041926383972,-0.05827111750841141
0475,./images/8/frame_00475.jpg,Fall,0.6140962839126587,0.40771597623825073,-0.17649248242378235,0.6164629459381104,0.40117305517196655,-0.1763008087873459,0.6165980100631714,0.39999622106552124,-0.17634819447994232,0.6167067289352417,0.3989247679710388,-0.17640994489192963,0.6158832907676697,0.4017335772514343,-0.19295740127563477,0.6155815720558167,0.4010959565639496,-0.1930234730243683,0.6151754260063171,0.4006456732749939,-0.19307059049606323,0.6136040687561035,0.39074790477752686,-0.14394694566726685,0.611671507358551,0.3943047821521759,-0.21990101039409637,0.6107295751571655,0.40592333674430847,-0.159440815448761,0.6099076867103577,0.40644192695617676,-0.1817256659269333,0.5982288122177124,0.37737593054771423,-0.0682293027639389,0.5915718078613281,0.39611193537712097,-0.2108430415391922,0.6062229871749878,0.43658244609832764,-0.02681099995970726,0.6044648885726929,0.467953622341156,-0.19804348051548004,0.6148122549057007,0.4824303984642029,-0.06168340519070625,0.6288061738014221,0.5111073851585388,-0.1570388674736023,0.6170242428779602,0.4913909435272217,-0.06627725064754486,0.6342443823814392,0.5244600772857666,-0.17088134586811066,0.6188504099845886,0.49372178316116333,-0.08565685898065567,0.6361461281776428,0.5167955160140991,-0.17333564162254333,0.617364764213562,0.4918203055858612,-0.07073159515857697,0.6339850425720215,0.5112884640693665,-0.15675729513168335,0.5695785284042358,0.46299365162849426,0.04993440955877304,0.5607513785362244,0.46970459818840027,-0.04996689409017563,0.6183232069015503,0.4587210714817047,0.027847573161125183,0.6123815774917603,0.45307472348213196,-0.10760723054409027,0.6079229712486267,0.5473195910453796,0.09491682052612305,0.6078564524650574,0.5470144152641296,-0.018333841115236282,0.6009870767593384,0.5583966374397278,0.10020671784877777,0.6013849973678589,0.5603723526000977,-0.01005028747022152,0.6203337907791138,0.5642668604850769,0.06886456906795502,0.6234002113342285,0.564197301864624,-0.03781869634985924
0476,./images/8/frame_00476.jpg,Fall,0.6148494482040405,0.40748846530914307,-0.19932496547698975,0.617335319519043,0.4009421467781067,-0.19786925613880157,0.6175378561019897,0.3997887372970581,-0.19792518019676208,0.617652952671051,0.3988509178161621,-0.19799962639808655,0.6166902184486389,0.40146493911743164,-0.21366722881793976,0.6163845658302307,0.4009128212928772,-0.2137293517589569,0.6159042716026306,0.4005174934864044,-0.21378295123577118,0.6146817207336426,0.3907398581504822,-0.15839751064777374,0.6124035716056824,0.39442723989486694,-0.2304387390613556,0.6116718649864197,0.4058612883090973,-0.17971587181091309,0.6107878684997559,0.40629860758781433,-0.2007565200328827,0.6019851565361023,0.37956660985946655,-0.07888306677341461,0.5920705199241638,0.39640605449676514,-0.22063307464122772,0.6074476838111877,0.4429296851158142,-0.040562279522418976,0.6039580702781677,0.4693851172924042,-0.20715181529521942,0.6170541048049927,0.4953114092350006,-0.08082090318202972,0.6247727870941162,0.5121347904205322,-0.1749444305896759,0.6200488209724426,0.5070599317550659,-0.08817870169878006,0.6285465955734253,0.52488112449646,-0.1910357028245926,0.6216049194335938,0.50923091173172,-0.10723432153463364,0.6303663849830627,0.5187905430793762,-0.19434937834739685,0.6196204423904419,0.5058808922767639,-0.09035404771566391,0.628657341003418,0.5133545994758606,-0.17546841502189636,0.5699747800827026,0.46241649985313416,0.049866970628499985,0.5609548091888428,0.4660298228263855,-0.04990369454026222,0.62021404504776,0.46115463972091675,0.006533977575600147,0.613736629486084,0.45718100666999817,-0.11954476684331894,0.6085905432701111,0.5480369925498962,0.05979811027646065,0.6077361702919006,0.5472111701965332,-0.05402541905641556,0.6018039584159851,0.5585209131240845,0.06339946389198303,0.6011515855789185,0.5605795383453369,-0.04825306311249733,0.6213801503181458,0.5648527145385742,0.02467724308371544,0.6239011287689209,0.5664463639259338,-0.08388714492321014
0477,./images/8/frame_00477.jpg,Fall,0.6149209141731262,0.4069039225578308,-0.19042958319187164,0.6173072457313538,0.4004320800304413,-0.19078758358955383,0.6175090074539185,0.3990587592124939,-0.19084575772285461,0.6176283359527588,0.39796075224876404,-0.19091837108135223,0.616682231426239,0.40132564306259155,-0.20649583637714386,0.616341769695282,0.40084946155548096,-0.20655791461467743,0.6158772706985474,0.40049612522125244,-0.20660829544067383,0.6146426796913147,0.39047083258628845,-0.15850940346717834,0.6123663187026978,0.394713431596756,-0.22975559532642365,0.6118093132972717,0.4048701822757721,-0.17325228452682495,0.6108943223953247,0.4056660830974579,-0.19412142038345337,0.6010969281196594,0.37848854064941406,-0.08141648769378662,0.592583417892456,0.40190786123275757,-0.22288326919078827,0.608441948890686,0.4365750551223755,-0.04278676584362984,0.605337381362915,0.47383156418800354,-0.20763342082500458,0.6211056709289551,0.4828093945980072,-0.08483316004276276,0.6261657476425171,0.5185214281082153,-0.17440497875213623,0.6250909566879272,0.4920565187931061,-0.09136389940977097,0.6298847794532776,0.5322661995887756,-0.19141121208667755,0.6265307664871216,0.4941175580024719,-0.110709048807621,0.6319012641906738,0.5266479849815369,-0.1955939084291458,0.6241848468780518,0.4921797811985016,-0.09368235617876053,0.6304114460945129,0.5211838483810425,-0.17535902559757233,0.5700528025627136,0.45866936445236206,0.04974951595067978,0.5609189867973328,0.46696344017982483,-0.04978257790207863,0.6204395890235901,0.4604022204875946,0.013066540472209454,0.614668607711792,0.4681747555732727,-0.11701533943414688,0.6131816506385803,0.5443161725997925,0.0790482610464096,0.6086150407791138,0.5454438328742981,-0.027881693094968796,0.6073087453842163,0.5545946955680847,0.08423208445310593,0.6027271747589111,0.5556158423423767,-0.019425807520747185,0.6270707845687866,0.5603139996528625,0.051981259137392044,0.6241697669029236,0.5641764402389526,-0.04664532095193863
0478,./images/8/frame_00478.jpg,Fall,0.6148269176483154,0.4069768190383911,-0.16842268407344818,0.617235541343689,0.40069201588630676,-0.16954800486564636,0.6174293756484985,0.3993372321128845,-0.16961200535297394,0.6175497174263,0.398204505443573,-0.16968384385108948,0.6165942549705505,0.4015350639820099,-0.18560777604579926,0.6162300705909729,0.4009654223918915,-0.18565689027309418,0.6157591938972473,0.4005744457244873,-0.18570289015769958,0.6145468354225159,0.3904358446598053,-0.14182832837104797,0.6122390031814575,0.39469605684280396,-0.21422621607780457,0.6117015480995178,0.40483367443084717,-0.15261602401733398,0.610775887966156,0.40552935004234314,-0.17385776340961456,0.6012176871299744,0.3782484829425812,-0.0785629153251648,0.5922459363937378,0.39969030022621155,-0.2150912582874298,0.6144805550575256,0.43717652559280396,-0.05152808874845505,0.6047099828720093,0.4716164767742157,-0.20829784870147705,0.633015513420105,0.48332634568214417,-0.11243025958538055,0.6270805597305298,0.5179945826530457,-0.19101038575172424,0.6389602422714233,0.49211594462394714,-0.12290433794260025,0.6310688257217407,0.5318871736526489,-0.21063701808452606,0.6406430602073669,0.4942076802253723,-0.14215020835399628,0.6338616609573364,0.5260328054428101,-0.2125931680202484,0.6375905275344849,0.49245283007621765,-0.12248889356851578,0.6324554681777954,0.5205729007720947,-0.19178694486618042,0.5705183744430542,0.45836329460144043,0.049679599702358246,0.5608793497085571,0.46712443232536316,-0.04970869421958923,0.620429515838623,0.46047472953796387,0.013271242380142212,0.6148011684417725,0.46601974964141846,-0.11636896431446075,0.6131477952003479,0.5443583726882935,0.07530803233385086,0.6090112328529358,0.5457847118377686,-0.03360418602824211,0.6071615815162659,0.5548789501190186,0.08066089451313019,0.6029230952262878,0.556487500667572,-0.02692628838121891,0.626855731010437,0.5604146122932434,0.050468094646930695,0.6249253153800964,0.5644067525863647,-0.057706814259290695
0479,./images/8/frame_00479.jpg,Fall,0.6148013472557068,0.4077838361263275,-0.16548655927181244,0.6171674132347107,0.4017578959465027,-0.1645183265209198,0.6173631548881531,0.4005163908004761,-0.16458669304847717,0.6174905300140381,0.3994482755661011,-0.16465884447097778,0.6165147423744202,0.40253305435180664,-0.18122373521327972,0.6161491274833679,0.40194079279899597,-0.1812572181224823,0.6156756281852722,0.4014649987220764,-0.18128767609596252,0.614494800567627,0.39129048585891724,-0.12897269427776337,0.6122006773948669,0.3950677216053009,-0.2055150717496872,0.6116441488265991,0.4054965078830719,-0.147535040974617,0.6107062697410583,0.4061259925365448,-0.16977907717227936,0.6011048555374146,0.37843671441078186,-0.0643727034330368,0.5891801714897156,0.39521950483322144,-0.20413461327552795,0.6177738904953003,0.4377703368663788,-0.044007815420627594,0.6075210571289062,0.4622837007045746,-0.21719391644001007,0.6343767642974854,0.4867366850376129,-0.10751283168792725,0.6347007751464844,0.5035175085067749,-0.2137722223997116,0.639911413192749,0.494928240776062,-0.11877194792032242,0.6404235363006592,0.5156828761100769,-0.23564711213111877,0.6414172649383545,0.4970909655094147,-0.14033986628055573,0.6428365111351013,0.5076221227645874,-0.2357746660709381,0.6385981440544128,0.49568313360214233,-0.1180826872587204,0.6404638886451721,0.5029824376106262,-0.21436521410942078,0.5708175301551819,0.4584995210170746,0.04962453246116638,0.5608466863632202,0.4670182168483734,-0.049651119858026505,0.6204187870025635,0.46021538972854614,-0.002259282162413001,0.6149978041648865,0.45903825759887695,-0.11894558370113373,0.612256646156311,0.5446532368659973,0.040400050580501556,0.6082680225372314,0.5476221442222595,-0.07109871506690979,0.6058648824691772,0.5550872683525085,0.043208230286836624,0.6014094352722168,0.5610113143920898,-0.06750597804784775,0.6254589557647705,0.5604897141456604,0.007013930939137936,0.6250461339950562,0.5658385753631592,-0.10192982107400894
0480,./images/8/frame_00480.jpg,Fall,0.6154321432113647,0.4079216420650482,-0.1568172574043274,0.6178959012031555,0.40184271335601807,-0.15606141090393066,0.6180427670478821,0.40064218640327454,-0.15611635148525238,0.6181052923202515,0.39961937069892883,-0.15617522597312927,0.6173598766326904,0.40262943506240845,-0.17272129654884338,0.6170758008956909,0.4020763039588928,-0.17277398705482483,0.616680920124054,0.40167367458343506,-0.17281240224838257,0.6152929067611694,0.39178597927093506,-0.1234780102968216,0.613387405872345,0.3951866030693054,-0.19976399838924408,0.6122555136680603,0.4055875539779663,-0.1398845613002777,0.611450731754303,0.40633535385131836,-0.16223031282424927,0.6013596057891846,0.3781551718711853,-0.0570320188999176,0.5943105220794678,0.3968096971511841,-0.19742511212825775,0.6093029975891113,0.4375901520252228,-0.030388936400413513,0.6131287217140198,0.46235910058021545,-0.19698666036128998,0.6151391267776489,0.48628827929496765,-0.08343712985515594,0.6420802474021912,0.4933985471725464,-0.16044765710830688,0.6168732643127441,0.494884192943573,-0.0909099131822586,0.6562739610671997,0.4872434437274933,-0.17408059537410736,0.6184561252593994,0.4959779381752014,-0.10784493386745453,0.6569942235946655,0.4807795286178589,-0.1747523844242096,0.6174861192703247,0.49391573667526245,-0.0919903889298439,0.6539938449859619,0.47829267382621765,-0.15972697734832764,0.5703741312026978,0.4589059054851532,0.04926810413599014,0.5609443783760071,0.4668809771537781,-0.0493040457367897,0.6204286813735962,0.4598865807056427,-0.0004933035233989358,0.6149650812149048,0.4567912518978119,-0.12348417937755585,0.6116539239883423,0.5447026491165161,0.04310673847794533,0.608517050743103,0.5471633672714233,-0.0846271887421608,0.6051747798919678,0.555555522441864,0.046009648591279984,0.6021875143051147,0.5608589053153992,-0.08172234147787094,0.6249658465385437,0.5602575540542603,0.008129551075398922,0.6253095865249634,0.5645827651023865,-0.11899495124816895
0481,./images/8/frame_00481.jpg,Fall,0.6167166233062744,0.408783882856369,-0.15801772475242615,0.6192392110824585,0.4025832414627075,-0.15770873427391052,0.6194463968276978,0.4014359712600708,-0.15775957703590393,0.6196134686470032,0.40038228034973145,-0.1578187644481659,0.6185829639434814,0.40344351530075073,-0.17437744140625,0.6182689070701599,0.4029637277126312,-0.17443446815013885,0.6178658604621887,0.40272632241249084,-0.17446652054786682,0.6169291734695435,0.392593115568161,-0.12671583890914917,0.6143265962600708,0.3964695930480957,-0.20225027203559875,0.6135105490684509,0.40653368830680847,-0.14188328385353088,0.6126351952552795,0.407577246427536,-0.1641339510679245,0.6013339757919312,0.37779995799064636,-0.05969082564115524,0.5933901071548462,0.40117746591567993,-0.20016896724700928,0.6145914793014526,0.43020206689834595,-0.030008146539330482,0.6084710359573364,0.463019996881485,-0.18052884936332703,0.6267843246459961,0.4777243733406067,-0.07925371825695038,0.6331304907798767,0.4983856678009033,-0.12340551614761353,0.6307116746902466,0.4856111705303192,-0.08621437847614288,0.6401885747909546,0.48825976252555847,-0.1345808207988739,0.6312018036842346,0.48848915100097656,-0.10443578660488129,0.641871988773346,0.48121991753578186,-0.13639578223228455,0.6289249658584595,0.487225204706192,-0.08840462565422058,0.6395872831344604,0.48237380385398865,-0.12245577573776245,0.5709494352340698,0.457641065120697,0.04878503829240799,0.5621939897537231,0.46601104736328125,-0.04879095405340195,0.6200724244117737,0.4561848044395447,0.008572869934141636,0.6155248284339905,0.45104286074638367,-0.11349402368068695,0.6107347011566162,0.5421414971351624,0.06062416359782219,0.6077208518981934,0.5471352338790894,-0.07500021904706955,0.603755533695221,0.5533984899520874,0.06452099233865738,0.6011379361152649,0.5608948469161987,-0.06816370040178299,0.6235402822494507,0.5589063167572021,0.02709948644042015,0.6244833469390869,0.5668080449104309,-0.09803863614797592
0482,./images/8/frame_00482.jpg,Fall,0.6178447008132935,0.4088762402534485,-0.15174302458763123,0.6201287508010864,0.40252694487571716,-0.15344133973121643,0.6203179955482483,0.40132710337638855,-0.15349692106246948,0.6204684376716614,0.40025779604911804,-0.15356490015983582,0.6194248199462891,0.4034701883792877,-0.16988936066627502,0.6191107630729675,0.4030699133872986,-0.16993792355060577,0.6186356544494629,0.40288642048835754,-0.16996051371097565,0.6174880266189575,0.39252108335494995,-0.12762197852134705,0.6150373816490173,0.39739739894866943,-0.20283453166484833,0.6147183179855347,0.4065873920917511,-0.1388208568096161,0.6137484312057495,0.4078066051006317,-0.16074834764003754,0.601089358329773,0.3766906261444092,-0.0726090669631958,0.5944243669509888,0.4086800515651703,-0.20142507553100586,0.6192417144775391,0.4224352240562439,-0.06240632012486458,0.6138033270835876,0.4632868766784668,-0.19173383712768555,0.6349620223045349,0.4664696156978607,-0.13895787298679352,0.6465846300125122,0.49693191051483154,-0.1498086154460907,0.6400978565216064,0.4712013304233551,-0.15118804574012756,0.6575345396995544,0.486881285905838,-0.16484588384628296,0.6404781937599182,0.47495338320732117,-0.16963104903697968,0.6590487360954285,0.48081108927726746,-0.16482238471508026,0.6380139589309692,0.47547659277915955,-0.14893117547035217,0.6570082902908325,0.47950389981269836,-0.14891430735588074,0.5708968043327332,0.45549413561820984,0.04770132899284363,0.5625988245010376,0.4691671133041382,-0.04772096127271652,0.6223889589309692,0.45509088039398193,0.000254497688729316,0.6146361231803894,0.45169898867607117,-0.12462731450796127,0.6107597947120667,0.538388729095459,0.05569891259074211,0.6077173948287964,0.5456206798553467,-0.0873614251613617,0.6038308143615723,0.5498529076576233,0.060076069086790085,0.6012105941772461,0.5590580701828003,-0.08427710831165314,0.6234198212623596,0.5528990626335144,0.02083764597773552,0.6244317889213562,0.5640379190444946,-0.12353144586086273
0483,./images/8/frame_00483.jpg,Fall,0.617865800857544,0.40916717052459717,-0.1549110859632492,0.6201273202896118,0.40261879563331604,-0.15591809153556824,0.6203252077102661,0.40134117007255554,-0.15597692131996155,0.620517373085022,0.4001663327217102,-0.15604783594608307,0.6192901730537415,0.4037943482398987,-0.17253878712654114,0.6188972592353821,0.4035015404224396,-0.17258445918560028,0.618381679058075,0.4034186601638794,-0.1726100742816925,0.6172143220901489,0.3922562003135681,-0.12887315452098846,0.6147311329841614,0.39779549837112427,-0.20693528652191162,0.6147685050964355,0.4068033993244171,-0.14072772860527039,0.613656222820282,0.4081934690475464,-0.162764772772789,0.6050963997840881,0.3759278655052185,-0.07673484832048416,0.5938471555709839,0.40798982977867126,-0.20845314860343933,0.6282725930213928,0.42441070079803467,-0.0738302618265152,0.6178672313690186,0.4624786376953125,-0.22197821736335754,0.6537884473800659,0.4683172404766083,-0.14896485209465027,0.6580071449279785,0.4758766293525696,-0.20055298507213593,0.6624418497085571,0.4720325171947479,-0.16060802340507507,0.6642053723335266,0.4810540974140167,-0.21989834308624268,0.6610540151596069,0.4728158414363861,-0.17984266579151154,0.6642674803733826,0.47614410519599915,-0.21620699763298035,0.6579831838607788,0.47276705503463745,-0.15934860706329346,0.6626442074775696,0.4746389091014862,-0.19914431869983673,0.5709577202796936,0.4558606743812561,0.04760798066854477,0.5624493360519409,0.47014153003692627,-0.04763781651854515,0.6239078640937805,0.4581950604915619,-0.007129617966711521,0.6139695644378662,0.45224422216415405,-0.1304798126220703,0.6095649003982544,0.5390958786010742,0.04858288913965225,0.6067946553230286,0.5457167029380798,-0.08440450578927994,0.602595865726471,0.5497511625289917,0.05324844643473625,0.6006618142127991,0.5583706498146057,-0.0802433118224144,0.6209747791290283,0.554071843624115,0.017630957067012787,0.6227448582649231,0.5642865300178528,-0.11414550244808197
0484,./images/8/frame_00484.jpg,Fall,0.6177462339401245,0.41033637523651123,-0.09392718225717545,0.6200125813484192,0.403725802898407,-0.09414826333522797,0.6202061772346497,0.4024374783039093,-0.09420372545719147,0.6203799247741699,0.4012368619441986,-0.09425223618745804,0.6191991567611694,0.40474480390548706,-0.1110258474946022,0.6188123822212219,0.4042865037918091,-0.11105408519506454,0.6183050274848938,0.40404602885246277,-0.11107603460550308,0.6171035766601562,0.3928525745868683,-0.07059235870838165,0.6145924925804138,0.3977203071117401,-0.14748148620128632,0.6146143674850464,0.4076792299747467,-0.08058619499206543,0.6135162711143494,0.4089638888835907,-0.10307177156209946,0.6041146516799927,0.3759259879589081,-0.024413403123617172,0.5943365097045898,0.4065089225769043,-0.16047503054141998,0.6257648468017578,0.42649221420288086,-0.030073190107941628,0.6174609065055847,0.46187207102775574,-0.20279721915721893,0.6488784551620483,0.4699704051017761,-0.10859309136867523,0.6589312553405762,0.47209760546684265,-0.20244388282299042,0.6553406715393066,0.47452205419540405,-0.11841176450252533,0.665282130241394,0.4797612130641937,-0.22368323802947998,0.6543473601341248,0.47570085525512695,-0.13236455619335175,0.6653074622154236,0.4747910499572754,-0.21740543842315674,0.6512234807014465,0.47580477595329285,-0.11651978641748428,0.6645810604095459,0.47369447350502014,-0.20044001936912537,0.5709327459335327,0.4590126872062683,0.046958521008491516,0.5624072551727295,0.47223636507987976,-0.0470050610601902,0.6237267255783081,0.45826712250709534,-0.011092432774603367,0.6129723787307739,0.45165354013442993,-0.1307053416967392,0.6109793186187744,0.538273274898529,0.013012101873755455,0.6067764163017273,0.5458109378814697,-0.12243107706308365,0.6044396758079529,0.5497227311134338,0.01389844436198473,0.6006408333778381,0.5589942932128906,-0.12279516458511353,0.623173713684082,0.5500338673591614,-0.021084964275360107,0.6228054165840149,0.5629269480705261,-0.1598513275384903
0485,./images/8/frame_00485.jpg,Fall,0.618102490901947,0.4120017886161804,-0.15180978178977966,0.620237410068512,0.4052852988243103,-0.1516137570142746,0.620481550693512,0.4041309654712677,-0.15169444680213928,0.6206924915313721,0.4030981659889221,-0.15176203846931458,0.6192637085914612,0.40603283047676086,-0.1685974895954132,0.618833601474762,0.4054112434387207,-0.16862478852272034,0.6182940602302551,0.4050198495388031,-0.16864626109600067,0.6176007986068726,0.39439746737480164,-0.11803358793258667,0.6145601272583008,0.39799249172210693,-0.19536976516246796,0.61491858959198,0.4096571207046509,-0.134206622838974,0.6136816143989563,0.4106428325176239,-0.1567460298538208,0.6076530814170837,0.37592265009880066,-0.06341017782688141,0.5937291979789734,0.4062010943889618,-0.1878625452518463,0.6256815791130066,0.42686110734939575,-0.0702895075082779,0.6151685118675232,0.4624101519584656,-0.2216227948665619,0.6433306932449341,0.47116217017173767,-0.1473083198070526,0.6507667899131775,0.48084768652915955,-0.2214386910200119,0.6491276025772095,0.4766117036342621,-0.16133016347885132,0.6580129265785217,0.48677465319633484,-0.2439490556716919,0.6489507555961609,0.4779990613460541,-0.17787723243236542,0.6614906787872314,0.47832822799682617,-0.2429957091808319,0.6461504101753235,0.4775647521018982,-0.15662254393100739,0.6596308946609497,0.47630372643470764,-0.2215767204761505,0.5715698599815369,0.45901185274124146,0.04643787816166878,0.5623006224632263,0.47074729204177856,-0.04647772014141083,0.6258038282394409,0.4601828157901764,-0.026638174429535866,0.6122403144836426,0.4515013098716736,-0.1391405463218689,0.6115936040878296,0.5388233065605164,0.01235936675220728,0.6064062118530273,0.5470534563064575,-0.11608254909515381,0.6048513650894165,0.5502038598060608,0.014962108805775642,0.6001163721084595,0.56184321641922,-0.11493571102619171,0.6237134337425232,0.5512381792068481,-0.028001228347420692,0.6229978799819946,0.5630112290382385,-0.16085198521614075
0486,./images/8/frame_00486.jpg,Fall,0.618539571762085,0.4130188822746277,-0.16728588938713074,0.6208330392837524,0.40636909008026123,-0.16569727659225464,0.6210767030715942,0.4052221477031708,-0.16577765345573425,0.6213197112083435,0.40429309010505676,-0.16584515571594238,0.6196908354759216,0.40670666098594666,-0.18155698478221893,0.6192333102226257,0.4059683382511139,-0.18158861994743347,0.6186660528182983,0.4054645597934723,-0.18162420392036438,0.6182419657707214,0.3952873647212982,-0.12684950232505798,0.6148784756660461,0.39799630641937256,-0.1988460123538971,0.6152914762496948,0.41071397066116333,-0.14831024408340454,0.6138060688972473,0.4111018776893616,-0.16930921375751495,0.6116024255752563,0.3796643018722534,-0.06822787970304489,0.5910018682479858,0.4040815532207489,-0.19192981719970703,0.627010703086853,0.43051862716674805,-0.07042430341243744,0.6058077812194824,0.4627035856246948,-0.22141888737678528,0.6453213691711426,0.4739757478237152,-0.1415494978427887,0.6314266920089722,0.5066003799438477,-0.20981283485889435,0.6518217921257019,0.4804072082042694,-0.1558639407157898,0.634907066822052,0.5210003852844238,-0.2324429303407669,0.6516838073730469,0.4825952649116516,-0.17383798956871033,0.6391826272010803,0.5139210820198059,-0.23423616588115692,0.6483510136604309,0.4817371070384979,-0.15143214166164398,0.6378815174102783,0.5084688663482666,-0.21111240983009338,0.5738204717636108,0.460345596075058,0.045022543519735336,0.5622153878211975,0.46927741169929504,-0.04503491893410683,0.6252671480178833,0.458085834980011,-0.05820503085851669,0.6113525629043579,0.4506109058856964,-0.14315371215343475,0.6149419546127319,0.5388228297233582,-0.03103112056851387,0.6058629155158997,0.5476523637771606,-0.11713270097970963,0.608244776725769,0.5504284501075745,-0.029486417770385742,0.5996571183204651,0.5632186532020569,-0.11560393869876862,0.6276465654373169,0.5510523319244385,-0.0765383169054985,0.6228190064430237,0.5634781122207642,-0.16360123455524445
0487,./images/8/frame_00487.jpg,Fall,0.6189765930175781,0.4128003418445587,-0.12693631649017334,0.6212619543075562,0.4060877561569214,-0.1282273828983307,0.6214127540588379,0.4049862325191498,-0.12829424440860748,0.6216592192649841,0.40425553917884827,-0.12835800647735596,0.6203161478042603,0.4065306484699249,-0.14504922926425934,0.6198043823242188,0.4058323800563812,-0.1450784057378769,0.619174599647522,0.4055447578430176,-0.14509697258472443,0.6185852289199829,0.3947148323059082,-0.1090422123670578,0.6153867840766907,0.398668110370636,-0.18469256162643433,0.6156748533248901,0.4104132056236267,-0.11516362428665161,0.6144213080406189,0.41098716855049133,-0.13739949464797974,0.6090862154960632,0.3760421872138977,-0.06283161044120789,0.5936381220817566,0.40814530849456787,-0.19216391444206238,0.6255909204483032,0.4272744953632355,-0.06653589755296707,0.6150130033493042,0.46018362045288086,-0.20726437866687775,0.6456331014633179,0.4717283844947815,-0.14932528138160706,0.6540727615356445,0.4819721579551697,-0.17695431411266327,0.6526625156402588,0.4767909646034241,-0.16290993988513947,0.6587363481521606,0.4910254180431366,-0.19550034403800964,0.6569154262542725,0.47686564922332764,-0.18072514235973358,0.6602866649627686,0.48589685559272766,-0.19177967309951782,0.6496253609657288,0.48030921816825867,-0.15943510830402374,0.6586681008338928,0.4835943579673767,-0.1753590852022171,0.5730657577514648,0.45964714884757996,0.04516928642988205,0.5621761083602905,0.4716903567314148,-0.04516437649726868,0.6253597736358643,0.4601467549800873,-0.015189135447144508,0.6131286025047302,0.45232492685317993,-0.13366158306598663,0.6134663820266724,0.5390841960906982,0.03238767012953758,0.6059456467628479,0.547814130783081,-0.10626612603664398,0.606911301612854,0.5503972172737122,0.036208249628543854,0.5997005701065063,0.5625441670417786,-0.10330814123153687,0.6246843338012695,0.5511064529418945,0.0023351265117526054,0.6224466562271118,0.5670082569122314,-0.14239665865898132
0488,./images/8/frame_00488.jpg,Fall,0.6188198328018188,0.4130217730998993,-0.0673033744096756,0.6211373805999756,0.4064406454563141,-0.06702910363674164,0.6213021874427795,0.40542903542518616,-0.0671035572886467,0.6215234398841858,0.4046913981437683,-0.06714977324008942,0.6203733682632446,0.4066399931907654,-0.08300391584634781,0.6200587749481201,0.4058949053287506,-0.0830274373292923,0.6196819543838501,0.40553054213523865,-0.08306016772985458,0.6187729835510254,0.39608246088027954,-0.04419628530740738,0.6165546178817749,0.3987971544265747,-0.1167084351181984,0.615525484085083,0.41120898723602295,-0.05468173697590828,0.6142898797988892,0.4114701449871063,-0.07592174410820007,0.6089751124382019,0.38116663694381714,-0.003671852871775627,0.5941617488861084,0.4072417914867401,-0.13610921800136566,0.6246855854988098,0.4365004599094391,-0.01706927828490734,0.6139838099479675,0.4608035087585449,-0.18139488995075226,0.6470295190811157,0.47508057951927185,-0.0953957587480545,0.6495245099067688,0.4862982928752899,-0.1943657100200653,0.6544507741928101,0.479688823223114,-0.10640257596969604,0.6584771871566772,0.4834330976009369,-0.21702539920806885,0.6582198739051819,0.4778499901294708,-0.12324045598506927,0.6599565744400024,0.47855597734451294,-0.21012981235980988,0.6546330451965332,0.47840961813926697,-0.10477641969919205,0.6552906632423401,0.4856891632080078,-0.19262856245040894,0.5723758935928345,0.4654150605201721,0.04534097760915756,0.5621287226676941,0.47124162316322327,-0.04534547030925751,0.6252468824386597,0.4684901237487793,-0.014744261279702187,0.612669825553894,0.4556940793991089,-0.12376526743173599,0.6133867502212524,0.5442465543746948,-0.012579711154103279,0.6061801910400391,0.5501645803451538,-0.120611272752285,0.6064150333404541,0.5550135970115662,-0.01449247170239687,0.5997468829154968,0.5646262764930725,-0.1216534823179245,0.6244401335716248,0.5577751398086548,-0.05238385871052742,0.6238027215003967,0.5688761472702026,-0.1589829921722412
0489,./images/8/frame_00489.jpg,Fall,0.6192911863327026,0.4142957329750061,-0.11241759359836578,0.6216857433319092,0.4081478416919708,-0.11274999380111694,0.6219555139541626,0.4071487784385681,-0.11281764507293701,0.6221891641616821,0.406249076128006,-0.11288008838891983,0.6208714246749878,0.4082542359828949,-0.12859821319580078,0.6205481290817261,0.4073235094547272,-0.12863001227378845,0.6201969981193542,0.4068061113357544,-0.12865331768989563,0.6198786497116089,0.3974095284938812,-0.08643294125795364,0.6172308921813965,0.39957988262176514,-0.15996688604354858,0.6162614226341248,0.41197365522384644,-0.09849660098552704,0.6150189638137817,0.4122890532016754,-0.11970452219247818,0.6100810766220093,0.3791937828063965,-0.032728664577007294,0.5948629975318909,0.40688350796699524,-0.16792282462120056,0.6222389936447144,0.4362235963344574,-0.032347600907087326,0.613516628742218,0.46413370966911316,-0.19173678755760193,0.6329066753387451,0.4751257300376892,-0.10691239684820175,0.6474378108978271,0.498484343290329,-0.20688669383525848,0.6363728046417236,0.4798058271408081,-0.1166054829955101,0.6558674573898315,0.4884568452835083,-0.2300427407026291,0.6376180052757263,0.4780767560005188,-0.13557611405849457,0.6575801372528076,0.499460905790329,-0.22723300755023956,0.6360079646110535,0.478975772857666,-0.11676128208637238,0.6538828611373901,0.49686533212661743,-0.20627181231975555,0.5734173655509949,0.4639507234096527,0.04552564397454262,0.5626614689826965,0.46786439418792725,-0.045543964952230453,0.6284956336021423,0.4677060544490814,-0.0188489630818367,0.613930881023407,0.4512728452682495,-0.13099099695682526,0.6135622262954712,0.5425258874893188,0.0070418016985058784,0.6062092185020447,0.5493649244308472,-0.11745674908161163,0.6064411997795105,0.5533596873283386,0.008339161053299904,0.5998107194900513,0.5643081068992615,-0.1169900894165039,0.6248689889907837,0.5558563470840454,-0.031240034848451614,0.6238053441047668,0.5684216618537903,-0.15876051783561707
0490,./images/8/frame_00490.jpg,Fall,0.6201237440109253,0.4140785336494446,-0.21083207428455353,0.6224337220191956,0.40781986713409424,-0.21230840682983398,0.6225970983505249,0.40676361322402954,-0.21237368881702423,0.622840166091919,0.4058118164539337,-0.21244604885578156,0.6214913129806519,0.4080328345298767,-0.22789621353149414,0.6210420727729797,0.4072604775428772,-0.22795364260673523,0.6205838322639465,0.40681931376457214,-0.2279828041791916,0.6200920939445496,0.3971317708492279,-0.18196740746498108,0.6171600222587585,0.3999923765659332,-0.25240305066108704,0.6168622970581055,0.4117368459701538,-0.19397883117198944,0.6155423521995544,0.41213539242744446,-0.21466991305351257,0.6092128753662109,0.37817835807800293,-0.1091415286064148,0.5937764048576355,0.4118976294994354,-0.23572692275047302,0.6220480799674988,0.43444401025772095,-0.08076988905668259,0.6077562570571899,0.47254425287246704,-0.2052786648273468,0.6343303918838501,0.476473331451416,-0.1437796652317047,0.6368789672851562,0.5131976008415222,-0.16277003288269043,0.6387997269630432,0.4830491244792938,-0.1568608582019806,0.6424402594566345,0.5264972448348999,-0.17903612554073334,0.6397823095321655,0.48452258110046387,-0.17859962582588196,0.6455458402633667,0.5202793478965759,-0.18315093219280243,0.6375656723976135,0.4841717481613159,-0.15448839962482452,0.6432504057884216,0.5140395760536194,-0.16335859894752502,0.5738534331321716,0.45632052421569824,0.04553942754864693,0.5620241761207581,0.46918296813964844,-0.04553715139627457,0.6297854781150818,0.4676375389099121,-0.0028796426486223936,0.6150006651878357,0.4643460214138031,-0.12243834882974625,0.613518238067627,0.5423359870910645,0.06542540341615677,0.6070210933685303,0.5487508177757263,-0.027394969016313553,0.6063777208328247,0.5523234009742737,0.07139608263969421,0.6009294986724854,0.5579721331596375,-0.017738720402121544,0.624687135219574,0.5594488382339478,0.034633487462997437,0.6234415769577026,0.5710964202880859,-0.043992213904857635
0491,./images/8/frame_00491.jpg,Fall,0.6206321120262146,0.4143765866756439,-0.19009368121623993,0.6227737665176392,0.40759629011154175,-0.1915552318096161,0.6230350732803345,0.40654894709587097,-0.19162361323833466,0.6232292652130127,0.4056096374988556,-0.191697895526886,0.6218225359916687,0.4079916775226593,-0.20766183733940125,0.6212745904922485,0.4075508117675781,-0.2077082395553589,0.6207553744316101,0.4072658121585846,-0.20773451030254364,0.6200903058052063,0.3970784544944763,-0.16575811803340912,0.6171257495880127,0.4006924033164978,-0.23836037516593933,0.6172400116920471,0.41206660866737366,-0.17525415122509003,0.6159285306930542,0.41285040974617004,-0.1965530514717102,0.608345627784729,0.37811312079429626,-0.10406962782144547,0.5938063263893127,0.41492289304733276,-0.23114164173603058,0.6226977109909058,0.43014585971832275,-0.09944505244493484,0.6126539707183838,0.47336849570274353,-0.22451789677143097,0.6428231000900269,0.47182998061180115,-0.18346604704856873,0.6448658108711243,0.5093073844909668,-0.18759581446647644,0.6492236852645874,0.4775037467479706,-0.2002469301223755,0.653389036655426,0.5034355521202087,-0.20747320353984833,0.6515406370162964,0.4782138466835022,-0.2204170674085617,0.6543599367141724,0.5126283764839172,-0.21062538027763367,0.6455851793289185,0.481052428483963,-0.1945696771144867,0.6514269709587097,0.5097806453704834,-0.1885734647512436,0.5740702748298645,0.45480045676231384,0.04523804783821106,0.5622666478157043,0.4709382653236389,-0.04523668810725212,0.6287988424301147,0.4663916826248169,-0.0055863503366708755,0.6134281754493713,0.4708917438983917,-0.13236013054847717,0.6159888505935669,0.5412878394126892,0.060367126017808914,0.6073769330978394,0.5484955906867981,-0.05933747440576553,0.6099933385848999,0.5513544082641602,0.0661904513835907,0.6020458936691284,0.5569278001785278,-0.05273142457008362,0.6282039880752563,0.5563717484474182,0.030023973435163498,0.6236286759376526,0.5692529678344727,-0.08637236058712006
0492,./images/8/frame_00492.jpg,Fall,0.6204096674919128,0.4161474406719208,-0.17277643084526062,0.6226609945297241,0.4094668924808502,-0.17264989018440247,0.6229460835456848,0.4083313047885895,-0.17272034287452698,0.623181939125061,0.4072568714618683,-0.17279013991355896,0.6217066049575806,0.4099752604961395,-0.18965840339660645,0.6212104558944702,0.4093940854072571,-0.18969815969467163,0.6207128167152405,0.4089852273464203,-0.18972164392471313,0.6205546855926514,0.3980834484100342,-0.1432349979877472,0.6172267198562622,0.4017995595932007,-0.21908096969127655,0.6170758008956909,0.41411417722702026,-0.15661339461803436,0.6157745718955994,0.41491279006004333,-0.1790437400341034,0.6080772876739502,0.37936294078826904,-0.08330093324184418,0.592629075050354,0.4136457145214081,-0.2154260128736496,0.6243175268173218,0.43240275979042053,-0.07776381075382233,0.6108066439628601,0.47310635447502136,-0.21682913601398468,0.6441819071769714,0.4734330475330353,-0.1599660962820053,0.6413067579269409,0.5102709531784058,-0.1877659559249878,0.6499606370925903,0.48008790612220764,-0.17608435451984406,0.6474047899246216,0.5202261209487915,-0.20775547623634338,0.6506320238113403,0.4820443391799927,-0.1951937973499298,0.6503965854644775,0.5143775343894958,-0.2108093500137329,0.6463524699211121,0.48290982842445374,-0.17065070569515228,0.6480669975280762,0.5095417499542236,-0.1886465698480606,0.5746726989746094,0.45521095395088196,0.04535384848713875,0.5623220205307007,0.46932491660118103,-0.04534783586859703,0.6279082298278809,0.4644233286380768,-0.016622435301542282,0.6148142218589783,0.4678553342819214,-0.1315358281135559,0.6128267645835876,0.5418474674224854,0.0479389950633049,0.6043100357055664,0.5496107935905457,-0.058541495352983475,0.6056622266769409,0.5513801574707031,0.05284605175256729,0.5977507829666138,0.5570783615112305,-0.051633287221193314,0.622117280960083,0.5608091950416565,0.01634405180811882,0.6180976629257202,0.5776602625846863,-0.08184277266263962
0493,./images/8/frame_00493.jpg,Fall,0.6207876801490784,0.41667619347572327,-0.17328962683677673,0.6232068538665771,0.4102496802806854,-0.17246517539024353,0.6235746741294861,0.4091522693634033,-0.17254436016082764,0.6239132285118103,0.4081726372241974,-0.1726173758506775,0.6221842765808105,0.41060397028923035,-0.18988627195358276,0.6217195987701416,0.40985479950904846,-0.18992069363594055,0.621245265007019,0.4093695878982544,-0.1899527907371521,0.621536374092102,0.39894506335258484,-0.13894760608673096,0.6178137063980103,0.4018222689628601,-0.21693162620067596,0.6177259683609009,0.41460853815078735,-0.15558339655399323,0.6163672208786011,0.4152209758758545,-0.17852964997291565,0.6145870685577393,0.37921035289764404,-0.07992298901081085,0.5909963250160217,0.410552442073822,-0.21085211634635925,0.6306107044219971,0.43294668197631836,-0.08090190589427948,0.6038557291030884,0.4727533161640167,-0.21400079131126404,0.648311972618103,0.47741788625717163,-0.16548320651054382,0.6308199763298035,0.5163454413414001,-0.1985139101743698,0.6544864177703857,0.48488348722457886,-0.1824394017457962,0.6349995136260986,0.5308809280395508,-0.21991673111915588,0.6539049744606018,0.487510085105896,-0.20088085532188416,0.6392379999160767,0.5229029655456543,-0.22361251711845398,0.6502856016159058,0.48703643679618835,-0.1759570986032486,0.6378992795944214,0.5167654752731323,-0.20003566145896912,0.5772124528884888,0.45530733466148376,0.04508708044886589,0.5624132752418518,0.4677596688270569,-0.04508548229932785,0.6322059035301208,0.46437957882881165,-0.02548961341381073,0.6131531000137329,0.46776679158210754,-0.14666637778282166,0.6122491359710693,0.5422124266624451,0.02436538226902485,0.6030663251876831,0.5502955317497253,-0.08978389203548431,0.6041446328163147,0.5514812469482422,0.028232242912054062,0.5964295864105225,0.5579018592834473,-0.08417383581399918,0.6218959093093872,0.5623076558113098,-0.013001076877117157,0.6182314157485962,0.5786322951316833,-0.12170283496379852
0494,./images/8/frame_00494.jpg,Fall,0.6210491061210632,0.41770198941230774,-0.18087679147720337,0.6237030029296875,0.4116900861263275,-0.1793052852153778,0.6241125464439392,0.41059064865112305,-0.17938897013664246,0.6245119571685791,0.40960124135017395,-0.17946508526802063,0.6225971579551697,0.4118524193763733,-0.19670261442661285,0.6221299767494202,0.41094547510147095,-0.19673390686511993,0.6216539144515991,0.41032683849334717,-0.19676850736141205,0.6224254369735718,0.3998364210128784,-0.140304297208786,0.6183803677558899,0.4020173251628876,-0.2186114341020584,0.617970883846283,0.4154117703437805,-0.1610850989818573,0.6165518164634705,0.4157613217830658,-0.18398568034172058,0.6133018732070923,0.38013607263565063,-0.07927338778972626,0.5896965265274048,0.4047888517379761,-0.2093549519777298,0.6350243091583252,0.4350418150424957,-0.08204074203968048,0.6003412008285522,0.47187232971191406,-0.21918320655822754,0.6534145474433899,0.481151282787323,-0.16455473005771637,0.6248589754104614,0.5202298760414124,-0.22358918190002441,0.660361647605896,0.4889916181564331,-0.18136082589626312,0.6278823614120483,0.5360989570617676,-0.24775569140911102,0.6594935059547424,0.4920176565647125,-0.20026364922523499,0.632786750793457,0.5292471647262573,-0.25146907567977905,0.6556001901626587,0.4908509850502014,-0.17516988515853882,0.632187008857727,0.5227461457252502,-0.22565333545207977,0.5789543986320496,0.4584493339061737,0.04486086219549179,0.5624879598617554,0.46769553422927856,-0.04485424980521202,0.6308808326721191,0.4641305208206177,-0.04316001012921333,0.6131070256233215,0.45914167165756226,-0.15019547939300537,0.6121116876602173,0.5440690517425537,0.002463118638843298,0.6034660339355469,0.5509163737297058,-0.09788411110639572,0.6037887334823608,0.5531882643699646,0.005808212794363499,0.5968255400657654,0.5608897805213928,-0.09325677901506424,0.6221045255661011,0.56354820728302,-0.037901896983385086,0.6190373301506042,0.5778512358665466,-0.13487771153450012
0495,./images/8/frame_00495.jpg,Fall,0.6210838556289673,0.41739553213119507,-0.17308947443962097,0.6237195134162903,0.4112800657749176,-0.17260469496250153,0.6240562200546265,0.41022220253944397,-0.17267869412899017,0.6243784427642822,0.4093210995197296,-0.17274925112724304,0.6228100061416626,0.4115813374519348,-0.18937493860721588,0.622454047203064,0.41082292795181274,-0.18941129744052887,0.6220532655715942,0.4103473722934723,-0.18944375216960907,0.6221780776977539,0.3995456397533417,-0.1409309059381485,0.618753969669342,0.40210139751434326,-0.21481497585773468,0.6178889274597168,0.41515880823135376,-0.15568307042121887,0.616620659828186,0.4155469536781311,-0.17773394286632538,0.6128250956535339,0.3800257742404938,-0.07894669473171234,0.5898295044898987,0.40791359543800354,-0.20813706517219543,0.6319266557693481,0.43496766686439514,-0.07682792842388153,0.5959710478782654,0.47723883390426636,-0.18981799483299255,0.6501590609550476,0.4806758463382721,-0.15678390860557556,0.6133240461349487,0.5274792909622192,-0.15566198527812958,0.6566005945205688,0.48823344707489014,-0.17183634638786316,0.6148209571838379,0.5436261892318726,-0.17234426736831665,0.6564575433731079,0.4910985231399536,-0.1911924183368683,0.6187871694564819,0.5385088324546814,-0.17680659890174866,0.6527489423751831,0.49005305767059326,-0.16748467087745667,0.6188105344772339,0.5319049954414368,-0.15680062770843506,0.5778055191040039,0.45844992995262146,0.04505389556288719,0.5627244710922241,0.4677659869194031,-0.045035235583782196,0.6283983588218689,0.46274834871292114,-0.007547871675342321,0.614482045173645,0.45936644077301025,-0.11873165518045425,0.6118208169937134,0.5443114638328552,0.051382195204496384,0.6056157946586609,0.5502328872680664,-0.040885429829359055,0.6037999391555786,0.5535352230072021,0.05605321377515793,0.5991156101226807,0.5601179599761963,-0.03353400528430939,0.6220344305038452,0.5646874904632568,0.019976358860731125,0.6206137537956238,0.577032744884491,-0.06516598165035248
0496,./images/8/frame_00496.jpg,Fall,0.6210353374481201,0.4172009825706482,-0.17596641182899475,0.6237009167671204,0.41096624732017517,-0.17551037669181824,0.6239965558052063,0.4098771810531616,-0.17557397484779358,0.6242754459381104,0.4089563190937042,-0.17564068734645844,0.6228928565979004,0.41141074895858765,-0.1916322410106659,0.6225663423538208,0.4107625186443329,-0.1916779726743698,0.6221887469291687,0.41037076711654663,-0.19171260297298431,0.6219819784164429,0.3993290364742279,-0.14390961825847626,0.6188616156578064,0.4023892283439636,-0.21630075573921204,0.6177970767021179,0.41499799489974976,-0.15923450887203217,0.6165469884872437,0.415376752614975,-0.1805085837841034,0.6120338439941406,0.3802010118961334,-0.08154001086950302,0.5895046591758728,0.4086848497390747,-0.2084946185350418,0.6308416128158569,0.43563440442085266,-0.07192778587341309,0.592001736164093,0.4780537486076355,-0.1896970123052597,0.6497940421104431,0.48047560453414917,-0.13910602033138275,0.6096853017807007,0.5290165543556213,-0.15661007165908813,0.6563906669616699,0.4879339039325714,-0.1518705040216446,0.6112352609634399,0.5453013777732849,-0.17350170016288757,0.6562866568565369,0.49102550745010376,-0.17262132465839386,0.6154266595840454,0.5406424403190613,-0.17785146832466125,0.6525980234146118,0.4900367259979248,-0.15001927316188812,0.615537703037262,0.5340283513069153,-0.15771088004112244,0.5772690176963806,0.45861461758613586,0.04492280259728432,0.5628286600112915,0.46810540556907654,-0.04490574821829796,0.628293514251709,0.46303826570510864,0.00393322529271245,0.6144516468048096,0.4608566164970398,-0.11502381414175034,0.6126641631126404,0.5436717867851257,0.06920431554317474,0.605806827545166,0.5473560094833374,-0.02454150840640068,0.6054062843322754,0.5530616044998169,0.07461178302764893,0.5996752381324768,0.5563839077949524,-0.01580900140106678,0.623301088809967,0.5640693306922913,0.04070024937391281,0.6207023859024048,0.5737830996513367,-0.044485513120889664
0497,./images/8/frame_00497.jpg,Fall,0.6212753057479858,0.41748085618019104,-0.18067476153373718,0.6239827871322632,0.4109286069869995,-0.1817966103553772,0.6242837309837341,0.4096754789352417,-0.18186135590076447,0.6245986819267273,0.40863749384880066,-0.1819402277469635,0.6231167912483215,0.4119235575199127,-0.19754649698734283,0.622747540473938,0.41158348321914673,-0.19758501648902893,0.622340977191925,0.4114018380641937,-0.19760185480117798,0.6220684051513672,0.39924463629722595,-0.15597906708717346,0.6189001798629761,0.4041059613227844,-0.22684672474861145,0.6179677844047546,0.41494712233543396,-0.16580063104629517,0.6166598796844482,0.4159400463104248,-0.18662619590759277,0.6104413270950317,0.38001835346221924,-0.0948128029704094,0.5915759801864624,0.41406741738319397,-0.2199769914150238,0.6299086809158325,0.4346868395805359,-0.08458884060382843,0.6068889498710632,0.4778304696083069,-0.20422077178955078,0.6525558233261108,0.4764867126941681,-0.1642988622188568,0.6381161212921143,0.5251645445823669,-0.17087920010089874,0.658387303352356,0.47891223430633545,-0.1796553134918213,0.6444585919380188,0.5409022569656372,-0.1896732598543167,0.6601022481918335,0.48027610778808594,-0.20105385780334473,0.6476834416389465,0.5304224491119385,-0.19213414192199707,0.6562656164169312,0.4855106770992279,-0.17576651275157928,0.6452069282531738,0.5237277746200562,-0.1715882122516632,0.5767926573753357,0.4559600055217743,0.045280009508132935,0.5628305673599243,0.46913063526153564,-0.04527060315012932,0.6282716989517212,0.46301329135894775,0.011314592324197292,0.6158071756362915,0.46554094552993774,-0.11094989627599716,0.6130319237709045,0.5406175851821899,0.09212972223758698,0.6068147420883179,0.5464589595794678,-0.013205771334469318,0.6065036058425903,0.5497103333473206,0.0995582640171051,0.6011211276054382,0.554187536239624,-0.003517611650750041,0.6235989928245544,0.5599542260169983,0.06957150995731354,0.6208022832870483,0.5719667077064514,-0.028129134327173233
0498,./images/8/frame_00498.jpg,Fall,0.6220988035202026,0.4175156354904175,-0.14605450630187988,0.6246724724769592,0.41085201501846313,-0.1481262594461441,0.624823272228241,0.4095431864261627,-0.14818377792835236,0.6250229477882385,0.4084327220916748,-0.1482493132352829,0.6241176128387451,0.4118775725364685,-0.16483594477176666,0.6238291263580322,0.4115400016307831,-0.1648736298084259,0.6235478520393372,0.4113781750202179,-0.16489064693450928,0.6223730444908142,0.3992246389389038,-0.12989190220832825,0.6201061010360718,0.40435436367988586,-0.20473209023475647,0.6186686754226685,0.41499999165534973,-0.13386662304401398,0.6176682710647583,0.4161911904811859,-0.1558668464422226,0.6108564138412476,0.37916865944862366,-0.07499952614307404,0.5947414040565491,0.41572803258895874,-0.21061095595359802,0.6265352964401245,0.43462640047073364,-0.0640924796462059,0.6127486228942871,0.4774726927280426,-0.19889573752880096,0.65189129114151,0.4764474630355835,-0.14426502585411072,0.6476051211357117,0.510981559753418,-0.1586986482143402,0.6573144197463989,0.4797076880931854,-0.15718895196914673,0.6581958532333374,0.49877429008483887,-0.1764013171195984,0.6590185165405273,0.4810764193534851,-0.17687973380088806,0.6583330631256104,0.5112044215202332,-0.17493797838687897,0.6548262238502502,0.48537036776542664,-0.15501338243484497,0.6549482941627502,0.5064700841903687,-0.15764930844306946,0.5750841498374939,0.4559972882270813,0.046292420476675034,0.5628664493560791,0.4727467894554138,-0.04632412642240524,0.6279133558273315,0.4650004506111145,0.02620774134993553,0.6163779497146606,0.4657371938228607,-0.09835316985845566,0.612893283367157,0.5409732460975647,0.09384919703006744,0.6070321202278137,0.5470201969146729,-0.018356727436184883,0.6064555048942566,0.5497815608978271,0.10006110370159149,0.6012152433395386,0.5545313358306885,-0.010219736024737358,0.6235213279724121,0.5603373646736145,0.07142215222120285,0.6208158135414124,0.5730623602867126,-0.0332241915166378
0499,./images/8/frame_00499.jpg,Fall,0.6226693391799927,0.41734933853149414,-0.14653800427913666,0.625139057636261,0.41063255071640015,-0.14726360142230988,0.6253636479377747,0.40925565361976624,-0.14731863141059875,0.625552237033844,0.40813446044921875,-0.1473785787820816,0.624416172504425,0.411775678396225,-0.1633591204881668,0.6240757703781128,0.4114675223827362,-0.16340690851211548,0.6236898303031921,0.41135287284851074,-0.16343185305595398,0.622719407081604,0.39908820390701294,-0.1234203577041626,0.6200692653656006,0.4042075276374817,-0.19550761580467224,0.6193718910217285,0.41471412777900696,-0.13277539610862732,0.6182482242584229,0.4158724546432495,-0.1539703756570816,0.6089026927947998,0.37919628620147705,-0.06434597074985504,0.594651997089386,0.41540589928627014,-0.19757221639156342,0.6242380142211914,0.43589651584625244,-0.055692993104457855,0.6072179079055786,0.4797494113445282,-0.17160873115062714,0.6468049883842468,0.47646209597587585,-0.1375351846218109,0.6334487795829773,0.5167455673217773,-0.12075485289096832,0.65150386095047,0.4799134433269501,-0.15103203058242798,0.6386962532997131,0.5262072682380676,-0.13505442440509796,0.6524077653884888,0.4814249277114868,-0.17021791636943817,0.6417095065116882,0.5218777060508728,-0.13722267746925354,0.6494045257568359,0.48534977436065674,-0.1481105387210846,0.6397725343704224,0.5157406330108643,-0.12056479603052139,0.5744866728782654,0.45640382170677185,0.046815063804388046,0.56281578540802,0.47315746545791626,-0.04684341698884964,0.6284940242767334,0.4641537070274353,0.01820576749742031,0.6181437373161316,0.46379101276397705,-0.09968522936105728,0.6126878261566162,0.5410251021385193,0.08131030946969986,0.6070704460144043,0.5468121767044067,-0.01680712215602398,0.6059963703155518,0.5499677062034607,0.08687987923622131,0.6012056469917297,0.5550240278244019,-0.008468246087431908,0.6210790276527405,0.5553985834121704,0.0569816455245018,0.6208085417747498,0.5732268691062927,-0.03071584179997444
0500,./images/8/frame_00500.jpg,Fall,0.6226276159286499,0.4178626239299774,-0.17286543548107147,0.6252323389053345,0.41115090250968933,-0.17245206236839294,0.6255067586898804,0.4097083508968353,-0.1725044846534729,0.6257714033126831,0.408390074968338,-0.17255643010139465,0.6243885159492493,0.4124211072921753,-0.18794657289981842,0.6240192651748657,0.41208699345588684,-0.1880088746547699,0.6235820055007935,0.4120229482650757,-0.188041090965271,0.6230036616325378,0.39911550283432007,-0.14062142372131348,0.6199581623077393,0.404997855424881,-0.20959964394569397,0.619343101978302,0.4151509702205658,-0.1562357097864151,0.6181429624557495,0.4162713885307312,-0.1766427457332611,0.6089334487915039,0.3801574409008026,-0.06685726344585419,0.5943757891654968,0.4152570068836212,-0.2040543109178543,0.6255788207054138,0.43542158603668213,-0.05017009377479553,0.6002424955368042,0.48425573110580444,-0.17954975366592407,0.6436396241188049,0.47648048400878906,-0.11404307186603546,0.6185485124588013,0.5295759439468384,-0.13174669444561005,0.6476607918739319,0.4803427755832672,-0.12498466670513153,0.6207662224769592,0.5454555153846741,-0.1466725915670395,0.651936411857605,0.48193639516830444,-0.14480260014533997,0.6244479417800903,0.5400493741035461,-0.15092013776302338,0.6452955603599548,0.4853747487068176,-0.12430717796087265,0.6240375638008118,0.5332055687904358,-0.13237787783145905,0.574485182762146,0.4565202593803406,0.04742947593331337,0.5632598400115967,0.47309747338294983,-0.04743097722530365,0.6301477551460266,0.46078288555145264,0.010175058618187904,0.619850754737854,0.45529332756996155,-0.1078307181596756,0.6123855710029602,0.5404333472251892,0.07612305134534836,0.60645991563797,0.5467284321784973,-0.02430364303290844,0.6052531003952026,0.5497521758079529,0.08184066414833069,0.599919855594635,0.5553898811340332,-0.016277864575386047,0.6205922365188599,0.555038571357727,0.04924402013421059,0.6199585199356079,0.5678088068962097,-0.043495744466781616
0501,./images/8/frame_00501.jpg,Fall,0.6226516366004944,0.41838374733924866,-0.17015519738197327,0.6252286434173584,0.41148898005485535,-0.17060692608356476,0.6255098581314087,0.41009026765823364,-0.17066994309425354,0.6257838010787964,0.40876391530036926,-0.17073199152946472,0.6243681907653809,0.41269323229789734,-0.18587186932563782,0.6239917874336243,0.4123816192150116,-0.18592581152915955,0.6235501170158386,0.4122941792011261,-0.1859562247991562,0.622908890247345,0.39954113960266113,-0.13812674582004547,0.6199575662612915,0.40561315417289734,-0.21158616244792938,0.6193631887435913,0.4159403443336487,-0.15431538224220276,0.6181233525276184,0.4170425534248352,-0.17496426403522491,0.6084671020507812,0.380285382270813,-0.06736379116773605,0.5943028330802917,0.4152988791465759,-0.20669977366924286,0.6244112253189087,0.4353313744068146,-0.0455685630440712,0.6048669815063477,0.48393160104751587,-0.18604901432991028,0.6439055800437927,0.4779738485813141,-0.11564107984304428,0.6332305669784546,0.5168339014053345,-0.13806021213531494,0.6484024524688721,0.48286518454551697,-0.12701299786567688,0.6391875147819519,0.5353126525878906,-0.1531800925731659,0.6510506868362427,0.4858585000038147,-0.1469959318637848,0.6419332027435303,0.5222783088684082,-0.15513816475868225,0.6459259390830994,0.4870207607746124,-0.12624847888946533,0.639544665813446,0.515903115272522,-0.13778062164783478,0.5738954544067383,0.45660263299942017,0.04834630712866783,0.5616209506988525,0.47287577390670776,-0.04835132136940956,0.6315871477127075,0.4607204496860504,0.015119217336177826,0.6198431253433228,0.4541821777820587,-0.10762186348438263,0.6108914613723755,0.5403849482536316,0.07914033532142639,0.6058211922645569,0.5467608571052551,-0.020080450922250748,0.6032087802886963,0.5495479106903076,0.08451305329799652,0.5991426110267639,0.556121289730072,-0.01183851808309555,0.6197575330734253,0.5554535984992981,0.0532413125038147,0.6184785962104797,0.5626620650291443,-0.03490781784057617
0502,./images/8/frame_00502.jpg,Fall,0.6226158142089844,0.4188578426837921,-0.13912437856197357,0.6251559257507324,0.41241255402565,-0.1377580612897873,0.6254399418830872,0.4111882150173187,-0.1378098428249359,0.6257152557373047,0.4100722372531891,-0.13786554336547852,0.6242974400520325,0.41318362951278687,-0.15513087809085846,0.6239293813705444,0.41269251704216003,-0.15517747402191162,0.6234982013702393,0.41244566440582275,-0.15520784258842468,0.6229920387268066,0.4008764624595642,-0.10701660066843033,0.6200952529907227,0.4055379629135132,-0.18568329513072968,0.6192876100540161,0.41644901037216187,-0.12334630638360977,0.6180745363235474,0.41712719202041626,-0.14634576439857483,0.6088155508041382,0.3817329406738281,-0.04425705224275589,0.594193160533905,0.40897929668426514,-0.1887160837650299,0.6229246854782104,0.43645530939102173,-0.017211508005857468,0.6017717719078064,0.4774928689002991,-0.17448951303958893,0.6437534689903259,0.47936421632766724,-0.0723695456981659,0.6265887022018433,0.5169509649276733,-0.13324210047721863,0.6484681367874146,0.4852287769317627,-0.07983186841011047,0.6309834718704224,0.5341188907623291,-0.14731629192829132,0.6500059366226196,0.48850005865097046,-0.09793323278427124,0.6345942616462708,0.524478554725647,-0.14848244190216064,0.6460983157157898,0.4882475435733795,-0.08184124529361725,0.6331735849380493,0.5175889134407043,-0.13265559077262878,0.574249267578125,0.4576568305492401,0.04928617924451828,0.5623926520347595,0.47240641713142395,-0.049285173416137695,0.6320604085922241,0.46063652634620667,0.013711752369999886,0.6199068427085876,0.4486313760280609,-0.11007913202047348,0.6108219027519226,0.54041987657547,0.07673178613185883,0.605228066444397,0.5468238592147827,-0.04140656441450119,0.6030015349388123,0.5496566295623779,0.0782238095998764,0.5979869365692139,0.5581703186035156,-0.035275328904390335,0.6199586391448975,0.5553185939788818,0.05008967965841293,0.6186324954032898,0.5631825923919678,-0.05987532064318657
0503,./images/8/frame_00503.jpg,Fall,0.622642457485199,0.41876861453056335,-0.14929890632629395,0.625339150428772,0.4124838411808014,-0.14811669290065765,0.6256131529808044,0.4113805592060089,-0.1481752097606659,0.6258761286735535,0.4103837013244629,-0.1482357382774353,0.6245607137680054,0.4130856692790985,-0.16501709818840027,0.62425696849823,0.4126415252685547,-0.16505801677703857,0.6238832473754883,0.41233575344085693,-0.16508646309375763,0.6233305335044861,0.40130603313446045,-0.1134919747710228,0.6207394599914551,0.4053453803062439,-0.1894407719373703,0.6194568872451782,0.41639676690101624,-0.1323770433664322,0.6181639432907104,0.41710150241851807,-0.15463127195835114,0.6152666807174683,0.3859206736087799,-0.0488009974360466,0.5935924649238586,0.40373849868774414,-0.19039490818977356,0.6253063678741455,0.4450635313987732,-0.03345999866724014,0.601021409034729,0.4733597934246063,-0.18074555695056915,0.6492624282836914,0.4850270450115204,-0.1000848263502121,0.6236284971237183,0.5168683528900146,-0.16073282063007355,0.6550041437149048,0.4920129179954529,-0.11068911850452423,0.6267436742782593,0.532805323600769,-0.17837801575660706,0.6554157137870789,0.4873611330986023,-0.1297948658466339,0.6305850148200989,0.5245039463043213,-0.18129219114780426,0.6523369550704956,0.49378547072410583,-0.11036304384469986,0.6297550797462463,0.5177329778671265,-0.16166003048419952,0.5746294856071472,0.4606338441371918,0.04922204092144966,0.562397837638855,0.4681328535079956,-0.04922797158360481,0.6332411766052246,0.461834579706192,0.011843537911772728,0.6195819973945618,0.4504915475845337,-0.10665640980005264,0.6111999154090881,0.5435611009597778,0.05369337648153305,0.6052411794662476,0.5490421056747437,-0.041024040430784225,0.6030958890914917,0.5526126623153687,0.05624251812696457,0.5979184508323669,0.5601087808609009,-0.03505149111151695,0.6201462149620056,0.5582849979400635,0.022956522181630135,0.6185705065727234,0.5785436630249023,-0.05802375078201294
0504,./images/8/frame_00504.jpg,Fall,0.6226176619529724,0.41870617866516113,-0.16060641407966614,0.6252955198287964,0.41261711716651917,-0.15786808729171753,0.6255771517753601,0.4115874469280243,-0.15793904662132263,0.6258531808853149,0.41062307357788086,-0.15799842774868011,0.6245058178901672,0.41301777958869934,-0.17596110701560974,0.6241967678070068,0.41258713603019714,-0.17598918080329895,0.6238259077072144,0.412122517824173,-0.17602138221263885,0.6234301328659058,0.4014397859573364,-0.11971191316843033,0.6207279562950134,0.4040166735649109,-0.19494400918483734,0.6194054484367371,0.41631749272346497,-0.140522763133049,0.6181187033653259,0.41685354709625244,-0.1643940508365631,0.6171502470970154,0.38562172651290894,-0.056163351982831955,0.5930975675582886,0.40050333738327026,-0.19446876645088196,0.6271297335624695,0.4444017708301544,-0.05349285528063774,0.6015491485595703,0.4688172936439514,-0.20612463355064392,0.6513224840164185,0.4858262240886688,-0.13751938939094543,0.6249850988388062,0.5152984261512756,-0.1970866322517395,0.6579225659370422,0.4883357882499695,-0.1520708203315735,0.6286482810974121,0.5325541496276855,-0.21801504492759705,0.6569193601608276,0.4870332181453705,-0.17106446623802185,0.6323370337486267,0.5238969326019287,-0.2208806276321411,0.6541895270347595,0.4948163628578186,-0.14843612909317017,0.6312592029571533,0.5171838402748108,-0.198435440659523,0.5763706564903259,0.4615534842014313,0.04909045249223709,0.5625483393669128,0.46734827756881714,-0.049093566834926605,0.6340697407722473,0.46897757053375244,0.003119702683761716,0.6193760633468628,0.4539332091808319,-0.11591241508722305,0.6112304329872131,0.5448311567306519,0.03935624659061432,0.6044899225234985,0.5522746443748474,-0.051598478108644485,0.6028253436088562,0.5564322471618652,0.04183923453092575,0.5966923832893372,0.5620905160903931,-0.04528624564409256,0.6198436617851257,0.5625786185264587,0.007130615413188934,0.6177135109901428,0.585436224937439,-0.06919147074222565
0505,./images/8/frame_00505.jpg,Fall,0.6225773096084595,0.4198395907878876,-0.1842721700668335,0.6252933144569397,0.4148287773132324,-0.18159745633602142,0.6256081461906433,0.4139111042022705,-0.18166473507881165,0.6259267330169678,0.413056343793869,-0.18173429369926453,0.6244652271270752,0.4145679175853729,-0.1988193541765213,0.6241524815559387,0.41375732421875,-0.19885437190532684,0.6237760782241821,0.41298019886016846,-0.19888770580291748,0.6238142251968384,0.4028446078300476,-0.1382284015417099,0.6206754446029663,0.4039420187473297,-0.21468329429626465,0.6193671822547913,0.41717371344566345,-0.16340580582618713,0.6180921792984009,0.41715067625045776,-0.18589374423027039,0.6200295686721802,0.3874029815196991,-0.0663779154419899,0.5914328694343567,0.39914458990097046,-0.2081873118877411,0.6283606290817261,0.44497358798980713,-0.06173256039619446,0.5913758873939514,0.4692390561103821,-0.2177339792251587,0.6526033282279968,0.48835110664367676,-0.13673792779445648,0.6080951690673828,0.5223106145858765,-0.22006025910377502,0.6582928895950317,0.48838281631469727,-0.1501341164112091,0.6090649366378784,0.5397540926933289,-0.24272355437278748,0.6580342054367065,0.4873688519001007,-0.16964444518089294,0.6141096949577332,0.5343973636627197,-0.2475450038909912,0.6554418802261353,0.498362272977829,-0.1476602852344513,0.6145671606063843,0.5274248123168945,-0.2224504053592682,0.5776826739311218,0.46207505464553833,0.04898790270090103,0.5625160932540894,0.4655146300792694,-0.04899277165532112,0.6354609727859497,0.46809446811676025,-0.0038610841147601604,0.6194304823875427,0.44948700070381165,-0.11897419393062592,0.6113355755805969,0.5452300310134888,0.041855908930301666,0.6045083403587341,0.5525602698326111,-0.06022204831242561,0.6033291220664978,0.5568168759346008,0.04479612037539482,0.5969042778015137,0.5635163187980652,-0.05502008646726608,0.6199705004692078,0.5626683831214905,0.004857625346630812,0.6179352402687073,0.5816853642463684,-0.08820667117834091
0506,./images/8/frame_00506.jpg,Fall,0.6226046681404114,0.4202696979045868,-0.18609270453453064,0.6254485845565796,0.4151095449924469,-0.1835225522518158,0.6257683634757996,0.41414573788642883,-0.18358412384986877,0.6260920166969299,0.4132675528526306,-0.18364855647087097,0.6246122717857361,0.4148673713207245,-0.20059005916118622,0.6243131756782532,0.4140026569366455,-0.20063717663288116,0.623930811882019,0.41326773166656494,-0.20067191123962402,0.6240543127059937,0.4031122028827667,-0.14238280057907104,0.6208776831626892,0.40411946177482605,-0.2186291515827179,0.6194445490837097,0.4176057279109955,-0.16634398698806763,0.6181310415267944,0.41751834750175476,-0.1886255145072937,0.6157115697860718,0.38677799701690674,-0.07037227600812912,0.5913710594177246,0.4006713032722473,-0.21170440316200256,0.6281431913375854,0.4439707100391388,-0.059543631970882416,0.5937275290489197,0.47212761640548706,-0.20812609791755676,0.6517992615699768,0.48896580934524536,-0.13361068069934845,0.6125684976577759,0.5230741500854492,-0.19981715083122253,0.6578100323677063,0.49504509568214417,-0.14646628499031067,0.6146212220191956,0.5396502017974854,-0.223517507314682,0.6578527688980103,0.4980284869670868,-0.1661185324192047,0.618683934211731,0.5337511301040649,-0.21778419613838196,0.6552526950836182,0.4991650879383087,-0.14447052776813507,0.6185165047645569,0.5268681645393372,-0.1981831192970276,0.577413022518158,0.4618223011493683,0.049112074077129364,0.5625615119934082,0.46505215764045715,-0.04911176860332489,0.6353644728660583,0.4675758481025696,0.009608295746147633,0.6210395693778992,0.45049676299095154,-0.10737596452236176,0.6112922430038452,0.5450705289840698,0.0668429285287857,0.6045700311660767,0.552273154258728,-0.02400526963174343,0.6033584475517273,0.556464433670044,0.07085058093070984,0.5970095992088318,0.5632398128509521,-0.016258979216217995,0.6200622320175171,0.5626978278160095,0.034940313547849655,0.6172329187393188,0.583122193813324,-0.0408112071454525
0507,./images/8/frame_00507.jpg,Fall,0.6226266026496887,0.42034050822257996,-0.19126169383525848,0.6254845857620239,0.4149824380874634,-0.19031581282615662,0.6257699728012085,0.41393929719924927,-0.19038186967372894,0.6260963678359985,0.4129868447780609,-0.19044776260852814,0.6246308088302612,0.4147852063179016,-0.20642730593681335,0.6243294477462769,0.4139259457588196,-0.20647862553596497,0.6239233016967773,0.4132685363292694,-0.20650696754455566,0.6240196824073792,0.4030032753944397,-0.15380167961120605,0.6208630204200745,0.404392272233963,-0.22565440833568573,0.6194592714309692,0.41768282651901245,-0.17295125126838684,0.6181427836418152,0.41773954033851624,-0.19398710131645203,0.6135753393173218,0.38656705617904663,-0.08208264410495758,0.5922433733940125,0.408369779586792,-0.21397538483142853,0.6279705762863159,0.44354498386383057,-0.07175453752279282,0.5997928977012634,0.47720539569854736,-0.18621906638145447,0.6511300802230835,0.4887770712375641,-0.15715642273426056,0.6203742027282715,0.5213274955749512,-0.13652023673057556,0.6572736501693726,0.496221125125885,-0.17353324592113495,0.623099684715271,0.5376255512237549,-0.1508851945400238,0.6577512621879578,0.4992205798625946,-0.1939188539981842,0.6249426603317261,0.5287415385246277,-0.15725527703762054,0.6548956632614136,0.4987109303474426,-0.16855773329734802,0.6239449977874756,0.522229015827179,-0.13802197575569153,0.5772420167922974,0.4612163007259369,0.04908459633588791,0.5620357990264893,0.46989962458610535,-0.04908834025263786,0.6349451541900635,0.4692939221858978,0.013800153508782387,0.6231197118759155,0.4654534161090851,-0.10497359931468964,0.6113063097000122,0.5452451109886169,0.0764387771487236,0.6044541597366333,0.5533421039581299,-0.008251705206930637,0.6030772924423218,0.5562959313392639,0.0815359503030777,0.5967318415641785,0.5630983710289001,0.0013657733798027039,0.6190799474716187,0.5727061629295349,0.04823441058397293,0.6152060627937317,0.5878937840461731,-0.016386425122618675
0508,./images/8/frame_00508.jpg,Fall,0.622802734375,0.420759379863739,-0.18360349535942078,0.6256251335144043,0.41519105434417725,-0.1825263500213623,0.6258978843688965,0.4141136705875397,-0.18258889019489288,0.6262149810791016,0.41308480501174927,-0.18265429139137268,0.6247982978820801,0.41512519121170044,-0.19909152388572693,0.6244931221008301,0.41437578201293945,-0.19913914799690247,0.6241105794906616,0.41376960277557373,-0.19916625320911407,0.6240684390068054,0.40326446294784546,-0.14693064987659454,0.6210535764694214,0.405580997467041,-0.22089600563049316,0.6196144819259644,0.4182857573032379,-0.1656114012002945,0.6183899641036987,0.4184967875480652,-0.18727149069309235,0.61296546459198,0.3861686587333679,-0.07697106897830963,0.5933977961540222,0.4108797609806061,-0.21261250972747803,0.6278356313705444,0.4433991312980652,-0.06723673641681671,0.6040193438529968,0.4792191684246063,-0.1882944256067276,0.6507581472396851,0.4881167411804199,-0.144785076379776,0.6264980435371399,0.5209822058677673,-0.14434652030467987,0.6564381122589111,0.49535059928894043,-0.1589188128709793,0.6301072239875793,0.536511242389679,-0.15977852046489716,0.6563964486122131,0.49832165241241455,-0.1787361353635788,0.632261335849762,0.5284032821655273,-0.1649145781993866,0.6536889672279358,0.4979097247123718,-0.15570852160453796,0.6308375000953674,0.5219662189483643,-0.14550456404685974,0.577140212059021,0.4604233503341675,0.04912474378943443,0.5631492733955383,0.46936023235321045,-0.0491308718919754,0.6346461176872253,0.4692439138889313,0.013541546650230885,0.6234152913093567,0.465562641620636,-0.10686502605676651,0.6113868951797485,0.5451985597610474,0.07444317638874054,0.6042888760566711,0.5531832575798035,-0.012546807527542114,0.6028508543968201,0.5561180710792542,0.07936062663793564,0.5964539647102356,0.5630441308021545,-0.0032953540794551373,0.618878960609436,0.5737313032150269,0.0470881462097168,0.6150513887405396,0.5864602327346802,-0.022292550653219223
0509,./images/8/frame_00509.jpg,Fall,0.6237210631370544,0.42072585225105286,-0.18311361968517303,0.6264063715934753,0.4150747060775757,-0.1824324131011963,0.6266748309135437,0.4139798879623413,-0.18248732388019562,0.6269344091415405,0.4129416048526764,-0.18254438042640686,0.625571072101593,0.41509097814559937,-0.19833724200725555,0.625255286693573,0.4143669605255127,-0.19839242100715637,0.6248596906661987,0.4138011932373047,-0.19841618835926056,0.6244968771934509,0.4031827747821808,-0.14892162382602692,0.621491551399231,0.4059749245643616,-0.2200048267841339,0.6203328371047974,0.41823306679725647,-0.16600081324577332,0.6192078590393066,0.4185362458229065,-0.1868779957294464,0.6116567850112915,0.38421958684921265,-0.07494206726551056,0.5957025289535522,0.41647306084632874,-0.213095024228096,0.6278923749923706,0.435573548078537,-0.03070070408284664,0.6063986420631409,0.4844243824481964,-0.17934688925743103,0.6420547962188721,0.4820537567138672,-0.07728229463100433,0.6280146241188049,0.5224928259849548,-0.11611219495534897,0.6450259685516357,0.4908575415611267,-0.08549629151821136,0.631462574005127,0.5374627709388733,-0.12901435792446136,0.6446795463562012,0.4942983388900757,-0.10638643801212311,0.6338506937026978,0.5300004482269287,-0.13413091003894806,0.6427818536758423,0.4916215240955353,-0.08733375370502472,0.6324905157089233,0.5237129330635071,-0.11664463579654694,0.576684832572937,0.45641809701919556,0.049206383526325226,0.5637539029121399,0.46851056814193726,-0.04920123890042305,0.6346145868301392,0.4658614695072174,0.010318699292838573,0.6246248483657837,0.46566781401634216,-0.10788790136575699,0.6115535497665405,0.5451464056968689,0.0704997107386589,0.6043328046798706,0.5513415932655334,-0.01173211820423603,0.6028258204460144,0.5541189908981323,0.0750405341386795,0.5965917110443115,0.5588780641555786,-0.0019297683611512184,0.6186512112617493,0.5720579624176025,0.041990283876657486,0.6142677068710327,0.5847823023796082,-0.0190872959792614
0510,./images/8/frame_00510.jpg,Fall,0.6247332096099854,0.42069947719573975,-0.18167755007743835,0.627287745475769,0.414991557598114,-0.17995861172676086,0.6275967955589294,0.4138215482234955,-0.18001551926136017,0.6278592944145203,0.4127410352230072,-0.18007543683052063,0.6263278722763062,0.4150347113609314,-0.1961165815591812,0.6259070634841919,0.4143090546131134,-0.19616785645484924,0.6254321932792664,0.41375893354415894,-0.19619472324848175,0.6252405643463135,0.4031692147254944,-0.14633719623088837,0.6218305230140686,0.4062754213809967,-0.2194194793701172,0.621469259262085,0.41808322072029114,-0.1633593738079071,0.6201820373535156,0.41852110624313354,-0.18461859226226807,0.6116189360618591,0.38019925355911255,-0.07576127350330353,0.5959271192550659,0.41583213210105896,-0.21432097256183624,0.6326395273208618,0.43380287289619446,-0.059375304728746414,0.6088418960571289,0.48423483967781067,-0.1802321821451187,0.645911455154419,0.4802202582359314,-0.1492622196674347,0.6340988874435425,0.523289144039154,-0.13905826210975647,0.6491876244544983,0.4883917570114136,-0.16573908925056458,0.638493001461029,0.5383764505386353,-0.15459297597408295,0.6538064479827881,0.484391987323761,-0.18612049520015717,0.6412809491157532,0.5302966833114624,-0.1588120460510254,0.6461378335952759,0.4893944561481476,-0.16062268614768982,0.6396520137786865,0.5238907933235168,-0.13988599181175232,0.5766106843948364,0.4543798267841339,0.049966298043727875,0.5636745095252991,0.4686391055583954,-0.049970563501119614,0.635297417640686,0.465602844953537,0.00495050149038434,0.6249998211860657,0.46756109595298767,-0.10994277894496918,0.6111875772476196,0.5448366403579712,0.06906554847955704,0.6046323180198669,0.5499992966651917,-0.011166620068252087,0.6026907563209534,0.5525904297828674,0.07420655339956284,0.5969876050949097,0.5558934807777405,-0.0009751070174388587,0.6184033751487732,0.5713176131248474,0.0411052331328392,0.6145756244659424,0.58387690782547,-0.01804797723889351
0511,./images/8/frame_00511.jpg,Fall,0.6247053146362305,0.419449120759964,-0.14806242287158966,0.6273033022880554,0.41356849670410156,-0.14965006709098816,0.6276298761367798,0.4124279022216797,-0.14971508085727692,0.6279081702232361,0.41138559579849243,-0.14977900683879852,0.6262816786766052,0.4139007031917572,-0.1659211367368698,0.6258547306060791,0.4132489562034607,-0.16595342755317688,0.6253644227981567,0.4128173887729645,-0.16596218943595886,0.6253295540809631,0.4021036922931671,-0.12616117298603058,0.6218580603599548,0.4061881899833679,-0.19877789914608002,0.6217721700668335,0.41698959469795227,-0.13412928581237793,0.6202766299247742,0.41718947887420654,-0.15537303686141968,0.6153684258460999,0.3778771162033081,-0.06620027124881744,0.6002300381660461,0.41373535990715027,-0.20163074135780334,0.6337292194366455,0.4319911003112793,-0.0643928050994873,0.6213662624359131,0.475444495677948,-0.1880601942539215,0.6490768194198608,0.478977233171463,-0.15964603424072266,0.6547759771347046,0.4846550524234772,-0.14460861682891846,0.6543705463409424,0.4867262840270996,-0.17523282766342163,0.6623600721359253,0.49163809418678284,-0.1605006754398346,0.6565679311752319,0.4822521507740021,-0.19385160505771637,0.6621066331863403,0.48511064052581787,-0.1654888242483139,0.6530928611755371,0.48113754391670227,-0.17050637304782867,0.6591076254844666,0.4839414954185486,-0.14100882411003113,0.576574981212616,0.4545120596885681,0.04989564046263695,0.5641361474990845,0.4688960611820221,-0.049902305006980896,0.63451087474823,0.46928223967552185,0.005893447902053595,0.6247739195823669,0.4725744426250458,-0.1056569367647171,0.6104085445404053,0.5453267693519592,0.06805865466594696,0.604796290397644,0.552274763584137,-0.016727523878216743,0.6023236513137817,0.5526166558265686,0.073187917470932,0.5970340967178345,0.5568438172340393,-0.007383998483419418,0.6178520917892456,0.571074366569519,0.040715351700782776,0.6148689985275269,0.5857806205749512,-0.026973698288202286
0512,./images/8/frame_00512.jpg,Fall,0.6246259808540344,0.4193837344646454,-0.16988879442214966,0.6273216605186462,0.4134674370288849,-0.1721692979335785,0.627677321434021,0.4122088849544525,-0.17223545908927917,0.6279737949371338,0.4110645651817322,-0.17229996621608734,0.6262618899345398,0.41386541724205017,-0.18742823600769043,0.6258213520050049,0.41321423649787903,-0.18746931850910187,0.6253163814544678,0.4127877652645111,-0.18746863305568695,0.6253971457481384,0.40121838450431824,-0.14526207745075226,0.6218241453170776,0.40614116191864014,-0.21410338580608368,0.6216804385185242,0.4167376160621643,-0.15490828454494476,0.6201571226119995,0.4168737232685089,-0.17475098371505737,0.6166313290596008,0.3762784004211426,-0.07724569737911224,0.6001623868942261,0.41347765922546387,-0.20763809978961945,0.6350240111351013,0.43075770139694214,-0.07049863040447235,0.6217249631881714,0.47557562589645386,-0.18899519741535187,0.6500820517539978,0.4780102074146271,-0.1627434492111206,0.6545785665512085,0.48286378383636475,-0.13847629725933075,0.6552538871765137,0.48550522327423096,-0.1785866916179657,0.6610080599784851,0.4891835153102875,-0.15373477339744568,0.6577287912368774,0.4816721975803375,-0.19873341917991638,0.6621559858322144,0.48348677158355713,-0.15635468065738678,0.652869701385498,0.4832880198955536,-0.1739363670349121,0.658938467502594,0.49383872747421265,-0.13796105980873108,0.5765723586082458,0.4542638659477234,0.049603503197431564,0.5641891360282898,0.4697056710720062,-0.04960818588733673,0.6346243619918823,0.4702388644218445,0.006347769405692816,0.6250609755516052,0.47572407126426697,-0.10501619428396225,0.6104612350463867,0.5456749796867371,0.07255739718675613,0.6049219369888306,0.5525133609771729,-0.0076398178935050964,0.6024353504180908,0.5526371598243713,0.07829566299915314,0.5973489284515381,0.5570626258850098,0.0023888852447271347,0.6177372932434082,0.5714547634124756,0.0473298653960228,0.6148136258125305,0.5861073136329651,-0.012812239117920399
0513,./images/8/frame_00513.jpg,Fall,0.6247960925102234,0.4193808138370514,-0.1751876026391983,0.6275860667228699,0.41342905163764954,-0.17674782872200012,0.6279515624046326,0.4120856821537018,-0.17681792378425598,0.6282476782798767,0.4108532667160034,-0.1768847554922104,0.6264458894729614,0.41386160254478455,-0.1929832398891449,0.6259515881538391,0.41321033239364624,-0.1930198222398758,0.6253942251205444,0.41278374195098877,-0.19302144646644592,0.6254197955131531,0.40063926577568054,-0.14898787438869476,0.6217919588088989,0.4061167538166046,-0.2223227322101593,0.6217306852340698,0.4165913462638855,-0.1597929298877716,0.6201282739639282,0.4167366921901703,-0.18109440803527832,0.6164265871047974,0.3766220211982727,-0.0841304212808609,0.5992621183395386,0.4132026731967926,-0.21635150909423828,0.6356956362724304,0.42955759167671204,-0.07720959186553955,0.6201784014701843,0.4756154716014862,-0.20830491185188293,0.6502566337585449,0.47574010491371155,-0.1668432056903839,0.654702365398407,0.4823440611362457,-0.1708318293094635,0.655402421951294,0.4825982451438904,-0.18320827186107635,0.6596552133560181,0.49122539162635803,-0.19049429893493652,0.6574442386627197,0.47988161444664,-0.20348039269447327,0.6613304018974304,0.4855711758136749,-0.19124935567378998,0.6526334285736084,0.48261934518814087,-0.1779775321483612,0.6593299508094788,0.4837020933628082,-0.17083033919334412,0.5766638517379761,0.45348477363586426,0.04915473982691765,0.5641501545906067,0.46969079971313477,-0.049160994589328766,0.6337496042251587,0.4705142676830292,0.007569422014057636,0.624811589717865,0.47418129444122314,-0.10272368043661118,0.6103841066360474,0.5457038283348083,0.08296601474285126,0.6049333810806274,0.5524108409881592,-0.004925891291350126,0.6024676561355591,0.5526195764541626,0.08987583220005035,0.597572922706604,0.5567554235458374,0.005063015501946211,0.6177815198898315,0.5710372924804688,0.059960104525089264,0.614981472492218,0.585562527179718,-0.01285598985850811
0514,./images/8/frame_00514.jpg,Fall,0.6256903409957886,0.41845324635505676,-0.1833650916814804,0.6281409859657288,0.41211289167404175,-0.18590375781059265,0.6283923387527466,0.4106682240962982,-0.18596644699573517,0.6293790340423584,0.41058239340782166,-0.18602700531482697,0.6270796060562134,0.4131098985671997,-0.20138482749462128,0.6265665292739868,0.412578284740448,-0.2014339715242386,0.6259724497795105,0.4123118221759796,-0.201441690325737,0.6262019276618958,0.39788076281547546,-0.16216818988323212,0.621869683265686,0.40608373284339905,-0.23145174980163574,0.6223533153533936,0.4155036509037018,-0.1691886931657791,0.6208294034004211,0.41638636589050293,-0.18951447308063507,0.614277184009552,0.375432550907135,-0.0937950387597084,0.6006079912185669,0.4172309339046478,-0.22480638325214386,0.6350035667419434,0.42439955472946167,-0.08554348349571228,0.6224119663238525,0.47651344537734985,-0.2068929672241211,0.6484924554824829,0.47236233949661255,-0.17760345339775085,0.654873251914978,0.48243391513824463,-0.1297672539949417,0.6533141732215881,0.47940483689308167,-0.19394652545452118,0.6597791314125061,0.4915890097618103,-0.1438285857439041,0.6531941890716553,0.4799708127975464,-0.2146892100572586,0.6616437435150146,0.49529027938842773,-0.14568756520748138,0.650078296661377,0.48052650690078735,-0.18896372616291046,0.6587482690811157,0.49274805188179016,-0.12915143370628357,0.5761117935180664,0.4513844847679138,0.04905330017209053,0.564206063747406,0.4699990451335907,-0.04905606061220169,0.6326820254325867,0.4703722298145294,0.011616295203566551,0.6245458722114563,0.4754824638366699,-0.10103406012058258,0.6102705001831055,0.5461391806602478,0.08429141342639923,0.6055787205696106,0.5523858666419983,0.00022712994541507214,0.6024848222732544,0.5530183911323547,0.09090098738670349,0.5986446738243103,0.5568929314613342,0.010655352845788002,0.6178270578384399,0.5715550780296326,0.061208099126815796,0.6152844429016113,0.5852775573730469,-0.0061934394761919975
0515,./images/8/frame_00515.jpg,Fall,0.625658392906189,0.4163428544998169,-0.19495461881160736,0.6281032562255859,0.41005706787109375,-0.19717562198638916,0.6286945939064026,0.41060957312583923,-0.19724443554878235,0.6294581890106201,0.40985867381095886,-0.19731654226779938,0.6270254850387573,0.4114190340042114,-0.21162371337413788,0.6265103220939636,0.4110734760761261,-0.21167044341564178,0.6259130835533142,0.4107367992401123,-0.21167095005512238,0.6261792182922363,0.3978653848171234,-0.17111124098300934,0.6218226552009583,0.405809611082077,-0.23585203289985657,0.6223052740097046,0.41350632905960083,-0.17997555434703827,0.6207848191261292,0.4144871234893799,-0.19893208146095276,0.6137884855270386,0.3756987154483795,-0.10283786058425903,0.6001448035240173,0.41785672307014465,-0.22469547390937805,0.6357693672180176,0.42523565888404846,-0.09434951841831207,0.6223937273025513,0.47819802165031433,-0.20486462116241455,0.6511102318763733,0.4727303385734558,-0.18583473563194275,0.656987726688385,0.48025965690612793,-0.13417166471481323,0.6565266251564026,0.4795405864715576,-0.20325060188770294,0.6619157195091248,0.4889990985393524,-0.14958229660987854,0.6570335626602173,0.4778006970882416,-0.22467496991157532,0.6625393033027649,0.4833472669124603,-0.15228432416915894,0.6523095965385437,0.4810199439525604,-0.1974073350429535,0.661526620388031,0.4812118113040924,-0.1342213898897171,0.5759609937667847,0.4511738717556,0.047346994280815125,0.5641108751296997,0.4703412353992462,-0.047325439751148224,0.6309787034988403,0.4738468527793884,0.012403407134115696,0.6244769096374512,0.48282304406166077,-0.09396412968635559,0.6100336909294128,0.5474077463150024,0.09539499878883362,0.6057520508766174,0.5523979663848877,0.022578246891498566,0.6024911403656006,0.5536468029022217,0.10323496162891388,0.5991233587265015,0.5566157698631287,0.034634798765182495,0.6175356507301331,0.5734142065048218,0.07529664039611816,0.6153092980384827,0.5849767923355103,0.02087046019732952
0516,./images/8/frame_00516.jpg,Fall,0.6250802278518677,0.4164772033691406,-0.20584078133106232,0.6276575326919556,0.41012945771217346,-0.206589013338089,0.6282368302345276,0.40998998284339905,-0.2066594809293747,0.6288626194000244,0.4089674949645996,-0.20673494040966034,0.6264471411705017,0.41141271591186523,-0.22112064063549042,0.6258575320243835,0.4110279381275177,-0.22115926444530487,0.625184178352356,0.410685658454895,-0.2211524248123169,0.6259356141090393,0.3980116546154022,-0.17265310883522034,0.6210519671440125,0.40548717975616455,-0.23784644901752472,0.6219233870506287,0.4136119484901428,-0.18782620131969452,0.620315432548523,0.414538711309433,-0.20689347386360168,0.6137362122535706,0.3758603036403656,-0.10063587129116058,0.5997505784034729,0.4172966778278351,-0.22266609966754913,0.6363226175308228,0.4263360798358917,-0.08837919682264328,0.62235426902771,0.46842846274375916,-0.2038370817899704,0.6521201133728027,0.4721840023994446,-0.17567089200019836,0.6569117903709412,0.4784208834171295,-0.15506885945796967,0.658156156539917,0.4776609539985657,-0.19258074462413788,0.6620137095451355,0.4875440001487732,-0.17358654737472534,0.6588180661201477,0.4763772785663605,-0.21370916068553925,0.6623631715774536,0.48021578788757324,-0.17596112191677094,0.6548452973365784,0.4765241742134094,-0.18703266978263855,0.6606059670448303,0.4771658480167389,-0.15554854273796082,0.5759791135787964,0.45152655243873596,0.04605179280042648,0.5653424859046936,0.46845483779907227,-0.04602370411157608,0.6307326555252075,0.47517532110214233,0.011464590206742287,0.6242376565933228,0.48318010568618774,-0.09293713420629501,0.6094554662704468,0.5475256443023682,0.09692241996526718,0.6046336889266968,0.5516504049301147,0.027746498584747314,0.6020647287368774,0.5535763502120972,0.10527379810810089,0.5980488657951355,0.5545579195022583,0.04025961458683014,0.6165750026702881,0.5744323134422302,0.07827716320753098,0.6128650307655334,0.5844026207923889,0.027599027380347252
0517,./images/8/frame_00517.jpg,Fall,0.624376654624939,0.416772723197937,-0.21746960282325745,0.6272290945053101,0.41044914722442627,-0.215987890958786,0.6277652978897095,0.41011276841163635,-0.21605722606182098,0.6283782124519348,0.4090399742126465,-0.21613016724586487,0.6260096430778503,0.41144508123397827,-0.23161034286022186,0.6254458427429199,0.4110616147518158,-0.2316468060016632,0.6247462034225464,0.41071945428848267,-0.23164424300193787,0.625918984413147,0.39835748076438904,-0.1725107729434967,0.6208146810531616,0.40467771887779236,-0.24221961200237274,0.6214174628257751,0.4139050245285034,-0.19601485133171082,0.6197007298469543,0.41460248827934265,-0.21645338833332062,0.6184521317481995,0.3770681619644165,-0.09753503650426865,0.5975762009620667,0.41125309467315674,-0.22471091151237488,0.6368910074234009,0.43086543679237366,-0.0910620465874672,0.622218906879425,0.4697612226009369,-0.2177913635969162,0.6519832611083984,0.4723421633243561,-0.18673653900623322,0.6530078649520874,0.48152872920036316,-0.19168253242969513,0.6577367186546326,0.4778101146221161,-0.20585615932941437,0.6582618951797485,0.5068754553794861,-0.21284659206867218,0.658480703830719,0.4774315655231476,-0.2257312536239624,0.6591482758522034,0.4849332273006439,-0.21592244505882263,0.655402660369873,0.47653961181640625,-0.19805778563022614,0.6572796702384949,0.4812138080596924,-0.19288358092308044,0.5769373178482056,0.45242688059806824,0.04620053246617317,0.5652426481246948,0.46619436144828796,-0.04617881774902344,0.6316671371459961,0.47739890217781067,0.0016180609818547964,0.624271810054779,0.48066481947898865,-0.10318051278591156,0.6092046499252319,0.5492043495178223,0.09021835774183273,0.6029772162437439,0.5528019666671753,0.018436573445796967,0.6015769839286804,0.5544529557228088,0.09650417417287827,0.5956853628158569,0.5559710264205933,0.027671387419104576,0.6159111261367798,0.5772533416748047,0.06835483014583588,0.6109388470649719,0.5865457653999329,0.01537864375859499
0518,./images/8/frame_00518.jpg,Fall,0.6240188479423523,0.4168740510940552,-0.21712689101696014,0.6270542740821838,0.41059908270835876,-0.21553294360637665,0.6275820136070251,0.4101496934890747,-0.2156032770872116,0.6281970739364624,0.4090501666069031,-0.21567568182945251,0.6258254647254944,0.411457896232605,-0.231074258685112,0.625261127948761,0.41107556223869324,-0.23110821843147278,0.6245864033699036,0.4107460379600525,-0.23110707104206085,0.6258605718612671,0.39853426814079285,-0.17097751796245575,0.6207338571548462,0.40420281887054443,-0.2404836118221283,0.6211622357368469,0.4140258729457855,-0.19528071582317352,0.6193755865097046,0.41461479663848877,-0.2156054973602295,0.6174865961074829,0.37925150990486145,-0.09565377235412598,0.596522867679596,0.40823060274124146,-0.22292914986610413,0.637449324131012,0.432931125164032,-0.09001407772302628,0.6205410361289978,0.4674699902534485,-0.21746189892292023,0.6522568464279175,0.4726766347885132,-0.18549729883670807,0.6515251398086548,0.48222053050994873,-0.1942361295223236,0.6579644083976746,0.4781590700149536,-0.2042536735534668,0.6563720107078552,0.5109491348266602,-0.21539047360420227,0.6583723425865173,0.47803959250450134,-0.22408071160316467,0.6595143675804138,0.48311081528663635,-0.21843068301677704,0.6567970514297485,0.4772750735282898,-0.19673976302146912,0.6574689149856567,0.47941118478775024,-0.19546747207641602,0.5780025720596313,0.45384496450424194,0.04607032239437103,0.5651648640632629,0.4654962718486786,-0.046056054532527924,0.6334232091903687,0.478096604347229,-0.002948873210698366,0.624232828617096,0.4792974293231964,-0.1094527468085289,0.6092356443405151,0.5511295199394226,0.0757138580083847,0.6028249263763428,0.5544800162315369,-0.004673302173614502,0.6014499664306641,0.5561994314193726,0.0823206901550293,0.5954089164733887,0.5582646727561951,0.00523391691967845,0.6158282160758972,0.5794073939323425,0.05073545128107071,0.6114851236343384,0.5891027450561523,-0.012758071534335613
0519,./images/8/frame_00519.jpg,Fall,0.62373948097229,0.4170064628124237,-0.21094711124897003,0.6269291043281555,0.4109668433666229,-0.2093345820903778,0.6274598836898804,0.4103768765926361,-0.2094031274318695,0.6280770301818848,0.4092714488506317,-0.20947277545928955,0.6256844401359558,0.41157352924346924,-0.22520968317985535,0.625133752822876,0.41112416982650757,-0.22524118423461914,0.6244798302650452,0.4107602834701538,-0.2252415418624878,0.6258256435394287,0.39881232380867004,-0.16634538769721985,0.6207020878791809,0.40365633368492126,-0.23661109805107117,0.6209347248077393,0.4141045808792114,-0.1893198937177658,0.619106650352478,0.41466304659843445,-0.21004915237426758,0.6171407699584961,0.3794257640838623,-0.09548143297433853,0.5958725810050964,0.40485021471977234,-0.22212214767932892,0.6374112367630005,0.4340369403362274,-0.08597872406244278,0.6164796948432922,0.4643096923828125,-0.22347156703472137,0.6520528197288513,0.47357919812202454,-0.17839697003364563,0.6507851481437683,0.48244231939315796,-0.21200887858867645,0.6576844453811646,0.47946298122406006,-0.19636918604373932,0.6558879017829895,0.5141773819923401,-0.23512032628059387,0.6582401990890503,0.47842323780059814,-0.21599769592285156,0.6583979725837708,0.4853728711605072,-0.23758459091186523,0.6571182012557983,0.47783714532852173,-0.1895005702972412,0.656359076499939,0.48147228360176086,-0.2133386880159378,0.5790638327598572,0.45421361923217773,0.046001844108104706,0.5651171207427979,0.4647859036922455,-0.04599127918481827,0.6345874071121216,0.47780418395996094,-0.0023601101711392403,0.6242732405662537,0.478520929813385,-0.10851359367370605,0.6092302799224854,0.5517002940177917,0.07035215198993683,0.6018333435058594,0.5563256740570068,-0.010247739031910896,0.6012186408042908,0.5567640662193298,0.07656416296958923,0.593809962272644,0.5603651404380798,-0.0004437704919837415,0.6156229376792908,0.5801019668579102,0.04598749801516533,0.6108354330062866,0.5926274657249451,-0.01654512621462345
0520,./images/8/frame_00520.jpg,Fall,0.6237404346466064,0.4170248806476593,-0.21779195964336395,0.6269593834877014,0.4110042154788971,-0.21583783626556396,0.6274961233139038,0.4103923439979553,-0.21590766310691833,0.6280890703201294,0.4092865288257599,-0.2159796953201294,0.6256932616233826,0.41161805391311646,-0.23204076290130615,0.6251423954963684,0.4111247658729553,-0.2320704460144043,0.6244860887527466,0.4107007384300232,-0.23206742107868195,0.625850260257721,0.3988518714904785,-0.1700797826051712,0.6207033395767212,0.4030851125717163,-0.24239036440849304,0.620930552482605,0.4141778349876404,-0.19549314677715302,0.6190900206565857,0.41470277309417725,-0.21665041148662567,0.6171017289161682,0.37955817580223083,-0.0958547592163086,0.5954873561859131,0.40491488575935364,-0.2257382869720459,0.6371212601661682,0.4348776638507843,-0.0911586731672287,0.6149733662605286,0.463670551776886,-0.2313406765460968,0.6519786715507507,0.47521552443504333,-0.1876947581768036,0.6505510210990906,0.4826336205005646,-0.21998712420463562,0.6576269865036011,0.48153579235076904,-0.20678675174713135,0.6555818319320679,0.5169933438301086,-0.24379658699035645,0.6581403017044067,0.47860896587371826,-0.2264924943447113,0.6579951643943787,0.48623135685920715,-0.24617686867713928,0.6548900008201599,0.48135578632354736,-0.1989596039056778,0.6558889746665955,0.4822486340999603,-0.2213609218597412,0.5793449878692627,0.45485633611679077,0.04599665477871895,0.565243124961853,0.46499723196029663,-0.045988839119672775,0.6346727013587952,0.4786795377731323,-0.0020384558010846376,0.6242513060569763,0.4786841571331024,-0.10854102671146393,0.6091247200965881,0.5527265071868896,0.07230433076620102,0.6015722751617432,0.5574397444725037,-0.008962666615843773,0.6009808778762817,0.5577318668365479,0.07860405743122101,0.5935636758804321,0.5615769028663635,0.000997274648398161,0.6153955459594727,0.581328272819519,0.048019520938396454,0.6108564138412476,0.5938589572906494,-0.015602429397404194
0521,./images/8/frame_00521.jpg,Fall,0.6238081455230713,0.41706058382987976,-0.1948000192642212,0.6270210146903992,0.41082966327667236,-0.19282780587673187,0.6275537610054016,0.40998271107673645,-0.1928952932357788,0.6281129121780396,0.40886348485946655,-0.19295701384544373,0.6257745623588562,0.41130906343460083,-0.2096187174320221,0.6252450942993164,0.41065728664398193,-0.20965273678302765,0.6246072053909302,0.41009384393692017,-0.20965154469013214,0.6258668303489685,0.39877650141716003,-0.15104709565639496,0.6207459568977356,0.4023217558860779,-0.22580265998840332,0.6209322810173035,0.41417112946510315,-0.17415380477905273,0.6191077828407288,0.41459622979164124,-0.1960868239402771,0.6185836791992188,0.37956154346466064,-0.0797247439622879,0.5961238741874695,0.4051362872123718,-0.21616888046264648,0.633508563041687,0.436540424823761,-0.07945448905229568,0.6177622079849243,0.4619286060333252,-0.23017601668834686,0.6518619656562805,0.475339412689209,-0.18375162780284882,0.6557088494300842,0.4789498746395111,-0.2186049520969391,0.6574569344520569,0.4816349744796753,-0.2021845132112503,0.661182701587677,0.4916343688964844,-0.23827724158763885,0.6581072807312012,0.4788341224193573,-0.22423085570335388,0.6615818738937378,0.4810201823711395,-0.22441816329956055,0.6562808752059937,0.4800967872142792,-0.19491276144981384,0.6595207452774048,0.47761353850364685,-0.21116884052753448,0.5788292288780212,0.45675912499427795,0.04722214862704277,0.5652082562446594,0.4669286608695984,-0.04723512381315231,0.6346247792243958,0.47830891609191895,0.00010406881483504549,0.6243666410446167,0.47669631242752075,-0.10849412530660629,0.608879804611206,0.5528144240379333,0.07284004986286163,0.6027951240539551,0.5577126741409302,-0.015251937322318554,0.6006072759628296,0.5581482648849487,0.07897187769412994,0.5946649312973022,0.5630921721458435,-0.006281782872974873,0.6152932643890381,0.5806443095207214,0.04840192198753357,0.6132885217666626,0.5928609371185303,-0.024445543065667152
0522,./images/8/frame_00522.jpg,Fall,0.6238521337509155,0.4171049892902374,-0.1576104313135147,0.6270567178726196,0.4107917845249176,-0.15725480020046234,0.6275502443313599,0.4097660183906555,-0.15732547640800476,0.6281037926673889,0.40860840678215027,-0.15738710761070251,0.6259137392044067,0.4111664593219757,-0.1737024039030075,0.6254894733428955,0.41039222478866577,-0.173734650015831,0.6249716877937317,0.409723699092865,-0.17374597489833832,0.6258517503738403,0.3986903727054596,-0.12499149888753891,0.621222734451294,0.40198978781700134,-0.19839468598365784,0.6209352016448975,0.41408848762512207,-0.14076748490333557,0.6192347407341003,0.41444018483161926,-0.16222940385341644,0.6185635328292847,0.37929022312164307,-0.061171989887952805,0.5973726511001587,0.4055621325969696,-0.19602099061012268,0.6311609745025635,0.439280241727829,-0.06402000039815903,0.618381679058075,0.4613315165042877,-0.1848927140235901,0.6518367528915405,0.47824907302856445,-0.1649075299501419,0.6540902256965637,0.47926759719848633,-0.1411311775445938,0.6574400067329407,0.4850676953792572,-0.1812685877084732,0.6590458750724792,0.5028455853462219,-0.156576469540596,0.6575843691825867,0.48601993918418884,-0.20040349662303925,0.6605672240257263,0.49632665514945984,-0.15670117735862732,0.6553395986557007,0.4853378236293793,-0.17588964104652405,0.6590207815170288,0.4920836091041565,-0.14038273692131042,0.5776761770248413,0.4584275186061859,0.047851238399744034,0.5653545260429382,0.46803632378578186,-0.04788818582892418,0.634740948677063,0.477957546710968,0.0027252505533397198,0.6254225969314575,0.47368964552879333,-0.10368014872074127,0.6087857484817505,0.553400993347168,0.06241752952337265,0.6040806174278259,0.5574186444282532,-0.0201107207685709,0.6004455089569092,0.5590932369232178,0.06727030128240585,0.5957186818122864,0.562786340713501,-0.011757035739719868,0.6149808764457703,0.5808731317520142,0.03686653450131416,0.6148056387901306,0.5925795435905457,-0.02757035568356514
0523,./images/8/frame_00523.jpg,Fall,0.6240576505661011,0.4172552227973938,-0.1648840606212616,0.6272858381271362,0.4109368324279785,-0.1638047993183136,0.6277107000350952,0.4098784625530243,-0.16387610137462616,0.6281903982162476,0.40873777866363525,-0.1639387160539627,0.6262747645378113,0.41118142008781433,-0.1801864504814148,0.6259437799453735,0.4104158282279968,-0.18021941184997559,0.625508189201355,0.40971919894218445,-0.18023154139518738,0.6259337663650513,0.39875635504722595,-0.1276075839996338,0.6218070983886719,0.401761919260025,-0.20093345642089844,0.6211101412773132,0.4141063690185547,-0.14664019644260406,0.6195803284645081,0.41446468234062195,-0.16806846857070923,0.6202884912490845,0.3797979950904846,-0.06299944221973419,0.5973563194274902,0.4040234386920929,-0.19558760523796082,0.6304101943969727,0.4412246644496918,-0.0660780742764473,0.6148079633712769,0.4616381824016571,-0.18546584248542786,0.6517462134361267,0.48092591762542725,-0.16461575031280518,0.6438419222831726,0.5018782615661621,-0.150944322347641,0.6573402285575867,0.48838692903518677,-0.18178030848503113,0.6491179466247559,0.5151354670524597,-0.16814163327217102,0.6573911905288696,0.4898044466972351,-0.2006436586380005,0.6516577005386353,0.5076201558113098,-0.17065878212451935,0.6549314260482788,0.4883321523666382,-0.17562457919120789,0.6499516367912292,0.5022669434547424,-0.15151214599609375,0.5778765678405762,0.45916956663131714,0.047884516417980194,0.5661939978599548,0.4677700102329254,-0.047918252646923065,0.6356912851333618,0.47777217626571655,0.0003076629072893411,0.6263607144355774,0.46857190132141113,-0.10382020473480225,0.6089102029800415,0.5540294051170349,0.05206304043531418,0.6053062081336975,0.5573654174804688,-0.03017040528357029,0.6004581451416016,0.5600869655609131,0.05623883008956909,0.596827507019043,0.5625877976417542,-0.022771086543798447,0.6150264143943787,0.5812566876411438,0.02143266052007675,0.6163203716278076,0.5924768447875977,-0.042908113449811935
0524,./images/8/frame_00524.jpg,Fall,0.6243067383766174,0.41692402958869934,-0.1954149454832077,0.6274215579032898,0.410340279340744,-0.19425512850284576,0.627794086933136,0.40922045707702637,-0.194321870803833,0.628200113773346,0.4079863727092743,-0.19437971711158752,0.6264234185218811,0.41067367792129517,-0.21125347912311554,0.6260785460472107,0.4099327027797699,-0.21130666136741638,0.6256144046783447,0.409305602312088,-0.2113262116909027,0.6259018778800964,0.39870643615722656,-0.15608982741832733,0.6217981576919556,0.40176624059677124,-0.23181387782096863,0.6211379766464233,0.4139809012413025,-0.1763341724872589,0.6196259260177612,0.41435715556144714,-0.19851426780223846,0.6144183874130249,0.3796948790550232,-0.08297640085220337,0.5970907807350159,0.40851083397865295,-0.2194860875606537,0.6307944655418396,0.4387335181236267,-0.08348580449819565,0.6142627000808716,0.47373145818710327,-0.19326265156269073,0.6483505368232727,0.48094451427459717,-0.1899205893278122,0.6411445736885071,0.5112271308898926,-0.14996659755706787,0.6525704860687256,0.4885898530483246,-0.2097729742527008,0.6460276246070862,0.5241128206253052,-0.16700544953346252,0.6517199277877808,0.48996707797050476,-0.23014679551124573,0.6486572027206421,0.5160714387893677,-0.1714666783809662,0.649257242679596,0.4886336922645569,-0.2017526924610138,0.6467506289482117,0.5102508664131165,-0.15092523396015167,0.5774170756340027,0.45883476734161377,0.04840664938092232,0.5636334419250488,0.46944671869277954,-0.04843655973672867,0.635726273059845,0.4771324694156647,0.003988001495599747,0.6262428760528564,0.4685289263725281,-0.10999015718698502,0.6089203953742981,0.5537660121917725,0.07091625034809113,0.6054533123970032,0.5554584264755249,-0.02802540361881256,0.6004953980445862,0.5599749088287354,0.07686098664999008,0.597286581993103,0.5618724226951599,-0.01795217953622341,0.6154240965843201,0.5809404850006104,0.040747545659542084,0.6162430644035339,0.5899262428283691,-0.033985674381256104
0525,./images/8/frame_00525.jpg,Fall,0.6243035197257996,0.41689181327819824,-0.18479788303375244,0.627379298210144,0.4100273549556732,-0.18383535742759705,0.6276839375495911,0.40874528884887695,-0.1839008331298828,0.6280205845832825,0.40750831365585327,-0.18396015465259552,0.6264171600341797,0.4104765057563782,-0.20098881423473358,0.6260730624198914,0.4097495675086975,-0.2010425627231598,0.6256015300750732,0.40915387868881226,-0.20105977356433868,0.6255819797515869,0.39862945675849915,-0.14832712709903717,0.6217837929725647,0.4017786979675293,-0.2257285863161087,0.6211193799972534,0.4139138162136078,-0.16682077944278717,0.619625985622406,0.4143461585044861,-0.18933343887329102,0.6115883588790894,0.37966930866241455,-0.07698296010494232,0.5969462394714355,0.4090208411216736,-0.21716825664043427,0.6311748027801514,0.4384189546108246,-0.0731947273015976,0.6128588914871216,0.47572600841522217,-0.18530507385730743,0.6480517983436584,0.4823266267776489,-0.17415966093540192,0.6371360421180725,0.51174396276474,-0.1296098828315735,0.6522343158721924,0.49000850319862366,-0.1915609985589981,0.6416860818862915,0.525178074836731,-0.1444438397884369,0.6515576839447021,0.49174386262893677,-0.21194784343242645,0.6441061496734619,0.5170022249221802,-0.1484614908695221,0.6489852666854858,0.4904419481754303,-0.18594831228256226,0.6423134803771973,0.5112530589103699,-0.13004395365715027,0.5759242177009583,0.4587579071521759,0.049040019512176514,0.5642212629318237,0.47032469511032104,-0.04905767738819122,0.6353733539581299,0.4746978282928467,0.01430044136941433,0.6261176466941833,0.4668819308280945,-0.10823698341846466,0.6090590357780457,0.5525525212287903,0.08180797100067139,0.6058154106140137,0.5554031729698181,-0.015547400340437889,0.6006805300712585,0.5595830082893372,0.08754847943782806,0.5978031158447266,0.5623079538345337,-0.00597502151504159,0.6166576147079468,0.5786148309707642,0.054486148059368134,0.6171321272850037,0.5888084769248962,-0.026777654886245728
0526,./images/8/frame_00526.jpg,Fall,0.6241510510444641,0.41691190004348755,-0.1829734742641449,0.6272055506706238,0.41005969047546387,-0.1816236525774002,0.6275479793548584,0.4087687134742737,-0.1816965788602829,0.6278926134109497,0.407549113035202,-0.18175984919071198,0.6261933445930481,0.4104425311088562,-0.19890281558036804,0.6258177757263184,0.4096379280090332,-0.1989401876926422,0.6253267526626587,0.4089542329311371,-0.19895026087760925,0.6255028247833252,0.398708313703537,-0.14304515719413757,0.6217044591903687,0.4014272093772888,-0.22113414108753204,0.6210848689079285,0.4139295220375061,-0.1637590229511261,0.6195281744003296,0.4143040180206299,-0.18642650544643402,0.6121768355369568,0.3813210427761078,-0.07620193064212799,0.5965145230293274,0.40303900837898254,-0.21344299614429474,0.6330922245979309,0.44012799859046936,-0.08151378482580185,0.613323986530304,0.4623700976371765,-0.20717847347259521,0.648235559463501,0.48452314734458923,-0.18458744883537292,0.6398067474365234,0.506459653377533,-0.18599726259708405,0.652614951133728,0.49245139956474304,-0.20286719501018524,0.6437893509864807,0.5242763757705688,-0.20635592937469482,0.652204155921936,0.4934280812740326,-0.22162103652954102,0.6462013721466064,0.5121484398841858,-0.20783880352973938,0.6495583653450012,0.4920447766780853,-0.19577063620090485,0.6443923711776733,0.5071566104888916,-0.18661651015281677,0.5759525895118713,0.45934969186782837,0.049006424844264984,0.5642286539077759,0.4692396819591522,-0.04902488738298416,0.6350871324539185,0.4748830199241638,0.0027787808794528246,0.6247121095657349,0.46482598781585693,-0.11083613336086273,0.609113335609436,0.5528894066810608,0.05471948906779289,0.6057995557785034,0.5557817220687866,-0.03613515943288803,0.6007187962532043,0.5602050423622131,0.05877143144607544,0.5977855920791626,0.5638899207115173,-0.02915812097489834,0.616962730884552,0.5784426927566528,0.022317929193377495,0.6187013983726501,0.589024007320404,-0.055026520043611526
0527,./images/8/frame_00527.jpg,Fall,0.6233593225479126,0.4171924889087677,-0.18147721886634827,0.6265689134597778,0.4106624722480774,-0.1796758770942688,0.6269965171813965,0.40951547026634216,-0.17974673211574554,0.6274114847183228,0.40843120217323303,-0.17980672419071198,0.6253040432929993,0.41087329387664795,-0.19763101637363434,0.624809205532074,0.41004616022109985,-0.19766388833522797,0.6242078542709351,0.4093271791934967,-0.19767019152641296,0.6252500414848328,0.3993171155452728,-0.13918979465961456,0.6208531260490417,0.4017278552055359,-0.22017133235931396,0.6205319762229919,0.41480010747909546,-0.16149677336215973,0.6186495423316956,0.41495281457901,-0.18505577743053436,0.611457347869873,0.3809865713119507,-0.07074998319149017,0.5958461165428162,0.40313559770584106,-0.21369171142578125,0.6332986950874329,0.4399265646934509,-0.07747340202331543,0.6138584017753601,0.4601615071296692,-0.22228360176086426,0.6467448472976685,0.4840453267097473,-0.18124060332775116,0.6460204124450684,0.489352285861969,-0.20665207505226135,0.6509843468666077,0.49157893657684326,-0.19920292496681213,0.6494570374488831,0.5225403904914856,-0.22938208281993866,0.6505977511405945,0.49327048659324646,-0.2184176743030548,0.6521790623664856,0.5116018652915955,-0.229342982172966,0.6480878591537476,0.4916642904281616,-0.19245880842208862,0.6511807441711426,0.4888592064380646,-0.2068929225206375,0.5757395029067993,0.4593176245689392,0.049711715430021286,0.5635207891464233,0.46987172961235046,-0.04973617196083069,0.6346367597579956,0.4741872251033783,0.0040738508105278015,0.6196364164352417,0.4614016115665436,-0.11050353199243546,0.6092005968093872,0.5528355240821838,0.059419162571430206,0.6054354906082153,0.5574619770050049,-0.029495442286133766,0.600845217704773,0.5600545406341553,0.06489673256874084,0.5973650217056274,0.5668812394142151,-0.02174636907875538,0.6175798773765564,0.5775393843650818,0.029825497418642044,0.6182854771614075,0.5898491144180298,-0.04463556036353111
0528,./images/8/frame_00528.jpg,Fall,0.6234776973724365,0.4172963798046112,-0.20021581649780273,0.6266484260559082,0.41066068410873413,-0.20003242790699005,0.6270977258682251,0.4094701111316681,-0.20010428130626678,0.627519428730011,0.40833887457847595,-0.20016762614250183,0.6253253221511841,0.4109226167201996,-0.21719184517860413,0.624829888343811,0.4101387858390808,-0.217240571975708,0.6242256760597229,0.40956175327301025,-0.2172486037015915,0.6252503395080566,0.3993164002895355,-0.16499587893486023,0.6208170652389526,0.40271756052970886,-0.24153921008110046,0.6206699013710022,0.41510364413261414,-0.18197818100452423,0.61868816614151,0.415683776140213,-0.20439128577709198,0.6140994429588318,0.37687695026397705,-0.09187281131744385,0.5958510637283325,0.4125082790851593,-0.23132605850696564,0.6333078145980835,0.43557047843933105,-0.08675623685121536,0.6139457821846008,0.4768851101398468,-0.2163420170545578,0.6449974775314331,0.48367005586624146,-0.1869734525680542,0.6426624059677124,0.5118093490600586,-0.1859637200832367,0.6484524607658386,0.491195410490036,-0.20542757213115692,0.647423505783081,0.5286023020744324,-0.20847198367118835,0.6477394700050354,0.49267566204071045,-0.2262229025363922,0.6500142216682434,0.5187528133392334,-0.21517221629619598,0.6454026699066162,0.49142345786094666,-0.19869795441627502,0.6480904817581177,0.5098667144775391,-0.18725480139255524,0.5751709342002869,0.45678478479385376,0.04960993304848671,0.5635676383972168,0.47083574533462524,-0.04963362216949463,0.6341941356658936,0.4735041856765747,0.01358254998922348,0.620404839515686,0.46868768334388733,-0.11030574887990952,0.6092857122421265,0.55159592628479,0.09665652364492416,0.60488361120224,0.5574877262115479,0.004923309199512005,0.6011143326759338,0.5590234398841858,0.1040201187133789,0.5971298217773438,0.5663052201271057,0.016294177621603012,0.6177042722702026,0.5763477087020874,0.07250828295946121,0.6175914406776428,0.5899981260299683,-0.00222071073949337
0529,./images/8/frame_00529.jpg,Fall,0.6236663460731506,0.4160826802253723,-0.20831437408924103,0.6266829371452332,0.4093291759490967,-0.20979544520378113,0.62712162733078,0.4079965353012085,-0.2098695933818817,0.6275310516357422,0.4067288339138031,-0.2099442034959793,0.6253411769866943,0.41030752658843994,-0.22572612762451172,0.6248412728309631,0.4097682237625122,-0.2257666289806366,0.6242137551307678,0.4093865752220154,-0.22576534748077393,0.6249679327011108,0.39849039912223816,-0.1805168241262436,0.6207051277160645,0.4030873477458954,-0.25157231092453003,0.6207617521286011,0.4138915538787842,-0.19193433225154877,0.6187306642532349,0.4150037169456482,-0.21276740729808807,0.61156165599823,0.37653741240501404,-0.11052050441503525,0.5965239405632019,0.41769951581954956,-0.23906826972961426,0.6338436603546143,0.4288509786128998,-0.10389895737171173,0.6200264692306519,0.47279641032218933,-0.2194109857082367,0.6460752487182617,0.48147523403167725,-0.19942350685596466,0.648515522480011,0.5088788866996765,-0.18524405360221863,0.6499209403991699,0.4888429343700409,-0.2183680534362793,0.655053973197937,0.5274457335472107,-0.20587626099586487,0.6479570865631104,0.49192050099372864,-0.24029795825481415,0.6569352746009827,0.5164117217063904,-0.20966506004333496,0.6456188559532166,0.4910094738006592,-0.21145856380462646,0.6540085673332214,0.5069150924682617,-0.18709038197994232,0.5742027759552002,0.454629123210907,0.0481075681746006,0.5619189739227295,0.47260674834251404,-0.04810434207320213,0.6310867071151733,0.4738386869430542,0.021011730656027794,0.6206490397453308,0.47645649313926697,-0.09222947806119919,0.6091796159744263,0.551465630531311,0.11022628843784332,0.6048271059989929,0.557400107383728,0.028922101482748985,0.6011327505111694,0.5587101578712463,0.11828094720840454,0.5972065925598145,0.5658301711082458,0.04097308963537216,0.6176164746284485,0.5762715339660645,0.08813592791557312,0.617103099822998,0.589898407459259,0.02427314594388008
0530,./images/8/frame_00530.jpg,Fall,0.6237339377403259,0.4154604971408844,-0.22594670951366425,0.6266888380050659,0.4085237383842468,-0.2265242040157318,0.6271251440048218,0.40722644329071045,-0.22660012543201447,0.6275284886360168,0.4059890806674957,-0.22667527198791504,0.6253467798233032,0.4095439910888672,-0.24227873980998993,0.624820351600647,0.4090249836444855,-0.2423219233751297,0.6241611838340759,0.4086926281452179,-0.2423255890607834,0.6247298717498779,0.39786648750305176,-0.19191934168338776,0.6205688118934631,0.40292850136756897,-0.2624236047267914,0.6207827925682068,0.41312840580940247,-0.20768873393535614,0.6187424659729004,0.4141148328781128,-0.22832293808460236,0.6143096685409546,0.3758223354816437,-0.11895936727523804,0.5963367223739624,0.41638895869255066,-0.2443675994873047,0.6344105005264282,0.42990395426750183,-0.11217883974313736,0.6188406348228455,0.47780969738960266,-0.22080469131469727,0.6469674110412598,0.48170211911201477,-0.2097146213054657,0.6446152925491333,0.5116851925849915,-0.1795760840177536,0.6509169340133667,0.48926010727882385,-0.23007185757160187,0.650352418422699,0.5264169573783875,-0.19932116568088531,0.6483210921287537,0.49179917573928833,-0.2524106502532959,0.6526951193809509,0.5163045525550842,-0.202595517039299,0.6457319855690002,0.4909224510192871,-0.22196540236473083,0.6501697301864624,0.509722888469696,-0.18065021932125092,0.5742696523666382,0.4541531503200531,0.0465172678232193,0.5611757040023804,0.4727177023887634,-0.046490930020809174,0.6309043765068054,0.4742058217525482,0.017745820805430412,0.6204351186752319,0.48272794485092163,-0.09438030421733856,0.609197735786438,0.551551342010498,0.10310094058513641,0.60434490442276,0.5581563711166382,0.023532142862677574,0.6013044118881226,0.5587559938430786,0.11075250804424286,0.5970432162284851,0.5656446814537048,0.03537355363368988,0.6175878643989563,0.5763078331947327,0.07749085128307343,0.6160894632339478,0.5912761092185974,0.015975773334503174
0531,./images/8/frame_00531.jpg,Fall,0.6236659288406372,0.41390305757522583,-0.19105878472328186,0.6265360116958618,0.4072747528553009,-0.19252681732177734,0.6268720626831055,0.406072735786438,-0.19260016083717346,0.6271659135818481,0.40492603182792664,-0.19267526268959045,0.625318169593811,0.4081134498119354,-0.2078484296798706,0.6248032450675964,0.40755078196525574,-0.2078874409198761,0.6241600513458252,0.40721946954727173,-0.2078913450241089,0.6241573691368103,0.39700958132743835,-0.16833330690860748,0.6205439567565918,0.4022672474384308,-0.23536765575408936,0.6206439137458801,0.41203197836875916,-0.17628973722457886,0.6186727285385132,0.4124726951122284,-0.1963803917169571,0.6141961216926575,0.3754160702228546,-0.11519855260848999,0.5973559021949768,0.41558966040611267,-0.22937361896038055,0.6339327096939087,0.4305378794670105,-0.10017432272434235,0.6190512776374817,0.46658197045326233,-0.20628389716148376,0.6472973227500916,0.482162207365036,-0.18476179242134094,0.6461779475212097,0.5094839930534363,-0.15715619921684265,0.6517458558082581,0.48969802260398865,-0.20143747329711914,0.6520720720291138,0.5218592882156372,-0.17510035634040833,0.6498318314552307,0.49206680059432983,-0.22339363396167755,0.6540512442588806,0.513170063495636,-0.17725321650505066,0.6469775438308716,0.4912726879119873,-0.19660785794258118,0.6512850522994995,0.5092111825942993,-0.15760883688926697,0.57353276014328,0.4538458585739136,0.04656219482421875,0.5609747171401978,0.47268936038017273,-0.04654634743928909,0.6301814317703247,0.4738762676715851,0.023482106626033783,0.6206705570220947,0.48158183693885803,-0.08933629095554352,0.6093519926071167,0.5511507391929626,0.09796448051929474,0.6045993566513062,0.5581174492835999,0.019172197207808495,0.6017395257949829,0.558407187461853,0.10469841957092285,0.5973471403121948,0.5644844770431519,0.03018968366086483,0.6178184151649475,0.5754002332687378,0.07608111202716827,0.6165869235992432,0.5905880331993103,0.016445845365524292
0532,./images/8/frame_00532.jpg,Fall,0.6233901381492615,0.4140321612358093,-0.21466593444347382,0.6263740658760071,0.4073198139667511,-0.21217472851276398,0.6267406344413757,0.4061429798603058,-0.21224519610404968,0.627066433429718,0.40502458810806274,-0.21231766045093536,0.6249536275863647,0.4080083966255188,-0.22839932143688202,0.6243396997451782,0.40735554695129395,-0.22843626141548157,0.6235665678977966,0.4068506360054016,-0.2284327745437622,0.624083399772644,0.3969123065471649,-0.16915109753608704,0.6199526786804199,0.40137583017349243,-0.24065499007701874,0.6205033659934998,0.41212737560272217,-0.19337016344070435,0.6184337139129639,0.4125412106513977,-0.21451620757579803,0.616064190864563,0.37793833017349243,-0.10479573160409927,0.5956360697746277,0.4121061861515045,-0.2280864268541336,0.6340775489807129,0.43683433532714844,-0.0958104059100151,0.6170612573623657,0.4698618948459625,-0.21391001343727112,0.6473798751831055,0.48513802886009216,-0.1870521605014801,0.6450417041778564,0.50812828540802,-0.18160589039325714,0.6518016457557678,0.49255532026290894,-0.20485477149486542,0.6513036489486694,0.5216932892799377,-0.20157432556152344,0.6503636837005615,0.4940646290779114,-0.22605180740356445,0.6532851457595825,0.5130812525749207,-0.20478573441505432,0.6475468873977661,0.4932442009449005,-0.19875238835811615,0.6505368947982788,0.5077324509620667,-0.1827465146780014,0.5736731290817261,0.45521506667137146,0.04642102122306824,0.5616070032119751,0.4718044400215149,-0.046412426978349686,0.6323651075363159,0.4738251566886902,0.010478178039193153,0.6208104491233826,0.4768621325492859,-0.10224407911300659,0.6099213361740112,0.5511491298675537,0.0825657919049263,0.6049936413764954,0.5577173233032227,0.000406631879741326,0.6021891832351685,0.5583817958831787,0.08858727663755417,0.5977453589439392,0.564330518245697,0.010460563004016876,0.617916464805603,0.5756980180740356,0.05626319721341133,0.6173746585845947,0.5904057025909424,-0.006608164869248867
0533,./images/8/frame_00533.jpg,Fall,0.6229569911956787,0.41183531284332275,-0.20894746482372284,0.6256737112998962,0.40502798557281494,-0.20822031795978546,0.6259233355522156,0.40369898080825806,-0.20829936861991882,0.6261934638023376,0.40256550908088684,-0.20836670696735382,0.6244271993637085,0.405822217464447,-0.2258373498916626,0.6238275170326233,0.4054186940193176,-0.22587259113788605,0.6231659650802612,0.405148983001709,-0.225886732339859,0.6233072280883789,0.3953157663345337,-0.16699394583702087,0.6196081638336182,0.40046051144599915,-0.23510417342185974,0.619973361492157,0.4096091389656067,-0.18925124406814575,0.6181262135505676,0.41063299775123596,-0.21169623732566833,0.6121500730514526,0.3779253363609314,-0.09650403261184692,0.5951899290084839,0.41203778982162476,-0.2212177962064743,0.6340031623840332,0.4366881847381592,-0.07987304031848907,0.6169012784957886,0.47567668557167053,-0.20017902553081512,0.6492524743080139,0.4842430055141449,-0.16606321930885315,0.6444530487060547,0.5089258551597595,-0.15634605288505554,0.6544615030288696,0.4906042218208313,-0.1823645532131195,0.6505169868469238,0.5217149257659912,-0.17451462149620056,0.6535428166389465,0.49293428659439087,-0.20421674847602844,0.6524379849433899,0.5126512050628662,-0.17804959416389465,0.6505034565925598,0.49240171909332275,-0.17788800597190857,0.6498310565948486,0.507494330406189,-0.15736404061317444,0.5737884044647217,0.45522740483283997,0.0456748902797699,0.5608794093132019,0.4720735251903534,-0.04568231478333473,0.6324852108955383,0.4717719256877899,0.011934692040085793,0.6213292479515076,0.47494980692863464,-0.10058476775884628,0.611516535282135,0.5486072301864624,0.08909257501363754,0.6071823835372925,0.5542848110198975,0.006990913301706314,0.6044224500656128,0.5557570457458496,0.09582602232694626,0.6004506945610046,0.5609123110771179,0.017638185992836952,0.618744969367981,0.5721728205680847,0.066147081553936,0.6192807555198669,0.584628164768219,0.0011012154864147305
0534,./images/8/frame_00534.jpg,Fall,0.6221201419830322,0.41218116879463196,-0.20628197491168976,0.6247540712356567,0.4053708016872406,-0.20553581416606903,0.6249946355819702,0.40406256914138794,-0.20561066269874573,0.6252351999282837,0.4029316306114197,-0.20567850768566132,0.6236759424209595,0.4061277210712433,-0.22238311171531677,0.6231046915054321,0.4056682884693146,-0.22242073714733124,0.6225165724754333,0.4053483009338379,-0.22242872416973114,0.6221836805343628,0.3953162431716919,-0.16472280025482178,0.6188691854476929,0.4000222980976105,-0.2369815558195114,0.6190286874771118,0.4099358022212982,-0.18702073395252228,0.6174917221069336,0.4108576774597168,-0.20886842906475067,0.6096501350402832,0.37741774320602417,-0.0948149561882019,0.5939724445343018,0.4103988707065582,-0.2228633165359497,0.6288130879402161,0.4365805685520172,-0.08636441826820374,0.616230309009552,0.47528350353240967,-0.21539585292339325,0.6492018103599548,0.4841122031211853,-0.1855340301990509,0.643337607383728,0.5082335472106934,-0.18570604920387268,0.6543790102005005,0.49050429463386536,-0.20439612865447998,0.6492092609405518,0.5210404992103577,-0.2065349519252777,0.6534985303878784,0.49270302057266235,-0.22501643002033234,0.651079535484314,0.5125650763511658,-0.2091638743877411,0.6504250764846802,0.49214088916778564,-0.19753175973892212,0.6485800743103027,0.5068875551223755,-0.18675222992897034,0.5739105343818665,0.4556941092014313,0.046149905771017075,0.561201274394989,0.4720437824726105,-0.04615937918424606,0.6325722336769104,0.47189944982528687,0.005880624055862427,0.6213816404342651,0.468565970659256,-0.10905836522579193,0.6120307445526123,0.5483579039573669,0.07865898311138153,0.607965350151062,0.5538261532783508,-0.013159921392798424,0.6050156950950623,0.5557268857955933,0.08462202548980713,0.6011573076248169,0.5611282587051392,-0.004382944665849209,0.6197627186775208,0.5703830122947693,0.049510158598423004,0.6212581396102905,0.5821913480758667,-0.030694905668497086
0535,./images/8/frame_00535.jpg,Fall,0.6213970184326172,0.41239920258522034,-0.20967015624046326,0.62408447265625,0.4054216742515564,-0.20786258578300476,0.6244929432868958,0.40435898303985596,-0.2079404592514038,0.6248998641967773,0.40342843532562256,-0.2080155909061432,0.6225956678390503,0.40631943941116333,-0.22400903701782227,0.6219669580459595,0.4057376980781555,-0.2240331918001175,0.6213396787643433,0.4052620232105255,-0.2240303009748459,0.6222005486488342,0.39542317390441895,-0.16444773972034454,0.6180521249771118,0.3986504077911377,-0.2364620417356491,0.6186343431472778,0.40996453166007996,-0.1882004737854004,0.6168757677078247,0.41101759672164917,-0.20936799049377441,0.6169889569282532,0.3824242949485779,-0.09434656798839569,0.5928611159324646,0.3987400531768799,-0.22141823172569275,0.6294522285461426,0.4405346214771271,-0.09325894713401794,0.6148310899734497,0.46751949191093445,-0.23620596528053284,0.6521220803260803,0.48271340131759644,-0.18546134233474731,0.6457064747810364,0.4837365746498108,-0.2374836951494217,0.6584741473197937,0.48923856019973755,-0.20384487509727478,0.6493709087371826,0.5150460004806519,-0.26236140727996826,0.6578496694564819,0.48490116000175476,-0.2230953872203827,0.6535834074020386,0.4874785542488098,-0.2629315257072449,0.6555073857307434,0.482310026884079,-0.19682326912879944,0.6493986248970032,0.502397894859314,-0.23847930133342743,0.5755230188369751,0.45781707763671875,0.04455733299255371,0.5612407922744751,0.4689677655696869,-0.04452694579958916,0.6325820684432983,0.4764796495437622,-0.02478194609284401,0.6187831163406372,0.46375301480293274,-0.12199600040912628,0.6119551658630371,0.5516878366470337,0.029975468292832375,0.6078755855560303,0.5547118186950684,-0.054002195596694946,0.6049555540084839,0.5589178800582886,0.03404593467712402,0.6010878086090088,0.5647645592689514,-0.04780461639165878,0.6196632385253906,0.57233065366745,-0.004297542851418257,0.6217102408409119,0.5830310583114624,-0.07913858443498611
0536,./images/8/frame_00536.jpg,Fall,0.6213361024856567,0.4109806418418884,-0.21545591950416565,0.6238867044448853,0.40393567085266113,-0.21339794993400574,0.624268651008606,0.40283113718032837,-0.21346823871135712,0.62464439868927,0.40183642506599426,-0.2135469615459442,0.6224484443664551,0.4048754870891571,-0.22909028828144073,0.6218286156654358,0.404377818107605,-0.22912383079528809,0.6212002038955688,0.40406912565231323,-0.22911274433135986,0.6217403411865234,0.39431992173194885,-0.17084884643554688,0.6177834868431091,0.3985139727592468,-0.24108187854290009,0.6184486746788025,0.4088110625743866,-0.1948288232088089,0.6167370080947876,0.4099061191082001,-0.21540410816669464,0.6111613512039185,0.3804489076137543,-0.09984122216701508,0.5924173593521118,0.4022527039051056,-0.22284460067749023,0.628692090511322,0.4369465708732605,-0.09535768628120422,0.6161513924598694,0.4692450165748596,-0.23428376019001007,0.6541178226470947,0.47544530034065247,-0.18987099826335907,0.6522221565246582,0.47932615876197815,-0.20365497469902039,0.6599066257476807,0.48191922903060913,-0.2081608772277832,0.6569475531578064,0.5118613243103027,-0.22460587322711945,0.6603007316589355,0.479723185300827,-0.2290906459093094,0.658822774887085,0.4818628132343292,-0.22174480557441711,0.6572170257568359,0.4781689941883087,-0.20167610049247742,0.6559433937072754,0.48109182715415955,-0.20250678062438965,0.5749770402908325,0.4574218690395355,0.04461722820997238,0.5599029660224915,0.46902987360954285,-0.04459341615438461,0.6318374872207642,0.47511401772499084,-0.009206718765199184,0.6181523203849792,0.46113264560699463,-0.11664265394210815,0.6122226119041443,0.5489537119865417,0.06382010132074356,0.6095662713050842,0.5533161759376526,-0.04048538953065872,0.6055163145065308,0.5563814640045166,0.07150934636592865,0.6032981276512146,0.5633164048194885,-0.03522247448563576,0.6200324296951294,0.5691357851028442,0.02994844689965248,0.6237809062004089,0.5799173712730408,-0.04468466341495514
0537,./images/8/frame_00537.jpg,Fall,0.6214185953140259,0.40931859612464905,-0.21215388178825378,0.6239310503005981,0.4025028944015503,-0.2090264856815338,0.624254584312439,0.40145012736320496,-0.20908033847808838,0.6245482563972473,0.4005119204521179,-0.20916061103343964,0.6225823163986206,0.40345144271850586,-0.22502651810646057,0.6219714879989624,0.4030793011188507,-0.22506394982337952,0.6213363409042358,0.40294215083122253,-0.22504670917987823,0.6213307976722717,0.39349135756492615,-0.1658034473657608,0.6178896427154541,0.39828261733055115,-0.23847627639770508,0.6184677481651306,0.4075709581375122,-0.19117866456508636,0.6168014407157898,0.4087926745414734,-0.21252243220806122,0.6093084812164307,0.38040563464164734,-0.0958036333322525,0.5925548076629639,0.40319138765335083,-0.221231147646904,0.628207802772522,0.43589892983436584,-0.0799729973077774,0.618415117263794,0.46901553869247437,-0.2279783934354782,0.6559670567512512,0.47546347975730896,-0.15737104415893555,0.6561604738235474,0.47455498576164246,-0.1928311288356781,0.6617664098739624,0.478384792804718,-0.17122265696525574,0.6629515290260315,0.4842349886894226,-0.20849713683128357,0.6616718769073486,0.4779680371284485,-0.19163410365581512,0.6622204184532166,0.4769296944141388,-0.2049611508846283,0.6604285836219788,0.47661930322647095,-0.168585866689682,0.6607390642166138,0.4752967953681946,-0.18970313668251038,0.5734807848930359,0.45863956212997437,0.044761933386325836,0.5600133538246155,0.4694870114326477,-0.044739507138729095,0.6294505596160889,0.47509777545928955,-0.004934537224471569,0.6155706644058228,0.4570353925228119,-0.11743749678134918,0.6121920347213745,0.5479404330253601,0.07944931834936142,0.6109914779663086,0.5526909232139587,-0.03126376122236252,0.6052703857421875,0.5560114979743958,0.0868726447224617,0.6051351428031921,0.5638418793678284,-0.023919561877846718,0.620956301689148,0.5667897462844849,0.050507090985774994,0.6234723329544067,0.5695489048957825,-0.05553751066327095
0538,./images/8/frame_00538.jpg,Fall,0.6214789152145386,0.40814492106437683,-0.1706118881702423,0.62397301197052,0.4014998972415924,-0.16868801414966583,0.6242618560791016,0.400331974029541,-0.16874942183494568,0.6245085597038269,0.3993549346923828,-0.1688138246536255,0.6226738691329956,0.40248435735702515,-0.18567338585853577,0.6220597624778748,0.40213966369628906,-0.1857103556394577,0.6214093565940857,0.4020482003688812,-0.18571071326732635,0.6211845874786377,0.39222458004951477,-0.1325232833623886,0.6179654598236084,0.3970717489719391,-0.2089981585741043,0.618503749370575,0.4060876667499542,-0.15280947089195251,0.6168099045753479,0.4075073301792145,-0.1750987470149994,0.6085208654403687,0.3791317045688629,-0.06845418363809586,0.5944777131080627,0.40231752395629883,-0.20512573421001434,0.6291767358779907,0.4332869350910187,-0.06299634277820587,0.6198732256889343,0.45924586057662964,-0.20768043398857117,0.6550715565681458,0.4752703011035919,-0.14795193076133728,0.6576158404350281,0.4730317294597626,-0.1682523787021637,0.6607645750045776,0.4781935513019562,-0.16233225166797638,0.6649407148361206,0.48034608364105225,-0.18465398252010345,0.6612225770950317,0.47706201672554016,-0.1813802868127823,0.6647294163703918,0.4742266833782196,-0.1837569624185562,0.6586868166923523,0.47639036178588867,-0.1589394062757492,0.6627688407897949,0.4721439778804779,-0.16715307533740997,0.5734058022499084,0.45858410000801086,0.04637911170721054,0.5616565346717834,0.4691835939884186,-0.046377185732126236,0.6295032501220703,0.47505468130111694,0.003240872174501419,0.6202119588851929,0.4590875804424286,-0.11500843614339828,0.611537754535675,0.5479490756988525,0.07801473140716553,0.610596776008606,0.5527358651161194,-0.02672458067536354,0.6043887734413147,0.5559747815132141,0.08415541052818298,0.6047684550285339,0.5648589134216309,-0.01925109699368477,0.6207930445671082,0.5677171349525452,0.05131852626800537,0.6231159567832947,0.5717756748199463,-0.044163841754198074
0539,./images/8/frame_00539.jpg,Fall,0.6208082437515259,0.40727663040161133,-0.20694498717784882,0.6231275796890259,0.40056949853897095,-0.204678013920784,0.6233739256858826,0.3993584215641022,-0.20474180579185486,0.6236129403114319,0.39822399616241455,-0.20482316613197327,0.621975302696228,0.4017447233200073,-0.22168560326099396,0.6214084029197693,0.4014662802219391,-0.22172243893146515,0.6208139657974243,0.40143924951553345,-0.22171202301979065,0.6199031472206116,0.390752911567688,-0.16528961062431335,0.6171958446502686,0.39672619104385376,-0.2418370544910431,0.6178188323974609,0.40532612800598145,-0.18787583708763123,0.6163457632064819,0.4070427715778351,-0.21017642319202423,0.604303240776062,0.37770190834999084,-0.09625980257987976,0.5937126278877258,0.4064761996269226,-0.22970882058143616,0.6273800134658813,0.43277621269226074,-0.08666159212589264,0.6202695369720459,0.4610710144042969,-0.22964517772197723,0.6544636487960815,0.47230350971221924,-0.1749316304922104,0.6571395993232727,0.4765268862247467,-0.19709689915180206,0.6603494882583618,0.47785088419914246,-0.19233408570289612,0.6631065607070923,0.4849250316619873,-0.21853959560394287,0.660966694355011,0.476700097322464,-0.21465501189231873,0.6648252010345459,0.47711634635925293,-0.21854372322559357,0.6578177213668823,0.47610142827033997,-0.18737313151359558,0.6620999574661255,0.4759884178638458,-0.19716022908687592,0.5727244019508362,0.4577696621417999,0.04647134989500046,0.5597487688064575,0.4696447253227234,-0.046470802277326584,0.6290323734283447,0.47605833411216736,0.006099303252995014,0.6201237440109253,0.46603721380233765,-0.10948263108730316,0.6098299622535706,0.5480037331581116,0.09478931128978729,0.6101668477058411,0.5528313517570496,-0.0013704004231840372,0.6026938557624817,0.5557283759117126,0.102442666888237,0.6038855314254761,0.5640166997909546,0.008709831163287163,0.6186467409133911,0.5685107111930847,0.07024184614419937,0.6227127909660339,0.5734862685203552,-0.016841379925608635
0540,./images/8/frame_00540.jpg,Fall,0.6201056241989136,0.4073324501514435,-0.22306087613105774,0.6223037838935852,0.40056276321411133,-0.21998000144958496,0.6225356459617615,0.3993748426437378,-0.22004537284374237,0.6227623820304871,0.3982465863227844,-0.22012574970722198,0.6212304830551147,0.4014875292778015,-0.23695676028728485,0.6206839084625244,0.40110069513320923,-0.23699244856834412,0.6201315522193909,0.40092718601226807,-0.23698613047599792,0.6193891167640686,0.3901556134223938,-0.17495271563529968,0.6166322231292725,0.39562633633613586,-0.25143322348594666,0.6171257495880127,0.40546244382858276,-0.201764315366745,0.6157296299934387,0.40688255429267883,-0.2240494191646576,0.6055026650428772,0.37774917483329773,-0.1039186343550682,0.5908579230308533,0.4061839282512665,-0.23419418931007385,0.6300971508026123,0.4327968955039978,-0.09593180567026138,0.6179237961769104,0.4591401517391205,-0.23343563079833984,0.6540946960449219,0.4762989580631256,-0.18312570452690125,0.655547022819519,0.47717052698135376,-0.20577950775623322,0.6607713103294373,0.4785913825035095,-0.20035584270954132,0.6613348722457886,0.48762062191963196,-0.22690704464912415,0.6606839895248413,0.4777368903160095,-0.22178557515144348,0.6630631685256958,0.48002684116363525,-0.22770074009895325,0.6579245924949646,0.47703197598457336,-0.19496741890907288,0.6604097485542297,0.47768348455429077,-0.206135556101799,0.5727366209030151,0.4573279023170471,0.04640693590044975,0.5575687289237976,0.4690689444541931,-0.04640914127230644,0.6290938258171082,0.47510817646980286,0.0012339723762124777,0.6188321709632874,0.4660589396953583,-0.11420099437236786,0.6099613904953003,0.5472694635391235,0.08869475871324539,0.6096196174621582,0.5527195930480957,-0.006881161592900753,0.6030182242393494,0.5550882816314697,0.09653240442276001,0.6037911176681519,0.5637391209602356,0.003377077402547002,0.6189872026443481,0.5679655075073242,0.0579066202044487,0.6224426031112671,0.5749763250350952,-0.02847352623939514
0541,./images/8/frame_00541.jpg,Fall,0.61902916431427,0.40444356203079224,-0.17675115168094635,0.6213763952255249,0.39821696281433105,-0.17650975286960602,0.6215445399284363,0.3971531391143799,-0.17655958235263824,0.6217246055603027,0.3961487114429474,-0.17662671208381653,0.620534360408783,0.39936092495918274,-0.19314227998256683,0.6200650930404663,0.39918676018714905,-0.19318607449531555,0.6196030378341675,0.3992246091365814,-0.19318722188472748,0.6182944178581238,0.3887523114681244,-0.14642909169197083,0.6162840127944946,0.39491403102874756,-0.22200074791908264,0.6160552501678467,0.4033494293689728,-0.1609114110469818,0.614747166633606,0.40483829379081726,-0.18294328451156616,0.6011450886726379,0.37445688247680664,-0.07978496700525284,0.5943431258201599,0.4064598083496094,-0.21964788436889648,0.6257616281509399,0.42834120988845825,-0.058279503136873245,0.6225196719169617,0.45713165402412415,-0.2181163728237152,0.6477096080780029,0.4753195345401764,-0.12312273681163788,0.6612827181816101,0.4739335775375366,-0.17759817838668823,0.6544392704963684,0.4790673553943634,-0.13324986398220062,0.6658831834793091,0.48219096660614014,-0.19601495563983917,0.6583581566810608,0.47679418325424194,-0.15468192100524902,0.6658412218093872,0.4768572151660919,-0.19360831379890442,0.6515804529190063,0.47967350482940674,-0.13423751294612885,0.6640185117721558,0.47416025400161743,-0.1763664186000824,0.5688726305961609,0.4569316804409027,0.04735555872321129,0.5584866404533386,0.4705309271812439,-0.04738578200340271,0.6257448196411133,0.47419705986976624,0.03820645064115524,0.6188608407974243,0.46228399872779846,-0.08296366035938263,0.6087667942047119,0.5473473072052002,0.11724330484867096,0.6093794703483582,0.5521456599235535,0.015216896310448647,0.6016278266906738,0.555122435092926,0.12421105802059174,0.6033143401145935,0.5635937452316284,0.024633988738059998,0.6189606785774231,0.5680224895477295,0.10072566568851471,0.6227878332138062,0.5754083395004272,0.006259872578084469
0542,./images/8/frame_00542.jpg,Fall,0.618499755859375,0.4041682481765747,-0.18791469931602478,0.6208698749542236,0.3980655372142792,-0.18739718198776245,0.6210304498672485,0.39703571796417236,-0.1874590963125229,0.6212117671966553,0.39602819085121155,-0.18753108382225037,0.6200755834579468,0.3989693224430084,-0.2037908136844635,0.6196513175964355,0.3986460864543915,-0.20382840931415558,0.6192032098770142,0.39846640825271606,-0.20382335782051086,0.6179307103157043,0.3884108364582062,-0.15119467675685883,0.6160034537315369,0.393309623003006,-0.22692063450813293,0.6155148148536682,0.4029136598110199,-0.1704697459936142,0.614334225654602,0.40419134497642517,-0.19193659722805023,0.6017779111862183,0.3747107684612274,-0.08225750178098679,0.5943262577056885,0.40319302678108215,-0.22079940140247345,0.6262435913085938,0.4316560924053192,-0.07001493871212006,0.623160719871521,0.4582241475582123,-0.22918157279491425,0.6480371952056885,0.4786946177482605,-0.1446361541748047,0.6600198745727539,0.4740152060985565,-0.1988939642906189,0.6545595526695251,0.4790969491004944,-0.157053142786026,0.6659481525421143,0.48128455877304077,-0.21817517280578613,0.6586838364601135,0.4774553179740906,-0.17724661529064178,0.665283203125,0.47672972083091736,-0.21574611961841583,0.6517696380615234,0.48744189739227295,-0.15565751492977142,0.6634700894355774,0.4743954837322235,-0.1978786587715149,0.5692722797393799,0.4579964578151703,0.04746022820472717,0.5587888956069946,0.47071152925491333,-0.047498445957899094,0.625872015953064,0.47418826818466187,0.02264041267335415,0.6173216104507446,0.46065467596054077,-0.09358159452676773,0.6097039580345154,0.5473213791847229,0.10389729589223862,0.6079299449920654,0.5529537200927734,-0.010525279678404331,0.6029432415962219,0.5552496314048767,0.11206623166799545,0.6017603278160095,0.5656046271324158,-0.0029686884954571724,0.6215959191322327,0.5671764612197876,0.07997606694698334,0.6223660707473755,0.5759083032608032,-0.029919739812612534
0543,./images/8/frame_00543.jpg,Fall,0.6178928017616272,0.4045996069908142,-0.18050125241279602,0.6205093264579773,0.3984878659248352,-0.17839255928993225,0.6207154989242554,0.39747679233551025,-0.17844748497009277,0.6209254264831543,0.39647313952445984,-0.17851129174232483,0.6196308135986328,0.39914384484291077,-0.19573980569839478,0.6192009449005127,0.39866727590560913,-0.19577643275260925,0.6187576651573181,0.3982730805873871,-0.19578132033348083,0.6176663637161255,0.3886420428752899,-0.13866618275642395,0.6155837774276733,0.391769140958786,-0.2176835834980011,0.614838182926178,0.4033542573451996,-0.16125333309173584,0.6136602163314819,0.4043581783771515,-0.1842184215784073,0.6019188165664673,0.37538275122642517,-0.07136374711990356,0.5941370129585266,0.3968048393726349,-0.21448533236980438,0.6262558698654175,0.43311336636543274,-0.06298369914293289,0.6242622137069702,0.4548720419406891,-0.22764447331428528,0.6477165818214417,0.4782363772392273,-0.1342509686946869,0.6606923341751099,0.47109124064445496,-0.19986702501773834,0.6544930338859558,0.4800063669681549,-0.14533163607120514,0.6663491725921631,0.47714555263519287,-0.2187524139881134,0.6586616039276123,0.47770342230796814,-0.1637054979801178,0.6664317846298218,0.4728890657424927,-0.21589739620685577,0.6514989137649536,0.48669594526290894,-0.14449748396873474,0.6643598675727844,0.4716912508010864,-0.19856718182563782,0.5694138407707214,0.4598516821861267,0.04793462157249451,0.5590051412582397,0.47118079662323,-0.04797675833106041,0.6257074475288391,0.47418567538261414,0.014654746279120445,0.6133227348327637,0.4574483335018158,-0.12171623855829239,0.6108229160308838,0.5480566024780273,0.07404270023107529,0.6077757477760315,0.5544129014015198,-0.05755425617098808,0.6042667627334595,0.557749330997467,0.07911432534456253,0.601732611656189,0.5695109367370605,-0.05218806117773056,0.6220577955245972,0.5652987360954285,0.04769386351108551,0.6219279170036316,0.5723947286605835,-0.08390365540981293
0544,./images/8/frame_00544.jpg,Fall,0.6172234416007996,0.4046860635280609,-0.17068561911582947,0.6199537515640259,0.3985680937767029,-0.16872933506965637,0.6202198266983032,0.3975926637649536,-0.16879145801067352,0.6204884648323059,0.39661216735839844,-0.1688634306192398,0.6189479231834412,0.3991158902645111,-0.18580758571624756,0.618501603603363,0.39858630299568176,-0.18583683669567108,0.61805260181427,0.3981350064277649,-0.18583723902702332,0.6173837780952454,0.3886291980743408,-0.130266010761261,0.614989161491394,0.3914492726325989,-0.2078772336244583,0.6142570376396179,0.40357187390327454,-0.15180914103984833,0.6130322217941284,0.4044472277164459,-0.17443089187145233,0.6028481721878052,0.37577831745147705,-0.06480653584003448,0.5931063890457153,0.3945673704147339,-0.20400762557983398,0.6264676451683044,0.4330616295337677,-0.045813314616680145,0.623151421546936,0.4558429718017578,-0.2217136174440384,0.648034393787384,0.4780387580394745,-0.10476487874984741,0.6599942445755005,0.4710177481174469,-0.19916492700576782,0.6551750302314758,0.4775611162185669,-0.11349935829639435,0.6653324365615845,0.47764503955841064,-0.21813030540943146,0.6586503386497498,0.4779820442199707,-0.13235501945018768,0.665697455406189,0.4733211398124695,-0.21574047207832336,0.6517199277877808,0.48639819025993347,-0.1145891323685646,0.6637219190597534,0.47164425253868103,-0.19815102219581604,0.5715243220329285,0.4587860405445099,0.04746145382523537,0.5593221187591553,0.47048768401145935,-0.04748257249593735,0.6270491480827332,0.4738830626010895,-0.00010671258496586233,0.6121450662612915,0.45653435587882996,-0.1225348711013794,0.6118690967559814,0.5479435920715332,0.06310436129570007,0.607939600944519,0.5538809299468994,-0.05118493363261223,0.6050658226013184,0.5574597120285034,0.06844694912433624,0.6017663478851318,0.5692727565765381,-0.04457809776067734,0.6218162178993225,0.5658328533172607,0.03978120535612106,0.6216511130332947,0.5709336996078491,-0.07089026272296906
0545,./images/8/frame_00545.jpg,Fall,0.6160489916801453,0.4041261374950409,-0.15708306431770325,0.6189404726028442,0.39809444546699524,-0.1550942063331604,0.6192372441291809,0.39722102880477905,-0.15514658391475677,0.6195353269577026,0.3963194191455841,-0.1552128791809082,0.6178795099258423,0.3984968960285187,-0.17272908985614777,0.6174077987670898,0.3979654014110565,-0.17275668680667877,0.6169210076332092,0.3974847197532654,-0.1727595031261444,0.6163520812988281,0.38820841908454895,-0.11901851743459702,0.6136392951011658,0.39097556471824646,-0.1989835947751999,0.6129418015480042,0.4034551978111267,-0.1393364518880844,0.6116011738777161,0.40415212512016296,-0.16262304782867432,0.6023722290992737,0.3759928345680237,-0.05627232789993286,0.591357409954071,0.39526304602622986,-0.2024608552455902,0.6242846250534058,0.43659138679504395,-0.035213254392147064,0.6228914856910706,0.4541686177253723,-0.2245883196592331,0.6515077352523804,0.4780275225639343,-0.08682834357023239,0.6598469614982605,0.47107452154159546,-0.2083556354045868,0.6577398180961609,0.4758642315864563,-0.09342660009860992,0.6658328771591187,0.4771328866481781,-0.22855567932128906,0.6606689095497131,0.47637540102005005,-0.11265058815479279,0.6657716035842896,0.4724086821079254,-0.22399179637432098,0.6562110185623169,0.4865947663784027,-0.09681645780801773,0.6639751195907593,0.47076427936553955,-0.20688383281230927,0.5706868171691895,0.4601247012615204,0.04799063503742218,0.5592854022979736,0.4726046621799469,-0.04801054671406746,0.6272052526473999,0.47316741943359375,0.010283119976520538,0.6105232834815979,0.45524847507476807,-0.11760739982128143,0.6118072271347046,0.544795572757721,0.06483229249715805,0.6081406474113464,0.5520860552787781,-0.03834430128335953,0.6050307154655457,0.557050347328186,0.06923974305391312,0.6022082567214966,0.5673640966415405,-0.030950207263231277,0.6211469769477844,0.5623461604118347,0.057170383632183075,0.6213560700416565,0.5676798224449158,-0.04974986985325813
0546,./images/8/frame_00546.jpg,Fall,0.6155725121498108,0.4029884338378906,-0.1594819873571396,0.6185380220413208,0.39721810817718506,-0.1568429172039032,0.6188074350357056,0.39638954401016235,-0.15690091252326965,0.619057297706604,0.3955056965351105,-0.15697255730628967,0.6174949407577515,0.39753061532974243,-0.17402751743793488,0.6170352697372437,0.3969740569591522,-0.17406558990478516,0.6165615916252136,0.39646008610725403,-0.17407509684562683,0.616015613079071,0.387118399143219,-0.11953643709421158,0.613487720489502,0.39009907841682434,-0.1972639411687851,0.612496554851532,0.4025651216506958,-0.14155402779579163,0.6111985445022583,0.4031088054180145,-0.16417977213859558,0.6024099588394165,0.3765333890914917,-0.05468593165278435,0.589084267616272,0.39641982316970825,-0.19901499152183533,0.6248202323913574,0.4380853474140167,-0.027236919850111008,0.6102975606918335,0.4602682888507843,-0.20798556506633759,0.649178147315979,0.4824114143848419,-0.07367312163114548,0.6418867707252502,0.4896829426288605,-0.1832590401172638,0.6558857560157776,0.4867951273918152,-0.07918810844421387,0.6493800282478333,0.49964672327041626,-0.2002861201763153,0.6575381755828857,0.4908412992954254,-0.09878169000148773,0.6573725938796997,0.47351595759391785,-0.19858680665493011,0.6537971496582031,0.49231570959091187,-0.08348757773637772,0.6548758149147034,0.47155457735061646,-0.18235982954502106,0.5707659125328064,0.4604751169681549,0.048144854605197906,0.5592966079711914,0.4728708863258362,-0.04815499484539032,0.6271742582321167,0.47131648659706116,0.015781963244080544,0.6105581521987915,0.4556441903114319,-0.11562259495258331,0.6132155656814575,0.5450547337532043,0.08211639523506165,0.6079951524734497,0.5521326661109924,-0.03252881020307541,0.6065887808799744,0.5570254921913147,0.08769985288381577,0.6020820736885071,0.5598804354667664,-0.024851884692907333,0.6211255788803101,0.5609824061393738,0.06646130979061127,0.620402455329895,0.5672580003738403,-0.04788200557231903
0547,./images/8/frame_00547.jpg,Fall,0.6155909299850464,0.40292632579803467,-0.16897617280483246,0.6184922456741333,0.3971276879310608,-0.16748102009296417,0.6187689900398254,0.39625486731529236,-0.16753441095352173,0.6190176010131836,0.3953147530555725,-0.16760098934173584,0.6173309683799744,0.3975991904735565,-0.18448081612586975,0.6168015599250793,0.3971046507358551,-0.18451866507530212,0.6162446737289429,0.3966449797153473,-0.1845191866159439,0.6158931255340576,0.3868906795978546,-0.12980392575263977,0.6128672957420349,0.3904109597206116,-0.20683303475379944,0.6125237941741943,0.40242084860801697,-0.1505630612373352,0.6111506819725037,0.4031032621860504,-0.1727912425994873,0.6054790616035461,0.3767319619655609,-0.06099514290690422,0.5864477157592773,0.39677074551582336,-0.2045309990644455,0.6237095594406128,0.438960999250412,-0.04293239116668701,0.6045266389846802,0.4649483561515808,-0.21077530086040497,0.6492148041725159,0.4828801155090332,-0.09242425113916397,0.6328842639923096,0.5050544142723083,-0.20651917159557343,0.6560071706771851,0.4886575937271118,-0.10109397023916245,0.6385723352432251,0.5181481838226318,-0.22775058448314667,0.6572623252868652,0.4881717562675476,-0.12153194844722748,0.6419470310211182,0.507197380065918,-0.22926005721092224,0.6538012027740479,0.4932166635990143,-0.10261382907629013,0.6398910284042358,0.5022791624069214,-0.2075345516204834,0.571681559085846,0.4579612612724304,0.0477326437830925,0.5598341226577759,0.4718834459781647,-0.047723084688186646,0.6271790862083435,0.46518969535827637,0.00863492488861084,0.6097778081893921,0.45457813143730164,-0.1299559772014618,0.6135639548301697,0.5424561500549316,0.08487911522388458,0.6068240404129028,0.552297830581665,-0.05513336509466171,0.6079879403114319,0.5554453730583191,0.09154493361711502,0.6012148857116699,0.5585721135139465,-0.04849933832883835,0.6254926919937134,0.5617285370826721,0.06452038884162903,0.6196812391281128,0.5659298896789551,-0.07877255976200104
0548,./images/8/frame_00548.jpg,Fall,0.6158334016799927,0.4015050232410431,-0.18884024024009705,0.6185643076896667,0.39553362131118774,-0.1863292008638382,0.6187629103660583,0.3946435749530792,-0.1863923817873001,0.6189119219779968,0.39365386962890625,-0.18646535277366638,0.6175014972686768,0.3962981402873993,-0.20240230858325958,0.6169759631156921,0.39602339267730713,-0.2024567574262619,0.6164236068725586,0.39573702216148376,-0.2024776190519333,0.6151574850082397,0.38566890358924866,-0.1492692530155182,0.6128013730049133,0.39028400182724,-0.22223584353923798,0.612720251083374,0.40146201848983765,-0.17107322812080383,0.6114094257354736,0.40257957577705383,-0.19236478209495544,0.6007682085037231,0.3747479021549225,-0.07996044307947159,0.587181568145752,0.4085635840892792,-0.21307849884033203,0.6202409267425537,0.4282788634300232,-0.04786866530776024,0.6065636873245239,0.4752882122993469,-0.20524266362190247,0.6420093178749084,0.47458240389823914,-0.09429240226745605,0.634809672832489,0.5146841406822205,-0.17092274129390717,0.6483535766601562,0.4808862507343292,-0.10293684899806976,0.6406224966049194,0.5283046364784241,-0.18858502805233002,0.6490737199783325,0.4867474138736725,-0.12389812618494034,0.6431506872177124,0.5195183157920837,-0.1911097913980484,0.6458175778388977,0.4861339032649994,-0.10448633134365082,0.6408345699310303,0.5144080519676208,-0.17149990797042847,0.571063220500946,0.4572758674621582,0.0474977120757103,0.5600987672805786,0.47219765186309814,-0.047484494745731354,0.6252213716506958,0.465427428483963,0.008951405063271523,0.6087650060653687,0.45471101999282837,-0.1312434822320938,0.6125606298446655,0.5428606271743774,0.10331644862890244,0.606623113155365,0.5522700548171997,-0.04265982285141945,0.606772780418396,0.5551208853721619,0.11176733672618866,0.6011032462120056,0.5562383532524109,-0.036105819046497345,0.6247149705886841,0.5622132420539856,0.0832514613866806,0.6196187734603882,0.5632697343826294,-0.0616273395717144
0549,./images/8/frame_00549.jpg,Fall,0.6153630018234253,0.40040847659111023,-0.20762427151203156,0.6178184747695923,0.39446181058883667,-0.2043277472257614,0.6179822683334351,0.39361754059791565,-0.20440585911273956,0.6181612610816956,0.39258578419685364,-0.20449204742908478,0.6168590784072876,0.3950912356376648,-0.21957525610923767,0.6163688898086548,0.39474359154701233,-0.219615176320076,0.6158536672592163,0.3943847119808197,-0.21963520348072052,0.6146778464317322,0.38506901264190674,-0.16118940711021423,0.6120688319206238,0.38823217153549194,-0.23038479685783386,0.6122462153434753,0.4003603756427765,-0.18761464953422546,0.6110273003578186,0.4013299345970154,-0.2077391892671585,0.6042196750640869,0.37988725304603577,-0.09332654625177383,0.5844697952270508,0.4076521098613739,-0.2158171385526657,0.623697817325592,0.42858606576919556,-0.07329581677913666,0.5976446866989136,0.4724714159965515,-0.20843708515167236,0.6477667093276978,0.4750105142593384,-0.1211937889456749,0.6175001859664917,0.5155323147773743,-0.17332854866981506,0.6534677147865295,0.47896265983581543,-0.13290727138519287,0.6198624968528748,0.5300449132919312,-0.18923619389533997,0.65416020154953,0.48153719305992126,-0.15381237864494324,0.6228296160697937,0.5239306688308716,-0.20736734569072723,0.6527286767959595,0.4813690483570099,-0.13150738179683685,0.6221987009048462,0.5184687972068787,-0.18245640397071838,0.5714311599731445,0.45736995339393616,0.04439384117722511,0.5603433847427368,0.4709581732749939,-0.04434556886553764,0.6242609620094299,0.46402010321617126,-0.008667896501719952,0.6088603138923645,0.4542962312698364,-0.1358429491519928,0.6162320971488953,0.5409942269325256,0.07250393182039261,0.6068055033683777,0.5516638159751892,-0.058576107025146484,0.6108627915382385,0.5527557134628296,0.07930435985326767,0.6012531518936157,0.5592586994171143,-0.05222702771425247,0.6296943426132202,0.5603115558624268,0.04324290528893471,0.6235052347183228,0.5656259059906006,-0.0911039263010025
0550,./images/8/frame_00550.jpg,Fall,0.615534782409668,0.39836201071739197,-0.2070431411266327,0.6179890632629395,0.3923488259315491,-0.20274677872657776,0.6180950403213501,0.3914346396923065,-0.202854186296463,0.6181613206863403,0.39038383960723877,-0.20293262600898743,0.6170644164085388,0.39313989877700806,-0.2142728567123413,0.6165717840194702,0.3929029107093811,-0.2143363654613495,0.6160541772842407,0.3926297128200531,-0.21434926986694336,0.6141524910926819,0.3833306133747101,-0.1560957133769989,0.6123071908950806,0.38743770122528076,-0.2253594696521759,0.6124109029769897,0.39881476759910583,-0.1826176941394806,0.6112032532691956,0.40018129348754883,-0.2073012888431549,0.5984806418418884,0.3772942125797272,-0.08803673088550568,0.5854661464691162,0.408468633890152,-0.2133692502975464,0.6227096319198608,0.4263816773891449,-0.06675157696008682,0.6043137907981873,0.4712330400943756,-0.20623581111431122,0.6463857293128967,0.4696924388408661,-0.12044866383075714,0.631374716758728,0.5091248154640198,-0.1731492578983307,0.6525364518165588,0.47412529587745667,-0.1316789984703064,0.641148030757904,0.5239351391792297,-0.19079658389091492,0.6544994115829468,0.47429385781288147,-0.15229272842407227,0.6512616872787476,0.48944520950317383,-0.19328026473522186,0.6507719159126282,0.4782842993736267,-0.1308053433895111,0.6491325497627258,0.48657357692718506,-0.17417868971824646,0.5679038763046265,0.45790544152259827,0.044442612677812576,0.5603301525115967,0.47216543555259705,-0.0443815141916275,0.6215755343437195,0.4642140567302704,-0.007025093771517277,0.6087708473205566,0.4541782736778259,-0.13110271096229553,0.6157308220863342,0.5412695407867432,0.08308151364326477,0.6069543957710266,0.55299311876297,-0.0514800027012825,0.609856128692627,0.5533626675605774,0.09039346128702164,0.6014831066131592,0.5668275356292725,-0.04476292431354523,0.6285502314567566,0.5608567595481873,0.05608319491147995,0.6246258020401001,0.5686986446380615,-0.07856389135122299
0551,./images/8/frame_00551.jpg,Fall,0.6146858334541321,0.39808201789855957,-0.1778978556394577,0.617134690284729,0.39222225546836853,-0.17529603838920593,0.6172323822975159,0.39141541719436646,-0.17537465691566467,0.6173086762428284,0.3904520571231842,-0.17545436322689056,0.6162614226341248,0.3927372694015503,-0.19126763939857483,0.6157864332199097,0.39239218831062317,-0.1912972331047058,0.6152883768081665,0.39198213815689087,-0.19130441546440125,0.6133626699447632,0.38322657346725464,-0.13734939694404602,0.6116601824760437,0.3861476182937622,-0.2121381312608719,0.6114345192909241,0.39863383769989014,-0.1594594120979309,0.610295295715332,0.3996882438659668,-0.18192248046398163,0.5992614030838013,0.3777461051940918,-0.07695843279361725,0.5849112868309021,0.40548795461654663,-0.20885209739208221,0.6223043203353882,0.4333893656730652,-0.06434331089258194,0.6064624786376953,0.4710427224636078,-0.22155313193798065,0.6531147360801697,0.4691058397293091,-0.1203741803765297,0.6358619928359985,0.5042190551757812,-0.21856942772865295,0.6591192483901978,0.4732844829559326,-0.13161087036132812,0.6434227228164673,0.5171902775764465,-0.24110910296440125,0.6591598391532898,0.4741905927658081,-0.15142390131950378,0.6494635343551636,0.4981939494609833,-0.24068479239940643,0.657423198223114,0.47443363070487976,-0.13062021136283875,0.6470097899436951,0.494323194026947,-0.21922476589679718,0.568211019039154,0.4596821665763855,0.04403045028448105,0.560306191444397,0.47232213616371155,-0.044003259390592575,0.6223281621932983,0.4648151695728302,-0.007936924695968628,0.608372688293457,0.45407798886299133,-0.12259890884160995,0.622798502445221,0.5415250658988953,0.051100652664899826,0.6074937582015991,0.5533587336540222,-0.05288519710302353,0.6179163455963135,0.5536336898803711,0.05577007681131363,0.6019737124443054,0.5674078464508057,-0.04713241755962372,0.6370439529418945,0.5607531070709229,0.024863500148057938,0.625296950340271,0.5706977844238281,-0.07729639858007431
0552,./images/8/frame_00552.jpg,Fall,0.6136964559555054,0.3970288038253784,-0.16949768364429474,0.616100013256073,0.3911595642566681,-0.16739781200885773,0.6161943674087524,0.3904145658016205,-0.16745692491531372,0.6162976026535034,0.38950982689857483,-0.16752192378044128,0.6153424382209778,0.3915857970714569,-0.18397678434848785,0.6149247884750366,0.39121630787849426,-0.18400533497333527,0.6144943237304688,0.3907833993434906,-0.1840108335018158,0.6126031875610352,0.38245904445648193,-0.13124383985996246,0.611133337020874,0.38520291447639465,-0.20699231326580048,0.6104771494865417,0.3977331519126892,-0.1520881950855255,0.6093955636024475,0.3986665606498718,-0.1741732805967331,0.5979684591293335,0.3766709268093109,-0.06876703351736069,0.5860506296157837,0.40033891797065735,-0.2074415236711502,0.6216093301773071,0.43033477663993835,-0.06099358946084976,0.6168984770774841,0.45731380581855774,-0.228595569729805,0.6466103792190552,0.4686603248119354,-0.11854306608438492,0.6532813310623169,0.47362327575683594,-0.2180352658033371,0.6531859636306763,0.47365802526474,-0.12748387455940247,0.6590599417686462,0.48099440336227417,-0.23879611492156982,0.653761625289917,0.4747249186038971,-0.14586803317070007,0.6601577997207642,0.4752795398235321,-0.23596565425395966,0.6510613560676575,0.4758981168270111,-0.12825709581375122,0.658199667930603,0.4736008644104004,-0.21732859313488007,0.5680643916130066,0.4598219096660614,0.04431459680199623,0.5602749586105347,0.472115159034729,-0.04429484158754349,0.6223678588867188,0.46174222230911255,-0.004025005269795656,0.6086108088493347,0.45283767580986023,-0.11099238693714142,0.6214199066162109,0.5398960709571838,0.05442112684249878,0.6087611317634583,0.5516537427902222,-0.04904051870107651,0.6162765026092529,0.551968514919281,0.058574557304382324,0.6021056771278381,0.5577379465103149,-0.04179232567548752,0.636006772518158,0.556308388710022,0.029560158029198647,0.6266553997993469,0.5698362588882446,-0.07659640163183212
0553,./images/8/frame_00553.jpg,Fall,0.6136471033096313,0.3964354693889618,-0.16179408133029938,0.6158899664878845,0.3901893198490143,-0.15947601199150085,0.6159337759017944,0.38942405581474304,-0.15953601896762848,0.6159650087356567,0.38851648569107056,-0.1596062183380127,0.6151682734489441,0.3906858265399933,-0.17582425475120544,0.6147279143333435,0.3903382122516632,-0.1758495271205902,0.6142718195915222,0.3899334669113159,-0.1758507788181305,0.6118687391281128,0.38161829113960266,-0.12414117902517319,0.6107725501060486,0.38467687368392944,-0.1986682265996933,0.6103784441947937,0.397458016872406,-0.1448293924331665,0.6093631386756897,0.398393452167511,-0.16649284958839417,0.5967563390731812,0.37663793563842773,-0.06398936361074448,0.5864261984825134,0.3987288475036621,-0.2010294646024704,0.6217898726463318,0.42896461486816406,-0.05288572236895561,0.616990864276886,0.4532995820045471,-0.22492137551307678,0.648747444152832,0.46760597825050354,-0.10565371811389923,0.6559629440307617,0.46817100048065186,-0.21257524192333221,0.6571202278137207,0.4723537862300873,-0.11360875517129898,0.6623231172561646,0.47362086176872253,-0.23293742537498474,0.6575207114219666,0.47484952211380005,-0.13252738118171692,0.6625771522521973,0.4691452383995056,-0.23036237061023712,0.6538911461830139,0.4759412109851837,-0.11550041288137436,0.6601458787918091,0.46848759055137634,-0.21195700764656067,0.5676668882369995,0.45995059609413147,0.04435550421476364,0.559930145740509,0.47187426686286926,-0.044329382479190826,0.6206874251365662,0.46208372712135315,0.002678104443475604,0.6077273488044739,0.45195525884628296,-0.11048199236392975,0.6191918253898621,0.5410642027854919,0.05953194946050644,0.6102696657180786,0.5500430464744568,-0.05193619802594185,0.6140995621681213,0.5535966157913208,0.0638343095779419,0.604749858379364,0.5600494742393494,-0.04673662409186363,0.6336244940757751,0.5572351813316345,0.03478216007351875,0.6263456344604492,0.5610119104385376,-0.07694689184427261
0554,./images/8/frame_00554.jpg,Fall,0.6134454607963562,0.3960193991661072,-0.1692153960466385,0.6155773401260376,0.38969263434410095,-0.16687020659446716,0.6156176924705505,0.38880881667137146,-0.16693317890167236,0.6156249642372131,0.3878075182437897,-0.16700538992881775,0.6148324608802795,0.39055535197257996,-0.1833137720823288,0.6143938302993774,0.39033398032188416,-0.18334415555000305,0.6139359474182129,0.390062153339386,-0.18334847688674927,0.6113473176956177,0.38123032450675964,-0.12975341081619263,0.6103662848472595,0.38509753346443176,-0.20462551712989807,0.610160231590271,0.3968537747859955,-0.15131376683712006,0.6091921925544739,0.3982175588607788,-0.1730954349040985,0.5955922603607178,0.3762891888618469,-0.070419080555439,0.5861184000968933,0.40271738171577454,-0.20227642357349396,0.6251906156539917,0.4279704689979553,-0.06146044656634331,0.6178673505783081,0.4545833170413971,-0.22387203574180603,0.6539052128791809,0.4680212736129761,-0.11801870167255402,0.6557914018630981,0.47131064534187317,-0.2057441920042038,0.6627668738365173,0.4729856848716736,-0.126138836145401,0.6616204977035522,0.4784087836742401,-0.2262178361415863,0.6630492210388184,0.47709566354751587,-0.14654426276683807,0.6624444723129272,0.4731009900569916,-0.22093626856803894,0.6589648723602295,0.47817450761795044,-0.12845736742019653,0.6602110862731934,0.4713309407234192,-0.20410509407520294,0.567596435546875,0.4597756564617157,0.04467771202325821,0.5597302317619324,0.47276878356933594,-0.0446663461625576,0.6212201714515686,0.4632411003112793,0.027163635939359665,0.6075602769851685,0.45427757501602173,-0.10660175234079361,0.6156280040740967,0.5420346856117249,0.1046036034822464,0.6091850399971008,0.5496583580970764,-0.011396922171115875,0.6095146536827087,0.5539553165435791,0.11144071817398071,0.6029946804046631,0.5542293787002563,-0.0023491487372666597,0.6264951825141907,0.5573119521141052,0.08757717162370682,0.6235965490341187,0.5621861815452576,-0.02409450151026249
0555,./images/8/frame_00555.jpg,Fall,0.612771213054657,0.3943420350551605,-0.160665363073349,0.6147404909133911,0.38831570744514465,-0.15747739374637604,0.6147702932357788,0.3875735402107239,-0.15754449367523193,0.6147699356079102,0.38673660159111023,-0.1576167494058609,0.6140283346176147,0.3887936770915985,-0.1738770753145218,0.6135870814323425,0.3884272575378418,-0.17390242218971252,0.6131244897842407,0.3879975974559784,-0.17390963435173035,0.6106324195861816,0.380343496799469,-0.11929704993963242,0.6093595027923584,0.38241979479789734,-0.19387416541576385,0.6096118092536926,0.39556360244750977,-0.1427745521068573,0.6086747050285339,0.39637693762779236,-0.1644323766231537,0.5963276028633118,0.3774212598800659,-0.05989397317171097,0.5862025022506714,0.39813435077667236,-0.19617322087287903,0.6235122680664062,0.42839694023132324,-0.048029087483882904,0.6172383427619934,0.4528377950191498,-0.22324928641319275,0.6478374004364014,0.46932268142700195,-0.09891881048679352,0.6548156142234802,0.4685545265674591,-0.21447744965553284,0.6554494500160217,0.4754200875759125,-0.1055726557970047,0.660994291305542,0.47541818022727966,-0.23517253994941711,0.6561272144317627,0.4795513451099396,-0.12419471889734268,0.6606971025466919,0.4700799584388733,-0.23153483867645264,0.6524692177772522,0.4796510338783264,-0.1083759292960167,0.6583155989646912,0.46826866269111633,-0.21355000138282776,0.5678273439407349,0.45975565910339355,0.04479105770587921,0.5596859455108643,0.47233954071998596,-0.04478056728839874,0.6207486391067505,0.46389061212539673,0.019451072439551353,0.6065331697463989,0.4511953592300415,-0.10937593877315521,0.6139043569564819,0.5426442623138428,0.09077319502830505,0.6065648198127747,0.5445723533630371,-0.040904220193624496,0.6076303720474243,0.5544419884681702,0.0957336500287056,0.6011431813240051,0.5534092783927917,-0.034665707498788834,0.6244985461235046,0.5570526123046875,0.07831592112779617,0.6223949193954468,0.5629537105560303,-0.05955717712640762
0556,./images/8/frame_00556.jpg,Fall,0.6109937429428101,0.3932951092720032,-0.137746199965477,0.6131592392921448,0.3871295154094696,-0.13431981205940247,0.6132022738456726,0.3864763379096985,-0.13437525928020477,0.6132452487945557,0.3857473134994507,-0.13443376123905182,0.6124850511550903,0.38718685507774353,-0.1511267125606537,0.612053632736206,0.3865627348423004,-0.1511598527431488,0.611642599105835,0.38581499457359314,-0.15115781128406525,0.6095831394195557,0.3793295621871948,-0.09613588452339172,0.6078567504882812,0.37888193130493164,-0.1730532944202423,0.6078976988792419,0.39473775029182434,-0.12035797536373138,0.6070657968521118,0.3949604332447052,-0.1426883190870285,0.5981718897819519,0.3825635612010956,-0.04072018340229988,0.5819869041442871,0.38509470224380493,-0.1746073067188263,0.6176959276199341,0.4365995526313782,-0.0227024145424366,0.5961058735847473,0.42941415309906006,-0.2037259042263031,0.637332558631897,0.47580480575561523,-0.0706687867641449,0.6160893440246582,0.44786664843559265,-0.19419287145137787,0.6424160599708557,0.485342413187027,-0.07592365145683289,0.6202096939086914,0.45563217997550964,-0.20884132385253906,0.6424921751022339,0.486211895942688,-0.09250526875257492,0.6214321255683899,0.45032504200935364,-0.2078429013490677,0.6394757032394409,0.4841925799846649,-0.0792950838804245,0.6197534203529358,0.44830411672592163,-0.1936529129743576,0.5679590106010437,0.4616859555244446,0.043986666947603226,0.5587327480316162,0.4717729687690735,-0.04397289454936981,0.620642900466919,0.46412619948387146,0.007073376327753067,0.6056275963783264,0.4487161934375763,-0.10890041291713715,0.6157853603363037,0.5444104671478271,0.029843106865882874,0.6066405177116394,0.5473629832267761,-0.05140417814254761,0.609474778175354,0.557097852230072,0.030818894505500793,0.6011742353439331,0.5541201829910278,-0.04666922986507416,0.6269685626029968,0.5571082830429077,0.00074058270547539,0.622261643409729,0.5635465383529663,-0.07017583400011063
0557,./images/8/frame_00557.jpg,Fall,0.6107650995254517,0.39285415410995483,-0.1382800191640854,0.6128829121589661,0.3867756426334381,-0.13312646746635437,0.6128965616226196,0.3861255943775177,-0.13317424058914185,0.6128820180892944,0.3853766918182373,-0.1332092136144638,0.6122602224349976,0.3867480754852295,-0.1504652053117752,0.6118447184562683,0.3860909640789032,-0.15052105486392975,0.6114102005958557,0.38530462980270386,-0.15053753554821014,0.609237551689148,0.3785932660102844,-0.08813077956438065,0.6075530052185059,0.37789785861968994,-0.1672096699476242,0.6076292991638184,0.39428097009658813,-0.11857172101736069,0.6068599224090576,0.3941916525363922,-0.14155656099319458,0.5981510281562805,0.38357073068618774,-0.022087784484028816,0.5829111337661743,0.38437598943710327,-0.16741330921649933,0.6075025796890259,0.4350084662437439,-0.005728192161768675,0.590964674949646,0.4318835437297821,-0.15375995635986328,0.6135079264640808,0.4696753919124603,-0.06780920922756195,0.600898027420044,0.45504409074783325,-0.09400675445795059,0.6151407957077026,0.4848250448703766,-0.07703690975904465,0.6017829179763794,0.46444541215896606,-0.1018463745713234,0.6141505241394043,0.47990816831588745,-0.09156729280948639,0.6036818027496338,0.4607510566711426,-0.10680778324604034,0.612747073173523,0.4751337766647339,-0.07629358768463135,0.6030634641647339,0.4577162563800812,-0.0938715860247612,0.5680450797080994,0.4637998044490814,0.04402248561382294,0.5584306716918945,0.47026944160461426,-0.04400511085987091,0.6180479526519775,0.4632767140865326,-0.0024089000653475523,0.6032056212425232,0.44498181343078613,-0.12433303892612457,0.620169997215271,0.5449461936950684,0.007539927959442139,0.6067326664924622,0.5477343201637268,-0.08159951865673065,0.6146403551101685,0.5601648688316345,0.006477556191384792,0.6013549566268921,0.5538680553436279,-0.0786798894405365,0.6392348408699036,0.5574565529823303,-0.03162048012018204,0.6222656965255737,0.5633090734481812,-0.1148543730378151
0558,./images/8/frame_00558.jpg,Fall,0.6111639738082886,0.39085179567337036,-0.1878601461648941,0.6132875084877014,0.38481172919273376,-0.1811436265707016,0.6132957339286804,0.3841298818588257,-0.1811845451593399,0.6132631301879883,0.38334283232688904,-0.18122360110282898,0.6126553416252136,0.3849080801010132,-0.1994607150554657,0.612234354019165,0.3843393921852112,-0.19953103363513947,0.6117910742759705,0.38369059562683105,-0.19956932961940765,0.6094634532928467,0.37668758630752563,-0.13087043166160583,0.6079258918762207,0.37690916657447815,-0.2154427021741867,0.6079539656639099,0.392278254032135,-0.16655108332633972,0.6071652173995972,0.39241406321525574,-0.19102329015731812,0.5957673788070679,0.3805776834487915,-0.04314050078392029,0.5831767320632935,0.38741886615753174,-0.2074509859085083,0.5917637944221497,0.43471217155456543,0.0025688488967716694,0.5818678140640259,0.44827398657798767,-0.18486636877059937,0.5873650908470154,0.4684590995311737,0.0036671850830316544,0.5887712836265564,0.4857158362865448,-0.14494110643863678,0.5855541825294495,0.4842844605445862,0.003798785386607051,0.5884559750556946,0.49889475107192993,-0.15726512670516968,0.5850429534912109,0.47939759492874146,-0.01317430566996336,0.5917501449584961,0.4970390200614929,-0.1614704579114914,0.5853909850120544,0.47471320629119873,-0.003493687603622675,0.5918475985527039,0.49118831753730774,-0.14511729776859283,0.5688904523849487,0.46135327219963074,0.04411659389734268,0.5584987998008728,0.4700503945350647,-0.04412682726979256,0.6187447309494019,0.45066913962364197,-0.013699290342628956,0.603347659111023,0.4462621808052063,-0.13891761004924774,0.6338954567909241,0.5319147109985352,0.008420363068580627,0.6090450286865234,0.5479570627212524,-0.10098131000995636,0.6309697031974792,0.5495466589927673,0.008262704126536846,0.6034444570541382,0.554263710975647,-0.09879569709300995,0.6544548273086548,0.5386976003646851,-0.03271854668855667,0.6255007982254028,0.5640560388565063,-0.1428457796573639
0559,./images/8/frame_00559.jpg,Fall,0.6104139089584351,0.3897777199745178,-0.184308722615242,0.6125842928886414,0.3837946057319641,-0.1780584752559662,0.6125404834747314,0.38313502073287964,-0.17810337245464325,0.6124493479728699,0.38234540820121765,-0.17814603447914124,0.6121020317077637,0.383840948343277,-0.19566823542118073,0.6117421388626099,0.3832618296146393,-0.19572877883911133,0.6113232970237732,0.3826000690460205,-0.19576162099838257,0.6085547208786011,0.3754276633262634,-0.12911956012248993,0.607282280921936,0.37548428773880005,-0.20993287861347198,0.6070590615272522,0.39118537306785583,-0.16307704150676727,0.6064108610153198,0.39125359058380127,-0.1864544153213501,0.5938845276832581,0.37976884841918945,-0.04953410476446152,0.5835171937942505,0.38876765966415405,-0.2056998908519745,0.5923154950141907,0.4344722628593445,-0.0016078483313322067,0.5849162340164185,0.4529380798339844,-0.19451318681240082,0.5903267860412598,0.4704946279525757,-0.01632620207965374,0.5931059122085571,0.49622464179992676,-0.15825611352920532,0.5892828702926636,0.4859725534915924,-0.01949355937540531,0.5932372212409973,0.5104196071624756,-0.17267435789108276,0.5890102982521057,0.4826394319534302,-0.036696840077638626,0.5967615246772766,0.5086129307746887,-0.1762804090976715,0.5888872146606445,0.4770806133747101,-0.02429882064461708,0.5964717268943787,0.5029593706130981,-0.1585991084575653,0.5688474178314209,0.46267378330230713,0.04423064738512039,0.558517336845398,0.47013023495674133,-0.04423096776008606,0.6185789108276367,0.45451775193214417,-0.012436910532414913,0.6033887267112732,0.445998877286911,-0.1370539665222168,0.6279915571212769,0.5341561436653137,0.011024086736142635,0.6093061566352844,0.550189733505249,-0.08607875555753708,0.6235616207122803,0.5512961745262146,0.011108244769275188,0.6037870645523071,0.5545981526374817,-0.08217718452215195,0.6465646028518677,0.5448625683784485,-0.027823790907859802,0.6274129152297974,0.5684329271316528,-0.1197725385427475
0560,./images/8/frame_00560.jpg,Fall,0.6090778708457947,0.38972535729408264,-0.17814205586910248,0.6112487316131592,0.3835546672344208,-0.16869081556797028,0.611308217048645,0.3829423189163208,-0.16875503957271576,0.611327052116394,0.3822154998779297,-0.16882631182670593,0.6105014085769653,0.38319578766822815,-0.18486884236335754,0.6100384593009949,0.382344514131546,-0.18489554524421692,0.6094647645950317,0.38132327795028687,-0.1849205195903778,0.6079926490783691,0.37531161308288574,-0.11603754758834839,0.6051560640335083,0.37330490350723267,-0.19052226841449738,0.6059526801109314,0.39100345969200134,-0.15341557562351227,0.6049063801765442,0.3906131684780121,-0.17462638020515442,0.5978430509567261,0.3799337148666382,-0.04824623465538025,0.5778131484985352,0.3864704668521881,-0.18340294063091278,0.5927700400352478,0.4353339374065399,-0.015740538015961647,0.5780797600746155,0.4479665458202362,-0.19318273663520813,0.6078383922576904,0.47285449504852295,-0.0498160682618618,0.5946654677391052,0.4947353005409241,-0.1850496530532837,0.6108730435371399,0.4861120879650116,-0.055440664291381836,0.5967388153076172,0.510295569896698,-0.20308342576026917,0.6090694665908813,0.48381301760673523,-0.07284121960401535,0.6009750962257385,0.5060099959373474,-0.20676417648792267,0.607795000076294,0.4794014096260071,-0.05835900828242302,0.6003236770629883,0.5000947117805481,-0.18654081225395203,0.5717515349388123,0.4625598192214966,0.04127512127161026,0.5585638284683228,0.469982773065567,-0.04125309735536575,0.6187363862991333,0.45630648732185364,-0.010202663019299507,0.6023183465003967,0.4465785026550293,-0.11960449069738388,0.6268028616905212,0.5360546112060547,0.016491759568452835,0.6083326935768127,0.544086754322052,-0.07820069044828415,0.6219862103462219,0.5518593788146973,0.017442207783460617,0.6032286286354065,0.5547579526901245,-0.07712362706661224,0.6425430178642273,0.5496376156806946,-0.016605887562036514,0.6269962191581726,0.5717710852622986,-0.1018134132027626
0561,./images/8/frame_00561.jpg,Fall,0.6086452603340149,0.38795945048332214,-0.1729855239391327,0.6107612252235413,0.3817481994628906,-0.16504323482513428,0.6107577681541443,0.3812463879585266,-0.16510805487632751,0.610701322555542,0.3806647062301636,-0.16518263518810272,0.6101053953170776,0.3814137279987335,-0.1809426248073578,0.6096631288528442,0.38069576025009155,-0.1809568703174591,0.6091235876083374,0.3798801302909851,-0.18095913529396057,0.6071745753288269,0.37467655539512634,-0.11620321124792099,0.6048468351364136,0.37285560369491577,-0.19009636342525482,0.6053515076637268,0.38960957527160645,-0.15030094981193542,0.6044228672981262,0.3892190158367157,-0.17115114629268646,0.5985194444656372,0.3798946440219879,-0.050029270350933075,0.5778983235359192,0.3862124979496002,-0.18225312232971191,0.6107898354530334,0.4344780743122101,-0.03457280993461609,0.5844632387161255,0.4404204785823822,-0.19461357593536377,0.6297992467880249,0.4702247083187103,-0.0862305611371994,0.6107381582260132,0.4718828499317169,-0.186451718211174,0.634617269039154,0.4801652133464813,-0.09606777131557465,0.6180492639541626,0.48340147733688354,-0.2043931484222412,0.6350926160812378,0.47862786054611206,-0.11313791573047638,0.6198723912239075,0.47588080167770386,-0.20684444904327393,0.6324838399887085,0.47624003887176514,-0.09511999040842056,0.6172062158584595,0.4716152250766754,-0.18753133714199066,0.5737891793251038,0.461070716381073,0.041029565036296844,0.5590102672576904,0.4657963514328003,-0.041015032678842545,0.6205489635467529,0.4563720226287842,-0.01823873445391655,0.6036953926086426,0.4464939832687378,-0.11832108348608017,0.6250408291816711,0.5366232991218567,0.013189105316996574,0.6064275503158569,0.5408798456192017,-0.06900104880332947,0.619900643825531,0.5521957874298096,0.014874996617436409,0.6009458303451538,0.5531877875328064,-0.06613890081644058,0.6408190131187439,0.5547019243240356,-0.018830692395567894,0.6220954656600952,0.5692149996757507,-0.08627264201641083
0562,./images/8/frame_00562.jpg,Fall,0.608776867389679,0.38713476061820984,-0.14839360117912292,0.6107631325721741,0.3808281719684601,-0.14285323023796082,0.6107204556465149,0.380280077457428,-0.14291909337043762,0.6106218099594116,0.3796294331550598,-0.14297613501548767,0.6101441979408264,0.3806377947330475,-0.15942269563674927,0.6096826791763306,0.3800002336502075,-0.159449964761734,0.6091277599334717,0.37925657629966736,-0.15945670008659363,0.6066871285438538,0.3737327456474304,-0.0989711657166481,0.6045060753822327,0.3724597990512848,-0.17423571646213531,0.6053378582000732,0.3891196846961975,-0.129021555185318,0.6044398546218872,0.38890644907951355,-0.1507873833179474,0.5984560251235962,0.3785470724105835,-0.03960424289107323,0.5771797895431519,0.38710835576057434,-0.1712534874677658,0.6097564101219177,0.43375253677368164,-0.024647746235132217,0.5857152342796326,0.4424702227115631,-0.178650364279747,0.6195813417434692,0.46918952465057373,-0.08165834844112396,0.6046407222747803,0.471660315990448,-0.1636546403169632,0.6219919919967651,0.4794003367424011,-0.0909837931394577,0.6084092855453491,0.4825423061847687,-0.18034489452838898,0.6223410367965698,0.4770965874195099,-0.10740716755390167,0.6104520559310913,0.47534507513046265,-0.1839589625597,0.620496392250061,0.47463226318359375,-0.0903603583574295,0.6091340780258179,0.47124895453453064,-0.1648692637681961,0.5732797980308533,0.460220068693161,0.04137379676103592,0.5590298771858215,0.4662531018257141,-0.04133843258023262,0.6205641627311707,0.45623400807380676,-0.012523302808403969,0.6026398539543152,0.4466211199760437,-0.11216390132904053,0.6190985441207886,0.5371761918067932,0.020420055836439133,0.6049800515174866,0.5416035652160645,-0.05928097292780876,0.6124307513237,0.5524436235427856,0.02208714559674263,0.6003848314285278,0.5534740090370178,-0.0549461655318737,0.6305943727493286,0.5539930462837219,-0.01005521323531866,0.6217488646507263,0.567809522151947,-0.07878072559833527
0563,./images/8/frame_00563.jpg,Fall,0.6088815927505493,0.38605648279190063,-0.22014546394348145,0.6105735898017883,0.3793068826198578,-0.2127409428358078,0.6104413270950317,0.37870508432388306,-0.2127925455570221,0.6102482676506042,0.378029465675354,-0.212853342294693,0.6100631356239319,0.3795156180858612,-0.22891828417778015,0.6096011400222778,0.37911859154701233,-0.22895999252796173,0.6090410947799683,0.3786601126194,-0.2290017306804657,0.6058722734451294,0.3730739951133728,-0.1576644778251648,0.6040948629379272,0.3731944262981415,-0.23158331215381622,0.6052161455154419,0.38851192593574524,-0.19666776061058044,0.6043781042098999,0.3887587785720825,-0.21822431683540344,0.5951400399208069,0.37687230110168457,-0.07684693485498428,0.577741801738739,0.39913561940193176,-0.22134268283843994,0.6003371477127075,0.43374061584472656,-0.025696616619825363,0.5878199338912964,0.46623122692108154,-0.2366042137145996,0.6062731146812439,0.47110435366630554,-0.04533500596880913,0.6058658361434937,0.5171236991882324,-0.24157416820526123,0.6070937514305115,0.4809071123600006,-0.04780463129281998,0.6087526679039001,0.5325666666030884,-0.2657136023044586,0.6085731983184814,0.4802287518978119,-0.06766863912343979,0.615623414516449,0.5267934799194336,-0.26777344942092896,0.6076194047927856,0.4779602587223053,-0.053627848625183105,0.6141488552093506,0.5210658311843872,-0.24301192164421082,0.5729323625564575,0.4574543535709381,0.04271245002746582,0.5596693754196167,0.46675407886505127,-0.04270843416452408,0.6201472282409668,0.44943490624427795,-0.0031650676392018795,0.6024988889694214,0.44982409477233887,-0.13417038321495056,0.6192796230316162,0.5351606011390686,0.07080890238285065,0.6042153239250183,0.5410909056663513,-0.058682531118392944,0.6125357151031494,0.5503263473510742,0.07658280432224274,0.5987393856048584,0.5536089539527893,-0.05246541649103165,0.6342810392379761,0.5521457195281982,0.044501882046461105,0.620644748210907,0.5647119879722595,-0.08257469534873962
0564,./images/8/frame_00564.jpg,Fall,0.608810544013977,0.385130912065506,-0.21039310097694397,0.6103219985961914,0.3784264326095581,-0.2037513703107834,0.610162615776062,0.377804696559906,-0.2038114368915558,0.6099320650100708,0.37708184123039246,-0.20387248694896698,0.6098361611366272,0.37868237495422363,-0.22094373404979706,0.6093713641166687,0.37834057211875916,-0.2210027277469635,0.6088162660598755,0.37792062759399414,-0.22104091942310333,0.6051873564720154,0.37197041511535645,-0.15239563584327698,0.6036363244056702,0.3728999197483063,-0.23083455860614777,0.6050578951835632,0.3880489468574524,-0.1881522387266159,0.6042530536651611,0.38839805126190186,-0.2109910547733307,0.5919817686080933,0.37458479404449463,-0.0729542002081871,0.5786076784133911,0.40471547842025757,-0.2200782746076584,0.5954957604408264,0.43208596110343933,-0.010724273510277271,0.588577151298523,0.4726506173610687,-0.21901682019233704,0.597611665725708,0.4665786623954773,-0.013003244996070862,0.6061562299728394,0.5074830055236816,-0.24022546410560608,0.5971962213516235,0.476685106754303,-0.014993551187217236,0.6088659167289734,0.5207244157791138,-0.26397353410720825,0.5975021123886108,0.4746602773666382,-0.03351683169603348,0.6131414175033569,0.5139636397361755,-0.23429003357887268,0.597239077091217,0.47242027521133423,-0.020584719255566597,0.6120795011520386,0.5087053775787354,-0.2293628454208374,0.5724970102310181,0.45650947093963623,0.04293801635503769,0.5594149231910706,0.4681151211261749,-0.04286753013730049,0.6180528402328491,0.4432922303676605,-0.010120181366801262,0.6005257368087769,0.45016729831695557,-0.14499633014202118,0.6261968612670898,0.527065634727478,0.05232282727956772,0.6045910716056824,0.5413053631782532,-0.08182205259799957,0.6224378347396851,0.5443516373634338,0.05549640581011772,0.6009358167648315,0.5536982417106628,-0.07703106850385666,0.6468283534049988,0.5374860763549805,0.027968624606728554,0.6209958791732788,0.5644116997718811,-0.11944206058979034
0565,./images/8/frame_00565.jpg,Fall,0.6073386073112488,0.3832760155200958,-0.19710473716259003,0.6090407371520996,0.3767637014389038,-0.19456912577152252,0.608971357345581,0.3763318657875061,-0.1946490854024887,0.6088243722915649,0.37584513425827026,-0.19472554326057434,0.6082934141159058,0.3765433728694916,-0.21214468777179718,0.6077176332473755,0.37597566843032837,-0.21211311221122742,0.6070171594619751,0.3753274381160736,-0.21222849190235138,0.6040799617767334,0.3710937201976776,-0.13240143656730652,0.6012015342712402,0.36978262662887573,-0.20872147381305695,0.6038488149642944,0.38656604290008545,-0.18732988834381104,0.6027334928512573,0.38623541593551636,-0.20943979918956757,0.5930912494659424,0.3749023973941803,-0.053215526044368744,0.5764114856719971,0.39692437648773193,-0.1910427361726761,0.5993083715438843,0.42898088693618774,-0.013093777000904083,0.5860342383384705,0.45003578066825867,-0.16007255017757416,0.6068633794784546,0.44856029748916626,-0.03500242158770561,0.6032050848007202,0.4547460377216339,-0.09272827208042145,0.6080428957939148,0.45782142877578735,-0.05184861272573471,0.6062567830085754,0.4624864459037781,-0.09996489435434341,0.6074474453926086,0.4519554674625397,-0.04770689085125923,0.6081480979919434,0.45505020022392273,-0.10649063438177109,0.6063835024833679,0.44944003224372864,-0.031537722796201706,0.6068569421768188,0.45145153999328613,-0.09280353039503098,0.5726167559623718,0.4566962420940399,0.04225877672433853,0.5587732791900635,0.4681466817855835,-0.04209613800048828,0.6183814406394958,0.4463302493095398,-0.010778778232634068,0.5985690355300903,0.4495641887187958,-0.1428423821926117,0.6265550851821899,0.5272351503372192,0.022680997848510742,0.6046513319015503,0.5409446954727173,-0.09673291444778442,0.6221494078636169,0.5433161854743958,0.023875074461102486,0.602411150932312,0.5622105002403259,-0.0933535024523735,0.645919680595398,0.538908839225769,-0.012631691992282867,0.6211531162261963,0.5641757249832153,-0.13374701142311096
0566,./images/8/frame_00566.jpg,Fall,0.6076621413230896,0.3821091651916504,-0.19061890244483948,0.6093137264251709,0.3748589754104614,-0.18544119596481323,0.6091855764389038,0.3743259906768799,-0.18550686538219452,0.6089696884155273,0.3736649453639984,-0.185573548078537,0.6086571216583252,0.3750283122062683,-0.20290490984916687,0.6081097722053528,0.3746916353702545,-0.20292818546295166,0.607447624206543,0.3742978870868683,-0.20297744870185852,0.6037619113922119,0.36988168954849243,-0.13396595418453217,0.6015912294387817,0.37022992968559265,-0.21603699028491974,0.6042020916938782,0.3863374590873718,-0.17274831235408783,0.6031017899513245,0.38631999492645264,-0.19564178586006165,0.5931416749954224,0.3763151466846466,-0.06442463397979736,0.5760484933853149,0.40488946437835693,-0.20886293053627014,0.6037338376045227,0.4307236075401306,-0.02672860398888588,0.5874327421188354,0.46884074807167053,-0.21394026279449463,0.6243897676467896,0.4641338288784027,-0.05147197097539902,0.6111125349998474,0.5080966949462891,-0.20651884377002716,0.628997802734375,0.4697040915489197,-0.06128263473510742,0.6164731383323669,0.5219326615333557,-0.22838452458381653,0.6307176351547241,0.4704355001449585,-0.07702742516994476,0.6201842427253723,0.5132277011871338,-0.23074588179588318,0.6280900239944458,0.4708879590034485,-0.058356206864118576,0.6184885501861572,0.5078029632568359,-0.20775218307971954,0.5726372003555298,0.4570576548576355,0.042219556868076324,0.5589027404785156,0.4721587002277374,-0.04209362715482712,0.618283748626709,0.4437653720378876,0.002584096509963274,0.5992902517318726,0.45605531334877014,-0.13920758664608002,0.6284441947937012,0.5233412384986877,0.06214291974902153,0.604811429977417,0.5413196086883545,-0.07640673220157623,0.6251853108406067,0.5397970080375671,0.0665317252278328,0.6022021770477295,0.5597981810569763,-0.07006420195102692,0.6488906741142273,0.5322816371917725,0.0356958843767643,0.6212921738624573,0.563284695148468,-0.11458885669708252
0567,./images/8/frame_00567.jpg,Fall,0.6068340539932251,0.3801480531692505,-0.1844572126865387,0.6084242463111877,0.3730454444885254,-0.1780904084444046,0.6083956360816956,0.372615784406662,-0.1781577169895172,0.6082806587219238,0.3721133768558502,-0.17823351919651031,0.6074820160865784,0.37289366126060486,-0.19520260393619537,0.6068161725997925,0.37239253520965576,-0.19523349404335022,0.606003999710083,0.3718092143535614,-0.1952459216117859,0.6032615900039673,0.36834368109703064,-0.12775367498397827,0.5999715924263,0.36752668023109436,-0.2058030664920807,0.6034753322601318,0.3846553862094879,-0.16467782855033875,0.6020549535751343,0.38421377539634705,-0.18692456185817719,0.5935100317001343,0.37687233090400696,-0.06367632001638412,0.5740617513656616,0.40008100867271423,-0.19462448358535767,0.6056147813796997,0.429487943649292,-0.035845328122377396,0.584807276725769,0.4598495066165924,-0.1889459788799286,0.6234411001205444,0.4597763419151306,-0.08602382242679596,0.6092092990875244,0.48795607686042786,-0.16023188829421997,0.6274875402450562,0.46721306443214417,-0.09651749581098557,0.6144780516624451,0.5005381107330322,-0.17511208355426788,0.6281410455703735,0.4651053547859192,-0.11292221397161484,0.6180731058120728,0.4913282096385956,-0.17928877472877502,0.6256631016731262,0.46449723839759827,-0.0946902185678482,0.6162728071212769,0.48632434010505676,-0.1610206812620163,0.5734165906906128,0.45713627338409424,0.03900560364127159,0.5585455894470215,0.4719587564468384,-0.03888658434152603,0.6183024644851685,0.4462146759033203,-0.006970523856580257,0.5985506772994995,0.4533303678035736,-0.12754850089550018,0.6321737766265869,0.5243400931358337,0.01884697936475277,0.6048467755317688,0.5405173897743225,-0.07433618605136871,0.6287328004837036,0.5405861139297485,0.01969766430556774,0.6021868586540222,0.5559788942337036,-0.06920342892408371,0.6533445119857788,0.5336008667945862,-0.014007712714374065,0.621379017829895,0.5625006556510925,-0.10779056698083878
0568,./images/8/frame_00568.jpg,Fall,0.6061681509017944,0.3795190155506134,-0.18308879435062408,0.607591450214386,0.3719022572040558,-0.1755252182483673,0.6074986457824707,0.37138688564300537,-0.17558050155639648,0.6073359251022339,0.370763897895813,-0.1756422370672226,0.6068757772445679,0.3719389736652374,-0.19224700331687927,0.6063074469566345,0.3715216815471649,-0.19228944182395935,0.6056261658668518,0.3710513710975647,-0.19231395423412323,0.6020890474319458,0.366690993309021,-0.12534719705581665,0.5996519327163696,0.3671432137489319,-0.20189599692821503,0.6028577089309692,0.3841916024684906,-0.16297045350074768,0.6016797423362732,0.3839128613471985,-0.18492814898490906,0.5892218351364136,0.3777858316898346,-0.055771030485630035,0.575593113899231,0.4010260999202728,-0.19524529576301575,0.595467209815979,0.43165838718414307,-0.014650747179985046,0.5853539109230042,0.46154195070266724,-0.20283332467079163,0.604337751865387,0.46622970700263977,-0.04049103707075119,0.607820987701416,0.49441587924957275,-0.18695485591888428,0.6062239408493042,0.4755795896053314,-0.045528046786785126,0.6114286780357361,0.5067085027694702,-0.20550990104675293,0.6070712208747864,0.4741157591342926,-0.06370105594396591,0.6147803068161011,0.5007461309432983,-0.2089141309261322,0.605774998664856,0.472433865070343,-0.049055565148591995,0.6133231520652771,0.4963374733924866,-0.18821051716804504,0.5718511343002319,0.4590704143047333,0.04152633622288704,0.5600287914276123,0.472957581281662,-0.041445452719926834,0.61649489402771,0.45051145553588867,0.0033833649940788746,0.5990070700645447,0.4533919095993042,-0.1287268102169037,0.6296666264533997,0.5258833765983582,0.05043865367770195,0.6050243377685547,0.5406621098518372,-0.07039125263690948,0.6267421841621399,0.541676938533783,0.05358008295297623,0.6021915078163147,0.5556201338768005,-0.06480541080236435,0.650457501411438,0.5357561111450195,0.02494681067764759,0.6219518184661865,0.5609758496284485,-0.09841139614582062
0569,./images/8/frame_00569.jpg,Fall,0.6051603555679321,0.3792046904563904,-0.17703041434288025,0.6063421368598938,0.37150251865386963,-0.17004145681858063,0.6061784029006958,0.3709801435470581,-0.17008712887763977,0.6059457659721375,0.37042325735092163,-0.17013463377952576,0.6058529615402222,0.371725857257843,-0.1859823763370514,0.6053726077079773,0.371398001909256,-0.18603822588920593,0.604798436164856,0.3710753619670868,-0.18606236577033997,0.6004512310028076,0.3666181266307831,-0.12299992144107819,0.5987017154693604,0.36755824089050293,-0.19628450274467468,0.601784884929657,0.3838821053504944,-0.15752176940441132,0.600921630859375,0.3838554322719574,-0.17863556742668152,0.5854604244232178,0.37778764963150024,-0.051945723593235016,0.5777503848075867,0.4041696786880493,-0.1942577064037323,0.5890960097312927,0.43155208230018616,-0.00636547664180398,0.5862718224525452,0.46289414167404175,-0.19403690099716187,0.5969646573066711,0.46791771054267883,-0.024133583530783653,0.6071881055831909,0.4933062195777893,-0.16517303884029388,0.5984646081924438,0.4776757061481476,-0.028089433908462524,0.6107200980186462,0.5051348805427551,-0.18160118162631989,0.5990381836891174,0.4766530394554138,-0.045995552092790604,0.6135777235031128,0.499502569437027,-0.18560805916786194,0.5978860259056091,0.47477298974990845,-0.032269321382045746,0.6119042634963989,0.4955153167247772,-0.16632607579231262,0.5692882537841797,0.46041440963745117,0.04314634948968887,0.5603107810020447,0.47595834732055664,-0.04305434972047806,0.6143772006034851,0.4498838186264038,0.024159587919712067,0.601742148399353,0.4568086862564087,-0.12278565019369125,0.6251770257949829,0.5263113379478455,0.07510270178318024,0.6051774621009827,0.5408791303634644,-0.057463210076093674,0.6217795610427856,0.5421508550643921,0.07862569391727448,0.6023582220077515,0.5554072260856628,-0.051577407866716385,0.6483282446861267,0.5350914597511292,0.05287251994013786,0.6242157220840454,0.5609911680221558,-0.08039630949497223
0570,./images/8/frame_00570.jpg,Fall,0.6045188903808594,0.3785955607891083,-0.17629948258399963,0.605631947517395,0.37059009075164795,-0.16849222779273987,0.6054723262786865,0.37003999948501587,-0.1685323268175125,0.6052410006523132,0.3694266974925995,-0.16858042776584625,0.6050561666488647,0.3707781434059143,-0.18497417867183685,0.6045275926589966,0.3703821301460266,-0.18502803146839142,0.6039003729820251,0.3699883818626404,-0.18505865335464478,0.5993750095367432,0.3654199242591858,-0.1190657764673233,0.5976034998893738,0.36640244722366333,-0.194438174366951,0.6010153889656067,0.3836815655231476,-0.15591493248939514,0.6000428199768066,0.38354572653770447,-0.17768964171409607,0.585626482963562,0.37780216336250305,-0.047247160226106644,0.5774110555648804,0.4032210111618042,-0.1944146603345871,0.5870245099067688,0.4320351481437683,0.003574920119717717,0.5848513841629028,0.46302613615989685,-0.20227353274822235,0.5922050476074219,0.4690113365650177,-0.008731522597372532,0.6050609946250916,0.49418145418167114,-0.19003243744373322,0.5929685831069946,0.4788931608200073,-0.010146936401724815,0.6089323163032532,0.505811333656311,-0.20873279869556427,0.5938888788223267,0.4776890277862549,-0.028003007173538208,0.6121507883071899,0.4991839528083801,-0.21064963936805725,0.5930931568145752,0.4755080044269562,-0.016473375260829926,0.6104705333709717,0.4950847327709198,-0.19075292348861694,0.569301426410675,0.4605475664138794,0.04464681074023247,0.5603315234184265,0.4756293296813965,-0.04458097368478775,0.6150518655776978,0.456441193819046,0.01422166358679533,0.6046980619430542,0.46053174138069153,-0.11773029714822769,0.6235983371734619,0.5312111377716064,0.0614045187830925,0.6055693626403809,0.5491987466812134,-0.049395203590393066,0.619247317314148,0.5461671948432922,0.06399859488010406,0.6022972464561462,0.5648940801620483,-0.042850252240896225,0.6457133889198303,0.5433769822120667,0.03148897737264633,0.6240959763526917,0.5648738145828247,-0.06749673187732697
0571,./images/8/frame_00571.jpg,Fall,0.6047212481498718,0.3754097819328308,-0.17439742386341095,0.6054432392120361,0.3674110770225525,-0.16779425740242004,0.6051952242851257,0.3667849600315094,-0.167825847864151,0.6048668026924133,0.3661046326160431,-0.1678704023361206,0.6050077080726624,0.3680351674556732,-0.1832921952009201,0.6045114398002625,0.3679041862487793,-0.18334588408470154,0.6039284467697144,0.36778268218040466,-0.18339553475379944,0.5985625386238098,0.36315205693244934,-0.12307480722665787,0.597603440284729,0.3657369315624237,-0.1960112750530243,0.6012701988220215,0.3809954822063446,-0.15619824826717377,0.6004101634025574,0.38148385286331177,-0.17697830498218536,0.5773489475250244,0.37416979670524597,-0.05030273646116257,0.580872118473053,0.4132251441478729,-0.19848893582820892,0.578290581703186,0.4247541129589081,0.012261578813195229,0.5851652026176453,0.4776226580142975,-0.21292293071746826,0.5878413915634155,0.4649944305419922,0.04176272824406624,0.6058703660964966,0.5207346677780151,-0.21040165424346924,0.5887489318847656,0.4712669849395752,0.0483785979449749,0.610910952091217,0.5325031280517578,-0.2324920892715454,0.5909129977226257,0.47288385033607483,0.029514845460653305,0.6146131753921509,0.5255410671234131,-0.2323358952999115,0.5903099179267883,0.4727749228477478,0.035357516258955,0.6127945184707642,0.5218518376350403,-0.21109190583229065,0.5667718648910522,0.45893338322639465,0.046168986707925797,0.5604039430618286,0.48080888390541077,-0.0461508184671402,0.6112414598464966,0.449753999710083,0.030679678544402122,0.6045805215835571,0.4644554853439331,-0.10657642781734467,0.6203635931015015,0.5288928747177124,0.09634742885828018,0.606806218624115,0.5486624240875244,-0.009805765002965927,0.6165723204612732,0.544009804725647,0.10215628147125244,0.6034021377563477,0.5632526874542236,6.409571506083012e-05,0.6424567699432373,0.5408610701560974,0.08623656630516052,0.6245315074920654,0.5624272227287292,-0.015939678996801376
0572,./images/8/frame_00572.jpg,Fall,0.6040894389152527,0.3740539252758026,-0.17053672671318054,0.6042936444282532,0.3656843900680542,-0.16465812921524048,0.6039329767227173,0.36482131481170654,-0.16469328105449677,0.603458046913147,0.36389902234077454,-0.1647404432296753,0.6041377782821655,0.3668970465660095,-0.17922909557819366,0.603734016418457,0.3669244647026062,-0.17928065359592438,0.6032465696334839,0.36709463596343994,-0.17933298647403717,0.5974463224411011,0.3617921471595764,-0.12346456199884415,0.5974135398864746,0.3657742738723755,-0.19117453694343567,0.6008158922195435,0.3790139853954315,-0.15328408777713776,0.6002601385116577,0.3802986145019531,-0.17264008522033691,0.5774254202842712,0.3741927146911621,-0.05114050582051277,0.5827280282974243,0.4154568612575531,-0.1956745684146881,0.5753922462463379,0.42429715394973755,0.015380404889583588,0.5855016112327576,0.4793127179145813,-0.21132993698120117,0.5854041576385498,0.46322283148765564,0.04339725896716118,0.6064878702163696,0.5209606885910034,-0.19573315978050232,0.5861238837242126,0.46901923418045044,0.04911141097545624,0.6111190915107727,0.5327829122543335,-0.21592791378498077,0.5886274576187134,0.47059401869773865,0.030432026833295822,0.6146937012672424,0.5262584686279297,-0.21685859560966492,0.5881994366645813,0.47094282507896423,0.036878325045108795,0.6129822731018066,0.5225847363471985,-0.1965172290802002,0.5655450224876404,0.4596438407897949,0.046943482011556625,0.560696542263031,0.4795559048652649,-0.046931494027376175,0.6106680035591125,0.44958052039146423,0.02743445336818695,0.6043752431869507,0.4659912586212158,-0.11395905911922455,0.619245171546936,0.5289419293403625,0.0941307470202446,0.6085318922996521,0.5492761135101318,-0.027163583785295486,0.6155723333358765,0.5440976023674011,0.09996400028467178,0.6052581071853638,0.5638831257820129,-0.01838660053908825,0.6402184963226318,0.541029691696167,0.08154330402612686,0.6244271993637085,0.5580422878265381,-0.039000604301691055
0573,./images/8/frame_00573.jpg,Fall,0.6032370328903198,0.3704926371574402,-0.16108807921409607,0.6029301285743713,0.36230596899986267,-0.15496058762073517,0.6025353670120239,0.3612413704395294,-0.15499652922153473,0.6020382046699524,0.3603951334953308,-0.15504297614097595,0.6028519868850708,0.3637388050556183,-0.16881951689720154,0.6024202704429626,0.3639131784439087,-0.16887512803077698,0.6019034385681152,0.3641718029975891,-0.1689235419034958,0.5959562063217163,0.3598962128162384,-0.11530514806509018,0.5962284803390503,0.3646421730518341,-0.178368479013443,0.5999205112457275,0.3755059242248535,-0.14412084221839905,0.5994373559951782,0.3767208456993103,-0.162491574883461,0.5749873518943787,0.37387630343437195,-0.04749750345945358,0.58277428150177,0.4146876931190491,-0.1823846399784088,0.5752456784248352,0.4241262972354889,0.007436065934598446,0.5883066058158875,0.4760117828845978,-0.1876278817653656,0.5851029753684998,0.46332499384880066,0.018290244042873383,0.6094921827316284,0.5152967572212219,-0.17298942804336548,0.5862624049186707,0.4699985980987549,0.020675957202911377,0.6142463684082031,0.5263347625732422,-0.1914319545030594,0.5885852575302124,0.47144636511802673,0.003027306403964758,0.6175488233566284,0.5200645923614502,-0.19147850573062897,0.5878528356552124,0.4721528887748718,0.011526064947247505,0.6155186891555786,0.5165530443191528,-0.17340721189975739,0.5653930902481079,0.4595811665058136,0.04688107222318649,0.5609914064407349,0.47938746213912964,-0.04679816588759422,0.6094478368759155,0.4512875974178314,0.019963940605521202,0.6042313575744629,0.4677298963069916,-0.11246953904628754,0.615162193775177,0.5290090441703796,0.0877888947725296,0.6074331998825073,0.5487323999404907,-0.02606869861483574,0.6112679839134216,0.5440533757209778,0.0938146784901619,0.6042304635047913,0.5625074505805969,-0.017445597797632217,0.6344047784805298,0.5410887598991394,0.07650841772556305,0.6228069067001343,0.5579026341438293,-0.0362691693007946
0574,./images/8/frame_00574.jpg,Fall,0.6023083925247192,0.3697107136249542,-0.1463833749294281,0.602140486240387,0.361142098903656,-0.14068660140037537,0.601763129234314,0.3603155016899109,-0.14071889221668243,0.6013361215591431,0.3595684766769409,-0.14075997471809387,0.601887583732605,0.36247995495796204,-0.15447980165481567,0.601392388343811,0.362556129693985,-0.1545257270336151,0.6008111834526062,0.3627244234085083,-0.1545812338590622,0.5952829122543335,0.3592137098312378,-0.10437890142202377,0.5949950218200684,0.363025039434433,-0.16710807383060455,0.5990453362464905,0.37501034140586853,-0.13078048825263977,0.5984944105148315,0.376126766204834,-0.14904144406318665,0.575060248374939,0.3740025758743286,-0.03950502350926399,0.582743763923645,0.41424131393432617,-0.17820745706558228,0.5750769972801208,0.42433497309684753,0.01025847066193819,0.5900524854660034,0.47961077094078064,-0.18992748856544495,0.5866347551345825,0.4667307436466217,0.022048765793442726,0.6106592416763306,0.525935173034668,-0.18114307522773743,0.5881716012954712,0.4721744656562805,0.025279033929109573,0.6150922775268555,0.5374875664710999,-0.2025303840637207,0.5904799699783325,0.4751790463924408,0.007662887219339609,0.6183615326881409,0.532030463218689,-0.20106610655784607,0.589631199836731,0.47578102350234985,0.015304620377719402,0.616442859172821,0.5286390781402588,-0.18180707097053528,0.5636805891990662,0.46127888560295105,0.04666348919272423,0.5609577894210815,0.47954025864601135,-0.04663329944014549,0.6080871820449829,0.4507496654987335,0.04060126096010208,0.6042627096176147,0.47194427251815796,-0.09721077978610992,0.6152670979499817,0.5255911946296692,0.1074071153998375,0.6059654951095581,0.5457358956336975,0.005601824261248112,0.6114106774330139,0.5400540232658386,0.11366239935159683,0.6021597981452942,0.5570514798164368,0.01647331193089485,0.6353343725204468,0.5358873009681702,0.10295114666223526,0.6215862035751343,0.5553367733955383,0.007692472077906132
0575,./images/8/frame_00575.jpg,Fall,0.6018568277359009,0.36677634716033936,-0.15209999680519104,0.601482093334198,0.35935622453689575,-0.145414799451828,0.6010554432868958,0.3586050570011139,-0.14544853568077087,0.6005839705467224,0.3578375577926636,-0.14549218118190765,0.6012150049209595,0.36027687788009644,-0.16002163290977478,0.6006618738174438,0.3601891100406647,-0.16006477177143097,0.6000480055809021,0.36014801263809204,-0.16011515259742737,0.5943070650100708,0.35667872428894043,-0.10438249260187149,0.5937188863754272,0.3596455454826355,-0.1709098219871521,0.5987040400505066,0.3719930350780487,-0.13470019400119781,0.5981346368789673,0.3728641867637634,-0.15410065650939941,0.5755559206008911,0.37415432929992676,-0.034501370042562485,0.5824812650680542,0.4133389890193939,-0.18231484293937683,0.574795126914978,0.42499449849128723,0.018325790762901306,0.5885559320449829,0.47654852271080017,-0.1945316195487976,0.5853594541549683,0.46695676445961,0.03098073974251747,0.608434796333313,0.5233867764472961,-0.18841774761676788,0.5867188572883606,0.4723493754863739,0.03600994497537613,0.6127527356147766,0.5354728102684021,-0.2085198163986206,0.5889273881912231,0.4754459261894226,0.01834220066666603,0.6159749031066895,0.5311459302902222,-0.20637910068035126,0.5881783962249756,0.4757511615753174,0.024196840822696686,0.6139750480651855,0.5275017619132996,-0.18833187222480774,0.563055157661438,0.4611454904079437,0.04758681356906891,0.5607739686965942,0.47912469506263733,-0.04757075011730194,0.6069130301475525,0.4505942165851593,0.029218286275863647,0.6028996706008911,0.46921131014823914,-0.10684312880039215,0.6160913705825806,0.5260437726974487,0.09788449853658676,0.6063067317008972,0.5464052557945251,-0.021118640899658203,0.6123555302619934,0.5407033562660217,0.10399553924798965,0.6026841402053833,0.5595607161521912,-0.012513699010014534,0.6365141272544861,0.5364724397659302,0.08790026605129242,0.6217002868652344,0.5532862544059753,-0.03263302147388458
0576,./images/8/frame_00576.jpg,Fall,0.6005371809005737,0.3662642240524292,-0.12115414440631866,0.6000736951828003,0.3587958812713623,-0.11542721837759018,0.599610447883606,0.3580603003501892,-0.11547012627124786,0.5991055369377136,0.35732048749923706,-0.1155070811510086,0.5999478101730347,0.35972583293914795,-0.12945839762687683,0.5994335412979126,0.3596562147140503,-0.12950459122657776,0.5988756418228149,0.35964012145996094,-0.1295543760061264,0.5931135416030884,0.3559717833995819,-0.07791981846094131,0.5930959582328796,0.359008252620697,-0.14194953441619873,0.5975797176361084,0.37159839272499084,-0.1049746423959732,0.5970106720924377,0.3727373778820038,-0.12364021688699722,0.575810432434082,0.37486517429351807,-0.013228471390902996,0.5823653936386108,0.4078477621078491,-0.15568403899669647,0.5748013854026794,0.4262356162071228,0.025350963696837425,0.5898204445838928,0.4697612226009369,-0.15642519295215607,0.584488570690155,0.46695831418037415,0.02110038511455059,0.6084798574447632,0.5087457299232483,-0.13296456634998322,0.5855206251144409,0.4726236164569855,0.021477706730365753,0.6125659942626953,0.5180014371871948,-0.14877167344093323,0.5875841975212097,0.47541525959968567,0.005716859363019466,0.6154815554618835,0.5144752860069275,-0.14907972514629364,0.5870318412780762,0.4753625690937042,0.014339705929160118,0.613544762134552,0.5120378136634827,-0.1330910474061966,0.5626075267791748,0.4633205533027649,0.04780316352844238,0.5602672696113586,0.47853583097457886,-0.04779551178216934,0.6063404083251953,0.4525565207004547,0.02682429552078247,0.6019037365913391,0.4677543640136719,-0.10778512805700302,0.6143677830696106,0.5294204950332642,0.08742408454418182,0.6064223051071167,0.5480011105537415,-0.049807749688625336,0.6105071306228638,0.5448211431503296,0.0926620215177536,0.6027222871780396,0.5633043646812439,-0.04371750354766846,0.6305862665176392,0.5369760990142822,0.07318028807640076,0.6225518584251404,0.5540251731872559,-0.07209248840808868
0577,./images/8/frame_00577.jpg,Fall,0.5991632342338562,0.3655809164047241,-0.14103339612483978,0.5985545516014099,0.35787469148635864,-0.1348867118358612,0.5981994867324829,0.35721099376678467,-0.13492871820926666,0.5976632833480835,0.3564818501472473,-0.13496968150138855,0.5982353091239929,0.35880258679389954,-0.14913751184940338,0.5977383852005005,0.358805775642395,-0.14918753504753113,0.5972070097923279,0.3588409721851349,-0.14924456179141998,0.592117428779602,0.35586288571357727,-0.09406445920467377,0.5912302732467651,0.35857445001602173,-0.1589900702238083,0.5965671539306641,0.371102899312973,-0.12354396283626556,0.595944881439209,0.3727627992630005,-0.14251142740249634,0.5758392810821533,0.3768426775932312,-0.026984363794326782,0.5822574496269226,0.4082300066947937,-0.16812558472156525,0.5759269595146179,0.42728692293167114,0.01689690537750721,0.5913944244384766,0.46973472833633423,-0.17642804980278015,0.5868911743164062,0.4673267900943756,0.004724857397377491,0.6121586561203003,0.5130000114440918,-0.149174302816391,0.588180661201477,0.4727402925491333,0.0031248305458575487,0.6165933012962341,0.5229679346084595,-0.15856610238552094,0.5902423858642578,0.4753149747848511,-0.013456535525619984,0.6193662881851196,0.5190218091011047,-0.16164521872997284,0.5895905494689941,0.4752611517906189,-0.002555533777922392,0.6173094511032104,0.5163853764533997,-0.14983275532722473,0.5631492733955383,0.4637940227985382,0.047754716128110886,0.5602669715881348,0.48233893513679504,-0.0477527491748333,0.6062635183334351,0.4543763995170593,0.045482032001018524,0.601972222328186,0.4710225760936737,-0.10975658893585205,0.6128109097480774,0.528754711151123,0.12291420996189117,0.605877161026001,0.547463059425354,-0.03412389010190964,0.6090916395187378,0.543658435344696,0.12984679639339447,0.6022287011146545,0.5625776648521423,-0.025651419535279274,0.6276420950889587,0.5369442701339722,0.11201237142086029,0.6223029494285583,0.5527072548866272,-0.051926977932453156
0578,./images/8/frame_00578.jpg,Fall,0.5973002910614014,0.3653552532196045,-0.1559668481349945,0.5969763994216919,0.3578818738460541,-0.14985834062099457,0.5968120694160461,0.3573007881641388,-0.14991113543510437,0.5966018438339233,0.35671013593673706,-0.1499628722667694,0.5963378548622131,0.358553946018219,-0.1618218868970871,0.5956999063491821,0.3584236204624176,-0.1618887484073639,0.5949763655662537,0.35859641432762146,-0.16192978620529175,0.5926324725151062,0.35662031173706055,-0.1022864580154419,0.5888333320617676,0.358243852853775,-0.1673302948474884,0.5950241088867188,0.3712911307811737,-0.13577891886234283,0.5940672755241394,0.37220120429992676,-0.15048281848430634,0.5765644907951355,0.3767401874065399,-0.03230417147278786,0.5803969502449036,0.4061775207519531,-0.17182758450508118,0.5772077441215515,0.42736393213272095,0.0082692326977849,0.5913620591163635,0.46537140011787415,-0.1670369654893875,0.5866956114768982,0.46624985337257385,-0.013431538827717304,0.6076436638832092,0.495294988155365,-0.13729681074619293,0.5881028175354004,0.47282567620277405,-0.017368357628583908,0.6107989549636841,0.5044779181480408,-0.15227128565311432,0.5895620584487915,0.4743686318397522,-0.03386842459440231,0.6128484010696411,0.4993113577365875,-0.15615180134773254,0.5886486768722534,0.4734295606613159,-0.020915454253554344,0.6110936999320984,0.49670493602752686,-0.1384669989347458,0.5635379552841187,0.46355289220809937,0.04767458885908127,0.5592905282974243,0.48168203234672546,-0.04769296944141388,0.6064709424972534,0.4566071331501007,0.03476032614707947,0.6014626622200012,0.47075119614601135,-0.11962821334600449,0.6103774905204773,0.5307813882827759,0.10290656983852386,0.6055170893669128,0.5474159717559814,-0.04606727138161659,0.606145441532135,0.5453516840934753,0.10880909860134125,0.6017081141471863,0.5624864101409912,-0.03870689496397972,0.6282821893692017,0.5409751534461975,0.08805547654628754,0.6221535205841064,0.5524980425834656,-0.06734694540500641
0579,./images/8/frame_00579.jpg,Fall,0.5957807302474976,0.36566174030303955,-0.16415372490882874,0.5959540605545044,0.3576034903526306,-0.1561681479215622,0.5960620641708374,0.3573051989078522,-0.15621908009052277,0.5961359739303589,0.3570510745048523,-0.15627434849739075,0.594123125076294,0.3575618863105774,-0.16882067918777466,0.5930496454238892,0.35731860995292664,-0.16887728869915009,0.5916341543197632,0.35718482732772827,-0.16888152062892914,0.5931641459465027,0.3571214973926544,-0.10232432931661606,0.5856652855873108,0.35740119218826294,-0.16395686566829681,0.5939681529998779,0.3717063367366791,-0.14032194018363953,0.5917202830314636,0.37145698070526123,-0.15565034747123718,0.5859498381614685,0.3812718987464905,-0.03307521343231201,0.5714720487594604,0.38950279355049133,-0.15739263594150543,0.5911979675292969,0.427611768245697,-0.0011981955030933022,0.5860868096351624,0.42608198523521423,-0.15600481629371643,0.5910525321960449,0.45806756615638733,-0.037858035415410995,0.6027044653892517,0.42196473479270935,-0.11754870414733887,0.5916892886161804,0.4685913026332855,-0.04317517578601837,0.6069077253341675,0.4245346486568451,-0.1263233721256256,0.5903304815292358,0.46510544419288635,-0.05511586740612984,0.60637366771698,0.41842588782310486,-0.12887588143348694,0.5892248749732971,0.46151113510131836,-0.043946318328380585,0.6042481660842896,0.41794073581695557,-0.11724548041820526,0.567450761795044,0.4638404846191406,0.04227611795067787,0.5567967891693115,0.4723514914512634,-0.04222721606492996,0.6098629236221313,0.45819103717803955,-0.018720019608736038,0.5976132154464722,0.4586884379386902,-0.14740876853466034,0.6110401153564453,0.5334720015525818,0.024346211925148964,0.6056708693504333,0.5401749014854431,-0.11705897748470306,0.6072072982788086,0.5475073456764221,0.027275394648313522,0.6043357253074646,0.5620314478874207,-0.1147054061293602,0.6302496194839478,0.5467066168785095,-0.006777487695217133,0.6235527992248535,0.5528420209884644,-0.1554027795791626
0580,./images/8/frame_00580.jpg,Fall,0.5958613157272339,0.36454057693481445,-0.15496394038200378,0.595304548740387,0.3565278649330139,-0.1477961391210556,0.5952218174934387,0.35609593987464905,-0.14784672856330872,0.5951458811759949,0.3557003140449524,-0.14789582788944244,0.594190239906311,0.35684195160865784,-0.1606978476047516,0.5932384729385376,0.35660645365715027,-0.16076520085334778,0.5922995805740356,0.3564753234386444,-0.1607837975025177,0.5906925797462463,0.35568517446517944,-0.09755038470029831,0.5864152908325195,0.3567635118961334,-0.15811635553836823,0.5939362049102783,0.37089309096336365,-0.1333467960357666,0.5923153162002563,0.37070703506469727,-0.1503802239894867,0.5844496488571167,0.3770071268081665,-0.02737542614340782,0.5739288330078125,0.39210081100463867,-0.154733344912529,0.5905479192733765,0.42181313037872314,0.013382747769355774,0.5866544246673584,0.43392324447631836,-0.1411062330007553,0.5898967981338501,0.4528510272502899,-0.018972229212522507,0.602277934551239,0.43398183584213257,-0.0887608677148819,0.5910391211509705,0.46331918239593506,-0.03825712949037552,0.6061774492263794,0.43733900785446167,-0.09570864588022232,0.5901861190795898,0.46088749170303345,-0.03336215391755104,0.6057242155075073,0.43064039945602417,-0.10030557215213776,0.5891106724739075,0.4575338065624237,-0.022906027734279633,0.6035152077674866,0.42979151010513306,-0.0889928787946701,0.5680230259895325,0.46052905917167664,0.042804326862096786,0.5568279027938843,0.47200605273246765,-0.04275248572230339,0.612890362739563,0.4598015248775482,0.0039204200729727745,0.6009595990180969,0.45966342091560364,-0.1345532387495041,0.6117991209030151,0.5330734848976135,0.05929359793663025,0.6066306233406067,0.5409029126167297,-0.09376253932714462,0.6073700189590454,0.5460964441299438,0.06362374871969223,0.6041491627693176,0.5614046454429626,-0.08995144069194794,0.6281449198722839,0.5466444492340088,0.039114125072956085,0.6238821744918823,0.5524886846542358,-0.12071973085403442
0581,./images/8/frame_00581.jpg,Fall,0.5941072106361389,0.3639676868915558,-0.16416051983833313,0.5935100317001343,0.3554881513118744,-0.15801645815372467,0.5936640501022339,0.35505595803260803,-0.15806204080581665,0.5936773419380188,0.3545980155467987,-0.1581120789051056,0.5924909114837646,0.35681983828544617,-0.17036285996437073,0.5917538404464722,0.3567618131637573,-0.17044006288051605,0.590652346611023,0.35659149289131165,-0.1704663336277008,0.5901284217834473,0.3559611737728119,-0.10949911177158356,0.5834521055221558,0.35717812180519104,-0.1611098349094391,0.5927008390426636,0.37021949887275696,-0.14356330037117004,0.5908752083778381,0.37138086557388306,-0.15988893806934357,0.5826514959335327,0.37700650095939636,-0.03655392676591873,0.5747427940368652,0.3927992582321167,-0.1617666333913803,0.5877777338027954,0.4225773811340332,0.011755457147955894,0.5866876840591431,0.4430537223815918,-0.13660167157649994,0.5871439576148987,0.4552914500236511,0.002693603979423642,0.5991676449775696,0.44968172907829285,-0.07325613498687744,0.5877827405929565,0.46504080295562744,-0.0012538846349343657,0.6018784642219543,0.4547525644302368,-0.0783785879611969,0.5870070457458496,0.4631860852241516,-0.011733398772776127,0.6017865538597107,0.44916343688964844,-0.08406287431716919,0.5863736867904663,0.4603579640388489,-0.002525362651795149,0.6000766158103943,0.4474353492259979,-0.07357777655124664,0.5678383111953735,0.46064990758895874,0.042405299842357635,0.5570021867752075,0.4749279022216797,-0.04232340306043625,0.6126134991645813,0.4621782898902893,0.007370116654783487,0.6010265946388245,0.4603535234928131,-0.136844664812088,0.6124392747879028,0.5328838229179382,0.06426428258419037,0.6072956323623657,0.5417062640190125,-0.09430967271327972,0.6079275608062744,0.545365035533905,0.06890910863876343,0.6043381094932556,0.5612916946411133,-0.0900946855545044,0.6294581294059753,0.5459029674530029,0.04582154005765915,0.6238217353820801,0.5532945990562439,-0.12131450325250626
0582,./images/8/frame_00582.jpg,Fall,0.5939303040504456,0.3629719316959381,-0.16160409152507782,0.5930980443954468,0.35467877984046936,-0.15784282982349396,0.5930153131484985,0.35410282015800476,-0.15791091322898865,0.5929211378097534,0.3535483777523041,-0.1579488068819046,0.5922456383705139,0.355662077665329,-0.1698443740606308,0.591551661491394,0.35558056831359863,-0.16993407905101776,0.5906788110733032,0.35573577880859375,-0.16995441913604736,0.5884056091308594,0.35370320081710815,-0.1092904582619667,0.5846371054649353,0.35590261220932007,-0.16404575109481812,0.5922725796699524,0.36895129084587097,-0.14090698957443237,0.5908812284469604,0.36959922313690186,-0.1578839123249054,0.5826035141944885,0.3712838590145111,-0.03558149188756943,0.5752437114715576,0.39385777711868286,-0.1642553061246872,0.586402177810669,0.41465094685554504,0.005796732380986214,0.587418258190155,0.4396061301231384,-0.1493714302778244,0.5876230001449585,0.44294941425323486,-0.02388191409409046,0.600739061832428,0.4462388753890991,-0.09797104448080063,0.5881924629211426,0.4520983397960663,-0.030445769429206848,0.6036664247512817,0.45141300559043884,-0.10694309324026108,0.5881455540657043,0.4495094418525696,-0.043621644377708435,0.6039242148399353,0.4458443522453308,-0.11245839297771454,0.5873855352401733,0.44710010290145874,-0.030553460121154785,0.6022894978523254,0.4441916048526764,-0.09867297112941742,0.5680712461471558,0.458819717168808,0.04274506866931915,0.5576711297035217,0.4747663140296936,-0.042671505361795425,0.6124430298805237,0.4611737132072449,0.00602672528475523,0.6022000908851624,0.4589058756828308,-0.14282932877540588,0.6181200742721558,0.5269628167152405,0.06376823037862778,0.608116090297699,0.543297290802002,-0.10706385225057602,0.6149352788925171,0.540071427822113,0.06827177852392197,0.6048749089241028,0.5624628067016602,-0.10419332981109619,0.6299131512641907,0.531711220741272,0.04268818721175194,0.6237865686416626,0.553538978099823,-0.14136362075805664
0583,./images/8/frame_00583.jpg,Fall,0.5915799736976624,0.3636266887187958,-0.16109320521354675,0.5907572507858276,0.3553994596004486,-0.15654143691062927,0.5907820463180542,0.35485756397247314,-0.15659621357917786,0.5908393263816833,0.35432562232017517,-0.15663710236549377,0.5899373292922974,0.35609328746795654,-0.1691415011882782,0.5888344049453735,0.3556203246116638,-0.16921992599964142,0.5879865884780884,0.35618340969085693,-0.16924382746219635,0.5869268178939819,0.35434308648109436,-0.1107846274971962,0.5811424851417542,0.35784441232681274,-0.16586096584796906,0.5909003615379333,0.3690396547317505,-0.14081443846225739,0.5886059403419495,0.36980509757995605,-0.1575433760881424,0.5825256705284119,0.3716221749782562,-0.037982840090990067,0.5738955140113831,0.39484545588493347,-0.15869441628456116,0.5857012271881104,0.414065420627594,0.0061633531004190445,0.5809128284454346,0.43466314673423767,-0.1394297480583191,0.5872924327850342,0.4298584461212158,-0.01984408125281334,0.5905983448028564,0.4451993405818939,-0.09171921759843826,0.5872588157653809,0.43656402826309204,-0.023371217772364616,0.5923731923103333,0.4522663652896881,-0.09863042086362839,0.5872155427932739,0.4326164722442627,-0.0346468947827816,0.5931573510169983,0.4475671947002411,-0.10401372611522675,0.5871204137802124,0.43073490262031555,-0.026822198182344437,0.5921933650970459,0.4447748363018036,-0.09215977042913437,0.5683621168136597,0.45998865365982056,0.04174232855439186,0.5584098100662231,0.475827693939209,-0.041640978306531906,0.6123310327529907,0.46175628900527954,0.007774414028972387,0.6018586754798889,0.468606561422348,-0.1367083638906479,0.6223964095115662,0.5214055776596069,0.05071645975112915,0.6123381853103638,0.5439034700393677,-0.10841484367847443,0.620607316493988,0.5340825319290161,0.05349939316511154,0.6100808382034302,0.5622949600219727,-0.10663596540689468,0.6375139951705933,0.52236008644104,0.024687351658940315,0.6323451399803162,0.5512829422950745,-0.1459929645061493
0584,./images/8/frame_00584.jpg,Fall,0.5899415016174316,0.36336153745651245,-0.16200490295886993,0.5900007486343384,0.3551323413848877,-0.15666377544403076,0.5902119874954224,0.3547404706478119,-0.15671150386333466,0.5904897451400757,0.35398346185684204,-0.1567600667476654,0.5883288383483887,0.35526391863822937,-0.16882655024528503,0.5874218940734863,0.354936420917511,-0.16889849305152893,0.5865427851676941,0.3550778329372406,-0.16892403364181519,0.5876368284225464,0.35440143942832947,-0.11014304310083389,0.580949604511261,0.3557567298412323,-0.16145393252372742,0.5898665189743042,0.36905157566070557,-0.1410820037126541,0.5873974561691284,0.3691190481185913,-0.15736955404281616,0.5839043855667114,0.3722466230392456,-0.038703225553035736,0.5683560371398926,0.38722771406173706,-0.1492452621459961,0.5867034196853638,0.4164316952228546,0.00022242905106395483,0.5757565498352051,0.4185921847820282,-0.14711442589759827,0.586144208908081,0.44000929594039917,-0.021200399845838547,0.5888050198554993,0.4130162000656128,-0.10503518581390381,0.5858790874481201,0.44668447971343994,-0.023957442492246628,0.5921105742454529,0.41572582721710205,-0.11983607709407806,0.585159957408905,0.44510772824287415,-0.03532449156045914,0.5918781757354736,0.41026294231414795,-0.12354235351085663,0.5851156115531921,0.44318872690200806,-0.026560654863715172,0.5902339816093445,0.409248024225235,-0.1078280583024025,0.5705088376998901,0.4600628614425659,0.039772480726242065,0.5587382912635803,0.4736473560333252,-0.039684779942035675,0.6137222647666931,0.46222177147865295,-0.006644231267273426,0.6019158363342285,0.4673636555671692,-0.13355159759521484,0.6209959387779236,0.5229259133338928,0.028281083330512047,0.6130286455154419,0.5419812798500061,-0.10520199686288834,0.618454098701477,0.5358068346977234,0.03045039251446724,0.6102721691131592,0.5584278702735901,-0.10324566066265106,0.6368235349655151,0.5259960889816284,-0.00023757787130307406,0.6333792209625244,0.5501248836517334,-0.14089883863925934
0585,./images/8/frame_00585.jpg,Fall,0.590071439743042,0.36368975043296814,-0.12071894109249115,0.590039849281311,0.3554476499557495,-0.11511148512363434,0.5901970863342285,0.3550533354282379,-0.11515077203512192,0.5903950929641724,0.35437169671058655,-0.11517937481403351,0.5882620811462402,0.3554381728172302,-0.1281338632106781,0.5873897075653076,0.355078786611557,-0.1281857192516327,0.5861002206802368,0.3548297882080078,-0.1282086968421936,0.586713969707489,0.35452744364738464,-0.06895092129707336,0.5810074210166931,0.3553996682167053,-0.12761163711547852,0.5893088579177856,0.3692460060119629,-0.10058828443288803,0.5870892405509949,0.36967337131500244,-0.11773278564214706,0.5835763812065125,0.3727291226387024,-0.002733296947553754,0.5704975724220276,0.3873090147972107,-0.12545819580554962,0.5891417860984802,0.4122714102268219,0.021013107150793076,0.5800568461418152,0.41672080755233765,-0.10904445499181747,0.586713969707489,0.41946208477020264,-0.01912989467382431,0.591865062713623,0.40923431515693665,-0.04719022288918495,0.5865473747253418,0.42522910237312317,-0.024214258417487144,0.5945749878883362,0.4112164080142975,-0.0489935427904129,0.5852397084236145,0.41902804374694824,-0.032162971794605255,0.5969944596290588,0.40632662177085876,-0.05220668762922287,0.5854791402816772,0.4173569977283478,-0.023403966799378395,0.5953753590583801,0.4057219922542572,-0.04597659409046173,0.5704332590103149,0.4624992311000824,0.040065698325634,0.5596843957901001,0.47375497221946716,-0.04001498222351074,0.6138721704483032,0.4642646312713623,-0.00027633525314740837,0.6024909019470215,0.4659123718738556,-0.13269075751304626,0.6237025856971741,0.5219103693962097,0.019111990928649902,0.6126171350479126,0.5412989258766174,-0.12309980392456055,0.6213058233261108,0.5338543653488159,0.01997816190123558,0.6094688773155212,0.5572394728660583,-0.122528575360775,0.6392871141433716,0.525084376335144,-0.005973262246698141,0.6328548192977905,0.5488144159317017,-0.15533235669136047
0586,./images/8/frame_00586.jpg,Fall,0.5902448296546936,0.3622407615184784,-0.17779991030693054,0.5899654626846313,0.3543552756309509,-0.16933366656303406,0.5900927782058716,0.3540782034397125,-0.16936932504177094,0.5902725458145142,0.3536597490310669,-0.16941328346729279,0.5881872177124023,0.35484492778778076,-0.18209843337535858,0.5873359441757202,0.35458606481552124,-0.18217375874519348,0.585912823677063,0.3540707528591156,-0.18222001194953918,0.5864297151565552,0.3540634214878082,-0.11301100254058838,0.5810564160346985,0.35464048385620117,-0.1705968677997589,0.589350700378418,0.3682815432548523,-0.1546621173620224,0.5869718194007874,0.36952221393585205,-0.1714751124382019,0.5803654789924622,0.37426185607910156,-0.03545529022812843,0.5706096887588501,0.3881194293498993,-0.16681519150733948,0.5832465887069702,0.4204745292663574,-0.0011527803726494312,0.5811339616775513,0.42464447021484375,-0.1590099185705185,0.5834934115409851,0.44926753640174866,-0.023353520780801773,0.5936681628227234,0.4453263282775879,-0.12338922917842865,0.5835450887680054,0.4595259428024292,-0.02717987634241581,0.596866250038147,0.4536200761795044,-0.13356608152389526,0.5832637548446655,0.45654118061065674,-0.039422810077667236,0.5977762937545776,0.44876790046691895,-0.13796500861644745,0.5832858681678772,0.4536921977996826,-0.02915310487151146,0.5965628027915955,0.4460291266441345,-0.12400728464126587,0.5701988339424133,0.46371573209762573,0.04159506410360336,0.5613946914672852,0.4784489572048187,-0.041575733572244644,0.6136075258255005,0.46424296498298645,0.021704770624637604,0.604142963886261,0.47853198647499084,-0.13875341415405273,0.6220513582229614,0.5219991207122803,0.07212149351835251,0.6122308373451233,0.5418270826339722,-0.09082699567079544,0.6202815771102905,0.5348552465438843,0.07612532377243042,0.6083256602287292,0.5573841333389282,-0.08429492264986038,0.6377238631248474,0.5278165936470032,0.05659312754869461,0.6317249536514282,0.5485856533050537,-0.10734834522008896
0587,./images/8/frame_00587.jpg,Fall,0.5898346900939941,0.3611302971839905,-0.19179943203926086,0.5896421670913696,0.3537355363368988,-0.18288490176200867,0.5898451209068298,0.35344016551971436,-0.18292616307735443,0.5900806188583374,0.3530878722667694,-0.18297575414180756,0.5875591039657593,0.3544114828109741,-0.19540373980998993,0.5866220593452454,0.35421204566955566,-0.19547270238399506,0.5850380063056946,0.3536399006843567,-0.19551725685596466,0.5870001316070557,0.35318151116371155,-0.12376324087381363,0.5806378126144409,0.3539811372756958,-0.18048667907714844,0.5890839695930481,0.3669222593307495,-0.16739042103290558,0.586398720741272,0.368286669254303,-0.1839420646429062,0.5799587965011597,0.3742559254169464,-0.043874967843294144,0.5714811682701111,0.3894592225551605,-0.17406165599822998,0.5816559195518494,0.4233471751213074,-0.008165939711034298,0.5817610621452332,0.4339474141597748,-0.17220242321491241,0.581633448600769,0.4558243155479431,-0.03310292586684227,0.5950369834899902,0.46146532893180847,-0.1503802090883255,0.5815547704696655,0.46625301241874695,-0.037408843636512756,0.5983226895332336,0.47063252329826355,-0.16414383053779602,0.581816554069519,0.4637626111507416,-0.050972145050764084,0.598403811454773,0.4653579592704773,-0.16766300797462463,0.5818058252334595,0.46081143617630005,-0.03943656384944916,0.596802294254303,0.4621184170246124,-0.15112361311912537,0.5702067017555237,0.46363207697868347,0.04166216403245926,0.5614282488822937,0.47838160395622253,-0.04162895306944847,0.6134458780288696,0.4637455940246582,0.01883736439049244,0.6040350198745728,0.4766637086868286,-0.14652886986732483,0.6199825406074524,0.5224966406822205,0.06630311906337738,0.6118935942649841,0.5419888496398926,-0.0946277603507042,0.6180204153060913,0.5354683995246887,0.07017575204372406,0.6080017685890198,0.5573925971984863,-0.08906431496143341,0.6353182792663574,0.5292165279388428,0.04684184119105339,0.6309627890586853,0.5479187965393066,-0.11837629228830338
0588,./images/8/frame_00588.jpg,Fall,0.5887528657913208,0.36202147603034973,-0.22799284756183624,0.5887247323989868,0.3545004427433014,-0.218984916806221,0.5895004868507385,0.35458412766456604,-0.21902506053447723,0.5899451971054077,0.35317718982696533,-0.21908137202262878,0.5862969756126404,0.3547552227973938,-0.23051290214061737,0.5846911072731018,0.35436853766441345,-0.23057489097118378,0.583472490310669,0.35384365916252136,-0.23061862587928772,0.5873157978057861,0.3533002734184265,-0.1540105789899826,0.5788067579269409,0.3543247580528259,-0.20611469447612762,0.5885710716247559,0.3670370876789093,-0.20098905265331268,0.585392951965332,0.36861592531204224,-0.2161761075258255,0.5829623341560364,0.37399742007255554,-0.06767424941062927,0.5698713064193726,0.39068204164505005,-0.1890844702720642,0.5858663320541382,0.42319047451019287,-0.03233266621828079,0.5785505175590515,0.43744969367980957,-0.19174183905124664,0.5828791856765747,0.4545818865299225,-0.06291136890649796,0.595216691493988,0.46464741230010986,-0.18493953347206116,0.5824546813964844,0.46558722853660583,-0.06825485825538635,0.5986756682395935,0.4741537272930145,-0.200969859957695,0.5825577974319458,0.4635559022426605,-0.08090541511774063,0.5996902585029602,0.4682578146457672,-0.20509974658489227,0.5826907157897949,0.45965757966041565,-0.06872545182704926,0.5979433059692383,0.46463072299957275,-0.18613478541374207,0.5721112489700317,0.4619905352592468,0.040222927927970886,0.5614209175109863,0.47831839323043823,-0.04021235555410385,0.6137670874595642,0.46179497241973877,-0.00797010026872158,0.6016216278076172,0.47636422514915466,-0.15507841110229492,0.6240763664245605,0.5177233219146729,0.04752431809902191,0.6105717420578003,0.539806604385376,-0.09903421998023987,0.6227153539657593,0.5306554436683655,0.05144266039133072,0.6041640043258667,0.5498068332672119,-0.09369416534900665,0.640404224395752,0.5195302963256836,0.023564860224723816,0.6292198896408081,0.5434697866439819,-0.12651562690734863
0589,./images/8/frame_00589.jpg,Fall,0.5873249769210815,0.36227887868881226,-0.1657126247882843,0.5877083539962769,0.35465875267982483,-0.1570882648229599,0.5883536338806152,0.3546488285064697,-0.15711703896522522,0.5887241363525391,0.35343137383461,-0.1571483016014099,0.5858810544013977,0.3549758493900299,-0.16798344254493713,0.5844660997390747,0.35456353425979614,-0.1680421680212021,0.5834776759147644,0.3541141152381897,-0.16807380318641663,0.5857810378074646,0.35343220829963684,-0.09994612634181976,0.5783345699310303,0.35406818985939026,-0.15008428692817688,0.5873239636421204,0.36735081672668457,-0.14213493466377258,0.5846571922302246,0.3687938153743744,-0.15646012127399445,0.5806968212127686,0.37400907278060913,-0.023831123486161232,0.5706238746643066,0.38748031854629517,-0.1447679102420807,0.5843209028244019,0.4213793873786926,0.018664028495550156,0.5806237459182739,0.42747119069099426,-0.1395745575428009,0.5818057060241699,0.44501927495002747,-0.0026928638108074665,0.595872163772583,0.42773959040641785,-0.10556838661432266,0.5814748406410217,0.45575687289237976,-0.005730529315769672,0.6002691388130188,0.43120476603507996,-0.11326255649328232,0.581031858921051,0.451140820980072,-0.01580275222659111,0.6003003716468811,0.42491739988327026,-0.11771678924560547,0.5812039375305176,0.4473907947540283,-0.007488681934773922,0.5986277461051941,0.42417117953300476,-0.10592971742153168,0.571968674659729,0.4620034992694855,0.04047025367617607,0.5616599917411804,0.47765302658081055,-0.04045078903436661,0.6105571985244751,0.45581576228141785,-0.0020641775336116552,0.6019627451896667,0.47509294748306274,-0.1348848044872284,0.623282790184021,0.5156969428062439,0.036945100873708725,0.6068011522293091,0.5390022397041321,-0.08256901055574417,0.6210092306137085,0.5290154218673706,0.0393451526761055,0.6015831828117371,0.5474921464920044,-0.07742403447628021,0.6391798257827759,0.5198296308517456,0.015401028096675873,0.624396026134491,0.54447340965271,-0.10163023322820663
0590,./images/8/frame_00590.jpg,Fall,0.5882988572120667,0.3612588346004486,-0.1356247067451477,0.587945818901062,0.3538302183151245,-0.13023880124092102,0.5880412459373474,0.3536040484905243,-0.13028191030025482,0.5880297422409058,0.3527955710887909,-0.13031387329101562,0.5867716073989868,0.35430362820625305,-0.14191406965255737,0.5853509306907654,0.3541158139705658,-0.14198216795921326,0.5842018723487854,0.3541998565196991,-0.1420382857322693,0.5843607187271118,0.3529755771160126,-0.08885284513235092,0.5792316794395447,0.35428014397621155,-0.14178869128227234,0.5874181985855103,0.3664490282535553,-0.1178661584854126,0.5854237675666809,0.36753103137016296,-0.13327912986278534,0.5735013484954834,0.37395885586738586,-0.02142695151269436,0.5774901509284973,0.3888811767101288,-0.1400037705898285,0.5734756588935852,0.4199760854244232,0.026248853653669357,0.5870257616043091,0.4305063784122467,-0.11586375534534454,0.5773895978927612,0.44216519594192505,0.01816268265247345,0.5963849425315857,0.43337681889533997,-0.058658868074417114,0.577544093132019,0.45196324586868286,0.016109656542539597,0.6002050638198853,0.43788501620292664,-0.06275256723165512,0.5776985883712769,0.4477686583995819,0.004038765095174313,0.5998805165290833,0.43178194761276245,-0.06963668018579483,0.5779579877853394,0.44445011019706726,0.012800738215446472,0.5981926321983337,0.4304131269454956,-0.05943815037608147,0.57047039270401,0.4619502127170563,0.040669117122888565,0.5653005242347717,0.47760528326034546,-0.04064540937542915,0.6099045872688293,0.4552205801010132,0.013717559166252613,0.6041079759597778,0.48212987184524536,-0.13263840973377228,0.6315775513648987,0.5071776509284973,0.044508568942546844,0.6068114042282104,0.5409119725227356,-0.08476776629686356,0.6314922571182251,0.5212202668190002,0.04701440781354904,0.6020439267158508,0.5492323637008667,-0.0801241546869278,0.651427686214447,0.5018548369407654,0.023124508559703827,0.6231883764266968,0.5453199744224548,-0.10804538428783417
0591,./images/8/frame_00591.jpg,Fall,0.5877248048782349,0.3614627420902252,-0.1506572663784027,0.5875066518783569,0.35399383306503296,-0.1448821723461151,0.5875831842422485,0.3537575602531433,-0.1449148803949356,0.5876319408416748,0.3529370427131653,-0.14495153725147247,0.5859715938568115,0.3544183373451233,-0.15704180300235748,0.5850294828414917,0.3542158007621765,-0.1571013629436493,0.5835911631584167,0.35400819778442383,-0.15714123845100403,0.5840845704078674,0.35305166244506836,-0.09728188812732697,0.5790294408798218,0.3539256751537323,-0.15241898596286774,0.5868995785713196,0.36655429005622864,-0.13003095984458923,0.5846971273422241,0.3677861988544464,-0.14615467190742493,0.5753854513168335,0.3686685264110565,-0.02214575558900833,0.5749152898788452,0.38919079303741455,-0.14486828446388245,0.5837754011154175,0.398595929145813,0.03065982088446617,0.5867603421211243,0.42470839619636536,-0.13379675149917603,0.5831065773963928,0.39243796467781067,0.029578033834695816,0.5961276292800903,0.41994383931159973,-0.0921003669500351,0.5824365019798279,0.3932003080844879,0.02997066080570221,0.5994536280632019,0.4225253164768219,-0.09853396564722061,0.5805187225341797,0.39011943340301514,0.023205053061246872,0.5988706350326538,0.4173882305622101,-0.10294540971517563,0.5815303921699524,0.3903627097606659,0.026778370141983032,0.5973173379898071,0.4163833260536194,-0.09207632392644882,0.5704262256622314,0.46013811230659485,0.04084338992834091,0.5645776391029358,0.47706305980682373,-0.04081389680504799,0.6094149947166443,0.4535788297653198,0.0006766236037947237,0.6037423610687256,0.4787132740020752,-0.13274691998958588,0.6325501203536987,0.5039694905281067,0.030553046613931656,0.604288637638092,0.5370444655418396,-0.11027637869119644,0.6327383518218994,0.5182226300239563,0.03231222182512283,0.6008821725845337,0.5489228367805481,-0.10885943472385406,0.6517457962036133,0.49831879138946533,0.0055589741095900536,0.6223735809326172,0.5450212359428406,-0.14642490446567535
0592,./images/8/frame_00592.jpg,Fall,0.5874242186546326,0.3614899516105652,-0.19684584438800812,0.5873458981513977,0.35429689288139343,-0.19015206396579742,0.5875600576400757,0.3541722297668457,-0.19018128514289856,0.587749183177948,0.35383400321006775,-0.19022944569587708,0.5850386023521423,0.35453638434410095,-0.20104610919952393,0.5841426253318787,0.35429346561431885,-0.2011178433895111,0.5816815495491028,0.35538560152053833,-0.20117315649986267,0.5844149589538574,0.35314255952835083,-0.13475073873996735,0.5765002369880676,0.3544935882091522,-0.18388161063194275,0.5867252349853516,0.3669334352016449,-0.17328353226184845,0.5833468437194824,0.36814671754837036,-0.1876462697982788,0.5797398686408997,0.3695688843727112,-0.05607795715332031,0.5703802108764648,0.38895633816719055,-0.17099152505397797,0.5852969288825989,0.40047407150268555,-0.01702951453626156,0.5767832398414612,0.4263714551925659,-0.16860762238502502,0.5853712558746338,0.40346434712409973,-0.0402364581823349,0.5952548980712891,0.45078781247138977,-0.1578654646873474,0.5851958394050598,0.415282279253006,-0.04476669058203697,0.5991584062576294,0.4611833393573761,-0.17098407447338104,0.5846164226531982,0.4058663547039032,-0.056802280247211456,0.5992401242256165,0.4554070830345154,-0.17509040236473083,0.5848411321640015,0.40196406841278076,-0.0455600805580616,0.5977267622947693,0.45141929388046265,-0.1585463434457779,0.5729843974113464,0.45964178442955017,0.03947863727807999,0.5641486644744873,0.47685152292251587,-0.03946327790617943,0.6107276678085327,0.4544288218021393,-0.0004508873971644789,0.6036738157272339,0.47935497760772705,-0.14230237901210785,0.629548192024231,0.506382167339325,0.05583065003156662,0.6047081351280212,0.5364250540733337,-0.07590886205434799,0.6284931898117065,0.5187432765960693,0.0609692707657814,0.6016507148742676,0.5471236109733582,-0.06872986257076263,0.6484168767929077,0.5068246126174927,0.03768985718488693,0.6204670667648315,0.5454840064048767,-0.09679601341485977
0593,./images/8/frame_00593.jpg,Fall,0.5872954726219177,0.3617023825645447,-0.15082769095897675,0.5871270298957825,0.3543890118598938,-0.1447587013244629,0.5872246623039246,0.35425376892089844,-0.1447824090719223,0.5873346924781799,0.3538883924484253,-0.1448076069355011,0.5852027535438538,0.3546123206615448,-0.15599122643470764,0.5844240188598633,0.35436803102493286,-0.15606273710727692,0.5826705694198608,0.3551765978336334,-0.1561078131198883,0.5838431119918823,0.353331983089447,-0.09770818054676056,0.5775380730628967,0.35404303669929504,-0.14875935018062592,0.5864899158477783,0.367194801568985,-0.1308382749557495,0.5837215185165405,0.36801737546920776,-0.14570929110050201,0.5746634006500244,0.3704971373081207,-0.02534293197095394,0.5720697045326233,0.3873750865459442,-0.1436864286661148,0.5736892223358154,0.40204861760139465,0.02859395183622837,0.5769936442375183,0.4266011416912079,-0.11868909746408463,0.5788585543632507,0.411980003118515,0.02519812248647213,0.5923566222190857,0.4307827949523926,-0.06022908538579941,0.579871654510498,0.41709667444229126,0.02452237531542778,0.5952239632606506,0.43527331948280334,-0.06293804198503494,0.5799356698989868,0.4128985106945038,0.013183166272938251,0.5942739248275757,0.429859459400177,-0.0694580003619194,0.5796910524368286,0.41388601064682007,0.020193565636873245,0.5926694273948669,0.4283891022205353,-0.060713689774274826,0.5709123611450195,0.4600113332271576,0.04035111889243126,0.5648592114448547,0.47683799266815186,-0.04032214358448982,0.6088390350341797,0.45491087436676025,0.029666105285286903,0.6083152294158936,0.47823968529701233,-0.11879515647888184,0.6231881380081177,0.5068296194076538,0.08191005885601044,0.6052806973457336,0.5331257581710815,-0.055490244179964066,0.6216410398483276,0.5188478231430054,0.08610298484563828,0.6019206643104553,0.5471014380455017,-0.048972778022289276,0.6404319405555725,0.5088613629341125,0.07028508931398392,0.621265709400177,0.544979989528656,-0.0688452273607254
0594,./images/8/frame_00594.jpg,Fall,0.5867887735366821,0.3620308041572571,-0.15553106367588043,0.5863755345344543,0.35450154542922974,-0.15014556050300598,0.5864324569702148,0.35430097579956055,-0.15018096566200256,0.5865349769592285,0.35400357842445374,-0.15021559596061707,0.5847495794296265,0.35465067625045776,-0.1612515151500702,0.5840662717819214,0.3544192910194397,-0.16132377088069916,0.5824443101882935,0.35490474104881287,-0.16137094795703888,0.5832074880599976,0.35336410999298096,-0.10261277109384537,0.5780245065689087,0.35400262475013733,-0.15445616841316223,0.5859387516975403,0.3672334551811218,-0.13567236065864563,0.5837239027023315,0.368120402097702,-0.1503065824508667,0.5743626356124878,0.37085485458374023,-0.028390586376190186,0.5721011161804199,0.3879355192184448,-0.147556871175766,0.575724184513092,0.4049413800239563,0.021067557856440544,0.5773537158966064,0.4303474724292755,-0.1208840161561966,0.5791100263595581,0.4281829297542572,0.010574568063020706,0.5913643836975098,0.43434470891952515,-0.06534847617149353,0.5820461511611938,0.4382050335407257,0.009306859225034714,0.5938664674758911,0.43980374932289124,-0.06951509416103363,0.5826324224472046,0.4346371591091156,4.5649670937564224e-05,0.5928037166595459,0.4343055188655853,-0.07666570693254471,0.5815168023109436,0.4321163296699524,0.006841306574642658,0.5913642644882202,0.43249231576919556,-0.06640986353158951,0.5701314806938171,0.4600624144077301,0.04038882255554199,0.5648654103279114,0.47685661911964417,-0.04037780314683914,0.6069989800453186,0.4552020728588104,0.029695844277739525,0.6075302362442017,0.4762660562992096,-0.11903630197048187,0.6148849725723267,0.5080965757369995,0.08364128321409225,0.6044412851333618,0.5342642664909363,-0.05887569114565849,0.6123470067977905,0.5203238725662231,0.08777075260877609,0.6002422571182251,0.5473916530609131,-0.05304361507296562,0.6311995387077332,0.5136961340904236,0.06938020884990692,0.6207561492919922,0.544619619846344,-0.07686848193407059
0595,./images/8/frame_00595.jpg,Fall,0.586113691329956,0.36267513036727905,-0.17916175723075867,0.5860601663589478,0.3548468351364136,-0.17357143759727478,0.5862277746200562,0.35456404089927673,-0.17361199855804443,0.5864124894142151,0.3542977571487427,-0.17366427183151245,0.5841880440711975,0.3550040125846863,-0.18412716686725616,0.5833808183670044,0.3548274040222168,-0.18419209122657776,0.5816848278045654,0.35526740550994873,-0.184217169880867,0.5831113457679749,0.3539040982723236,-0.12270470708608627,0.5771967172622681,0.3547653555870056,-0.17029009759426117,0.5854440331459045,0.36790958046913147,-0.15723301470279694,0.5830062031745911,0.3687565326690674,-0.17106333374977112,0.5750187635421753,0.3703330457210541,-0.04278586059808731,0.5708090662956238,0.3911469876766205,-0.15323010087013245,0.5775574445724487,0.40889135003089905,0.005508275702595711,0.5783624649047852,0.43372443318367004,-0.12775200605392456,0.5823037028312683,0.42452022433280945,-0.006916471756994724,0.5920632481575012,0.4319043457508087,-0.07473274320363998,0.5844275951385498,0.430847704410553,-0.009081302210688591,0.5948353409767151,0.4348207712173462,-0.07943272590637207,0.5843260884284973,0.4266643226146698,-0.017715642228722572,0.593467652797699,0.4282677173614502,-0.08696183562278748,0.5832285284996033,0.42519259452819824,-0.010681122541427612,0.5919259190559387,0.4274466633796692,-0.07575994729995728,0.5701225996017456,0.45926639437675476,0.04021847993135452,0.5644937753677368,0.47707247734069824,-0.040146876126527786,0.6076237559318542,0.45240089297294617,0.02206292934715748,0.6064832210540771,0.4699341356754303,-0.12435261905193329,0.6154214143753052,0.5082276463508606,0.07637892663478851,0.6040769815444946,0.5347957015037537,-0.07737977802753448,0.6084815263748169,0.5218079686164856,0.07904420047998428,0.6005799174308777,0.5478453040122986,-0.07350245118141174,0.6324459314346313,0.5175794959068298,0.0581158772110939,0.6210674047470093,0.5445161461830139,-0.10292978584766388
0596,./images/8/frame_00596.jpg,Fall,0.5858929753303528,0.362707257270813,-0.18650075793266296,0.5857640504837036,0.35496580600738525,-0.1820937544107437,0.5858681201934814,0.3546365201473236,-0.18212640285491943,0.5864368677139282,0.35456767678260803,-0.18217025697231293,0.5843971967697144,0.35526806116104126,-0.1925203949213028,0.5832869410514832,0.35490453243255615,-0.19259223341941833,0.5820861458778381,0.35528481006622314,-0.19264063239097595,0.5832869410514832,0.3539096415042877,-0.13485941290855408,0.5775241255760193,0.35470929741859436,-0.1821969747543335,0.5857132077217102,0.36801108717918396,-0.1656387895345688,0.5829108953475952,0.368884414434433,-0.17953066527843475,0.5756272673606873,0.3709299862384796,-0.06045851856470108,0.5704187750816345,0.39000484347343445,-0.16163960099220276,0.5778614282608032,0.4126307964324951,-0.013824345543980598,0.5754152536392212,0.42990854382514954,-0.13169728219509125,0.5788851976394653,0.4280981719493866,-0.02333795092999935,0.5855697393417358,0.43103790283203125,-0.07882682979106903,0.5786526203155518,0.4353051781654358,-0.025594880804419518,0.5885085463523865,0.4356112480163574,-0.08224470168352127,0.5787185430526733,0.431099534034729,-0.03509475663304329,0.5875664949417114,0.42962557077407837,-0.08882813155651093,0.5787085890769958,0.4288763403892517,-0.027258628979325294,0.5861005187034607,0.42780405282974243,-0.07935000211000443,0.5720373392105103,0.4588530957698822,0.03893054276704788,0.564592719078064,0.4769408404827118,-0.038840703666210175,0.6102898120880127,0.45298805832862854,0.006542644463479519,0.6063013672828674,0.47877973318099976,-0.1320197433233261,0.6264681816101074,0.5011695027351379,0.06021050363779068,0.604503870010376,0.5359994769096375,-0.07851076871156693,0.6251243352890015,0.5132262110710144,0.06391105055809021,0.600713849067688,0.5486518740653992,-0.07428337633609772,0.6432706117630005,0.5030964612960815,0.03625841811299324,0.6211703419685364,0.5461195111274719,-0.1097697988152504
0597,./images/8/frame_00597.jpg,Fall,0.5859557390213013,0.36270061135292053,-0.17286060750484467,0.5857232809066772,0.35502201318740845,-0.16958759725093842,0.5858567953109741,0.354695200920105,-0.16963492333889008,0.5862354040145874,0.3545965552330017,-0.16968217492103577,0.5840293169021606,0.3552795946598053,-0.17982670664787292,0.5831306576728821,0.35492944717407227,-0.17988917231559753,0.5821589231491089,0.3552539348602295,-0.17992141842842102,0.5832873582839966,0.3540375530719757,-0.12914298474788666,0.577466607093811,0.35473373532295227,-0.1732541024684906,0.5856299996376038,0.36798956990242004,-0.15317624807357788,0.5829019546508789,0.36849263310432434,-0.16715073585510254,0.5798735022544861,0.3710615336894989,-0.05070889741182327,0.5681830644607544,0.3886345326900482,-0.1521684229373932,0.5876659154891968,0.4132879972457886,-0.019228097051382065,0.575737714767456,0.4217286705970764,-0.13381865620613098,0.5856015086174011,0.42405959963798523,-0.048900019377470016,0.586463451385498,0.41499969363212585,-0.0977717712521553,0.5847082138061523,0.4307035207748413,-0.05280650407075882,0.5897747278213501,0.4170341491699219,-0.10147558152675629,0.5842665433883667,0.4249019920825958,-0.06041068583726883,0.5884516835212708,0.4119763970375061,-0.10240443050861359,0.5844508409500122,0.4226410388946533,-0.052568674087524414,0.5869964361190796,0.4111214876174927,-0.09684251248836517,0.5746046304702759,0.45877373218536377,0.03774821013212204,0.564473032951355,0.47612833976745605,-0.03767324611544609,0.6147791147232056,0.45416438579559326,-0.004552821163088083,0.6024096608161926,0.470944881439209,-0.14261983335018158,0.6358157396316528,0.4984576404094696,0.02450075000524521,0.6046932935714722,0.5360439419746399,-0.10700678825378418,0.6356868147850037,0.5106881260871887,0.025856679305434227,0.6008933186531067,0.5487217307090759,-0.10474331676959991,0.6541348695755005,0.49640586972236633,-0.006399629171937704,0.6207629442214966,0.5501896142959595,-0.14735308289527893
0598,./images/8/frame_00598.jpg,Fall,0.5855312347412109,0.3627428710460663,-0.19665727019309998,0.5857259035110474,0.35520556569099426,-0.1915174424648285,0.5859987735748291,0.3548937141895294,-0.19156423211097717,0.5863891839981079,0.3547767102718353,-0.1916259527206421,0.5831829309463501,0.35531044006347656,-0.2019576132297516,0.5808945298194885,0.35636961460113525,-0.20202572643756866,0.5795329809188843,0.3567875623703003,-0.20206663012504578,0.5835151672363281,0.3534526526927948,-0.14077606797218323,0.5766740441322327,0.355360209941864,-0.18777473270893097,0.5853325128555298,0.3680790364742279,-0.17438063025474548,0.581722617149353,0.36920204758644104,-0.18820856511592865,0.5832602381706238,0.3711767792701721,-0.06761500984430313,0.5644336938858032,0.3889187276363373,-0.16646131873130798,0.5896278023719788,0.4139274060726166,-0.03579980507493019,0.5719505548477173,0.42619797587394714,-0.15555226802825928,0.5881759524345398,0.4337722361087799,-0.06777729094028473,0.5872765183448792,0.4209490120410919,-0.13958576321601868,0.5878873467445374,0.44373393058776855,-0.07433058321475983,0.5910544991493225,0.42565855383872986,-0.15051624178886414,0.5874146223068237,0.43790191411972046,-0.0861142948269844,0.590297281742096,0.4126918911933899,-0.15510264039039612,0.5872961282730103,0.4342229664325714,-0.0732322484254837,0.5886846780776978,0.4142528474330902,-0.1404961347579956,0.5761281847953796,0.4565504789352417,0.036362990736961365,0.5639961361885071,0.47406256198883057,-0.03628463298082352,0.6168350577354431,0.4604431986808777,-0.013893675990402699,0.6010595560073853,0.47092941403388977,-0.14517095685005188,0.6326817274093628,0.5011098384857178,0.033811304718256,0.6048686504364014,0.5362251400947571,-0.09574083238840103,0.6316510438919067,0.5123152136802673,0.037227582186460495,0.6011166572570801,0.5473878383636475,-0.09299047291278839,0.6500550508499146,0.501613974571228,0.0067475237883627415,0.6207336187362671,0.5513437986373901,-0.12624439597129822
0599,./images/8/frame_00599.jpg,Fall,0.5853585004806519,0.36377885937690735,-0.21964474022388458,0.5856963396072388,0.3556593656539917,-0.215823695063591,0.5860408544540405,0.3553282618522644,-0.21585044264793396,0.5864421129226685,0.3551211953163147,-0.21590666472911835,0.5830104351043701,0.3564816415309906,-0.22504469752311707,0.5813862085342407,0.35696932673454285,-0.2251248061656952,0.5786045789718628,0.3579474091529846,-0.22516126930713654,0.5836277008056641,0.3532401919364929,-0.16538989543914795,0.5766130089759827,0.3554466664791107,-0.20716051757335663,0.5851419568061829,0.36825239658355713,-0.1971438229084015,0.5812000036239624,0.3698575794696808,-0.20943757891654968,0.5842194557189941,0.37079158425331116,-0.09146725386381149,0.5647984743118286,0.3890135884284973,-0.17757746577262878,0.5880804657936096,0.4090971350669861,-0.0508832149207592,0.570496678352356,0.4235409200191498,-0.18160343170166016,0.585247814655304,0.4230049252510071,-0.06737836450338364,0.585403323173523,0.406218558549881,-0.17652805149555206,0.583740234375,0.4303806722164154,-0.07083438336849213,0.5899314284324646,0.4048316180706024,-0.18641069531440735,0.5827327966690063,0.4247020184993744,-0.08057411015033722,0.588279128074646,0.39749816060066223,-0.18774248659610748,0.5833023190498352,0.42206984758377075,-0.07109373062849045,0.5868892669677734,0.3980323374271393,-0.1762607842683792,0.5768755674362183,0.45410239696502686,0.035556189715862274,0.5641907453536987,0.47265926003456116,-0.03545495122671127,0.6157440543174744,0.463897705078125,-0.013423159718513489,0.6021223068237305,0.47544533014297485,-0.1427413523197174,0.6248978972434998,0.5037589073181152,0.04921334609389305,0.6064475774765015,0.5369737148284912,-0.07899817079305649,0.6228950619697571,0.5132342576980591,0.0558447539806366,0.6031391620635986,0.5482308864593506,-0.07298120856285095,0.639324426651001,0.5092490911483765,0.024299683049321175,0.6226019263267517,0.5502176284790039,-0.10874830186367035
0600,./images/8/frame_00600.jpg,Fall,0.5853297710418701,0.36352548003196716,-0.22421522438526154,0.585618793964386,0.35575196146965027,-0.21934589743614197,0.5859735608100891,0.35543063282966614,-0.21936464309692383,0.5863561630249023,0.35519468784332275,-0.21941742300987244,0.5828579664230347,0.3565772473812103,-0.22935807704925537,0.580869734287262,0.35680630803108215,-0.22943958640098572,0.5781878232955933,0.3578540086746216,-0.22948169708251953,0.5837485790252686,0.35244399309158325,-0.16654816269874573,0.5763701796531677,0.3553861379623413,-0.21198895573616028,0.5850006937980652,0.36801254749298096,-0.2011619359254837,0.5808920860290527,0.36971935629844666,-0.2144901007413864,0.5841585993766785,0.37029629945755005,-0.09398946911096573,0.5628793239593506,0.3880113363265991,-0.18499168753623962,0.5888199806213379,0.4062674641609192,-0.05233635753393173,0.5662358403205872,0.4236777424812317,-0.19578906893730164,0.5851377248764038,0.41755133867263794,-0.06895184516906738,0.5831350088119507,0.4128938317298889,-0.1996329128742218,0.5837495923042297,0.42392051219940186,-0.07275456935167313,0.588062047958374,0.4137745797634125,-0.21192984282970428,0.5828129053115845,0.4184700846672058,-0.08200906217098236,0.5869680643081665,0.4062861502170563,-0.21313366293907166,0.5833133459091187,0.41643470525741577,-0.07264383137226105,0.5853902697563171,0.40569868683815,-0.19954422116279602,0.5778405666351318,0.4518909752368927,0.03548454865813255,0.5642856359481812,0.47023019194602966,-0.03539305180311203,0.615225076675415,0.46548399329185486,-0.007448095828294754,0.6021209955215454,0.475555956363678,-0.1414400041103363,0.6151245832443237,0.5112189650535583,0.07444100081920624,0.6051616668701172,0.5368313193321228,-0.06241316720843315,0.6116580963134766,0.519699215888977,0.0810709074139595,0.601354718208313,0.5477520227432251,-0.05505349487066269,0.6281133890151978,0.5219395160675049,0.055106841027736664,0.6225189566612244,0.5500349998474121,-0.0883377194404602
