frame_id,frame_path,label,kpt_0_x,kpt_0_y,kpt_0_z,kpt_1_x,kpt_1_y,kpt_1_z,kpt_2_x,kpt_2_y,kpt_2_z,kpt_3_x,kpt_3_y,kpt_3_z,kpt_4_x,kpt_4_y,kpt_4_z,kpt_5_x,kpt_5_y,kpt_5_z,kpt_6_x,kpt_6_y,kpt_6_z,kpt_7_x,kpt_7_y,kpt_7_z,kpt_8_x,kpt_8_y,kpt_8_z,kpt_9_x,kpt_9_y,kpt_9_z,kpt_10_x,kpt_10_y,kpt_10_z,kpt_11_x,kpt_11_y,kpt_11_z,kpt_12_x,kpt_12_y,kpt_12_z,kpt_13_x,kpt_13_y,kpt_13_z,kpt_14_x,kpt_14_y,kpt_14_z,kpt_15_x,kpt_15_y,kpt_15_z,kpt_16_x,kpt_16_y,kpt_16_z,kpt_17_x,kpt_17_y,kpt_17_z,kpt_18_x,kpt_18_y,kpt_18_z,kpt_19_x,kpt_19_y,kpt_19_z,kpt_20_x,kpt_20_y,kpt_20_z,kpt_21_x,kpt_21_y,kpt_21_z,kpt_22_x,kpt_22_y,kpt_22_z,kpt_23_x,kpt_23_y,kpt_23_z,kpt_24_x,kpt_24_y,kpt_24_z,kpt_25_x,kpt_25_y,kpt_25_z,kpt_26_x,kpt_26_y,kpt_26_z,kpt_27_x,kpt_27_y,kpt_27_z,kpt_28_x,kpt_28_y,kpt_28_z,kpt_29_x,kpt_29_y,kpt_29_z,kpt_30_x,kpt_30_y,kpt_30_z,kpt_31_x,kpt_31_y,kpt_31_z,kpt_32_x,kpt_32_y,kpt_32_z
0124,./images/190/frame_00124.jpg,Normal,0.44965267181396484,0.30932188034057617,0.16134598851203918,0.4491848051548004,0.30196434259414673,0.16672378778457642,0.448594331741333,0.30174553394317627,0.1667010486125946,0.44799214601516724,0.3015580177307129,0.16664913296699524,0.4506937861442566,0.302033931016922,0.15843169391155243,0.45108169317245483,0.3018926978111267,0.15843059122562408,0.4514695107936859,0.30183881521224976,0.15831057727336884,0.44726473093032837,0.30436891317367554,0.17333343625068665,0.45128554105758667,0.30554020404815674,0.13621172308921814,0.44876742362976074,0.31709954142570496,0.16361041367053986,0.45012325048446655,0.3174854516983032,0.15256039798259735,0.433264821767807,0.363189160823822,0.16476792097091675,0.45340925455093384,0.3515581488609314,0.07945635169744492,0.45197898149490356,0.4413796663284302,0.1667058765888214,0.4487791657447815,0.4245011508464813,0.05070679262280464,0.45786723494529724,0.45457565784454346,0.16409361362457275,0.4474133849143982,0.44052714109420776,0.07193107903003693,0.4562755227088928,0.45905452966690063,0.1640448123216629,0.4477701187133789,0.44453567266464233,0.07374978810548782,0.45988941192626953,0.45543932914733887,0.16605409979820251,0.4441731572151184,0.44353100657463074,0.06930401176214218,0.46110764145851135,0.45312681794166565,0.16351133584976196,0.44320422410964966,0.44171687960624695,0.07057878375053406,0.43015918135643005,0.4738694131374359,0.027055051177740097,0.44779953360557556,0.4649214744567871,-0.02726764976978302,0.45458611845970154,0.4241967797279358,0.04610077664256096,0.48372238874435425,0.43692517280578613,-0.00512385368347168,0.46250542998313904,0.45953652262687683,0.0323919840157032,0.4867250323295593,0.45316749811172485,0.0013672845670953393,0.4619153141975403,0.4713069796562195,0.0284256748855114,0.48300352692604065,0.4621098041534424,0.002266909461468458,0.467853844165802,0.45120739936828613,0.012649434618651867,0.496478408575058,0.4454696774482727,-0.005617631133645773
0125,./images/190/frame_00125.jpg,Normal,0.44660553336143494,0.3092605471611023,0.04548526927828789,0.4479975700378418,0.30146297812461853,0.05906389281153679,0.4484838545322418,0.3012673556804657,0.05900239944458008,0.4484441876411438,0.3011593222618103,0.058889828622341156,0.4452618956565857,0.3017923831939697,0.060768790543079376,0.4442811608314514,0.3017656207084656,0.06075664609670639,0.44332560896873474,0.30180642008781433,0.06070943549275398,0.44974812865257263,0.30436983704566956,0.11354678869247437,0.44227495789527893,0.305558979511261,0.1229647547006607,0.4483872354030609,0.3171139359474182,0.0645095556974411,0.44520264863967896,0.31772059202194214,0.06718547642230988,0.46292439103126526,0.3571982979774475,0.11992369592189789,0.4271916449069977,0.3601979911327362,0.11431556940078735,0.47662073373794556,0.425488144159317,0.09686820209026337,0.417379230260849,0.43200936913490295,0.07904715090990067,0.47216087579727173,0.45405319333076477,0.040877167135477066,0.4216402471065521,0.4477525055408478,0.019019117578864098,0.471411794424057,0.4587249755859375,0.028178390115499496,0.42299503087997437,0.4514276683330536,0.0070931375958025455,0.47035640478134155,0.4544099271297455,0.02765991911292076,0.42267829179763794,0.4448591470718384,0.0038727663923054934,0.4694364070892334,0.4521746337413788,0.03893392160534859,0.4234510362148285,0.4433457553386688,0.016226522624492645,0.455606609582901,0.4733077585697174,0.001684450777247548,0.4297194480895996,0.46657344698905945,-0.0017577649559825659,0.4881928563117981,0.4324894845485687,-0.11027051508426666,0.40939760208129883,0.4694719910621643,-0.01789328269660473,0.4547838568687439,0.46843165159225464,-0.08825651556253433,0.3988364338874817,0.47900116443634033,0.009909887798130512,0.44792690873146057,0.472549170255661,-0.08561117202043533,0.39948028326034546,0.4834001362323761,0.012753930874168873,0.4499306082725525,0.4847564697265625,-0.11009708791971207,0.38892143964767456,0.48422545194625854,-0.009506145492196083
0126,./images/190/frame_00126.jpg,Normal,0.44667553901672363,0.31017500162124634,0.1076294556260109,0.447704941034317,0.3017260730266571,0.10481201112270355,0.4474984109401703,0.3015037178993225,0.10476376861333847,0.44683510065078735,0.3014284670352936,0.10466772317886353,0.44550347328186035,0.302154004573822,0.09933676570653915,0.445303738117218,0.302158921957016,0.09931586682796478,0.4453918933868408,0.3022724688053131,0.09919978678226471,0.44652634859085083,0.3047712445259094,0.0755683034658432,0.44721707701683044,0.30578580498695374,0.05058895796537399,0.4482218325138092,0.31780970096588135,0.10320638120174408,0.44642049074172974,0.3183963894844055,0.09629197418689728,0.44073835015296936,0.3573150634765625,0.07188344746828079,0.44991612434387207,0.3601249158382416,0.008401736617088318,0.45614075660705566,0.42865508794784546,0.09759391099214554,0.4452875554561615,0.4317071735858917,0.036980532109737396,0.4631153643131256,0.45908114314079285,0.10705997794866562,0.4302947521209717,0.452771931886673,0.08424631506204605,0.4647141993045807,0.4675178825855255,0.1027027815580368,0.4243355691432953,0.4576096832752228,0.08225817233324051,0.46584033966064453,0.4636528491973877,0.10149186849594116,0.4249887466430664,0.45494693517684937,0.07769523561000824,0.4659970700740814,0.45998984575271606,0.10496550798416138,0.4255557656288147,0.45202404260635376,0.08219742029905319,0.45359182357788086,0.4742891192436218,0.002420530654489994,0.4458838105201721,0.470596045255661,-0.003028108039870858,0.4591473639011383,0.4400867521762848,0.15790881216526031,0.46410226821899414,0.46024420857429504,0.11412297189235687,0.44895339012145996,0.4676872789859772,0.3147658109664917,0.4620323181152344,0.47373583912849426,0.28381219506263733,0.44704920053482056,0.47250887751579285,0.332307368516922,0.4621714949607849,0.4784477949142456,0.30348870158195496,0.449023574590683,0.46737077832221985,0.3403058648109436,0.46560344099998474,0.4742184579372406,0.31374093890190125
0127,./images/190/frame_00127.jpg,Normal,0.4468469023704529,0.3101159930229187,0.05817989259958267,0.4478533864021301,0.30172768235206604,0.06768446415662766,0.44809746742248535,0.3015230596065521,0.06764068454504013,0.44826802611351013,0.3014832139015198,0.06754440069198608,0.44615069031715393,0.3021343946456909,0.06515757739543915,0.44585371017456055,0.3021361529827118,0.06516124308109283,0.44563570618629456,0.3022424578666687,0.06509624421596527,0.44840455055236816,0.30495136976242065,0.100369893014431,0.4454818367958069,0.3057493567466736,0.08808386325836182,0.44900280237197876,0.3178192675113678,0.07081041485071182,0.4468030035495758,0.31839519739151,0.06798592954874039,0.45908862352371216,0.35735711455345154,0.10239286720752716,0.4321616291999817,0.35948774218559265,0.01765180379152298,0.47300323843955994,0.4295523464679718,0.09784422069787979,0.42063626646995544,0.4321651756763458,0.04256937652826309,0.4773639738559723,0.4629117250442505,0.059340108186006546,0.42409437894821167,0.45148158073425293,0.01776653155684471,0.48013147711753845,0.4697363078594208,0.051089853048324585,0.4247032701969147,0.45577049255371094,0.009963038377463818,0.47978466749191284,0.46662795543670654,0.04762851446866989,0.42417439818382263,0.4546191692352295,0.0036999539006501436,0.4777507781982422,0.46332642436027527,0.05586397647857666,0.42428165674209595,0.45112958550453186,0.014296241104602814,0.45206546783447266,0.4766141176223755,0.010478608310222626,0.4356048107147217,0.4706059396266937,-0.010791422799229622,0.4827919602394104,0.4573449492454529,0.009036442264914513,0.44465821981430054,0.46573227643966675,-0.018264735117554665,0.4453279972076416,0.46755367517471313,0.10567323863506317,0.4387992024421692,0.46935394406318665,0.10955812782049179,0.43859583139419556,0.46685922145843506,0.14768165349960327,0.4356898367404938,0.4759034812450409,0.11253060400485992,0.43839073181152344,0.47195643186569214,0.1431770920753479,0.4448327422142029,0.4668963551521301,0.11583667993545532
0128,./images/190/frame_00128.jpg,Normal,0.44697636365890503,0.31007981300354004,0.05076181888580322,0.447878897190094,0.30169352889060974,0.057547181844711304,0.44815778732299805,0.30151644349098206,0.05750278756022453,0.4484398365020752,0.301484614610672,0.05739805847406387,0.44655290246009827,0.30196017026901245,0.05627794936299324,0.44628334045410156,0.30191460251808167,0.05630088597536087,0.44605904817581177,0.3019378185272217,0.05624977499246597,0.4485360085964203,0.30498722195625305,0.08364920318126678,0.44556158781051636,0.30525174736976624,0.07951590418815613,0.44937020540237427,0.31781741976737976,0.06057686358690262,0.44694286584854126,0.31832805275917053,0.05928393080830574,0.46311354637145996,0.3559750020503998,0.08382634073495865,0.43388429284095764,0.35877811908721924,0.04991395026445389,0.47456851601600647,0.42560938000679016,0.08123740553855896,0.42237311601638794,0.42971864342689514,0.03234642371535301,0.4829457700252533,0.4600202441215515,0.053009022027254105,0.4260403513908386,0.4488852918148041,-0.007323333527892828,0.48706871271133423,0.46665123105049133,0.046326782554388046,0.42671284079551697,0.45250648260116577,-0.015329504385590553,0.4868682026863098,0.46510282158851624,0.042290665209293365,0.425982803106308,0.44738638401031494,-0.021456046029925346,0.4843331277370453,0.4622078835964203,0.04960893467068672,0.42624908685684204,0.4453674852848053,-0.01124694012105465,0.4537804126739502,0.47591865062713623,0.009138920344412327,0.4378270208835602,0.4704410433769226,-0.009317729622125626,0.48852258920669556,0.46491655707359314,-0.004543576389551163,0.4521234929561615,0.46883776783943176,-0.02320064976811409,0.44872337579727173,0.4767600893974304,0.05548844486474991,0.4497174322605133,0.4751885235309601,0.07989858835935593,0.44350847601890564,0.4723037779331207,0.07180237770080566,0.4376789927482605,0.4770633578300476,0.0887424498796463,0.4414128363132477,0.4816991686820984,0.12441160529851913,0.45351019501686096,0.4765135943889618,0.10701243579387665
0129,./images/190/frame_00129.jpg,Normal,0.4462406635284424,0.31005796790122986,0.009631237015128136,0.44761642813682556,0.3015974760055542,0.018946675583720207,0.4481624662876129,0.30149829387664795,0.01889428310096264,0.4488239884376526,0.3014886975288391,0.01877286471426487,0.4448001980781555,0.3016287386417389,0.020565170794725418,0.44388383626937866,0.3015969693660736,0.020563814789056778,0.4429810047149658,0.3016432523727417,0.020537134259939194,0.45024609565734863,0.3051306903362274,0.06242332607507706,0.44234147667884827,0.30520522594451904,0.07065458595752716,0.44936108589172363,0.31813162565231323,0.02563062682747841,0.4453074336051941,0.31832653284072876,0.027977192774415016,0.46539759635925293,0.3562103807926178,0.07076478749513626,0.42822322249412537,0.3596174418926239,0.055811814963817596,0.4777735769748688,0.42108577489852905,0.05773419141769409,0.41609349846839905,0.4240330159664154,0.029325883835554123,0.4819069802761078,0.4552760720252991,0.015587976202368736,0.4176725447177887,0.4354453682899475,-0.04443763196468353,0.48413434624671936,0.4620465040206909,0.00736370449885726,0.41770872473716736,0.4374532401561737,-0.05714120715856552,0.48344606161117554,0.4596002399921417,0.003346095560118556,0.41811782121658325,0.43019649386405945,-0.05764128640294075,0.4814668297767639,0.45691758394241333,0.012531314976513386,0.41921988129615784,0.42974239587783813,-0.04683037847280502,0.4616628587245941,0.4660564064979553,0.003424484981223941,0.43445220589637756,0.46316948533058167,-0.003487385343760252,0.5034951567649841,0.45678457617759705,-0.10914645344018936,0.42971381545066833,0.4669100046157837,-0.07951008528470993,0.4499892294406891,0.47417348623275757,-0.05614706873893738,0.4429128170013428,0.47897064685821533,0.0012410879135131836,0.44344520568847656,0.4672562777996063,-0.048239536583423615,0.4430754780769348,0.4778001010417938,0.011307703331112862,0.4380464553833008,0.48506301641464233,-0.05547310784459114,0.4464501440525055,0.49089550971984863,0.005281051620841026
0130,./images/190/frame_00130.jpg,Normal,0.4454624652862549,0.31006214022636414,0.05951257795095444,0.4471001625061035,0.3017025291919708,0.06834857165813446,0.44801586866378784,0.30167484283447266,0.06830734014511108,0.44882455468177795,0.3017610013484955,0.06820420175790787,0.44363585114479065,0.3016614317893982,0.06601277738809586,0.44252070784568787,0.30164340138435364,0.06601149588823318,0.4414369463920593,0.301704078912735,0.06592641770839691,0.45035266876220703,0.30537185072898865,0.11467806249856949,0.4402162432670593,0.3053499758243561,0.12803569436073303,0.44906288385391235,0.31829893589019775,0.07099178433418274,0.44396281242370605,0.31832727789878845,0.06209990382194519,0.46569791436195374,0.3557230532169342,0.11192965507507324,0.4264122545719147,0.3609960675239563,0.1229483112692833,0.4789407253265381,0.4171031415462494,0.08652978390455246,0.41475003957748413,0.4224449098110199,0.08099385350942612,0.49125057458877563,0.45077040791511536,0.064519502222538,0.4144342839717865,0.4366597533226013,0.0014305347576737404,0.49611806869506836,0.458379864692688,0.058292023837566376,0.41372689604759216,0.4393419623374939,-0.008431130088865757,0.4961945414543152,0.45699870586395264,0.052843738347291946,0.4144814610481262,0.43334054946899414,-0.01044270396232605,0.49290570616722107,0.454267680644989,0.06127219274640083,0.4158225953578949,0.43233346939086914,-0.001199736027047038,0.4641219675540924,0.46071505546569824,-0.0010742966551333666,0.4335562586784363,0.4602462649345398,0.0010798994917422533,0.5088040828704834,0.4532549977302551,-0.14249645173549652,0.4102907180786133,0.4706261456012726,-0.12633205950260162,0.4493655562400818,0.4727133810520172,-0.09895987063646317,0.43558865785598755,0.4799554944038391,-0.06055073067545891,0.4417225420475006,0.46562105417251587,-0.09215216338634491,0.4396832585334778,0.4766444265842438,-0.05181841179728508,0.4323653280735016,0.4877750873565674,-0.1062629371881485,0.44036513566970825,0.494545578956604,-0.06540271639823914
0131,./images/190/frame_00131.jpg,Normal,0.44563913345336914,0.3111525774002075,0.04263301193714142,0.44713300466537476,0.3027319312095642,0.05320145562291145,0.44807538390159607,0.30278995633125305,0.05313671752810478,0.44916200637817383,0.30299124121665955,0.05300983786582947,0.443620502948761,0.30219754576683044,0.053008295595645905,0.4424578547477722,0.30204692482948303,0.053012680262327194,0.4413413107395172,0.3020266890525818,0.052975255995988846,0.45070141553878784,0.3059663474559784,0.09858065098524094,0.4401072561740875,0.30570951104164124,0.10595916211605072,0.44917193055152893,0.31947991251945496,0.05829593539237976,0.44414371252059937,0.31885841488838196,0.057689886540174484,0.4654228091239929,0.3559633791446686,0.09853482246398926,0.42692604660987854,0.36173442006111145,0.09646611660718918,0.4809264540672302,0.41711968183517456,0.08075948059558868,0.41676798462867737,0.4213172197341919,0.0475306399166584,0.48937806487083435,0.4498755931854248,0.03702846169471741,0.4184834957122803,0.4346025586128235,-0.03597616031765938,0.493712842464447,0.4568437933921814,0.029388651251792908,0.4183913767337799,0.4373832643032074,-0.0482860691845417,0.4934416711330414,0.4550642669200897,0.02383604645729065,0.41877633333206177,0.43115538358688354,-0.049721989780664444,0.4903666079044342,0.4525844156742096,0.033230800181627274,0.41962331533432007,0.43020129203796387,-0.03876823931932449,0.46236157417297363,0.46018218994140625,0.0023610566277056932,0.4332895278930664,0.4585442841053009,-0.0024414847139269114,0.5045310854911804,0.4514162242412567,-0.09016560018062592,0.4269171357154846,0.47298964858055115,-0.09705890715122223,0.4495767056941986,0.4657652676105499,-0.03485662117600441,0.44401878118515015,0.4759889245033264,-0.009360695257782936,0.44348448514938354,0.457040399312973,-0.026927288621664047,0.4459553360939026,0.46639662981033325,0.0021605738438665867,0.4382995069026947,0.4828994870185852,-0.027633894234895706,0.4498012065887451,0.4853682219982147,0.005529099144041538
0132,./images/190/frame_00132.jpg,Normal,0.4458633065223694,0.31148380041122437,0.0031024788040667772,0.44716542959213257,0.3031015694141388,0.00842861644923687,0.448061466217041,0.3031527101993561,0.00837214756757021,0.4490688741207123,0.3033401370048523,0.008258076384663582,0.4437684416770935,0.30242857336997986,0.005082870367914438,0.4428190588951111,0.30215150117874146,0.005092534702271223,0.4418424665927887,0.30206260085105896,0.005046920385211706,0.4500998854637146,0.3060542643070221,0.034205205738544464,0.44070348143577576,0.30559828877449036,0.021049153059720993,0.44920897483825684,0.319536954164505,0.013824720866978168,0.4447081685066223,0.31888192892074585,0.00985434278845787,0.46175819635391235,0.35362860560417175,0.04631412401795387,0.4298488199710846,0.3607134222984314,0.008870369754731655,0.47524505853652954,0.4194124937057495,0.04623837023973465,0.41964706778526306,0.4213685393333435,-0.020133957266807556,0.4880433678627014,0.45022934675216675,0.025052079930901527,0.4205237925052643,0.431378036737442,-0.05393751710653305,0.48970627784729004,0.45634740591049194,0.019361568614840508,0.4208622872829437,0.4328623414039612,-0.06246597692370415,0.4899241328239441,0.45407214760780334,0.01620468497276306,0.42107024788856506,0.4263182282447815,-0.06645868718624115,0.48971885442733765,0.4519132375717163,0.022212611511349678,0.42134228348731995,0.42590659856796265,-0.057263921946287155,0.46008601784706116,0.46184593439102173,0.004020388238132,0.43622103333473206,0.4596458077430725,-0.004212456755340099,0.4961831569671631,0.451296865940094,0.022797055542469025,0.451479434967041,0.4605412483215332,-0.011185642331838608,0.4544486105442047,0.46108949184417725,0.09921201318502426,0.460233211517334,0.47008422017097473,0.09933511912822723,0.44961223006248474,0.4551782011985779,0.10934650897979736,0.4605967104434967,0.4654395282268524,0.1144123300909996,0.44490471482276917,0.4698500633239746,0.1204729899764061,0.46603265404701233,0.4784318804740906,0.13871118426322937
0133,./images/190/frame_00133.jpg,Normal,0.44585752487182617,0.3115442991256714,0.0369330570101738,0.44674307107925415,0.30335286259651184,0.04044885188341141,0.44751089811325073,0.3034256100654602,0.04042281210422516,0.4483625292778015,0.30362963676452637,0.040225133299827576,0.44396352767944336,0.3026694059371948,0.05207429081201553,0.4431440830230713,0.30240920186042786,0.05209355428814888,0.44233402609825134,0.3023229241371155,0.05208980292081833,0.44916993379592896,0.3063802421092987,0.04950902611017227,0.44146671891212463,0.3058937191963196,0.0918605774641037,0.44879966974258423,0.3195217251777649,0.04144851863384247,0.4448204040527344,0.3188764750957489,0.056829649955034256,0.46634823083877563,0.3538578450679779,0.07838265597820282,0.4279975891113281,0.3621775805950165,0.07797729969024658,0.47559696435928345,0.420409619808197,0.07312296330928802,0.42049795389175415,0.423552930355072,0.03666142374277115,0.48454204201698303,0.4523445665836334,0.04686371237039566,0.42265042662620544,0.43972575664520264,-0.021016323938965797,0.48735204339027405,0.4576069712638855,0.04004408046603203,0.42299628257751465,0.44127124547958374,-0.028040820732712746,0.48770418763160706,0.45602554082870483,0.0363515242934227,0.42269405722618103,0.4363499581813812,-0.03184283897280693,0.4859325885772705,0.4539991021156311,0.04396062716841698,0.4228421747684479,0.43551141023635864,-0.02379734441637993,0.4598805904388428,0.46245747804641724,0.00025780676514841616,0.4366512894630432,0.45968082547187805,-0.00039792837924323976,0.4998418688774109,0.44800758361816406,-0.0454057976603508,0.43874019384384155,0.4604685604572296,-0.023744260892271996,0.4568418562412262,0.4517210125923157,0.015580454841256142,0.4553888440132141,0.4589635729789734,0.07116886228322983,0.45107054710388184,0.44585949182510376,0.0238005630671978,0.4582222104072571,0.4532683491706848,0.08372683078050613,0.44535380601882935,0.4616174101829529,0.025361988693475723,0.4596032202243805,0.4696670472621918,0.09674860537052155
0134,./images/190/frame_00134.jpg,Normal,0.4458184242248535,0.311566025018692,0.1275058090686798,0.44577059149742126,0.3034713864326477,0.12846842408180237,0.4458009600639343,0.3035520017147064,0.12843254208564758,0.4457731246948242,0.3037690818309784,0.12830224633216858,0.4442051351070404,0.3027981221675873,0.12630054354667664,0.443170964717865,0.30253398418426514,0.1263197958469391,0.442882239818573,0.3024367392063141,0.12628242373466492,0.44540324807167053,0.30645444989204407,0.12183789908885956,0.44343680143356323,0.30589157342910767,0.11548538506031036,0.44744062423706055,0.31936439871788025,0.12684248387813568,0.4449135661125183,0.31876340508461,0.1244361624121666,0.44917359948158264,0.35522282123565674,0.10080550611019135,0.4420723021030426,0.3617921471595764,0.08634574711322784,0.46673351526260376,0.4273780286312103,0.0929134339094162,0.4310900568962097,0.4275869131088257,0.07730293273925781,0.47886180877685547,0.45985543727874756,0.07445652782917023,0.428119421005249,0.4429187774658203,0.0756063386797905,0.4812919497489929,0.46437543630599976,0.05996916443109512,0.42881184816360474,0.4440099895000458,0.06814514100551605,0.4828283190727234,0.46123895049095154,0.05755110830068588,0.4268302023410797,0.4388669431209564,0.0652526393532753,0.48191508650779724,0.459115207195282,0.07065210491418839,0.42629656195640564,0.43773913383483887,0.07281199097633362,0.45336946845054626,0.4629897177219391,0.002064227592200041,0.4441741108894348,0.46135470271110535,-0.0021793709602206945,0.48618850111961365,0.4539991021156311,0.07992057502269745,0.45191526412963867,0.46689894795417786,0.08549244701862335,0.45580577850341797,0.4601397216320038,0.19895011186599731,0.45281657576560974,0.46749797463417053,0.21667902171611786,0.4510341286659241,0.45842158794403076,0.2123105227947235,0.45347824692726135,0.47052329778671265,0.2321082055568695,0.445563942193985,0.46517542004585266,0.21946021914482117,0.4532148241996765,0.46968337893486023,0.24246299266815186
0135,./images/190/frame_00135.jpg,Normal,0.4459138810634613,0.3131374716758728,0.11572606861591339,0.4457041621208191,0.30522891879081726,0.11402137577533722,0.445434033870697,0.30523762106895447,0.11398039013147354,0.445040762424469,0.305393785238266,0.1138618215918541,0.44483137130737305,0.30452200770378113,0.10979937016963959,0.44451016187667847,0.30412545800209045,0.10979960113763809,0.4447498917579651,0.30389025807380676,0.10974037647247314,0.44410568475723267,0.30730360746383667,0.10859592258930206,0.44580942392349243,0.30659404397010803,0.08582144975662231,0.4472424387931824,0.320019394159317,0.11328263580799103,0.4458959102630615,0.3194158673286438,0.1082124337553978,0.43923115730285645,0.35850608348846436,0.08638061583042145,0.44915667176246643,0.36149537563323975,0.048604510724544525,0.4588285982608795,0.43264034390449524,0.07808713614940643,0.437497615814209,0.4285292327404022,0.04466141015291214,0.46858519315719604,0.4636756181716919,0.05724669620394707,0.43266671895980835,0.44092226028442383,0.04020179063081741,0.4699391722679138,0.46961402893066406,0.042276863008737564,0.4331591725349426,0.4411986470222473,0.032092541456222534,0.47183459997177124,0.4652900993824005,0.04127399995923042,0.4304863512516022,0.435720831155777,0.029417071491479874,0.4716104567050934,0.4623897075653076,0.05371644347906113,0.4294124245643616,0.43452054262161255,0.037494778633117676,0.4481241703033447,0.46475398540496826,0.005747748538851738,0.4487680494785309,0.46502211689949036,-0.005884791724383831,0.47726184129714966,0.45478999614715576,0.10504122823476791,0.4633632302284241,0.4670221507549286,0.09212653338909149,0.45329999923706055,0.4627588093280792,0.24505798518657684,0.4529770016670227,0.47097569704055786,0.24670162796974182,0.4494125247001648,0.4640067517757416,0.2609400153160095,0.4515449106693268,0.4768614172935486,0.2647813558578491,0.44565558433532715,0.46549004316329956,0.26946520805358887,0.4541313648223877,0.46903717517852783,0.27719512581825256
0142,./images/190/frame_00142.jpg,Normal,0.4436699450016022,0.3178398609161377,0.15958763659000397,0.4447135031223297,0.31219667196273804,0.1737106293439865,0.44503727555274963,0.3123922348022461,0.1737189143896103,0.44550400972366333,0.31279438734054565,0.17360396683216095,0.44394928216934204,0.3107032775878906,0.17432671785354614,0.4437175691127777,0.31001758575439453,0.1743372082710266,0.4435362219810486,0.3095961809158325,0.174294114112854,0.44625982642173767,0.31628650426864624,0.2134195864200592,0.44395652413368225,0.31260597705841064,0.2161342352628708,0.4441011846065521,0.3237449526786804,0.17217789590358734,0.4428122043609619,0.32313084602355957,0.1725376844406128,0.458735853433609,0.3682376742362976,0.18218345940113068,0.4157431721687317,0.37668606638908386,0.20017310976982117,0.46836191415786743,0.4477422833442688,0.20621070265769958,0.3970605432987213,0.4432915151119232,0.17720480263233185,0.4677986204624176,0.49547043442726135,0.2442931830883026,0.4011705815792084,0.46868422627449036,0.15756168961524963,0.46773266792297363,0.5043674111366272,0.2438337355852127,0.40398985147476196,0.4727519452571869,0.15367402136325836,0.46664708852767944,0.5053207278251648,0.2422725260257721,0.40403515100479126,0.46949636936187744,0.14981263875961304,0.46515369415283203,0.5027099251747131,0.24439258873462677,0.4036504626274109,0.4684341847896576,0.15561163425445557,0.43985480070114136,0.4732650816440582,-0.015123536810278893,0.4258800446987152,0.4756132662296295,0.014905421063303947,0.44824275374412537,0.4280362129211426,-0.06396132707595825,0.4221285879611969,0.4560105502605438,0.003792919684201479,0.4270980954170227,0.46470579504966736,-0.030272062867879868,0.4182450771331787,0.46117493510246277,0.05393616110086441,0.4233136773109436,0.47977450489997864,-0.02693367563188076,0.41824182868003845,0.46787235140800476,0.060831569135189056,0.4180521070957184,0.45667093992233276,-0.03504577651619911,0.4147605001926422,0.45454925298690796,0.062439728528261185
0143,./images/190/frame_00143.jpg,Normal,0.44367724657058716,0.31191232800483704,0.02615402080118656,0.4448085427284241,0.3064146339893341,0.03954244405031204,0.4453991949558258,0.3070504069328308,0.03954099863767624,0.44620710611343384,0.3078238368034363,0.039384227246046066,0.4434526562690735,0.30488893389701843,0.040713120251894,0.4427410662174225,0.30455631017684937,0.040736641734838486,0.4419875741004944,0.304463654756546,0.040726128965616226,0.4470668435096741,0.3128661513328552,0.09706436097621918,0.44125813245773315,0.30925053358078003,0.10364849865436554,0.44478410482406616,0.3192117512226105,0.04655420035123825,0.4427303671836853,0.3181643486022949,0.04819249361753464,0.4623681902885437,0.3658923804759979,0.11449309438467026,0.4162513315677643,0.36819928884506226,0.11230833828449249,0.4729216694831848,0.43762144446372986,0.1504589021205902,0.4010683000087738,0.43344295024871826,0.1270286738872528,0.46778640151023865,0.46406102180480957,0.16691020131111145,0.40857258439064026,0.45810264348983765,0.1269562542438507,0.46738919615745544,0.46820518374443054,0.1660870611667633,0.41062793135643005,0.46227777004241943,0.12371913343667984,0.4663293957710266,0.46484434604644775,0.16515138745307922,0.41173696517944336,0.4580710232257843,0.11846207082271576,0.46483415365219116,0.4630166292190552,0.16712914407253265,0.412384033203125,0.4567435681819916,0.12501683831214905,0.44851216673851013,0.4648247957229614,-0.006061586085706949,0.4182170331478119,0.459760844707489,0.005943311844021082,0.4852104187011719,0.4372013509273529,-0.11936917155981064,0.3862154483795166,0.4726400673389435,-0.08266312628984451,0.43399477005004883,0.46934881806373596,-0.027348628267645836,0.4073757529258728,0.46848881244659424,0.023937392979860306,0.42579859495162964,0.47432127594947815,-0.01651836186647415,0.4121739864349365,0.46740585565567017,0.03717062249779701,0.4244961142539978,0.4923522472381592,-0.029462715610861778,0.40817707777023315,0.4864184558391571,0.031451594084501266
0144,./images/190/frame_00144.jpg,Normal,0.4437495768070221,0.3055514991283417,0.04643157497048378,0.44434040784835815,0.30134302377700806,0.03966575115919113,0.4441642761230469,0.3020654618740082,0.039658524096012115,0.4438389837741852,0.30286359786987305,0.039535097777843475,0.44386449456214905,0.30045047402381897,0.03695622831583023,0.4437474310398102,0.300559401512146,0.03696420416235924,0.44375571608543396,0.300786554813385,0.036915913224220276,0.44322139024734497,0.30917611718177795,0.01810765638947487,0.4444747865200043,0.3070831000804901,0.005555023439228535,0.44455280900001526,0.313365638256073,0.041480936110019684,0.44383853673934937,0.3122518062591553,0.03777544945478439,0.4300895631313324,0.36329177021980286,0.0162984486669302,0.45164328813552856,0.35994279384613037,-0.002648144494742155,0.4423902928829193,0.43610212206840515,0.07734465599060059,0.4413629472255707,0.4348773956298828,0.022771568968892097,0.45426803827285767,0.4581751525402069,0.14019782841205597,0.4325273633003235,0.4580947458744049,0.06261888891458511,0.45549821853637695,0.46143531799316406,0.13846269249916077,0.4321620464324951,0.46241295337677,0.06257947534322739,0.45810699462890625,0.4605577290058136,0.13460847735404968,0.42865127325057983,0.4590890109539032,0.0501243881881237,0.45770806074142456,0.45916011929512024,0.13838547468185425,0.4288822114467621,0.45711538195610046,0.057758867740631104,0.4307228624820709,0.4617622494697571,-0.004840916953980923,0.4372340738773346,0.4624747335910797,0.004793187603354454,0.4436649680137634,0.4360330402851105,0.018186349421739578,0.43794965744018555,0.47644898295402527,0.040103208273649216,0.41845735907554626,0.4835275113582611,0.13611993193626404,0.44389480352401733,0.48585209250450134,0.14611247181892395,0.415335088968277,0.4960445761680603,0.14935238659381866,0.4463632106781006,0.49096786975860596,0.1600089967250824,0.4081694185733795,0.4823853075504303,0.14336644113063812,0.443672239780426,0.4840647280216217,0.16166150569915771
0145,./images/190/frame_00145.jpg,Normal,0.4436561167240143,0.3034834861755371,0.07839909195899963,0.4431954026222229,0.2991260588169098,0.0973309576511383,0.4424017369747162,0.2998408079147339,0.09732357412576675,0.4413986802101135,0.3006170988082886,0.09720078110694885,0.44386476278305054,0.29827871918678284,0.09434051811695099,0.4438699185848236,0.2984132468700409,0.09435237944126129,0.44412761926651,0.29866111278533936,0.0942966639995575,0.44028934836387634,0.30686578154563904,0.07019992917776108,0.4454188942909241,0.30531051754951477,0.04956160858273506,0.4437570571899414,0.31159624457359314,0.0970928743481636,0.44404497742652893,0.31041786074638367,0.09277895838022232,0.419505774974823,0.3634316027164459,0.0551212914288044,0.4561842978000641,0.3576468229293823,0.018760520964860916,0.43146929144859314,0.43180885910987854,0.10542263090610504,0.4496903419494629,0.43498608469963074,0.03578147292137146,0.4440223276615143,0.4532468914985657,0.16568860411643982,0.44048362970352173,0.4580298662185669,0.07490293681621552,0.44507941603660583,0.4583453834056854,0.16240854561328888,0.44049564003944397,0.4625253975391388,0.07182827591896057,0.44825220108032227,0.45602840185165405,0.15989966690540314,0.43692144751548767,0.45959168672561646,0.06436360627412796,0.44909849762916565,0.4542085528373718,0.16403895616531372,0.4364895820617676,0.45717760920524597,0.07173721492290497,0.42393478751182556,0.4629868268966675,0.002015152480453253,0.44198113679885864,0.46368616819381714,-0.0021417499519884586,0.43126335740089417,0.43946096301078796,0.08988679945468903,0.4482370913028717,0.47299301624298096,0.10309411585330963,0.41351667046546936,0.49957016110420227,0.20944707095623016,0.44031596183776855,0.5008509755134583,0.23617461323738098,0.411410391330719,0.5171985626220703,0.2232772409915924,0.4395442605018616,0.5134149789810181,0.2529301047325134,0.40462833642959595,0.48722490668296814,0.22417204082012177,0.4396098256111145,0.4909219443798065,0.26207414269447327
0146,./images/190/frame_00146.jpg,Normal,0.4436439573764801,0.3035995066165924,0.10054042190313339,0.44329118728637695,0.29870980978012085,0.10754618793725967,0.4429258406162262,0.29942670464515686,0.10762666165828705,0.4426638185977936,0.30025389790534973,0.1075316071510315,0.44334477186203003,0.2976270318031311,0.0978778526186943,0.44292864203453064,0.29761284589767456,0.09784101694822311,0.44256407022476196,0.2977238595485687,0.09777937829494476,0.44188371300697327,0.30634963512420654,0.1525033414363861,0.4422599673271179,0.3039265275001526,0.1605314463376999,0.44400811195373535,0.3119456470012665,0.1044992208480835,0.4434944689273834,0.3105500638484955,0.10347352921962738,0.45027217268943787,0.359984427690506,0.13060881197452545,0.42466920614242554,0.3601566255092621,0.14702333509922028,0.46396756172180176,0.4259035885334015,0.09638069570064545,0.4175693988800049,0.4292911887168884,0.08805424720048904,0.4614441990852356,0.455280601978302,0.023157531395554543,0.43623852729797363,0.4483313262462616,0.012101597152650356,0.46394428610801697,0.46155309677124023,0.007233927492052317,0.4376314580440521,0.45288217067718506,-0.0008118419791571796,0.46218371391296387,0.45949605107307434,0.009090857580304146,0.43048161268234253,0.44629019498825073,-0.0035395831800997257,0.46026378870010376,0.4569799602031708,0.02131689339876175,0.42965298891067505,0.4446401298046112,0.008696874603629112,0.4450485110282898,0.4599594175815582,-0.0009471083176322281,0.42554038763046265,0.45925042033195496,0.0007390316459350288,0.4944491982460022,0.45589685440063477,-0.09012118726968765,0.38979849219322205,0.47569116950035095,-0.03986649960279465,0.4270322918891907,0.49211499094963074,-0.04133162647485733,0.3818827271461487,0.4882439076900482,0.012134941294789314,0.4161136746406555,0.48116955161094666,-0.035466454923152924,0.3832646310329437,0.48808035254478455,0.01845337450504303,0.41734689474105835,0.49573105573654175,-0.04045236110687256,0.37252989411354065,0.4841119647026062,0.013259746134281158
0147,./images/190/frame_00147.jpg,Normal,0.44325175881385803,0.3042775094509125,0.06928960978984833,0.44332727789878845,0.29882940649986267,0.08417345583438873,0.4431557059288025,0.2995334565639496,0.08414428681135178,0.4435715079307556,0.3003574311733246,0.0840233564376831,0.4421014189720154,0.2978740334510803,0.08428686857223511,0.44120725989341736,0.2978897988796234,0.08430209010839462,0.44005322456359863,0.29797840118408203,0.08427242189645767,0.44352465867996216,0.306671679019928,0.1430974006652832,0.4388996958732605,0.30410152673721313,0.15996475517749786,0.44408002495765686,0.3126630485057831,0.0875152051448822,0.4421733021736145,0.3113582730293274,0.08904443681240082,0.4580512046813965,0.35965046286582947,0.1339792013168335,0.4174703061580658,0.3611951172351837,0.14080393314361572,0.4747689664363861,0.42716675996780396,0.08039914816617966,0.4046640396118164,0.4246986508369446,0.06938805431127548,0.4641709327697754,0.45171618461608887,-0.009635557420551777,0.419922411441803,0.43900391459465027,-0.029317189007997513,0.46476754546165466,0.4572916328907013,-0.02711949124932289,0.42294901609420776,0.4434724450111389,-0.04568909481167793,0.46256837248802185,0.4526028633117676,-0.022796206176280975,0.4224892258644104,0.4349234700202942,-0.04663620516657829,0.460705429315567,0.4505472481250763,-0.010648230090737343,0.4225100576877594,0.4338036775588989,-0.03204033523797989,0.4508500099182129,0.4610626697540283,-0.0015216221800073981,0.4201613962650299,0.4599469006061554,0.0014060564571991563,0.5039092302322388,0.4575631320476532,-0.12028207629919052,0.3843908905982971,0.4931109547615051,-0.07415850460529327,0.428305059671402,0.4883200228214264,-0.08241906762123108,0.37557512521743774,0.4845491945743561,-0.012435460463166237,0.41680580377578735,0.4812700152397156,-0.07736840844154358,0.37668269872665405,0.48445457220077515,-0.004920917097479105,0.41719183325767517,0.5072246789932251,-0.08719176054000854,0.3661464750766754,0.4815238118171692,-0.008371314033865929
0148,./images/190/frame_00148.jpg,Normal,0.4425676465034485,0.30479851365089417,0.07169187068939209,0.4432750642299652,0.29921698570251465,0.08645308762788773,0.44316840171813965,0.2999001145362854,0.08642009645700455,0.4439525604248047,0.3007199168205261,0.08631285279989243,0.440913587808609,0.2982763946056366,0.08780702948570251,0.4397481381893158,0.298277884721756,0.08780701458454132,0.43834036588668823,0.29835793375968933,0.08777187764644623,0.4444650113582611,0.3070404827594757,0.14196333289146423,0.43701568245887756,0.3043557107448578,0.15426956117153168,0.44408363103866577,0.31312891840934753,0.08990778028964996,0.4409264922142029,0.3118922710418701,0.09236037731170654,0.46241146326065063,0.359650194644928,0.13518686592578888,0.414853036403656,0.3619084358215332,0.1442757397890091,0.4761815071105957,0.425497829914093,0.07937703281641006,0.40106430649757385,0.4259459674358368,0.08092701435089111,0.46415430307388306,0.45239371061325073,-0.014060457237064838,0.41153985261917114,0.4431217610836029,-0.009611393325030804,0.4646177887916565,0.4588584899902344,-0.03119155392050743,0.4145233631134033,0.4481744170188904,-0.024415303021669388,0.4619302749633789,0.4543852210044861,-0.02725694514811039,0.4162233769893646,0.4404717683792114,-0.0249246247112751,0.4603409171104431,0.45217493176460266,-0.01507712434977293,0.4166046679019928,0.43893885612487793,-0.011699614115059376,0.4535536766052246,0.4615785777568817,-0.0026224025059491396,0.4202607274055481,0.461156964302063,0.002503323135897517,0.5057349801063538,0.4544772207736969,-0.1303705871105194,0.38261327147483826,0.4865500032901764,-0.04979187995195389,0.4299887716770172,0.47975000739097595,-0.10471777617931366,0.35346782207489014,0.46904128789901733,-0.019367897883057594,0.4172515273094177,0.47162002325057983,-0.10095296800136566,0.3515940308570862,0.47093722224235535,-0.015946634113788605,0.41709214448928833,0.4979400932788849,-0.1136699691414833,0.33851951360702515,0.4623623192310333,-0.02570291794836521
0149,./images/190/frame_00149.jpg,Normal,0.4418383538722992,0.3040256202220917,0.083488829433918,0.4432746469974518,0.2986685335636139,0.09767983108758926,0.4434756338596344,0.29937857389450073,0.0976477563381195,0.4449487328529358,0.3002277910709381,0.09752948582172394,0.4397425055503845,0.297717809677124,0.09849056601524353,0.4381744861602783,0.2977375388145447,0.09849308431148529,0.43660449981689453,0.29786166548728943,0.09845058619976044,0.4463832378387451,0.3066934645175934,0.1534510850906372,0.4346805512905121,0.303954541683197,0.16287687420845032,0.44409507513046265,0.313102662563324,0.10006533563137054,0.43924790620803833,0.311720609664917,0.10135632753372192,0.46479377150535583,0.35883453488349915,0.14060716331005096,0.4106433391571045,0.3621583580970764,0.15023089945316315,0.4771650433540344,0.42626872658729553,0.07297679781913757,0.3944169282913208,0.42589056491851807,0.07636472582817078,0.4643968641757965,0.4533262848854065,-0.033712588250637054,0.39981696009635925,0.4437377154827118,-0.027583232149481773,0.4645307660102844,0.4603804349899292,-0.05155422165989876,0.4017064571380615,0.4493401050567627,-0.0448148138821125,0.4616619646549225,0.45516568422317505,-0.04890770465135574,0.40438538789749146,0.4411735236644745,-0.043131135404109955,0.460205078125,0.45302489399909973,-0.03513101488351822,0.4052255153656006,0.4396144151687622,-0.02917957678437233,0.4528210759162903,0.46426650881767273,-0.002034539822489023,0.41370344161987305,0.4633130729198456,0.0018973678816109896,0.5037277936935425,0.4537191092967987,-0.13718418776988983,0.38527363538742065,0.4827452003955841,-0.06864956021308899,0.4324720501899719,0.4746464490890503,-0.09516046941280365,0.36087536811828613,0.464165061712265,-0.01254210900515318,0.4199734330177307,0.46872761845588684,-0.0897013321518898,0.3594665825366974,0.4655604064464569,-0.006719386670738459,0.41953372955322266,0.4941815137863159,-0.10290247201919556,0.3496357798576355,0.45943668484687805,-0.02221638336777687
0150,./images/190/frame_00150.jpg,Normal,0.4413583278656006,0.3038370907306671,0.06610134243965149,0.4432407021522522,0.2984447181224823,0.08045095205307007,0.443636417388916,0.2990177869796753,0.08042620867490768,0.44549503922462463,0.2996842563152313,0.08029362559318542,0.43897756934165955,0.2977902591228485,0.08190687000751495,0.4372643828392029,0.29788774251937866,0.0819031149148941,0.43558749556541443,0.2980678081512451,0.08186092972755432,0.4476277828216553,0.30598902702331543,0.13934288918972015,0.4331563413143158,0.3041195273399353,0.1501641422510147,0.4440993666648865,0.3131876587867737,0.08616185188293457,0.4384673237800598,0.3119701147079468,0.08821861445903778,0.4661944806575775,0.3579317331314087,0.13354814052581787,0.410114586353302,0.3625493347644806,0.14490076899528503,0.47684964537620544,0.4271504580974579,0.08121529221534729,0.3968650996685028,0.42839765548706055,0.06562910974025726,0.4678703844547272,0.4639420807361603,-0.010472721420228481,0.4030727744102478,0.44979679584503174,-0.04449198395013809,0.4685676097869873,0.4766170084476471,-0.027991384267807007,0.4050735533237457,0.45782503485679626,-0.0652962476015091,0.4655241072177887,0.4724830687046051,-0.032175302505493164,0.40623897314071655,0.4479961693286896,-0.06473314017057419,0.46346646547317505,0.4680977761745453,-0.014318925328552723,0.40649765729904175,0.4454406201839447,-0.046987373381853104,0.4529794752597809,0.46394187211990356,-0.002234872430562973,0.4130118489265442,0.46168720722198486,0.002094734227284789,0.5008699297904968,0.4527754485607147,-0.14163893461227417,0.3781805634498596,0.4797365367412567,-0.10023075342178345,0.43583983182907104,0.4762367308139801,-0.06601603329181671,0.3685913383960724,0.47844839096069336,-0.0062330723740160465,0.4243573248386383,0.4710444509983063,-0.05664505809545517,0.383594810962677,0.47650015354156494,0.0048503028228878975,0.4236360192298889,0.5016934871673584,-0.07153065502643585,0.3749888837337494,0.4933975636959076,-0.01170724630355835
0151,./images/190/frame_00151.jpg,Normal,0.44061630964279175,0.30409353971481323,0.06187521666288376,0.4425531029701233,0.2985849976539612,0.07388060539960861,0.443420946598053,0.29906708002090454,0.0738716870546341,0.4452965259552002,0.29957902431488037,0.07373309880495071,0.43818992376327515,0.29798221588134766,0.0762341171503067,0.4366633892059326,0.29807233810424805,0.07623443007469177,0.4351516664028168,0.2982420325279236,0.07620478421449661,0.44752636551856995,0.3054256737232208,0.1264212429523468,0.4331657290458679,0.30423733592033386,0.1393251121044159,0.4437246322631836,0.3133462071418762,0.08056540042161942,0.4380069673061371,0.31209656596183777,0.08370611071586609,0.46531423926353455,0.35772863030433655,0.1239425390958786,0.41145768761634827,0.361810564994812,0.14095574617385864,0.47650179266929626,0.42385873198509216,0.08088643848896027,0.39835652709007263,0.4257586896419525,0.07032636553049088,0.4744661748409271,0.46081846952438354,-0.0025507600512355566,0.40458884835243225,0.4432390034198761,-0.034514348953962326,0.47689229249954224,0.47321632504463196,-0.017392946407198906,0.40661174058914185,0.4500325918197632,-0.05264205485582352,0.474801629781723,0.46916818618774414,-0.022503677755594254,0.4067908823490143,0.44072070717811584,-0.05134602636098862,0.47231316566467285,0.46493858098983765,-0.006530390586704016,0.40700584650039673,0.4386714994907379,-0.036731138825416565,0.45327696204185486,0.46273794770240784,-0.0026082550175487995,0.4143860340118408,0.46093830466270447,0.0024767566937953234,0.504848301410675,0.45281901955604553,-0.16012488305568695,0.37424761056900024,0.479007750749588,-0.12454040348529816,0.4419592022895813,0.4811605215072632,-0.08527044951915741,0.3869522213935852,0.49503687024116516,-0.038088373839855194,0.431679904460907,0.47553855180740356,-0.07532025873661041,0.3990080654621124,0.49243101477622986,-0.027165120467543602,0.4293164610862732,0.5084671378135681,-0.09240137785673141,0.3929668068885803,0.5140557885169983,-0.04630319029092789
0152,./images/190/frame_00152.jpg,Normal,0.440408855676651,0.30463701486587524,0.08482106029987335,0.441902220249176,0.29877668619155884,0.09394548833370209,0.4427820146083832,0.2992475628852844,0.09393077343702316,0.44428086280822754,0.29968520998954773,0.09380076825618744,0.43823614716529846,0.2980439364910126,0.09854195266962051,0.4369637072086334,0.29811519384384155,0.09857090562582016,0.4356732964515686,0.29828962683677673,0.09853124618530273,0.4466096758842468,0.3047925531864166,0.12957626581192017,0.434030681848526,0.3042837679386139,0.1496589034795761,0.4433823525905609,0.3140052855014801,0.09583240002393723,0.4382530152797699,0.3132348954677582,0.10197716951370239,0.46374648809432983,0.35782501101493835,0.12456440925598145,0.41168707609176636,0.3619275391101837,0.1404082179069519,0.4740629196166992,0.4247899353504181,0.10871465504169464,0.40007609128952026,0.4264087378978729,0.09179498255252838,0.47260135412216187,0.45920512080192566,0.07236683368682861,0.4118953347206116,0.4351988136768341,0.03902626782655716,0.4747844338417053,0.466463178396225,0.06386345624923706,0.41600507497787476,0.4357738792896271,0.02933434024453163,0.4740930199623108,0.4632372260093689,0.06082279607653618,0.41604894399642944,0.42637261748313904,0.03178359568119049,0.47168081998825073,0.4603581428527832,0.0697343572974205,0.4154542088508606,0.4264594316482544,0.038283973932266235,0.452139675617218,0.4627712368965149,-0.0028831891249865294,0.4191454350948334,0.4612903892993927,0.0027492353692650795,0.5045720934867859,0.4490760266780853,-0.07663559168577194,0.38524386286735535,0.47846555709838867,-0.036200150847435,0.4491659700870514,0.48088786005973816,-0.020449472591280937,0.40668076276779175,0.4924314320087433,0.032729893922805786,0.44226303696632385,0.47598356008529663,-0.013549590483307838,0.4125422537326813,0.4879559278488159,0.04208039492368698,0.44230109453201294,0.5040292739868164,-0.02454613894224167,0.40579113364219666,0.4998205900192261,0.038163065910339355
0153,./images/190/frame_00153.jpg,Normal,0.4401492178440094,0.30570951104164124,0.08534756302833557,0.44121843576431274,0.298866331577301,0.0930866152048111,0.44197648763656616,0.2993438243865967,0.09306265413761139,0.4431001543998718,0.2998271584510803,0.09294752031564713,0.43830403685569763,0.29846757650375366,0.0976099744439125,0.43719902634620667,0.2984783947467804,0.09763040393590927,0.43601399660110474,0.2985914647579193,0.09758137166500092,0.445009708404541,0.30441492795944214,0.11577500402927399,0.4344191551208496,0.30429017543792725,0.13699083030223846,0.4428436756134033,0.3144110441207886,0.09376506507396698,0.43841981887817383,0.31401097774505615,0.09986090660095215,0.4633612632751465,0.357094943523407,0.10248495638370514,0.41457343101501465,0.35987183451652527,0.11604110896587372,0.4734281599521637,0.4243934750556946,0.06212233379483223,0.4031713604927063,0.41481509804725647,0.05815574526786804,0.47366443276405334,0.4562811255455017,0.0023156176321208477,0.4103800356388092,0.4186317026615143,-0.02586873434484005,0.47630542516708374,0.4632045328617096,-0.009921802207827568,0.41233474016189575,0.41737884283065796,-0.039424825459718704,0.4755155146121979,0.46008288860321045,-0.010643605142831802,0.412407785654068,0.40948790311813354,-0.040495142340660095,0.47318893671035767,0.457144170999527,-0.00036047276807948947,0.4126814901828766,0.41074779629707336,-0.029462376609444618,0.45289817452430725,0.4644070863723755,-0.0030682936776429415,0.42445430159568787,0.46151047945022583,0.0029321229085326195,0.4977022111415863,0.44903525710105896,-0.05408499762415886,0.3964278995990753,0.485433965921402,-0.034660711884498596,0.45271629095077515,0.4837421774864197,0.011777126230299473,0.40866318345069885,0.49070146679878235,0.04118294641375542,0.44615083932876587,0.48167479038238525,0.018914844840765,0.41260606050491333,0.4880751371383667,0.05096415802836418,0.4469241499900818,0.5067803859710693,0.008315632119774818,0.4047287106513977,0.5004332065582275,0.04579895734786987
0154,./images/190/frame_00154.jpg,Normal,0.43992671370506287,0.30623766779899597,0.11718471348285675,0.4402593970298767,0.29891493916511536,0.11968408524990082,0.44053587317466736,0.29944688081741333,0.11966495215892792,0.44093236327171326,0.29993101954460144,0.11956558376550674,0.4384366571903229,0.2986197769641876,0.12049146741628647,0.4372476041316986,0.2986011207103729,0.12049952894449234,0.4366385042667389,0.29868167638778687,0.12043605744838715,0.44192489981651306,0.3042686879634857,0.1233760267496109,0.4367794990539551,0.30431076884269714,0.13014277815818787,0.4418424963951111,0.31448572874069214,0.11717329919338226,0.43857020139694214,0.3141762614250183,0.11834633350372314,0.4535989761352539,0.3572453260421753,0.10314778238534927,0.42919716238975525,0.3563106656074524,0.10155340284109116,0.4643024504184723,0.42476382851600647,0.0796339139342308,0.4187595844268799,0.4151257872581482,0.07050612568855286,0.464963436126709,0.45479604601860046,0.042322851717472076,0.4147782325744629,0.4179636538028717,0.050968240946531296,0.46584874391555786,0.4594564735889435,0.03312423452734947,0.41544222831726074,0.41543740034103394,0.04321965575218201,0.4665168225765228,0.45607930421829224,0.03288929536938667,0.4134688377380371,0.4097049832344055,0.0391753688454628,0.46573901176452637,0.4540424048900604,0.039507146924734116,0.41359156370162964,0.4111112356185913,0.047462113201618195,0.4467054307460785,0.4657337963581085,-0.003247643355280161,0.43431979417800903,0.46253904700279236,0.003123159985989332,0.4784175753593445,0.44555535912513733,0.024848708882927895,0.4197329580783844,0.4840840697288513,0.023518159985542297,0.45174843072891235,0.48356014490127563,0.08519375324249268,0.4277176856994629,0.4898020923137665,0.103938028216362,0.4481871724128723,0.48740264773368835,0.09141559153795242,0.4310235381126404,0.4876434803009033,0.11464003473520279,0.44406166672706604,0.4963594079017639,0.08947055041790009,0.4239512085914612,0.49384546279907227,0.12241540104150772
0155,./images/190/frame_00155.jpg,Normal,0.4383746087551117,0.30678340792655945,0.09886273741722107,0.4396190047264099,0.2990417182445526,0.10501209646463394,0.44038766622543335,0.29954370856285095,0.10498525947332382,0.4411540925502777,0.29999399185180664,0.10488452017307281,0.4369085729122162,0.2987332046031952,0.1135774478316307,0.4358059763908386,0.298712819814682,0.1135919913649559,0.43494582176208496,0.2987886369228363,0.11354659497737885,0.44198790192604065,0.30425825715065,0.1265300214290619,0.4353635907173157,0.3042810261249542,0.14924907684326172,0.44120511412620544,0.31499117612838745,0.10481436550617218,0.4372151792049408,0.3147018849849701,0.11521117389202118,0.4574649930000305,0.35613664984703064,0.10926187038421631,0.4269048571586609,0.35613876581192017,0.1305435299873352,0.4745216369628906,0.4167975187301636,0.06708497554063797,0.4021231234073639,0.38900667428970337,0.07342119514942169,0.4729137420654297,0.4410068094730377,-0.009803296998143196,0.39923030138015747,0.40327703952789307,-0.019083978608250618,0.4743223786354065,0.44694676995277405,-0.022578291594982147,0.3968175947666168,0.4029945433139801,-0.033460523933172226,0.4733636975288391,0.443212628364563,-0.023157594725489616,0.39791372418403625,0.3959972858428955,-0.03491775691509247,0.47163206338882446,0.4413614869117737,-0.012078692205250263,0.39939481019973755,0.3972025215625763,-0.02304031327366829,0.45570582151412964,0.463933527469635,-0.0031267080921679735,0.43332868814468384,0.46256399154663086,0.0030067588668316603,0.5053116083145142,0.4518113136291504,-0.102567158639431,0.39654645323753357,0.4805975556373596,-0.0739387720823288,0.46343183517456055,0.4761984050273895,-0.048639580607414246,0.4176807403564453,0.48738348484039307,-0.005693419370800257,0.4563928246498108,0.47502318024635315,-0.04170401766896248,0.42265695333480835,0.4870145916938782,0.0028633864130824804,0.45867618918418884,0.49222686886787415,-0.04900737851858139,0.41437649726867676,0.4972276985645294,-0.0016969371354207397
0156,./images/190/frame_00156.jpg,Normal,0.4367915987968445,0.3109489381313324,0.059986650943756104,0.4383087158203125,0.30133429169654846,0.06346304714679718,0.4392085075378418,0.3014521598815918,0.06342680007219315,0.4401659071445465,0.3015998303890228,0.06332562118768692,0.43571799993515015,0.300948828458786,0.0712217167019844,0.43474507331848145,0.3006555140018463,0.07123300433158875,0.43395155668258667,0.30050918459892273,0.0711933895945549,0.4420762062072754,0.3047298789024353,0.08261243253946304,0.43510499596595764,0.30491113662719727,0.11707939952611923,0.43967071175575256,0.3186093866825104,0.06656740605831146,0.43616947531700134,0.31847718358039856,0.07682955265045166,0.45765289664268494,0.35448744893074036,0.08109650760889053,0.42524227499961853,0.3560376465320587,0.11080007255077362,0.475717693567276,0.410540908575058,0.03931465744972229,0.40285807847976685,0.39602622389793396,0.06282375752925873,0.4763263761997223,0.43656662106513977,-0.017910625785589218,0.3938215374946594,0.39076992869377136,-0.02730785310268402,0.47894757986068726,0.44369977712631226,-0.027995526790618896,0.39014771580696106,0.3883815407752991,-0.040033888071775436,0.47767987847328186,0.44031405448913574,-0.031022807583212852,0.39088717103004456,0.38054603338241577,-0.04416373744606972,0.47550448775291443,0.438238263130188,-0.02076142281293869,0.3927061855792999,0.3828951120376587,-0.032502833753824234,0.4574364125728607,0.4640031158924103,-0.005445544142276049,0.4308505058288574,0.46329617500305176,0.005407474935054779,0.5025389194488525,0.4505982995033264,-0.09115450084209442,0.3923022747039795,0.4758237302303314,-0.05909479781985283,0.47284311056137085,0.47628092765808105,-0.044882915914058685,0.41411009430885315,0.4923906624317169,-0.015008059330284595,0.46685415506362915,0.475613534450531,-0.04052785784006119,0.4196073114871979,0.49248817563056946,-0.009138346649706364,0.4725061357021332,0.49273550510406494,-0.05289001390337944,0.41015419363975525,0.5059962868690491,-0.016810493543744087
0173,./images/190/frame_00173.jpg,Normal,0.4294699728488922,0.3140791058540344,0.02225710079073906,0.43226131796836853,0.3072807788848877,0.03604472428560257,0.43352943658828735,0.30834633111953735,0.03595757111907005,0.43501800298690796,0.30944710969924927,0.03583914786577225,0.4288083612918854,0.30441951751708984,0.03803452476859093,0.42765364050865173,0.30381712317466736,0.03805973008275032,0.4261656701564789,0.30312758684158325,0.037991397082805634,0.4379297196865082,0.3162155747413635,0.095418281853199,0.4243554174900055,0.30782294273376465,0.1036725863814354,0.43232765793800354,0.3254764676094055,0.04338875040411949,0.4280800223350525,0.3217966854572296,0.04560818895697594,0.4589167535305023,0.36693865060806274,0.08929702639579773,0.40336012840270996,0.37004607915878296,0.10405806452035904,0.4688732624053955,0.4487327039241791,0.022811340168118477,0.3835064172744751,0.437433123588562,0.014521229080855846,0.453216552734375,0.4685097932815552,-0.05998898670077324,0.3912662863731384,0.4416222870349884,-0.1042388528585434,0.4514262080192566,0.4782668948173523,-0.07731466740369797,0.3930271863937378,0.44591039419174194,-0.12445380538702011,0.4479263424873352,0.4689132571220398,-0.07351274788379669,0.3951399028301239,0.4360334277153015,-0.12341221421957016,0.4468165338039398,0.4672483205795288,-0.0597798228263855,0.396107017993927,0.43751001358032227,-0.10718653351068497,0.4502426087856293,0.5062375664710999,-0.002571639372035861,0.41257110238075256,0.5063732862472534,0.0025818345602601767,0.4634058475494385,0.49361974000930786,-0.160683274269104,0.403726726770401,0.5408939123153687,-0.14842475950717926,0.440102756023407,0.6145676374435425,-0.10870188474655151,0.42428058385849,0.5892812013626099,-0.07324592024087906,0.4343782365322113,0.6316192746162415,-0.10364457219839096,0.42968326807022095,0.5950070023536682,-0.06395352631807327,0.44207412004470825,0.6614493131637573,-0.14030446112155914,0.4197762608528137,0.6193954944610596,-0.08934718370437622
0174,./images/190/frame_00174.jpg,Normal,0.4295547604560852,0.31390342116355896,-0.14851778745651245,0.43216800689697266,0.3060772716999054,-0.13889849185943604,0.43345746397972107,0.3064342439174652,-0.1388772875070572,0.4349648058414459,0.30685704946517944,-0.13901808857917786,0.42878398299217224,0.30443626642227173,-0.13632678985595703,0.42765170335769653,0.3040505647659302,-0.13634303212165833,0.4262198805809021,0.3039332628250122,-0.13635602593421936,0.43792781233787537,0.3125438392162323,-0.0775558203458786,0.42454981803894043,0.3093467652797699,-0.06446279585361481,0.4325290322303772,0.3249332308769226,-0.12493531405925751,0.4281744062900543,0.3229016065597534,-0.12120950222015381,0.45893174409866333,0.3662562370300293,-0.022270629182457924,0.4057851731777191,0.36988168954849243,-0.023709839209914207,0.47490668296813965,0.43065834045410156,0.019214298576116562,0.3896309733390808,0.4335794746875763,-0.001050484599545598,0.4604552686214447,0.44702649116516113,0.008731616660952568,0.3946165442466736,0.4411875307559967,-0.03467758744955063,0.4579886496067047,0.45212727785110474,0.0026107202284038067,0.39567527174949646,0.44400885701179504,-0.04202881082892418,0.456211656332016,0.4473188519477844,3.7419529689941555e-05,0.39758366346359253,0.4351268410682678,-0.05096828192472458,0.4559604525566101,0.4462704658508301,0.007513266988098621,0.39843985438346863,0.4358498454093933,-0.03859435021877289,0.45148545503616333,0.4718043804168701,-0.0026893436443060637,0.41510438919067383,0.4685816168785095,0.00268853222951293,0.48405885696411133,0.45729127526283264,-0.19519726932048798,0.3732988238334656,0.5086644887924194,-0.14844831824302673,0.436488538980484,0.5250384211540222,-0.04173099249601364,0.38831162452697754,0.5456435084342957,-0.005953212734311819,0.42703014612197876,0.5264914035797119,-0.024258891120553017,0.39442646503448486,0.5455719232559204,0.010448552668094635,0.4330200254917145,0.559386670589447,-0.05150451511144638,0.38128942251205444,0.5728704333305359,-0.01703134924173355
0175,./images/190/frame_00175.jpg,Normal,0.4297792315483093,0.3147866129875183,-0.06780098378658295,0.43219423294067383,0.30608513951301575,-0.05850297957658768,0.43365463614463806,0.3063289523124695,-0.05848506838083267,0.43541350960731506,0.3065302073955536,-0.0586371012032032,0.42837709188461304,0.3051927387714386,-0.05677865818142891,0.4269435405731201,0.30513980984687805,-0.05678769201040268,0.42535606026649475,0.3054867684841156,-0.05677765607833862,0.43884092569351196,0.3108634650707245,-0.00010115051554748788,0.4232591986656189,0.31044942140579224,0.009976571425795555,0.43370112776756287,0.3249340057373047,-0.04511469602584839,0.42817506194114685,0.32418522238731384,-0.04221535101532936,0.4599069654941559,0.36303070187568665,0.03234826773405075,0.4069254994392395,0.3676297962665558,0.03895001485943794,0.4787812829017639,0.42025765776634216,0.03600684180855751,0.3925384283065796,0.41718199849128723,0.054962027817964554,0.46319514513015747,0.4269830584526062,0.004364783875644207,0.3954963684082031,0.4156613349914551,0.03478381782770157,0.460360050201416,0.431835800409317,-0.004892574157565832,0.39585080742836,0.41636088490486145,0.029605811461806297,0.4578796923160553,0.425089955329895,-0.004508926533162594,0.3978298604488373,0.4079946279525757,0.026853686198592186,0.4581480920314789,0.4243737459182739,0.0035538612864911556,0.3988623321056366,0.40841975808143616,0.033480651676654816,0.4558047652244568,0.4595891237258911,-0.0015883302548900247,0.4195689558982849,0.46110206842422485,0.0016297183465212584,0.5136383771896362,0.45552581548690796,-0.18573293089866638,0.3637208938598633,0.47182774543762207,-0.12943913042545319,0.44600528478622437,0.49688300490379333,-0.07922644913196564,0.37506216764450073,0.5056888461112976,-0.057371266186237335,0.4338088035583496,0.4925765097141266,-0.04746571183204651,0.38053619861602783,0.5097364187240601,-0.04973795264959335,0.43460625410079956,0.5210784673690796,-0.09463052451610565,0.36884307861328125,0.5165196061134338,-0.07963214814662933
0176,./images/190/frame_00176.jpg,Normal,0.42963919043540955,0.3162436783313751,-0.14197450876235962,0.4318579137325287,0.3065817058086395,-0.137422576546669,0.43343740701675415,0.30650943517684937,-0.1373986452817917,0.43524160981178284,0.30657297372817993,-0.13751056790351868,0.4275667667388916,0.30656084418296814,-0.1357295662164688,0.42607051134109497,0.3065638840198517,-0.13574257493019104,0.42454004287719727,0.3069514036178589,-0.1357141137123108,0.4388250410556793,0.3103325366973877,-0.08973251283168793,0.4228779673576355,0.31090670824050903,-0.0788494199514389,0.4337148666381836,0.324946790933609,-0.12245573848485947,0.4278953969478607,0.3248867988586426,-0.1193489208817482,0.4594078063964844,0.3601292073726654,-0.037288848310709,0.410552442073822,0.3650320768356323,-0.02679341472685337,0.4785124361515045,0.41150516271591187,0.010038827545940876,0.3915635943412781,0.3911016583442688,0.037033095955848694,0.4737520217895508,0.4136587679386139,0.008333727717399597,0.37676501274108887,0.39210933446884155,0.043397895991802216,0.47439107298851013,0.41614192724227905,0.006474615074694157,0.3674926161766052,0.3946684002876282,0.04744989052414894,0.4718840718269348,0.4111824333667755,3.681215821416117e-05,0.36860978603363037,0.38914909958839417,0.0361967459321022,0.470831960439682,0.41007617115974426,0.005817849654704332,0.3742902874946594,0.3904660642147064,0.039011064916849136,0.4581092894077301,0.46255767345428467,-0.0016022169729694724,0.4239129424095154,0.4662826955318451,0.0016392639372497797,0.5193209052085876,0.4510428011417389,-0.13318733870983124,0.36638373136520386,0.4466297924518585,-0.039640944451093674,0.46325913071632385,0.4845503568649292,-0.07115501910448074,0.33405813574790955,0.4702410399913788,-0.05662338063120842,0.4513082504272461,0.48125067353248596,-0.06072470545768738,0.3327685296535492,0.4832210838794708,-0.055313896387815475,0.45828118920326233,0.5004743337631226,-0.08213900029659271,0.3132953643798828,0.45351511240005493,-0.08509357273578644
0177,./images/190/frame_00177.jpg,Normal,0.4295281767845154,0.3158183693885803,-0.08638329058885574,0.4306209683418274,0.30607402324676514,-0.10449638217687607,0.43158549070358276,0.3059063255786896,-0.10450281947851181,0.43257904052734375,0.30593177676200867,-0.1048319935798645,0.42752379179000854,0.30640122294425964,-0.1212209016084671,0.42608484625816345,0.30649611353874207,-0.12108709663152695,0.42479950189590454,0.30688562989234924,-0.12086991965770721,0.43502554297447205,0.31004953384399414,-0.01819664239883423,0.42409878969192505,0.31086793541908264,-0.0037125074304640293,0.43311285972595215,0.3241191804409027,-0.06784971058368683,0.4281086027622223,0.32457372546195984,-0.0873047411441803,0.45317357778549194,0.35881906747817993,0.005838716868311167,0.4172001779079437,0.36124780774116516,0.021494459360837936,0.4805716574192047,0.3992481529712677,0.013722243718802929,0.3951472342014313,0.396867573261261,0.03137538209557533,0.48392510414123535,0.4142909049987793,0.0010433504357933998,0.3735218942165375,0.3902425467967987,-0.01220322772860527,0.4871697425842285,0.41766417026519775,-0.005075185559689999,0.3724812865257263,0.39622047543525696,-0.01769307255744934,0.485461950302124,0.4144209921360016,-0.007854821160435677,0.36569198966026306,0.3906914293766022,-0.0262026134878397,0.48359212279319763,0.41400930285453796,-0.0014075817307457328,0.3711365759372711,0.3914463520050049,-0.016930092126131058,0.4580036699771881,0.46792072057724,-0.0046244473196566105,0.4290151000022888,0.46717289090156555,0.004675423260778189,0.5077254176139832,0.43591248989105225,-0.06439393758773804,0.37451499700546265,0.43814176321029663,-0.010812832042574883,0.4727047383785248,0.4748697876930237,-0.027384910732507706,0.33271247148513794,0.4537914991378784,-0.04474344104528427,0.4643618166446686,0.4751982092857361,-0.022907624021172523,0.3284339904785156,0.4653116464614868,-0.048346709460020065,0.47228723764419556,0.4872903525829315,-0.03703005611896515,0.3119255006313324,0.43543070554733276,-0.06772685050964355
0178,./images/190/frame_00178.jpg,Normal,0.42952656745910645,0.31644678115844727,-0.08947768062353134,0.4305741786956787,0.3065798580646515,-0.0855645090341568,0.43160492181777954,0.3062736392021179,-0.08558399975299835,0.43268927931785583,0.306153267621994,-0.08570735156536102,0.4274864196777344,0.3071464002132416,-0.08389268070459366,0.42610964179039,0.3072356879711151,-0.08389297872781754,0.42483025789260864,0.30760085582733154,-0.08388420194387436,0.4352788031101227,0.3101333975791931,-0.04031224548816681,0.4241179823875427,0.31126922369003296,-0.025098826736211777,0.43310967087745667,0.3241620659828186,-0.0730377808213234,0.428149938583374,0.324794739484787,-0.07031075656414032,0.45403361320495605,0.35824912786483765,-0.0037417015992105007,0.4152044355869293,0.360848993062973,0.002639057347550988,0.47973522543907166,0.40535876154899597,0.01895485818386078,0.39388781785964966,0.3847869038581848,0.027937058359384537,0.48405352234840393,0.4165326952934265,0.007562101818621159,0.37197500467300415,0.38789641857147217,-0.005796652752906084,0.4876585602760315,0.42008644342422485,0.002624861430376768,0.37205770611763,0.3893267810344696,-0.010568033903837204,0.4862517714500427,0.41624340415000916,-0.006331062875688076,0.37129512429237366,0.38406118750572205,-0.021080555394291878,0.48414427042007446,0.41539594531059265,0.0029316935688257217,0.3747086524963379,0.38580673933029175,-0.011687138117849827,0.4577963352203369,0.4671154320240021,-0.004222480580210686,0.4285757541656494,0.4691186249256134,0.004299793858081102,0.5125172138214111,0.4413515627384186,-0.11561518907546997,0.37692350149154663,0.4447615444660187,-0.05305488780140877,0.49549078941345215,0.48456570506095886,-0.05313580110669136,0.37246254086494446,0.471497118473053,-0.047484301030635834,0.4906354546546936,0.48732367157936096,-0.044777534902095795,0.3758852779865265,0.47564947605133057,-0.04868928715586662,0.4989667534828186,0.4957362711429596,-0.06957264244556427,0.3669471740722656,0.4753437936306,-0.06874460726976395
0179,./images/190/frame_00179.jpg,Normal,0.429421991109848,0.316947877407074,-0.03739389404654503,0.43034058809280396,0.3067191541194916,-0.03208865970373154,0.4314594268798828,0.30630847811698914,-0.03211895376443863,0.4326498508453369,0.3062066435813904,-0.032212235033512115,0.42724576592445374,0.3075975477695465,-0.027892831712961197,0.42596831917762756,0.3077417314052582,-0.027911687269806862,0.4247426986694336,0.3081347644329071,-0.027928302064538002,0.43543753027915955,0.31005051732063293,0.005741886328905821,0.4240872859954834,0.3116700351238251,0.027334874495863914,0.43309831619262695,0.32458022236824036,-0.02288336306810379,0.42812982201576233,0.32552725076675415,-0.017068814486265182,0.4545446038246155,0.35731232166290283,0.029672781005501747,0.41429343819618225,0.36101579666137695,0.04229036718606949,0.47936540842056274,0.4065585732460022,0.01831735111773014,0.39327314496040344,0.3844567537307739,0.03340110555291176,0.47980791330337524,0.4228268563747406,-0.0417967215180397,0.3723613917827606,0.38959169387817383,-0.01711537130177021,0.48182010650634766,0.4271727204322815,-0.051198624074459076,0.36950892210006714,0.38772353529930115,-0.0250871479511261,0.4798826277256012,0.42242538928985596,-0.05482487753033638,0.36659353971481323,0.38714900612831116,-0.03335769101977348,0.47810500860214233,0.42150986194610596,-0.04507085308432579,0.37047526240348816,0.38872820138931274,-0.022196004167199135,0.4572622776031494,0.4644548296928406,-0.0035964269191026688,0.4283391833305359,0.4673020541667938,0.003670157166197896,0.5137693881988525,0.44752171635627747,-0.1432085633277893,0.39209893345832825,0.44905534386634827,-0.11661138385534286,0.4903838634490967,0.47068241238594055,-0.09548763930797577,0.40943288803100586,0.4689520001411438,-0.06510288268327713,0.4863889813423157,0.46459338068962097,-0.08816301822662354,0.41339367628097534,0.4687153398990631,-0.058840908110141754,0.45931872725486755,0.48366594314575195,-0.10446449369192123,0.4095241129398346,0.47519823908805847,-0.07382135093212128
0180,./images/190/frame_00180.jpg,Normal,0.4291791319847107,0.3193264305591583,-0.09282878786325455,0.43018093705177307,0.3078654110431671,-0.08813928067684174,0.4313644766807556,0.3073178827762604,-0.08817336708307266,0.43261784315109253,0.30704614520072937,-0.08824481070041656,0.42693933844566345,0.3089388906955719,-0.0840606540441513,0.4256771504878998,0.30904877185821533,-0.08407552540302277,0.4244546890258789,0.30944064259529114,-0.08409683406352997,0.4355253577232361,0.3103505074977875,-0.04629863053560257,0.42407307028770447,0.31277549266815186,-0.026419226080179214,0.43285465240478516,0.32647258043289185,-0.07660970091819763,0.4278181195259094,0.3280077576637268,-0.07080592215061188,0.45468869805336,0.35587307810783386,-0.008153797127306461,0.41499263048171997,0.36097458004951477,0.005664288066327572,0.47794023156166077,0.40610581636428833,-0.017275266349315643,0.3932499289512634,0.38621029257774353,0.00478733703494072,0.4771701693534851,0.4144911766052246,-0.07590840756893158,0.37502622604370117,0.3902363181114197,-0.06022748351097107,0.47849321365356445,0.4182254672050476,-0.08778299391269684,0.3718875050544739,0.38984599709510803,-0.07057435810565948,0.47636914253234863,0.41285914182662964,-0.09191200137138367,0.3680916428565979,0.38513463735580444,-0.07980278879404068,0.4748005270957947,0.4121713936328888,-0.07900798320770264,0.3743158280849457,0.39079397916793823,-0.06610135734081268,0.4572226107120514,0.46334439516067505,-0.0035884156823158264,0.43053168058395386,0.4659184217453003,0.0036632567644119263,0.5081773996353149,0.4505465626716614,-0.09390289336442947,0.3902931809425354,0.4371979534626007,-0.08539430797100067,0.518256664276123,0.46596598625183105,-0.08943463861942291,0.39690595865249634,0.46380966901779175,-0.08623342216014862,0.5185936689376831,0.4691183865070343,-0.08578433096408844,0.39740532636642456,0.47055676579475403,-0.0864684134721756,0.5264269113540649,0.45706528425216675,-0.11172419786453247,0.38760581612586975,0.45774728059768677,-0.11469701677560806
0181,./images/190/frame_00181.jpg,Normal,0.4294988512992859,0.31844562292099,-0.05003790929913521,0.429927259683609,0.307157963514328,-0.05719134956598282,0.430431604385376,0.30679258704185486,-0.05721092224121094,0.43077701330184937,0.30666324496269226,-0.057203877717256546,0.42786869406700134,0.30799418687820435,-0.0538211464881897,0.4274224638938904,0.308127224445343,-0.053802065551280975,0.42712563276290894,0.30848029255867004,-0.053857266902923584,0.4314242899417877,0.31023842096328735,-0.0389043465256691,0.42740973830223083,0.31209325790405273,-0.02291828580200672,0.4322499632835388,0.32594048976898193,-0.05393504351377487,0.4288177490234375,0.327097088098526,-0.04848384112119675,0.4482972025871277,0.354120671749115,-0.02304374985396862,0.4215756952762604,0.3593916893005371,-0.009955452755093575,0.4707423746585846,0.39804768562316895,-0.06065642088651657,0.3960734009742737,0.38489142060279846,-0.023109767585992813,0.4711753726005554,0.41727209091186523,-0.13681747019290924,0.3746984004974365,0.3895868957042694,-0.07589927315711975,0.4733823835849762,0.4226587414741516,-0.15399880707263947,0.3667730987071991,0.39222419261932373,-0.087886281311512,0.47184649109840393,0.418049156665802,-0.15958207845687866,0.36706528067588806,0.3884483277797699,-0.0985964983701706,0.4711417257785797,0.4169936180114746,-0.14201673865318298,0.37153175473213196,0.3907282054424286,-0.0829043909907341,0.4498247504234314,0.4656502306461334,-0.004585376940667629,0.44407933950424194,0.4673287272453308,0.004592298995703459,0.44630566239356995,0.4480398893356323,0.0006059340666979551,0.46291643381118774,0.4263022541999817,0.05164434760808945,0.4366791248321533,0.47605395317077637,0.05644460394978523,0.4660852551460266,0.45513051748275757,0.11418938636779785,0.43715396523475647,0.4838092029094696,0.06221512705087662,0.4634503424167633,0.4661281108856201,0.12201390415430069,0.4273410737514496,0.4655924141407013,0.0539490170776844,0.4735494554042816,0.44176551699638367,0.1288544237613678
0188,./images/190/frame_00188.jpg,Normal,0.42898327112197876,0.31789934635162354,-0.04865613579750061,0.4312523901462555,0.30881285667419434,-0.037112072110176086,0.43271952867507935,0.30880266427993774,-0.03713156655430794,0.4343286156654358,0.30885928869247437,-0.03726617246866226,0.4275634288787842,0.30830955505371094,-0.03669629991054535,0.42642536759376526,0.30805063247680664,-0.036677539348602295,0.425274133682251,0.3079323470592499,-0.036681003868579865,0.4377966523170471,0.31004565954208374,0.024234192445874214,0.42454782128334045,0.30944353342056274,0.026396404951810837,0.4325295388698578,0.32456713914871216,-0.025989582762122154,0.427651971578598,0.3245096206665039,-0.025474470108747482,0.45779886841773987,0.358411967754364,0.05870096758008003,0.40977779030799866,0.36439645290374756,0.05221473053097725,0.4733048379421234,0.41075026988983154,0.0855485200881958,0.3957656919956207,0.40768182277679443,0.08975467830896378,0.4655054211616516,0.4321681261062622,0.07578018307685852,0.3919811248779297,0.41074588894844055,0.08882752805948257,0.46516546607017517,0.43718546628952026,0.06897568702697754,0.3934359848499298,0.41795510053634644,0.08493038266897202,0.4624496102333069,0.43058696389198303,0.06288987398147583,0.39570996165275574,0.4130443036556244,0.0747934952378273,0.4618005156517029,0.4287714660167694,0.07257987558841705,0.39736729860305786,0.41311532258987427,0.08458840847015381,0.4518795907497406,0.46343934535980225,0.002884288551285863,0.41943615674972534,0.46126502752304077,-0.002759428694844246,0.5087853074073792,0.45662766695022583,-0.14497961103916168,0.39005574584007263,0.4895848035812378,-0.1602519303560257,0.48732250928878784,0.4851498007774353,-0.09579075872898102,0.4127463698387146,0.48302000761032104,-0.07531291991472244,0.48247987031936646,0.4873574674129486,-0.08933008462190628,0.4167563319206238,0.4773378074169159,-0.06428246945142746,0.4896438717842102,0.4875812828540802,-0.10908223688602448,0.4168168008327484,0.4882846474647522,-0.08024488389492035
0189,./images/190/frame_00189.jpg,Normal,0.43021994829177856,0.3149509131908417,0.011915424838662148,0.43228378891944885,0.3061756193637848,0.022922780364751816,0.4339381158351898,0.3061736822128296,0.022908631712198257,0.43572908639907837,0.3062096834182739,0.022787276655435562,0.42788249254226685,0.3060160279273987,0.023448694497346878,0.4265531897544861,0.30599871277809143,0.023429764434695244,0.42529717087745667,0.30612149834632874,0.023432794958353043,0.43873757123947144,0.3086840808391571,0.0822008028626442,0.4238889813423157,0.3091823160648346,0.08509300649166107,0.43398576974868774,0.32222700119018555,0.03391887992620468,0.4279883801937103,0.3222047686576843,0.03459127992391586,0.4583500027656555,0.3575561046600342,0.09151609987020493,0.41002750396728516,0.3640998303890228,0.10210150480270386,0.4754966199398041,0.41074138879776,0.052561573684215546,0.3947354853153229,0.39504575729370117,0.08093240112066269,0.4726424217224121,0.4009075164794922,-0.023082388564944267,0.3843012750148773,0.40191900730133057,0.012076606042683125,0.4712234437465668,0.4006696939468384,-0.035525593906641006,0.37765663862228394,0.40627431869506836,0.0026755176950246096,0.4682069718837738,0.39461034536361694,-0.03291264921426773,0.37945011258125305,0.4010797142982483,0.0005176583654247224,0.4672897458076477,0.3959357440471649,-0.023914635181427002,0.3842039406299591,0.4001816511154175,0.008692905306816101,0.45807981491088867,0.46340182423591614,-0.0021164848003536463,0.4235520362854004,0.46198952198028564,0.00226926920004189,0.5147632956504822,0.46062058210372925,-0.16937589645385742,0.39014047384262085,0.46073609590530396,-0.15911617875099182,0.4568982720375061,0.476246178150177,-0.09595213085412979,0.4378574788570404,0.4851057231426239,-0.11106262356042862,0.4483972489833832,0.4641658365726471,-0.0871402770280838,0.4443292021751404,0.4791945517063141,-0.10379316657781601,0.43464842438697815,0.4881431460380554,-0.10036341845989227,0.45494046807289124,0.5032765865325928,-0.1275825798511505
0190,./images/190/frame_00190.jpg,Normal,0.4303115904331207,0.31497275829315186,-0.053841251879930496,0.4323975145816803,0.30537983775138855,-0.04516464099287987,0.4341258406639099,0.3051997423171997,-0.04517588019371033,0.4359711706638336,0.3051445186138153,-0.04530927166342735,0.42785534262657166,0.3057202100753784,-0.044702958315610886,0.42642563581466675,0.30581527948379517,-0.04474383220076561,0.42499786615371704,0.3060482144355774,-0.04473061114549637,0.43906480073928833,0.3080267310142517,0.01333981566131115,0.42299047112464905,0.3092210292816162,0.01652815379202366,0.4343746602535248,0.3222964107990265,-0.031252842396497726,0.42797207832336426,0.32263320684432983,-0.030398886650800705,0.4584317207336426,0.3563429117202759,0.04196382686495781,0.4100560247898102,0.3640715777873993,0.05081317573785782,0.47537222504615784,0.40744930505752563,0.042674608528614044,0.3947175145149231,0.3943227231502533,0.061367474496364594,0.4727502465248108,0.40328216552734375,0.008515686728060246,0.3820476531982422,0.40140554308891296,0.025506189092993736,0.47239890694618225,0.40553343296051025,0.00028290593763813376,0.37465164065361023,0.40511640906333923,0.01928086020052433,0.4692186713218689,0.39904361963272095,-0.003437285078689456,0.3782249391078949,0.4013468325138092,0.01166345365345478,0.4682137966156006,0.3984754681587219,0.005994896404445171,0.3809063732624054,0.4009668529033661,0.021142536774277687,0.45951327681541443,0.460237979888916,-0.002366629894822836,0.42394590377807617,0.46201106905937195,0.002505825599655509,0.5150277614593506,0.45844319462776184,-0.16109783947467804,0.39014068245887756,0.46200689673423767,-0.15834537148475647,0.4683724343776703,0.4710835814476013,-0.08266732841730118,0.4337669909000397,0.48342040181159973,-0.09986165910959244,0.46161794662475586,0.46267014741897583,-0.07249516993761063,0.44001802802085876,0.4785510301589966,-0.09137076884508133,0.45781707763671875,0.4841904044151306,-0.08980578184127808,0.4451630711555481,0.5020774602890015,-0.11520639806985855
0191,./images/190/frame_00191.jpg,Normal,0.4306434988975525,0.3150061368942261,0.056982506066560745,0.4326956272125244,0.3051425814628601,0.06914670020341873,0.43443650007247925,0.3048081398010254,0.06910563260316849,0.43626418709754944,0.30462971329689026,0.06899704784154892,0.4280816912651062,0.30577337741851807,0.069729283452034,0.42662936449050903,0.30584731698036194,0.0697099044919014,0.4251824915409088,0.30611467361450195,0.06969387829303741,0.43935292959213257,0.3078683614730835,0.12149711698293686,0.4230167865753174,0.30956557393074036,0.12566299736499786,0.43481507897377014,0.3223434090614319,0.07557810842990875,0.42828840017318726,0.32315221428871155,0.07660754770040512,0.4584573209285736,0.35518401861190796,0.1266871988773346,0.4121866822242737,0.36299535632133484,0.13478808104991913,0.4753461480140686,0.40757912397384644,0.10193349421024323,0.39535853266716003,0.38907644152641296,0.13752737641334534,0.4718567728996277,0.4062233865261078,0.0454326793551445,0.3827652335166931,0.40228113532066345,0.11762551218271255,0.47154468297958374,0.41156846284866333,0.038632772862911224,0.37568971514701843,0.40667983889579773,0.11680326610803604,0.4690067768096924,0.4034684896469116,0.0391867533326149,0.37668830156326294,0.40216729044914246,0.11127116531133652,0.4678698480129242,0.4016503095626831,0.04440245404839516,0.38107460737228394,0.4015149772167206,0.11477060616016388,0.4594341218471527,0.4602830708026886,-0.0036384877748787403,0.4263612627983093,0.4625287652015686,0.0036770321894437075,0.5158374905586243,0.45501476526260376,-0.13260306417942047,0.388930082321167,0.4377455711364746,-0.09096717834472656,0.47114816308021545,0.45556890964508057,-0.13669446110725403,0.3833249807357788,0.4607744514942169,-0.11512164026498795,0.4658466875553131,0.45068299770355225,-0.1366996020078659,0.384784072637558,0.46751612424850464,-0.11767778545618057,0.4653704762458801,0.45673221349716187,-0.15172310173511505,0.3747090697288513,0.45702651143074036,-0.14412298798561096
0192,./images/190/frame_00192.jpg,Normal,0.4314870238304138,0.3136421740055084,0.015628237277269363,0.43298888206481934,0.3037025034427643,0.0272817499935627,0.43452078104019165,0.30340340733528137,0.02723630703985691,0.43623417615890503,0.30326560139656067,0.02712475135922432,0.4292600750923157,0.3048000633716583,0.02729964815080166,0.4281552731990814,0.3051301836967468,0.027283236384391785,0.42709341645240784,0.30561691522598267,0.027267035096883774,0.4392458498477936,0.3075033724308014,0.0788501650094986,0.4249531626701355,0.30959552526474,0.08012942969799042,0.4351126551628113,0.3214711546897888,0.033706773072481155,0.4296605587005615,0.32247084379196167,0.03392317146062851,0.45791730284690857,0.3535069525241852,0.09425888955593109,0.41333669424057007,0.3623909056186676,0.09575240314006805,0.4777335524559021,0.4059407114982605,0.07647474855184555,0.3954002261161804,0.3895814120769501,0.07495029270648956,0.47158893942832947,0.4100663959980011,0.03708752989768982,0.3832234740257263,0.4027884900569916,0.015090050175786018,0.4700869023799896,0.41496336460113525,0.029402222484350204,0.3786616921424866,0.4059123992919922,0.007184444926679134,0.4685436189174652,0.40704506635665894,0.030219456180930138,0.3800060451030731,0.4020152688026428,0.0007540921797044575,0.467759370803833,0.4053715169429779,0.036278627812862396,0.38328999280929565,0.4018043577671051,0.010408011265099049,0.4587085247039795,0.4603404700756073,-0.003390241414308548,0.428495317697525,0.46368399262428284,0.0034277276135981083,0.511928141117096,0.44882529973983765,-0.1083809956908226,0.389142245054245,0.4354645311832428,-0.07324498891830444,0.47525763511657715,0.4515701234340668,-0.06397145241498947,0.3817714750766754,0.45949164032936096,-0.07861077785491943,0.47007685899734497,0.44742000102996826,-0.05823678523302078,0.38233107328414917,0.46637606620788574,-0.08166533708572388,0.4714375138282776,0.4548802971839905,-0.0665045827627182,0.3728449046611786,0.4566231071949005,-0.10231944173574448
0193,./images/190/frame_00193.jpg,Normal,0.43159717321395874,0.3137475252151489,0.018012046813964844,0.4333992004394531,0.30361905694007874,0.02754712477326393,0.43513554334640503,0.3032573461532593,0.027500789612531662,0.4369812607765198,0.3030494749546051,0.027393916621804237,0.4292183816432953,0.3048531115055084,0.028351569548249245,0.42811641097068787,0.30517056584358215,0.028357993811368942,0.4268806576728821,0.30564990639686584,0.028352957218885422,0.4401203691959381,0.30747026205062866,0.07502984255552292,0.42460593581199646,0.3099440038204193,0.07897086441516876,0.43569573760032654,0.32157737016677856,0.0353403277695179,0.4296090602874756,0.32266169786453247,0.03636317700147629,0.45906704664230347,0.3522222638130188,0.0810762569308281,0.41367316246032715,0.3618438243865967,0.08956579864025116,0.47638773918151855,0.4061339199542999,0.029174020513892174,0.3963286280632019,0.3913262188434601,0.044943489134311676,0.4671403765678406,0.41236382722854614,-0.0317879356443882,0.38383978605270386,0.40551427006721497,-0.04669493809342384,0.4644540846347809,0.4168284833431244,-0.04263969883322716,0.3798859119415283,0.41074734926223755,-0.061107803136110306,0.4624573588371277,0.409652441740036,-0.03904983773827553,0.38135358691215515,0.40499866008758545,-0.06388070434331894,0.46192580461502075,0.40833786129951477,-0.03156038001179695,0.3841315507888794,0.40465182065963745,-0.051085155457258224,0.45977839827537537,0.4567393362522125,-0.0038925479166209698,0.42876148223876953,0.46144434809684753,0.003954227548092604,0.5103741884231567,0.4490513205528259,-0.10684572160243988,0.40345001220703125,0.44696804881095886,-0.10745948553085327,0.47198039293289185,0.4562632143497467,-0.05188281461596489,0.4572421610355377,0.4697793424129486,-0.08072306960821152,0.46621161699295044,0.4546159505844116,-0.043371718376874924,0.4638356566429138,0.4670036733150482,-0.08120574057102203,0.46058154106140137,0.4668634235858917,-0.0562642402946949,0.4754554331302643,0.4876702129840851,-0.10212671756744385
0194,./images/190/frame_00194.jpg,Normal,0.4315907955169678,0.3142099678516388,0.02953474223613739,0.4337710440158844,0.3037025034427643,0.03963372856378555,0.43564000725746155,0.3033686876296997,0.039581142365932465,0.4375353455543518,0.3031802177429199,0.03947124257683754,0.429185152053833,0.30493617057800293,0.04058203846216202,0.42810043692588806,0.30528944730758667,0.040598612278699875,0.4267611503601074,0.3058188855648041,0.040583960711956024,0.44070330262184143,0.30748623609542847,0.0860094428062439,0.42450064420700073,0.31012484431266785,0.09067894518375397,0.43572574853897095,0.32202818989753723,0.04634018987417221,0.42952385544776917,0.32322123646736145,0.047459740191698074,0.4593653678894043,0.35060855746269226,0.08326271921396255,0.41384610533714294,0.36112073063850403,0.096925750374794,0.4750288426876068,0.4062664806842804,0.030189713463187218,0.3991338312625885,0.39146965742111206,0.04111180827021599,0.4628329277038574,0.4086177349090576,-0.03891446441411972,0.388985812664032,0.40501725673675537,-0.061087071895599365,0.4594936966896057,0.4122118353843689,-0.05083012580871582,0.39052528142929077,0.40842926502227783,-0.07733221352100372,0.45750561356544495,0.4048818051815033,-0.046352073550224304,0.39167332649230957,0.4008099138736725,-0.07877607643604279,0.45713144540786743,0.40477752685546875,-0.038389239460229874,0.3942924737930298,0.4010857939720154,-0.06494717299938202,0.4596687853336334,0.4552873373031616,-0.0035396225284785032,0.4288962781429291,0.46021273732185364,0.0036125469487160444,0.5062482953071594,0.452985942363739,-0.08502340316772461,0.41140681505203247,0.449897438287735,-0.09089837223291397,0.47252267599105835,0.4599399268627167,-0.02732963301241398,0.45323967933654785,0.4814711809158325,-0.06629469990730286,0.4672698378562927,0.45670872926712036,-0.020044870674610138,0.45899462699890137,0.48035570979118347,-0.06302285194396973,0.46796226501464844,0.47842520475387573,-0.031966838985681534,0.4652796685695648,0.5037038326263428,-0.08397369831800461
0195,./images/190/frame_00195.jpg,Normal,0.4323166310787201,0.31423890590667725,0.038359589874744415,0.4346938729286194,0.3037962317466736,0.04918554425239563,0.4366167485713959,0.3034651577472687,0.04912908002734184,0.43838438391685486,0.30326327681541443,0.04901082068681717,0.42953914403915405,0.3049778938293457,0.05002328008413315,0.42822176218032837,0.30532246828079224,0.050048310309648514,0.42681002616882324,0.305841863155365,0.050045229494571686,0.4414023756980896,0.30764105916023254,0.09834188222885132,0.4245075285434723,0.31015169620513916,0.10264594852924347,0.43640589714050293,0.3222125768661499,0.05607518553733826,0.42967644333839417,0.32330843806266785,0.057151954621076584,0.4593895971775055,0.3497928977012634,0.09701261669397354,0.41426724195480347,0.360886812210083,0.11214879900217056,0.4742197096347809,0.4054798483848572,0.04637811705470085,0.3992798924446106,0.39181089401245117,0.05831439420580864,0.4698147177696228,0.4133366048336029,-0.020677387714385986,0.38882988691329956,0.4062151610851288,-0.03389346972107887,0.47069334983825684,0.4197472929954529,-0.032900936901569366,0.3904286324977875,0.4118897020816803,-0.04902765154838562,0.4685762822628021,0.41471201181411743,-0.03460752218961716,0.39082396030426025,0.40359222888946533,-0.05198799818754196,0.4666055738925934,0.41403499245643616,-0.023145120590925217,0.3940292000770569,0.40329864621162415,-0.03835468366742134,0.4593254029750824,0.4554871916770935,-0.0033486983738839626,0.42883166670799255,0.4590260088443756,0.003417923580855131,0.5067154169082642,0.4618387818336487,-0.08641655743122101,0.4116014838218689,0.4524022936820984,-0.08516371250152588,0.471536785364151,0.4601505696773529,-0.039884477853775024,0.4551100730895996,0.48177388310432434,-0.0690903514623642,0.4651535153388977,0.45904433727264404,-0.03362862765789032,0.46103635430336,0.47995856404304504,-0.0657891109585762,0.46437549591064453,0.4798799753189087,-0.0476059690117836,0.4686366021633148,0.5013704895973206,-0.08835559338331223
0196,./images/190/frame_00196.jpg,Normal,0.43310222029685974,0.31531620025634766,0.03341048210859299,0.43558764457702637,0.30434757471084595,0.043622806668281555,0.4374396800994873,0.30405333638191223,0.04357485845685005,0.4390985071659088,0.30389663577079773,0.04345358535647392,0.4302588403224945,0.3054163157939911,0.04421565681695938,0.428692489862442,0.3057255744934082,0.044228386133909225,0.4271714687347412,0.30620792508125305,0.044238582253456116,0.4419831335544586,0.308093398809433,0.09472993016242981,0.4246029853820801,0.3103596866130829,0.09766451269388199,0.4370775818824768,0.32330164313316345,0.05237497016787529,0.4300631880760193,0.32412511110305786,0.053112227469682693,0.4596279561519623,0.35004922747612,0.09969484806060791,0.4141140580177307,0.36090087890625,0.11213169246912003,0.47408580780029297,0.4054945707321167,0.08898947387933731,0.4003913402557373,0.39253607392311096,0.0818406492471695,0.47896528244018555,0.4272063672542572,0.048923835158348083,0.3887832760810852,0.40620312094688416,-0.016921604052186012,0.482571542263031,0.43630632758140564,0.040459044277668,0.389514297246933,0.4124985635280609,-0.01940464787185192,0.48016053438186646,0.43249228596687317,0.031767118722200394,0.3902377784252167,0.40397223830223083,-0.026404807344079018,0.47752469778060913,0.4300861656665802,0.04411724954843521,0.39328864216804504,0.40343618392944336,-0.01961124688386917,0.4594244360923767,0.45567119121551514,-0.0038163952995091677,0.4287737309932709,0.4595438539981842,0.003893141867592931,0.5071734189987183,0.46133092045783997,-0.09871315211057663,0.40707916021347046,0.4530978202819824,-0.10041336715221405,0.4699471890926361,0.4625374674797058,-0.05283616855740547,0.4597572386264801,0.48134323954582214,-0.08151368051767349,0.46342629194259644,0.45930811762809753,-0.04613028094172478,0.4665276110172272,0.4779987335205078,-0.07771217823028564,0.45785027742385864,0.478809654712677,-0.06085086613893509,0.477272093296051,0.498075395822525,-0.10174016654491425
0197,./images/190/frame_00197.jpg,Normal,0.4344443678855896,0.3150409162044525,0.03146027401089668,0.4363352358341217,0.30429890751838684,0.0417194627225399,0.4379223883152008,0.3040550649166107,0.04167424514889717,0.43946537375450134,0.3039359450340271,0.041575025767087936,0.43209314346313477,0.3052452802658081,0.04291987791657448,0.43078741431236267,0.3055974245071411,0.0429365374147892,0.4295448660850525,0.30612701177597046,0.042928289622068405,0.4420927166938782,0.30808907747268677,0.09085510671138763,0.42693671584129333,0.3104129731655121,0.09619255363941193,0.4381062090396881,0.3231084942817688,0.0494193360209465,0.432199627161026,0.32397159934043884,0.0508183017373085,0.4596213400363922,0.34996381402015686,0.0927152931690216,0.41502347588539124,0.3608381450176239,0.10715166479349136,0.47574058175086975,0.4056008756160736,0.06047707051038742,0.4053109288215637,0.40294599533081055,0.0585399754345417,0.48062214255332947,0.43220874667167664,-0.007562524639070034,0.3986884355545044,0.41039830446243286,-0.03988596051931381,0.48406267166137695,0.43962395191192627,-0.018901171162724495,0.3960312604904175,0.414495050907135,-0.05481569841504097,0.4819532036781311,0.43568748235702515,-0.02422734908759594,0.39695805311203003,0.40609532594680786,-0.056523941457271576,0.47937265038490295,0.43371862173080444,-0.011477496474981308,0.39918190240859985,0.4056282043457031,-0.04366544634103775,0.46086588501930237,0.4559149444103241,-0.0048654526472091675,0.43039822578430176,0.4596062898635864,0.00486756581813097,0.5065382122993469,0.46084898710250854,-0.07955218851566315,0.40708786249160767,0.4538782835006714,-0.07971256971359253,0.46830829977989197,0.4630007743835449,-0.028771664947271347,0.4512682557106018,0.4809395968914032,-0.05493026226758957,0.4617736339569092,0.4578130841255188,-0.02174254320561886,0.45778030157089233,0.4769272804260254,-0.050403494387865067,0.45756369829177856,0.4781343638896942,-0.032243840396404266,0.4622066617012024,0.4973435699939728,-0.06562729179859161
0198,./images/190/frame_00198.jpg,Normal,0.4349941611289978,0.31492215394973755,0.0424475222826004,0.43685999512672424,0.3043297827243805,0.05213388800621033,0.43840813636779785,0.30408886075019836,0.05210462212562561,0.4399782121181488,0.30397340655326843,0.052003614604473114,0.4327757954597473,0.30525586009025574,0.05319150164723396,0.43147221207618713,0.30560821294784546,0.05319848656654358,0.43023616075515747,0.30613481998443604,0.053199030458927155,0.4424954950809479,0.30808311700820923,0.10021913051605225,0.4275588095188141,0.310499906539917,0.10507601499557495,0.4386634826660156,0.3229866623878479,0.06027187779545784,0.43283018469810486,0.32375064492225647,0.06157812476158142,0.4598936140537262,0.34993186593055725,0.10042126476764679,0.41515451669692993,0.3608480989933014,0.11793394386768341,0.4755822718143463,0.4077575206756592,0.08560893684625626,0.40436840057373047,0.40250876545906067,0.09858351200819016,0.4837075173854828,0.4395607113838196,0.03943748399615288,0.39693543314933777,0.41546744108200073,0.043353088200092316,0.48779624700546265,0.4473615884780884,0.03252574801445007,0.39377251267433167,0.41919389367103577,0.0366315096616745,0.4858139455318451,0.4441241919994354,0.02495075948536396,0.3948430120944977,0.4127713143825531,0.033157773315906525,0.48281025886535645,0.44171372056007385,0.035119496285915375,0.3972650170326233,0.41205406188964844,0.039934463798999786,0.46170932054519653,0.4560573995113373,-0.005483471322804689,0.43054771423339844,0.46034350991249084,0.0054757860489189625,0.5096961855888367,0.46065691113471985,-0.10622723400592804,0.40609636902809143,0.45419612526893616,-0.09268040955066681,0.46326446533203125,0.46368297934532166,-0.04970157891511917,0.45010247826576233,0.48082977533340454,-0.06408469378948212,0.45572224259376526,0.4568156898021698,-0.03847057372331619,0.4568631649017334,0.4766998291015625,-0.05840586870908737,0.44791895151138306,0.4782230854034424,-0.0467911995947361,0.4625445306301117,0.4980342388153076,-0.0720539391040802
0199,./images/190/frame_00199.jpg,Normal,0.43547478318214417,0.3142223358154297,0.030034437775611877,0.43730098009109497,0.30405309796333313,0.037721794098615646,0.4387872815132141,0.3038310408592224,0.037684306502342224,0.44034796953201294,0.30375272035598755,0.03762587532401085,0.433452308177948,0.3049885034561157,0.03850198909640312,0.43219107389450073,0.30536285042762756,0.038513001054525375,0.43099331855773926,0.30590370297431946,0.038511790335178375,0.4427712559700012,0.3076132535934448,0.0836625024676323,0.4283866286277771,0.3101547360420227,0.08699449896812439,0.4389452040195465,0.3219316303730011,0.047419749200344086,0.43342772126197815,0.32248130440711975,0.04815926402807236,0.45986589789390564,0.3496009111404419,0.08114473521709442,0.4162566065788269,0.36086392402648926,0.10274118185043335,0.47681576013565063,0.40771231055259705,0.04692237824201584,0.40491199493408203,0.4022103250026703,0.0652247816324234,0.4814075827598572,0.43618664145469666,-0.022855395451188087,0.40501874685287476,0.415533185005188,-0.012355422601103783,0.484274685382843,0.44340577721595764,-0.03387584537267685,0.4033088684082031,0.41930660605430603,-0.02401830442249775,0.48244303464889526,0.4395400285720825,-0.03697429969906807,0.40398144721984863,0.412432998418808,-0.02472013607621193,0.4799066185951233,0.43740513920783997,-0.025766387581825256,0.40550345182418823,0.411734014749527,-0.015065249986946583,0.4615045487880707,0.45598262548446655,-0.005817522294819355,0.43126145005226135,0.4603554606437683,0.005834987387061119,0.5091201663017273,0.46122241020202637,-0.10476807504892349,0.4059668481349945,0.45744234323501587,-0.09680041670799255,0.457955539226532,0.4675343930721283,-0.04312462359666824,0.4568352699279785,0.4811598062515259,-0.06660880148410797,0.4505743980407715,0.4577028453350067,-0.03356947749853134,0.46314334869384766,0.4766787588596344,-0.06204402446746826,0.4399895668029785,0.4835216999053955,-0.04497074708342552,0.47262319922447205,0.4975915253162384,-0.07884149253368378
0200,./images/190/frame_00200.jpg,Normal,0.43646448850631714,0.31132540106773376,-0.008312210440635681,0.43812069296836853,0.3019561469554901,0.0017721995245665312,0.4394727647304535,0.30184146761894226,0.0017222354654222727,0.44091400504112244,0.3018890917301178,0.0016372330719605088,0.4347166121006012,0.30287137627601624,0.0030114080291241407,0.43359094858169556,0.3034074902534485,0.0030253943987190723,0.43248090147972107,0.3040893077850342,0.003020520554855466,0.44295430183410645,0.30588090419769287,0.05287640541791916,0.43003755807876587,0.3085126280784607,0.058010298758745193,0.43941396474838257,0.31905514001846313,0.010795009322464466,0.4345017373561859,0.31953948736190796,0.01205688901245594,0.4597415328025818,0.34902670979499817,0.05473325774073601,0.4177089333534241,0.3604748249053955,0.08013923466205597,0.4774731993675232,0.40796276926994324,0.024583639577031136,0.4060237407684326,0.40221431851387024,0.029421204701066017,0.48066768050193787,0.4386633038520813,-0.039257459342479706,0.412275493144989,0.41539421677589417,-0.07419770956039429,0.4834485650062561,0.4463139474391937,-0.05265215039253235,0.41165876388549805,0.41951611638069153,-0.09245019406080246,0.4811576306819916,0.4427702724933624,-0.0576627254486084,0.4133860170841217,0.412204772233963,-0.0932249054312706,0.47876429557800293,0.440407931804657,-0.04275672137737274,0.41436928510665894,0.41145452857017517,-0.07776330411434174,0.4615539610385895,0.4566074013710022,-0.010206891223788261,0.4327220320701599,0.4603446125984192,0.010256679728627205,0.49575790762901306,0.46507030725479126,-0.07909023016691208,0.414681613445282,0.4588965177536011,-0.0700407326221466,0.45790737867355347,0.4750775992870331,-0.018556369468569756,0.4570866525173187,0.48598942160606384,-0.05017642304301262,0.45265665650367737,0.47114264965057373,-0.011324388906359673,0.46336865425109863,0.48515641689300537,-0.04713977128267288,0.44298213720321655,0.4874860644340515,-0.030877575278282166,0.4664995074272156,0.5013798475265503,-0.07314328849315643
0201,./images/190/frame_00201.jpg,Normal,0.43647274374961853,0.3108524680137634,-0.022366560995578766,0.4387032389640808,0.3016301989555359,-0.011852764524519444,0.44034260511398315,0.30160778760910034,-0.011892655864357948,0.4419844150543213,0.30170688033103943,-0.011979499831795692,0.43442225456237793,0.30208152532577515,-0.012116730213165283,0.4331139922142029,0.3024338483810425,-0.012112352065742016,0.4319677948951721,0.30288857221603394,-0.012112678959965706,0.4443399906158447,0.30521073937416077,0.041228316724300385,0.4296056628227234,0.3068286180496216,0.03992179408669472,0.4397401809692383,0.3186914324760437,-0.0025248860474675894,0.43413853645324707,0.31921273469924927,-0.0030416841618716717,0.460360050201416,0.3490907847881317,0.04753689095377922,0.41742056608200073,0.3609982430934906,0.05548021197319031,0.47556179761886597,0.4079227149486542,0.02653481625020504,0.4078224301338196,0.4076921343803406,0.017125409096479416,0.4724603295326233,0.43646544218063354,-0.023222655057907104,0.4227790832519531,0.41504400968551636,-0.06190122291445732,0.4718722701072693,0.44401904940605164,-0.0344146192073822,0.42522042989730835,0.41894814372062683,-0.07665178179740906,0.4693101942539215,0.43931692838668823,-0.036212433129549026,0.4255027770996094,0.41004854440689087,-0.07777132093906403,0.46812453866004944,0.43714556097984314,-0.024858910590410233,0.4253477156162262,0.4093160033226013,-0.06428305059671402,0.4619278013706207,0.4561566710472107,-0.00949547253549099,0.4321632981300354,0.46041399240493774,0.009592813439667225,0.4977834224700928,0.465989351272583,-0.0967223197221756,0.4120402932167053,0.4646991193294525,-0.12131909281015396,0.4570072591304779,0.4754196107387543,-0.0271872878074646,0.45894184708595276,0.4851507544517517,-0.08176165074110031,0.4518675208091736,0.4697625935077667,-0.016817089170217514,0.46461614966392517,0.4831527769565582,-0.07467322051525116,0.43957430124282837,0.48624491691589355,-0.033582769334316254,0.4768409729003906,0.49947279691696167,-0.09801565110683441
0202,./images/190/frame_00202.jpg,Normal,0.4371531009674072,0.31089428067207336,-0.019710268825292587,0.4397295415401459,0.3015393018722534,-0.009413701482117176,0.4414826035499573,0.3014846444129944,-0.009448797442018986,0.4432098865509033,0.3015586733818054,-0.00953428540378809,0.43485894799232483,0.3020102083683014,-0.009494317695498466,0.43333691358566284,0.30232909321784973,-0.00949795264750719,0.431954562664032,0.30274498462677,-0.00949852354824543,0.44566965103149414,0.3047718405723572,0.04360852390527725,0.42972368001937866,0.30642780661582947,0.04322943463921547,0.4407273828983307,0.3186509311199188,0.00011000900849467143,0.43462949991226196,0.31923919916152954,-0.00011855192860821262,0.46159419417381287,0.3493471145629883,0.051782917231321335,0.41765516996383667,0.36108851432800293,0.05788435786962509,0.4753381311893463,0.40936723351478577,0.03843548893928528,0.41343793272972107,0.41354477405548096,0.020352918654680252,0.4720374047756195,0.43701162934303284,-0.00610493216663599,0.4269748330116272,0.41466692090034485,-0.060183554887771606,0.47161775827407837,0.4450669586658478,-0.015476131811738014,0.4302149713039398,0.41857364773750305,-0.07483626902103424,0.46916380524635315,0.43969181180000305,-0.018160084262490273,0.43068161606788635,0.4087187349796295,-0.07509393990039825,0.4679592549800873,0.4370749890804291,-0.00701933354139328,0.4302651286125183,0.40800154209136963,-0.06204266473650932,0.46276503801345825,0.45612308382987976,-0.007449357304722071,0.434155136346817,0.4603942334651947,0.007558381650596857,0.4999017119407654,0.4653705656528473,-0.11258020251989365,0.41002851724624634,0.4662338197231293,-0.1271602362394333,0.4563060700893402,0.4749414622783661,-0.0345466211438179,0.4573218822479248,0.48468315601348877,-0.07921374589204788,0.4505113661289215,0.46922335028648376,-0.02677040733397007,0.46255117654800415,0.47824597358703613,-0.07256337255239487,0.4375028610229492,0.48557814955711365,-0.04184003919363022,0.4757865071296692,0.4956505596637726,-0.09717508405447006
0203,./images/190/frame_00203.jpg,Normal,0.43786802887916565,0.31102263927459717,0.004666505381464958,0.44051727652549744,0.30161046981811523,0.015057241544127464,0.44219884276390076,0.3015604615211487,0.015027346089482307,0.4438725411891937,0.3016412556171417,0.01494588702917099,0.43563294410705566,0.30209678411483765,0.014253726229071617,0.4341055452823639,0.30242761969566345,0.014252160675823689,0.43263348937034607,0.3028564751148224,0.014254571869969368,0.44606050848960876,0.3046528100967407,0.06733451783657074,0.4304179251194,0.3062707185745239,0.06289217621088028,0.44127029180526733,0.318469762802124,0.024272069334983826,0.4352094531059265,0.319139301776886,0.023072954267263412,0.4616449475288391,0.34903398156166077,0.07129654288291931,0.41828590631484985,0.36031651496887207,0.07198315113782883,0.4740118384361267,0.4068387448787689,0.06336811184883118,0.41072988510131836,0.4131471514701843,0.032062094658613205,0.4713907837867737,0.43820539116859436,0.01974063366651535,0.4231976568698883,0.41447848081588745,-0.05154116824269295,0.47136226296424866,0.44864627718925476,0.009829839691519737,0.42489486932754517,0.4188823401927948,-0.05949414521455765,0.46888089179992676,0.44358575344085693,0.004310959950089455,0.4256168007850647,0.4089887738227844,-0.06349871307611465,0.46751099824905396,0.43998706340789795,0.01697314716875553,0.4258546233177185,0.4080101549625397,-0.058872293680906296,0.4630895256996155,0.45546483993530273,-0.0063840956427156925,0.4339907169342041,0.46029138565063477,0.006508492864668369,0.5010024309158325,0.46475669741630554,-0.11124908924102783,0.4098285138607025,0.47261708974838257,-0.12131558358669281,0.456155002117157,0.4745425879955292,-0.03709091246128082,0.45625096559524536,0.484264075756073,-0.07738346606492996,0.4502498507499695,0.46887898445129395,-0.027803728356957436,0.4613414704799652,0.476211816072464,-0.06843668222427368,0.43668332695961,0.48532578349113464,-0.04499141499400139,0.4751424789428711,0.49348607659339905,-0.08554745465517044
0204,./images/190/frame_00204.jpg,Normal,0.43785184621810913,0.31112250685691833,0.005625537596642971,0.4405510425567627,0.30163756012916565,0.015625985339283943,0.4422371983528137,0.3015841543674469,0.01560058631002903,0.4438992440700531,0.3016758859157562,0.01552014984190464,0.43573659658432007,0.30217739939689636,0.015396051108837128,0.43420687317848206,0.30251407623291016,0.015390599146485329,0.4327089786529541,0.30292704701423645,0.015391355380415916,0.4462966322898865,0.30462324619293213,0.06724058091640472,0.43073639273643494,0.30609026551246643,0.06483294069766998,0.44130223989486694,0.31850099563598633,0.02488388866186142,0.43523842096328735,0.31915897130966187,0.02447410114109516,0.46206754446029663,0.3490807116031647,0.07147727161645889,0.4184706211090088,0.36000606417655945,0.07452810555696487,0.4739285409450531,0.406941682100296,0.06730062514543533,0.4097345471382141,0.41101372241973877,0.05528797581791878,0.471774160861969,0.44257768988609314,0.02706669270992279,0.4218785762786865,0.4177561402320862,-0.01566055789589882,0.4720112383365631,0.45445606112480164,0.01815187931060791,0.4234078824520111,0.42320188879966736,-0.027449527755379677,0.46957531571388245,0.44975292682647705,0.011560723185539246,0.42404356598854065,0.4135064482688904,-0.030740877613425255,0.46807774901390076,0.4453867971897125,0.024028092622756958,0.4244117736816406,0.4116266965866089,-0.01889447681605816,0.46336451172828674,0.4552052319049835,-0.005943103693425655,0.43474650382995605,0.46028366684913635,0.0060600037686526775,0.5042526721954346,0.4623211622238159,-0.12391115725040436,0.4064845144748688,0.4770127236843109,-0.12774443626403809,0.4556669592857361,0.4758104085922241,-0.06177468225359917,0.4568367898464203,0.48397091031074524,-0.07966963201761246,0.4495173990726471,0.4686064124107361,-0.05221009999513626,0.46156468987464905,0.4743231534957886,-0.07081533968448639,0.4338165819644928,0.48631274700164795,-0.06749816983938217,0.47808176279067993,0.49009621143341064,-0.08695879578590393
0205,./images/190/frame_00205.jpg,Normal,0.4377695918083191,0.3110816180706024,0.0010047225514426827,0.44060420989990234,0.3016960918903351,0.010682804509997368,0.4423469007015228,0.30163121223449707,0.01065176259726286,0.4440644681453705,0.30169951915740967,0.010573151521384716,0.43575745820999146,0.3022146224975586,0.01117653213441372,0.4342600703239441,0.30251526832580566,0.011178400367498398,0.4328156113624573,0.30287519097328186,0.011173199862241745,0.44671815633773804,0.3045158386230469,0.06097431108355522,0.4314384460449219,0.3059120178222656,0.06286008656024933,0.4414241313934326,0.3184983432292938,0.01979466900229454,0.435310423374176,0.31916218996047974,0.020364884287118912,0.4622754454612732,0.3489013612270355,0.06577233225107193,0.4194314479827881,0.3590379059314728,0.07470205426216125,0.4736623764038086,0.40660640597343445,0.042116258293390274,0.4100140631198883,0.41037049889564514,0.0336223840713501,0.4718710780143738,0.4420565664768219,-0.0243537575006485,0.420562207698822,0.42300644516944885,-0.06583072990179062,0.4723072946071625,0.453669011592865,-0.03775370866060257,0.42108154296875,0.4301900267601013,-0.08385024964809418,0.469990074634552,0.4485878050327301,-0.04323352128267288,0.4227372109889984,0.42120474576950073,-0.08561866730451584,0.4684433937072754,0.44462794065475464,-0.027683770284056664,0.4236751198768616,0.41865742206573486,-0.06909786909818649,0.46325570344924927,0.4540664553642273,-0.004029243718832731,0.43521231412887573,0.45920994877815247,0.004106847569346428,0.5042814016342163,0.4622456133365631,-0.12218569219112396,0.4102795720100403,0.47680363059043884,-0.1224512904882431,0.4569781720638275,0.4776008725166321,-0.061357032507658005,0.4561556875705719,0.4854748249053955,-0.07035951316356659,0.4507738947868347,0.47060638666152954,-0.052454181015491486,0.46093815565109253,0.47726166248321533,-0.06183808296918869,0.4380280077457428,0.48984286189079285,-0.06897218525409698,0.4741153120994568,0.4935453534126282,-0.07954604923725128
0206,./images/190/frame_00206.jpg,Normal,0.43800458312034607,0.3111247420310974,-0.0012738715158775449,0.4410683512687683,0.301734983921051,0.008458724245429039,0.4428390860557556,0.30166903138160706,0.008425931446254253,0.4445771276950836,0.30174097418785095,0.00833968911319971,0.4361415505409241,0.3022651970386505,0.009066293016076088,0.43462514877319336,0.30253294110298157,0.009070271626114845,0.43315595388412476,0.3028269410133362,0.009066885337233543,0.4473874568939209,0.30439844727516174,0.05954020470380783,0.4321111738681793,0.30566248297691345,0.062190305441617966,0.4417588710784912,0.31847986578941345,0.01787424087524414,0.43564286828041077,0.31906476616859436,0.018602155148983,0.4626914858818054,0.34879377484321594,0.06651563942432404,0.42037639021873474,0.3576138913631439,0.07640103250741959,0.47360891103744507,0.40518081188201904,0.04498176649212837,0.4108034670352936,0.410180926322937,0.038789425045251846,0.4735720753669739,0.4391281008720398,-0.017604991793632507,0.42165011167526245,0.4226672351360321,-0.053661126643419266,0.4740557074546814,0.45123401284217834,-0.03074762225151062,0.4221529960632324,0.42973849177360535,-0.07045882195234299,0.4716722369194031,0.444748193025589,-0.03622662276029587,0.4240344166755676,0.4209710359573364,-0.07240940630435944,0.47008538246154785,0.44076797366142273,-0.02097676508128643,0.42498916387557983,0.4185587167739868,-0.056731320917606354,0.46373891830444336,0.45249509811401367,-0.0034297131933271885,0.4361317753791809,0.456601083278656,0.0035029728896915913,0.5054210424423218,0.46222633123397827,-0.12227964401245117,0.41291165351867676,0.47479456663131714,-0.12469452619552612,0.458467960357666,0.4775874614715576,-0.057480208575725555,0.45689907670021057,0.4866977334022522,-0.07087956368923187,0.4520317018032074,0.470608651638031,-0.048641715198755264,0.4617632329463959,0.48009973764419556,-0.06281813979148865,0.44068145751953125,0.49127116799354553,-0.06421643495559692,0.4728062152862549,0.49792158603668213,-0.081016406416893
0207,./images/190/frame_00207.jpg,Normal,0.438694566488266,0.31111741065979004,-0.003337141592055559,0.44181957840919495,0.3017802834510803,0.007034933660179377,0.4435824453830719,0.3017103374004364,0.007000326178967953,0.44533124566078186,0.30177590250968933,0.006914321333169937,0.4367731213569641,0.3022724986076355,0.007569305598735809,0.43519410490989685,0.30247557163238525,0.007577930577099323,0.433657705783844,0.3026881814002991,0.007574742194265127,0.4481571614742279,0.30421701073646545,0.059171032160520554,0.4326176047325134,0.30537837743759155,0.06187508627772331,0.4424537122249603,0.318343847990036,0.016085395589470863,0.43637004494667053,0.3188731372356415,0.016812311485409737,0.4632788300514221,0.3488110303878784,0.06570883095264435,0.42128610610961914,0.3574017882347107,0.07555656880140305,0.47362226247787476,0.40513208508491516,0.037353869527578354,0.4118635654449463,0.4092744290828705,0.03281958028674126,0.47476258873939514,0.4392118752002716,-0.03637179732322693,0.42408591508865356,0.42159873247146606,-0.06252026557922363,0.4756103456020355,0.45104509592056274,-0.05136686563491821,0.42547473311424255,0.42802366614341736,-0.08028419315814972,0.4727766513824463,0.4449298083782196,-0.05764373019337654,0.42715486884117126,0.42011478543281555,-0.08164846897125244,0.47107189893722534,0.44118744134902954,-0.040340326726436615,0.42767804861068726,0.41806459426879883,-0.06533688306808472,0.4646565318107605,0.45265963673591614,-0.0026886037085205317,0.4369626045227051,0.4573395550251007,0.002748394850641489,0.5071471929550171,0.4624963402748108,-0.12747345864772797,0.4181791841983795,0.4724704623222351,-0.1229519248008728,0.4606051445007324,0.47952800989151,-0.058444224298000336,0.4565414786338806,0.4919474720954895,-0.06971918046474457,0.45389896631240845,0.47342488169670105,-0.049467913806438446,0.46137285232543945,0.4893437325954437,-0.06223021075129509,0.445294052362442,0.49557167291641235,-0.06580907106399536,0.4716712534427643,0.507648229598999,-0.08188092708587646
0208,./images/190/frame_00208.jpg,Normal,0.4389057159423828,0.3104124367237091,-0.004174298606812954,0.4422024190425873,0.30141952633857727,0.00650608167052269,0.44399556517601013,0.30139026045799255,0.006468521896749735,0.4457969069480896,0.30145832896232605,0.006382700055837631,0.4370717406272888,0.30168384313583374,0.0069318548776209354,0.43547144532203674,0.30175942182540894,0.006943362765014172,0.43390727043151855,0.30185601115226746,0.006934270262718201,0.44871801137924194,0.30368971824645996,0.05847220867872238,0.43279194831848145,0.30436140298843384,0.06076516956090927,0.44274085760116577,0.3178030848503113,0.015075628645718098,0.43661588430404663,0.3181326687335968,0.015602653846144676,0.46347659826278687,0.3489476442337036,0.06262876093387604,0.4218218922615051,0.35733935236930847,0.07104980945587158,0.47364315390586853,0.4055324196815491,0.015616429038345814,0.4137083888053894,0.40910840034484863,0.009578154422342777,0.4709259569644928,0.4375346302986145,-0.06813458353281021,0.4230126440525055,0.415828675031662,-0.10012700408697128,0.4696808457374573,0.4475303292274475,-0.08454756438732147,0.42355045676231384,0.42089730501174927,-0.12029288709163666,0.46695056557655334,0.43973299860954285,-0.08650461584329605,0.4251658022403717,0.41179919242858887,-0.12026194483041763,0.46594372391700745,0.4372425079345703,-0.07054851949214935,0.426013320684433,0.41077345609664917,-0.10294656455516815,0.465463787317276,0.45283347368240356,-0.0023282922338694334,0.43783387541770935,0.45752498507499695,0.0023638878483325243,0.5070274472236633,0.4631122052669525,-0.10614572465419769,0.421720027923584,0.4693058133125305,-0.09687970578670502,0.46086210012435913,0.47918689250946045,-0.02679342031478882,0.4547216296195984,0.4910193681716919,-0.038044415414333344,0.45391005277633667,0.47266045212745667,-0.017392359673976898,0.4595545828342438,0.4895647168159485,-0.03090519830584526,0.4481852650642395,0.4943070709705353,-0.030801350250840187,0.4608596861362457,0.5078518986701965,-0.05092870071530342
0209,./images/190/frame_00209.jpg,Normal,0.43998607993125916,0.3101798892021179,-0.003372193081304431,0.4429624080657959,0.3013651967048645,0.006599311716854572,0.4447506070137024,0.30136001110076904,0.006553076207637787,0.4465445876121521,0.3014310300350189,0.006465838756412268,0.43793734908103943,0.3014872074127197,0.007312245666980743,0.4363653063774109,0.30151402950286865,0.007311022840440273,0.43479451537132263,0.3015766441822052,0.007301361300051212,0.4492899775505066,0.30356091260910034,0.06026201695203781,0.4332062304019928,0.3041534125804901,0.061150096356868744,0.44367098808288574,0.3174484372138977,0.015476666390895844,0.4376879632472992,0.3176681101322174,0.01630990207195282,0.4638086259365082,0.3489665985107422,0.06581559032201767,0.42215830087661743,0.3574115037918091,0.07298789918422699,0.4740051329135895,0.40555572509765625,0.026041928678750992,0.4148963391780853,0.4086824655532837,0.012875223532319069,0.47328075766563416,0.43638473749160767,-0.05812976881861687,0.4246218204498291,0.4133128225803375,-0.09991014003753662,0.47356146574020386,0.44611024856567383,-0.07512602210044861,0.4250209927558899,0.41766488552093506,-0.12124866247177124,0.4707345962524414,0.43867751955986023,-0.0799780860543251,0.42676305770874023,0.4078260064125061,-0.12154382467269897,0.4690764844417572,0.43622225522994995,-0.06204397231340408,0.42767661809921265,0.4068831205368042,-0.10307673364877701,0.46599555015563965,0.452837198972702,-0.001439167419448495,0.43871888518333435,0.457471638917923,0.001470891642384231,0.5073294639587402,0.46295979619026184,-0.09454067796468735,0.42560434341430664,0.46449723839759827,-0.08303245902061462,0.4639809727668762,0.47749948501586914,-0.02017512544989586,0.4537990689277649,0.48694708943367004,-0.01745881885290146,0.4565541744232178,0.4723197817802429,-0.01147245429456234,0.45832592248916626,0.4884907603263855,-0.009779209271073341,0.4552321434020996,0.4941408336162567,-0.02563014253973961,0.45779848098754883,0.5057201981544495,-0.028592919930815697
0210,./images/190/frame_00210.jpg,Normal,0.44048064947128296,0.31021353602409363,-0.013375150971114635,0.4434834420681,0.3013909161090851,-0.002075725933536887,0.4452819228172302,0.3013758659362793,-0.0021154945716261864,0.44709014892578125,0.3014427721500397,-0.002204555319622159,0.4384542405605316,0.30148184299468994,-0.0018095523118972778,0.43687543272972107,0.3014567792415619,-0.0017941672122105956,0.4352688789367676,0.30145561695098877,-0.0017849721480160952,0.45000845193862915,0.3035183846950531,0.054836519062519073,0.43361011147499084,0.30381616950035095,0.05573434382677078,0.44405680894851685,0.3174516558647156,0.00770025048404932,0.43813222646713257,0.31759902834892273,0.00801934115588665,0.46426230669021606,0.349016010761261,0.06573746353387833,0.4228076934814453,0.35743314027786255,0.07385839521884918,0.4771670699119568,0.40808403491973877,0.03383185341954231,0.419437974691391,0.4108896851539612,0.023090017959475517,0.47750934958457947,0.4377377927303314,-0.04091332107782364,0.42428451776504517,0.41098344326019287,-0.08100346475839615,0.4794323444366455,0.4466845691204071,-0.05422896146774292,0.4244270920753479,0.41362932324409485,-0.10060757398605347,0.4770771861076355,0.4396046996116638,-0.05931740999221802,0.4256717264652252,0.4040687084197998,-0.10305900871753693,0.4747464656829834,0.4370729625225067,-0.04332602769136429,0.42670711874961853,0.40349358320236206,-0.08482269197702408,0.46651458740234375,0.4543429911136627,-0.0015296206111088395,0.4391939640045166,0.45761948823928833,0.0015509601216763258,0.5077798366546631,0.46248936653137207,-0.12292216718196869,0.4251489043235779,0.4646126925945282,-0.08943536132574081,0.4639289975166321,0.4770510792732239,-0.05179186910390854,0.450239896774292,0.48658955097198486,-0.0247576255351305,0.4560067653656006,0.47197872400283813,-0.043726637959480286,0.4546023905277252,0.4871601462364197,-0.01750262826681137,0.45302915573120117,0.49322909116744995,-0.06177518516778946,0.45180684328079224,0.504115641117096,-0.0384330190718174
0211,./images/190/frame_00211.jpg,Normal,0.4414398670196533,0.31026506423950195,-0.02939312718808651,0.44424551725387573,0.30153360962867737,-0.01935940608382225,0.4460178017616272,0.30152222514152527,-0.019392410293221474,0.44779348373413086,0.3015638589859009,-0.019475914537906647,0.43934693932533264,0.30150938034057617,-0.01924983225762844,0.4378359317779541,0.30147218704223633,-0.01923016831278801,0.43631690740585327,0.3014878034591675,-0.019221436232328415,0.450526624917984,0.30353492498397827,0.034734707325696945,0.4344964027404785,0.3038254380226135,0.03541272506117821,0.4448164999485016,0.3174702227115631,-0.008903437294065952,0.4390997290611267,0.3175971806049347,-0.008741917088627815,0.46440449357032776,0.3490248918533325,0.047174789011478424,0.42387962341308594,0.3574390411376953,0.0544690378010273,0.47706174850463867,0.4075221121311188,0.012319687753915787,0.4200369715690613,0.4102756083011627,-0.00021728842693846673,0.47740525007247925,0.43462321162223816,-0.06965219229459763,0.4235598146915436,0.4075753390789032,-0.11083535850048065,0.47912663221359253,0.44257622957229614,-0.08592905104160309,0.4235300123691559,0.4096638262271881,-0.13094234466552734,0.4766462445259094,0.4359888434410095,-0.09137959778308868,0.42478814721107483,0.4007079303264618,-0.13248427212238312,0.4744499623775482,0.4339185953140259,-0.07358749210834503,0.4259331226348877,0.4005744457244873,-0.1144048199057579,0.4664650559425354,0.4541392922401428,-0.00153370201587677,0.439272940158844,0.4573325216770172,0.0015716491034254432,0.5076906085014343,0.46238330006599426,-0.12403909862041473,0.4221273362636566,0.4661233723163605,-0.09476353973150253,0.46165719628334045,0.476443350315094,-0.05172554403543472,0.44867148995399475,0.4860396087169647,-0.032784588634967804,0.45360422134399414,0.4717758893966675,-0.04208432883024216,0.4533495306968689,0.48706549406051636,-0.024684887379407883,0.4508804678916931,0.49313196539878845,-0.05522250011563301,0.4522251486778259,0.5028377771377563,-0.041884999722242355
0212,./images/190/frame_00212.jpg,Normal,0.4415622651576996,0.310293972492218,-0.0513974204659462,0.4445822834968567,0.30163314938545227,-0.04213365167379379,0.4464213252067566,0.30161190032958984,-0.042177677154541016,0.44828706979751587,0.30162331461906433,-0.04227564483880997,0.4395112991333008,0.30155515670776367,-0.041148651391267776,0.4379521310329437,0.30148744583129883,-0.041120775043964386,0.4363810420036316,0.3015086352825165,-0.04112209007143974,0.45119184255599976,0.3035464882850647,0.010834683664143085,0.4347046911716461,0.30383601784706116,0.015357499942183495,0.4450792670249939,0.31761106848716736,-0.031262267380952835,0.4391048550605774,0.31761687994003296,-0.02998853661119938,0.4646909236907959,0.3491399884223938,0.02552161179482937,0.425241619348526,0.35658425092697144,0.04016037657856941,0.47697409987449646,0.40750235319137573,-0.009387219324707985,0.4187070429325104,0.4085146188735962,-0.006651975214481354,0.47775998711586,0.43084025382995605,-0.0958985835313797,0.4230300486087799,0.40531235933303833,-0.1168660894036293,0.4795326292514801,0.4371929168701172,-0.11401774734258652,0.422860324382782,0.4073375165462494,-0.1361360400915146,0.47732678055763245,0.4300329089164734,-0.11939360946416855,0.4237757623195648,0.3987083435058594,-0.14038191735744476,0.4750543236732483,0.42853835225105286,-0.10005903244018555,0.4255906641483307,0.39869827032089233,-0.12159328162670135,0.46637582778930664,0.454087495803833,-0.0015955980634316802,0.43948179483413696,0.45731431245803833,0.0016310513019561768,0.5074738264083862,0.4623747169971466,-0.12564092874526978,0.42166146636009216,0.4731210172176361,-0.10026760399341583,0.4610702395439148,0.4820205569267273,-0.028098400682210922,0.4474329948425293,0.49107497930526733,-0.016828909516334534,0.45315465331077576,0.47858572006225586,-0.016292911022901535,0.4520106911659241,0.49050822854042053,-0.00616069370880723,0.450463205575943,0.5003646016120911,-0.030039165169000626,0.45046061277389526,0.507547914981842,-0.022855672985315323
0213,./images/190/frame_00213.jpg,Normal,0.4421231150627136,0.3103216886520386,-0.03552072495222092,0.4452781081199646,0.301672101020813,-0.026031553745269775,0.4471319615840912,0.30165740847587585,-0.026074204593896866,0.44901761412620544,0.3016568422317505,-0.026182377710938454,0.4400975704193115,0.30157753825187683,-0.024853428825736046,0.4384779930114746,0.30150410532951355,-0.02482358179986477,0.4368467926979065,0.30150237679481506,-0.02482534945011139,0.45194825530052185,0.3035425841808319,0.025313759222626686,0.43530988693237305,0.30367526412010193,0.03075670637190342,0.4455907940864563,0.3176276385784149,-0.016122903674840927,0.4394894540309906,0.3175816535949707,-0.014603152871131897,0.4650154709815979,0.34916597604751587,0.03814547136425972,0.4268510341644287,0.35391050577163696,0.052288372069597244,0.47676482796669006,0.4074675142765045,0.004912321921437979,0.41925206780433655,0.40405887365341187,0.007868517190217972,0.47909125685691833,0.4307090640068054,-0.07943232357501984,0.42260780930519104,0.40250107645988464,-0.0972796157002449,0.4810946583747864,0.43763038516044617,-0.09759138524532318,0.4224976897239685,0.4050174355506897,-0.11655870825052261,0.478878915309906,0.43072909116744995,-0.10340078175067902,0.42328596115112305,0.39596787095069885,-0.12061463296413422,0.4764746129512787,0.4289829134941101,-0.08385501056909561,0.4255269467830658,0.3957512676715851,-0.10190767049789429,0.4663465619087219,0.4534413516521454,-0.0015356303192675114,0.4396742880344391,0.45582500100135803,0.0015833729412406683,0.5067138671875,0.46208223700523376,-0.12570419907569885,0.4224908947944641,0.4755142331123352,-0.10475723445415497,0.46446555852890015,0.4896358549594879,-0.016537919640541077,0.447970449924469,0.5008750557899475,-0.00918570440262556,0.4571297764778137,0.48806604743003845,-0.004008923191577196,0.45273151993751526,0.5003595352172852,0.0021306455601006746,0.4586309790611267,0.5114792585372925,-0.01948305405676365,0.4511699676513672,0.5230599045753479,-0.01721840351819992
0214,./images/190/frame_00214.jpg,Normal,0.4429701864719391,0.310341477394104,-0.0308455191552639,0.4462471604347229,0.3017246425151825,-0.020960668101906776,0.4480978548526764,0.30174610018730164,-0.020998157560825348,0.44995465874671936,0.3017650246620178,-0.0210922472178936,0.44098156690597534,0.30158472061157227,-0.02020508050918579,0.43925565481185913,0.3014639616012573,-0.020184244960546494,0.43752938508987427,0.3013978600502014,-0.020185042172670364,0.45273739099502563,0.3035470247268677,0.031644415110349655,0.43580159544944763,0.3034452497959137,0.0352134108543396,0.44627809524536133,0.31764423847198486,-0.01109048817306757,0.4400425851345062,0.3175014555454254,-0.010131428018212318,0.46539098024368286,0.3492754399776459,0.041587673127651215,0.4272003769874573,0.35073602199554443,0.05327779799699783,0.47674551606178284,0.40738445520401,-0.008923184126615524,0.41943806409835815,0.40175309777259827,-0.01002337597310543,0.47776514291763306,0.4217316210269928,-0.10294556617736816,0.4225753843784332,0.40150582790374756,-0.12750893831253052,0.47846168279647827,0.42609938979148865,-0.12153778225183487,0.4222632050514221,0.4032416343688965,-0.1480056643486023,0.47643914818763733,0.4181690216064453,-0.12399488687515259,0.4234033524990082,0.3946250081062317,-0.14905494451522827,0.4746050238609314,0.4178686738014221,-0.10597693920135498,0.42435914278030396,0.3967154920101166,-0.13097772002220154,0.4663296341896057,0.45173004269599915,-0.0018427943577989936,0.4394075274467468,0.4517136812210083,0.0018902486190199852,0.5044332146644592,0.4619874656200409,-0.12520769238471985,0.4144909381866455,0.45781785249710083,-0.1062074527144432,0.4589363634586334,0.47698304057121277,-0.025925014168024063,0.4397967457771301,0.4905916750431061,-0.03592487797141075,0.45188435912132263,0.4723879396915436,-0.015456579625606537,0.44505828619003296,0.4917004108428955,-0.028125017881393433,0.4488556385040283,0.4922701120376587,-0.030553031712770462,0.442505419254303,0.5156164169311523,-0.047316066920757294
0215,./images/190/frame_00215.jpg,Normal,0.44339972734451294,0.31030386686325073,-0.09142264723777771,0.44690385460853577,0.30171555280685425,-0.08224374800920486,0.44874492287635803,0.3017532229423523,-0.0822879821062088,0.45060211420059204,0.3017765283584595,-0.08238448202610016,0.44159045815467834,0.30138128995895386,-0.08158453553915024,0.43986597657203674,0.301146924495697,-0.08157666027545929,0.43817955255508423,0.3009601831436157,-0.08159388601779938,0.4533032774925232,0.3035484850406647,-0.026305299252271652,0.43640223145484924,0.30291101336479187,-0.023222727701067924,0.44673824310302734,0.3176147937774658,-0.06984888762235641,0.44038262963294983,0.3172135353088379,-0.0690382570028305,0.4656006693840027,0.3491913974285126,-0.008784322068095207,0.42779341340065,0.3495355248451233,0.009525267407298088,0.4766267240047455,0.4081924855709076,-0.05528046563267708,0.4216046929359436,0.40208935737609863,-0.03397750109434128,0.4682697653770447,0.4153497815132141,-0.14388112723827362,0.42412304878234863,0.4000725746154785,-0.13631394505500793,0.4655172824859619,0.41819027066230774,-0.16243520379066467,0.4236372411251068,0.4020509123802185,-0.1534620225429535,0.4636920988559723,0.4084986448287964,-0.1614615023136139,0.4242543578147888,0.3941905200481415,-0.15772464871406555,0.46318745613098145,0.40882280468940735,-0.14500224590301514,0.4256032407283783,0.39514562487602234,-0.1404210925102234,0.4662972092628479,0.4509558081626892,-0.003422826062887907,0.4393182694911957,0.4513709247112274,0.003479769453406334,0.5029278993606567,0.46317148208618164,-0.12467062473297119,0.4149588644504547,0.45966923236846924,-0.11828148365020752,0.4592711925506592,0.48226115107536316,-0.013007000088691711,0.44242972135543823,0.4932255744934082,-0.03698835149407387,0.45218294858932495,0.4793446958065033,-0.000421765202190727,0.447711706161499,0.4946480691432953,-0.028303075581789017,0.45088934898376465,0.4984849691390991,-0.016108868643641472,0.44488421082496643,0.5152505040168762,-0.05095536261796951
0216,./images/190/frame_00216.jpg,Normal,0.44462108612060547,0.3102714419364929,-0.06672756373882294,0.44787925481796265,0.3017182946205139,-0.057108115404844284,0.44963574409484863,0.3017582893371582,-0.057154543697834015,0.45139461755752563,0.3017788529396057,-0.05726082995533943,0.4427710473537445,0.301330029964447,-0.05669817328453064,0.44109708070755005,0.301072895526886,-0.05668266490101814,0.43944281339645386,0.30086424946784973,-0.05669413134455681,0.4538828730583191,0.3034311830997467,-0.001923458301462233,0.43738293647766113,0.3028319180011749,8.327203977387398e-05,0.4477718770503998,0.3175593614578247,-0.04552226513624191,0.44158196449279785,0.3169947564601898,-0.045020751655101776,0.4660158157348633,0.347997784614563,0.013274483382701874,0.42845335602760315,0.3488626182079315,0.028172895312309265,0.47650760412216187,0.4073632061481476,-0.02902349829673767,0.4217969477176666,0.40192967653274536,-0.014091921038925648,0.4693164825439453,0.41689783334732056,-0.11410775035619736,0.42558637261390686,0.4006310701370239,-0.11389335244894028,0.46754950284957886,0.4213138520717621,-0.1327345222234726,0.4251970648765564,0.40345466136932373,-0.1319686770439148,0.4656050205230713,0.4126133918762207,-0.1329641044139862,0.4256308078765869,0.3955014944076538,-0.1351422667503357,0.46476253867149353,0.4121357798576355,-0.11606581509113312,0.4269118905067444,0.39583510160446167,-0.11781881004571915,0.46696215867996216,0.45040491223335266,-0.0035374530125409365,0.4407402575016022,0.45148447155952454,0.0036078914999961853,0.5028749704360962,0.4638490080833435,-0.11906331777572632,0.4208996295928955,0.46498844027519226,-0.11772648245096207,0.4666047990322113,0.49090898036956787,0.003703773720189929,0.44499602913856506,0.5048481225967407,-0.01805853471159935,0.4604802131652832,0.48943066596984863,0.016998926177620888,0.4505743384361267,0.5065207481384277,-0.007796824909746647,0.4626505374908447,0.5119500160217285,-0.0009535003337077796,0.4475957453250885,0.52931809425354,-0.03365251421928406
0454,./images/190/frame_00454.jpg,Normal,0.4664861559867859,0.32079988718032837,-0.081468865275383,0.4670448899269104,0.3117738366127014,-0.09658922255039215,0.4664316773414612,0.31151294708251953,-0.09660094976425171,0.4656529426574707,0.311489999294281,-0.09667936712503433,0.4687679409980774,0.31126266717910767,-0.09346705675125122,0.4693538546562195,0.3109833598136902,-0.09351318329572678,0.4699884057044983,0.31091153621673584,-0.09358660876750946,0.4645339846611023,0.31253546476364136,-0.132474884390831,0.47228989005088806,0.3166006803512573,-0.11870346963405609,0.46557584404945374,0.3284098207950592,-0.08881805092096329,0.4674486219882965,0.3277915418148041,-0.085114486515522,0.44962018728256226,0.3645724952220917,-0.14998777210712433,0.4792160093784332,0.3704250454902649,-0.0705641582608223,0.45719194412231445,0.4527018666267395,-0.09402676671743393,0.4845336377620697,0.4557334780693054,-0.061968155205249786,0.4619007110595703,0.4997354745864868,-0.028012488037347794,0.47572898864746094,0.4871644377708435,-0.0819726511836052,0.46236905455589294,0.5118762850761414,-0.03375004231929779,0.4758477807044983,0.4984172284603119,-0.08642023801803589,0.464411199092865,0.5082591772079468,-0.036551278084516525,0.4723607897758484,0.49326080083847046,-0.09885092824697495,0.46521663665771484,0.5047681927680969,-0.028077339753508568,0.47239241003990173,0.48818737268447876,-0.08820920437574387,0.44854697585105896,0.5184487104415894,-0.0491318441927433,0.47592535614967346,0.5176547765731812,0.048939865082502365,0.4346352517604828,0.5156335234642029,0.0710258036851883,0.46822389960289,0.5116329789161682,0.22539620101451874,0.45359402894973755,0.5822069048881531,0.2350681722164154,0.47652703523635864,0.568354606628418,0.4000617563724518,0.4631701409816742,0.5973811745643616,0.25421252846717834,0.48295101523399353,0.5825873017311096,0.4196564257144928,0.4423501491546631,0.5789421796798706,0.25078144669532776,0.45839643478393555,0.5687138438224792,0.42494329810142517
0455,./images/190/frame_00455.jpg,Normal,0.4670252203941345,0.32104554772377014,-0.292389452457428,0.4679720401763916,0.31174811720848083,-0.28318262100219727,0.46846213936805725,0.3114762008190155,-0.2832143008708954,0.4691281318664551,0.311416894197464,-0.2833429276943207,0.4677502512931824,0.3113516569137573,-0.283547580242157,0.46700987219810486,0.31116196513175964,-0.28357985615730286,0.46599966287612915,0.3111799955368042,-0.28361743688583374,0.4699362814426422,0.31274116039276123,-0.20510151982307434,0.4640713632106781,0.3165809214115143,-0.2060743123292923,0.4681068956851959,0.3301425874233246,-0.261079341173172,0.4666407108306885,0.32945528626441956,-0.2614745497703552,0.4827052652835846,0.36301344633102417,-0.15008404850959778,0.45001286268234253,0.36467820405960083,-0.136627659201622,0.4885926842689514,0.4170435965061188,-0.1683426797389984,0.4406890869140625,0.42854171991348267,-0.15817850828170776,0.5016952753067017,0.4462810456752777,-0.2704160809516907,0.44660741090774536,0.44881919026374817,-0.2454283982515335,0.5074416995048523,0.4537268877029419,-0.29851415753364563,0.44606485962867737,0.4546276032924652,-0.26550057530403137,0.5059822797775269,0.4526274502277374,-0.3102554678916931,0.4473266005516052,0.45151376724243164,-0.28078004717826843,0.5028523802757263,0.4511493146419525,-0.27885234355926514,0.4483497738838196,0.4493921101093292,-0.25412964820861816,0.47708186507225037,0.47484394907951355,-0.012912994250655174,0.45541176199913025,0.47593605518341064,0.013047565706074238,0.4852549135684967,0.4976630210876465,-0.15922077000141144,0.43572959303855896,0.5091744661331177,-0.09660078585147858,0.4576300084590912,0.5596279501914978,0.00824609026312828,0.45635294914245605,0.5609831809997559,0.06477969884872437,0.4576084613800049,0.5642385482788086,0.023072443902492523,0.46065622568130493,0.5648126006126404,0.07991825044155121,0.45280417799949646,0.5805495381355286,-0.028941849246621132,0.45436200499534607,0.5812305212020874,0.030808452516794205
0456,./images/190/frame_00456.jpg,Normal,0.46717581152915955,0.3210296332836151,-0.2852666676044464,0.46891552209854126,0.31110385060310364,-0.2750095725059509,0.4703284204006195,0.31087204813957214,-0.27502718567848206,0.4719300866127014,0.31082668900489807,-0.2751488983631134,0.46640142798423767,0.3111221194267273,-0.2749749422073364,0.46471017599105835,0.31105074286460876,-0.2750134766101837,0.46290117502212524,0.3111535310745239,-0.2750312089920044,0.473735511302948,0.31267979741096497,-0.19743864238262177,0.4600561261177063,0.3158217966556549,-0.19730326533317566,0.47003093361854553,0.3302317261695862,-0.2545643746852875,0.46542221307754517,0.3294408619403839,-0.25456342101097107,0.4891272485256195,0.3611907958984375,-0.14163361489772797,0.44564905762672424,0.3585863411426544,-0.13026946783065796,0.4946373999118805,0.4199574887752533,-0.16015315055847168,0.43661460280418396,0.41908717155456543,-0.15530666708946228,0.5026730298995972,0.44907087087631226,-0.24918751418590546,0.43812865018844604,0.4315917193889618,-0.24605102837085724,0.506963849067688,0.45895978808403015,-0.2745291590690613,0.4398023188114166,0.43725940585136414,-0.26678815484046936,0.5042577981948853,0.4566439390182495,-0.2849673330783844,0.43949079513549805,0.43048062920570374,-0.27780669927597046,0.5017745494842529,0.45412907004356384,-0.25652173161506653,0.44266313314437866,0.43203964829444885,-0.25316712260246277,0.4804273545742035,0.4606528878211975,-0.006497316062450409,0.4552152752876282,0.4600357413291931,0.006670409347862005,0.4947252869606018,0.47588059306144714,-0.238022118806839,0.42841488122940063,0.4704088866710663,-0.2023388147354126,0.4624721109867096,0.5470343828201294,-0.09121483564376831,0.4524783492088318,0.5450966954231262,-0.07223137468099594,0.4580206871032715,0.5542741417884827,-0.0790509283542633,0.45825251936912537,0.551508367061615,-0.06072841212153435,0.4597929120063782,0.5778922438621521,-0.1442624032497406,0.45006996393203735,0.5810568332672119,-0.12591521441936493
0457,./images/190/frame_00457.jpg,Normal,0.46770232915878296,0.3243926465511322,-0.2738174796104431,0.46950578689575195,0.31377142667770386,-0.26646047830581665,0.4709397852420807,0.31345465779304504,-0.26648426055908203,0.47244399785995483,0.3132289946079254,-0.2665819525718689,0.4664697051048279,0.31359896063804626,-0.2679782807826996,0.46498316526412964,0.31337177753448486,-0.2680337131023407,0.4635118544101715,0.3133753836154938,-0.2680806517601013,0.47375768423080444,0.3140859305858612,-0.19503389298915863,0.46100085973739624,0.31642210483551025,-0.20197585225105286,0.4705754816532135,0.33318406343460083,-0.24432913959026337,0.4654562473297119,0.3314656615257263,-0.24646230041980743,0.48689284920692444,0.3576742708683014,-0.1301698386669159,0.4467875361442566,0.3572099804878235,-0.14073574542999268,0.49254149198532104,0.41191190481185913,-0.12401827424764633,0.43284860253334045,0.41471168398857117,-0.1612708419561386,0.5004702806472778,0.449325293302536,-0.17726139724254608,0.4344944357872009,0.428843230009079,-0.24174003303050995,0.504358172416687,0.4607027769088745,-0.19620341062545776,0.43351835012435913,0.43391305208206177,-0.26041483879089355,0.5027390718460083,0.4588078260421753,-0.20887064933776855,0.4349919259548187,0.42859676480293274,-0.27416127920150757,0.5002943277359009,0.4558510184288025,-0.18452414870262146,0.4362390637397766,0.4278033375740051,-0.24926237761974335,0.4815855026245117,0.4631136953830719,0.00031792596564628184,0.4586450159549713,0.4671356678009033,-0.00020316573500167578,0.4892709255218506,0.4867629110813141,-0.13322009146213531,0.4324394762516022,0.5064461827278137,-0.10915633291006088,0.46451035141944885,0.5477529764175415,0.008809208869934082,0.4493187367916107,0.5457910895347595,0.02652551792562008,0.45809274911880493,0.552340030670166,0.021414155140519142,0.44960227608680725,0.5587548017501831,0.039028506726026535,0.46257027983665466,0.5762929916381836,-0.027683842927217484,0.4468967914581299,0.5846500992774963,-0.015361504629254341
0458,./images/190/frame_00458.jpg,Normal,0.46813806891441345,0.3252347409725189,-0.2993023991584778,0.4694455564022064,0.314831018447876,-0.2963004410266876,0.47067633271217346,0.3142198920249939,-0.29630643129348755,0.471888929605484,0.3136875033378601,-0.2963971495628357,0.4666723310947418,0.31518277525901794,-0.2979017198085785,0.46529874205589294,0.31496137380599976,-0.2979692220687866,0.46398788690567017,0.31489694118499756,-0.2980171740055084,0.47354641556739807,0.31413376331329346,-0.23570497334003448,0.46164941787719727,0.316906213760376,-0.24321472644805908,0.470414400100708,0.3331926465034485,-0.27255308628082275,0.46605628728866577,0.3318862020969391,-0.27485817670822144,0.48219019174575806,0.3552224338054657,-0.16978609561920166,0.4496782422065735,0.3556938171386719,-0.17875386774539948,0.48606353998184204,0.3978031575679779,-0.15070612728595734,0.43316274881362915,0.4052521586418152,-0.19543741643428802,0.4935046136379242,0.43588289618492126,-0.20052197575569153,0.4341190457344055,0.4290451109409332,-0.26764172315597534,0.4969789981842041,0.44368019700050354,-0.22185437381267548,0.43240875005722046,0.4341701567173004,-0.28783106803894043,0.49616336822509766,0.44484028220176697,-0.2331637591123581,0.4337545335292816,0.4314737915992737,-0.30376678705215454,0.49424904584884644,0.4438726603984833,-0.20747020840644836,0.4349420964717865,0.4306853115558624,-0.2762068510055542,0.47758573293685913,0.46285268664360046,0.00019331267685629427,0.46060022711753845,0.4663848876953125,-0.00023690381203778088,0.4820590913295746,0.5059119462966919,0.04464831203222275,0.45239728689193726,0.5149635076522827,0.07415365427732468,0.46423643827438354,0.5537729263305664,0.22272300720214844,0.45128899812698364,0.553498387336731,0.24705561995506287,0.45826053619384766,0.5604128241539001,0.23946857452392578,0.4499388635158539,0.5637387037277222,0.26370882987976074,0.463888019323349,0.5763983130455017,0.19993576407432556,0.44758328795433044,0.5823414921760559,0.21499530971050262
0459,./images/190/frame_00459.jpg,Normal,0.4686669409275055,0.32534459233283997,-0.24398449063301086,0.4701855182647705,0.31470075249671936,-0.23855778574943542,0.4716806411743164,0.31411755084991455,-0.23856815695762634,0.4731375277042389,0.3136216402053833,-0.23864862322807312,0.4665405750274658,0.31505924463272095,-0.2399100363254547,0.464881956577301,0.3149271309375763,-0.23996014893054962,0.46328702569007874,0.31497183442115784,-0.240012526512146,0.47452664375305176,0.31420809030532837,-0.16988661885261536,0.4600418210029602,0.31702274084091187,-0.1931358277797699,0.47165870666503906,0.3338034451007843,-0.21908633410930634,0.466068834066391,0.33260679244995117,-0.22081485390663147,0.48798805475234985,0.3542536497116089,-0.09740989655256271,0.44561463594436646,0.3551425039768219,-0.1545392870903015,0.4930295944213867,0.40229031443595886,-0.06341024488210678,0.42725348472595215,0.396146297454834,-0.16233590245246887,0.49422353506088257,0.4315868020057678,-0.11855737864971161,0.4315294325351715,0.4250217080116272,-0.2162884920835495,0.49649578332901,0.4428824186325073,-0.13394442200660706,0.4302201271057129,0.4341144859790802,-0.22872111201286316,0.4958437979221344,0.44062477350234985,-0.149303138256073,0.43327149748802185,0.43037956953048706,-0.2517988383769989,0.4940652847290039,0.4374617636203766,-0.1262231469154358,0.4340752959251404,0.42802178859710693,-0.2313772737979889,0.48244181275367737,0.46363601088523865,0.006742696277797222,0.45953983068466187,0.46862760186195374,-0.0066193207167088985,0.49262017011642456,0.5064770579338074,-0.10480736196041107,0.45405077934265137,0.5189162492752075,0.005896285641938448,0.4646626114845276,0.5545856356620789,0.044507332146167755,0.449521541595459,0.5611824989318848,0.1738019436597824,0.458106130361557,0.5590583086013794,0.0585220567882061,0.44903841614723206,0.5666999220848083,0.18848922848701477,0.46547698974609375,0.5833629369735718,0.005956740118563175,0.4476325511932373,0.5882542133331299,0.12983711063861847
0460,./images/190/frame_00460.jpg,Normal,0.4689328670501709,0.3321368992328644,-0.24143359065055847,0.47067752480506897,0.3209773600101471,-0.23546898365020752,0.4722365438938141,0.3201541602611542,-0.23546645045280457,0.47376304864883423,0.3194162845611572,-0.23553219437599182,0.4665493369102478,0.32170480489730835,-0.2371068000793457,0.46485066413879395,0.3214777708053589,-0.23717470467090607,0.46319299936294556,0.32137587666511536,-0.23722872138023376,0.475024938583374,0.3180450201034546,-0.1689148247241974,0.45983177423477173,0.3211471438407898,-0.1904791295528412,0.4720068871974945,0.3396870791912079,-0.21404680609703064,0.466075599193573,0.3391921818256378,-0.2164561003446579,0.48911744356155396,0.3548489809036255,-0.10272417217493057,0.4452059864997864,0.35547885298728943,-0.13498422503471375,0.49317413568496704,0.4091640114784241,-0.06414766609668732,0.4269603192806244,0.3956259489059448,-0.1429557055234909,0.4939552843570709,0.4420143961906433,-0.10314164310693741,0.43229761719703674,0.4326820373535156,-0.20427754521369934,0.4950670301914215,0.45113059878349304,-0.1149655133485794,0.4317260682582855,0.4423679709434509,-0.21918222308158875,0.4946276545524597,0.4476008117198944,-0.12996366620063782,0.4339389204978943,0.43853119015693665,-0.2311074435710907,0.49276965856552124,0.447309672832489,-0.10984624922275543,0.4355233311653137,0.43542519211769104,-0.2110009491443634,0.48301512002944946,0.46657469868659973,0.004561102017760277,0.45863890647888184,0.47120824456214905,-0.0044664605520665646,0.49325403571128845,0.508966863155365,-0.1088700070977211,0.4527093470096588,0.5316740274429321,0.007233302108943462,0.46452251076698303,0.5523967146873474,0.0473669096827507,0.4490292966365814,0.5623559951782227,0.17904315888881683,0.45810264348983765,0.55333411693573,0.06272872537374496,0.44924941658973694,0.5674044489860535,0.1947394162416458,0.46242228150367737,0.5790140628814697,0.019325213506817818,0.4468053877353668,0.5874276161193848,0.147189661860466
0461,./images/190/frame_00461.jpg,Normal,0.4692908823490143,0.3330824673175812,-0.19870272278785706,0.47113028168678284,0.3222074806690216,-0.19076839089393616,0.4727107882499695,0.3216284215450287,-0.19077150523662567,0.47425732016563416,0.32109519839286804,-0.1908368468284607,0.4665650427341461,0.32268577814102173,-0.19224537909030914,0.46476441621780396,0.3225342929363251,-0.1922956258058548,0.46294084191322327,0.3225061893463135,-0.19233490526676178,0.4753199517726898,0.32024845480918884,-0.12656858563423157,0.4591730237007141,0.3226914405822754,-0.13450095057487488,0.47236308455467224,0.3408812880516052,-0.17237374186515808,0.46608829498291016,0.34005001187324524,-0.1745663583278656,0.48960891366004944,0.3558872938156128,-0.07356776297092438,0.4438599944114685,0.35587790608406067,-0.09146560728549957,0.4940217137336731,0.4119017720222473,-0.049819380044937134,0.42735639214515686,0.39509499073028564,-0.10887833684682846,0.49587687849998474,0.44322869181632996,-0.10245037078857422,0.43105778098106384,0.4285109341144562,-0.18520256876945496,0.49772271513938904,0.454754501581192,-0.11458257585763931,0.4283277094364166,0.44378259778022766,-0.20017099380493164,0.497260183095932,0.4523567259311676,-0.1286558210849762,0.4314303398132324,0.4402744770050049,-0.2079378366470337,0.4951353967189789,0.44978463649749756,-0.10905617475509644,0.433148056268692,0.4372354745864868,-0.1895427107810974,0.483276903629303,0.4666788876056671,0.006488281302154064,0.45823055505752563,0.471666157245636,-0.006432555615901947,0.49715352058410645,0.5159510970115662,-0.16208003461360931,0.448235422372818,0.5345264673233032,-0.07006791234016418,0.464085191488266,0.5490924119949341,-0.011684522964060307,0.4486243724822998,0.5593417286872864,0.09623633325099945,0.45663031935691833,0.5479571223258972,0.0032737962901592255,0.44925928115844727,0.56085205078125,0.11172918230295181,0.46089664101600647,0.5742876529693604,-0.035127900540828705,0.4471661448478699,0.585243284702301,0.07443424314260483
0462,./images/190/frame_00462.jpg,Normal,0.46923595666885376,0.3344406485557556,-0.21725311875343323,0.47103413939476013,0.32305386662483215,-0.20728282630443573,0.4725826680660248,0.3225041925907135,-0.20727285742759705,0.4741344451904297,0.32202956080436707,-0.20731575787067413,0.46603259444236755,0.32386505603790283,-0.20935790240764618,0.4640708863735199,0.323965847492218,-0.20944663882255554,0.46221837401390076,0.32415771484375,-0.20948903262615204,0.4753550887107849,0.32122066617012024,-0.1490110456943512,0.4587600827217102,0.32416728138923645,-0.1533079445362091,0.4721813201904297,0.34212246537208557,-0.18830743432044983,0.4658207297325134,0.3415587246417999,-0.1916505992412567,0.4908810555934906,0.35866203904151917,-0.09770876169204712,0.44337138533592224,0.35959240794181824,-0.11040415614843369,0.4927821159362793,0.41598400473594666,-0.07552724331617355,0.4273591935634613,0.396828293800354,-0.14409682154655457,0.4946434497833252,0.4570775032043457,-0.12716896831989288,0.43011537194252014,0.43116888403892517,-0.2297368049621582,0.49632248282432556,0.47127681970596313,-0.1370755136013031,0.4285520613193512,0.4421811103820801,-0.2475932091474533,0.4956238269805908,0.4695014953613281,-0.15214771032333374,0.43207186460494995,0.43868497014045715,-0.2528716027736664,0.4937044680118561,0.4648391604423523,-0.1336095631122589,0.43350714445114136,0.43593013286590576,-0.23340296745300293,0.4835282862186432,0.46808379888534546,0.007787843234837055,0.45826879143714905,0.4729401171207428,-0.007762450724840164,0.49764484167099,0.5243314504623413,-0.10743830353021622,0.44946250319480896,0.5371942520141602,-0.05875588208436966,0.4638020992279053,0.5496659874916077,0.04530545324087143,0.4498586058616638,0.5576743483543396,0.09970500320196152,0.4566732347011566,0.5485860705375671,0.06049783155322075,0.4500426650047302,0.5576935410499573,0.11482800543308258,0.4603085517883301,0.5738654732704163,0.026567230001091957,0.4477757513523102,0.5838264226913452,0.08129645884037018
0463,./images/190/frame_00463.jpg,Normal,0.4693740904331207,0.3334589898586273,-0.20403306186199188,0.47138047218322754,0.3225707709789276,-0.19577887654304504,0.47302237153053284,0.3221031725406647,-0.1957695484161377,0.4746384024620056,0.32172298431396484,-0.195817232131958,0.4661821722984314,0.3234155774116516,-0.1983453631401062,0.46409326791763306,0.32358723878860474,-0.19840338826179504,0.4624484181404114,0.32382601499557495,-0.1984405666589737,0.47591108083724976,0.32180777192115784,-0.1337149292230606,0.4593498706817627,0.32437005639076233,-0.14600202441215515,0.4724741578102112,0.3411925137042999,-0.178117573261261,0.4660824239253998,0.3405585289001465,-0.18200550973415375,0.49038344621658325,0.3603937327861786,-0.07742927968502045,0.44404906034469604,0.3597142994403839,-0.10670290142297745,0.4928815960884094,0.41724276542663574,-0.04309981316328049,0.42617249488830566,0.392408549785614,-0.128177672624588,0.49499234557151794,0.45874083042144775,-0.08205057680606842,0.42964082956314087,0.4333760440349579,-0.2073426991701126,0.49781426787376404,0.48099690675735474,-0.09020321071147919,0.4286060333251953,0.4437086284160614,-0.2242812216281891,0.49754008650779724,0.480743944644928,-0.10621166229248047,0.43250125646591187,0.4405342936515808,-0.22337599098682404,0.49501833319664,0.4757775068283081,-0.08884565532207489,0.43371182680130005,0.43768030405044556,-0.2067594975233078,0.4824981689453125,0.4669652283191681,0.009415263310074806,0.4583680033683777,0.47140413522720337,-0.00936313159763813,0.4985341429710388,0.5249491930007935,-0.10677862167358398,0.4534156322479248,0.5361498594284058,-0.03270622342824936,0.4636061191558838,0.5509003400802612,0.030671974644064903,0.4503600597381592,0.5595802664756775,0.1193227544426918,0.4557947516441345,0.5516665577888489,0.04403059929609299,0.4499638080596924,0.5579670071601868,0.1330445408821106,0.4608047902584076,0.5808176398277283,0.005838015582412481,0.448148250579834,0.5845524668693542,0.09125861525535583
0464,./images/190/frame_00464.jpg,Normal,0.4699524939060211,0.3336597979068756,-0.19334715604782104,0.47208237648010254,0.3230147063732147,-0.18479284644126892,0.4736493229866028,0.3226800560951233,-0.18478348851203918,0.47516822814941406,0.32243746519088745,-0.18482711911201477,0.4669807553291321,0.32373297214508057,-0.18824656307697296,0.4649239480495453,0.3239089846611023,-0.18830746412277222,0.4630691409111023,0.32414665818214417,-0.1883479356765747,0.47611314058303833,0.3235754370689392,-0.12218043953180313,0.45966774225234985,0.3251253068447113,-0.13951194286346436,0.4728167951107025,0.34097206592559814,-0.1681305319070816,0.46665534377098083,0.34063202142715454,-0.1732708066701889,0.4902830123901367,0.36374524235725403,-0.07225874811410904,0.4448694586753845,0.3599373996257782,-0.10315755754709244,0.4927627146244049,0.42443233728408813,-0.04480269178748131,0.42211753129959106,0.3857325613498688,-0.1250605285167694,0.4995442032814026,0.4746496081352234,-0.08052428066730499,0.42928361892700195,0.43276217579841614,-0.1896618902683258,0.5029910802841187,0.49103879928588867,-0.08724651485681534,0.42865294218063354,0.4447695314884186,-0.20346741378307343,0.5025433301925659,0.4910885989665985,-0.10157815366983414,0.4333604872226715,0.441484659910202,-0.2043931782245636,0.49949830770492554,0.48605358600616455,-0.08668958395719528,0.4344986081123352,0.4386013448238373,-0.19034747779369354,0.48214951157569885,0.46790796518325806,0.008727528154850006,0.4579945206642151,0.4717538058757782,-0.008688215166330338,0.4966984689235687,0.5230979323387146,-0.11784794181585312,0.4534377455711365,0.5349658131599426,-0.11699484288692474,0.4638323187828064,0.5515029430389404,0.0238802507519722,0.45102620124816895,0.5587353110313416,0.021370835602283478,0.45602574944496155,0.5521707534790039,0.03760348632931709,0.4511922299861908,0.5594232678413391,0.03436265513300896,0.46250075101852417,0.5816365480422974,0.00585559569299221,0.44841164350509644,0.5843433141708374,-0.004091599024832249
0465,./images/190/frame_00465.jpg,Normal,0.4701783061027527,0.3352682590484619,-0.18125022947788239,0.4722580909729004,0.3248404264450073,-0.17293629050254822,0.47378748655319214,0.32452908158302307,-0.17292729020118713,0.4752580523490906,0.32431480288505554,-0.17297175526618958,0.46726441383361816,0.3256368935108185,-0.17582671344280243,0.46524834632873535,0.32586216926574707,-0.1758788526058197,0.46329426765441895,0.3261328637599945,-0.17591455578804016,0.47628507018089294,0.3260551393032074,-0.11253764480352402,0.45993900299072266,0.3270139992237091,-0.1271790713071823,0.4730965495109558,0.34251028299331665,-0.15710493922233582,0.4671564996242523,0.3422744870185852,-0.16143783926963806,0.49071693420410156,0.36721470952033997,-0.06581766903400421,0.4447646737098694,0.36136025190353394,-0.09454160928726196,0.4928273558616638,0.42975538969039917,-0.04273733124136925,0.42127031087875366,0.3876110017299652,-0.11411374807357788,0.49947285652160645,0.478975385427475,-0.08176318556070328,0.4283641278743744,0.43376508355140686,-0.173915833234787,0.502416729927063,0.49453023076057434,-0.08887161314487457,0.42826682329177856,0.4470081329345703,-0.1866183578968048,0.5016450881958008,0.4934549033641815,-0.10301174223423004,0.433083713054657,0.44258710741996765,-0.1888909935951233,0.49886369705200195,0.4883766174316406,-0.08775157481431961,0.43427252769470215,0.4392704367637634,-0.17536860704421997,0.482161283493042,0.468706339597702,0.009197565726935863,0.45806288719177246,0.4718734323978424,-0.009165258146822453,0.4963076710700989,0.5273706316947937,-0.11683144420385361,0.4536707401275635,0.5394022464752197,-0.08621560782194138,0.4633561968803406,0.5510342717170715,0.02107151597738266,0.45101529359817505,0.5560756921768188,0.07516556233167648,0.4555334448814392,0.5503713488578796,0.03514391928911209,0.4509146213531494,0.554401695728302,0.0911165252327919,0.4616590142250061,0.581298291683197,0.00863807275891304,0.44838857650756836,0.5819397568702698,0.06538168340921402
0466,./images/190/frame_00466.jpg,Normal,0.4701274037361145,0.33698394894599915,-0.214701846241951,0.47215741872787476,0.3266291618347168,-0.20526495575904846,0.47363439202308655,0.3264003396034241,-0.20525607466697693,0.47505345940589905,0.32626232504844666,-0.2053147256374359,0.46728357672691345,0.32730191946029663,-0.20930743217468262,0.46531471610069275,0.32753807306289673,-0.2093803435564041,0.4633890688419342,0.327846497297287,-0.20942488312721252,0.47605761885643005,0.328365683555603,-0.13627874851226807,0.4600750505924225,0.3291650414466858,-0.159844309091568,0.4729747176170349,0.34437304735183716,-0.18908055126667023,0.4671650826931,0.3439908027648926,-0.1948341429233551,0.49047279357910156,0.37008675932884216,-0.08785998076200485,0.44365230202674866,0.3648588955402374,-0.12367840111255646,0.4926137924194336,0.4324958324432373,-0.07740946114063263,0.4212295114994049,0.3914208710193634,-0.15237492322921753,0.49807867407798767,0.48246777057647705,-0.12042474746704102,0.4266459047794342,0.4339807331562042,-0.2258019745349884,0.5007708668708801,0.4980250597000122,-0.13003581762313843,0.42691168189048767,0.44648081064224243,-0.24220851063728333,0.5002725720405579,0.4968726634979248,-0.14335978031158447,0.4313180446624756,0.44302016496658325,-0.24604487419128418,0.497807115316391,0.49140578508377075,-0.12628552317619324,0.4322566092014313,0.43971094489097595,-0.22857454419136047,0.4818347990512848,0.46875420212745667,0.008908100426197052,0.4579485356807709,0.47196921706199646,-0.008882518857717514,0.4959472715854645,0.5278177857398987,-0.12701937556266785,0.45603427290916443,0.5364460945129395,-0.13213738799095154,0.4632793962955475,0.5510475039482117,0.02330712415277958,0.45212292671203613,0.553752601146698,0.02848227694630623,0.4555976986885071,0.5496792197227478,0.03807111456990242,0.4509478509426117,0.552556037902832,0.044187676161527634,0.4611016809940338,0.5810976028442383,0.009197414852678776,0.4504815936088562,0.57796311378479,0.013387573882937431
0467,./images/190/frame_00467.jpg,Normal,0.4701179563999176,0.3401866555213928,-0.21839864552021027,0.47211918234825134,0.3298910856246948,-0.21012385189533234,0.4735872745513916,0.329780638217926,-0.21012774109840393,0.47494134306907654,0.3297642171382904,-0.2102014124393463,0.4672394394874573,0.33022451400756836,-0.21391458809375763,0.46533337235450745,0.3303758502006531,-0.21398060023784637,0.46344876289367676,0.33063122630119324,-0.21402201056480408,0.4759085774421692,0.3315257728099823,-0.14462004601955414,0.46020159125328064,0.3320697247982025,-0.16546517610549927,0.47289180755615234,0.34766510128974915,-0.1931953728199005,0.46720919013023376,0.3469543755054474,-0.1985766440629959,0.49058565497398376,0.37323492765426636,-0.09902462363243103,0.4428462088108063,0.37204882502555847,-0.1271812617778778,0.498544842004776,0.4319574534893036,-0.11471928656101227,0.4235036373138428,0.39979782700538635,-0.17313240468502045,0.5036219954490662,0.4775073230266571,-0.18662554025650024,0.42814499139785767,0.4319869875907898,-0.2692026197910309,0.506436288356781,0.48397326469421387,-0.20095281302928925,0.4276813566684723,0.44077268242836,-0.2879168391227722,0.5052545666694641,0.4794565439224243,-0.2098507434129715,0.43130144476890564,0.43615251779556274,-0.29168277978897095,0.5025668144226074,0.47665685415267944,-0.19180676341056824,0.4323729872703552,0.43429213762283325,-0.272661954164505,0.4824378490447998,0.46957921981811523,0.007361600641161203,0.4580979347229004,0.47387003898620605,-0.00733692292124033,0.49736475944519043,0.5191092491149902,-0.131971538066864,0.4592592716217041,0.5289707779884338,-0.14177082479000092,0.46440139412879944,0.5476507544517517,0.000441394658992067,0.4548368453979492,0.5530192255973816,-0.0021594304125756025,0.4582439064979553,0.5465823411941528,0.013018397614359856,0.4540614187717438,0.553302526473999,0.011196600273251534,0.4607357978820801,0.5736523270606995,-0.019807804375886917,0.45230668783187866,0.5764613151550293,-0.024832725524902344
0468,./images/190/frame_00468.jpg,Normal,0.47015517950057983,0.3423369228839874,-0.19483813643455505,0.47205764055252075,0.3320247232913971,-0.1877298653125763,0.4734988212585449,0.33193981647491455,-0.18772029876708984,0.47483357787132263,0.3319946229457855,-0.1877790093421936,0.4672616422176361,0.3325781524181366,-0.19152626395225525,0.46543368697166443,0.33292070031166077,-0.19159826636314392,0.4636606276035309,0.3333648443222046,-0.19164879620075226,0.4758116602897644,0.3342509865760803,-0.13124480843544006,0.4603393077850342,0.3355616331100464,-0.1499001532793045,0.4730188250541687,0.35018491744995117,-0.17208229005336761,0.46764063835144043,0.3496217131614685,-0.17739900946617126,0.4917205274105072,0.3741949796676636,-0.08762142807245255,0.44335904717445374,0.3742077648639679,-0.12321516126394272,0.4974306523799896,0.43430235981941223,-0.08181571215391159,0.421988308429718,0.3995380699634552,-0.15279710292816162,0.5031268000602722,0.4851050078868866,-0.11532821506261826,0.4266727566719055,0.4326068162918091,-0.2523885667324066,0.5060821175575256,0.49783799052238464,-0.12012221664190292,0.42656856775283813,0.44212639331817627,-0.2564874291419983,0.5042818188667297,0.49567410349845886,-0.13039693236351013,0.4305076003074646,0.43784254789352417,-0.24365954101085663,0.5018575191497803,0.491197794675827,-0.11953781545162201,0.4310881197452545,0.43541786074638367,-0.25344863533973694,0.48237061500549316,0.4712361991405487,0.009964992292225361,0.45823177695274353,0.47463899850845337,-0.009976545348763466,0.49795666337013245,0.5281444191932678,-0.12484179437160492,0.45927101373672485,0.5302475690841675,-0.1388588398694992,0.4616408944129944,0.5473799109458923,-0.007855011150240898,0.454821914434433,0.5533090233802795,-0.0007565456908196211,0.45713186264038086,0.5453696846961975,0.004386963322758675,0.4536466598510742,0.5522487759590149,0.013594508171081543,0.4557429850101471,0.5735700130462646,-0.018536077812314034,0.45225661993026733,0.5766333937644958,-0.008559363894164562
0469,./images/190/frame_00469.jpg,Normal,0.47040486335754395,0.3458620607852936,-0.19605281949043274,0.47204238176345825,0.3355090618133545,-0.19004665315151215,0.473478227853775,0.3353378474712372,-0.19004854559898376,0.4748457968235016,0.335299015045166,-0.19010916352272034,0.4672974646091461,0.3361688256263733,-0.1954801380634308,0.46548739075660706,0.3365248441696167,-0.1955723762512207,0.4637272357940674,0.3369608223438263,-0.19562005996704102,0.4758830666542053,0.33705154061317444,-0.13591863214969635,0.4604301452636719,0.3389911651611328,-0.1558932512998581,0.4733845293521881,0.353373259305954,-0.17426875233650208,0.4680615961551666,0.3532075583934784,-0.18133296072483063,0.4921388030052185,0.37699416279792786,-0.09022185951471329,0.4434799253940582,0.37726178765296936,-0.12541687488555908,0.5004287958145142,0.4369247853755951,-0.10255533456802368,0.4219685196876526,0.3998573422431946,-0.16642241179943085,0.5038291215896606,0.48138317465782166,-0.16897007822990417,0.42691144347190857,0.43259668350219727,-0.2459140121936798,0.505998969078064,0.4859711229801178,-0.18104791641235352,0.4294017255306244,0.4417151212692261,-0.26030200719833374,0.5045503377914429,0.4801326394081116,-0.1897851824760437,0.43348878622055054,0.436954528093338,-0.25973251461982727,0.502720832824707,0.4775363504886627,-0.1738283932209015,0.4324098229408264,0.43487757444381714,-0.24728676676750183,0.48343294858932495,0.47630637884140015,0.009736827574670315,0.458495557308197,0.48010483384132385,-0.00975268054753542,0.4986957907676697,0.5386307239532471,-0.1208454817533493,0.45889800786972046,0.540283739566803,-0.1183551698923111,0.4616857171058655,0.545865535736084,0.0054998816922307014,0.4554981291294098,0.5534093379974365,0.04114580526947975,0.45714491605758667,0.5441151261329651,0.01905706152319908,0.45474353432655334,0.5500912666320801,0.05746687203645706,0.4549143314361572,0.5722709894180298,-0.005026346538215876,0.4534289836883545,0.5764069557189941,0.03196680545806885
0470,./images/190/frame_00470.jpg,Normal,0.4715779423713684,0.34636950492858887,-0.2161913812160492,0.4728407859802246,0.3364448547363281,-0.20762678980827332,0.4741836488246918,0.33627215027809143,-0.20762038230895996,0.4755074083805084,0.33621707558631897,-0.2076716423034668,0.4683256149291992,0.3370952904224396,-0.21422481536865234,0.46650928258895874,0.3374749720096588,-0.21430206298828125,0.46471303701400757,0.33795037865638733,-0.21434445679187775,0.47618764638900757,0.3381805419921875,-0.14797937870025635,0.46067795157432556,0.3404525816440582,-0.1775824874639511,0.47391897439956665,0.3537721335887909,-0.19246774911880493,0.4688902497291565,0.3540104031562805,-0.20131203532218933,0.4919344484806061,0.37952542304992676,-0.11160305887460709,0.44309693574905396,0.37916019558906555,-0.14238902926445007,0.49853625893592834,0.44108501076698303,-0.10910719633102417,0.42150774598121643,0.40390515327453613,-0.1749776154756546,0.5024716258049011,0.5068700909614563,-0.14968407154083252,0.4288071095943451,0.44404593110084534,-0.2361452281475067,0.5050624012947083,0.5226042866706848,-0.15883877873420715,0.43223056197166443,0.4543275237083435,-0.24923653900623322,0.5035526156425476,0.523041844367981,-0.16927476227283478,0.43588465452194214,0.4505486488342285,-0.2509582042694092,0.5020354986190796,0.5171994566917419,-0.15429407358169556,0.4348568916320801,0.44863593578338623,-0.23746135830879211,0.48395514488220215,0.48041796684265137,0.009427727200090885,0.4585593640804291,0.48352304100990295,-0.009463654831051826,0.5015548467636108,0.5473456978797913,-0.12580063939094543,0.4563831388950348,0.537793755531311,-0.16778990626335144,0.4658719599246979,0.5406745672225952,0.013877561315894127,0.45629486441612244,0.5496511459350586,-0.007949456572532654,0.4610263407230377,0.5370309352874756,0.02868254855275154,0.4569510817527771,0.5474073886871338,0.009181066416203976,0.45793384313583374,0.5652490854263306,0.012847378849983215,0.4550538957118988,0.5721007585525513,-0.009862404316663742
0471,./images/190/frame_00471.jpg,Warning,0.4723241329193115,0.3496112525463104,-0.22318688035011292,0.47332891821861267,0.3395184874534607,-0.2148418426513672,0.4746676981449127,0.3393127918243408,-0.21484005451202393,0.47600045800209045,0.3391871750354767,-0.21489965915679932,0.46886277198791504,0.3402538001537323,-0.22019657492637634,0.4670673906803131,0.3407173752784729,-0.22026729583740234,0.4652857780456543,0.3412908613681793,-0.22031481564044952,0.4765551686286926,0.34092941880226135,-0.15343567728996277,0.4609591066837311,0.3442349433898926,-0.17830082774162292,0.4743635654449463,0.3567580282688141,-0.19848091900348663,0.4696119725704193,0.35753682255744934,-0.20571191608905792,0.49222269654273987,0.3816233277320862,-0.11066224426031113,0.443134605884552,0.3822489380836487,-0.13773870468139648,0.49892622232437134,0.4391600787639618,-0.0998639389872551,0.419813334941864,0.4044298529624939,-0.15837664902210236,0.5016019940376282,0.501157283782959,-0.14156325161457062,0.4293156564235687,0.45266422629356384,-0.19027356803417206,0.5123092532157898,0.5105475187301636,-0.15845905244350433,0.43221086263656616,0.46418604254722595,-0.19942042231559753,0.5103141069412231,0.5105013847351074,-0.16589975357055664,0.4359304904937744,0.46368327736854553,-0.2019103467464447,0.5078831315040588,0.5058116316795349,-0.14660708606243134,0.435384601354599,0.4584806561470032,-0.19088345766067505,0.4850900173187256,0.4832720458507538,0.00876649096608162,0.45903104543685913,0.48582708835601807,-0.008790935389697552,0.5020347237586975,0.5534668564796448,-0.109342560172081,0.45550623536109924,0.5365090370178223,-0.16630737483501434,0.4694284498691559,0.5424664616584778,0.044846393167972565,0.4561883509159088,0.5488271713256836,0.003039661329239607,0.4643656313419342,0.5367334485054016,0.061779461801052094,0.4570137858390808,0.5453766584396362,0.021484367549419403,0.46113696694374084,0.563702404499054,0.050584323704242706,0.4547578692436218,0.5701926350593567,0.0044542779214680195
0472,./images/190/frame_00472.jpg,Warning,0.47221389412879944,0.3528084456920624,-0.22731617093086243,0.4733424186706543,0.34267961978912354,-0.22021552920341492,0.4747576117515564,0.34251585602760315,-0.22021397948265076,0.47617942094802856,0.3424159288406372,-0.22027799487113953,0.46879810094833374,0.3436112701892853,-0.22448210418224335,0.4670380651950836,0.34427252411842346,-0.2245471030473709,0.46525925397872925,0.34499692916870117,-0.22459575533866882,0.47691068053245544,0.34390896558761597,-0.16047875583171844,0.4608275890350342,0.3480255603790283,-0.1802622675895691,0.4744139611721039,0.35999596118927,-0.20302584767341614,0.46955519914627075,0.36097127199172974,-0.20878994464874268,0.4924517273902893,0.38400518894195557,-0.11457705497741699,0.44334664940834045,0.38444778323173523,-0.1400209665298462,0.4993728995323181,0.4377789795398712,-0.13297834992408752,0.4200872480869293,0.4062443673610687,-0.16297253966331482,0.5022140741348267,0.46833840012550354,-0.20943181216716766,0.42943063378334045,0.4540732800960541,-0.21428599953651428,0.5122154355049133,0.4734858274459839,-0.22419190406799316,0.4322734475135803,0.4647003710269928,-0.22374825179576874,0.5096244215965271,0.4682753384113312,-0.22987046837806702,0.4364888668060303,0.46136969327926636,-0.22434589266777039,0.5056424140930176,0.46659138798713684,-0.21340259909629822,0.43574514985084534,0.4576023519039154,-0.21445246040821075,0.48552411794662476,0.4846097230911255,0.00854632630944252,0.45919331908226013,0.4878186583518982,-0.008576766587793827,0.5028443336486816,0.5552929639816284,-0.09486636519432068,0.4598952829837799,0.5573903918266296,-0.1325424611568451,0.4683377742767334,0.5432077050209045,0.06898833811283112,0.4554901123046875,0.550139844417572,0.05764741823077202,0.4634245038032532,0.5386378765106201,0.08649758994579315,0.4552040100097656,0.547130286693573,0.07833428680896759,0.4613122045993805,0.5673231482505798,0.07464887201786041,0.4532628059387207,0.5704137086868286,0.06920105218887329
0473,./images/190/frame_00473.jpg,Warning,0.47217145562171936,0.36003583669662476,-0.2596479058265686,0.47340020537376404,0.34920352697372437,-0.25196942687034607,0.47496238350868225,0.3490208089351654,-0.2519741654396057,0.4765661358833313,0.3488489091396332,-0.2520451247692108,0.4687860906124115,0.35010144114494324,-0.2550813555717468,0.4669055938720703,0.35080307722091675,-0.25514885783195496,0.46502700448036194,0.3515290915966034,-0.25519901514053345,0.47781285643577576,0.34920379519462585,-0.18696436285972595,0.4604845941066742,0.3539232611656189,-0.20197351276874542,0.4745391309261322,0.3659241497516632,-0.2332463562488556,0.46946778893470764,0.367404967546463,-0.23762699961662292,0.49316278100013733,0.38727515935897827,-0.1352291703224182,0.44354248046875,0.3893178403377533,-0.15480145812034607,0.49914979934692383,0.4436599314212799,-0.12708088755607605,0.4208749830722809,0.4111241102218628,-0.16935303807258606,0.5030202865600586,0.49425849318504333,-0.1691015660762787,0.4286208748817444,0.4591468870639801,-0.22042600810527802,0.5090557336807251,0.5080640912055969,-0.1797400414943695,0.4287031292915344,0.46884194016456604,-0.23119182884693146,0.5075315237045288,0.5074469447135925,-0.18979008495807648,0.43228206038475037,0.46699702739715576,-0.23688249289989471,0.5042317509651184,0.5022616386413574,-0.17388376593589783,0.4324129521846771,0.46401676535606384,-0.22301225364208221,0.48650288581848145,0.48864996433258057,0.009007439948618412,0.4599418640136719,0.4916641116142273,-0.009036058560013771,0.502448320388794,0.5613208413124084,-0.07531692087650299,0.461808443069458,0.5626199245452881,-0.11967583745718002,0.46827569603919983,0.5454229712486267,0.09852228313684464,0.45572710037231445,0.5528554916381836,0.07549537718296051,0.4643443524837494,0.5424903035163879,0.11678968369960785,0.4542691111564636,0.5480849146842957,0.09588669240474701,0.46307164430618286,0.5751736760139465,0.10621528327465057,0.4519694745540619,0.574828565120697,0.08371426165103912
0474,./images/190/frame_00474.jpg,Warning,0.4721683859825134,0.3614184558391571,-0.30605024099349976,0.47345104813575745,0.35098427534103394,-0.29770591855049133,0.4750670790672302,0.3507062792778015,-0.2977123558521271,0.47672000527381897,0.35042133927345276,-0.2977801561355591,0.4687471389770508,0.3518485426902771,-0.30045220255851746,0.46688300371170044,0.35236790776252747,-0.3005199134349823,0.46502262353897095,0.35297834873199463,-0.30057457089424133,0.4782024323940277,0.3510212302207947,-0.2288978099822998,0.460475355386734,0.35548558831214905,-0.24265149235725403,0.4746423661708832,0.3677164316177368,-0.27846601605415344,0.46942204236984253,0.368977814912796,-0.2824889123439789,0.4939609169960022,0.38903799653053284,-0.17533691227436066,0.44415679574012756,0.39301130175590515,-0.1890888661146164,0.49878984689712524,0.450109601020813,-0.17068472504615784,0.42129334807395935,0.4159110188484192,-0.19637416303157806,0.5022146105766296,0.5027549266815186,-0.2063395231962204,0.42719322443008423,0.4601224660873413,-0.23854927718639374,0.5060361623764038,0.5169051289558411,-0.21854189038276672,0.42707061767578125,0.46987441182136536,-0.2513997554779053,0.502991259098053,0.5168814063072205,-0.22975978255271912,0.4299202561378479,0.4680674374103546,-0.25835269689559937,0.4999721944332123,0.5110024213790894,-0.2115257978439331,0.43041548132896423,0.46565404534339905,-0.2420697957277298,0.4880337715148926,0.49114707112312317,0.008877551183104515,0.46121081709861755,0.49576279520988464,-0.008902305737137794,0.5026658773422241,0.566877007484436,-0.01762184500694275,0.4618178904056549,0.5633606910705566,-0.07073385268449783,0.48348283767700195,0.5482758283615112,0.1979224979877472,0.45761170983314514,0.552636444568634,0.1628921627998352,0.47967568039894104,0.5429670214653015,0.22015604376792908,0.45602479577064514,0.5482765436172485,0.18784905970096588,0.4832933843135834,0.5751864314079285,0.21494975686073303,0.4527929425239563,0.5774639844894409,0.18167810142040253
0475,./images/190/frame_00475.jpg,Warning,0.47268611192703247,0.3616079092025757,-0.2598927915096283,0.47379279136657715,0.351226270198822,-0.25173911452293396,0.4754396080970764,0.3508308529853821,-0.25172924995422363,0.4771077036857605,0.35045576095581055,-0.2517830729484558,0.46897777915000916,0.35227423906326294,-0.2547713816165924,0.4671073853969574,0.3528116047382355,-0.254842609167099,0.4652271270751953,0.3535338342189789,-0.25489476323127747,0.47863516211509705,0.35167622566223145,-0.1890617311000824,0.4605732858181,0.35683050751686096,-0.20447368919849396,0.4753819406032562,0.367997944355011,-0.23481616377830505,0.469966322183609,0.3696196377277374,-0.23890170454978943,0.4941663146018982,0.38899150490760803,-0.13950558006763458,0.44522109627723694,0.39636629819869995,-0.1593218445777893,0.49906548857688904,0.4463600516319275,-0.18100209534168243,0.4236904978752136,0.4214712381362915,-0.1947440356016159,0.49926310777664185,0.44102635979652405,-0.2820417881011963,0.4250338673591614,0.458193838596344,-0.280665785074234,0.49682578444480896,0.43941038846969604,-0.3010862469673157,0.422978013753891,0.4636882245540619,-0.29792532324790955,0.4964514374732971,0.4313501715660095,-0.30240413546562195,0.4253803789615631,0.45974451303482056,-0.30093324184417725,0.49585431814193726,0.43230897188186646,-0.2850229740142822,0.42651042342185974,0.4588410258293152,-0.2841089367866516,0.48983868956565857,0.4926358461380005,0.00930587388575077,0.46238580346107483,0.49684175848960876,-0.009360780008137226,0.5040521621704102,0.5701279044151306,-0.028043905273079872,0.46195536851882935,0.565943717956543,-0.05452699586749077,0.48284536600112915,0.5522655248641968,0.16440629959106445,0.4578099250793457,0.5526704788208008,0.14712101221084595,0.47832226753234863,0.5439984798431396,0.18510273098945618,0.4559972286224365,0.550935685634613,0.16878877580165863,0.4799344539642334,0.5771446824073792,0.17790257930755615,0.45348072052001953,0.5813815593719482,0.1599331945180893
0476,./images/190/frame_00476.jpg,Warning,0.47311386466026306,0.365034282207489,-0.2635197043418884,0.47430214285850525,0.3549162447452545,-0.25625357031822205,0.4759606719017029,0.35447660088539124,-0.256258487701416,0.47761544585227966,0.3540409207344055,-0.2563211917877197,0.4694388508796692,0.35597550868988037,-0.25985056161880493,0.46759098768234253,0.3564216196537018,-0.25992172956466675,0.46571964025497437,0.35701417922973633,-0.2599649131298065,0.4792556166648865,0.3549216687679291,-0.19232918322086334,0.46096453070640564,0.3603353202342987,-0.2103431522846222,0.47603148221969604,0.3714728057384491,-0.23772040009498596,0.4704861044883728,0.3731977641582489,-0.2429901361465454,0.4949689507484436,0.3918614685535431,-0.1430051326751709,0.44690456986427307,0.4009627103805542,-0.16905440390110016,0.49925851821899414,0.4488256573677063,-0.16414441168308258,0.4270508289337158,0.4298601746559143,-0.21264174580574036,0.500957727432251,0.4583599865436554,-0.2386130392551422,0.42944374680519104,0.4572100341320038,-0.30003032088279724,0.4998478889465332,0.45776185393333435,-0.25468456745147705,0.42810124158859253,0.46334317326545715,-0.32029300928115845,0.4988946318626404,0.44331860542297363,-0.26393529772758484,0.4302126467227936,0.45908212661743164,-0.32348164916038513,0.4979161322116852,0.4431779086589813,-0.24404871463775635,0.4309520721435547,0.4577510952949524,-0.30347245931625366,0.4908124506473541,0.49461284279823303,0.01012871228158474,0.4629322588443756,0.49732768535614014,-0.010209030471742153,0.5037057995796204,0.572899341583252,-0.0033546045888215303,0.4614715576171875,0.5693575739860535,-0.055292677134275436,0.4813355803489685,0.5525861382484436,0.19516399502754211,0.4562927782535553,0.5550565719604492,0.15489183366298676,0.4768943786621094,0.5441753268241882,0.21663978695869446,0.4544439911842346,0.5506106019020081,0.17800173163414001,0.4785796105861664,0.5762051343917847,0.21414974331855774,0.45321446657180786,0.5809245705604553,0.17297929525375366
0477,./images/190/frame_00477.jpg,Warning,0.47462350130081177,0.370236337184906,-0.27555590867996216,0.4757329523563385,0.3594750165939331,-0.26816269755363464,0.47734934091567993,0.3590605556964874,-0.2681702673435211,0.4789297580718994,0.3586605191230774,-0.2682417929172516,0.4706386625766754,0.3603578805923462,-0.2720734179019928,0.46866679191589355,0.3607209026813507,-0.2721477448940277,0.4666817784309387,0.36126163601875305,-0.2721956968307495,0.48014602065086365,0.35930660367012024,-0.202772855758667,0.4616550803184509,0.36435386538505554,-0.22184912860393524,0.4772396981716156,0.3760782778263092,-0.24890077114105225,0.4716673791408539,0.37866875529289246,-0.25452572107315063,0.49561256170272827,0.39453747868537903,-0.1485898792743683,0.4468602240085602,0.40701693296432495,-0.17712384462356567,0.5010687708854675,0.4518667459487915,-0.15189200639724731,0.4288870394229889,0.44410136342048645,-0.2096407115459442,0.5057640075683594,0.48951008915901184,-0.210209921002388,0.43762558698654175,0.4751319885253906,-0.2841874063014984,0.507411539554596,0.499631404876709,-0.2233532965183258,0.4347080588340759,0.4827688932418823,-0.30190151929855347,0.5061155557632446,0.49674147367477417,-0.2334558665752411,0.4361787438392639,0.4762108623981476,-0.3060600161552429,0.5038141012191772,0.49297773838043213,-0.21549434959888458,0.4368631839752197,0.47386008501052856,-0.28730592131614685,0.4905674457550049,0.49700894951820374,0.010808148421347141,0.462816059589386,0.5003432631492615,-0.010876026004552841,0.5045798420906067,0.5746226906776428,-0.017327796667814255,0.46263736486434937,0.5720807313919067,-0.06203757971525192,0.47864851355552673,0.5541686415672302,0.1731729656457901,0.4527885317802429,0.5584384202957153,0.13132400810718536,0.47441625595092773,0.5447890758514404,0.19341883063316345,0.45131438970565796,0.5517222285270691,0.1521802693605423,0.476248174905777,0.5767103433609009,0.18905726075172424,0.4487645626068115,0.5807543992996216,0.14221438765525818
0478,./images/190/frame_00478.jpg,Warning,0.4757472574710846,0.3739379942417145,-0.26670846343040466,0.47674161195755005,0.3629799783229828,-0.2600030303001404,0.47832345962524414,0.3626203238964081,-0.26001280546188354,0.4798530042171478,0.3622700572013855,-0.2600848972797394,0.4716055393218994,0.36369192600250244,-0.2640010714530945,0.46960797905921936,0.364073783159256,-0.26406845450401306,0.46761855483055115,0.3646809458732605,-0.264109343290329,0.4808677136898041,0.36271706223487854,-0.19804701209068298,0.4626689553260803,0.36849233508110046,-0.2172534167766571,0.47815975546836853,0.37949371337890625,-0.24127189815044403,0.4728003144264221,0.38218069076538086,-0.24688860774040222,0.4961118698120117,0.39653465151786804,-0.14994731545448303,0.44720959663391113,0.4147952198982239,-0.17188727855682373,0.5038284063339233,0.4510158598423004,-0.164698526263237,0.4326472878456116,0.4532138705253601,-0.2005406618118286,0.5095795392990112,0.48791390657424927,-0.2339075803756714,0.4377133846282959,0.48340415954589844,-0.27326956391334534,0.511786162853241,0.49747008085250854,-0.2485491782426834,0.4420035779476166,0.49186599254608154,-0.2903527617454529,0.5107718706130981,0.49479320645332336,-0.25918975472450256,0.4391418993473053,0.48793986439704895,-0.29529693722724915,0.5085697770118713,0.4915766417980194,-0.2396593540906906,0.43995705246925354,0.4850255846977234,-0.27674371004104614,0.4921625256538391,0.5004787445068359,0.009765778668224812,0.46431469917297363,0.5047689080238342,-0.009840205311775208,0.5047853589057922,0.5736774206161499,-0.02068451978266239,0.4637252390384674,0.5734647512435913,-0.0570765845477581,0.47921937704086304,0.5548614859580994,0.16285541653633118,0.453103631734848,0.5590720176696777,0.13532450795173645,0.4748709797859192,0.5456993579864502,0.1825803518295288,0.451704740524292,0.5522231459617615,0.15624642372131348,0.47617608308792114,0.576172947883606,0.17793326079845428,0.4492114186286926,0.5788172483444214,0.15026484429836273
0479,./images/190/frame_00479.jpg,Warning,0.4754713475704193,0.37960001826286316,-0.23375549912452698,0.4766305088996887,0.3683272898197174,-0.22956661880016327,0.47829166054725647,0.3680461049079895,-0.2295878380537033,0.47991102933883667,0.3677159547805786,-0.22967088222503662,0.4714421331882477,0.36915770173072815,-0.23095563054084778,0.4694790244102478,0.36968863010406494,-0.23101243376731873,0.4675423502922058,0.37048885226249695,-0.23104238510131836,0.4815619885921478,0.3672665059566498,-0.17481200397014618,0.4630274772644043,0.3740912675857544,-0.18107429146766663,0.4779839515686035,0.38475868105888367,-0.21021544933319092,0.47262269258499146,0.38765427470207214,-0.21222686767578125,0.4975584149360657,0.3992508351802826,-0.13462091982364655,0.44935235381126404,0.4158302843570709,-0.13677003979682922,0.506156861782074,0.45147544145584106,-0.17117509245872498,0.4321003556251526,0.4497472941875458,-0.17734549939632416,0.510102391242981,0.47300681471824646,-0.26462024450302124,0.43678349256515503,0.48142141103744507,-0.26442113518714905,0.5115121603012085,0.47681498527526855,-0.28119024634361267,0.4385609030723572,0.4917401075363159,-0.28049618005752563,0.5108222365379333,0.4702887237071991,-0.28687584400177,0.43917980790138245,0.48776519298553467,-0.2849399745464325,0.509109377861023,0.4700008034706116,-0.2684134840965271,0.44000744819641113,0.48470765352249146,-0.2675614058971405,0.4930092692375183,0.5029352307319641,0.008044587448239326,0.4653348922729492,0.5046634078025818,-0.008098023943603039,0.5066065788269043,0.5742733478546143,-0.0358581505715847,0.4635222852230072,0.5600859522819519,-0.11881691217422485,0.47801637649536133,0.5541079044342041,0.146451935172081,0.45435982942581177,0.5587059259414673,0.027050267904996872,0.47366753220558167,0.5436026453971863,0.16686324775218964,0.4529004693031311,0.5525388717651367,0.04324872046709061,0.4759170413017273,0.5676236748695374,0.1516510546207428,0.45448213815689087,0.5708485245704651,0.02912270650267601
0480,./images/190/frame_00480.jpg,Warning,0.4759445786476135,0.38485586643218994,-0.21999642252922058,0.4773019850254059,0.37258562445640564,-0.21695511043071747,0.4790075719356537,0.3723720908164978,-0.21697290241718292,0.48065581917762756,0.37216123938560486,-0.2170567512512207,0.471998929977417,0.37333178520202637,-0.21771284937858582,0.4700208306312561,0.373979777097702,-0.21776041388511658,0.4680609703063965,0.37496447563171387,-0.21778495609760284,0.4824138581752777,0.3722666800022125,-0.16843774914741516,0.4639264941215515,0.37903594970703125,-0.1719209849834442,0.4783198833465576,0.3913199007511139,-0.19890134036540985,0.47298502922058105,0.39471864700317383,-0.1999833583831787,0.49991440773010254,0.40471750497817993,-0.13074849545955658,0.4502909779548645,0.4202788174152374,-0.13028089702129364,0.5131200551986694,0.4568678140640259,-0.16802361607551575,0.43575534224510193,0.4590059816837311,-0.16617874801158905,0.5146137475967407,0.4706686735153198,-0.2497241050004959,0.4375848174095154,0.48797839879989624,-0.24819894134998322,0.5219637751579285,0.477832168340683,-0.2634269595146179,0.4373745918273926,0.4971316158771515,-0.2613637447357178,0.5218098163604736,0.47294509410858154,-0.2697828710079193,0.43924373388290405,0.493529736995697,-0.2659953534603119,0.519560694694519,0.47295278310775757,-0.2533789277076721,0.44049549102783203,0.49085599184036255,-0.25155121088027954,0.4939294755458832,0.5062389373779297,0.005607725121080875,0.46644163131713867,0.5064484477043152,-0.005665796343237162,0.5061401128768921,0.5729277729988098,-0.0396672785282135,0.46091699600219727,0.5599720478057861,-0.10396988689899445,0.47858524322509766,0.5538690686225891,0.13889919221401215,0.45699310302734375,0.5581925511360168,0.056637972593307495,0.47415751218795776,0.5437129139900208,0.15824885666370392,0.45716992020606995,0.5526515245437622,0.07347210496664047,0.4748135209083557,0.5678462386131287,0.14509476721286774,0.4581824243068695,0.5691690444946289,0.06275233626365662
0481,./images/190/frame_00481.jpg,Warning,0.4767037332057953,0.3863280415534973,-0.21091270446777344,0.4778954088687897,0.37491413950920105,-0.2055952548980713,0.4795464873313904,0.3744933605194092,-0.20560450851917267,0.4811318516731262,0.37413275241851807,-0.2056744545698166,0.472573459148407,0.3764278292655945,-0.20712432265281677,0.4705234467983246,0.37726786732673645,-0.20717385411262512,0.46850770711898804,0.37839505076408386,-0.20720037817955017,0.48283180594444275,0.3742833733558655,-0.1530105173587799,0.46432462334632874,0.38234764337539673,-0.15933513641357422,0.4792337417602539,0.3922269940376282,-0.1890118271112442,0.47383731603622437,0.3957458436489105,-0.19086983799934387,0.5009068250656128,0.40680962800979614,-0.11555448919534683,0.45222577452659607,0.42402106523513794,-0.12144976854324341,0.5145219564437866,0.45449137687683105,-0.15030300617218018,0.4374653697013855,0.46484655141830444,-0.14513607323169708,0.5157642960548401,0.47045546770095825,-0.23362593352794647,0.45235365629196167,0.4970622658729553,-0.21347054839134216,0.520243763923645,0.47933149337768555,-0.24854835867881775,0.45688098669052124,0.5121381282806396,-0.22737061977386475,0.5190485715866089,0.47564905881881714,-0.2561817169189453,0.4555097222328186,0.5079694390296936,-0.23174846172332764,0.5172251462936401,0.4743352234363556,-0.23797182738780975,0.4556301236152649,0.5037043690681458,-0.21593157947063446,0.4949236512184143,0.5091925859451294,0.004369609989225864,0.4681967794895172,0.5106869339942932,-0.00441098352894187,0.507113516330719,0.5709385275840759,-0.08814685046672821,0.4586199223995209,0.5616316795349121,-0.1003412976861,0.478417307138443,0.5546090602874756,0.06520397961139679,0.456941694021225,0.5607197284698486,0.055393319576978683,0.47338739037513733,0.544647753238678,0.08232425153255463,0.45680660009384155,0.5566286444664001,0.07239678502082825,0.4724070429801941,0.5680695176124573,0.07616476714611053,0.4574073851108551,0.5723713040351868,0.06456219404935837
0482,./images/190/frame_00482.jpg,Warning,0.47773662209510803,0.39005568623542786,-0.19986392557621002,0.4787111282348633,0.37892886996269226,-0.19458994269371033,0.4803549349308014,0.37851786613464355,-0.1945919692516327,0.48192882537841797,0.37811607122421265,-0.19464804232120514,0.473306268453598,0.38045382499694824,-0.1963847577571869,0.471243292093277,0.38125643134117126,-0.19644276797771454,0.46925926208496094,0.38228246569633484,-0.19647087156772614,0.4836440682411194,0.3778127431869507,-0.14341896772384644,0.4653124213218689,0.3856685757637024,-0.15069693326950073,0.4804612696170807,0.3950550854206085,-0.17840394377708435,0.4752430021762848,0.3980700969696045,-0.18048086762428284,0.5016427636146545,0.4079939126968384,-0.10527660697698593,0.4542418122291565,0.42635583877563477,-0.11690746247768402,0.5189384818077087,0.4467102885246277,-0.11922220140695572,0.4394344389438629,0.4676545560359955,-0.13042810559272766,0.5167187452316284,0.4710957109928131,-0.18954433500766754,0.4570254683494568,0.5040263533592224,-0.17981556057929993,0.5174019932746887,0.48077550530433655,-0.20412373542785645,0.462836891412735,0.5166419744491577,-0.1930350363254547,0.515794575214386,0.4784580171108246,-0.21256788074970245,0.4663076400756836,0.5133833885192871,-0.19647406041622162,0.5138089060783386,0.47517889738082886,-0.19387322664260864,0.4639340043067932,0.5070806741714478,-0.181254580616951,0.4974839687347412,0.5128558278083801,0.003691899124532938,0.47101497650146484,0.515617847442627,-0.0037247377913445234,0.5071141719818115,0.5709918737411499,-0.09141694754362106,0.4582737982273102,0.5637096166610718,-0.09872384369373322,0.477894127368927,0.554973304271698,0.060041628777980804,0.45758724212646484,0.5607115626335144,0.05040406435728073,0.4729915261268616,0.5451627373695374,0.0773325189948082,0.4581545293331146,0.557311475276947,0.06722041964530945,0.47220897674560547,0.568696916103363,0.07424096763134003,0.4570285379886627,0.5725407004356384,0.06211094930768013
0483,./images/190/frame_00483.jpg,Warning,0.4806585907936096,0.390021950006485,-0.16346734762191772,0.4807220995426178,0.37976375222206116,-0.15592078864574432,0.4821010231971741,0.3795498013496399,-0.1559314876794815,0.48346981406211853,0.3793907165527344,-0.1559714376926422,0.476113498210907,0.3810543417930603,-0.15806911885738373,0.47424355149269104,0.3819515109062195,-0.15812763571739197,0.4723016321659088,0.38310524821281433,-0.15817032754421234,0.4846719801425934,0.3810974657535553,-0.10408692061901093,0.4680824279785156,0.3878960609436035,-0.11289125680923462,0.48333659768104553,0.3960747718811035,-0.14299246668815613,0.4784771800041199,0.3984733521938324,-0.1455228179693222,0.502472996711731,0.4112938344478607,-0.06724865734577179,0.45746272802352905,0.4303796589374542,-0.08744233101606369,0.520159125328064,0.44212961196899414,-0.0668051466345787,0.4416005611419678,0.4718947112560272,-0.09482376277446747,0.5222123861312866,0.4736807644367218,-0.12791740894317627,0.46623343229293823,0.5065669417381287,-0.12966498732566833,0.5198649764060974,0.48083528876304626,-0.13937821984291077,0.47062021493911743,0.5223559737205505,-0.13935481011867523,0.5158935189247131,0.48125720024108887,-0.14895100891590118,0.4741775393486023,0.5157465934753418,-0.14245390892028809,0.5146977305412292,0.47615349292755127,-0.13247843086719513,0.472400039434433,0.5111973285675049,-0.13014723360538483,0.4974138140678406,0.5206938982009888,0.004112616181373596,0.4713500142097473,0.5240777134895325,-0.0041416422463953495,0.5077780485153198,0.5737487077713013,-0.10837332159280777,0.45895352959632874,0.5647559762001038,-0.11367522180080414,0.4790474474430084,0.5578517317771912,0.04428896680474281,0.4574502408504486,0.5637026429176331,0.03620177134871483,0.47432202100753784,0.5493615865707397,0.061414461582899094,0.45790690183639526,0.5601435899734497,0.05301590636372566,0.47312086820602417,0.5717782974243164,0.05805359035730362,0.45618611574172974,0.577151894569397,0.047528475522994995
0484,./images/190/frame_00484.jpg,Warning,0.48262152075767517,0.3947463631629944,-0.15549224615097046,0.48254919052124023,0.3849356770515442,-0.14691473543643951,0.4837649464607239,0.3846718370914459,-0.14693032205104828,0.48498424887657166,0.38430583477020264,-0.1469724327325821,0.47822242975234985,0.385947585105896,-0.1498749554157257,0.47634440660476685,0.38667407631874084,-0.14992967247962952,0.4743824899196625,0.3876200318336487,-0.14996783435344696,0.4853171706199646,0.3856901526451111,-0.0928526446223259,0.4697225093841553,0.39212918281555176,-0.10491802543401718,0.4847833514213562,0.4005149304866791,-0.13443690538406372,0.48004841804504395,0.4024093747138977,-0.13789039850234985,0.5032752752304077,0.4136162996292114,-0.05787315219640732,0.4594060480594635,0.4358287453651428,-0.08258523046970367,0.5206476449966431,0.4377530813217163,-0.06510953605175018,0.4461541175842285,0.47917965054512024,-0.09052655100822449,0.5216667056083679,0.47335371375083923,-0.13556727766990662,0.4708139896392822,0.5098931193351746,-0.12095342576503754,0.5199235677719116,0.48086848855018616,-0.14950056374073029,0.4749278426170349,0.5251813530921936,-0.13077329099178314,0.5165233612060547,0.4809997081756592,-0.15735843777656555,0.48061633110046387,0.5178403854370117,-0.13407814502716064,0.5176824927330017,0.4765772223472595,-0.13992175459861755,0.4785589575767517,0.5135026574134827,-0.12141146510839462,0.49786439538002014,0.5243454575538635,0.004271207842975855,0.47158926725387573,0.529213011264801,-0.00428889412432909,0.5084018111228943,0.5725784301757812,-0.1191532239317894,0.4618740677833557,0.5685463547706604,-0.12477491050958633,0.4798756539821625,0.5589993596076965,0.028649017214775085,0.45738643407821655,0.5641644597053528,0.026438772678375244,0.47532981634140015,0.5518237948417664,0.04508904367685318,0.4575706422328949,0.5600100755691528,0.043366722762584686,0.47388237714767456,0.5734192728996277,0.04025242477655411,0.4551571309566498,0.5756192207336426,0.03866429254412651
0485,./images/190/frame_00485.jpg,Warning,0.4839886724948883,0.39735522866249084,-0.1573614925146103,0.4838830828666687,0.3868708610534668,-0.14909964799880981,0.4851464331150055,0.38637983798980713,-0.14911970496177673,0.4863869547843933,0.3859160244464874,-0.14916583895683289,0.4796578884124756,0.38876524567604065,-0.1500706970691681,0.4779202938079834,0.38978898525238037,-0.15012483298778534,0.47610417008399963,0.39098820090293884,-0.1501692831516266,0.4869711995124817,0.3876892924308777,-0.09534672647714615,0.4723849296569824,0.3951316773891449,-0.09830743819475174,0.48676952719688416,0.40337833762168884,-0.13654693961143494,0.48185428977012634,0.4058927893638611,-0.13737574219703674,0.5073052048683167,0.4201106131076813,-0.0618995800614357,0.46203452348709106,0.43868136405944824,-0.08049263060092926,0.5262978672981262,0.4507545828819275,-0.09160635620355606,0.44991788268089294,0.4866403341293335,-0.10964546352624893,0.5294702649116516,0.47354215383529663,-0.15869219601154327,0.4759311079978943,0.5189834833145142,-0.16620714962482452,0.53160160779953,0.4806082844734192,-0.19266320765018463,0.4826306700706482,0.5327414274215698,-0.17990577220916748,0.5287363529205322,0.4774699807167053,-0.19878734648227692,0.48754844069480896,0.5244407653808594,-0.18209944665431976,0.5271348357200623,0.47579628229141235,-0.16652992367744446,0.484260618686676,0.5184854865074158,-0.1668659746646881,0.4993372857570648,0.5324109196662903,0.002069086767733097,0.4724677503108978,0.5352903604507446,-0.0020643225871026516,0.5102430582046509,0.571970522403717,-0.1496993899345398,0.4584406912326813,0.5679622888565063,-0.1499984711408615,0.47937020659446716,0.5627794861793518,-0.004505360499024391,0.4635360836982727,0.5662010908126831,-0.003860801924020052,0.4748399257659912,0.5560944676399231,0.011875001713633537,0.4651697278022766,0.5621329545974731,0.012781694531440735,0.4710537791252136,0.5749660730361938,0.0015980846947059035,0.4658903479576111,0.5764696002006531,0.0015048608183860779
0486,./images/190/frame_00486.jpg,Warning,0.48433488607406616,0.40536928176879883,-0.1778969168663025,0.48450690507888794,0.3936953544616699,-0.17878971993923187,0.48587775230407715,0.39267659187316895,-0.17882439494132996,0.48723167181015015,0.3917888104915619,-0.17889557778835297,0.480128675699234,0.396412193775177,-0.15250971913337708,0.4784092307090759,0.39752450585365295,-0.15247628092765808,0.4766380190849304,0.398659884929657,-0.15254315733909607,0.4889061450958252,0.391936331987381,-0.13918888568878174,0.4735803008079529,0.4012618660926819,-0.12971100211143494,0.4876530170440674,0.4104999005794525,-0.16597618162631989,0.48274239897727966,0.41330400109291077,-0.15104234218597412,0.5107704401016235,0.4243616461753845,-0.10086733102798462,0.46414050459861755,0.4425453245639801,-0.09185662865638733,0.5255352258682251,0.4725674092769623,-0.14154842495918274,0.4553188681602478,0.49285393953323364,-0.1296658217906952,0.5243820548057556,0.49125540256500244,-0.23621375858783722,0.4856146275997162,0.521841824054718,-0.19090153276920319,0.5256472229957581,0.4918895363807678,-0.2584418058395386,0.4948417544364929,0.535930871963501,-0.2094828337430954,0.5230690240859985,0.49003320932388306,-0.2632415294647217,0.49457722902297974,0.5258488059043884,-0.21033863723278046,0.5216749310493469,0.4896089434623718,-0.24019233882427216,0.495756059885025,0.5230283737182617,-0.19078311324119568,0.5015619993209839,0.5351617336273193,-0.0015501863090321422,0.4746134281158447,0.5351624488830566,0.001586651080287993,0.5111923217773438,0.574961245059967,-0.15769532322883606,0.45832985639572144,0.5678747892379761,-0.14828641712665558,0.4784146845340729,0.5668132305145264,-0.010988587513566017,0.4668932557106018,0.5654900074005127,-0.00030179560417309403,0.47479891777038574,0.5585986375808716,0.005196943413466215,0.46874698996543884,0.5613902807235718,0.0163898728787899,0.46506720781326294,0.5783859491348267,-0.012465358711779118,0.4701358377933502,0.5759779810905457,0.002502685645595193
0487,./images/190/frame_00487.jpg,Warning,0.48483648896217346,0.4089340269565582,-0.22150543332099915,0.48494115471839905,0.39664408564567566,-0.2164708822965622,0.48632532358169556,0.3955995738506317,-0.2164866179227829,0.4876345098018646,0.39466339349746704,-0.21655309200286865,0.48025721311569214,0.4000234305858612,-0.2115819901227951,0.4786120057106018,0.4012591540813446,-0.21164052188396454,0.47700849175453186,0.4023418426513672,-0.21168896555900574,0.4893549084663391,0.39519229531288147,-0.16712786257266998,0.4745287001132965,0.4043528139591217,-0.15221503376960754,0.48838919401168823,0.4133751690387726,-0.2016535997390747,0.4835435450077057,0.41669541597366333,-0.19612635672092438,0.5127420425415039,0.42543211579322815,-0.12363505363464355,0.4664449691772461,0.44656893610954285,-0.12618784606456757,0.5276610255241394,0.4782092273235321,-0.16751214861869812,0.46121659874916077,0.4995485544204712,-0.16646017134189606,0.5274165868759155,0.49710845947265625,-0.2671702802181244,0.49486416578292847,0.5276090502738953,-0.2293548583984375,0.5264393091201782,0.49507200717926025,-0.2911652624607086,0.5045398473739624,0.5429491996765137,-0.24823617935180664,0.5257736444473267,0.49599042534828186,-0.2947734296321869,0.5081842541694641,0.5330190062522888,-0.24857668578624725,0.5243160724639893,0.4959103763103485,-0.2709867060184479,0.5052675008773804,0.5291110873222351,-0.22983857989311218,0.5043613910675049,0.5360273718833923,-0.0038318161386996508,0.47788509726524353,0.5354633927345276,0.0038596303202211857,0.5104299783706665,0.5694762468338013,-0.1818247139453888,0.4652513563632965,0.5665367245674133,-0.156695157289505,0.4783347249031067,0.5648305416107178,-0.015946166589856148,0.46492594480514526,0.5661806464195251,0.0007656194502487779,0.47521525621414185,0.5576987266540527,0.0013455479638651013,0.4667028784751892,0.5629258155822754,0.017536625266075134,0.4645516276359558,0.5758001804351807,-0.021811865270137787,0.46993380784988403,0.572891891002655,-0.003669787896797061
0488,./images/190/frame_00488.jpg,Warning,0.4847117066383362,0.4112645387649536,-0.2001802623271942,0.4846803545951843,0.39839014410972595,-0.19711141288280487,0.48621925711631775,0.3972175717353821,-0.19712379574775696,0.48774319887161255,0.39614805579185486,-0.1971716731786728,0.4800698757171631,0.4017896056175232,-0.19128501415252686,0.4786345958709717,0.4028412997722626,-0.19133979082107544,0.4772605001926422,0.4038110375404358,-0.19137801229953766,0.49019986391067505,0.3961414396762848,-0.15794579684734344,0.47587117552757263,0.4051414430141449,-0.1301083117723465,0.4889938235282898,0.4154954254627228,-0.18291346728801727,0.484151691198349,0.41879791021347046,-0.17446808516979218,0.514999508857727,0.4279983639717102,-0.11389368772506714,0.4687883257865906,0.4493238627910614,-0.10840390622615814,0.5304323434829712,0.48420605063438416,-0.15079662203788757,0.46673861145973206,0.5051101446151733,-0.15691155195236206,0.5300549268722534,0.5028846859931946,-0.2466544359922409,0.5002608895301819,0.5286304950714111,-0.21455462276935577,0.528368353843689,0.5035742521286011,-0.26929551362991333,0.5097006559371948,0.5402786731719971,-0.23118770122528076,0.5285654664039612,0.5017477869987488,-0.2740728557109833,0.5125213861465454,0.5293813347816467,-0.2327652871608734,0.5270026922225952,0.501183807849884,-0.25059473514556885,0.5094576478004456,0.5256052017211914,-0.21572871506214142,0.5057814121246338,0.5378783345222473,-0.008437571115791798,0.4798929691314697,0.5373098254203796,0.008457439951598644,0.510277271270752,0.5558146238327026,-0.18304380774497986,0.4646367132663727,0.5627467632293701,-0.14221197366714478,0.47731655836105347,0.5657687783241272,-0.05468328669667244,0.48351749777793884,0.5614044070243835,-0.0030841361731290817,0.4749624729156494,0.5600816607475281,-0.04074312001466751,0.486591637134552,0.5531220436096191,0.012850634753704071,0.4593265652656555,0.5745558142662048,-0.07017987966537476,0.49145951867103577,0.5695088505744934,-0.004975637421011925
0489,./images/190/frame_00489.jpg,Warning,0.48693808913230896,0.415549635887146,-0.20886194705963135,0.4867649972438812,0.4025332033634186,-0.2039307802915573,0.48835182189941406,0.4006955027580261,-0.20394952595233917,0.4898924231529236,0.3992612063884735,-0.20401284098625183,0.48199859261512756,0.407126784324646,-0.1997542828321457,0.48053398728370667,0.4083966910839081,-0.19979630410671234,0.4791348874568939,0.4093289375305176,-0.19982895255088806,0.49233779311180115,0.3984448313713074,-0.15764854848384857,0.47762030363082886,0.4095204174518585,-0.13591396808624268,0.4913177490234375,0.4189143776893616,-0.18986670672893524,0.4863126873970032,0.4229324460029602,-0.18324843049049377,0.5166441798210144,0.4300166368484497,-0.11551668494939804,0.47193026542663574,0.4537675082683563,-0.11429413408041,0.5327996015548706,0.48520419001579285,-0.15498089790344238,0.4718230366706848,0.5118551850318909,-0.1513531506061554,0.5343400239944458,0.5067711472511292,-0.2455989569425583,0.5064536929130554,0.5351634621620178,-0.20711946487426758,0.5338559746742249,0.5089898705482483,-0.2679971754550934,0.5159441232681274,0.5456376075744629,-0.22447505593299866,0.5339033007621765,0.5077266097068787,-0.2723679840564728,0.5148186683654785,0.5327631831169128,-0.22627532482147217,0.5317597389221191,0.5073260068893433,-0.24947266280651093,0.5126826763153076,0.5308799743652344,-0.20782645046710968,0.5060099959373474,0.5392995476722717,-0.007436422165483236,0.4808928370475769,0.538395881652832,0.007447986397892237,0.5100604295730591,0.5590702295303345,-0.17959317564964294,0.4663917124271393,0.5664209723472595,-0.1370132863521576,0.48491087555885315,0.5622463822364807,-0.011693732813000679,0.4789486527442932,0.5625118613243103,0.015026991255581379,0.48304206132888794,0.5573983788490295,0.005979197099804878,0.4794846177101135,0.5554258823394775,0.03180522844195366,0.47532328963279724,0.5709511041641235,-0.008956464007496834,0.4786031246185303,0.5715115070343018,0.013863451778888702
0490,./images/190/frame_00490.jpg,Warning,0.4899056553840637,0.4184025228023529,-0.2688745856285095,0.4897996485233307,0.40633976459503174,-0.26059383153915405,0.4912794530391693,0.4045303761959076,-0.2606290578842163,0.49272099137306213,0.40274059772491455,-0.26070764660835266,0.4847792088985443,0.4111383259296417,-0.26109182834625244,0.483144611120224,0.41271939873695374,-0.26114553213119507,0.48159894347190857,0.4136844575405121,-0.261199414730072,0.49440211057662964,0.40128839015960693,-0.1960909068584442,0.4795256555080414,0.41358113288879395,-0.19422422349452972,0.4938898980617523,0.42147767543792725,-0.24246124923229218,0.48876672983169556,0.42574283480644226,-0.24195599555969238,0.5169121026992798,0.42912009358406067,-0.13372957706451416,0.47401461005210876,0.4538203477859497,-0.1612064242362976,0.5336311459541321,0.47957557439804077,-0.1469624936580658,0.476032555103302,0.509990930557251,-0.18661193549633026,0.5420163869857788,0.5153777599334717,-0.23358948528766632,0.5115952491760254,0.5377193689346313,-0.23369169235229492,0.5478589534759521,0.52186119556427,-0.2622085213661194,0.5231560468673706,0.5491794943809509,-0.25397175550460815,0.5489605665206909,0.5172328352928162,-0.2583202123641968,0.5253652930259705,0.5394032597541809,-0.25894254446029663,0.5454837083816528,0.5164834856987,-0.24427875876426697,0.5226786732673645,0.5359386205673218,-0.2359660118818283,0.5059793591499329,0.5374742746353149,-0.005436287261545658,0.48095130920410156,0.5385647416114807,0.005447254981845617,0.5104836225509644,0.5582488179206848,-0.17661134898662567,0.47457385063171387,0.5660832524299622,-0.1254517138004303,0.4834645688533783,0.563596785068512,0.004321207292377949,0.46486902236938477,0.5663019418716431,0.047806449234485626,0.48061680793762207,0.5586143732070923,0.012689339928328991,0.4598473012447357,0.5617101192474365,0.06555019319057465,0.4746420383453369,0.5771833062171936,0.007537988480180502,0.4586978852748871,0.5792149305343628,0.037800587713718414
0491,./images/190/frame_00491.jpg,Warning,0.49014925956726074,0.4261353313922882,-0.24400174617767334,0.49042582511901855,0.41558024287223816,-0.2389620840549469,0.4923011362552643,0.41334283351898193,-0.23898668587207794,0.49396005272865295,0.4108886420726776,-0.23907312750816345,0.48482003808021545,0.42016589641571045,-0.23719093203544617,0.4832589626312256,0.42102038860321045,-0.23723813891410828,0.48190027475357056,0.4213005006313324,-0.237265944480896,0.49609342217445374,0.40621545910835266,-0.18658557534217834,0.480692058801651,0.4179984927177429,-0.17499291896820068,0.4947892129421234,0.4277400076389313,-0.22171571850776672,0.48936301469802856,0.4314902722835541,-0.21846699714660645,0.5196393728256226,0.432634562253952,-0.13722014427185059,0.47469034790992737,0.45247241854667664,-0.14213861525058746,0.5355790257453918,0.4825248420238495,-0.15442241728305817,0.47935929894447327,0.5071330070495605,-0.16981153190135956,0.5477948784828186,0.5173189043998718,-0.22972175478935242,0.5100349187850952,0.5361169576644897,-0.23132853209972382,0.5507668256759644,0.5252094268798828,-0.2554049789905548,0.5171267986297607,0.5461085438728333,-0.25079694390296936,0.5513052940368652,0.5204339027404785,-0.2542310357093811,0.5195497870445251,0.5375667214393616,-0.25625374913215637,0.5481671094894409,0.5201723575592041,-0.24320697784423828,0.5176011919975281,0.5341776609420776,-0.23452559113502502,0.5081809759140015,0.5377646088600159,-0.006654685828834772,0.4818108081817627,0.5372656583786011,0.0066878036595880985,0.511320948600769,0.562828004360199,-0.17853215336799622,0.47343555092811584,0.5699908137321472,-0.11100971698760986,0.48711472749710083,0.5645504593849182,0.008925823494791985,0.4594321846961975,0.5680244565010071,0.0531756654381752,0.48455485701560974,0.5581967830657959,0.025627311319112778,0.4562741219997406,0.564721405506134,0.07082324475049973,0.47927552461624146,0.5789015293121338,0.013025443069636822,0.4534529149532318,0.581253707408905,0.05625342205166817
0492,./images/190/frame_00492.jpg,Warning,0.4928344190120697,0.4367653429508209,-0.2740772068500519,0.493569552898407,0.42748337984085083,-0.2702293395996094,0.4953489899635315,0.4250039756298065,-0.27025142312049866,0.49690014123916626,0.42181897163391113,-0.27034297585487366,0.48817092180252075,0.43058547377586365,-0.2678692936897278,0.48651617765426636,0.4303152859210968,-0.26792633533477783,0.4851369857788086,0.43013545870780945,-0.26795393228530884,0.4989860951900482,0.4134576618671417,-0.21624943614006042,0.48351287841796875,0.4249129295349121,-0.20190927386283875,0.497244268655777,0.43775519728660583,-0.2505882978439331,0.49229541420936584,0.44088444113731384,-0.24645836651325226,0.5218237638473511,0.435287207365036,-0.1624770611524582,0.47783908247947693,0.45499277114868164,-0.16256247460842133,0.5420112609863281,0.4870537519454956,-0.2071012705564499,0.48716551065444946,0.5104891657829285,-0.2033500224351883,0.5484300851821899,0.5173181295394897,-0.29838526248931885,0.5209160447120667,0.5358070731163025,-0.2745848298072815,0.5482174158096313,0.5211772322654724,-0.32434388995170593,0.526894748210907,0.5441568493843079,-0.297319233417511,0.5494222044944763,0.5178759694099426,-0.33056461811065674,0.531146764755249,0.5354872941970825,-0.30016541481018066,0.5468982458114624,0.5182333588600159,-0.3035344183444977,0.5276650190353394,0.5346845984458923,-0.27710965275764465,0.5114524960517883,0.5375061631202698,-0.007274470292031765,0.48427706956863403,0.5360856652259827,0.007326969411224127,0.5120896697044373,0.5630195736885071,-0.20228342711925507,0.48126763105392456,0.5693287253379822,-0.13239194452762604,0.486433207988739,0.5672093629837036,-0.025750327855348587,0.4584341049194336,0.569763720035553,0.025618622079491615,0.48421865701675415,0.5612495541572571,-0.00797149445861578,0.45586174726486206,0.56651771068573,0.0420822873711586,0.47718849778175354,0.5805055499076843,-0.03598077967762947,0.4504781663417816,0.5796153545379639,0.016822276636958122
0493,./images/190/frame_00493.jpg,Warning,0.49515587091445923,0.43368861079216003,-0.25112372636795044,0.49582481384277344,0.42414748668670654,-0.24612271785736084,0.49753180146217346,0.42224013805389404,-0.2461443394422531,0.4992353320121765,0.4201563000679016,-0.2462291419506073,0.4906277656555176,0.4274999797344208,-0.24480506777763367,0.48888611793518066,0.4275287091732025,-0.24485549330711365,0.48743385076522827,0.42743462324142456,-0.24489060044288635,0.5013555288314819,0.4131760895252228,-0.19286318123340607,0.4852673411369324,0.4235496520996094,-0.1835373044013977,0.49944233894348145,0.43521150946617126,-0.22839567065238953,0.494589239358902,0.43839141726493835,-0.22573070228099823,0.5226592421531677,0.4367409944534302,-0.14211972057819366,0.47986966371536255,0.45626401901245117,-0.15091213583946228,0.5413144826889038,0.48783114552497864,-0.16942112147808075,0.49048876762390137,0.5105502009391785,-0.18172629177570343,0.5493996143341064,0.5208616256713867,-0.2075134962797165,0.524166464805603,0.5392493605613708,-0.24177730083465576,0.5583903789520264,0.5258234143257141,-0.2249867469072342,0.5312806367874146,0.5486870408058167,-0.2606843411922455,0.556935727596283,0.523925244808197,-0.23648539185523987,0.5339184999465942,0.5396775603294373,-0.264111191034317,0.553764283657074,0.5242412686347961,-0.21348655223846436,0.5317795872688293,0.5368885397911072,-0.243781179189682,0.5143522024154663,0.5379965305328369,-0.007091601844877005,0.48607921600341797,0.5375283360481262,0.007133458741009235,0.5144016742706299,0.5518960952758789,-0.18527868390083313,0.4799593985080719,0.5694224834442139,-0.09481056779623032,0.4890140891075134,0.5688347220420837,-0.02196449413895607,0.4589157700538635,0.5708156824111938,0.05471291020512581,0.4863646626472473,0.5652554631233215,-0.0051901498809456825,0.45682358741760254,0.5670605301856995,0.07059720158576965,0.4814545214176178,0.5848596692085266,-0.030116479843854904,0.4507666230201721,0.5772973895072937,0.05153276398777962
0494,./images/190/frame_00494.jpg,Warning,0.4978185296058655,0.43730393052101135,-0.292214035987854,0.49866533279418945,0.4275414049625397,-0.28458672761917114,0.500214695930481,0.4250597655773163,-0.28462421894073486,0.5017762780189514,0.42304301261901855,-0.28471314907073975,0.49348869919776917,0.43155205249786377,-0.28612929582595825,0.4917130470275879,0.431720107793808,-0.28618377447128296,0.4899652898311615,0.4314977526664734,-0.28622621297836304,0.5035231709480286,0.4171409606933594,-0.21947267651557922,0.4872346818447113,0.42738205194473267,-0.22318430244922638,0.5017709136009216,0.438787579536438,-0.26500144600868225,0.49693793058395386,0.44242796301841736,-0.26611679792404175,0.523314893245697,0.4407989978790283,-0.1586170345544815,0.4824375510215759,0.45952051877975464,-0.1890699714422226,0.5407483577728271,0.49052298069000244,-0.1766217052936554,0.49570542573928833,0.514360785484314,-0.21626806259155273,0.5529376268386841,0.5311906337738037,-0.24255089461803436,0.5297077894210815,0.5460770130157471,-0.2635766565799713,0.5620955228805542,0.5390699505805969,-0.26630574464797974,0.5391270518302917,0.5576883554458618,-0.2874515950679779,0.5594877600669861,0.5377586483955383,-0.2788664698600769,0.5415281057357788,0.5483073592185974,-0.29234784841537476,0.5560374855995178,0.5370915532112122,-0.25020793080329895,0.5391676425933838,0.5450150966644287,-0.26653918623924255,0.5150798559188843,0.5403308272361755,-0.006127692759037018,0.4871079921722412,0.5405415296554565,0.006219758186489344,0.5202810168266296,0.5393940210342407,-0.18500325083732605,0.48185110092163086,0.5645161867141724,-0.13653311133384705,0.4977196156978607,0.5680213570594788,-0.008405884727835655,0.46514105796813965,0.5714525580406189,0.028608405962586403,0.4948357939720154,0.5658166408538818,0.008995037525892258,0.46024638414382935,0.5668675899505615,0.04525269940495491,0.4931049942970276,0.5841571092605591,-0.022226855158805847,0.45250481367111206,0.5772667527198792,0.01205126941204071
0495,./images/190/frame_00495.jpg,Warning,0.5007794499397278,0.4419640302658081,-0.31494081020355225,0.5012837648391724,0.4324066638946533,-0.3079216778278351,0.5025752186775208,0.42996466159820557,-0.3079441487789154,0.5038729906082153,0.4276219308376312,-0.3080156445503235,0.49668002128601074,0.43707749247550964,-0.3096236288547516,0.4949926733970642,0.43734613060951233,-0.3096795678138733,0.4931766986846924,0.43716511130332947,-0.3097187280654907,0.5050504207611084,0.4213143587112427,-0.2415100634098053,0.48985522985458374,0.43280789256095886,-0.2452733963727951,0.50432288646698,0.4432462453842163,-0.28687089681625366,0.49997076392173767,0.44732338190078735,-0.28800734877586365,0.5244842767715454,0.44180747866630554,-0.1745520383119583,0.4860227108001709,0.4650392234325409,-0.20585164427757263,0.5419929027557373,0.4897260069847107,-0.18864014744758606,0.5006393194198608,0.5180924534797668,-0.23752152919769287,0.5530017018318176,0.5317022204399109,-0.25859495997428894,0.5371860265731812,0.5464735627174377,-0.29000478982925415,0.561693549156189,0.53971928358078,-0.2842697501182556,0.5444059371948242,0.5583537817001343,-0.3158036768436432,0.558749794960022,0.5386467576026917,-0.29727470874786377,0.5456491112709045,0.551337480545044,-0.3204385042190552,0.5558628439903259,0.5378544926643372,-0.26636117696762085,0.5437980890274048,0.5468722581863403,-0.2929039001464844,0.5169974565505981,0.5395200252532959,-0.007033889181911945,0.4894137382507324,0.5409544110298157,0.007114254869520664,0.5207745432853699,0.5437346696853638,-0.18732938170433044,0.4860638976097107,0.5638525485992432,0.009371216408908367,0.4971770644187927,0.5686355829238892,-0.012087888084352016,0.4620809555053711,0.5711838006973267,0.21558304131031036,0.49443086981773376,0.566796064376831,0.005130636040121317,0.4573674201965332,0.5663773417472839,0.23585636913776398,0.4902302324771881,0.5844928026199341,-0.03744750842452049,0.45125454664230347,0.577243447303772,0.20952942967414856
0496,./images/190/frame_00496.jpg,Warning,0.5026792883872986,0.4431360065937042,-0.32599425315856934,0.5030828714370728,0.4340420961380005,-0.319025456905365,0.5043222904205322,0.4319438636302948,-0.3190450966358185,0.5055514574050903,0.42988458275794983,-0.31911009550094604,0.4985109865665436,0.4382507801055908,-0.31974563002586365,0.49664244055747986,0.43862494826316833,-0.3198014199733734,0.4949939250946045,0.43861743807792664,-0.3198402523994446,0.5069180727005005,0.42450958490371704,-0.2511967420578003,0.4920280873775482,0.43516290187835693,-0.2507374882698059,0.5062534213066101,0.4448356330394745,-0.2973584830760956,0.5017455816268921,0.44899556040763855,-0.29730743169784546,0.5264431834220886,0.44583410024642944,-0.1807793229818344,0.48862895369529724,0.4680207073688507,-0.20849187672138214,0.5444006323814392,0.49285224080085754,-0.1901598870754242,0.5029157400131226,0.5205659866333008,-0.24535270035266876,0.5564825534820557,0.5340757369995117,-0.2554013729095459,0.5381296873092651,0.5475484132766724,-0.30752360820770264,0.5673201084136963,0.5433222651481628,-0.2808265686035156,0.5451002717018127,0.5602269768714905,-0.3345603942871094,0.564682126045227,0.5425939559936523,-0.29438257217407227,0.5467023253440857,0.5526052713394165,-0.3391457200050354,0.5614538788795471,0.5417190194129944,-0.26324930787086487,0.5448307991027832,0.549642026424408,-0.310670405626297,0.5190602540969849,0.5415970087051392,-0.00922856479883194,0.49145179986953735,0.5430144667625427,0.00931602343916893,0.5233598947525024,0.5410054326057434,-0.19691739976406097,0.4858117699623108,0.5635344386100769,0.034865353256464005,0.49915647506713867,0.5681571364402771,-0.02380659058690071,0.4594348967075348,0.5708191990852356,0.25480973720550537,0.4958678185939789,0.5665407180786133,-0.007036400493234396,0.4560244083404541,0.5660581588745117,0.2764211893081665,0.4932711124420166,0.5839340090751648,-0.056607283651828766,0.4501805305480957,0.5774171352386475,0.24926786124706268
0497,./images/190/frame_00497.jpg,Warning,0.5047041773796082,0.44698333740234375,-0.34891223907470703,0.5050597190856934,0.4384860694408417,-0.34185126423835754,0.5063297748565674,0.43628183007240295,-0.3418797254562378,0.5076009631156921,0.4342021644115448,-0.3419533371925354,0.5007331967353821,0.4424416124820709,-0.34288033843040466,0.4989895224571228,0.4428815245628357,-0.34293365478515625,0.49749764800071716,0.4428805112838745,-0.34297630190849304,0.5090693831443787,0.428438276052475,-0.27123767137527466,0.4941566586494446,0.43913891911506653,-0.2720305621623993,0.5084063410758972,0.44876211881637573,-0.318960964679718,0.5039408206939697,0.452680766582489,-0.31927362084388733,0.528511643409729,0.4469996988773346,-0.19633322954177856,0.49117669463157654,0.47015851736068726,-0.2248193323612213,0.5467830300331116,0.49509197473526,-0.20397691428661346,0.5074355602264404,0.52564936876297,-0.2570360600948334,0.5606994032859802,0.5368843674659729,-0.2689719498157501,0.5438372492790222,0.5482133626937866,-0.3154730796813965,0.5724087953567505,0.5471187829971313,-0.2959844172000885,0.5497620701789856,0.5585606694221497,-0.3437354564666748,0.5695829391479492,0.5470581650733948,-0.31064459681510925,0.5517193078994751,0.5538520216941833,-0.34877097606658936,0.5661041736602783,0.5463609099388123,-0.2773679792881012,0.5505363345146179,0.5497051477432251,-0.3188374936580658,0.5204014778137207,0.5408011674880981,-0.008528347127139568,0.49237141013145447,0.5434522032737732,0.008610048331320286,0.5287187099456787,0.5408915281295776,-0.1911667436361313,0.4858493208885193,0.5635733008384705,0.019774068146944046,0.5063160061836243,0.5683005452156067,-0.015096856281161308,0.45929211378097534,0.5707111954689026,0.24707353115081787,0.5030852556228638,0.5672863721847534,0.0010495029855519533,0.4566347599029541,0.5659260749816895,0.26970332860946655,0.5013065934181213,0.5844851732254028,-0.040196169167757034,0.4508178234100342,0.5779771208763123,0.24153009057044983
0498,./images/190/frame_00498.jpg,Warning,0.5040773153305054,0.4506908357143402,-0.34272122383117676,0.5044344663619995,0.4421709179878235,-0.3376460373401642,0.5057666301727295,0.44014546275138855,-0.3376683294773102,0.5072745680809021,0.43786779046058655,-0.3377389907836914,0.5001207590103149,0.44517695903778076,-0.33748766779899597,0.4984959065914154,0.44503867626190186,-0.3375398814678192,0.4972173273563385,0.4447213411331177,-0.3375822901725769,0.5093588829040527,0.43087175488471985,-0.2736288607120514,0.49542826414108276,0.440998375415802,-0.2697940468788147,0.5084448456764221,0.4522402882575989,-0.3151267170906067,0.5041398406028748,0.4555826485157013,-0.31414729356765747,0.5285338759422302,0.4454120099544525,-0.2028898000717163,0.4935685098171234,0.47233834862709045,-0.2215687781572342,0.5480607748031616,0.4961170554161072,-0.2199878692626953,0.5109058022499084,0.5283851027488708,-0.25352317094802856,0.567306637763977,0.5414324402809143,-0.29038482904434204,0.5464949011802673,0.5477377772331238,-0.3173981010913849,0.5742470026016235,0.5479675531387329,-0.31758394837379456,0.5531566739082336,0.5609992742538452,-0.3451416790485382,0.5713351964950562,0.5476859211921692,-0.33095407485961914,0.5550580024719238,0.5528619289398193,-0.34920069575309753,0.5679530501365662,0.5468613505363464,-0.2981489896774292,0.5531958341598511,0.5497202277183533,-0.3205142617225647,0.5212469100952148,0.5403843522071838,-0.00801176205277443,0.4937666952610016,0.5440558791160583,0.008084909990429878,0.5315759181976318,0.5360826253890991,-0.15877118706703186,0.4848317503929138,0.5651634335517883,0.04939603433012962,0.5177657008171082,0.5636144280433655,0.007422493305057287,0.459219366312027,0.5705585479736328,0.2768136262893677,0.51511150598526,0.5658208727836609,0.02374071627855301,0.45681673288345337,0.5657804608345032,0.2999420762062073,0.5168007612228394,0.5771023035049438,-0.03282841295003891,0.45097875595092773,0.5782926678657532,0.2740848660469055
0499,./images/190/frame_00499.jpg,Warning,0.505387008190155,0.45272547006607056,-0.3310888111591339,0.5059985518455505,0.44410091638565063,-0.327071875333786,0.507706880569458,0.44220274686813354,-0.3270919620990753,0.5092199444770813,0.44013679027557373,-0.32716798782348633,0.5016328692436218,0.4464778006076813,-0.3258882164955139,0.5003411769866943,0.4461270570755005,-0.3259351849555969,0.4988313317298889,0.4455265998840332,-0.3259730041027069,0.5116220116615295,0.43285879492759705,-0.2663896679878235,0.49718183279037476,0.4411814510822296,-0.2580527067184448,0.5102563500404358,0.4539779722690582,-0.30444714426994324,0.505581796169281,0.45700713992118835,-0.30213868618011475,0.5308319330215454,0.4480322599411011,-0.1970859169960022,0.49549221992492676,0.4715835154056549,-0.21102643013000488,0.5485697388648987,0.49870139360427856,-0.2198857069015503,0.5098841190338135,0.5276830196380615,-0.2453017681837082,0.5640389323234558,0.5435693264007568,-0.2926287055015564,0.5445920825004578,0.5475800037384033,-0.3084028959274292,0.5698786377906799,0.5499945878982544,-0.3191717267036438,0.5507708191871643,0.5635563135147095,-0.33460262417793274,0.5665087699890137,0.5491119623184204,-0.33128780126571655,0.5542538166046143,0.5539178848266602,-0.3391001224517822,0.5633723139762878,0.5483289361000061,-0.29977118968963623,0.5519131422042847,0.5509970188140869,-0.3116184175014496,0.5237436890602112,0.5387559533119202,-0.007832961156964302,0.49827441573143005,0.5448126792907715,0.007913698442280293,0.5408316254615784,0.5265048146247864,-0.14700208604335785,0.47537708282470703,0.5706004500389099,-0.010167056694626808,0.5266720056533813,0.5606385469436646,0.010323717258870602,0.46579933166503906,0.5704708099365234,0.18556411564350128,0.5229460597038269,0.5653194189071655,0.02617543376982212,0.46997737884521484,0.5678910613059998,0.20580486953258514,0.5304011106491089,0.5745382308959961,-0.014726141467690468,0.45582833886146545,0.5756024718284607,0.18486785888671875
0500,./images/190/frame_00500.jpg,Warning,0.5062710046768188,0.45241737365722656,-0.3122071921825409,0.5069472789764404,0.4439507722854614,-0.3230363428592682,0.5087553858757019,0.44242146611213684,-0.32319021224975586,0.5102111101150513,0.4407404959201813,-0.32335731387138367,0.5023704767227173,0.44565603137016296,-0.31306105852127075,0.5011517405509949,0.44519495964050293,-0.31305962800979614,0.49971532821655273,0.44452714920043945,-0.31305748224258423,0.5126709938049316,0.4343562722206116,-0.24590294063091278,0.4991145730018616,0.44087618589401245,-0.25065967440605164,0.511385977268219,0.4542800784111023,-0.29827022552490234,0.506697416305542,0.45650383830070496,-0.2846798598766327,0.5315104722976685,0.44704490900039673,-0.18149599432945251,0.49790158867836,0.47001898288726807,-0.208705335855484,0.5528321862220764,0.498182088136673,-0.2036789208650589,0.5133390426635742,0.5244869589805603,-0.22041615843772888,0.566717267036438,0.5382722020149231,-0.2787535786628723,0.5498536825180054,0.5514106154441833,-0.26594358682632446,0.5720124840736389,0.5445950031280518,-0.30432069301605225,0.5551176071166992,0.5694499015808105,-0.28914862871170044,0.5691908597946167,0.5433134436607361,-0.315337210893631,0.558666467666626,0.5610291361808777,-0.2941058576107025,0.5662437677383423,0.5426178574562073,-0.2854822874069214,0.5571350455284119,0.5557599067687988,-0.2688453793525696,0.5235976576805115,0.5386563539505005,-0.008560771122574806,0.49942082166671753,0.5464107990264893,0.008600152097642422,0.5390405654907227,0.5134351253509521,-0.14517433941364288,0.47598862648010254,0.574194610118866,0.034376729279756546,0.5352307558059692,0.5598448514938354,-0.01939619518816471,0.46585613489151,0.570199728012085,0.2389279156923294,0.5325649976730347,0.5660591721534729,-0.007615887559950352,0.4694121479988098,0.571576714515686,0.259799063205719,0.5419288873672485,0.5730922818183899,-0.05480068176984787,0.4603561460971832,0.5841546058654785,0.23867377638816833
0501,./images/190/frame_00501.jpg,Warning,0.5102337598800659,0.4519471824169159,-0.2624017298221588,0.5109773874282837,0.44350796937942505,-0.2614797353744507,0.5124329924583435,0.44209781289100647,-0.26149624586105347,0.5138676166534424,0.44060227274894714,-0.2615639567375183,0.5063875317573547,0.4454176127910614,-0.2614000737667084,0.5048294067382812,0.4451664686203003,-0.2614363729953766,0.5035363435745239,0.44475457072257996,-0.2614630162715912,0.5156495571136475,0.43593594431877136,-0.2117747962474823,0.5028849840164185,0.4420648217201233,-0.21218693256378174,0.5144881010055542,0.45423072576522827,-0.24093785881996155,0.5096291303634644,0.45656102895736694,-0.24020306766033173,0.5317097306251526,0.4474332928657532,-0.14498387277126312,0.49983152747154236,0.4715593457221985,-0.18329189717769623,0.5509616732597351,0.4967834949493408,-0.15265734493732452,0.5143251419067383,0.5245472192764282,-0.20624718070030212,0.5640103220939636,0.5272439122200012,-0.21078267693519592,0.5516977906227112,0.554889976978302,-0.24913755059242249,0.5687620639801025,0.5299811363220215,-0.22854986786842346,0.5562602281570435,0.5710446834564209,-0.27130788564682007,0.5672147870063782,0.5280374884605408,-0.23980271816253662,0.5596669912338257,0.5630016922950745,-0.2747001349925995,0.564538836479187,0.5291393995285034,-0.21679672598838806,0.5572981834411621,0.5589481592178345,-0.2511606812477112,0.5217357277870178,0.5374553203582764,-0.0033536250703036785,0.4974525570869446,0.5483505129814148,0.0033056256361305714,0.543676495552063,0.5051409006118774,-0.12532925605773926,0.4758017659187317,0.5765683650970459,0.01935994252562523,0.5567635297775269,0.556763768196106,-0.045020561665296555,0.4653087258338928,0.5705967545509338,0.20786914229393005,0.5556977987289429,0.5659726858139038,-0.03713349997997284,0.4694066047668457,0.5764188766479492,0.2271793782711029,0.5698913335800171,0.5660610795021057,-0.08170764893293381,0.4618462920188904,0.5899050235748291,0.20883533358573914
0502,./images/190/frame_00502.jpg,Warning,0.5129338502883911,0.4506794810295105,-0.20352427661418915,0.5137388110160828,0.4431171417236328,-0.2051369696855545,0.5150746703147888,0.4418371021747589,-0.2051313817501068,0.5160982012748718,0.44066980481147766,-0.20518043637275696,0.5108875036239624,0.44425952434539795,-0.2048427313566208,0.509532630443573,0.4439348578453064,-0.2048744261264801,0.5085742473602295,0.44355452060699463,-0.20489533245563507,0.5178729891777039,0.4369800090789795,-0.17365960776805878,0.5057178735733032,0.44533056020736694,-0.17024311423301697,0.5162577033042908,0.45321130752563477,-0.18750332295894623,0.5126425623893738,0.45479393005371094,-0.18667760491371155,0.5324448347091675,0.44899389147758484,-0.12189872562885284,0.5005968809127808,0.47065913677215576,-0.1478317677974701,0.5524693727493286,0.49055829644203186,-0.1251126229763031,0.5141879916191101,0.5229507684707642,-0.17233127355575562,0.5622066259384155,0.4990837574005127,-0.15904708206653595,0.5455871820449829,0.5521182417869568,-0.21075370907783508,0.5674434900283813,0.49712398648262024,-0.17161588370800018,0.5517611503601074,0.5707688927650452,-0.22810666263103485,0.5651852488517761,0.4969143271446228,-0.1772473305463791,0.5548738241195679,0.559844434261322,-0.2304210364818573,0.5626717805862427,0.5001375675201416,-0.16181915998458862,0.552834689617157,0.5555679202079773,-0.21205464005470276,0.5220630168914795,0.5370330214500427,-0.0027055246755480766,0.4990110993385315,0.5485650897026062,0.002637577708810568,0.5435770750045776,0.5087975263595581,-0.12154839932918549,0.474487841129303,0.5774791240692139,0.03201090916991234,0.559979259967804,0.5552226305007935,-0.06960070878267288,0.46371394395828247,0.5711016058921814,0.19203156232833862,0.5588077306747437,0.5666033029556274,-0.06389006972312927,0.4634864330291748,0.5750575661659241,0.2097998410463333,0.5713970065116882,0.565427839756012,-0.10196524858474731,0.4546774923801422,0.5880534648895264,0.19417023658752441
0503,./images/190/frame_00503.jpg,Warning,0.518976092338562,0.4497072100639343,-0.14833736419677734,0.5186566114425659,0.440897673368454,-0.15030299127101898,0.5199309587478638,0.439608633518219,-0.1502988040447235,0.5206266045570374,0.43836647272109985,-0.1503404676914215,0.516420304775238,0.4433448016643524,-0.15410873293876648,0.5148200988769531,0.4434712827205658,-0.15413311123847961,0.5129328966140747,0.4434293508529663,-0.1541469693183899,0.5196452140808105,0.4354501962661743,-0.12541154026985168,0.510672926902771,0.443058043718338,-0.14133018255233765,0.5206919312477112,0.451529324054718,-0.13493618369102478,0.5170317888259888,0.45423227548599243,-0.13984555006027222,0.5318910479545593,0.44881290197372437,-0.09221725165843964,0.5014955997467041,0.4705120623111725,-0.12388136237859726,0.5519571304321289,0.4749959707260132,-0.1359170526266098,0.5117717385292053,0.4866594672203064,-0.18690520524978638,0.5478869080543518,0.4514542520046234,-0.193681538105011,0.5363972783088684,0.4580978453159332,-0.24194657802581787,0.5477486848831177,0.4421457052230835,-0.20668919384479523,0.5411649942398071,0.4504881501197815,-0.260079562664032,0.5458935499191284,0.4415239095687866,-0.20272676646709442,0.5407434701919556,0.4462670087814331,-0.254588782787323,0.5452890992164612,0.44712045788764954,-0.1931907683610916,0.5396279096603394,0.450142502784729,-0.24198532104492188,0.5218612551689148,0.5369294881820679,0.0005651568644680083,0.49796390533447266,0.5500711798667908,-0.0006487264763563871,0.5433908104896545,0.5137852430343628,-0.0886712521314621,0.46924662590026855,0.5816358327865601,0.01647133007645607,0.5635578632354736,0.5551546216011047,-0.04421008750796318,0.46074724197387695,0.5711724758148193,0.15087153017520905,0.5626044869422913,0.5656521916389465,-0.03767215460538864,0.45904961228370667,0.57289057970047,0.16456390917301178,0.5761255025863647,0.5637659430503845,-0.06684493273496628,0.44903698563575745,0.5877866744995117,0.16097965836524963
0504,./images/190/frame_00504.jpg,Warning,0.5267154574394226,0.44171202182769775,-0.15089650452136993,0.5232736468315125,0.4378828704357147,-0.14917853474617004,0.5230318307876587,0.43820708990097046,-0.14920255541801453,0.522666335105896,0.4377827048301697,-0.14924775063991547,0.5228541493415833,0.43853235244750977,-0.16034413874149323,0.52214115858078,0.439121276140213,-0.16037365794181824,0.5212966203689575,0.43892356753349304,-0.1604236364364624,0.5176990032196045,0.4380975067615509,-0.12145781517028809,0.5165354013442993,0.4411430358886719,-0.16930100321769714,0.5265246033668518,0.4483485817909241,-0.13738499581813812,0.5239593386650085,0.4512903392314911,-0.15171577036380768,0.5288628339767456,0.46258464455604553,-0.08321769535541534,0.5074843764305115,0.47582685947418213,-0.15018096566200256,0.5504573583602905,0.49869227409362793,-0.0722452700138092,0.5297838449478149,0.5134359002113342,-0.18526972830295563,0.570980429649353,0.5262723565101624,-0.10236241668462753,0.5560098886489868,0.5373196601867676,-0.20705851912498474,0.5754517316818237,0.5270184874534607,-0.11011600494384766,0.5608910918235779,0.5481477379798889,-0.22871991991996765,0.5766164064407349,0.5275523066520691,-0.12557272613048553,0.5648173093795776,0.5418689846992493,-0.2265358716249466,0.5746673941612244,0.5303860306739807,-0.10964585840702057,0.5637941360473633,0.5403528213500977,-0.20728068053722382,0.5211771726608276,0.5461915135383606,0.006918196566402912,0.49913668632507324,0.5587480068206787,-0.006961748003959656,0.5417009592056274,0.5119303464889526,-0.0551033541560173,0.46978241205215454,0.581129252910614,0.09929286688566208,0.5608652234077454,0.5543867349624634,-0.03960144519805908,0.45694565773010254,0.571104109287262,0.2627583146095276,0.5586841702461243,0.571679413318634,-0.026145940646529198,0.45497435331344604,0.5719841718673706,0.27839571237564087,0.5715082287788391,0.5630147457122803,-0.06640321016311646,0.44676923751831055,0.5860748887062073,0.25897470116615295
0505,./images/190/frame_00505.jpg,Warning,0.5294914245605469,0.44850853085517883,-0.23451857268810272,0.5281404256820679,0.442505806684494,-0.23476585745811462,0.5286768674850464,0.4418821930885315,-0.23478615283966064,0.5291982889175415,0.4407797157764435,-0.23485679924488068,0.5253193974494934,0.44364219903945923,-0.24028916656970978,0.5237859487533569,0.4439234137535095,-0.240339994430542,0.5222772359848022,0.4438771605491638,-0.24033860862255096,0.527896523475647,0.4389875531196594,-0.19799426198005676,0.5181107521057129,0.44483014941215515,-0.21797820925712585,0.5310173034667969,0.4524728059768677,-0.21670866012573242,0.5271971821784973,0.4545815885066986,-0.2236795872449875,0.5353468060493469,0.4573971629142761,-0.15022015571594238,0.5078000426292419,0.4777365028858185,-0.18937823176383972,0.5631146430969238,0.47969114780426025,-0.16158267855644226,0.5327879190444946,0.5222429633140564,-0.202372744679451,0.5764398574829102,0.512852132320404,-0.2112240344285965,0.562407910823822,0.5519615411758423,-0.22736582159996033,0.580935537815094,0.5158132314682007,-0.23075509071350098,0.5673345327377319,0.56353759765625,-0.2483505755662918,0.5783693790435791,0.5158045887947083,-0.24166278541088104,0.5713475942611694,0.5584484338760376,-0.2500193119049072,0.5763185024261475,0.520194947719574,-0.21693141758441925,0.5698257684707642,0.5559061169624329,-0.2286844551563263,0.5257580876350403,0.5375922322273254,0.003774245735257864,0.5039938688278198,0.5519816279411316,-0.003766213310882449,0.5490487813949585,0.5155671238899231,-0.0713571235537529,0.47405028343200684,0.5706875920295715,0.07823304086923599,0.5617386102676392,0.558026134967804,-0.004281766712665558,0.4549811780452728,0.5694048404693604,0.23089119791984558,0.5605298280715942,0.5709112286567688,0.003977108281105757,0.45283374190330505,0.566354513168335,0.24621129035949707,0.5735533237457275,0.5639917850494385,-0.032952193170785904,0.4458374083042145,0.5851945877075195,0.22527530789375305
0506,./images/190/frame_00506.jpg,Warning,0.5344647169113159,0.4511070251464844,-0.22001180052757263,0.5331248044967651,0.44493988156318665,-0.21990010142326355,0.5334610342979431,0.4441643953323364,-0.21991750597953796,0.533755898475647,0.44316521286964417,-0.21999101340770721,0.5302956104278564,0.44576936960220337,-0.22647126019001007,0.5290083885192871,0.4456949532032013,-0.2265205681324005,0.5270624756813049,0.44537705183029175,-0.2265215814113617,0.5313560962677002,0.4409236013889313,-0.18649721145629883,0.5226743817329407,0.44585150480270386,-0.21080008149147034,0.5351953506469727,0.4546085298061371,-0.20298054814338684,0.5316447019577026,0.45602530241012573,-0.2111927568912506,0.5374970436096191,0.4560350775718689,-0.14983905851840973,0.5122772455215454,0.48046642541885376,-0.185736745595932,0.5631457567214966,0.4818609058856964,-0.14368078112602234,0.5332406163215637,0.528860330581665,-0.20328526198863983,0.5763605237007141,0.5128387212753296,-0.18418601155281067,0.5624654293060303,0.5555734634399414,-0.2323261946439743,0.5799814462661743,0.5160195827484131,-0.20060870051383972,0.5670269727706909,0.564927875995636,-0.2532729506492615,0.578572154045105,0.5156208276748657,-0.21174626052379608,0.5708078145980835,0.560503363609314,-0.25661712884902954,0.5768632888793945,0.5192086696624756,-0.18993085622787476,0.5680670738220215,0.5580918788909912,-0.23461267352104187,0.5265955924987793,0.5400943756103516,0.002244916744530201,0.5049663782119751,0.5545308589935303,-0.0022619380615651608,0.5538936853408813,0.5121186375617981,-0.09725237637758255,0.4744875431060791,0.5699268579483032,0.043494146317243576,0.5617759823799133,0.5568118095397949,-0.023629991337656975,0.45602431893348694,0.5685917735099792,0.1775381863117218,0.5600897073745728,0.5670660734176636,-0.016199609264731407,0.45392274856567383,0.5661040544509888,0.1907149851322174,0.5720618367195129,0.5619756579399109,-0.04151223972439766,0.44741758704185486,0.5769306421279907,0.17336536943912506
0507,./images/190/frame_00507.jpg,Warning,0.5369905829429626,0.4559585452079773,-0.21496546268463135,0.5366191864013672,0.45027363300323486,-0.21432605385780334,0.537119448184967,0.4494435489177704,-0.21434135735034943,0.5375474095344543,0.4484597444534302,-0.21440276503562927,0.533584713935852,0.4508800208568573,-0.21903648972511292,0.5323013067245483,0.45064547657966614,-0.2190835028886795,0.5305088758468628,0.45015162229537964,-0.21910011768341064,0.5358613729476929,0.44484999775886536,-0.17743387818336487,0.5265833139419556,0.44868019223213196,-0.19847209751605988,0.5376724600791931,0.45877036452293396,-0.19709911942481995,0.5341099500656128,0.46037399768829346,-0.2030489146709442,0.5417973399162292,0.4577990770339966,-0.12939301133155823,0.5159168243408203,0.479827344417572,-0.17215596139431,0.5635968446731567,0.49349644780158997,-0.11877715587615967,0.5356615781784058,0.5285573601722717,-0.18402037024497986,0.5807810425758362,0.5351625084877014,-0.1544443964958191,0.5607599020004272,0.5552566051483154,-0.20696958899497986,0.5867132544517517,0.5400047302246094,-0.16723409295082092,0.5658972263336182,0.5643492937088013,-0.22555091977119446,0.5859973430633545,0.5456249117851257,-0.1801770031452179,0.568139910697937,0.5577136874198914,-0.22929099202156067,0.5827155113220215,0.5462080836296082,-0.16050951182842255,0.566330075263977,0.5554870367050171,-0.20914968848228455,0.5298321843147278,0.5369941592216492,0.002774540800601244,0.5082668662071228,0.5504146814346313,-0.0028504207730293274,0.5568413734436035,0.513193666934967,-0.06809189170598984,0.4757609963417053,0.5642244815826416,0.05083679407835007,0.5654264092445374,0.5620577335357666,-0.015851492062211037,0.45519208908081055,0.5665832757949829,0.1659390777349472,0.5638662576675415,0.5719913244247437,-0.009928284212946892,0.45126834511756897,0.563946545124054,0.1771387755870819,0.5751447677612305,0.5630391836166382,-0.03930671513080597,0.44635385274887085,0.5756027698516846,0.1566241830587387
0508,./images/190/frame_00508.jpg,Warning,0.5435007810592651,0.4590069353580475,-0.19741575419902802,0.5428680777549744,0.4533349871635437,-0.19667275249958038,0.5430935621261597,0.45239320397377014,-0.19671152532100677,0.5432535409927368,0.45098644495010376,-0.1967778503894806,0.5402845144271851,0.4544826149940491,-0.2034795731306076,0.5388681888580322,0.4544917345046997,-0.2035205066204071,0.5372757911682129,0.45456334948539734,-0.2035401165485382,0.5397464632987976,0.4479702115058899,-0.16161422431468964,0.5313419103622437,0.4531099498271942,-0.19137290120124817,0.54316645860672,0.462748646736145,-0.1801818311214447,0.5400230884552002,0.46460941433906555,-0.18885701894760132,0.5447508096694946,0.46189239621162415,-0.1166917085647583,0.5167438387870789,0.48686379194259644,-0.16565309464931488,0.5632072687149048,0.5014355778694153,-0.1024877205491066,0.5362305045127869,0.5360978245735168,-0.17712023854255676,0.5848007202148438,0.5393350124359131,-0.14316880702972412,0.5645931959152222,0.5612087845802307,-0.2077554166316986,0.5905448198318481,0.5456862449645996,-0.15699517726898193,0.5692077875137329,0.5715374946594238,-0.22889773547649384,0.5901857018470764,0.548547625541687,-0.172732412815094,0.5729583501815796,0.5643059015274048,-0.23360219597816467,0.5874372124671936,0.5483936071395874,-0.1504194587469101,0.5716252326965332,0.5610387325286865,-0.21059735119342804,0.5290932655334473,0.5397465825080872,0.0022583373356610537,0.506731390953064,0.5541714429855347,-0.0023335139267146587,0.5568786859512329,0.5145208239555359,-0.06408470869064331,0.47253188490867615,0.5690880417823792,0.05390258878469467,0.5664397478103638,0.566586434841156,-0.010636035352945328,0.4553945064544678,0.5656002759933472,0.18001246452331543,0.5647217035293579,0.5769131183624268,-0.004171599633991718,0.4522015154361725,0.5637369751930237,0.1883627325296402,0.5771035552024841,0.5707375407218933,-0.032162927091121674,0.44667547941207886,0.5751161575317383,0.18373365700244904
0509,./images/190/frame_00509.jpg,Warning,0.5477677583694458,0.46142396330833435,-0.19816991686820984,0.5472618341445923,0.4556419253349304,-0.19625462591648102,0.5474734902381897,0.45467689633369446,-0.19627122581005096,0.547732949256897,0.4529373049736023,-0.19632916152477264,0.5450215935707092,0.4571024477481842,-0.20380859076976776,0.5437871813774109,0.4572332203388214,-0.20385929942131042,0.5422751307487488,0.457181841135025,-0.20387978851795197,0.5446631908416748,0.45047691464424133,-0.16113463044166565,0.5368715524673462,0.4551592171192169,-0.19357417523860931,0.5469733476638794,0.4654332101345062,-0.18163321912288666,0.5439971685409546,0.4672483801841736,-0.19132626056671143,0.5494749546051025,0.4668589234352112,-0.11829546838998795,0.5196587443351746,0.48759782314300537,-0.17142410576343536,0.5650352239608765,0.5091418027877808,-0.1086575835943222,0.5361536741256714,0.5374082922935486,-0.18377046287059784,0.586161732673645,0.5466812252998352,-0.14621956646442413,0.565753161907196,0.5643647313117981,-0.21583783626556396,0.5920239686965942,0.5532934069633484,-0.15762560069561005,0.5697681903839111,0.5743958353996277,-0.23549452424049377,0.5920650959014893,0.5559616684913635,-0.17203526198863983,0.573062539100647,0.5653277635574341,-0.23831529915332794,0.5889168977737427,0.55548095703125,-0.15295635163784027,0.5713508725166321,0.5654289126396179,-0.2178279608488083,0.5327144861221313,0.5396652817726135,0.006759078707545996,0.5106144547462463,0.5534933805465698,-0.006847935263067484,0.5595123171806335,0.5153474807739258,-0.06725245714187622,0.47601619362831116,0.5684407949447632,0.02411051094532013,0.5665839314460754,0.5660728216171265,-0.013387422077357769,0.454317569732666,0.5635844469070435,0.1187049150466919,0.5649676322937012,0.5757032036781311,-0.007374112959951162,0.45046567916870117,0.5584166049957275,0.12828120589256287,0.5752408504486084,0.5701786875724792,-0.03484012186527252,0.4461035132408142,0.5733976364135742,0.11303609609603882
0510,./images/190/frame_00510.jpg,Warning,0.5499576926231384,0.4586534798145294,-0.2012319266796112,0.5496033430099487,0.4525885283946991,-0.20197391510009766,0.5498203039169312,0.45139333605766296,-0.20199215412139893,0.5499288439750671,0.4498404264450073,-0.20205223560333252,0.5476363897323608,0.4542500376701355,-0.208074688911438,0.5465938448905945,0.454415500164032,-0.2081224024295807,0.5455182790756226,0.45446258783340454,-0.20813894271850586,0.5472463369369507,0.44773098826408386,-0.1687479466199875,0.5380987524986267,0.4524187445640564,-0.19985276460647583,0.5489352941513062,0.46234405040740967,-0.1866311877965927,0.5463598966598511,0.4641929268836975,-0.19456811249256134,0.5473583340644836,0.4657904803752899,-0.13674159348011017,0.52051842212677,0.483291894197464,-0.17568346858024597,0.5630896091461182,0.5038045048713684,-0.12647666037082672,0.5380961894989014,0.5335687398910522,-0.18836742639541626,0.5865045785903931,0.5460190176963806,-0.1656007468700409,0.5651729702949524,0.5658575892448425,-0.21131494641304016,0.5920082330703735,0.5516999363899231,-0.1792505383491516,0.5696426630020142,0.57448810338974,-0.2291196882724762,0.592147946357727,0.5547612309455872,-0.19236013293266296,0.5713144540786743,0.5642225742340088,-0.23254179954528809,0.5888049006462097,0.5555766224861145,-0.17179152369499207,0.5715245008468628,0.5657910108566284,-0.2133208066225052,0.5314812660217285,0.5296521186828613,0.0051241181790828705,0.5092114210128784,0.5388935804367065,-0.005209191236644983,0.5589936375617981,0.5171094536781311,-0.07377760112285614,0.47568026185035706,0.5631502270698547,0.027149159461259842,0.5656017661094666,0.5660781264305115,-0.012476342730224133,0.45226913690567017,0.5633793473243713,0.14668706059455872,0.5641134977340698,0.5745628476142883,-0.005220811348408461,0.4485498070716858,0.5587310194969177,0.15907567739486694,0.5736820697784424,0.5700698494911194,-0.02982948161661625,0.4444769024848938,0.5736262202262878,0.14439107477664948
0511,./images/190/frame_00511.jpg,Warning,0.5525356531143188,0.4573197364807129,-0.2360505759716034,0.5531333684921265,0.4513002038002014,-0.23601455986499786,0.5537165999412537,0.45044437050819397,-0.23603098094463348,0.55413818359375,0.4494906961917877,-0.2360922396183014,0.5508157014846802,0.452690452337265,-0.24235641956329346,0.5494678616523743,0.452791690826416,-0.2424062192440033,0.548305869102478,0.4528873860836029,-0.2424347847700119,0.5518800020217896,0.448261559009552,-0.19943620264530182,0.5427826642990112,0.4510434865951538,-0.2280881404876709,0.5517008304595947,0.46114400029182434,-0.21826162934303284,0.5487029552459717,0.4627054035663605,-0.2266354262828827,0.5542272329330444,0.46898677945137024,-0.1516490876674652,0.5236019492149353,0.47630760073661804,-0.1994357705116272,0.5681549310684204,0.5124586820602417,-0.14039872586727142,0.5407065749168396,0.5318679213523865,-0.21088507771492004,0.5886543989181519,0.5522714853286743,-0.17086058855056763,0.5682449340820312,0.5670228600502014,-0.22709283232688904,0.5950921177864075,0.557837724685669,-0.18382574617862701,0.5718485116958618,0.574596107006073,-0.24736544489860535,0.5963748693466187,0.5623816847801208,-0.20287124812602997,0.5750590562820435,0.5666545033454895,-0.2513124942779541,0.5911998748779297,0.5611246824264526,-0.17953895032405853,0.5749852657318115,0.5671435594558716,-0.22922077775001526,0.5338969826698303,0.5290613770484924,0.005974539555609226,0.5114548802375793,0.5340185165405273,-0.006069681607186794,0.5566350817680359,0.5299888849258423,-0.0034838379360735416,0.4804061949253082,0.5612726211547852,0.05837184935808182,0.5661993622779846,0.5740251541137695,0.07122965902090073,0.45145875215530396,0.5619056820869446,0.18211452662944794,0.5653572082519531,0.5817403197288513,0.07958264648914337,0.4467446208000183,0.5577555298805237,0.1942596584558487,0.5734920501708984,0.5840297341346741,0.04820763319730759,0.4433882236480713,0.5752043724060059,0.15959207713603973
0512,./images/190/frame_00512.jpg,Warning,0.5543220639228821,0.45940548181533813,-0.21536307036876678,0.5553272366523743,0.45456787943840027,-0.2184659242630005,0.5562909245491028,0.454405814409256,-0.21849152445793152,0.5569899678230286,0.4541188180446625,-0.21855691075325012,0.5521501302719116,0.45454666018486023,-0.22294899821281433,0.5505614876747131,0.45518040657043457,-0.22300012409687042,0.549227237701416,0.4549703299999237,-0.22303369641304016,0.555456817150116,0.4517369568347931,-0.19450590014457703,0.5447295904159546,0.45103856921195984,-0.21883809566497803,0.5537185072898865,0.4633857309818268,-0.19988283514976501,0.55011385679245,0.4633053243160248,-0.20598609745502472,0.5587003827095032,0.46958673000335693,-0.14463375508785248,0.5246484875679016,0.47251197695732117,-0.18455420434474945,0.5710998773574829,0.5105533003807068,-0.1405533403158188,0.5389372110366821,0.53165602684021,-0.19421729445457458,0.5889717936515808,0.5525437593460083,-0.17175449430942535,0.5673919916152954,0.564329981803894,-0.2128702849149704,0.5945347547531128,0.5572335124015808,-0.1840716302394867,0.570740282535553,0.5729687809944153,-0.2303496152162552,0.5973508358001709,0.5629165768623352,-0.198653906583786,0.5741150379180908,0.565269410610199,-0.23266872763633728,0.5931699275970459,0.5639790296554565,-0.1782703697681427,0.5726861953735352,0.5638388991355896,-0.21443495154380798,0.534257709980011,0.5279151797294617,0.005133071448653936,0.5102528929710388,0.5336973071098328,-0.005221930798143148,0.5618098974227905,0.5291939377784729,-0.038723357021808624,0.4792730212211609,0.56255704164505,0.037165332585573196,0.5639411807060242,0.5695702433586121,0.04596409946680069,0.45173320174217224,0.5618352293968201,0.15483210980892181,0.5621865391731262,0.5723173022270203,0.05640874430537224,0.4477151930332184,0.5572859644889832,0.16800802946090698,0.5707706809043884,0.5795896649360657,0.038726285099983215,0.4423374533653259,0.5752686262130737,0.15295164287090302
0513,./images/190/frame_00513.jpg,Warning,0.5574070811271667,0.4627273678779602,-0.22177092730998993,0.5583726763725281,0.4575800895690918,-0.221775084733963,0.5587621927261353,0.4571545422077179,-0.22179420292377472,0.5591101050376892,0.456696093082428,-0.22185225784778595,0.5562309622764587,0.4576912820339203,-0.23051857948303223,0.55478835105896,0.45731788873672485,-0.23057115077972412,0.5534942150115967,0.4567054808139801,-0.23060934245586395,0.5563315153121948,0.4543488323688507,-0.18882188200950623,0.5479940176010132,0.4515940248966217,-0.2265111207962036,0.5557212233543396,0.46660271286964417,-0.20388194918632507,0.5529619455337524,0.46610531210899353,-0.21591994166374207,0.5552855730056763,0.4686129689216614,-0.13411067426204681,0.5281056761741638,0.4721260070800781,-0.20435567200183868,0.5675474405288696,0.5123654007911682,-0.106763556599617,0.5435376167297363,0.531440258026123,-0.2175813913345337,0.5871365666389465,0.5569401383399963,-0.13986830413341522,0.5712807774543762,0.5657432675361633,-0.23732426762580872,0.5932027101516724,0.5601377487182617,-0.15172192454338074,0.5772961378097534,0.5745830535888672,-0.261210173368454,0.5939677953720093,0.5629379749298096,-0.16867052018642426,0.5811134576797485,0.5664427280426025,-0.26061028242111206,0.590201735496521,0.5638436675071716,-0.1477290242910385,0.5769683122634888,0.5666065216064453,-0.23826515674591064,0.5326194167137146,0.528975784778595,0.017369244247674942,0.5096363425254822,0.5348131656646729,-0.017445610836148262,0.5548754334449768,0.5402168035507202,0.05812478065490723,0.4797093868255615,0.5543518662452698,0.06895454227924347,0.5501163601875305,0.5684192180633545,0.16071966290473938,0.4505021572113037,0.561414361000061,0.19427335262298584,0.5472018718719482,0.5719347596168518,0.17237070202827454,0.44625648856163025,0.5562796592712402,0.20666718482971191,0.5568965077400208,0.5778039693832397,0.15396343171596527,0.44337329268455505,0.5753039717674255,0.17724497616291046
0514,./images/190/frame_00514.jpg,Warning,0.5600716471672058,0.4644172787666321,-0.22120916843414307,0.560890793800354,0.45863932371139526,-0.2208484709262848,0.5616534948348999,0.45742475986480713,-0.2208753377199173,0.5622648000717163,0.45680299401283264,-0.22094793617725372,0.5581663250923157,0.45877593755722046,-0.22870305180549622,0.556731641292572,0.4582536518573761,-0.22875463962554932,0.5551568865776062,0.45749104022979736,-0.2287868708372116,0.5603729486465454,0.45392465591430664,-0.17905250191688538,0.5501178503036499,0.452573299407959,-0.22060951590538025,0.5592423677444458,0.46734338998794556,-0.20333990454673767,0.555927038192749,0.46719682216644287,-0.21430513262748718,0.5608715415000916,0.46877601742744446,-0.12265537679195404,0.5315651893615723,0.4733394682407379,-0.2017136514186859,0.5713340044021606,0.5151892900466919,-0.10066945850849152,0.5456877946853638,0.5374886393547058,-0.21589982509613037,0.5874889492988586,0.5587973594665527,-0.14413848519325256,0.5724568963050842,0.5686936378479004,-0.2404022514820099,0.5932571887969971,0.5628651976585388,-0.156985804438591,0.5785236358642578,0.5760660171508789,-0.26535311341285706,0.5935154557228088,0.5647940039634705,-0.17408612370491028,0.5809492468833923,0.5694559216499329,-0.2652324140071869,0.5908092856407166,0.5651818513870239,-0.15244707465171814,0.5777093768119812,0.5693922638893127,-0.24175648391246796,0.5323926210403442,0.5295140147209167,0.020131120458245277,0.510343074798584,0.5353104472160339,-0.02016296796500683,0.5514246821403503,0.5518401861190796,0.028042977675795555,0.4823243021965027,0.5574625730514526,0.051170073449611664,0.5256969332695007,0.5649464726448059,0.14080007374286652,0.4491505026817322,0.5606117844581604,0.1574200987815857,0.5212537050247192,0.5619789361953735,0.15382876992225647,0.44498950242996216,0.5545212626457214,0.16889241337776184,0.5230587720870972,0.5774033665657043,0.14061221480369568,0.4423757493495941,0.5773813724517822,0.14293107390403748
0515,./images/190/frame_00515.jpg,Warning,0.5612739324569702,0.46876418590545654,-0.2209935188293457,0.5624927282333374,0.46363627910614014,-0.22001120448112488,0.5632318258285522,0.46297284960746765,-0.2200361043214798,0.5639074444770813,0.4622816741466522,-0.2201078236103058,0.5598196983337402,0.46374261379241943,-0.2277788668870926,0.5584473013877869,0.46286654472351074,-0.22783203423023224,0.5570569038391113,0.4619137644767761,-0.22786429524421692,0.562625527381897,0.4581393897533417,-0.17695356905460358,0.5532754063606262,0.4556390643119812,-0.21857419610023499,0.5603841543197632,0.4710330665111542,-0.2018943578004837,0.557129979133606,0.47044074535369873,-0.2130616009235382,0.5640237331390381,0.4699055552482605,-0.11886461824178696,0.5336952209472656,0.4715927541255951,-0.20040011405944824,0.5721918344497681,0.5175739526748657,-0.09450594335794449,0.5427490472793579,0.5335327386856079,-0.2124118059873581,0.5874044299125671,0.5605918169021606,-0.13729329407215118,0.5728947520256042,0.5695329308509827,-0.2365734577178955,0.5935045480728149,0.5637229681015015,-0.14897587895393372,0.579301655292511,0.5761424899101257,-0.2602960169315338,0.5942200422286987,0.5660181045532227,-0.16684667766094208,0.5786627531051636,0.5676562786102295,-0.25979122519493103,0.5908713936805725,0.56544429063797,-0.14568743109703064,0.5794833302497864,0.5698267817497253,-0.23757287859916687,0.5319898128509521,0.531732439994812,0.023024965077638626,0.509840190410614,0.5275934934616089,-0.023041635751724243,0.5297068357467651,0.5760853290557861,0.03111877106130123,0.4830169677734375,0.5589060187339783,0.033347271382808685,0.49293652176856995,0.5659906268119812,0.15818509459495544,0.44939643144607544,0.5606788396835327,0.15806390345096588,0.4888927936553955,0.5605536699295044,0.17281459271907806,0.44563063979148865,0.5540218949317932,0.17084400355815887,0.48302918672561646,0.577495276927948,0.15814685821533203,0.44281014800071716,0.5781581401824951,0.14725162088871002
0516,./images/190/frame_00516.jpg,Fall,0.5645769834518433,0.47100409865379333,-0.2029224932193756,0.5659602284431458,0.46522143483161926,-0.2017185389995575,0.5665735006332397,0.4641415774822235,-0.2017432451248169,0.5673048496246338,0.4631364047527313,-0.20180408656597137,0.5636214017868042,0.46588265895843506,-0.21240568161010742,0.5623036026954651,0.46502384543418884,-0.21246056258678436,0.5610224008560181,0.46408289670944214,-0.21249952912330627,0.5659691095352173,0.4573396146297455,-0.1645870953798294,0.5566911697387695,0.4573515057563782,-0.21802198886871338,0.5634159445762634,0.471971333026886,-0.18499723076820374,0.560229480266571,0.4725361764431,-0.1991756111383438,0.5638957619667053,0.4685153663158417,-0.10646609216928482,0.5363839268684387,0.4716833829879761,-0.198991060256958,0.572640061378479,0.5180871486663818,-0.07266196608543396,0.5473425984382629,0.5394266247749329,-0.2092430591583252,0.5869653224945068,0.5594503879547119,-0.11039616912603378,0.5750439167022705,0.570875883102417,-0.23180218040943146,0.5934810042381287,0.5625906586647034,-0.12035093456506729,0.5822511911392212,0.5772323608398438,-0.2589370608329773,0.5937792658805847,0.5644499659538269,-0.13756607472896576,0.5835949778556824,0.5720953345298767,-0.2552070617675781,0.5907102823257446,0.5648075342178345,-0.11840730905532837,0.5813001394271851,0.5704978704452515,-0.23193204402923584,0.5295156240463257,0.5330450534820557,0.028230827301740646,0.509343147277832,0.5282720327377319,-0.02824893593788147,0.5181480646133423,0.5736901760101318,0.10784079134464264,0.4848777651786804,0.556438148021698,0.03474543243646622,0.48458877205848694,0.5626651644706726,0.2417263686656952,0.44979605078697205,0.560607373714447,0.14236515760421753,0.48064860701560974,0.5547110438346863,0.2564616799354553,0.44540897011756897,0.5546053647994995,0.15239305794239044,0.477247953414917,0.5750075578689575,0.2462901622056961,0.4441543221473694,0.5831619501113892,0.12463559955358505
0517,./images/190/frame_00517.jpg,Fall,0.5673187971115112,0.4765348732471466,-0.165289506316185,0.5688635110855103,0.47027587890625,-0.1636471450328827,0.5695317983627319,0.469131737947464,-0.1636703610420227,0.5701464414596558,0.4677027463912964,-0.16372130811214447,0.5667146444320679,0.47141677141189575,-0.17378440499305725,0.5656613707542419,0.4709821045398712,-0.1738208383321762,0.564487874507904,0.4701750874519348,-0.17383846640586853,0.5690178871154785,0.4604675769805908,-0.1298079639673233,0.5611188411712646,0.4639606773853302,-0.1757836937904358,0.5663661956787109,0.4773682951927185,-0.1490139365196228,0.5633893609046936,0.4782930910587311,-0.16228187084197998,0.5641763210296631,0.47186538577079773,-0.07496488839387894,0.5411344170570374,0.47862327098846436,-0.17163433134555817,0.5713180899620056,0.5222287178039551,-0.037329111248254776,0.5508009195327759,0.5446301102638245,-0.17426110804080963,0.5865859985351562,0.5604544281959534,-0.07091157138347626,0.5783342719078064,0.5718609690666199,-0.18905076384544373,0.593090295791626,0.5641478300094604,-0.07863292098045349,0.5853937864303589,0.5778125524520874,-0.21127517521381378,0.593418538570404,0.5648626685142517,-0.09463800489902496,0.587466835975647,0.5731292963027954,-0.20933616161346436,0.5895558595657349,0.5645894408226013,-0.07838521152734756,0.5849250555038452,0.5707921981811523,-0.18931818008422852,0.5289262533187866,0.5339457988739014,0.030624980106949806,0.5113600492477417,0.5305984616279602,-0.030643094331026077,0.5213526487350464,0.5737478733062744,0.13392801582813263,0.48652252554893494,0.5575418472290039,0.03210021182894707,0.49285998940467834,0.5562329888343811,0.2579096555709839,0.44968312978744507,0.560230016708374,0.1059865802526474,0.48921632766723633,0.5472801923751831,0.27141469717025757,0.44335412979125977,0.5546295046806335,0.11317811906337738,0.487312376499176,0.5689820051193237,0.27195248007774353,0.442963182926178,0.5826494693756104,0.0875338613986969
0518,./images/190/frame_00518.jpg,Fall,0.5711106061935425,0.47748276591300964,-0.11907118558883667,0.5729422569274902,0.4701775014400482,-0.11648716032505035,0.5733669996261597,0.46927690505981445,-0.11651009321212769,0.5739197731018066,0.46848800778388977,-0.11655819416046143,0.571351170539856,0.47081878781318665,-0.12661324441432953,0.5706196427345276,0.47040867805480957,-0.1266404092311859,0.5697458982467651,0.46953824162483215,-0.12667444348335266,0.5722211003303528,0.46344709396362305,-0.08498629927635193,0.5669649839401245,0.46448567509651184,-0.13113658130168915,0.5691055655479431,0.47988617420196533,-0.10436677932739258,0.5670586824417114,0.47976645827293396,-0.1177000179886818,0.5632203221321106,0.47982460260391235,-0.034767232835292816,0.5474178194999695,0.4795363247394562,-0.13893280923366547,0.5659974813461304,0.529167115688324,-0.0008477853843942285,0.5548936724662781,0.5439673662185669,-0.15191258490085602,0.5834082961082458,0.560421347618103,-0.027790779247879982,0.5833818912506104,0.5701234936714172,-0.1685502827167511,0.5919932126998901,0.5627919435501099,-0.032273147255182266,0.5909253358840942,0.5770816802978516,-0.19013939797878265,0.5927995443344116,0.5624892115592957,-0.04673317074775696,0.5928062200546265,0.5712932348251343,-0.18439969420433044,0.588918924331665,0.562597930431366,-0.03473636880517006,0.5898807048797607,0.5694200992584229,-0.16744384169578552,0.5233384370803833,0.5440854430198669,0.03141843527555466,0.5107038617134094,0.536365807056427,-0.03145533427596092,0.5083045363426208,0.5655233860015869,0.13871590793132782,0.480726420879364,0.5546970963478088,0.038751132786273956,0.48044854402542114,0.5559181571006775,0.24482527375221252,0.4490821957588196,0.5596989393234253,0.1255977302789688,0.476412296295166,0.5499476194381714,0.2563244700431824,0.4433818757534027,0.5548621416091919,0.13420931994915009,0.4760575294494629,0.5683116316795349,0.25367236137390137,0.44323092699050903,0.5821441411972046,0.11044523864984512
0519,./images/190/frame_00519.jpg,Fall,0.5759530663490295,0.48071300983428955,-0.1359066218137741,0.5775128602981567,0.473785400390625,-0.13374373316764832,0.5777461528778076,0.47285911440849304,-0.13377010822296143,0.5779596567153931,0.4719720184803009,-0.1338193118572235,0.5761352777481079,0.4743258059024811,-0.14462429285049438,0.5754716396331787,0.4739309847354889,-0.14465919137001038,0.574761152267456,0.4734000861644745,-0.14469656348228455,0.575090765953064,0.46811285614967346,-0.10478802770376205,0.5710335969924927,0.4693325459957123,-0.15429525077342987,0.5727189183235168,0.48363059759140015,-0.122181236743927,0.5711241960525513,0.48294395208358765,-0.13650476932525635,0.5647391080856323,0.4862641990184784,-0.061901070177555084,0.5492859482765198,0.48708376288414,-0.15648220479488373,0.5663289427757263,0.5328960418701172,-0.05104900151491165,0.555241584777832,0.5514421463012695,-0.16955848038196564,0.5851255059242249,0.5627838969230652,-0.08864393830299377,0.5836974382400513,0.5709782242774963,-0.18827098608016968,0.5923903584480286,0.5660781860351562,-0.0914217010140419,0.5911229252815247,0.5770025253295898,-0.2118026316165924,0.5936201214790344,0.5656072497367859,-0.10958226025104523,0.5926821231842041,0.5718305110931396,-0.2080337256193161,0.5896708965301514,0.5648226141929626,-0.09384133666753769,0.5899420976638794,0.5697396993637085,-0.18817636370658875,0.52182537317276,0.5448724627494812,0.030102932825684547,0.5110252499580383,0.537423849105835,-0.03013913705945015,0.4957468509674072,0.5647697448730469,0.12003228813409805,0.48044800758361816,0.5530986785888672,0.02799343690276146,0.4662492275238037,0.5555108189582825,0.24069097638130188,0.4482477307319641,0.5596705675125122,0.1177489385008812,0.4622979164123535,0.5500079393386841,0.2535971403121948,0.4439346194267273,0.5548200607299805,0.1265234649181366,0.4614797532558441,0.5680772662162781,0.24427421391010284,0.4445846676826477,0.5817223191261292,0.09885139763355255
0520,./images/190/frame_00520.jpg,Fall,0.5775452256202698,0.4861636757850647,-0.1257714331150055,0.5796583294868469,0.4791260063648224,-0.12356925010681152,0.5798162817955017,0.47862517833709717,-0.12359114736318588,0.5798787474632263,0.47813326120376587,-0.12363908439874649,0.578500509262085,0.4789219796657562,-0.13307002186775208,0.5778746604919434,0.47833672165870667,-0.13310107588768005,0.5770732164382935,0.47754400968551636,-0.13313764333724976,0.5770760178565979,0.47530597448349,-0.09387347102165222,0.5735398530960083,0.4731551706790924,-0.1368587762117386,0.5742707252502441,0.48962610960006714,-0.11185391992330551,0.5726538896560669,0.4881346523761749,-0.12424324452877045,0.567219078540802,0.496139794588089,-0.0521480068564415,0.5517047643661499,0.4869740903377533,-0.139409601688385,0.5656253099441528,0.5432318449020386,-0.051630694419145584,0.5571972727775574,0.5517486333847046,-0.1568155437707901,0.5850586891174316,0.5636688470840454,-0.10261805355548859,0.5851799249649048,0.5703087449073792,-0.16891774535179138,0.5920261144638062,0.567663311958313,-0.11216024309396744,0.5936567187309265,0.5764184594154358,-0.18894734978675842,0.5940890312194824,0.5666431188583374,-0.12398651987314224,0.5958384275436401,0.5711731910705566,-0.18256594240665436,0.5899893045425415,0.5652632117271423,-0.10879366099834442,0.5924776792526245,0.569193959236145,-0.16748955845832825,0.522409200668335,0.5469324588775635,0.027283230796456337,0.5111879706382751,0.5371408462524414,-0.02731662429869175,0.49110665917396545,0.5674073696136475,0.09856182336807251,0.4802612364292145,0.5492303371429443,0.03397844731807709,0.4575592577457428,0.55601966381073,0.19694063067436218,0.4484115540981293,0.5591028332710266,0.12513785064220428,0.4547259211540222,0.5494257807731628,0.2076154202222824,0.44225335121154785,0.5547389388084412,0.1336432695388794,0.4517475962638855,0.5677402019500732,0.1956924945116043,0.44425129890441895,0.5810908675193787,0.10799816995859146
0521,./images/190/frame_00521.jpg,Fall,0.5798784494400024,0.49196484684944153,-0.12426447868347168,0.5815623998641968,0.4857081174850464,-0.12171056121587753,0.5818721055984497,0.4851442873477936,-0.12173380702733994,0.5821934938430786,0.48437026143074036,-0.1217852458357811,0.5797609090805054,0.48520588874816895,-0.13200651109218597,0.5791642069816589,0.4840283691883087,-0.13203170895576477,0.5785629749298096,0.48274490237236023,-0.13205385208129883,0.5803759098052979,0.4790596067905426,-0.09242650866508484,0.5762683153152466,0.47595977783203125,-0.1389005184173584,0.5776241421699524,0.494095116853714,-0.1107993945479393,0.5760268568992615,0.49244391918182373,-0.12415454536676407,0.5700848698616028,0.49969184398651123,-0.058445293456315994,0.5530942678451538,0.4844819903373718,-0.13668254017829895,0.5678595304489136,0.5464353561401367,-0.06192611902952194,0.554203450679779,0.5484896898269653,-0.14952483773231506,0.5862696766853333,0.5646049976348877,-0.12293785810470581,0.5828534364700317,0.5692476630210876,-0.1600869596004486,0.5929021835327148,0.568453848361969,-0.13732588291168213,0.5913985967636108,0.5760890245437622,-0.1795075386762619,0.5943203568458557,0.5662150979042053,-0.14466896653175354,0.593133807182312,0.5705496072769165,-0.17448416352272034,0.5902612805366516,0.5646917819976807,-0.1284245401620865,0.5898532867431641,0.567535400390625,-0.15908315777778625,0.5231209993362427,0.5467426180839539,0.026357069611549377,0.5124765634536743,0.5334357619285583,-0.026443932205438614,0.4935632646083832,0.5650936365127563,0.10245218127965927,0.4807857871055603,0.5467045307159424,0.04342341423034668,0.4633874297142029,0.5561437606811523,0.19470316171646118,0.44860363006591797,0.5592320561408997,0.12791089713573456,0.4593927264213562,0.5511662364006042,0.20454995334148407,0.4426559507846832,0.5560617446899414,0.13571855425834656,0.4578050673007965,0.5732323527336121,0.19148914515972137,0.44387635588645935,0.5809339880943298,0.107723668217659
0522,./images/190/frame_00522.jpg,Fall,0.5813800096511841,0.494048148393631,-0.06729316711425781,0.5833290815353394,0.48772570490837097,-0.06191043183207512,0.5835320949554443,0.48735862970352173,-0.06194576621055603,0.5837578177452087,0.48685574531555176,-0.06199749559164047,0.5822799205780029,0.48614701628685,-0.07378572225570679,0.581859827041626,0.4848938286304474,-0.07379621267318726,0.5814821720123291,0.4835813641548157,-0.07382705807685852,0.5817993879318237,0.4824554920196533,-0.030030157417058945,0.5791311860084534,0.4782128632068634,-0.08371518552303314,0.5789327621459961,0.4969838559627533,-0.054034359753131866,0.5779387354850769,0.49507662653923035,-0.06951078027486801,0.5672906637191772,0.5087830424308777,0.001906373887322843,0.5558014512062073,0.4837503135204315,-0.09711947292089462,0.5628408193588257,0.5514237284660339,-0.005437095183879137,0.554632306098938,0.5483975410461426,-0.11289322376251221,0.5827658772468567,0.5648383498191833,-0.06207473203539848,0.5816065669059753,0.5697392821311951,-0.11500851064920425,0.5894840359687805,0.5666137933731079,-0.07108477503061295,0.5906724333763123,0.5760127305984497,-0.13024702668190002,0.5925778746604919,0.5652031302452087,-0.07668486982584,0.5923519134521484,0.5703369975090027,-0.1252860277891159,0.5889140367507935,0.5642774105072021,-0.06674083322286606,0.5897306203842163,0.5674116611480713,-0.11336445808410645,0.5178824067115784,0.553138792514801,0.027024876326322556,0.5122925639152527,0.537050187587738,-0.027059217914938927,0.48885130882263184,0.5679103136062622,0.06173150613903999,0.4756913185119629,0.5563579201698303,-0.009605774655938148,0.46364229917526245,0.5577471256256104,0.14591114223003387,0.45702433586120605,0.5565292239189148,0.09845493733882904,0.4606708884239197,0.5518112778663635,0.15535396337509155,0.4552467465400696,0.5511217713356018,0.11018843948841095,0.458207905292511,0.5730394124984741,0.1509622037410736,0.45314210653305054,0.5760244131088257,0.10268570482730865
0523,./images/190/frame_00523.jpg,Fall,0.5794793367385864,0.4938270151615143,-0.1070554256439209,0.5822194814682007,0.48955482244491577,-0.10372115671634674,0.5826933979988098,0.48966196179389954,-0.10374686866998672,0.5832696557044983,0.4895952045917511,-0.10380344092845917,0.5809456706047058,0.4868326783180237,-0.11307957023382187,0.5801578760147095,0.4862864911556244,-0.11309821903705597,0.5798561573028564,0.4851665794849396,-0.11311408132314682,0.5828801393508911,0.4849940836429596,-0.07198231667280197,0.5785833597183228,0.47917789220809937,-0.11379841715097427,0.5775444507598877,0.4961757957935333,-0.09291493147611618,0.5761874318122864,0.49378663301467896,-0.10498317331075668,0.5704246759414673,0.5047885179519653,-0.03590060770511627,0.5563637018203735,0.4861348569393158,-0.11619950830936432,0.56343013048172,0.5474104881286621,-0.03891759365797043,0.5556502938270569,0.5487759709358215,-0.13318797945976257,0.5801569819450378,0.5582433342933655,-0.08989174664020538,0.5859581232070923,0.5695320963859558,-0.14115163683891296,0.5860894918441772,0.5568970441818237,-0.10052915662527084,0.5930635333061218,0.5759687423706055,-0.1581108123064041,0.5890600085258484,0.554821252822876,-0.10882425308227539,0.5940257906913757,0.5700059533119202,-0.15331749618053436,0.5859530568122864,0.5551280379295349,-0.09545888006687164,0.5914183259010315,0.5671858191490173,-0.1400013267993927,0.5193120837211609,0.5505322217941284,0.02339637652039528,0.5144032835960388,0.5343856811523438,-0.023387286812067032,0.491108238697052,0.5706943273544312,0.04545974358916283,0.4783165454864502,0.5553866028785706,0.005720821209251881,0.46128734946250916,0.5587613582611084,0.12610550224781036,0.45550575852394104,0.5577813386917114,0.08727995306253433,0.4573199152946472,0.5523948669433594,0.13478553295135498,0.4524518847465515,0.5546686053276062,0.09538374841213226,0.4538615345954895,0.5736476182937622,0.12367905676364899,0.45118874311447144,0.5790056586265564,0.07667042315006256
